{"type":"FeatureCollection","features":[{"type":"Feature","geometry":{"type":"Point","coordinates":[-88.81,37.111]},"properties":{"type":"Project Location","latitude":37.111,"longitude":-88.81}},{"type":"Feature","geometry":{"type":"Polygon","coordinates":[[[-88.80715900499996,37.038528937000024],[-88.80999999999995,37.03849319300008],[-88.81284099499999,37.038528937000024],[-88.81567919299994,37.03863613400006],[-88.81851180299998,37.03881467700006],[-88.82133603699998,37.03906439200006],[-88.82414911499995,37.03938503300003],[-88.82694826899996,37.03977628400003],[-88.82973074399996,37.040237760000025],[-88.83249380199999,37.04076900700005],[-88.83523472199994,37.041369502000066],[-88.83795080599998,37.042038654000066],[-88.84063938199995,37.04277580400003],[-88.84329780099995,37.04358022800005],[-88.84592344599997,37.04445113200006],[-88.84851373199996,37.04538766100006],[-88.85106610799994,37.04638889100005],[-88.85357805899997,37.047453838000024],[-88.85604711199994,37.048581453000054],[-88.85847083299996,37.049770626000054],[-88.86084683499996,37.05102018600007],[-88.86317277599994,37.052328903000046],[-88.86544636199994,37.05369548800007],[-88.86766535399994,37.055118597000046],[-88.86982756099997,37.05659682600003],[-88.87193085299998,37.05812872200005],[-88.87397315299995,37.05971277400005],[-88.87595244699997,37.061347424000076],[-88.87786678199996,37.06303106000007],[-88.87971426599995,37.06476202500005],[-88.88149307699996,37.066538613000034],[-88.88320145599994,37.06835907400006],[-88.88483771499995,37.07022161500004],[-88.88640023699998,37.07212440100005],[-88.88788747699994,37.07406555600005],[-88.88929796299999,37.07604316800007],[-88.89063029999994,37.07805528800003],[-88.89188316799994,37.08009993300004],[-88.89305532499998,37.08217508700005],[-88.89414560999995,37.08427870500003],[-88.89515294099994,37.086408713000026],[-88.89607631799998,37.088563012000066],[-88.89691482299997,37.09073947600007],[-88.89766762199997,37.092935960000034],[-88.89833396599994,37.09515029900007],[-88.89891318999997,37.09738030700004],[-88.89940471399996,37.09962378600005],[-88.89980804599998,37.10187852300004],[-88.90012278099994,37.10414229300005],[-88.90034859899998,37.10641286300006],[-88.90048527099998,37.108687993000046],[-88.90053265299997,37.11096543700006],[-88.90049068999997,37.11324294900004],[-88.90035941699995,37.11551828100005],[-88.90013895399994,37.11778918600004],[-88.89982951099995,37.12005342400005],[-88.89943138499996,37.12230875900008],[-88.89894496299996,37.12455296400003],[-88.89837071599999,37.12678382300004],[-88.89770920299998,37.12899913500007],[-88.89696107099996,37.13119671000004],[-88.89612704999996,37.13337437900003],[-88.89520795699997,37.135529991000055],[-88.89420469399994,37.13766141700006],[-88.89311824299995,37.13976655000005],[-88.89194967099996,37.14184331200005],[-88.89070012699995,37.14388965100005],[-88.88937083799999,37.14590354300003],[-88.88796311199997,37.147883000000036],[-88.88647833399995,37.14982606500007],[-88.88491796499994,37.15173081800003],[-88.88328354199996,37.153595376000055],[-88.88157667599995,37.15541789500003],[-88.87979904799994,37.15719657500006],[-88.87795241199996,37.158929657000044],[-88.87603858799997,37.16061542700004],[-88.87405946399997,37.16225221900004],[-88.87201699299999,37.163838414000054],[-88.86991319099997,37.165372443000024],[-88.86775013599998,37.166852789000075],[-88.86552996199998,37.168277989000046],[-88.86325486199996,37.16964663300007],[-88.86092708499996,37.17095736700003],[-88.85854892999998,37.17220889400005],[-88.85612274699997,37.17339997700003],[-88.85365093399997,37.17452943700005],[-88.85113593499995,37.17559615600004],[-88.84858023599998,37.176599080000074],[-88.84598636399994,37.177537216000076],[-88.84335688499993,37.178409636000026],[-88.84069439799998,37.17921547700007],[-88.83800153899995,37.179953941000065],[-88.83528096899994,37.180624298000055],[-88.83253538199995,37.18122588400007],[-88.82976749399995,37.18175810400004],[-88.82698004299993,37.182220431000076],[-88.82417578699994,37.18261240800007],[-88.82135750199996,37.18293364700003],[-88.81852797699997,37.183183830000075],[-88.81569001099996,37.18336270900005],[-88.81284641399998,37.18347010700006],[-88.80999999999995,37.18350591800004],[-88.80715358599997,37.18347010700006],[-88.80430998899999,37.18336270900005],[-88.80147202299997,37.183183830000075],[-88.79864249799994,37.18293364700003],[-88.79582421299995,37.18261240800007],[-88.79301995699996,37.182220431000076],[-88.79023250599994,37.18175810400004],[-88.78746461799994,37.18122588400007],[-88.78471903099995,37.180624298000055],[-88.78199846099994,37.179953941000065],[-88.77930560199997,37.17921547700007],[-88.77664311499996,37.178409636000026],[-88.77401363599995,37.177537216000076],[-88.77141976399997,37.176599080000074],[-88.76886406499995,37.17559615600004],[-88.76634906599998,37.17452943700005],[-88.76387725299998,37.17339997700003],[-88.76145106999996,37.17220889400005],[-88.75907291499999,37.17095736700003],[-88.75674513799999,37.16964663300007],[-88.75447003799997,37.168277989000046],[-88.75224986399996,37.166852789000075],[-88.75008680899998,37.165372443000024],[-88.74798300699996,37.163838414000054],[-88.74594053599998,37.16225221900004],[-88.74396141199998,37.16061542700004],[-88.74204758799999,37.158929657000044],[-88.74020095199995,37.15719657500006],[-88.73842332399994,37.15541789500003],[-88.73671645799999,37.153595376000055],[-88.73508203499995,37.15173081800003],[-88.73352166599994,37.14982606500007],[-88.73203688799998,37.147883000000036],[-88.73062916199996,37.14590354300003],[-88.72929987299995,37.14388965100005],[-88.72805032899998,37.14184331200005],[-88.72688175699994,37.13976655000005],[-88.72579530599995,37.13766141700006],[-88.72479204299998,37.135529991000055],[-88.72387294999999,37.13337437900003],[-88.72303892899998,37.13119671000004],[-88.72229079699997,37.12899913500007],[-88.72162928399996,37.12678382300004],[-88.72105503699999,37.12455296400003],[-88.72056861499999,37.12230875900008],[-88.72017048899994,37.12005342400005],[-88.71986104599995,37.11778918600004],[-88.71964058299994,37.11551828100005],[-88.71950930999998,37.11324294900004],[-88.71946734699998,37.11096543700006],[-88.71951472899997,37.108687993000046],[-88.71965140099996,37.10641286300006],[-88.71987721899995,37.10414229300005],[-88.72019195399997,37.10187852300004],[-88.72059528599999,37.09962378600005],[-88.72108680999997,37.09738030700004],[-88.72166603399995,37.09515029900007],[-88.72233237799998,37.092935960000034],[-88.72308517699997,37.09073947600007],[-88.72392368199996,37.088563012000066],[-88.72484705899996,37.086408713000026],[-88.72585438999994,37.08427870500003],[-88.72694467499997,37.08217508700005],[-88.72811683199996,37.08009993300004],[-88.72936969999995,37.07805528800003],[-88.73070203699996,37.07604316800007],[-88.73211252299996,37.07406555600005],[-88.73359976299997,37.07212440100005],[-88.73516228499994,37.07022161500004],[-88.73679854399995,37.06835907400006],[-88.73850692299999,37.066538613000034],[-88.74028573399994,37.06476202500005],[-88.74213321799994,37.06303106000007],[-88.74404755299997,37.061347424000076],[-88.74602684699994,37.05971277400005],[-88.74806914699997,37.05812872200005],[-88.75017243899998,37.05659682600003],[-88.75233464599995,37.055118597000046],[-88.75455363799995,37.05369548800007],[-88.75682722399995,37.052328903000046],[-88.75915316499999,37.05102018600007],[-88.76152916699994,37.049770626000054],[-88.76395288799995,37.048581453000054],[-88.76642194099998,37.047453838000024],[-88.76893389199995,37.04638889100005],[-88.77148626799999,37.04538766100006],[-88.77407655399998,37.04445113200006],[-88.77670219899994,37.04358022800005],[-88.77936061799994,37.04277580400003],[-88.78204919399997,37.042038654000066],[-88.78476527799995,37.041369502000066],[-88.78750619799996,37.04076900700005],[-88.79026925599999,37.040237760000025],[-88.79305173099993,37.03977628400003],[-88.79585088499994,37.03938503300003],[-88.79866396299997,37.03906439200006],[-88.80148819699997,37.03881467700006],[-88.80432080699995,37.03863613400006],[-88.80715900499996,37.038528937000024]]]},"properties":{"type":"Region of Interest","buffer_miles":5.0,"center_lat":37.111,"center_lon":-88.81}},{"type":"Feature","geometry":{"type":"MultiPolygon","coordinates":[[[[-88.9489,37.2317],[-88.9194,37.2277],[-88.8728,37.2145],[-88.8024,37.1896],[-88.7302,37.148],[-88.6926,37.1437],[-88.6136,37.1175],[-88.5803,37.0951],[-88.5789,37.0921],[-88.5867,37.0844],[-88.5785,37.0716],[-88.5678,37.0715],[-88.5542,37.0646],[-88.5111,37.0274],[-88.4892,37.0243],[-88.4737,37.0267],[-88.4532,37.035],[-88.4345,37.0501],[-88.3648,37.0667],[-88.3373,37.0631],[-88.3083,37.0522],[-88.2884,37.0313],[-88.2664,37.0157],[-88.2739,37.0117],[-88.3116,37.0482],[-88.3392,37.0585],[-88.3652,37.0619],[-88.3855,37.0547],[-88.432,37.0457],[-88.4496,37.0312],[-88.4719,37.0222],[-88.4893,37.0196],[-88.5135,37.023],[-88.558,37.0609],[-88.5826,37.0682],[-88.5948,37.0881],[-88.6091,37.098],[-88.695,37.1281],[-88.7381,37.1341],[-88.8107,37.1758],[-88.8788,37.2],[-88.9288,37.2138],[-88.9639,37.2162],[-88.9978,37.2112],[-89.022,37.1996],[-89.0544,37.1756],[-89.0675,37.1866],[-89.0231,37.2178],[-88.9905,37.229],[-88.9489,37.2317]]],[[[-90.5903,32.4404],[-90.5956,32.4409],[-90.5995,32.4354],[-90.5995,32.424],[-90.6065,32.4149],[-90.6133,32.4129],[-90.6115,32.4084],[-90.6155,32.4089],[-90.6153,32.3965],[-90.6192,32.3962],[-90.6174,32.3924],[-90.6254,32.3872],[-90.6229,32.3823],[-90.6275,32.3769],[-90.6357,32.3747],[-90.6268,32.3433],[-90.6279,32.3387],[-90.6823,32.3526],[-90.6901,32.3504],[-90.6927,32.3539],[-90.6962,32.3476],[-90.7044,32.3468],[-90.7076,32.3384],[-90.6982,32.3325],[-90.7055,32.3237],[-90.702,32.3202],[-90.7057,32.3136],[-90.6968,32.3107],[-90.7005,32.3076],[-90.6956,32.3045],[-90.6988,32.3023],[-90.695,32.2968],[-90.701,32.2964],[-90.7046,32.2894],[-90.7033,32.286],[-90.7072,32.2858],[-90.7066,32.2818],[-90.7137,32.279],[-90.715,32.2749],[-90.7199,32.2773],[-90.7165,32.2706],[-90.7205,32.2688],[-90.7162,32.264],[-90.7132,32.2517],[-90.7269,32.2406],[-90.7271,32.2366],[-90.7277,32.2411],[-90.7141,32.2518],[-90.7171,32.2637],[-90.7215,32.2686],[-90.7174,32.2707],[-90.7208,32.2777],[-90.7156,32.2756],[-90.7143,32.2796],[-90.7074,32.2822],[-90.708,32.2863],[-90.7039,32.2867],[-90.7079,32.2914],[-90.7037,32.2903],[-90.7017,32.297],[-90.6959,32.297],[-90.6997,32.3022],[-90.6964,32.3041],[-90.7015,32.3075],[-90.6976,32.3103],[-90.7066,32.3133],[-90.703,32.3202],[-90.7065,32.3239],[-90.6992,32.3325],[-90.7085,32.3381],[-90.7052,32.3473],[-90.6968,32.3483],[-90.6926,32.3547],[-90.6898,32.3512],[-90.6821,32.3533],[-90.6286,32.3393],[-90.6366,32.375],[-90.6281,32.3776],[-90.6237,32.3827],[-90.6263,32.3875],[-90.6183,32.3928],[-90.6199,32.3968],[-90.6162,32.3968],[-90.6165,32.4091],[-90.6125,32.4085],[-90.6142,32.4132],[-90.6071,32.4155],[-90.6004,32.4244],[-90.6002,32.436],[-90.5963,32.4415],[-90.5925,32.4397],[-90.587,32.4452],[-90.5911,32.4476],[-90.5861,32.4453],[-90.5903,32.4404]],[[-90.7068,32.2907],[-90.707,32.2906],[-90.7062,32.2903],[-90.7068,32.2907]]],[[[-90.5342,33.6326],[-90.546,33.6309],[-90.5446,33.6264],[-90.5389,33.6266],[-90.5367,33.6297],[-90.5341,33.6264],[-90.5447,33.6131],[-90.538,33.6106],[-90.5413,33.6079],[-90.5356,33.6044],[-90.5382,33.5961],[-90.533,33.5951],[-90.5287,33.5871],[-90.5439,33.5904],[-90.5427,33.5832],[-90.55,33.5778],[-90.5487,33.5741],[-90.5525,33.5714],[-90.5395,33.5683],[-90.5449,33.5639],[-90.5417,33.5575],[-90.5436,33.5438],[-90.5393,33.5436],[-90.5388,33.5406],[-90.5424,33.5393],[-90.5475,33.5425],[-90.5473,33.5365],[-90.5518,33.5306],[-90.5576,33.533],[-90.5556,33.5364],[-90.5588,33.5373],[-90.5677,33.5348],[-90.5592,33.5289],[-90.5723,33.5231],[-90.5776,33.5229],[-90.5825,33.5278],[-90.5823,33.5238],[-90.5933,33.5242],[-90.5944,33.5199],[-90.5987,33.5217],[-90.602,33.513],[-90.6068,33.5128],[-90.6082,33.5161],[-90.6162,33.5081],[-90.6109,33.5046],[-90.6169,33.5003],[-90.6195,33.5053],[-90.6282,33.4996],[-90.6315,33.5043],[-90.6335,33.5026],[-90.6328,33.4997],[-90.619,33.4941],[-90.6234,33.4907],[-90.6199,33.4846],[-90.6102,33.4862],[-90.6086,33.4918],[-90.5906,33.4916],[-90.5913,33.4842],[-90.5766,33.4778],[-90.5751,33.4737],[-90.5652,33.4674],[-90.5758,33.4731],[-90.5772,33.4772],[-90.592,33.4836],[-90.5911,33.4909],[-90.6084,33.491],[-90.6096,33.4855],[-90.6204,33.4839],[-90.6244,33.4907],[-90.6198,33.4935],[-90.6336,33.4992],[-90.6327,33.5051],[-90.6283,33.5004],[-90.6192,33.506],[-90.6173,33.501],[-90.6119,33.5046],[-90.617,33.506],[-90.6169,33.5086],[-90.6085,33.5169],[-90.6027,33.5136],[-90.5992,33.5224],[-90.5945,33.5208],[-90.5936,33.5249],[-90.5827,33.5245],[-90.5826,33.5286],[-90.5771,33.5236],[-90.5726,33.5239],[-90.5602,33.5291],[-90.5687,33.5322],[-90.5682,33.5355],[-90.5585,33.5381],[-90.5521,33.5314],[-90.5482,33.5431],[-90.5396,33.541],[-90.5446,33.5436],[-90.5427,33.5575],[-90.5458,33.5638],[-90.5404,33.5681],[-90.5535,33.5714],[-90.5496,33.5743],[-90.5508,33.5783],[-90.5436,33.5835],[-90.5445,33.591],[-90.5296,33.5873],[-90.5337,33.5946],[-90.5391,33.5958],[-90.5365,33.6043],[-90.5422,33.608],[-90.5389,33.6103],[-90.5439,33.61],[-90.5457,33.6131],[-90.5351,33.626],[-90.5367,33.6289],[-90.5385,33.6259],[-90.5443,33.6255],[-90.5472,33.6289],[-90.5454,33.6324],[-90.5364,33.6323],[-90.5338,33.635],[-90.5368,33.6418],[-90.5323,33.6463],[-90.537,33.652],[-90.5313,33.6464],[-90.5359,33.6418],[-90.532,33.6381],[-90.5342,33.6326]]],[[[-92.8821,33.7945],[-92.8742,33.7965],[-92.8633,33.7921],[-92.8568,33.7862],[-92.855,33.7799],[-92.8633,33.7706],[-92.8665,33.7722],[-92.8671,33.7808],[-92.8747,33.7791],[-92.8797,33.772],[-92.8752,33.7627],[-92.8762,33.7567],[-92.8834,33.753],[-92.8903,33.756],[-92.904,33.7479],[-92.8989,33.7417],[-92.8998,33.7327],[-92.8939,33.7242],[-92.8865,33.7245],[-92.8822,33.7205],[-92.8849,33.7155],[-92.8914,33.7132],[-92.8917,33.7052],[-92.8865,33.6999],[-92.8871,33.6938],[-92.8778,33.6747],[-92.8597,33.661],[-92.8537,33.6444],[-92.8454,33.6491],[-92.8379,33.6448],[-92.8433,33.6351],[-92.8408,33.6295],[-92.8313,33.6235],[-92.8396,33.6201],[-92.8425,33.6147],[-92.8281,33.6152],[-92.8301,33.6063],[-92.8359,33.609],[-92.8333,33.6029],[-92.8227,33.6013],[-92.8187,33.5963],[-92.835,33.6022],[-92.8378,33.6095],[-92.8339,33.6115],[-92.8315,33.6074],[-92.8294,33.614],[-92.8412,33.6119],[-92.8444,33.6142],[-92.8411,33.6212],[-92.8332,33.6239],[-92.842,33.6281],[-92.8451,33.6346],[-92.8396,33.644],[-92.8453,33.6474],[-92.8501,33.6425],[-92.8549,33.6431],[-92.8613,33.6542],[-92.8613,33.6601],[-92.8698,33.6689],[-92.8781,33.6722],[-92.8849,33.6835],[-92.8883,33.6994],[-92.8939,33.7074],[-92.8928,33.7144],[-92.8843,33.7206],[-92.8883,33.7231],[-92.8971,33.7192],[-92.8998,33.7211],[-92.9002,33.7241],[-92.8959,33.7264],[-92.9016,33.7322],[-92.9007,33.7385],[-92.9055,33.749],[-92.8911,33.7574],[-92.8836,33.7546],[-92.8778,33.7576],[-92.8817,33.7724],[-92.8758,33.7804],[-92.8659,33.7821],[-92.8634,33.7722],[-92.8572,33.7788],[-92.8576,33.784],[-92.8629,33.7899],[-92.8854,33.7939],[-92.8959,33.802],[-92.897,33.8066],[-92.8821,33.7945]],[[-92.8753,33.7939],[-92.873,33.7937],[-92.8744,33.7949],[-92.8753,33.7939]],[[-92.8977,33.7211],[-92.8957,33.7229],[-92.8978,33.7219],[-92.8977,33.7211]]],[[[-92.1557,33.8472],[-92.1514,33.8373],[-92.1401,33.8341],[-92.1366,33.8309],[-92.1377,33.8277],[-92.1328,33.83],[-92.1274,33.8393],[-92.1176,33.8392],[-92.1057,33.8196],[-92.09,33.8173],[-92.0804,33.8098],[-92.0884,33.8059],[-92.0719,33.8009],[-92.0703,33.7966],[-92.074,33.7908],[-92.0696,33.7894],[-92.0611,33.7748],[-92.0688,33.7676],[-92.064,33.7641],[-92.0597,33.7662],[-92.0562,33.7625],[-92.0599,33.7603],[-92.0547,33.7523],[-92.0593,33.7496],[-92.0587,33.7443],[-92.0537,33.7417],[-92.0573,33.7361],[-92.0502,33.7331],[-92.042,33.7245],[-92.0425,33.7218],[-92.0374,33.7238],[-92.0382,33.7196],[-92.0441,33.7173],[-92.0353,33.7045],[-92.0288,33.7052],[-92.0232,33.6945],[-92.0199,33.6983],[-92.0077,33.6879],[-92.0063,33.683],[-92.0107,33.685],[-92.0106,33.683],[-92.005,33.6781],[-92.011,33.6749],[-92.0065,33.6738],[-92.0037,33.6528],[-91.9957,33.6546],[-91.991,33.651],[-91.9915,33.6448],[-91.988,33.6424],[-92.0023,33.6162],[-92.0122,33.6183],[-92.0099,33.6152],[-92.0134,33.612],[-92.0087,33.6103],[-92.0106,33.6069],[-92.0041,33.6004],[-92.0048,33.5954],[-92.0131,33.59],[-92.0215,33.5894],[-92.0353,33.5713],[-92.0404,33.5706],[-92.0363,33.5646],[-92.0248,33.5653],[-92.0262,33.5593],[-92.0219,33.5554],[-92.026,33.5533],[-92.0219,33.5474],[-92.0155,33.5508],[-92.0098,33.5474],[-92.0089,33.5439],[-92.0131,33.5423],[-92.0075,33.5362],[-92.009,33.5244],[-92.0034,33.5192],[-92.0048,33.5163],[-91.9987,33.5152],[-92.006,33.5111],[-91.9999,33.5083],[-91.9984,33.5001],[-92.0075,33.4939],[-92.0084,33.4865],[-91.9996,33.473],[-92.0085,33.4672],[-92.0151,33.4563],[-92.0112,33.4465],[-91.9953,33.442],[-91.9916,33.4362],[-92,33.4267],[-91.9984,33.4211],[-92.0014,33.4155],[-91.9885,33.3966],[-91.9864,33.3875],[-91.9745,33.3857],[-91.9592,33.3784],[-91.9692,33.3685],[-91.9662,33.3576],[-91.9711,33.3498],[-91.9823,33.3452],[-91.9889,33.3476],[-91.973,33.3201],[-91.976,33.3173],[-91.9741,33.3127],[-91.9776,33.3107],[-91.9749,33.3067],[-91.9773,33.3012],[-91.982,33.2976],[-91.989,33.2999],[-91.9945,33.2974],[-91.9971,33.299],[-91.9924,33.3012],[-91.9958,33.3027],[-91.994,33.304],[-92.0004,33.3037],[-92.0087,33.2968],[-92.0005,33.2866],[-92.0039,33.2831],[-92.0073,33.2816],[-92.0104,33.2845],[-92.0261,33.274],[-92.0309,33.2824],[-92.0418,33.2779],[-92.036,33.2679],[-92.0376,33.2654],[-92.0436,33.2673],[-92.0479,33.2631],[-92.0444,33.2573],[-92.0491,33.2632],[-92.0369,33.2707],[-92.0402,33.2715],[-92.0424,33.2786],[-92.0305,33.2832],[-92.0263,33.2749],[-92.0109,33.2853],[-92.0046,33.2838],[-92.0015,33.2863],[-92.0098,33.297],[-92.0008,33.3046],[-91.9931,33.3046],[-91.9913,33.3011],[-91.9944,33.2983],[-91.9887,33.3009],[-91.9823,33.2984],[-91.9785,33.3014],[-91.976,33.3067],[-91.9787,33.3109],[-91.9751,33.313],[-91.9771,33.3174],[-91.9741,33.32],[-91.9769,33.3279],[-91.9877,33.3398],[-91.99,33.3478],[-91.9825,33.3461],[-91.9719,33.3504],[-91.9673,33.3577],[-91.9702,33.3688],[-91.9603,33.3784],[-91.9872,33.3868],[-91.9895,33.3963],[-92.0024,33.4152],[-91.9994,33.4212],[-92.001,33.427],[-91.9926,33.436],[-91.9958,33.4412],[-92.012,33.4458],[-92.0161,33.4563],[-92.0095,33.4676],[-92.0006,33.4732],[-92.0095,33.4864],[-92.0084,33.4944],[-91.9995,33.5002],[-92.0008,33.5078],[-92.0071,33.5114],[-91.9998,33.515],[-92.0056,33.5156],[-92.0044,33.5188],[-92.0101,33.5242],[-92.0086,33.536],[-92.013,33.5378],[-92.0142,33.5423],[-92.0098,33.5443],[-92.0107,33.547],[-92.0154,33.5499],[-92.0225,33.5467],[-92.027,33.5532],[-92.023,33.5556],[-92.0273,33.5591],[-92.0257,33.5648],[-92.0301,33.5622],[-92.0373,33.5639],[-92.0415,33.5704],[-92.0361,33.5719],[-92.0222,33.59],[-92.0135,33.5908],[-92.0058,33.5958],[-92.0051,33.6001],[-92.0116,33.6067],[-92.0096,33.6099],[-92.0145,33.6118],[-92.0109,33.6153],[-92.0132,33.6185],[-92.0095,33.6201],[-92.0031,33.6168],[-91.9891,33.6421],[-91.9963,33.6539],[-91.9976,33.6513],[-92.0047,33.6524],[-92.0076,33.6736],[-92.0121,33.6747],[-92.0061,33.6783],[-92.0117,33.6828],[-92.0109,33.6859],[-92.0072,33.6835],[-92.0086,33.6874],[-92.0204,33.6975],[-92.021,33.6938],[-92.024,33.6939],[-92.0294,33.7045],[-92.0361,33.7039],[-92.0452,33.7172],[-92.0383,33.7234],[-92.0432,33.7211],[-92.051,33.7326],[-92.0583,33.7357],[-92.0548,33.7416],[-92.0597,33.7438],[-92.0604,33.7498],[-92.0558,33.7521],[-92.061,33.7605],[-92.0572,33.7624],[-92.0698,33.7673],[-92.0622,33.7748],[-92.0705,33.7889],[-92.075,33.7905],[-92.0714,33.7964],[-92.0734,33.8011],[-92.0781,33.7999],[-92.0798,33.8038],[-92.0828,33.8016],[-92.0892,33.8052],[-92.0815,33.8096],[-92.0906,33.8165],[-92.1061,33.8187],[-92.1182,33.8384],[-92.1238,33.8364],[-92.1269,33.8385],[-92.132,33.8294],[-92.138,33.8268],[-92.1408,33.8334],[-92.1523,33.8368],[-92.1548,33.8461],[-92.16,33.8499],[-92.1557,33.8472]],[[-91.9946,33.3031],[-91.9948,33.303],[-91.9943,33.3031],[-91.9946,33.3031]],[[-92.0377,33.268],[-92.0404,33.2662],[-92.038,33.2663],[-92.0377,33.268]]],[[[-94.9347,34.0063],[-94.9479,34.0014],[-94.9472,33.9929],[-94.9528,33.9915],[-94.9435,33.9871],[-94.9393,33.9814],[-94.9302,33.9835],[-94.9324,33.9769],[-94.9207,33.9659],[-94.9151,33.9693],[-94.9066,33.9677],[-94.8997,33.9616],[-94.9018,33.9571],[-94.8928,33.9547],[-94.8864,33.9576],[-94.885,33.9553],[-94.8884,33.9516],[-94.8763,33.9484],[-94.8743,33.9524],[-94.8571,33.9551],[-94.8556,33.951],[-94.8604,33.9459],[-94.8512,33.9494],[-94.8363,33.9497],[-94.832,33.9535],[-94.8295,33.9422],[-94.8314,33.9377],[-94.8256,33.9348],[-94.8208,33.9364],[-94.8157,33.9324],[-94.8138,33.9344],[-94.8208,33.9394],[-94.8186,33.9422],[-94.8082,33.9406],[-94.8048,33.9367],[-94.801,33.9395],[-94.7996,33.9349],[-94.794,33.9411],[-94.7917,33.934],[-94.7853,33.9325],[-94.7874,33.9376],[-94.7842,33.9413],[-94.7792,33.9352],[-94.7732,33.9405],[-94.766,33.9392],[-94.7639,33.9442],[-94.7579,33.9418],[-94.7527,33.9441],[-94.7458,33.9401],[-94.7469,33.9456],[-94.7412,33.9465],[-94.7376,33.9426],[-94.7355,33.9481],[-94.7303,33.95],[-94.7256,33.9475],[-94.7219,33.9491],[-94.7252,33.9427],[-94.7178,33.9372],[-94.7131,33.9396],[-94.7112,33.9325],[-94.7085,33.9373],[-94.7003,33.9371],[-94.6898,33.945],[-94.6819,33.9458],[-94.6757,33.9429],[-94.6666,33.9449],[-94.66,33.9511],[-94.6546,33.9519],[-94.6508,33.9577],[-94.6429,33.9535],[-94.6471,33.9485],[-94.6348,33.9481],[-94.6306,33.9445],[-94.6215,33.945],[-94.6179,33.9483],[-94.6189,33.941],[-94.6159,33.9388],[-94.6151,33.943],[-94.5966,33.9548],[-94.5854,33.9549],[-94.5735,33.9487],[-94.5568,33.9507],[-94.5542,33.9481],[-94.5567,33.9446],[-94.5539,33.9428],[-94.5396,33.9445],[-94.5322,33.9571],[-94.5198,33.9582],[-94.5132,33.9538],[-94.5194,33.9475],[-94.503,33.9317],[-94.4965,33.9299],[-94.4856,33.9358],[-94.4828,33.9418],[-94.4727,33.9402],[-94.4733,33.9439],[-94.4656,33.945],[-94.4602,33.9372],[-94.4487,33.9294],[-94.4317,33.9326],[-94.4256,33.9284],[-94.398,33.9243],[-94.394,33.9182],[-94.3866,33.9195],[-94.384,33.9114],[-94.3895,33.8962],[-94.361,33.8868],[-94.3666,33.8805],[-94.3731,33.8817],[-94.3723,33.878],[-94.3386,33.8826],[-94.3336,33.8774],[-94.3388,33.8711],[-94.3346,33.8618],[-94.3239,33.8639],[-94.3188,33.8612],[-94.3264,33.8541],[-94.3166,33.8566],[-94.3118,33.8532],[-94.3016,33.8531],[-94.3017,33.8463],[-94.3055,33.8427],[-94.3047,33.8341],[-94.2952,33.8284],[-94.2969,33.8249],[-94.3033,33.825],[-94.3027,33.8217],[-94.2936,33.8239],[-94.2865,33.8303],[-94.2813,33.8302],[-94.2676,33.8174],[-94.2615,33.8201],[-94.2571,33.8173],[-94.251,33.8185],[-94.2504,33.8122],[-94.2387,33.8081],[-94.2367,33.8019],[-94.2286,33.8017],[-94.2299,33.8085],[-94.2212,33.8169],[-94.2176,33.8151],[-94.2154,33.8027],[-94.2095,33.8084],[-94.1865,33.8123],[-94.1821,33.8077],[-94.1864,33.8034],[-94.1844,33.7938],[-94.189,33.7864],[-94.1702,33.7895],[-94.175,33.7941],[-94.1705,33.7961],[-94.1601,33.7835],[-94.1529,33.7854],[-94.1486,33.7829],[-94.1593,33.7822],[-94.1652,33.7864],[-94.1703,33.7831],[-94.1707,33.7884],[-94.1747,33.7894],[-94.1852,33.7847],[-94.1898,33.7857],[-94.1907,33.7893],[-94.1856,33.7943],[-94.1878,33.803],[-94.1833,33.8077],[-94.1879,33.8116],[-94.2099,33.8071],[-94.2156,33.8017],[-94.2184,33.8032],[-94.2185,33.8143],[-94.2209,33.816],[-94.2287,33.8082],[-94.2277,33.8011],[-94.2368,33.8009],[-94.2395,33.8074],[-94.2514,33.8117],[-94.2517,33.8177],[-94.2573,33.8164],[-94.2615,33.8191],[-94.2681,33.8165],[-94.2817,33.8292],[-94.3032,33.8208],[-94.3048,33.8251],[-94.2978,33.8256],[-94.2964,33.8285],[-94.3059,33.8339],[-94.3067,33.8429],[-94.3028,33.8466],[-94.3026,33.8525],[-94.312,33.8523],[-94.3167,33.8556],[-94.3271,33.8534],[-94.3274,33.8566],[-94.3199,33.8608],[-94.3355,33.8611],[-94.34,33.8712],[-94.3348,33.8773],[-94.3391,33.8816],[-94.3565,33.8772],[-94.3732,33.8773],[-94.3739,33.8824],[-94.3674,33.8813],[-94.3621,33.8866],[-94.3905,33.8956],[-94.3852,33.9116],[-94.3874,33.9188],[-94.3943,33.9173],[-94.3978,33.9221],[-94.4259,33.9275],[-94.432,33.9316],[-94.4491,33.9285],[-94.4612,33.9365],[-94.466,33.9441],[-94.4744,33.9386],[-94.4822,33.941],[-94.4848,33.9351],[-94.4967,33.9289],[-94.5037,33.9309],[-94.5204,33.9469],[-94.5143,33.9531],[-94.5201,33.9573],[-94.5315,33.9564],[-94.5391,33.9436],[-94.5538,33.9418],[-94.5628,33.9483],[-94.5736,33.9477],[-94.5858,33.9539],[-94.5964,33.9538],[-94.6143,33.9423],[-94.616,33.9378],[-94.6201,33.9409],[-94.6185,33.9475],[-94.621,33.944],[-94.6306,33.9435],[-94.6351,33.9472],[-94.6475,33.9476],[-94.644,33.9532],[-94.6508,33.9567],[-94.6533,33.9516],[-94.666,33.944],[-94.6756,33.9419],[-94.6895,33.944],[-94.6998,33.9362],[-94.7078,33.9365],[-94.7108,33.9315],[-94.7137,33.9387],[-94.7183,33.9362],[-94.7262,33.9422],[-94.7227,33.9484],[-94.7257,33.9465],[-94.7303,33.949],[-94.7346,33.9474],[-94.7372,33.9416],[-94.7417,33.9456],[-94.7462,33.9448],[-94.7455,33.9392],[-94.753,33.9431],[-94.7579,33.9408],[-94.7638,33.9433],[-94.7651,33.9384],[-94.7727,33.9396],[-94.7792,33.9342],[-94.784,33.9402],[-94.7851,33.9315],[-94.7925,33.9333],[-94.7944,33.9402],[-94.8,33.9339],[-94.8015,33.9385],[-94.805,33.9357],[-94.8086,33.9397],[-94.8184,33.9412],[-94.8124,33.9343],[-94.8158,33.9314],[-94.8214,33.9355],[-94.8259,33.9338],[-94.8323,33.9371],[-94.8324,33.9525],[-94.8359,33.9488],[-94.8419,33.9499],[-94.8608,33.9449],[-94.8576,33.9542],[-94.8727,33.9517],[-94.8765,33.9474],[-94.8893,33.951],[-94.8868,33.9567],[-94.8927,33.9537],[-94.9026,33.9564],[-94.9008,33.9612],[-94.9071,33.9668],[-94.915,33.9683],[-94.9214,33.9651],[-94.9358,33.9781],[-94.9347,33.9802],[-94.9409,33.981],[-94.9443,33.9864],[-94.954,33.9913],[-94.9483,33.9933],[-94.9488,34.0021],[-94.9356,34.0071],[-94.9383,34.019],[-94.9347,34.0063]],[[-94.9335,33.9805],[-94.9333,33.9777],[-94.9312,33.9797],[-94.9311,33.9828],[-94.9335,33.9805]],[[-94.5578,33.9457],[-94.5562,33.9493],[-94.5628,33.9493],[-94.5578,33.9457]],[[-94.4763,33.9395],[-94.4776,33.9407],[-94.4786,33.9409],[-94.4763,33.9395]],[[-94.4692,33.9438],[-94.4698,33.9443],[-94.4713,33.9409],[-94.4692,33.9438]],[[-94.4711,33.9438],[-94.4724,33.9432],[-94.472,33.9423],[-94.4711,33.9438]],[[-94.4552,33.9336],[-94.4553,33.9342],[-94.4558,33.9339],[-94.4552,33.9336]],[[-94.3982,33.9232],[-94.3983,33.9234],[-94.3986,33.9233],[-94.3982,33.9232]],[[-94.17,33.784],[-94.1645,33.7873],[-94.1716,33.7952],[-94.1738,33.7938],[-94.169,33.7903],[-94.17,33.784]]],[[[-94.2896,33.8278],[-94.2902,33.8273],[-94.291,33.8261],[-94.2896,33.8278]]],[[[-92.9419,34.2455],[-92.9452,34.243],[-92.9509,34.2446],[-92.9509,34.2409],[-92.9568,34.2405],[-92.9626,34.2218],[-92.9743,34.2239],[-92.9788,34.221],[-92.9817,34.2129],[-92.9953,34.2153],[-93.0047,34.2041],[-93.0352,34.1952],[-93.0385,34.1847],[-93.0438,34.181],[-93.0363,34.1964],[-93.0056,34.2053],[-92.9997,34.2147],[-92.9945,34.217],[-92.9846,34.2153],[-92.9827,34.2204],[-92.975,34.2252],[-92.9656,34.2237],[-92.9592,34.2468],[-92.9441,34.2455],[-92.9313,34.2583],[-92.9287,34.2696],[-92.9265,34.2678],[-92.9298,34.2577],[-92.9419,34.2455]],[[-92.9574,34.2462],[-92.9579,34.2417],[-92.9517,34.2423],[-92.9574,34.2462]],[[-92.9821,34.2166],[-92.98,34.2177],[-92.9806,34.2196],[-92.9821,34.2166]],[[-92.9997,34.212],[-92.9996,34.2122],[-92.9996,34.2123],[-92.9997,34.212]],[[-92.9826,34.2143],[-92.9822,34.2143],[-92.9817,34.2147],[-92.9826,34.2143]]],[[[-91.305,34.6568],[-91.3147,34.6542],[-91.3123,34.6448],[-91.315,34.641],[-91.3321,34.6367],[-91.3401,34.6181],[-91.3283,34.6064],[-91.3043,34.5987],[-91.3075,34.5842],[-91.3046,34.5804],[-91.2985,34.5814],[-91.2949,34.5926],[-91.2854,34.5895],[-91.2854,34.5836],[-91.2915,34.5761],[-91.2919,34.5442],[-91.2996,34.5337],[-91.2592,34.5271],[-91.2596,34.5134],[-91.2655,34.5041],[-91.2502,34.503],[-91.2491,34.4988],[-91.2539,34.4923],[-91.2514,34.4883],[-91.2394,34.4888],[-91.2275,34.4804],[-91.2182,34.4886],[-91.2089,34.4848],[-91.2077,34.4798],[-91.2215,34.463],[-91.2103,34.4613],[-91.2047,34.4544],[-91.2111,34.449],[-91.2195,34.4532],[-91.217,34.4436],[-91.2025,34.4468],[-91.1911,34.4408],[-91.1819,34.4521],[-91.1741,34.4519],[-91.1678,34.4395],[-91.1685,34.4339],[-91.1647,34.437],[-91.1592,34.4358],[-91.1576,34.4265],[-91.1513,34.4201],[-91.156,34.4156],[-91.165,34.4175],[-91.1649,34.4128],[-91.1479,34.4027],[-91.1337,34.4018],[-91.1342,34.3939],[-91.1281,34.3857],[-91.1288,34.3809],[-91.1216,34.3766],[-91.1237,34.375],[-91.1314,34.38],[-91.1309,34.3851],[-91.137,34.3934],[-91.136,34.4004],[-91.149,34.4005],[-91.1674,34.4117],[-91.1665,34.4196],[-91.1541,34.4196],[-91.1603,34.4256],[-91.1612,34.4341],[-91.1711,34.4328],[-91.1705,34.4389],[-91.1759,34.4501],[-91.1801,34.4503],[-91.1905,34.4385],[-91.2028,34.4445],[-91.2146,34.4402],[-91.2195,34.4423],[-91.2219,34.4546],[-91.2112,34.4514],[-91.2075,34.4546],[-91.2117,34.4592],[-91.2209,34.4588],[-91.2244,34.4629],[-91.2102,34.4808],[-91.2111,34.4833],[-91.2171,34.4864],[-91.2207,34.4803],[-91.2276,34.478],[-91.2404,34.4866],[-91.253,34.4864],[-91.2568,34.4925],[-91.2524,34.5015],[-91.2642,34.5002],[-91.2683,34.5038],[-91.2624,34.514],[-91.2614,34.5256],[-91.2781,34.5297],[-91.2916,34.5284],[-91.3021,34.5326],[-91.3018,34.5379],[-91.2947,34.5446],[-91.2943,34.5765],[-91.288,34.5886],[-91.2942,34.5901],[-91.2986,34.5781],[-91.3069,34.5789],[-91.3103,34.5841],[-91.3066,34.5974],[-91.3313,34.6052],[-91.343,34.6191],[-91.3344,34.6381],[-91.3168,34.6428],[-91.3172,34.6553],[-91.3078,34.6572],[-91.3201,34.664],[-91.3167,34.6781],[-91.3179,34.6888],[-91.315,34.6888],[-91.3138,34.6802],[-91.3173,34.6645],[-91.305,34.6568]]],[[[-88.0868,34.7227],[-88.083,34.7215],[-88.0878,34.707],[-88.0836,34.7023],[-88.0863,34.6996],[-88.0829,34.6872],[-88.0925,34.66],[-88.1103,34.6599],[-88.1234,34.655],[-88.1354,34.6431],[-88.145,34.6478],[-88.1513,34.6463],[-88.1533,34.6348],[-88.1599,34.6283],[-88.1711,34.6328],[-88.191,34.6106],[-88.1847,34.6025],[-88.1767,34.6074],[-88.1707,34.6056],[-88.1758,34.5974],[-88.1828,34.5954],[-88.1729,34.5872],[-88.1753,34.5792],[-88.1893,34.5702],[-88.1967,34.5769],[-88.2017,34.5756],[-88.1876,34.5597],[-88.1866,34.5294],[-88.1754,34.513],[-88.1737,34.4971],[-88.1653,34.4975],[-88.1645,34.4948],[-88.1632,34.4973],[-88.1526,34.4911],[-88.1632,34.4967],[-88.1647,34.4943],[-88.1687,34.4977],[-88.172,34.4948],[-88.176,34.5129],[-88.1872,34.5294],[-88.1881,34.5589],[-88.1911,34.5602],[-88.1909,34.5656],[-88.2023,34.5756],[-88.1967,34.5774],[-88.1895,34.5707],[-88.1758,34.5795],[-88.1735,34.587],[-88.1834,34.5955],[-88.1762,34.5977],[-88.1713,34.6055],[-88.1766,34.6069],[-88.185,34.6021],[-88.1916,34.6107],[-88.1715,34.6332],[-88.1599,34.629],[-88.1539,34.635],[-88.1516,34.6467],[-88.1456,34.6493],[-88.1356,34.6436],[-88.1237,34.6555],[-88.1104,34.6604],[-88.093,34.6603],[-88.0835,34.6873],[-88.0869,34.6995],[-88.0842,34.7022],[-88.0884,34.7071],[-88.0836,34.7214],[-88.0944,34.7303],[-88.0892,34.7347],[-88.0937,34.7303],[-88.0868,34.7227]],[[-88.1329,34.646],[-88.1327,34.6462],[-88.1329,34.6461],[-88.1329,34.646]],[[-88.146,34.6485],[-88.1467,34.6483],[-88.1462,34.648],[-88.146,34.6485]],[[-88.1899,34.5598],[-88.1882,34.5596],[-88.1892,34.562],[-88.1899,34.5598]]],[[[-88.0895,34.6678],[-88.0887,34.6689],[-88.0892,34.6698],[-88.0895,34.6678]]],[[[-88.1618,34.495],[-88.1616,34.4952],[-88.1618,34.4951],[-88.1618,34.495]]],[[[-86.1971,34.8598],[-86.2072,34.8587],[-86.209,34.8619],[-86.2154,34.8594],[-86.2195,34.8553],[-86.2181,34.8526],[-86.2266,34.8453],[-86.224,34.842],[-86.2305,34.8343],[-86.2443,34.8326],[-86.2433,34.8186],[-86.2377,34.8177],[-86.2403,34.8153],[-86.2389,34.7965],[-86.2436,34.7942],[-86.2411,34.7901],[-86.2508,34.7763],[-86.2406,34.7625],[-86.2431,34.7581],[-86.2344,34.7571],[-86.228,34.7434],[-86.2391,34.7353],[-86.2388,34.7312],[-86.2442,34.7315],[-86.2449,34.7278],[-86.2511,34.7242],[-86.2674,34.722],[-86.2739,34.7248],[-86.281,34.72],[-86.289,34.7203],[-86.3027,34.7138],[-86.3077,34.7096],[-86.3077,34.6989],[-86.3108,34.697],[-86.3068,34.6945],[-86.3122,34.6883],[-86.3099,34.6874],[-86.3116,34.6818],[-86.3145,34.6824],[-86.3184,34.6695],[-86.3221,34.6711],[-86.3249,34.6668],[-86.3256,34.6558],[-86.3215,34.6569],[-86.3046,34.6284],[-86.3104,34.6184],[-86.3307,34.608],[-86.3314,34.6044],[-86.325,34.5985],[-86.3162,34.5998],[-86.3034,34.5935],[-86.3071,34.5824],[-86.2995,34.5799],[-86.3222,34.5762],[-86.327,34.5717],[-86.331,34.5733],[-86.3318,34.5705],[-86.329,34.5653],[-86.3065,34.562],[-86.313,34.5501],[-86.3108,34.5392],[-86.3242,34.5291],[-86.3279,34.5186],[-86.3329,34.518],[-86.3295,34.513],[-86.3348,34.5121],[-86.3344,34.509],[-86.3553,34.5232],[-86.3693,34.5134],[-86.3825,34.5208],[-86.3873,34.5166],[-86.3919,34.5194],[-86.3895,34.5106],[-86.3919,34.5079],[-86.3866,34.5075],[-86.3907,34.4992],[-86.3904,34.5051],[-86.387,34.5075],[-86.3923,34.5078],[-86.3899,34.5107],[-86.3921,34.5197],[-86.3874,34.5169],[-86.3824,34.5211],[-86.3693,34.5138],[-86.3552,34.5236],[-86.3346,34.5094],[-86.3349,34.5125],[-86.3299,34.5131],[-86.3333,34.5182],[-86.3282,34.5188],[-86.3245,34.5293],[-86.3112,34.5393],[-86.3134,34.5502],[-86.3069,34.5618],[-86.3292,34.5649],[-86.3322,34.5704],[-86.3313,34.5736],[-86.3271,34.5721],[-86.3223,34.5765],[-86.2999,34.5799],[-86.3075,34.5822],[-86.3037,34.5932],[-86.3163,34.5995],[-86.3252,34.5982],[-86.3319,34.6043],[-86.331,34.6083],[-86.3107,34.6186],[-86.3051,34.6284],[-86.3219,34.6567],[-86.326,34.6557],[-86.3253,34.6669],[-86.3223,34.6715],[-86.3188,34.6697],[-86.3149,34.6826],[-86.312,34.6819],[-86.3103,34.6874],[-86.3127,34.6884],[-86.3072,34.6945],[-86.3112,34.6971],[-86.3082,34.6989],[-86.3081,34.7097],[-86.303,34.714],[-86.2892,34.7207],[-86.2812,34.7203],[-86.274,34.7252],[-86.2674,34.7224],[-86.2513,34.7246],[-86.2452,34.7281],[-86.2444,34.7318],[-86.2391,34.7314],[-86.2395,34.7355],[-86.2284,34.7436],[-86.2347,34.7569],[-86.2434,34.758],[-86.241,34.7624],[-86.2513,34.7762],[-86.2415,34.7903],[-86.244,34.7944],[-86.2393,34.7966],[-86.2408,34.8153],[-86.2382,34.8176],[-86.2437,34.8185],[-86.2447,34.8328],[-86.2309,34.8346],[-86.2244,34.842],[-86.227,34.8454],[-86.2185,34.8528],[-86.2198,34.8557],[-86.2156,34.8597],[-86.209,34.8622],[-86.2071,34.8591],[-86.1979,34.8595],[-86.1907,34.8769],[-86.1747,34.8885],[-86.1709,34.898],[-86.1743,34.8883],[-86.1903,34.8767],[-86.1971,34.8598]]],[[[-88.2579,35.218],[-88.2686,35.2133],[-88.2873,35.2165],[-88.3077,35.2106],[-88.3076,35.1752],[-88.313,35.1645],[-88.3147,35.1398],[-88.297,35.1226],[-88.2953,35.0933],[-88.2884,35.076],[-88.2783,35.0667],[-88.2608,35.0662],[-88.251,35.0706],[-88.2485,35.066],[-88.2593,35.0614],[-88.2728,35.0609],[-88.2868,35.0653],[-88.298,35.082],[-88.3021,35.0972],[-88.3028,35.1211],[-88.3207,35.1391],[-88.3191,35.1647],[-88.3213,35.1745],[-88.3131,35.1888],[-88.3146,35.2095],[-88.3052,35.2222],[-88.297,35.2244],[-88.2716,35.218],[-88.2633,35.2206],[-88.2619,35.2247],[-88.2559,35.2245],[-88.2579,35.218]],[[-88.3151,35.1712],[-88.3132,35.1793],[-88.3152,35.1743],[-88.3151,35.1712]]],[[[-92.3116,35.6937],[-92.3239,35.6889],[-92.3154,35.6906],[-92.3026,35.6851],[-92.3005,35.6783],[-92.3021,35.6719],[-92.3126,35.6602],[-92.3242,35.6574],[-92.3197,35.6531],[-92.3075,35.6532],[-92.3045,35.6495],[-92.2952,35.6513],[-92.2931,35.6551],[-92.2964,35.6619],[-92.2823,35.66],[-92.2577,35.6666],[-92.2433,35.6478],[-92.2311,35.6426],[-92.2269,35.651],[-92.2233,35.6517],[-92.2192,35.6481],[-92.2191,35.643],[-92.2239,35.65],[-92.2304,35.6409],[-92.2451,35.6459],[-92.2581,35.6645],[-92.2848,35.6568],[-92.2937,35.6598],[-92.2897,35.6542],[-92.2922,35.6493],[-92.3037,35.6472],[-92.3073,35.651],[-92.3205,35.6513],[-92.3264,35.6581],[-92.3084,35.6691],[-92.3029,35.6776],[-92.3035,35.6834],[-92.3153,35.6887],[-92.3263,35.6887],[-92.3223,35.694],[-92.3151,35.6938],[-92.3091,35.699],[-92.3072,35.6977],[-92.3116,35.6937]],[[-92.3093,35.6666],[-92.3164,35.662],[-92.3145,35.6612],[-92.3093,35.6666]]],[[[-91.6148,35.741],[-91.597,35.7435],[-91.5801,35.7355],[-91.5742,35.7265],[-91.5605,35.7248],[-91.5594,35.7203],[-91.5704,35.7093],[-91.5576,35.702],[-91.5287,35.7102],[-91.5182,35.7041],[-91.5076,35.6923],[-91.4928,35.6909],[-91.4905,35.6868],[-91.4936,35.6833],[-91.5156,35.6793],[-91.5076,35.6736],[-91.4938,35.6515],[-91.4835,35.6419],[-91.479,35.6493],[-91.4626,35.6613],[-91.4577,35.6579],[-91.4624,35.6481],[-91.4583,35.6341],[-91.4479,35.6402],[-91.4233,35.6429],[-91.4236,35.6457],[-91.4371,35.6461],[-91.4391,35.651],[-91.436,35.6545],[-91.4176,35.6506],[-91.4047,35.6544],[-91.401,35.6516],[-91.4014,35.6455],[-91.411,35.6372],[-91.3871,35.6244],[-91.3795,35.628],[-91.3749,35.6398],[-91.3605,35.6433],[-91.3474,35.6374],[-91.3371,35.6408],[-91.3247,35.6384],[-91.3139,35.6402],[-91.3112,35.6353],[-91.3152,35.6265],[-91.3118,35.6231],[-91.2944,35.6241],[-91.2878,35.6314],[-91.2833,35.6276],[-91.2859,35.6057],[-91.3059,35.6084],[-91.3193,35.5892],[-91.3132,35.581],[-91.2928,35.5737],[-91.29,35.5698],[-91.3005,35.5536],[-91.3048,35.5351],[-91.314,35.5309],[-91.3307,35.5378],[-91.3367,35.5348],[-91.3393,35.5289],[-91.3373,35.5151],[-91.3286,35.5026],[-91.3437,35.487],[-91.3488,35.4845],[-91.3558,35.4861],[-91.364,35.5009],[-91.3722,35.4894],[-91.3696,35.4798],[-91.3555,35.4736],[-91.3428,35.4631],[-91.3282,35.4623],[-91.3255,35.4595],[-91.3272,35.4507],[-91.3347,35.4452],[-91.3541,35.4556],[-91.3457,35.4391],[-91.3561,35.428],[-91.3441,35.4252],[-91.3468,35.4121],[-91.3535,35.4069],[-91.3598,35.4082],[-91.3651,35.4152],[-91.3637,35.4279],[-91.3669,35.4293],[-91.3707,35.4206],[-91.366,35.4109],[-91.3677,35.4058],[-91.3998,35.3922],[-91.3833,35.3802],[-91.3823,35.3746],[-91.3918,35.3735],[-91.4049,35.385],[-91.4115,35.3833],[-91.4245,35.373],[-91.422,35.3699],[-91.4099,35.369],[-91.4088,35.3608],[-91.4171,35.3595],[-91.435,35.3705],[-91.4376,35.3682],[-91.4359,35.3643],[-91.4228,35.3612],[-91.4208,35.3574],[-91.428,35.3497],[-91.4434,35.3463],[-91.4402,35.34],[-91.4298,35.3392],[-91.4233,35.3322],[-91.427,35.3193],[-91.4341,35.3126],[-91.4281,35.308],[-91.4376,35.3039],[-91.4351,35.2952],[-91.4278,35.2942],[-91.4136,35.3064],[-91.4106,35.2938],[-91.3932,35.294],[-91.3973,35.2819],[-91.3921,35.2774],[-91.3823,35.2795],[-91.383,35.2878],[-91.3792,35.2912],[-91.3723,35.2899],[-91.3678,35.2842],[-91.3709,35.2747],[-91.3841,35.2735],[-91.3997,35.2625],[-91.3867,35.2524],[-91.3808,35.2557],[-91.3793,35.2684],[-91.3723,35.2682],[-91.3689,35.2643],[-91.3715,35.2545],[-91.3836,35.2459],[-91.3877,35.2344],[-91.3762,35.2238],[-91.3812,35.2184],[-91.3778,35.2159],[-91.3784,35.2122],[-91.3891,35.2027],[-91.3873,35.1993],[-91.3754,35.1967],[-91.3802,35.1867],[-91.3857,35.1866],[-91.396,35.1936],[-91.3975,35.2102],[-91.4023,35.2139],[-91.4071,35.2114],[-91.4128,35.1927],[-91.4306,35.1918],[-91.4245,35.1851],[-91.4253,35.1799],[-91.4335,35.19],[-91.4298,35.1948],[-91.4143,35.1948],[-91.4097,35.2124],[-91.4021,35.2162],[-91.395,35.2116],[-91.3936,35.195],[-91.3809,35.1891],[-91.3784,35.1964],[-91.3882,35.197],[-91.392,35.2018],[-91.3806,35.2152],[-91.3927,35.2167],[-91.3966,35.2215],[-91.3921,35.2249],[-91.3822,35.2207],[-91.3792,35.2223],[-91.3886,35.2294],[-91.3902,35.2364],[-91.3861,35.2471],[-91.3739,35.2557],[-91.3716,35.2631],[-91.3775,35.2665],[-91.3797,35.2528],[-91.3917,35.2509],[-91.4026,35.262],[-91.3871,35.2746],[-91.3997,35.28],[-91.3955,35.2925],[-91.4124,35.292],[-91.4151,35.2959],[-91.4144,35.3041],[-91.4264,35.2921],[-91.4378,35.2942],[-91.4404,35.3044],[-91.4318,35.3086],[-91.4369,35.3129],[-91.4296,35.3203],[-91.4262,35.3319],[-91.431,35.3371],[-91.442,35.3382],[-91.4462,35.3469],[-91.4257,35.3546],[-91.424,35.3589],[-91.4358,35.3611],[-91.4404,35.3689],[-91.4344,35.3732],[-91.4264,35.3701],[-91.4264,35.3766],[-91.413,35.3853],[-91.4037,35.3872],[-91.3921,35.3762],[-91.3847,35.3759],[-91.4025,35.3928],[-91.37,35.4072],[-91.3735,35.4208],[-91.3687,35.4311],[-91.3612,35.4294],[-91.3623,35.4157],[-91.3577,35.4098],[-91.3495,35.4131],[-91.3466,35.4241],[-91.3558,35.4247],[-91.3589,35.4277],[-91.3485,35.4392],[-91.3569,35.4565],[-91.352,35.458],[-91.3353,35.4475],[-91.3297,35.4517],[-91.3283,35.459],[-91.3434,35.4607],[-91.3572,35.4717],[-91.3714,35.4779],[-91.375,35.4899],[-91.3655,35.503],[-91.3617,35.5023],[-91.3567,35.4905],[-91.3507,35.4868],[-91.3325,35.4998],[-91.3317,35.5033],[-91.3397,35.5133],[-91.3421,35.5278],[-91.3379,35.5372],[-91.33,35.54],[-91.314,35.5332],[-91.3073,35.5363],[-91.3032,35.5545],[-91.2929,35.5694],[-91.3151,35.5793],[-91.3222,35.5897],[-91.3075,35.6104],[-91.2881,35.6072],[-91.286,35.6268],[-91.2878,35.6289],[-91.2936,35.6219],[-91.3125,35.6208],[-91.318,35.6255],[-91.3154,35.6381],[-91.3246,35.636],[-91.3368,35.6385],[-91.3478,35.6351],[-91.3604,35.641],[-91.3731,35.6379],[-91.3779,35.6258],[-91.3878,35.6221],[-91.4137,35.6363],[-91.4127,35.6408],[-91.4042,35.6462],[-91.4049,35.652],[-91.4176,35.6483],[-91.4347,35.6524],[-91.4363,35.65],[-91.4336,35.6468],[-91.4208,35.647],[-91.4212,35.6412],[-91.4471,35.6379],[-91.4512,35.6333],[-91.4589,35.6318],[-91.4652,35.647],[-91.4606,35.6557],[-91.4629,35.659],[-91.4768,35.6478],[-91.4791,35.6406],[-91.4847,35.6397],[-91.4962,35.6502],[-91.5099,35.6722],[-91.5185,35.6788],[-91.515,35.6834],[-91.496,35.6849],[-91.4941,35.6887],[-91.5092,35.6904],[-91.5294,35.7079],[-91.5484,35.7007],[-91.5589,35.6999],[-91.5733,35.709],[-91.5623,35.723],[-91.5758,35.7245],[-91.582,35.7338],[-91.5979,35.7412],[-91.6125,35.7385],[-91.622,35.7408],[-91.6385,35.7563],[-91.6363,35.7576],[-91.6211,35.7431],[-91.6148,35.741]],[[-91.3806,35.2757],[-91.3743,35.2756],[-91.3703,35.2796],[-91.3751,35.2886],[-91.3802,35.2874],[-91.3787,35.2805],[-91.3828,35.2761],[-91.3806,35.2757]],[[-91.3915,35.2225],[-91.3937,35.2214],[-91.3914,35.2188],[-91.3833,35.2185],[-91.3915,35.2225]],[[-91.4141,35.3678],[-91.4226,35.3676],[-91.413,35.3611],[-91.4106,35.3655],[-91.4141,35.3678]]],[[[-87.7203,35.8353],[-87.7028,35.8383],[-87.6975,35.8251],[-87.69,35.8203],[-87.6807,35.8287],[-87.6803,35.8341],[-87.6866,35.8409],[-87.6803,35.8471],[-87.6743,35.8425],[-87.6721,35.8267],[-87.6565,35.8309],[-87.6399,35.8287],[-87.6493,35.8118],[-87.641,35.8143],[-87.6317,35.8239],[-87.6266,35.8214],[-87.6239,35.8102],[-87.6071,35.8041],[-87.5954,35.8103],[-87.5973,35.8245],[-87.5952,35.8276],[-87.5863,35.8277],[-87.564,35.8194],[-87.55,35.8212],[-87.5469,35.8192],[-87.5499,35.812],[-87.5458,35.8002],[-87.5328,35.7948],[-87.5269,35.7978],[-87.5334,35.8073],[-87.531,35.8201],[-87.5239,35.8235],[-87.5151,35.8218],[-87.5096,35.8172],[-87.5181,35.8059],[-87.5112,35.7902],[-87.5217,35.7868],[-87.5164,35.7718],[-87.519,35.7623],[-87.5153,35.7499],[-87.5117,35.7476],[-87.5068,35.7499],[-87.5094,35.7616],[-87.4821,35.7609],[-87.477,35.7635],[-87.4726,35.7736],[-87.4769,35.7832],[-87.4725,35.7894],[-87.461,35.787],[-87.4529,35.7747],[-87.4422,35.7741],[-87.4259,35.7792],[-87.4107,35.771],[-87.3934,35.7687],[-87.3861,35.7767],[-87.3867,35.7951],[-87.362,35.8063],[-87.3527,35.8066],[-87.3422,35.798],[-87.3525,35.7792],[-87.351,35.7607],[-87.3475,35.7556],[-87.3419,35.7544],[-87.3383,35.769],[-87.3213,35.7697],[-87.3151,35.7858],[-87.3104,35.787],[-87.2928,35.7801],[-87.2869,35.7691],[-87.3012,35.7569],[-87.3008,35.7475],[-87.2952,35.7468],[-87.2933,35.7528],[-87.2864,35.7554],[-87.2715,35.7512],[-87.2651,35.7396],[-87.2654,35.7207],[-87.2504,35.7128],[-87.2498,35.7063],[-87.2604,35.6956],[-87.2876,35.6963],[-87.2957,35.6935],[-87.2968,35.6886],[-87.2824,35.6824],[-87.2921,35.6712],[-87.2929,35.6653],[-87.2861,35.6641],[-87.2748,35.674],[-87.2631,35.6737],[-87.2557,35.6592],[-87.2469,35.6526],[-87.2459,35.667],[-87.2534,35.6779],[-87.2517,35.685],[-87.2328,35.6831],[-87.2273,35.6924],[-87.2212,35.6954],[-87.1946,35.6869],[-87.1821,35.6868],[-87.1623,35.6954],[-87.149,35.692],[-87.1327,35.7007],[-87.1264,35.6935],[-87.1393,35.6817],[-87.1374,35.6745],[-87.1085,35.6718],[-87.095,35.674],[-87.093,35.6632],[-87.0875,35.6555],[-87.0944,35.6466],[-87.065,35.634],[-87.0606,35.6351],[-87.0573,35.6467],[-87.0358,35.6449],[-87.0332,35.6418],[-87.0356,35.6309],[-87.0307,35.6178],[-87.0234,35.6194],[-87.0203,35.6286],[-87.0135,35.6332],[-87.0053,35.6324],[-86.9968,35.62],[-87.0015,35.6149],[-87.0027,35.5968],[-86.992,35.5991],[-86.975,35.5904],[-86.9681,35.6004],[-86.9579,35.599],[-86.9578,35.5936],[-86.9651,35.5843],[-86.9869,35.5881],[-86.9867,35.5841],[-86.9687,35.5794],[-86.9697,35.5711],[-86.9644,35.5693],[-86.9536,35.5677],[-86.9482,35.5741],[-86.9395,35.5752],[-86.9335,35.5684],[-86.9385,35.5598],[-86.9369,35.5583],[-86.9307,35.5607],[-86.9249,35.5725],[-86.9182,35.5739],[-86.9055,35.5657],[-86.8929,35.5682],[-86.8974,35.5518],[-86.8825,35.5533],[-86.8769,35.5673],[-86.8663,35.5757],[-86.8654,35.5938],[-86.8675,35.5967],[-86.8836,35.5912],[-86.9006,35.6003],[-86.891,35.6128],[-86.8764,35.6013],[-86.8806,35.6132],[-86.8632,35.6191],[-86.8611,35.622],[-86.8654,35.628],[-86.8594,35.6322],[-86.844,35.628],[-86.8551,35.6145],[-86.8474,35.606],[-86.8467,35.5985],[-86.8424,35.593],[-86.8376,35.5933],[-86.8378,35.6033],[-86.8297,35.6103],[-86.8213,35.6106],[-86.8255,35.6222],[-86.8225,35.6253],[-86.8098,35.6148],[-86.806,35.6076],[-86.797,35.6054],[-86.7915,35.6097],[-86.784,35.6087],[-86.775,35.5977],[-86.7773,35.5935],[-86.7896,35.5876],[-86.7842,35.5859],[-86.7905,35.5853],[-86.7885,35.5913],[-86.7785,35.5948],[-86.7786,35.6014],[-86.7894,35.6083],[-86.7964,35.6039],[-86.8056,35.6055],[-86.8223,35.6238],[-86.8196,35.6098],[-86.8289,35.6086],[-86.836,35.6028],[-86.8361,35.5924],[-86.8433,35.5917],[-86.848,35.5969],[-86.849,35.6053],[-86.857,35.6144],[-86.8458,35.6275],[-86.8588,35.6307],[-86.8636,35.6276],[-86.8593,35.6223],[-86.8618,35.6181],[-86.8789,35.6126],[-86.8742,35.6008],[-86.8782,35.6002],[-86.8909,35.6113],[-86.8987,35.5999],[-86.888,35.5971],[-86.8832,35.5927],[-86.8678,35.5982],[-86.8636,35.5943],[-86.8646,35.5752],[-86.8753,35.5665],[-86.881,35.5524],[-86.8982,35.5505],[-86.9004,35.5544],[-86.8945,35.5673],[-86.906,35.5642],[-86.9184,35.5724],[-86.9238,35.5712],[-86.9295,35.5594],[-86.9374,35.5568],[-86.9404,35.56],[-86.9354,35.5683],[-86.9405,35.5739],[-86.9471,35.5728],[-86.953,35.5663],[-86.9641,35.5676],[-86.9714,35.5704],[-86.9699,35.5782],[-86.985,35.5802],[-86.9884,35.5835],[-86.9871,35.5897],[-86.9662,35.5855],[-86.9591,35.5977],[-86.9672,35.5991],[-86.9709,35.5901],[-86.9749,35.5889],[-86.9925,35.5977],[-86.9982,35.5943],[-87.0042,35.5958],[-87.0033,35.6152],[-86.9987,35.62],[-87.0064,35.6311],[-87.0124,35.6319],[-87.0188,35.6276],[-87.0206,35.6193],[-87.0313,35.6163],[-87.0374,35.6307],[-87.0369,35.6436],[-87.0566,35.6453],[-87.059,35.6343],[-87.0656,35.6326],[-87.0961,35.6458],[-87.0894,35.6555],[-87.0948,35.6628],[-87.0962,35.6728],[-87.1085,35.6702],[-87.1387,35.6734],[-87.1411,35.6822],[-87.1283,35.6936],[-87.1333,35.6993],[-87.1483,35.6905],[-87.162,35.6939],[-87.1817,35.6853],[-87.1951,35.6854],[-87.2212,35.6938],[-87.2321,35.6816],[-87.2508,35.6836],[-87.2514,35.6778],[-87.2441,35.6672],[-87.2462,35.6511],[-87.2572,35.6583],[-87.2638,35.6723],[-87.2765,35.6717],[-87.2863,35.6624],[-87.294,35.664],[-87.294,35.6715],[-87.2843,35.6824],[-87.2985,35.6878],[-87.2972,35.6945],[-87.2878,35.6978],[-87.2612,35.697],[-87.2515,35.707],[-87.2522,35.7123],[-87.2672,35.7201],[-87.267,35.7393],[-87.2727,35.75],[-87.2861,35.7539],[-87.292,35.7517],[-87.2943,35.7454],[-87.3025,35.7467],[-87.3029,35.7576],[-87.2887,35.7694],[-87.2941,35.7789],[-87.3141,35.7844],[-87.3204,35.7683],[-87.337,35.7678],[-87.3405,35.7533],[-87.3489,35.7546],[-87.3526,35.7595],[-87.355,35.7747],[-87.3529,35.784],[-87.3441,35.7973],[-87.3534,35.8052],[-87.3613,35.8049],[-87.3855,35.794],[-87.3843,35.7763],[-87.393,35.7672],[-87.4114,35.7696],[-87.4261,35.7777],[-87.4417,35.7726],[-87.4535,35.7733],[-87.4622,35.7858],[-87.4718,35.788],[-87.4751,35.7824],[-87.4707,35.7735],[-87.4755,35.7626],[-87.4816,35.7593],[-87.5072,35.7599],[-87.5049,35.7497],[-87.5117,35.7461],[-87.5169,35.7491],[-87.5208,35.7619],[-87.5189,35.7729],[-87.5236,35.7862],[-87.5221,35.7892],[-87.513,35.7904],[-87.5199,35.8059],[-87.5115,35.8174],[-87.5159,35.8204],[-87.5232,35.822],[-87.5293,35.8194],[-87.5315,35.8076],[-87.525,35.7976],[-87.5325,35.7933],[-87.5475,35.7995],[-87.5518,35.812],[-87.549,35.8192],[-87.5651,35.818],[-87.5887,35.826],[-87.5954,35.8254],[-87.5919,35.8162],[-87.5947,35.808],[-87.6055,35.8027],[-87.6246,35.8082],[-87.6281,35.8205],[-87.632,35.8224],[-87.6398,35.8131],[-87.6501,35.8104],[-87.6508,35.8156],[-87.6415,35.8278],[-87.6563,35.8294],[-87.673,35.8253],[-87.6762,35.8397],[-87.681,35.8456],[-87.6847,35.8405],[-87.6781,35.8334],[-87.6796,35.8265],[-87.6854,35.8204],[-87.6928,35.8191],[-87.6995,35.8248],[-87.7038,35.8369],[-87.7236,35.8343],[-87.7336,35.8442],[-87.7128,35.8617],[-87.7044,35.8742],[-87.6934,35.8814],[-87.7113,35.8607],[-87.7313,35.8448],[-87.7269,35.8379],[-87.7203,35.8353]],[[-87.2918,35.7657],[-87.292,35.7656],[-87.292,35.7657],[-87.2918,35.7657]]],[[[-93.2069,36.0783],[-93.19,36.0685],[-93.1935,36.059],[-93.1898,36.0564],[-93.1798,36.0598],[-93.1747,36.0544],[-93.1628,36.0566],[-93.1599,36.0658],[-93.1471,36.0556],[-93.1409,36.0621],[-93.1341,36.0569],[-93.1316,36.0634],[-93.1268,36.0651],[-93.1251,36.0584],[-93.1168,36.0487],[-93.1088,36.0477],[-93.1066,36.0446],[-93.1065,36.0257],[-93.1019,36.0246],[-93.0986,36.0157],[-93.101,36.0097],[-93.09,36.0064],[-93.0819,36.0094],[-93.0818,35.9951],[-93.0667,35.9892],[-93.0571,35.9892],[-93.0574,35.9811],[-93.0494,35.9855],[-93.0382,35.9823],[-93.0344,35.9904],[-93.0196,35.9897],[-93.0092,35.9949],[-93.0051,36.0004],[-92.9957,35.9944],[-92.9886,36.0001],[-92.979,35.9966],[-92.9726,36.0026],[-92.9634,35.9999],[-92.9517,36.0097],[-92.949,36.0045],[-92.9537,35.9965],[-92.9557,35.983],[-92.9357,35.9912],[-92.928,35.9812],[-92.9311,35.9749],[-92.9295,35.9722],[-92.9051,35.9658],[-92.8998,35.9681],[-92.9051,35.9736],[-92.8998,35.9781],[-92.882,35.9694],[-92.8738,35.9777],[-92.8629,35.9796],[-92.8569,35.9702],[-92.8642,35.9636],[-92.8627,35.9599],[-92.8517,35.9604],[-92.8462,35.9707],[-92.8386,35.9716],[-92.8328,35.9676],[-92.8341,35.9556],[-92.8296,35.9535],[-92.8256,35.9566],[-92.8261,35.9648],[-92.8212,35.9679],[-92.8084,35.9602],[-92.805,35.9622],[-92.8178,35.9745],[-92.8131,35.9809],[-92.801,35.9824],[-92.7936,35.9766],[-92.7873,35.9875],[-92.7726,35.9795],[-92.7651,35.991],[-92.757,35.9879],[-92.7523,35.982],[-92.7472,35.9829],[-92.7526,35.9816],[-92.7575,35.9875],[-92.7651,35.9904],[-92.7726,35.9789],[-92.7873,35.9869],[-92.7934,35.976],[-92.7973,35.9763],[-92.8012,35.9819],[-92.8128,35.9804],[-92.8171,35.9747],[-92.8043,35.9621],[-92.8087,35.9597],[-92.821,35.9674],[-92.8255,35.9645],[-92.8249,35.9565],[-92.8296,35.953],[-92.8348,35.9554],[-92.8329,35.9662],[-92.8398,35.9711],[-92.8459,35.9702],[-92.8527,35.9593],[-92.8632,35.9595],[-92.8648,35.9639],[-92.8576,35.9702],[-92.8643,35.9793],[-92.8736,35.9772],[-92.8819,35.9688],[-92.8998,35.9775],[-92.9045,35.9736],[-92.8991,35.968],[-92.905,35.9652],[-92.9299,35.9718],[-92.9296,35.9825],[-92.936,35.9907],[-92.956,35.9826],[-92.9558,35.9917],[-92.9496,36.0046],[-92.9517,36.0091],[-92.9632,35.9994],[-92.9724,36.0021],[-92.979,35.9961],[-92.9884,35.9996],[-92.9967,35.9935],[-93.0049,35.9999],[-93.0088,35.9945],[-93.0194,35.9892],[-93.0341,35.9899],[-93.038,35.9818],[-93.0456,35.9844],[-93.0576,35.9806],[-93.0575,35.9888],[-93.0669,35.9887],[-93.0823,35.9948],[-93.0824,36.009],[-93.09,36.0058],[-93.1016,36.0094],[-93.1024,36.0242],[-93.1072,36.0256],[-93.1072,36.0444],[-93.1174,36.0484],[-93.1257,36.0582],[-93.1272,36.0647],[-93.1339,36.0564],[-93.1407,36.0615],[-93.1473,36.0551],[-93.1597,36.0652],[-93.1626,36.056],[-93.1748,36.0539],[-93.1798,36.0593],[-93.19,36.0559],[-93.1942,36.059],[-93.1905,36.068],[-93.2007,36.0762],[-93.2072,36.0776],[-93.2092,36.0705],[-93.2184,36.0753],[-93.2257,36.0751],[-93.2184,36.076],[-93.2091,36.0711],[-93.2069,36.0783]],[[-93.1002,36.0132],[-93.0993,36.0156],[-93.1012,36.019],[-93.1002,36.0132]],[[-93.0479,35.9843],[-93.0493,35.985],[-93.0505,35.9843],[-93.0479,35.9843]],[[-92.997,35.9941],[-92.9966,35.994],[-92.9963,35.9941],[-92.997,35.9941]],[[-92.9287,35.9795],[-92.9284,35.9805],[-92.9291,35.9821],[-92.9287,35.9795]],[[-92.8339,35.9682],[-92.8359,35.97],[-92.839,35.9711],[-92.8339,35.9682]]],[[[-92.9248,35.971],[-92.9225,35.9709],[-92.9247,35.9711],[-92.9248,35.971]]],[[[-92.513,36.132],[-92.5112,36.1284],[-92.5213,36.1166],[-92.5235,36.1079],[-92.5106,36.1121],[-92.5014,36.1099],[-92.4981,36.1053],[-92.5015,36.0976],[-92.4985,36.0957],[-92.487,36.1038],[-92.4779,36.1044],[-92.476,36.0932],[-92.4806,36.0849],[-92.4786,36.081],[-92.4702,36.0809],[-92.4702,36.0865],[-92.4593,36.0888],[-92.4524,36.0992],[-92.4417,36.0883],[-92.4303,36.0861],[-92.4275,36.0895],[-92.4373,36.1008],[-92.4305,36.1098],[-92.4362,36.1004],[-92.4267,36.0907],[-92.4266,36.0867],[-92.4414,36.0871],[-92.4523,36.0983],[-92.4586,36.0881],[-92.4693,36.0859],[-92.4695,36.0802],[-92.4792,36.0803],[-92.4817,36.084],[-92.4771,36.0928],[-92.4786,36.1037],[-92.4865,36.103],[-92.4987,36.0947],[-92.5026,36.0973],[-92.4993,36.1051],[-92.5019,36.1091],[-92.5105,36.1112],[-92.5244,36.1074],[-92.5223,36.117],[-92.5122,36.1287],[-92.514,36.1312],[-92.5343,36.1206],[-92.5465,36.126],[-92.5555,36.1137],[-92.5466,36.1059],[-92.5343,36.1066],[-92.5304,36.1038],[-92.5322,36.1007],[-92.5476,36.0974],[-92.5399,36.0906],[-92.5401,36.0831],[-92.5439,36.0808],[-92.5535,36.0854],[-92.5615,36.0814],[-92.5542,36.0748],[-92.5545,36.0678],[-92.5625,36.0698],[-92.5775,36.067],[-92.5626,36.0707],[-92.5549,36.0688],[-92.5554,36.0746],[-92.5631,36.08],[-92.5567,36.0853],[-92.5433,36.0816],[-92.5411,36.0837],[-92.5409,36.0902],[-92.5487,36.0977],[-92.5315,36.1036],[-92.5471,36.1051],[-92.5565,36.1133],[-92.5474,36.1265],[-92.5413,36.1268],[-92.5345,36.1215],[-92.513,36.132]]],[[[-92.4276,36.087],[-92.4288,36.0864],[-92.4291,36.086],[-92.4276,36.087]]],[[[-91.7401,36.173],[-91.7412,36.1667],[-91.736,36.1666],[-91.7194,36.1741],[-91.7195,36.149],[-91.7112,36.1523],[-91.7053,36.165],[-91.6959,36.1639],[-91.7025,36.1568],[-91.6998,36.1494],[-91.705,36.1455],[-91.684,36.1484],[-91.6747,36.1362],[-91.6714,36.1239],[-91.6608,36.1271],[-91.6568,36.1197],[-91.6497,36.1259],[-91.6461,36.1255],[-91.6421,36.1193],[-91.6436,36.1085],[-91.6338,36.1057],[-91.6296,36.0998],[-91.6272,36.112],[-91.623,36.1128],[-91.6182,36.1109],[-91.6194,36.1044],[-91.6102,36.1021],[-91.6062,36.0964],[-91.5963,36.097],[-91.5964,36.1004],[-91.5892,36.1046],[-91.5845,36.0974],[-91.594,36.0936],[-91.5885,36.0905],[-91.5783,36.0983],[-91.5734,36.1078],[-91.5667,36.1049],[-91.5663,36.0909],[-91.5529,36.0911],[-91.5546,36.0849],[-91.5514,36.0804],[-91.5455,36.0784],[-91.5418,36.0903],[-91.5332,36.0886],[-91.5325,36.0843],[-91.54,36.0829],[-91.5378,36.074],[-91.5272,36.0689],[-91.5205,36.0783],[-91.5268,36.0833],[-91.5264,36.0872],[-91.5156,36.092],[-91.5067,36.0904],[-91.5044,36.0838],[-91.5007,36.0835],[-91.4979,36.0864],[-91.5017,36.0907],[-91.4986,36.0973],[-91.4891,36.1002],[-91.4767,36.0921],[-91.4774,36.1005],[-91.4713,36.1077],[-91.4531,36.1129],[-91.4422,36.1051],[-91.4367,36.1155],[-91.4305,36.1183],[-91.4242,36.1119],[-91.4315,36.101],[-91.4248,36.0985],[-91.4141,36.1072],[-91.4113,36.1156],[-91.4063,36.1176],[-91.4009,36.1025],[-91.3949,36.1013],[-91.3864,36.1047],[-91.3881,36.095],[-91.3794,36.0873],[-91.3685,36.0905],[-91.3537,36.0778],[-91.3615,36.0653],[-91.3559,36.0625],[-91.337,36.0627],[-91.3312,36.0568],[-91.3335,36.0473],[-91.3478,36.0409],[-91.3486,36.0378],[-91.3262,36.0334],[-91.323,36.0228],[-91.3138,36.0218],[-91.3116,36.0153],[-91.3001,36.0092],[-91.2976,35.9963],[-91.3008,35.9948],[-91.283,35.9924],[-91.2855,35.9884],[-91.2773,35.9821],[-91.2793,35.9713],[-91.2763,35.972],[-91.2751,35.9687],[-91.2764,35.9625],[-91.2812,35.9594],[-91.2606,35.9397],[-91.2578,35.9299],[-91.2519,35.927],[-91.2524,35.9227],[-91.2495,35.9259],[-91.2437,35.9239],[-91.2431,35.9205],[-91.2475,35.917],[-91.243,35.9142],[-91.2453,35.912],[-91.2392,35.9103],[-91.2438,35.9077],[-91.2432,35.9028],[-91.2352,35.9046],[-91.2366,35.9],[-91.233,35.9002],[-91.2347,35.8972],[-91.2304,35.8941],[-91.2274,35.8947],[-91.2265,35.8995],[-91.2214,35.8932],[-91.2242,35.8862],[-91.2224,35.8844],[-91.2255,35.8816],[-91.2184,35.8819],[-91.2261,35.8815],[-91.222,35.8932],[-91.2268,35.8992],[-91.2269,35.8945],[-91.2306,35.8937],[-91.2351,35.8967],[-91.2335,35.9],[-91.2371,35.8998],[-91.2356,35.9043],[-91.2437,35.9026],[-91.2443,35.908],[-91.2398,35.9103],[-91.2457,35.9117],[-91.2435,35.914],[-91.248,35.9168],[-91.2442,35.9237],[-91.2494,35.9255],[-91.253,35.9225],[-91.2524,35.9268],[-91.2583,35.9297],[-91.2611,35.9394],[-91.2817,35.9592],[-91.2769,35.9628],[-91.2756,35.9687],[-91.2798,35.9713],[-91.2778,35.9818],[-91.286,35.9883],[-91.2835,35.9921],[-91.3012,35.9945],[-91.2981,35.9964],[-91.3006,36.009],[-91.312,36.015],[-91.3141,36.0214],[-91.3234,36.0225],[-91.3265,36.033],[-91.3287,36.0314],[-91.3331,36.0351],[-91.3413,36.0343],[-91.3491,36.0376],[-91.3481,36.0413],[-91.3326,36.0492],[-91.3345,36.0519],[-91.3316,36.0564],[-91.3356,36.0615],[-91.356,36.0621],[-91.3619,36.0649],[-91.3542,36.0775],[-91.3687,36.0901],[-91.3798,36.087],[-91.3886,36.0949],[-91.3866,36.1043],[-91.3948,36.1008],[-91.4013,36.1021],[-91.4066,36.1173],[-91.4109,36.1153],[-91.4199,36.1],[-91.4246,36.0981],[-91.4323,36.1012],[-91.4248,36.1115],[-91.4305,36.1179],[-91.4362,36.1152],[-91.442,36.1047],[-91.453,36.1124],[-91.471,36.1073],[-91.4769,36.1004],[-91.4766,36.0916],[-91.4882,36.0992],[-91.4983,36.097],[-91.5012,36.0908],[-91.4974,36.0863],[-91.5005,36.083],[-91.5048,36.0836],[-91.5071,36.0901],[-91.5128,36.0915],[-91.5255,36.0874],[-91.5264,36.0836],[-91.52,36.0783],[-91.5273,36.0684],[-91.5384,36.0739],[-91.5406,36.083],[-91.5329,36.0846],[-91.5336,36.0883],[-91.5416,36.0899],[-91.545,36.0782],[-91.5517,36.08],[-91.5559,36.0868],[-91.5536,36.0911],[-91.5667,36.0906],[-91.5673,36.1047],[-91.5729,36.1068],[-91.578,36.0978],[-91.5884,36.09],[-91.5946,36.0936],[-91.585,36.0975],[-91.5897,36.1043],[-91.596,36.1002],[-91.596,36.0966],[-91.6064,36.0959],[-91.611,36.1019],[-91.6204,36.0997],[-91.6187,36.11],[-91.6232,36.1123],[-91.6284,36.1082],[-91.6272,36.1008],[-91.63,36.0995],[-91.6342,36.1053],[-91.6441,36.1083],[-91.6426,36.1192],[-91.6467,36.1254],[-91.6567,36.119],[-91.6611,36.1266],[-91.6734,36.1243],[-91.675,36.1356],[-91.6845,36.1481],[-91.7073,36.1444],[-91.7003,36.1495],[-91.703,36.1569],[-91.6963,36.1635],[-91.7049,36.1647],[-91.7109,36.1517],[-91.7196,36.1485],[-91.7218,36.1498],[-91.718,36.1608],[-91.7198,36.1738],[-91.736,36.1661],[-91.7422,36.1674],[-91.7446,36.1723],[-91.7401,36.1737],[-91.739,36.1783],[-91.7401,36.173]],[[-91.7429,36.1724],[-91.7421,36.1701],[-91.7413,36.1725],[-91.7429,36.1724]],[[-91.6197,36.1103],[-91.6188,36.1107],[-91.6206,36.1115],[-91.6197,36.1103]],[[-91.62,36.1],[-91.6153,36.1012],[-91.6191,36.1039],[-91.62,36.1]],[[-91.554,36.0905],[-91.5536,36.0907],[-91.5538,36.0907],[-91.554,36.0905]],[[-91.5551,36.0863],[-91.5552,36.0872],[-91.5553,36.0868],[-91.5551,36.0863]],[[-91.4897,36.0998],[-91.49,36.0997],[-91.4889,36.0996],[-91.4897,36.0998]]],[[[-91.7067,36.1446],[-91.7057,36.1449],[-91.7061,36.1461],[-91.7067,36.1446]]],[[[-91.3999,36.2431],[-91.3785,36.2388],[-91.3705,36.2467],[-91.3557,36.2477],[-91.3468,36.2548],[-91.337,36.2576],[-91.3289,36.2544],[-91.3299,36.2502],[-91.3187,36.2483],[-91.3117,36.2407],[-91.306,36.2394],[-91.2922,36.2482],[-91.2823,36.2376],[-91.2765,36.2392],[-91.2546,36.2304],[-91.2573,36.2266],[-91.2453,36.2241],[-91.2397,36.2297],[-91.2391,36.2385],[-91.2341,36.2423],[-91.2272,36.235],[-91.2261,36.2245],[-91.207,36.2198],[-91.1981,36.2216],[-91.1936,36.2164],[-91.1949,36.2127],[-91.1856,36.2069],[-91.1751,36.2085],[-91.1699,36.2045],[-91.1608,36.2051],[-91.1536,36.1947],[-91.1568,36.1904],[-91.1432,36.1802],[-91.1484,36.1775],[-91.1443,36.1696],[-91.1402,36.1663],[-91.1354,36.1679],[-91.132,36.1604],[-91.1256,36.161],[-91.1195,36.1542],[-91.115,36.1556],[-91.0925,36.1496],[-91.0828,36.1513],[-91.0859,36.1325],[-91.0784,36.1256],[-91.0715,36.1267],[-91.0809,36.1213],[-91.0735,36.1153],[-91.0643,36.1188],[-91.066,36.1433],[-91.0522,36.1536],[-91.047,36.1482],[-91.0466,36.157],[-91.0397,36.1608],[-91.0384,36.1662],[-91.032,36.1629],[-91.0353,36.1695],[-91.0306,36.1733],[-91.03,36.1805],[-91.0237,36.1843],[-91.0094,36.1811],[-91.0123,36.1873],[-91.0096,36.1905],[-91.0009,36.1877],[-90.9957,36.1914],[-90.9877,36.1903],[-90.9968,36.1974],[-90.9876,36.2023],[-90.9986,36.2079],[-90.9864,36.2118],[-90.99,36.217],[-90.9895,36.2251],[-90.9814,36.2272],[-90.9805,36.2309],[-90.9851,36.2327],[-90.9843,36.2405],[-90.969,36.2537],[-90.9749,36.2448],[-90.9828,36.2401],[-90.9834,36.2326],[-90.9772,36.2323],[-90.9804,36.2262],[-90.9878,36.2253],[-90.9884,36.2172],[-90.9851,36.2112],[-90.997,36.2076],[-90.9862,36.2028],[-90.9865,36.2],[-90.9953,36.1973],[-90.9874,36.1943],[-90.9871,36.1888],[-90.9954,36.1901],[-91.001,36.1864],[-91.0091,36.1893],[-91.0087,36.18],[-91.0237,36.183],[-91.0287,36.1797],[-91.0291,36.1729],[-91.0337,36.1694],[-91.0306,36.1622],[-91.0347,36.1615],[-91.0377,36.165],[-91.0383,36.1599],[-91.0452,36.1565],[-91.0459,36.1473],[-91.0503,36.1476],[-91.0519,36.1524],[-91.0648,36.1423],[-91.0619,36.1264],[-91.0634,36.1175],[-91.0773,36.1104],[-91.0851,36.1138],[-91.0894,36.1087],[-91.0848,36.101],[-91.0956,36.1028],[-91.0978,36.0934],[-91.1162,36.0804],[-91.1164,36.0607],[-91.1061,36.0544],[-91.1025,36.0465],[-91.1055,36.0451],[-91.1141,36.0505],[-91.119,36.0458],[-91.1085,36.0412],[-91.1024,36.0335],[-91.1019,36.0276],[-91.1098,36.023],[-91.1159,36.0279],[-91.1223,36.0256],[-91.1272,36.0322],[-91.1282,36.0199],[-91.1278,36.0334],[-91.1211,36.0265],[-91.1155,36.0292],[-91.108,36.0242],[-91.1036,36.0269],[-91.1039,36.0331],[-91.1098,36.0405],[-91.1205,36.0456],[-91.1143,36.0518],[-91.1041,36.0466],[-91.1074,36.0536],[-91.1178,36.0603],[-91.1186,36.0781],[-91.1052,36.0922],[-91.0991,36.0941],[-91.0965,36.1038],[-91.086,36.1019],[-91.091,36.1086],[-91.0878,36.1135],[-91.0837,36.1153],[-91.0776,36.1116],[-91.0743,36.1148],[-91.0818,36.1214],[-91.0723,36.1263],[-91.0788,36.1249],[-91.0869,36.1323],[-91.0834,36.1507],[-91.0926,36.1488],[-91.1151,36.1548],[-91.1197,36.1534],[-91.1262,36.1603],[-91.1326,36.1597],[-91.1361,36.1674],[-91.1404,36.1655],[-91.1452,36.1692],[-91.1494,36.1776],[-91.1441,36.1799],[-91.1577,36.1901],[-91.1557,36.1963],[-91.1615,36.2045],[-91.1679,36.2029],[-91.1751,36.2077],[-91.186,36.2061],[-91.1958,36.2123],[-91.1986,36.2209],[-91.204,36.2182],[-91.2266,36.2237],[-91.2287,36.2358],[-91.2346,36.2416],[-91.2383,36.2379],[-91.2391,36.2283],[-91.2453,36.2233],[-91.2577,36.2258],[-91.2553,36.2297],[-91.2644,36.2303],[-91.2768,36.2385],[-91.2828,36.2369],[-91.2925,36.2475],[-91.3055,36.2386],[-91.3121,36.2399],[-91.3193,36.2477],[-91.3304,36.2495],[-91.3297,36.2539],[-91.3372,36.2568],[-91.3554,36.2469],[-91.3721,36.245],[-91.3749,36.2396],[-91.3831,36.2376],[-91.405,36.2444],[-91.4088,36.2587],[-91.4052,36.2463],[-91.3999,36.2431]],[[-91.3919,36.2402],[-91.3915,36.2407],[-91.3923,36.2411],[-91.3919,36.2402]],[[-91.264,36.2311],[-91.2631,36.2314],[-91.2652,36.233],[-91.264,36.2311]],[[-91.2279,36.2279],[-91.2265,36.2304],[-91.2274,36.2311],[-91.2279,36.2279]],[[-91.2024,36.2192],[-91.2033,36.2191],[-91.2036,36.2189],[-91.2024,36.2192]],[[-91.159,36.2011],[-91.1592,36.2018],[-91.1593,36.2014],[-91.159,36.2011]],[[-91.1545,36.1941],[-91.1545,36.1938],[-91.1548,36.1949],[-91.1545,36.1941]]],[[[-95.6963,36.4034],[-95.6843,36.4084],[-95.6671,36.4077],[-95.6509,36.3967],[-95.6472,36.3889],[-95.6762,36.3871],[-95.6739,36.3682],[-95.6931,36.3566],[-95.6842,36.3411],[-95.6988,36.338],[-95.6894,36.3163],[-95.7039,36.2994],[-95.6794,36.2836],[-95.6817,36.2706],[-95.6904,36.2614],[-95.7031,36.2716],[-95.7128,36.273],[-95.732,36.2656],[-95.7421,36.2662],[-95.7434,36.2645],[-95.7329,36.2562],[-95.7347,36.2495],[-95.7343,36.2562],[-95.7445,36.2639],[-95.7428,36.2671],[-95.7322,36.2667],[-95.7126,36.2741],[-95.7023,36.2725],[-95.6908,36.2625],[-95.6829,36.2711],[-95.6805,36.2831],[-95.7052,36.2993],[-95.6908,36.3165],[-95.7001,36.3382],[-95.6959,36.3417],[-95.6856,36.3414],[-95.6944,36.3567],[-95.6752,36.3686],[-95.6773,36.3878],[-95.6485,36.3892],[-95.652,36.396],[-95.6676,36.4067],[-95.684,36.4074],[-95.6924,36.4024],[-95.6979,36.4032],[-95.7007,36.4077],[-95.6987,36.4139],[-95.6821,36.4224],[-95.6976,36.4132],[-95.6994,36.4078],[-95.6963,36.4034]]],[[[-86.9502,36.6766],[-86.9391,36.6711],[-86.9313,36.6727],[-86.9391,36.6707],[-86.9537,36.6762],[-86.9638,36.6639],[-86.9765,36.6593],[-86.9665,36.6576],[-86.9608,36.6528],[-86.9663,36.6493],[-86.9776,36.6516],[-86.9689,36.6378],[-86.9801,36.6405],[-86.9791,36.6337],[-86.9839,36.635],[-86.9901,36.64],[-86.982,36.644],[-86.9837,36.6457],[-86.9943,36.6407],[-86.9957,36.6322],[-87.0042,36.6366],[-87.0099,36.6109],[-87.0029,36.6076],[-87.0041,36.6035],[-87.0116,36.6055],[-87.0158,36.6136],[-87.0276,36.6137],[-87.0283,36.6093],[-87.0202,36.6051],[-87.0232,36.6006],[-87.0317,36.6035],[-87.0497,36.6022],[-87.0509,36.6087],[-87.0571,36.6027],[-87.0543,36.5921],[-87.0715,36.6018],[-87.0773,36.5898],[-87.0881,36.5904],[-87.0929,36.5847],[-87.0911,36.5804],[-87.0972,36.5801],[-87.1051,36.5848],[-87.1054,36.5776],[-87.119,36.5747],[-87.1201,36.5685],[-87.1328,36.5733],[-87.1339,36.5625],[-87.1495,36.5684],[-87.1494,36.5636],[-87.1378,36.562],[-87.1412,36.5549],[-87.1384,36.5621],[-87.1503,36.5639],[-87.1491,36.5689],[-87.1333,36.563],[-87.1324,36.5737],[-87.1202,36.5688],[-87.1192,36.575],[-87.1057,36.5778],[-87.1048,36.5853],[-87.0971,36.5805],[-87.0913,36.5807],[-87.0934,36.5848],[-87.0885,36.5906],[-87.0775,36.5901],[-87.0716,36.6022],[-87.0545,36.5924],[-87.0575,36.6028],[-87.0511,36.6091],[-87.0496,36.6025],[-87.0317,36.6038],[-87.0233,36.6009],[-87.0208,36.6054],[-87.0287,36.6091],[-87.028,36.6138],[-87.0157,36.614],[-87.0112,36.6058],[-87.0044,36.6038],[-87.0032,36.6073],[-87.0103,36.6109],[-87.0045,36.6368],[-86.9959,36.6325],[-86.9946,36.6409],[-86.9837,36.6461],[-86.9816,36.6437],[-86.9897,36.64],[-86.9837,36.6353],[-86.9794,36.6339],[-86.9802,36.6409],[-86.9692,36.638],[-86.978,36.6518],[-86.9663,36.6497],[-86.9613,36.6527],[-86.9662,36.6572],[-86.9769,36.6594],[-86.9642,36.6642],[-86.9549,36.6761],[-86.9502,36.6766]]],[[[-94.508,37.2752],[-94.5017,37.2631],[-94.4878,37.2674],[-94.4755,37.2643],[-94.4702,37.2584],[-94.4716,37.2512],[-94.4671,37.2515],[-94.4645,37.2453],[-94.4589,37.2456],[-94.4486,37.2391],[-94.4402,37.2219],[-94.4301,37.2208],[-94.4196,37.2266],[-94.408,37.2238],[-94.4065,37.2199],[-94.3945,37.2129],[-94.3636,37.2016],[-94.3549,37.1888],[-94.3427,37.1823],[-94.3346,37.1831],[-94.3322,37.1877],[-94.3136,37.1914],[-94.3018,37.1911],[-94.299,37.185],[-94.3071,37.1875],[-94.3229,37.1853],[-94.3259,37.1885],[-94.3325,37.1868],[-94.3345,37.1824],[-94.343,37.1817],[-94.3576,37.1891],[-94.364,37.201],[-94.4016,37.2151],[-94.4084,37.2232],[-94.4195,37.226],[-94.4303,37.2201],[-94.4332,37.2225],[-94.4406,37.2214],[-94.4515,37.2332],[-94.4493,37.2388],[-94.4728,37.2502],[-94.4745,37.256],[-94.4709,37.2577],[-94.4761,37.2638],[-94.4878,37.2667],[-94.4925,37.2632],[-94.502,37.2625],[-94.5101,37.2751],[-94.51,37.2722],[-94.5184,37.2722],[-94.5225,37.2682],[-94.5312,37.2694],[-94.542,37.2663],[-94.5505,37.2517],[-94.5657,37.247],[-94.5666,37.2389],[-94.5774,37.2304],[-94.5918,37.2224],[-94.6057,37.2213],[-94.6086,37.2101],[-94.6055,37.2035],[-94.6106,37.1969],[-94.6169,37.1937],[-94.6261,37.1984],[-94.6359,37.1988],[-94.6455,37.1946],[-94.6457,37.1836],[-94.635,37.1652],[-94.6195,37.1567],[-94.6164,37.1497],[-94.619,37.1388],[-94.6262,37.1298],[-94.6172,37.1496],[-94.6201,37.1563],[-94.6358,37.1649],[-94.6465,37.1835],[-94.6462,37.1949],[-94.6274,37.2002],[-94.6169,37.1944],[-94.611,37.1974],[-94.6063,37.2036],[-94.6094,37.21],[-94.6062,37.2217],[-94.5921,37.223],[-94.5779,37.2308],[-94.5673,37.2391],[-94.5663,37.2474],[-94.5512,37.2521],[-94.5425,37.2668],[-94.5313,37.27],[-94.5228,37.2688],[-94.5173,37.2754],[-94.5105,37.2728],[-94.5108,37.2754],[-94.508,37.2752]],[[-94.5141,37.2735],[-94.5164,37.2751],[-94.5179,37.2726],[-94.5141,37.2735]],[[-94.5261,37.2694],[-94.5263,37.2685],[-94.5257,37.2687],[-94.5261,37.2694]],[[-94.6258,37.1994],[-94.629,37.1993],[-94.6199,37.1952],[-94.6258,37.1994]],[[-94.6311,37.1987],[-94.6309,37.1989],[-94.632,37.1987],[-94.6311,37.1987]],[[-94.6221,37.1382],[-94.6201,37.1384],[-94.6196,37.1401],[-94.6221,37.1382]],[[-94.499,37.2627],[-94.4974,37.2634],[-94.4983,37.2633],[-94.499,37.2627]],[[-94.4735,37.2552],[-94.4729,37.2561],[-94.4736,37.256],[-94.4735,37.2552]],[[-94.4734,37.2546],[-94.4733,37.2545],[-94.4734,37.2547],[-94.4734,37.2546]],[[-94.4724,37.2519],[-94.4716,37.2522],[-94.4728,37.2529],[-94.4724,37.2519]],[[-94.4697,37.2484],[-94.467,37.2466],[-94.4659,37.2487],[-94.4723,37.251],[-94.4697,37.2484]],[[-94.4606,37.2448],[-94.4584,37.2443],[-94.4595,37.2451],[-94.4606,37.2448]],[[-94.4481,37.2349],[-94.4508,37.2335],[-94.4472,37.2329],[-94.4481,37.2349]],[[-94.4432,37.2236],[-94.4415,37.2248],[-94.4437,37.2253],[-94.4432,37.2236]],[[-94.3993,37.2152],[-94.3999,37.2163],[-94.4011,37.2156],[-94.3993,37.2152]],[[-94.3559,37.189],[-94.3574,37.1917],[-94.3575,37.1902],[-94.3559,37.189]],[[-94.3231,37.1864],[-94.3011,37.1868],[-94.3022,37.1906],[-94.3136,37.1908],[-94.3236,37.1886],[-94.3231,37.1864]],[[-94.3244,37.1886],[-94.3245,37.1889],[-94.3251,37.1886],[-94.3244,37.1886]]],[[[-94.6363,37.1686],[-94.6372,37.1712],[-94.6389,37.1729],[-94.6363,37.1686]]],[[[-94.482,37.2661],[-94.4818,37.2662],[-94.4823,37.2663],[-94.482,37.2661]]],[[[-94.4041,37.2178],[-94.404,37.2178],[-94.4041,37.2179],[-94.4041,37.2178]]],[[[-94.3681,37.2017],[-94.3681,37.2022],[-94.3693,37.2029],[-94.3681,37.2017]]],[[[-85.7567,37.3208],[-85.7548,37.3158],[-85.763,37.3043],[-85.7599,37.2983],[-85.7538,37.2982],[-85.7448,37.3142],[-85.7365,37.3174],[-85.7336,37.3106],[-85.7406,37.2987],[-85.7284,37.2921],[-85.7244,37.2977],[-85.7323,37.309],[-85.7159,37.3206],[-85.7147,37.3083],[-85.6928,37.3005],[-85.6815,37.2882],[-85.6788,37.2786],[-85.6726,37.283],[-85.671,37.3012],[-85.6596,37.3017],[-85.6446,37.2897],[-85.6461,37.2836],[-85.6585,37.2738],[-85.6532,37.268],[-85.6409,37.2819],[-85.6292,37.273],[-85.621,37.272],[-85.6204,37.2816],[-85.6263,37.2948],[-85.6254,37.2994],[-85.6199,37.3008],[-85.6171,37.2904],[-85.614,37.2895],[-85.6001,37.3049],[-85.5914,37.3064],[-85.5894,37.3031],[-85.5991,37.2934],[-85.5806,37.2863],[-85.5996,37.2759],[-85.6031,37.2704],[-85.5985,37.2671],[-85.588,37.2712],[-85.5758,37.2607],[-85.5609,37.2571],[-85.5594,37.254],[-85.5669,37.2474],[-85.5695,37.2383],[-85.5618,37.2333],[-85.538,37.2459],[-85.5232,37.2422],[-85.516,37.2321],[-85.5103,37.2303],[-85.5151,37.2451],[-85.5132,37.255],[-85.5084,37.2587],[-85.4906,37.2508],[-85.484,37.2423],[-85.4794,37.2421],[-85.4858,37.2531],[-85.48,37.2623],[-85.4842,37.2718],[-85.4719,37.2762],[-85.4572,37.2748],[-85.4571,37.2862],[-85.4528,37.2901],[-85.4488,37.2881],[-85.4501,37.28],[-85.4475,37.2738],[-85.4366,37.2695],[-85.438,37.2492],[-85.4332,37.2377],[-85.4161,37.235],[-85.4098,37.2374],[-85.4016,37.2497],[-85.3909,37.2479],[-85.3903,37.2382],[-85.403,37.2364],[-85.4081,37.2326],[-85.4108,37.2255],[-85.4072,37.2224],[-85.3856,37.2242],[-85.3676,37.2209],[-85.35,37.2263],[-85.3487,37.229],[-85.3515,37.2311],[-85.3763,37.2349],[-85.3823,37.2442],[-85.3788,37.25],[-85.367,37.2484],[-85.3544,37.2398],[-85.3441,37.2417],[-85.3412,37.2453],[-85.3436,37.2411],[-85.3546,37.2391],[-85.3787,37.2492],[-85.3813,37.2434],[-85.3757,37.2354],[-85.3535,37.2341],[-85.3478,37.2292],[-85.3493,37.2258],[-85.3675,37.2202],[-85.3856,37.2235],[-85.4076,37.2218],[-85.4117,37.2254],[-85.4093,37.2322],[-85.3917,37.2407],[-85.3917,37.2476],[-85.4011,37.2491],[-85.4091,37.237],[-85.4158,37.2343],[-85.4338,37.2372],[-85.4384,37.2449],[-85.4375,37.2693],[-85.4482,37.2734],[-85.451,37.2799],[-85.4497,37.2879],[-85.4527,37.2893],[-85.4563,37.2856],[-85.4566,37.2742],[-85.471,37.2754],[-85.4835,37.2713],[-85.4791,37.2623],[-85.4849,37.2532],[-85.4781,37.2416],[-85.4845,37.2417],[-85.4912,37.2503],[-85.5083,37.258],[-85.5123,37.2548],[-85.5143,37.2446],[-85.5094,37.2293],[-85.5167,37.2316],[-85.5237,37.2416],[-85.5381,37.2452],[-85.562,37.2326],[-85.5705,37.2382],[-85.5677,37.2477],[-85.5603,37.2543],[-85.5616,37.2567],[-85.5763,37.2601],[-85.5883,37.2705],[-85.5985,37.2664],[-85.604,37.2702],[-85.6002,37.2764],[-85.5815,37.2865],[-85.5999,37.2931],[-85.5989,37.2973],[-85.5902,37.3034],[-85.5919,37.3057],[-85.5994,37.3044],[-85.6138,37.2888],[-85.618,37.2901],[-85.6206,37.3003],[-85.6249,37.2987],[-85.6195,37.2817],[-85.6205,37.2714],[-85.6296,37.2723],[-85.6419,37.2807],[-85.6526,37.267],[-85.6594,37.274],[-85.6468,37.284],[-85.6455,37.2896],[-85.6601,37.3011],[-85.6702,37.3008],[-85.6717,37.2828],[-85.679,37.2779],[-85.6823,37.2878],[-85.6935,37.3],[-85.7154,37.3079],[-85.7161,37.3199],[-85.7315,37.3088],[-85.7235,37.2978],[-85.7279,37.2914],[-85.7413,37.2981],[-85.7347,37.3096],[-85.7367,37.3167],[-85.7447,37.3131],[-85.7492,37.2993],[-85.7604,37.2977],[-85.7637,37.3053],[-85.7555,37.3168],[-85.7598,37.3207],[-85.7675,37.3169],[-85.7685,37.3084],[-85.7866,37.2877],[-85.7944,37.29],[-85.795,37.3037],[-85.8048,37.3052],[-85.8098,37.3016],[-85.8137,37.2894],[-85.8188,37.2871],[-85.8324,37.2886],[-85.8513,37.2974],[-85.8519,37.2824],[-85.8554,37.2781],[-85.8732,37.2757],[-85.8989,37.2569],[-85.9118,37.2638],[-85.9158,37.254],[-85.9257,37.251],[-85.9324,37.2658],[-85.9388,37.2681],[-85.9415,37.2619],[-85.9359,37.2564],[-85.9319,37.2441],[-85.9355,37.2401],[-85.9478,37.2468],[-85.9451,37.2593],[-85.951,37.2627],[-85.9606,37.2574],[-85.9512,37.2468],[-85.951,37.2414],[-85.9657,37.2449],[-85.9745,37.2325],[-85.9787,37.2335],[-85.9817,37.2432],[-85.9888,37.2494],[-86.0039,37.2421],[-86.0119,37.2491],[-86.0175,37.2384],[-86.0217,37.2408],[-86.022,37.2482],[-86.0277,37.2497],[-86.0327,37.2393],[-86.0411,37.234],[-86.0404,37.2253],[-86.0498,37.2226],[-86.0501,37.2143],[-86.0564,37.2148],[-86.0651,37.2228],[-86.0767,37.2271],[-86.0844,37.2178],[-86.096,37.2237],[-86.1041,37.2226],[-86.1075,37.217],[-86.1068,37.2086],[-86.1117,37.2035],[-86.1034,37.1943],[-86.1102,37.1878],[-86.1123,37.1795],[-86.1106,37.1892],[-86.1042,37.1944],[-86.1126,37.2034],[-86.1076,37.2088],[-86.1084,37.2172],[-86.1045,37.2232],[-86.0958,37.2244],[-86.0846,37.2185],[-86.0766,37.2278],[-86.0505,37.215],[-86.0507,37.2229],[-86.0412,37.2257],[-86.0419,37.2342],[-86.0334,37.2397],[-86.0278,37.2504],[-86.0213,37.2487],[-86.0209,37.2412],[-86.0175,37.2391],[-86.0124,37.2497],[-86.0039,37.2428],[-85.9884,37.2501],[-85.9809,37.2435],[-85.978,37.2339],[-85.9748,37.2332],[-85.966,37.2456],[-85.9518,37.2417],[-85.952,37.2465],[-85.9615,37.2574],[-85.9511,37.2634],[-85.9442,37.2595],[-85.9471,37.2478],[-85.9358,37.2408],[-85.9341,37.2499],[-85.9426,37.2625],[-85.9392,37.2687],[-85.9316,37.2662],[-85.9255,37.2517],[-85.917,37.2541],[-85.912,37.2645],[-85.8993,37.2575],[-85.8737,37.2763],[-85.856,37.2786],[-85.8528,37.2826],[-85.8517,37.298],[-85.8321,37.2892],[-85.819,37.2878],[-85.8136,37.2911],[-85.8095,37.3034],[-85.8035,37.3068],[-85.7943,37.3041],[-85.7936,37.2903],[-85.7869,37.2884],[-85.7715,37.3061],[-85.767,37.3187],[-85.7567,37.3208]],[[-85.7706,37.307],[-85.7683,37.3106],[-85.7688,37.3123],[-85.7706,37.307]],[[-85.916,37.255],[-85.9149,37.2567],[-85.9142,37.2599],[-85.916,37.255]],[[-86.1096,37.1891],[-86.1089,37.1896],[-86.1082,37.1903],[-86.1096,37.1891]],[[-85.7469,37.3075],[-85.7524,37.2986],[-85.7481,37.3021],[-85.7469,37.3075]],[[-85.3544,37.2336],[-85.3589,37.233],[-85.3529,37.2322],[-85.3544,37.2336]],[[-85.3682,37.2467],[-85.3668,37.2475],[-85.3713,37.2486],[-85.3682,37.2467]]],[[[-85.9467,37.2467],[-85.9444,37.2442],[-85.9431,37.2436],[-85.9467,37.2467]]],[[[-85.6359,37.2783],[-85.6379,37.2808],[-85.6402,37.2812],[-85.6359,37.2783]]],[[[-85.3907,37.2407],[-85.3969,37.2381],[-85.391,37.2387],[-85.3898,37.2436],[-85.3907,37.2407]]],[[[-90.4719,37.3856],[-90.4577,37.372],[-90.4652,37.3741],[-90.4736,37.3844],[-90.4781,37.375],[-90.472,37.3712],[-90.4719,37.3637],[-90.4757,37.3613],[-90.4857,37.3646],[-90.4886,37.3621],[-90.484,37.3526],[-90.4637,37.3531],[-90.4601,37.3498],[-90.4685,37.3385],[-90.4816,37.3385],[-90.4826,37.3274],[-90.4795,37.3241],[-90.4628,37.3209],[-90.4592,37.3257],[-90.4479,37.3295],[-90.4432,37.3267],[-90.4528,37.3131],[-90.4709,37.303],[-90.4682,37.2999],[-90.4595,37.3003],[-90.4591,37.2956],[-90.4613,37.2913],[-90.4788,37.2821],[-90.4799,37.278],[-90.4719,37.2771],[-90.4647,37.2718],[-90.4533,37.2732],[-90.4513,37.2679],[-90.4615,37.2622],[-90.4588,37.2458],[-90.4668,37.2404],[-90.473,37.239],[-90.4794,37.2417],[-90.4866,37.2359],[-90.4949,37.2417],[-90.5138,37.2334],[-90.5147,37.2298],[-90.5118,37.2199],[-90.5051,37.2127],[-90.506,37.1991],[-90.4933,37.1884],[-90.4967,37.1806],[-90.4948,37.1761],[-90.4794,37.1661],[-90.4824,37.1557],[-90.4746,37.1566],[-90.4694,37.1527],[-90.468,37.1382],[-90.4622,37.1305],[-90.4677,37.1208],[-90.4665,37.1094],[-90.4598,37.1054],[-90.4558,37.0974],[-90.4457,37.0934],[-90.4452,37.0797],[-90.4403,37.0747],[-90.4271,37.07],[-90.4231,37.0596],[-90.4285,37.0691],[-90.4413,37.0735],[-90.4462,37.0783],[-90.4479,37.0909],[-90.4678,37.1081],[-90.4695,37.1212],[-90.4641,37.1296],[-90.4697,37.1378],[-90.4692,37.1464],[-90.4724,37.1516],[-90.4839,37.1549],[-90.481,37.1654],[-90.4965,37.1755],[-90.4985,37.1806],[-90.495,37.1879],[-90.5077,37.1985],[-90.5072,37.2106],[-90.5165,37.2297],[-90.5134,37.2356],[-90.5078,37.2357],[-90.4967,37.2428],[-90.4922,37.243],[-90.4875,37.2376],[-90.48,37.2431],[-90.4726,37.2405],[-90.4666,37.2431],[-90.4607,37.2474],[-90.4632,37.2628],[-90.4532,37.2689],[-90.4547,37.272],[-90.4645,37.2697],[-90.4727,37.2758],[-90.4817,37.2778],[-90.4802,37.2831],[-90.4626,37.2924],[-90.4609,37.2961],[-90.4608,37.2992],[-90.4716,37.2999],[-90.4724,37.3038],[-90.4541,37.3141],[-90.445,37.3268],[-90.4551,37.3258],[-90.4635,37.3192],[-90.4804,37.3228],[-90.486,37.3282],[-90.4817,37.3361],[-90.483,37.3394],[-90.4695,37.3397],[-90.4622,37.3493],[-90.4656,37.3518],[-90.4838,37.3501],[-90.489,37.3564],[-90.4891,37.365],[-90.4735,37.3643],[-90.4737,37.3706],[-90.4785,37.3717],[-90.4799,37.3754],[-90.4771,37.3845],[-90.4719,37.3856]],[[-90.4844,37.3291],[-90.4844,37.3289],[-90.4838,37.3302],[-90.4844,37.3291]],[[-90.4783,37.1541],[-90.4719,37.1531],[-90.475,37.1552],[-90.4783,37.1541]],[[-90.4476,37.0929],[-90.4483,37.0935],[-90.4492,37.0939],[-90.4476,37.0929]]],[[[-95.4337,37.9263],[-95.4283,37.9285],[-95.4252,37.9205],[-95.4162,37.9161],[-95.4228,37.9087],[-95.4357,37.9153],[-95.4399,37.9144],[-95.4206,37.8994],[-95.4555,37.8752],[-95.4649,37.851],[-95.4729,37.8474],[-95.4692,37.835],[-95.4553,37.8239],[-95.4473,37.8116],[-95.45,37.8019],[-95.4453,37.7965],[-95.4491,37.7898],[-95.4463,37.7965],[-95.451,37.8018],[-95.4483,37.8114],[-95.4562,37.8235],[-95.4701,37.8346],[-95.4739,37.8475],[-95.4658,37.8514],[-95.4563,37.8758],[-95.4216,37.8997],[-95.4409,37.9135],[-95.4358,37.9162],[-95.4229,37.9095],[-95.4172,37.9142],[-95.4267,37.9207],[-95.429,37.9278],[-95.4333,37.9254],[-95.4387,37.9281],[-95.4385,37.9484],[-95.4425,37.9503],[-95.4383,37.9501],[-95.4386,37.9309],[-95.4337,37.9263]]],[[[-83.4028,40.0683],[-83.4,40.061],[-83.3938,40.0573],[-83.3974,40.0373],[-83.3818,40.0172],[-83.3845,40.0064],[-83.3797,39.9939],[-83.3701,39.9818],[-83.373,39.9771],[-83.3518,39.9717],[-83.35,39.9663],[-83.3443,39.9628],[-83.3349,39.9638],[-83.332,39.967],[-83.3251,39.9635],[-83.3142,39.9707],[-83.3089,39.9655],[-83.3082,39.9589],[-83.2972,39.9604],[-83.3006,39.9499],[-83.2797,39.9464],[-83.2658,39.9515],[-83.2597,39.9454],[-83.2658,39.9511],[-83.2796,39.946],[-83.3008,39.9496],[-83.3001,39.9597],[-83.3088,39.9588],[-83.3094,39.9653],[-83.3144,39.9703],[-83.3249,39.9631],[-83.332,39.9666],[-83.3347,39.9634],[-83.3444,39.9624],[-83.3504,39.966],[-83.3521,39.9714],[-83.3734,39.9769],[-83.3707,39.9819],[-83.3826,39.9963],[-83.3805,39.9994],[-83.385,40.0064],[-83.3823,40.0171],[-83.3979,40.0372],[-83.3943,40.0572],[-83.4004,40.0608],[-83.4033,40.0685],[-83.4039,40.0795],[-83.3971,40.0856],[-83.3917,40.112],[-83.3966,40.0855],[-83.4034,40.0794],[-83.4028,40.0683]],[[-83.381,39.9955],[-83.3817,39.9973],[-83.3822,39.9966],[-83.381,39.9955]],[[-83.2993,39.9556],[-83.2977,39.9602],[-83.3016,39.9604],[-83.2993,39.9556]]],[[[-83.3755,39.9872],[-83.3758,39.988],[-83.3756,39.9874],[-83.3755,39.9872]]],[[[-83.3751,39.9864],[-83.3751,39.9866],[-83.3753,39.9868],[-83.3751,39.9864]]],[[[-83.2623,39.9462],[-83.2613,39.9467],[-83.2627,39.9482],[-83.2623,39.9462]]],[[[-87.6231,40.3362],[-87.6255,40.3308],[-87.6153,40.3224],[-87.6145,40.3182],[-87.6199,40.3159],[-87.6209,40.3103],[-87.6256,40.3154],[-87.6363,40.3186],[-87.6337,40.3146],[-87.6374,40.3087],[-87.622,40.3087],[-87.6159,40.2946],[-87.6207,40.2923],[-87.6143,40.287],[-87.6236,40.2866],[-87.6255,40.2779],[-87.6333,40.2741],[-87.6306,40.2695],[-87.6395,40.2734],[-87.6415,40.2662],[-87.6463,40.2636],[-87.6389,40.2647],[-87.6356,40.2595],[-87.6252,40.2548],[-87.6289,40.2518],[-87.6284,40.2479],[-87.6355,40.2445],[-87.6307,40.24],[-87.6351,40.2381],[-87.6283,40.2357],[-87.6303,40.2341],[-87.627,40.2308],[-87.6364,40.2283],[-87.6351,40.2225],[-87.6313,40.2213],[-87.6349,40.2181],[-87.6316,40.2151],[-87.6355,40.214],[-87.6387,40.2159],[-87.6322,40.2151],[-87.6355,40.2181],[-87.6319,40.2213],[-87.6358,40.2226],[-87.637,40.2285],[-87.6276,40.2308],[-87.6308,40.234],[-87.6287,40.2354],[-87.6356,40.2379],[-87.6312,40.24],[-87.6361,40.2446],[-87.6289,40.2481],[-87.6294,40.2519],[-87.6257,40.2547],[-87.636,40.2591],[-87.6392,40.2643],[-87.6469,40.2637],[-87.6421,40.2664],[-87.6397,40.2738],[-87.6311,40.2698],[-87.6339,40.2742],[-87.626,40.2781],[-87.624,40.2869],[-87.6149,40.2871],[-87.6213,40.2922],[-87.6165,40.2946],[-87.6229,40.3039],[-87.6207,40.3053],[-87.6225,40.3084],[-87.638,40.3083],[-87.6341,40.3147],[-87.6373,40.3162],[-87.6365,40.3189],[-87.6253,40.3156],[-87.621,40.3106],[-87.6203,40.316],[-87.6149,40.3183],[-87.6156,40.3221],[-87.6259,40.3307],[-87.6231,40.3362]],[[-87.6296,40.233],[-87.6296,40.2332],[-87.6298,40.2332],[-87.6296,40.233]]],[[[-87.6371,40.308],[-87.6371,40.3083],[-87.6373,40.3082],[-87.6371,40.308]]],[[[-87.6362,40.308],[-87.6364,40.3079],[-87.6364,40.308],[-87.6362,40.308]]],[[[-82.0928,40.3644],[-82.0859,40.3591],[-82.0867,40.3541],[-82.0816,40.3448],[-82.0674,40.3441],[-82.0585,40.335],[-82.0497,40.3372],[-82.0469,40.3429],[-82.0316,40.3383],[-82.0296,40.3315],[-82.0177,40.3347],[-82.0151,40.339],[-82.0077,40.3341],[-82.0148,40.3383],[-82.0172,40.3341],[-82.0299,40.3308],[-82.0322,40.3377],[-82.0468,40.3422],[-82.0491,40.3366],[-82.0589,40.3343],[-82.0678,40.3435],[-82.083,40.3448],[-82.0877,40.354],[-82.0868,40.359],[-82.0946,40.3643],[-82.1117,40.3486],[-82.1186,40.3492],[-82.1277,40.3613],[-82.1509,40.3544],[-82.1599,40.3604],[-82.1468,40.3548],[-82.1276,40.3621],[-82.1167,40.3493],[-82.1119,40.3493],[-82.1016,40.3615],[-82.0928,40.3644]],[[-82.1191,40.3515],[-82.1191,40.351],[-82.1182,40.35],[-82.1191,40.3515]],[[-82.0401,40.3398],[-82.0367,40.3397],[-82.0424,40.3413],[-82.0401,40.3398]]],[[[-86.7526,40.6401],[-86.7571,40.6374],[-86.7648,40.6389],[-86.7552,40.6291],[-86.7608,40.6192],[-86.7557,40.6183],[-86.7462,40.6249],[-86.7417,40.6189],[-86.7464,40.613],[-86.7645,40.6108],[-86.7579,40.6052],[-86.7446,40.6058],[-86.7426,40.6007],[-86.7515,40.5961],[-86.7615,40.5989],[-86.7692,40.5967],[-86.7699,40.5879],[-86.7627,40.5736],[-86.7651,40.5647],[-86.761,40.5573],[-86.7686,40.5544],[-86.7759,40.562],[-86.7792,40.558],[-86.7781,40.5529],[-86.7709,40.5512],[-86.763,40.542],[-86.7682,40.5371],[-86.7793,40.5368],[-86.7867,40.5331],[-86.7841,40.5249],[-86.7875,40.5212],[-86.7854,40.5155],[-86.7875,40.5143],[-86.7897,40.5339],[-86.7657,40.5423],[-86.7826,40.5545],[-86.7808,40.562],[-86.7767,40.5641],[-86.7682,40.5566],[-86.7636,40.5579],[-86.7678,40.5643],[-86.7655,40.5701],[-86.7726,40.5876],[-86.7718,40.5974],[-86.7623,40.601],[-86.7523,40.5981],[-86.7452,40.6012],[-86.7469,40.6044],[-86.7615,40.604],[-86.7672,40.6107],[-86.7582,40.6157],[-86.7477,40.6149],[-86.7444,40.6195],[-86.7461,40.6228],[-86.7557,40.6161],[-86.7634,40.6185],[-86.7579,40.6288],[-86.7676,40.6393],[-86.7554,40.6404],[-86.759,40.651],[-86.7543,40.6562],[-86.7517,40.6557],[-86.756,40.6515],[-86.7563,40.6463],[-86.7526,40.6401]]],[[[-86.5977,41.0562],[-86.5929,41.0524],[-86.5908,41.0534],[-86.5945,41.0574],[-86.5917,41.0575],[-86.5879,41.0535],[-86.5985,41.05],[-86.582,41.0501],[-86.5782,41.0449],[-86.5634,41.043],[-86.5714,41.0401],[-86.5831,41.0235],[-86.5921,41.0224],[-86.5826,41.0154],[-86.5898,41.0151],[-86.5988,41.0063],[-86.6111,41.0063],[-86.6344,40.9919],[-86.6464,40.9894],[-86.6503,40.9808],[-86.6599,40.9712],[-86.6858,40.9668],[-86.6839,40.954],[-86.6932,40.9477],[-86.6905,40.9461],[-86.6935,40.9419],[-86.6901,40.9368],[-86.6961,40.9252],[-86.7069,40.9186],[-86.7136,40.8961],[-86.7236,40.8959],[-86.738,40.8845],[-86.7473,40.8825],[-86.7548,40.8697],[-86.7716,40.8692],[-86.7749,40.8635],[-86.7654,40.8556],[-86.7597,40.8456],[-86.7804,40.8336],[-86.7849,40.8339],[-86.7624,40.8461],[-86.7775,40.8628],[-86.7736,40.8705],[-86.7562,40.8715],[-86.7485,40.885],[-86.7396,40.8862],[-86.7248,40.8978],[-86.717,40.897],[-86.7106,40.9185],[-86.6984,40.9263],[-86.6928,40.9373],[-86.6962,40.9413],[-86.6937,40.9446],[-86.696,40.9481],[-86.6865,40.9547],[-86.6882,40.9678],[-86.6608,40.9735],[-86.6481,40.9911],[-86.6359,40.9936],[-86.6123,41.0082],[-86.6003,41.008],[-86.5919,41.0165],[-86.5859,41.017],[-86.5933,41.0198],[-86.5945,41.0234],[-86.5853,41.0248],[-86.5823,41.0319],[-86.5738,41.0378],[-86.5735,41.0416],[-86.566,41.0425],[-86.5793,41.043],[-86.5829,41.048],[-86.5999,41.0482],[-86.6046,41.0561],[-86.5977,41.0562]],[[-86.5992,41.0537],[-86.6018,41.0558],[-86.6013,41.0545],[-86.5992,41.0537]]],[[[-80.396,41.4184],[-80.3902,41.3908],[-80.3939,41.3859],[-80.3913,41.3826],[-80.3988,41.3711],[-80.3988,41.3551],[-80.3896,41.3474],[-80.3842,41.3492],[-80.3823,41.3458],[-80.3745,41.3445],[-80.3701,41.3411],[-80.3726,41.3378],[-80.3667,41.3358],[-80.3687,41.3343],[-80.3528,41.3308],[-80.3517,41.326],[-80.3423,41.3206],[-80.323,41.3153],[-80.3223,41.3063],[-80.3171,41.3033],[-80.3211,41.282],[-80.3373,41.2846],[-80.3212,41.2826],[-80.3178,41.3033],[-80.3229,41.3061],[-80.3236,41.315],[-80.3426,41.3201],[-80.3523,41.3257],[-80.353,41.3302],[-80.3691,41.3338],[-80.3674,41.3356],[-80.3731,41.3375],[-80.3708,41.3409],[-80.375,41.3441],[-80.3827,41.3453],[-80.3844,41.3487],[-80.39,41.3469],[-80.3995,41.3549],[-80.3995,41.3712],[-80.392,41.3828],[-80.3946,41.3859],[-80.3909,41.3908],[-80.3953,41.4178],[-80.3994,41.4219],[-80.396,41.4184]]],[[[-80.3961,41.3744],[-80.3959,41.3745],[-80.3965,41.3747],[-80.3961,41.3744]]],[[[-84.7584,41.4755],[-84.7535,41.4717],[-84.7529,41.4658],[-84.7443,41.4609],[-84.753,41.4657],[-84.7537,41.4716],[-84.7588,41.4755],[-84.7677,41.4737],[-84.7739,41.4672],[-84.7838,41.4644],[-84.7938,41.4658],[-84.7982,41.463],[-84.8042,41.468],[-84.7982,41.4631],[-84.7939,41.466],[-84.7839,41.4645],[-84.774,41.4674],[-84.7679,41.4738],[-84.7584,41.4755]]],[[[-84.793,41.4649],[-84.7932,41.465],[-84.7932,41.4648],[-84.793,41.4649]]],[[[-79.8975,41.9107],[-79.8957,41.9082],[-79.899,41.9031],[-79.9055,41.9026],[-79.9202,41.8936],[-79.942,41.8977],[-79.9433,41.9042],[-79.9557,41.8994],[-79.9553,41.9046],[-79.9636,41.9074],[-79.9688,41.9002],[-79.9739,41.903],[-79.9852,41.9019],[-79.9931,41.8897],[-79.9897,41.885],[-79.9983,41.8846],[-79.9987,41.8817],[-79.9905,41.8789],[-79.9978,41.8687],[-79.9937,41.8675],[-79.9961,41.8625],[-79.9797,41.8549],[-79.9769,41.8516],[-79.9784,41.846],[-79.9752,41.8454],[-79.978,41.8334],[-79.9753,41.8274],[-79.9838,41.8241],[-79.9815,41.8185],[-79.9878,41.8146],[-79.9818,41.8076],[-79.9868,41.8026],[-79.9913,41.8045],[-79.9901,41.8015],[-79.9935,41.8004],[-79.9876,41.7988],[-79.9867,41.7913],[-79.9818,41.7903],[-79.9841,41.7876],[-79.9735,41.7884],[-79.9682,41.7851],[-79.9692,41.7874],[-79.9618,41.7876],[-79.9629,41.7828],[-79.9599,41.7845],[-79.9543,41.7813],[-79.9487,41.7708],[-79.9396,41.768],[-79.9386,41.7638],[-79.9337,41.7644],[-79.9311,41.7572],[-79.8887,41.7427],[-79.9313,41.757],[-79.9339,41.7642],[-79.9387,41.7636],[-79.9399,41.7678],[-79.949,41.7707],[-79.9546,41.7811],[-79.9599,41.7842],[-79.9632,41.7827],[-79.962,41.7874],[-79.969,41.7872],[-79.9682,41.7848],[-79.9736,41.7882],[-79.9842,41.7873],[-79.9822,41.7903],[-79.987,41.7912],[-79.9886,41.7995],[-79.999,41.7988],[-80.0034,41.8037],[-80.0059,41.8004],[-80.0059,41.8038],[-80.0101,41.8032],[-80.0087,41.8052],[-80.0121,41.8018],[-80.0182,41.8047],[-80.0227,41.8016],[-80.0246,41.8042],[-80.0249,41.7998],[-80.0314,41.802],[-80.0322,41.7988],[-80.0467,41.8074],[-80.0544,41.8039],[-80.0679,41.8105],[-80.0804,41.8105],[-80.0827,41.8039],[-80.0806,41.7997],[-80.0918,41.798],[-80.1074,41.7892],[-80.1088,41.7802],[-80.1053,41.774],[-80.115,41.7633],[-80.1117,41.7574],[-80.1136,41.7532],[-80.1202,41.7507],[-80.1237,41.7423],[-80.1373,41.7417],[-80.1502,41.7306],[-80.1488,41.7233],[-80.1515,41.72],[-80.1442,41.7104],[-80.1464,41.6961],[-80.1512,41.6922],[-80.1619,41.6934],[-80.1688,41.6891],[-80.1712,41.6788],[-80.1789,41.6711],[-80.1715,41.6622],[-80.1648,41.6596],[-80.1646,41.6562],[-80.1602,41.6562],[-80.1568,41.6489],[-80.1616,41.6377],[-80.1565,41.6222],[-80.1603,41.6101],[-80.1543,41.6081],[-80.156,41.6044],[-80.1508,41.6047],[-80.1552,41.6009],[-80.1442,41.5945],[-80.1442,41.5911],[-80.1498,41.5896],[-80.1412,41.5861],[-80.1156,41.5623],[-80.109,41.5595],[-80.1109,41.5556],[-80.1036,41.5473],[-80.1006,41.5359],[-80.0899,41.5357],[-80.0778,41.5257],[-80.0547,41.5202],[-80.0472,41.508],[-80.042,41.5105],[-80.0419,41.5053],[-80.0379,41.5037],[-80.0306,41.4921],[-80.0305,41.4861],[-80.021,41.4739],[-80.0062,41.4699],[-79.9835,41.4553],[-79.9704,41.4511],[-79.9666,41.4452],[-79.9564,41.4434],[-79.9556,41.4389],[-79.9415,41.427],[-79.9294,41.4277],[-79.9237,41.4129],[-79.8812,41.4212],[-79.8737,41.4146],[-79.8597,41.4149],[-79.8523,41.4118],[-79.8562,41.4063],[-79.8538,41.4013],[-79.8257,41.4011],[-79.8172,41.3921],[-79.8144,41.3762],[-79.7871,41.3683],[-79.7873,41.352],[-79.7701,41.3413],[-79.7685,41.3312],[-79.7842,41.3238],[-79.8256,41.3297],[-79.8518,41.317],[-79.8415,41.3031],[-79.8519,41.2936],[-79.8517,41.2905],[-79.8327,41.2926],[-79.823,41.2863],[-79.826,41.2815],[-79.8435,41.2734],[-79.8443,41.2698],[-79.8329,41.263],[-79.8206,41.2768],[-79.8067,41.2799],[-79.7972,41.2776],[-79.794,41.2723],[-79.7951,41.2545],[-79.7812,41.2418],[-79.7772,41.2295],[-79.7732,41.2278],[-79.7593,41.2337],[-79.752,41.2314],[-79.7508,41.2255],[-79.76,41.2107],[-79.7575,41.2081],[-79.7475,41.2114],[-79.7473,41.2204],[-79.7409,41.2316],[-79.7341,41.234],[-79.7261,41.2325],[-79.7226,41.2255],[-79.7277,41.2126],[-79.7127,41.2049],[-79.7062,41.1968],[-79.7079,41.1906],[-79.7175,41.1834],[-79.7171,41.1803],[-79.6993,41.1771],[-79.6954,41.1751],[-79.6967,41.1728],[-79.7138,41.1745],[-79.7212,41.1791],[-79.7215,41.1848],[-79.7106,41.1964],[-79.7159,41.2026],[-79.7318,41.2112],[-79.727,41.2257],[-79.7288,41.2299],[-79.739,41.2281],[-79.7432,41.2105],[-79.7476,41.2068],[-79.7569,41.2047],[-79.7626,41.2071],[-79.7651,41.2139],[-79.7555,41.2256],[-79.7561,41.23],[-79.7722,41.2245],[-79.7805,41.2273],[-79.7852,41.2404],[-79.7989,41.2526],[-79.8003,41.2752],[-79.8119,41.2762],[-79.8192,41.2735],[-79.8274,41.2615],[-79.8321,41.2597],[-79.8411,41.2617],[-79.8485,41.2686],[-79.8467,41.2756],[-79.8274,41.2859],[-79.8335,41.2893],[-79.8503,41.2865],[-79.8561,41.2896],[-79.8565,41.2937],[-79.8494,41.3007],[-79.8482,41.3067],[-79.8568,41.3141],[-79.855,41.3193],[-79.8257,41.3331],[-79.7843,41.3271],[-79.7726,41.3325],[-79.7748,41.3405],[-79.7914,41.348],[-79.79,41.3606],[-79.7942,41.3672],[-79.8188,41.375],[-79.8213,41.3923],[-79.8264,41.4002],[-79.8532,41.3996],[-79.8577,41.4027],[-79.8541,41.4109],[-79.8777,41.4148],[-79.8801,41.42],[-79.9245,41.412],[-79.9303,41.4268],[-79.9482,41.4278],[-79.9574,41.4426],[-79.9674,41.4442],[-79.9712,41.4502],[-79.9826,41.4534],[-80.0069,41.469],[-80.0221,41.4732],[-80.0318,41.4856],[-80.0319,41.4917],[-80.0392,41.5033],[-80.0507,41.509],[-80.0556,41.5194],[-80.0786,41.5248],[-80.0905,41.5348],[-80.1015,41.5351],[-80.105,41.547],[-80.1123,41.5554],[-80.1102,41.559],[-80.1167,41.5616],[-80.1423,41.5853],[-80.1512,41.5892],[-80.1455,41.5941],[-80.1564,41.6003],[-80.1582,41.6035],[-80.1555,41.6075],[-80.1617,41.6101],[-80.1579,41.6222],[-80.163,41.6378],[-80.1582,41.6487],[-80.1613,41.6555],[-80.1657,41.6555],[-80.166,41.6589],[-80.1726,41.6615],[-80.1803,41.6709],[-80.1698,41.6899],[-80.1624,41.6944],[-80.1525,41.693],[-80.1477,41.6965],[-80.1466,41.7126],[-80.153,41.7199],[-80.1503,41.7234],[-80.1514,41.7323],[-80.138,41.7426],[-80.1247,41.7431],[-80.1213,41.7514],[-80.1147,41.7538],[-80.1131,41.7572],[-80.1163,41.7636],[-80.1068,41.7741],[-80.1102,41.7802],[-80.1088,41.7896],[-80.0925,41.799],[-80.0817,41.8004],[-80.0842,41.8039],[-80.0823,41.8109],[-80.0684,41.8118],[-80.0544,41.805],[-80.0406,41.809],[-80.0329,41.8002],[-80.0316,41.8031],[-80.0259,41.8006],[-80.0251,41.8052],[-80.014,41.8053],[-80.0122,41.8029],[-80.0127,41.8052],[-80.0085,41.8063],[-79.9989,41.8],[-79.9833,41.8077],[-79.9898,41.8155],[-79.9832,41.8183],[-79.9849,41.8248],[-79.9766,41.8278],[-79.9795,41.8334],[-79.9768,41.8449],[-79.98,41.846],[-79.9788,41.8522],[-79.9869,41.859],[-79.9971,41.8599],[-79.998,41.8647],[-79.995,41.8651],[-79.9992,41.8689],[-79.992,41.8787],[-80.0002,41.8817],[-79.9989,41.8857],[-79.991,41.8855],[-79.9945,41.89],[-79.9863,41.9027],[-79.9737,41.9041],[-79.9695,41.9011],[-79.9679,41.9071],[-79.9641,41.9086],[-79.9542,41.9053],[-79.9549,41.9004],[-79.9429,41.9053],[-79.9397,41.9019],[-79.9412,41.8986],[-79.9204,41.8947],[-79.8989,41.9051],[-79.9014,41.9203],[-79.8975,41.9107]],[[-80.0414,41.8079],[-80.043,41.8063],[-80.0427,41.8057],[-80.0414,41.8079]],[[-80.1458,41.711],[-80.1457,41.7106],[-80.1458,41.7111],[-80.1458,41.711]],[[-80.1757,41.6774],[-80.1725,41.6793],[-80.1724,41.6809],[-80.1757,41.6774]],[[-80.1552,41.6033],[-80.154,41.6029],[-80.1521,41.604],[-80.1552,41.6033]],[[-80.0443,41.5067],[-80.0425,41.5082],[-80.0433,41.5098],[-80.0443,41.5067]],[[-80.0245,41.4769],[-80.0243,41.4768],[-80.0246,41.4773],[-80.0245,41.4769]],[[-79.9466,41.4284],[-79.9459,41.4283],[-79.9477,41.4301],[-79.9466,41.4284]],[[-79.8614,41.414],[-79.8589,41.4131],[-79.8603,41.4139],[-79.8614,41.414]],[[-79.8559,41.4024],[-79.8562,41.4032],[-79.8562,41.4026],[-79.8559,41.4024]],[[-80.0087,41.8037],[-80.0086,41.8039],[-80.0088,41.8038],[-80.0087,41.8037]]],[[[-80.0429,41.5044],[-80.0436,41.5057],[-80.0433,41.5047],[-80.0429,41.5044]]],[[[-79.9675,41.7856],[-79.9677,41.7856],[-79.9678,41.7855],[-79.9675,41.7856]]],[[[-79.8999,41.7474],[-79.9001,41.7474],[-79.9003,41.7472],[-79.8999,41.7474]]]]},"properties":{"common_name":"Unknown","scientific_name":"","status":"","layer":"critical_habitat"}},{"type":"Feature","geometry":{"type":"Polygon","coordinates":[[[-87.2766,40.6998],[-87.236,40.6894],[-87.2259,40.6895],[-87.2204,40.6857],[-87.2055,40.6856],[-87.1938,40.6772],[-87.1827,40.6749],[-87.1783,40.6665],[-87.1518,40.6678],[-87.1461,40.6642],[-87.1318,40.6645],[-87.1233,40.6701],[-87.1101,40.671],[-87.1094,40.6736],[-87.0949,40.6625],[-87.0868,40.6614],[-87.0773,40.6663],[-87.0683,40.6631],[-87.0482,40.6631],[-87.0406,40.6536],[-87.0005,40.6497],[-86.992,40.6452],[-86.9965,40.64],[-86.9983,40.6279],[-87.0038,40.6275],[-87.0084,40.6203],[-87.0021,40.6121],[-87.009,40.6087],[-87.0095,40.6039],[-87.0143,40.6005],[-87.0115,40.5982],[-87.0135,40.5932],[-87.0273,40.5816],[-87.0744,40.5742],[-87.0757,40.5717],[-87.0704,40.5676],[-87.0606,40.5647],[-87.0571,40.5511],[-87.0271,40.5594],[-87.0012,40.5594],[-86.9952,40.5655],[-86.9964,40.5706],[-86.9929,40.5731],[-86.9694,40.5776],[-86.9595,40.5696],[-86.9384,40.5694],[-86.9347,40.5665],[-86.9194,40.5871],[-86.892,40.5834],[-86.8917,40.5797],[-86.8866,40.5762],[-86.8793,40.5749],[-86.8678,40.5757],[-86.8633,40.58],[-86.8562,40.5653],[-86.8364,40.5597],[-86.8332,40.5557],[-86.8342,40.5502],[-86.8212,40.5536],[-86.8111,40.5374],[-86.81,40.524],[-86.8262,40.5137],[-86.8366,40.512],[-86.8468,40.5036],[-86.8488,40.5012],[-86.8455,40.4945],[-86.8581,40.486],[-86.8527,40.4833],[-86.8578,40.4738],[-86.8603,40.471],[-86.8683,40.4723],[-86.8733,40.4592],[-86.8673,40.4549],[-86.8573,40.4556],[-86.8568,40.4504],[-86.8607,40.4479],[-86.8586,40.4462],[-86.8645,40.4414],[-86.8572,40.4377],[-86.8496,40.4198],[-86.8433,40.4221],[-86.8321,40.4091],[-86.8347,40.3964],[-86.8328,40.3933],[-86.822,40.3879],[-86.8132,40.3906],[-86.799,40.3867],[-86.797,40.3783],[-86.7871,40.3745],[-86.7662,40.3738],[-86.7628,40.3668],[-86.7698,40.3628],[-86.7772,40.3521],[-86.7747,40.3473],[-86.7772,40.3436],[-86.7691,40.3367],[-86.7603,40.3214],[-86.7679,40.3172],[-86.7636,40.3123],[-86.7672,40.306],[-86.7737,40.3015],[-86.7852,40.3015],[-86.7772,40.2914],[-86.7777,40.2852],[-86.7712,40.2829],[-86.7689,40.2766],[-86.7627,40.2752],[-86.7544,40.2782],[-86.7452,40.275],[-86.743,40.2624],[-86.7333,40.2541],[-86.7287,40.2541],[-86.7281,40.2488],[-86.732,40.2466],[-86.7348,40.2381],[-86.7301,40.2335],[-86.7102,40.235],[-86.6971,40.25],[-86.6897,40.2439],[-86.6726,40.2465],[-86.6675,40.2406],[-86.6605,40.241],[-86.643,40.2523],[-86.6279,40.2543],[-86.6158,40.2608],[-86.5891,40.253],[-86.5728,40.2574],[-86.5355,40.2549],[-86.5246,40.2573],[-86.5155,40.2173],[-86.511,40.2165],[-86.505,40.221],[-86.5001,40.232],[-86.4802,40.2329],[-86.4748,40.2375],[-86.4601,40.2335],[-86.4338,40.2353],[-86.4162,40.2446],[-86.4053,40.2463],[-86.3931,40.2609],[-86.3666,40.263],[-86.3521,40.2574],[-86.3514,40.2638],[-86.3474,40.2665],[-86.3368,40.2718],[-86.3263,40.2725],[-86.303,40.2873],[-86.2943,40.2874],[-86.2795,40.2959],[-86.273,40.2921],[-86.2765,40.2867],[-86.2749,40.2702],[-86.2642,40.2762],[-86.2518,40.2766],[-86.2478,40.2814],[-86.2205,40.2837],[-86.2188,40.2932],[-86.2018,40.2965],[-86.1983,40.3019],[-86.1758,40.3024],[-86.1694,40.3079],[-86.1618,40.3046],[-86.1564,40.3088],[-86.1395,40.3087],[-86.1318,40.3152],[-86.1138,40.3191],[-86.0835,40.3181],[-86.0683,40.3218],[-86.0542,40.3165],[-86.041,40.2856],[-86.0316,40.2906],[-86.0315,40.2944],[-86.0226,40.2943],[-86.0194,40.3049],[-86.0054,40.3174],[-85.9985,40.311],[-85.9886,40.3085],[-85.9657,40.3105],[-85.9553,40.3045],[-85.9448,40.3082],[-85.918,40.3],[-85.9003,40.3132],[-85.8894,40.3302],[-85.8807,40.3327],[-85.8807,40.339],[-85.8769,40.3406],[-85.8768,40.3444],[-85.8597,40.3521],[-85.8458,40.344],[-85.8317,40.3492],[-85.8185,40.3456],[-85.8137,40.3528],[-85.8047,40.3512],[-85.8061,40.3607],[-85.7969,40.3615],[-85.7905,40.3738],[-85.7764,40.3745],[-85.7769,40.3659],[-85.7652,40.366],[-85.7643,40.3625],[-85.755,40.3599],[-85.7554,40.3563],[-85.75,40.3533],[-85.7297,40.3558],[-85.7136,40.3471],[-85.6925,40.3551],[-85.6839,40.3617],[-85.6683,40.3646],[-85.6684,40.3695],[-85.6616,40.3647],[-85.6455,40.3619],[-85.6417,40.3739],[-85.6467,40.376],[-85.6357,40.383],[-85.626,40.3778],[-85.602,40.3755],[-85.59,40.3668],[-85.5889,40.3583],[-85.578,40.3499],[-85.5731,40.3509],[-85.5686,40.357],[-85.5479,40.3586],[-85.5389,40.3583],[-85.5321,40.3487],[-85.5246,40.3517],[-85.5262,40.3583],[-85.5213,40.3637],[-85.5095,40.358],[-85.5045,40.3604],[-85.495,40.3533],[-85.4977,40.347],[-85.5054,40.341],[-85.5005,40.3374],[-85.5034,40.3318],[-85.5002,40.3139],[-85.4888,40.313],[-85.4851,40.3083],[-85.49,40.2999],[-85.4842,40.2951],[-85.4751,40.3004],[-85.432,40.299],[-85.4243,40.3017],[-85.4241,40.2989],[-85.4172,40.2988],[-85.4152,40.2958],[-85.3864,40.2914],[-85.3862,40.2855],[-85.3807,40.2883],[-85.3563,40.287],[-85.3467,40.29],[-85.3411,40.2837],[-85.3308,40.2849],[-85.3305,40.2773],[-85.3334,40.2738],[-85.3305,40.2651],[-85.3266,40.2631],[-85.3266,40.2581],[-85.3322,40.2422],[-85.3247,40.2392],[-85.3238,40.2331],[-85.2925,40.2267],[-85.2778,40.2308],[-85.2778,40.2275],[-85.253,40.2232],[-85.2465,40.2068],[-85.229,40.1898],[-85.2095,40.1976],[-85.2026,40.194],[-85.1988,40.196],[-85.1961,40.1932],[-85.1861,40.1932],[-85.1849,40.1892],[-85.1503,40.1889],[-85.1466,40.1847],[-85.1436,40.1885],[-85.1474,40.1945],[-85.125,40.1998],[-85.1116,40.2069],[-85.1035,40.2006],[-85.0858,40.2005],[-85.0841,40.1909],[-85.064,40.1956],[-85.0617,40.1932],[-85.0445,40.1935],[-85.0344,40.1973],[-85.0288,40.1889],[-85.0204,40.1916],[-85.0183,40.1994],[-85.0033,40.1959],[-84.9935,40.1999],[-84.9889,40.1943],[-84.9771,40.1938],[-84.9761,40.1984],[-84.9728,40.1972],[-84.9676,40.2017],[-84.9568,40.198],[-84.9497,40.1886],[-84.9456,40.1924],[-84.8968,40.195],[-84.8841,40.1982],[-84.8812,40.1947],[-84.881,40.1801],[-84.8749,40.1739],[-84.8776,40.1517],[-84.8755,40.1459],[-84.8812,40.1381],[-84.878,40.1209],[-84.8558,40.1368],[-84.8521,40.1451],[-84.8479,40.1446],[-84.8459,40.1487],[-84.8352,40.1535],[-84.838,40.1584],[-84.8336,40.1609],[-84.8412,40.1664],[-84.8369,40.1757],[-84.8383,40.1846],[-84.835,40.1859],[-84.8363,40.193],[-84.8109,40.1998],[-84.7655,40.2028],[-84.7636,40.2075],[-84.7726,40.2125],[-84.7661,40.2235],[-84.7706,40.2265],[-84.7695,40.2362],[-84.7776,40.2382],[-84.7779,40.2408],[-84.7686,40.2589],[-84.7609,40.2626],[-84.7634,40.2705],[-84.7539,40.2773],[-84.7477,40.2877],[-84.7193,40.2902],[-84.7018,40.301],[-84.6911,40.3148],[-84.6723,40.31],[-84.666,40.31],[-84.6613,40.3137],[-84.6552,40.3106],[-84.6535,40.3129],[-84.647,40.3031],[-84.6385,40.2998],[-84.6318,40.3026],[-84.628,40.3002],[-84.6277,40.2956],[-84.6138,40.2959],[-84.5871,40.3069],[-84.5858,40.312],[-84.5954,40.3118],[-84.5994,40.3189],[-84.5793,40.3322],[-84.5596,40.3533],[-84.5638,40.3637],[-84.5591,40.3656],[-84.5626,40.3761],[-84.5596,40.3818],[-84.564,40.391],[-84.5433,40.3881],[-84.5394,40.3938],[-84.5313,40.3955],[-84.5256,40.3932],[-84.5197,40.3999],[-84.5146,40.3967],[-84.5084,40.4029],[-84.4799,40.4016],[-84.4694,40.4051],[-84.4624,40.4023],[-84.4543,40.4044],[-84.4384,40.3959],[-84.4295,40.402],[-84.4153,40.3988],[-84.4105,40.3947],[-84.4067,40.4019],[-84.3974,40.4053],[-84.3696,40.3999],[-84.3647,40.4043],[-84.3489,40.4061],[-84.349,40.4093],[-84.3414,40.4122],[-84.3183,40.4169],[-84.3105,40.4248],[-84.2932,40.4201],[-84.2837,40.4232],[-84.2818,40.4266],[-84.2853,40.4291],[-84.2829,40.4306],[-84.2885,40.4394],[-84.2827,40.4474],[-84.27,40.4444],[-84.2652,40.4479],[-84.2547,40.4462],[-84.2531,40.4434],[-84.2574,40.4332],[-84.2519,40.4343],[-84.2463,40.4293],[-84.2387,40.4379],[-84.237,40.4361],[-84.2281,40.4415],[-84.2214,40.4413],[-84.2198,40.4492],[-84.2125,40.4507],[-84.2119,40.4596],[-84.2017,40.4691],[-84.1891,40.4726],[-84.1742,40.4842],[-84.1668,40.4836],[-84.1697,40.4868],[-84.1616,40.4912],[-84.1374,40.4859],[-84.1285,40.4908],[-84.1088,40.4797],[-84.0986,40.4688],[-84.0865,40.4923],[-84.0806,40.4934],[-84.0777,40.4979],[-84.0628,40.4988],[-84.047,40.5193],[-84.0584,40.5244],[-84.0616,40.5362],[-84.0665,40.5361],[-84.0679,40.5406],[-84.0725,40.5422],[-84.0739,40.5452],[-84.0701,40.5518],[-84.0618,40.5586],[-84.0547,40.5578],[-84.0552,40.562],[-84.0505,40.5634],[-84.0416,40.5772],[-84.0251,40.5798],[-84.0248,40.5913],[-84.0101,40.5981],[-84.0111,40.6022],[-84.0063,40.5998],[-84.0074,40.5946],[-84.0003,40.6008],[-83.9912,40.6015],[-83.9882,40.6098],[-83.9819,40.6113],[-83.9752,40.6063],[-83.9624,40.6139],[-83.958,40.6344],[-83.9513,40.641],[-83.9446,40.6396],[-83.9412,40.6327],[-83.9301,40.6279],[-83.9358,40.6225],[-83.9326,40.6204],[-83.9361,40.613],[-83.9343,40.6013],[-83.9302,40.6002],[-83.9282,40.5837],[-83.9285,40.5716],[-83.934,40.5707],[-83.9327,40.5678],[-83.9365,40.5642],[-83.9341,40.5505],[-83.9251,40.5539],[-83.9207,40.5494],[-83.9136,40.5483],[-83.9063,40.554],[-83.8859,40.5541],[-83.8829,40.5507],[-83.8736,40.55],[-83.8694,40.5369],[-83.864,40.5354],[-83.8642,40.53],[-83.8612,40.5286],[-83.853,40.5309],[-83.8455,40.542],[-83.8372,40.5411],[-83.8375,40.5377],[-83.833,40.5369],[-83.8297,40.542],[-83.8119,40.5467],[-83.8125,40.5488],[-83.8024,40.5484],[-83.8002,40.5574],[-83.7908,40.556],[-83.7828,40.5686],[-83.776,40.5732],[-83.774,40.5833],[-83.7636,40.5909],[-83.742,40.5901],[-83.7354,40.6008],[-83.7338,40.5985],[-83.7036,40.5969],[-83.6936,40.5877],[-83.6939,40.5792],[-83.705,40.5741],[-83.7167,40.5589],[-83.7069,40.5556],[-83.7097,40.5501],[-83.7018,40.5483],[-83.6949,40.542],[-83.6875,40.5448],[-83.6821,40.5433],[-83.6773,40.5285],[-83.6439,40.5072],[-83.6525,40.5021],[-83.6491,40.4832],[-83.6649,40.4802],[-83.6763,40.4819],[-83.6773,40.4679],[-83.6738,40.4617],[-83.6788,40.4597],[-83.6786,40.4528],[-83.6944,40.4431],[-83.7125,40.4397],[-83.725,40.4335],[-83.7214,40.4231],[-83.7132,40.4197],[-83.7099,40.4135],[-83.7221,40.4019],[-83.7207,40.39],[-83.7177,40.3874],[-83.716,40.3906],[-83.7059,40.3934],[-83.6573,40.3831],[-83.6511,40.3765],[-83.6473,40.3764],[-83.6418,40.3665],[-83.6184,40.3583],[-83.6109,40.3506],[-83.6222,40.3468],[-83.6226,40.3435],[-83.6338,40.3395],[-83.6382,40.3414],[-83.6407,40.3382],[-83.6344,40.3338],[-83.633,40.3266],[-83.6266,40.3238],[-83.6266,40.319],[-83.6213,40.3144],[-83.6231,40.3058],[-83.6321,40.3033],[-83.6241,40.2829],[-83.6263,40.2771],[-83.6174,40.2705],[-83.616,40.2652],[-83.6191,40.2608],[-83.626,40.2592],[-83.6324,40.252],[-83.6324,40.2463],[-83.6387,40.2429],[-83.6307,40.2234],[-83.6336,40.2213],[-83.6251,40.216],[-83.6312,40.2129],[-83.6246,40.203],[-83.6257,40.1998],[-83.6213,40.1969],[-83.6218,40.1909],[-83.6147,40.1848],[-83.616,40.1759],[-83.6051,40.1731],[-83.6096,40.1641],[-83.6095,40.1478],[-83.6208,40.1529],[-83.6254,40.152],[-83.6273,40.1464],[-83.6325,40.1474],[-83.6307,40.1449],[-83.6349,40.1404],[-83.6253,40.1391],[-83.6263,40.1279],[-83.6231,40.1249],[-83.6264,40.1215],[-83.6229,40.1128],[-83.6048,40.0895],[-83.6059,40.0842],[-83.61,40.0851],[-83.6134,40.081],[-83.6007,40.0613],[-83.6017,40.0569],[-83.6078,40.0534],[-83.6082,40.0478],[-83.5999,40.0484],[-83.5869,40.0388],[-83.5861,40.0285],[-83.5919,40.0171],[-83.5862,40.0064],[-83.5768,40.0047],[-83.5791,39.9953],[-83.5727,39.9943],[-83.5681,39.9889],[-83.5678,39.9809],[-83.5745,39.9764],[-83.5727,39.9648],[-83.5567,39.9468],[-83.5566,39.9423],[-83.5616,39.9398],[-83.5571,39.9349],[-83.5607,39.9334],[-83.5585,39.93],[-83.5645,39.9221],[-83.5608,39.9163],[-83.5507,39.912],[-83.5497,39.9052],[-83.5549,39.9019],[-83.5554,39.894],[-83.5641,39.8829],[-83.5654,39.8732],[-83.5698,39.8672],[-83.5678,39.8648],[-83.5717,39.8624],[-83.5697,39.8589],[-83.5745,39.854],[-83.5706,39.8516],[-83.5751,39.8449],[-83.5717,39.82],[-83.5872,39.8167],[-83.5878,39.809],[-83.5986,39.8046],[-83.5998,39.799],[-83.6044,39.7971],[-83.6062,39.792],[-83.6011,39.7862],[-83.6059,39.7764],[-83.6106,39.7715],[-83.6225,39.7679],[-83.6293,39.7557],[-83.6392,39.7501],[-83.6328,39.7407],[-83.6362,39.7349],[-83.6281,39.7307],[-83.6354,39.7254],[-83.6337,39.719],[-83.6412,39.7172],[-83.6408,39.7126],[-83.6486,39.7145],[-83.6551,39.7116],[-83.6539,39.7083],[-83.6595,39.7078],[-83.6619,39.6931],[-83.6677,39.693],[-83.6723,39.6828],[-83.6781,39.6787],[-83.6722,39.6755],[-83.6706,39.6621],[-83.6682,39.6612],[-83.6744,39.6522],[-83.6704,39.6462],[-83.6818,39.6392],[-83.6959,39.642],[-83.7006,39.6366],[-83.7046,39.6365],[-83.7076,39.6289],[-83.7162,39.6301],[-83.7175,39.6258],[-83.7237,39.6227],[-83.7201,39.6148],[-83.7227,39.6118],[-83.7201,39.5984],[-83.7242,39.5852],[-83.7197,39.5807],[-83.7246,39.5737],[-83.7196,39.5743],[-83.7161,39.5653],[-83.7041,39.5593],[-83.7082,39.5553],[-83.7026,39.5478],[-83.7041,39.5352],[-83.6955,39.5237],[-83.6993,39.5202],[-83.6969,39.5039],[-83.6989,39.5002],[-83.6932,39.498],[-83.6941,39.4915],[-83.6889,39.4861],[-83.6835,39.4861],[-83.6763,39.4788],[-83.6837,39.4764],[-83.6811,39.4704],[-83.6683,39.4674],[-83.6533,39.457],[-83.6528,39.4498],[-83.6572,39.4473],[-83.6398,39.4409],[-83.6378,39.4361],[-83.6293,39.4332],[-83.6371,39.4307],[-83.6359,39.4286],[-83.6425,39.4257],[-83.6398,39.4217],[-83.6437,39.4168],[-83.6588,39.409],[-83.6722,39.3962],[-83.672,39.387],[-83.6766,39.3765],[-83.689,39.3677],[-83.6817,39.3577],[-83.6861,39.3566],[-83.6951,39.3429],[-83.6849,39.3403],[-83.6567,39.3226],[-83.6584,39.3184],[-83.653,39.3102],[-83.6576,39.3054],[-83.673,39.3054],[-83.678,39.3017],[-83.6708,39.2913],[-83.6729,39.287],[-83.6681,39.2763],[-83.6772,39.2598],[-83.6736,39.2538],[-83.6783,39.2421],[-83.6717,39.2318],[-83.6728,39.2261],[-83.6781,39.2209],[-83.6778,39.2155],[-83.6868,39.2136],[-83.6902,39.207],[-83.6888,39.2018],[-83.6925,39.2007],[-83.6959,39.1939],[-83.6888,39.1895],[-83.6889,39.1834],[-83.6912,39.1783],[-83.7002,39.1736],[-83.6951,39.1628],[-83.6985,39.1574],[-83.724,39.1742],[-83.7428,39.1807],[-83.7484,39.1916],[-83.754,39.1843],[-83.7763,39.1864],[-83.7874,39.1823],[-83.792,39.1752],[-83.8012,39.1757],[-83.8059,39.1715],[-83.8315,39.1871],[-83.8424,39.1855],[-83.8453,39.1883],[-83.854,39.1844],[-83.8562,39.1752],[-83.8522,39.1728],[-83.8607,39.1689],[-83.86,39.16],[-83.8656,39.1475],[-83.8722,39.1455],[-83.876,39.1502],[-83.8788,39.147],[-83.8771,39.1397],[-83.8919,39.1345],[-83.9022,39.1082],[-83.9238,39.1014],[-83.9351,39.093],[-83.9384,39.0803],[-83.9444,39.078],[-83.9432,39.0588],[-83.948,39.0449],[-83.9464,39.0412],[-83.9524,39.0414],[-83.9591,39.0241],[-83.9569,39.0077],[-83.9414,39.0001],[-83.9412,38.9843],[-83.9358,38.9701],[-83.9455,38.9659],[-83.96,38.9656],[-83.9606,38.9631],[-83.9543,38.9596],[-83.9619,38.9499],[-83.9791,38.946],[-83.982,38.9299],[-83.9788,38.9235],[-83.9801,38.9099],[-83.9765,38.9077],[-83.9883,38.9005],[-83.9944,38.9069],[-84.003,38.9079],[-84.0125,38.9224],[-84.035,38.9073],[-84.0554,38.9082],[-84.0705,38.8965],[-84.0749,38.8882],[-84.085,38.8829],[-84.0921,38.8632],[-84.097,38.8588],[-84.0997,38.8457],[-84.1249,38.8436],[-84.1351,38.8514],[-84.1497,38.8547],[-84.1601,38.8532],[-84.1607,38.85],[-84.1804,38.8505],[-84.1857,38.8432],[-84.2038,38.8358],[-84.2074,38.8274],[-84.2252,38.8287],[-84.2361,38.8228],[-84.2376,38.8175],[-84.2324,38.812],[-84.2444,38.8022],[-84.2524,38.8018],[-84.2653,38.7931],[-84.2719,38.793],[-84.2722,38.7889],[-84.2682,38.7844],[-84.2665,38.7738],[-84.257,38.7748],[-84.2509,38.7702],[-84.2488,38.7601],[-84.2511,38.7594],[-84.2445,38.7473],[-84.2255,38.7448],[-84.2231,38.7388],[-84.2141,38.7345],[-84.2155,38.7308],[-84.2029,38.7261],[-84.1929,38.7297],[-84.183,38.7259],[-84.1799,38.7211],[-84.1812,38.7172],[-84.1699,38.7102],[-84.17,38.6974],[-84.1559,38.6902],[-84.1536,38.6811],[-84.1571,38.6784],[-84.1531,38.6751],[-84.1539,38.6671],[-84.146,38.6623],[-84.1326,38.6637],[-84.1245,38.6578],[-84.1149,38.6559],[-84.0999,38.6603],[-84.0944,38.6678],[-84.0823,38.6669],[-84.074,38.6717],[-84.071,38.6802],[-84.0624,38.6825],[-84.0456,38.6756],[-84.0372,38.6676],[-84.0229,38.6675],[-84.008,38.6628],[-84.0008,38.6661],[-83.996,38.6628],[-83.9883,38.6671],[-83.9766,38.6568],[-83.9674,38.6542],[-83.9603,38.6547],[-83.9582,38.6597],[-83.9442,38.6608],[-83.9206,38.6532],[-83.9159,38.6588],[-83.9109,38.6561],[-83.9002,38.6568],[-83.8909,38.6495],[-83.8812,38.649],[-83.8809,38.6439],[-83.8759,38.6384],[-83.8587,38.6373],[-83.8542,38.6327],[-83.8565,38.6229],[-83.8486,38.6205],[-83.8391,38.6121],[-83.8249,38.6095],[-83.8202,38.6127],[-83.8107,38.6103],[-83.804,38.6128],[-83.7967,38.6079],[-83.7807,38.6127],[-83.7755,38.6061],[-83.7685,38.6059],[-83.7652,38.602],[-83.7438,38.6055],[-83.7372,38.6003],[-83.7309,38.6039],[-83.7178,38.6003],[-83.7174,38.6056],[-83.6932,38.6072],[-83.6849,38.6016],[-83.6754,38.6025],[-83.6708,38.5935],[-83.6598,38.588],[-83.6593,38.5849],[-83.646,38.5866],[-83.6401,38.5844],[-83.6277,38.5785],[-83.6209,38.5702],[-83.6056,38.565],[-83.5984,38.569],[-83.5917,38.567],[-83.5913,38.5557],[-83.5886,38.5525],[-83.5984,38.5492],[-83.6043,38.5429],[-83.6019,38.5369],[-83.608,38.5341],[-83.6034,38.5338],[-83.5997,38.5283],[-83.6022,38.5198],[-83.5939,38.515],[-83.5745,38.5126],[-83.57,38.5094],[-83.5542,38.5138],[-83.5463,38.5267],[-83.5321,38.525],[-83.5278,38.529],[-83.5224,38.5269],[-83.5093,38.5087],[-83.5187,38.4992],[-83.511,38.494],[-83.5108,38.4871],[-83.5085,38.4867],[-83.5141,38.4813],[-83.5122,38.4783],[-83.5144,38.4723],[-83.5115,38.4701],[-83.5222,38.4598],[-83.5304,38.4592],[-83.528,38.4543],[-83.5322,38.4389],[-83.5362,38.4361],[-83.5342,38.4324],[-83.5367,38.427],[-83.5441,38.4286],[-83.5456,38.4198],[-83.5416,38.4164],[-83.5292,38.4187],[-83.5269,38.417],[-83.5288,38.4123],[-83.5233,38.4087],[-83.5131,38.415],[-83.5127,38.4107],[-83.5059,38.4114],[-83.4974,38.4016],[-83.4857,38.405],[-83.474,38.397],[-83.4674,38.3994],[-83.4643,38.3966],[-83.4665,38.3939],[-83.4622,38.3928],[-83.4584,38.3883],[-83.4593,38.384],[-83.4553,38.3813],[-83.4468,38.3806],[-83.4439,38.3874],[-83.4273,38.3883],[-83.4168,38.3963],[-83.4121,38.3965],[-83.409,38.3918],[-83.4005,38.3897],[-83.4013,38.3795],[-83.3977,38.3782],[-83.4001,38.375],[-83.3951,38.3728],[-83.3923,38.3664],[-83.388,38.3678],[-83.3784,38.3628],[-83.3773,38.3536],[-83.3634,38.3428],[-83.3616,38.3324],[-83.3639,38.3281],[-83.3572,38.3275],[-83.359,38.3238],[-83.3556,38.3215],[-83.3411,38.3196],[-83.3408,38.3146],[-83.3351,38.3085],[-83.3358,38.3047],[-83.3316,38.3028],[-83.3348,38.2994],[-83.3262,38.2911],[-83.3343,38.2862],[-83.3165,38.2679],[-83.3185,38.2603],[-83.3063,38.2566],[-83.3104,38.2474],[-83.3085,38.2461],[-83.3128,38.2439],[-83.3106,38.2374],[-83.3167,38.2356],[-83.3149,38.2255],[-83.3059,38.2251],[-83.2989,38.22],[-83.3001,38.2089],[-83.2925,38.2105],[-83.288,38.2157],[-83.2855,38.2131],[-83.2866,38.206],[-83.2797,38.2028],[-83.2758,38.2042],[-83.274,38.1952],[-83.2601,38.191],[-83.2641,38.1882],[-83.262,38.184],[-83.2644,38.1777],[-83.2715,38.1739],[-83.2683,38.1632],[-83.2739,38.1598],[-83.2746,38.155],[-83.271,38.1542],[-83.2682,38.1383],[-83.264,38.134],[-83.2662,38.1313],[-83.2631,38.1289],[-83.2645,38.1242],[-83.2604,38.1232],[-83.2571,38.1155],[-83.2448,38.1195],[-83.2403,38.1115],[-83.228,38.1039],[-83.2255,38.1065],[-83.219,38.1041],[-83.2173,38.0892],[-83.2103,38.0862],[-83.2213,38.0698],[-83.2215,38.0584],[-83.2325,38.0513],[-83.2308,38.0463],[-83.2224,38.0439],[-83.2215,38.0273],[-83.2113,38.0269],[-83.2078,38.0182],[-83.1945,38.0108],[-83.1764,38.0127],[-83.174,38.0171],[-83.1617,38.009],[-83.1521,38.0106],[-83.1519,38.0052],[-83.1432,37.9962],[-83.1408,38.0019],[-83.1358,38.0044],[-83.1096,38.0039],[-83.1018,38.0099],[-83.0936,38.0078],[-83.0732,38.0149],[-83.065,38.0117],[-83.0653,38.0079],[-83.0575,38.0035],[-83.063,38.0007],[-83.0629,37.9971],[-83.0744,37.9951],[-83.0885,37.9856],[-83.0989,37.9705],[-83.0916,37.968],[-83.0926,37.9569],[-83.0797,37.9505],[-83.0751,37.9541],[-83.0662,37.9421],[-83.0636,37.9429],[-83.0599,37.9294],[-83.0686,37.9243],[-83.0651,37.9211],[-83.0587,37.9233],[-83.0553,37.9196],[-83.053,37.9005],[-83.0503,37.9],[-83.0524,37.8953],[-83.0443,37.8924],[-83.0393,37.8865],[-83.0405,37.8783],[-83.0439,37.8793],[-83.0452,37.8767],[-83.0419,37.8694],[-83.0457,37.8604],[-83.0445,37.8523],[-83.0485,37.8473],[-83.0313,37.8306],[-83.0419,37.8214],[-83.0415,37.8185],[-83.0312,37.8136],[-83.0326,37.8108],[-83.0276,37.8006],[-83.0186,37.7998],[-83.0184,37.7955],[-83.0119,37.7952],[-83.0068,37.8004],[-83.0019,37.7978],[-82.9965,37.8002],[-82.9978,37.7957],[-82.9952,37.7937],[-82.9885,37.7958],[-82.9896,37.7863],[-82.984,37.7859],[-82.9772,37.7737],[-82.9723,37.7734],[-82.9726,37.7706],[-82.9666,37.7681],[-82.9605,37.7725],[-82.9531,37.7701],[-82.9515,37.763],[-82.9563,37.7584],[-82.9501,37.7587],[-82.9506,37.7545],[-82.9438,37.754],[-82.9405,37.7495],[-82.9438,37.7458],[-82.9508,37.745],[-82.9492,37.7386],[-82.9615,37.7396],[-82.9725,37.7342],[-82.9722,37.7261],[-82.9771,37.7234],[-82.9793,37.7157],[-82.978,37.7085],[-82.9721,37.704],[-82.9747,37.6892],[-82.9677,37.6809],[-82.9453,37.6827],[-82.9422,37.6692],[-82.9375,37.6688],[-82.9332,37.662],[-82.9274,37.6596],[-82.9274,37.6562],[-82.9124,37.6538],[-82.9087,37.6492],[-82.9127,37.6442],[-82.905,37.6416],[-82.9068,37.6311],[-82.9016,37.6272],[-82.9058,37.6189],[-82.9066,37.6064],[-82.9025,37.5998],[-82.9038,37.5946],[-82.8966,37.5883],[-82.8972,37.5805],[-82.9023,37.5773],[-82.8973,37.5677],[-82.8888,37.5649],[-82.8911,37.5564],[-82.8854,37.5493],[-82.8898,37.544],[-82.8785,37.5391],[-82.8802,37.5345],[-82.8927,37.5324],[-82.8946,37.5217],[-82.8916,37.5199],[-82.8976,37.5146],[-82.8961,37.509],[-82.9019,37.5082],[-82.9108,37.4998],[-82.9091,37.4916],[-82.9162,37.4885],[-82.9212,37.4908],[-82.9264,37.4857],[-82.9287,37.4786],[-82.937,37.473],[-82.9365,37.467],[-82.9404,37.4634],[-82.9383,37.4588],[-82.9276,37.4578],[-82.923,37.4505],[-82.931,37.4441],[-82.9241,37.4377],[-82.9284,37.431],[-82.9219,37.4302],[-82.9239,37.4271],[-82.9209,37.421],[-82.9084,37.4169],[-82.9154,37.4092],[-82.9144,37.4013],[-82.911,37.3984],[-82.9122,37.3956],[-82.902,37.3923],[-82.8993,37.3868],[-82.9098,37.3808],[-82.9105,37.3745],[-82.9059,37.3713],[-82.911,37.3654],[-82.9101,37.3624],[-82.9055,37.3622],[-82.8979,37.3512],[-82.8896,37.3539],[-82.8854,37.3519],[-82.8879,37.344],[-82.883,37.3427],[-82.8954,37.3327],[-82.9008,37.3327],[-82.9045,37.3267],[-82.902,37.3224],[-82.9095,37.3185],[-82.8992,37.3139],[-82.8993,37.3093],[-82.8927,37.3069],[-82.8907,37.3015],[-82.8851,37.2998],[-82.8814,37.3046],[-82.8779,37.304],[-82.8716,37.2947],[-82.8502,37.2994],[-82.8443,37.2969],[-82.8415,37.2848],[-82.8315,37.2887],[-82.8222,37.2821],[-82.8061,37.2834],[-82.8088,37.2763],[-82.8019,37.2735],[-82.7974,37.2621],[-82.7902,37.2652],[-82.7874,37.2613],[-82.7752,37.2663],[-82.7659,37.2632],[-82.7573,37.2697],[-82.7494,37.2643],[-82.7395,37.2734],[-82.7236,37.2641],[-82.726,37.2595],[-82.7241,37.2567],[-82.7145,37.2567],[-82.71,37.2598],[-82.7021,37.2583],[-82.6988,37.2494],[-82.7053,37.2428],[-82.6914,37.241],[-82.6944,37.2343],[-82.6917,37.2316],[-82.6715,37.2274],[-82.6614,37.2365],[-82.6483,37.2337],[-82.6518,37.2264],[-82.6435,37.2223],[-82.6446,37.2136],[-82.6475,37.2067],[-82.6584,37.1979],[-82.6517,37.1932],[-82.6536,37.1905],[-82.65,37.1848],[-82.6664,37.1784],[-82.6708,37.1722],[-82.6633,37.1691],[-82.6692,37.1604],[-82.6526,37.1595],[-82.6447,37.1513],[-82.6546,37.1506],[-82.6567,37.1446],[-82.6678,37.1418],[-82.6746,37.1359],[-82.6826,37.137],[-82.7209,37.1211],[-82.7264,37.1151],[-82.7409,37.1091],[-82.7567,37.1038],[-82.762,37.1048],[-82.774,37.0977],[-82.7793,37.0907],[-82.7869,37.0902],[-82.8,37.0804],[-82.8208,37.0709],[-82.8227,37.067],[-82.8322,37.066],[-82.8345,37.0614],[-82.8477,37.0605],[-82.8487,37.0565],[-82.8706,37.0496],[-82.8744,37.0436],[-82.8792,37.045],[-82.8978,37.0322],[-82.9458,37.0131],[-82.9668,37.0002],[-83.0052,36.9931],[-83.0207,36.9779],[-83.0369,36.981],[-83.038,36.9842],[-83.1395,36.9581],[-83.1725,36.9462],[-83.1965,36.9333],[-83.2574,36.9179],[-83.3122,36.898],[-83.3446,36.8951],[-83.3458,36.9048],[-83.3505,36.9069],[-83.3491,36.9111],[-83.355,36.9142],[-83.3557,36.909],[-83.366,36.9077],[-83.3713,36.9009],[-83.3778,36.9029],[-83.383,36.8977],[-83.3954,36.9037],[-83.3962,36.899],[-83.4002,36.8988],[-83.4086,36.8903],[-83.4197,36.8889],[-83.4329,36.8888],[-83.4339,36.8943],[-83.4468,36.8898],[-83.4517,36.8921],[-83.4572,36.8828],[-83.4745,36.8918],[-83.4768,36.8966],[-83.4837,36.8931],[-83.4928,36.8967],[-83.5003,36.8953],[-83.5044,36.8986],[-83.5039,36.9095],[-83.5066,36.9113],[-83.5262,36.9002],[-83.5348,36.8988],[-83.5462,36.9033],[-83.5513,36.9003],[-83.5519,36.8953],[-83.5579,36.8951],[-83.5626,36.8975],[-83.5582,36.9112],[-83.5685,36.9146],[-83.5757,36.9119],[-83.5759,36.9225],[-83.5663,36.9314],[-83.5702,36.9351],[-83.5698,36.9395],[-83.5782,36.9378],[-83.5838,36.9412],[-83.5906,36.9515],[-83.5898,36.9572],[-83.6079,36.9526],[-83.6159,36.9621],[-83.6237,36.9587],[-83.634,36.9625],[-83.6416,36.9597],[-83.6546,36.9678],[-83.6537,36.9705],[-83.6605,36.9765],[-83.6698,36.975],[-83.6733,36.9761],[-83.6754,36.9818],[-83.6792,36.9799],[-83.6825,36.9839],[-83.692,36.9827],[-83.6952,36.9869],[-83.7006,36.9866],[-83.705,36.9926],[-83.7098,36.9924],[-83.7105,36.9963],[-83.7198,36.9952],[-83.7254,36.9906],[-83.7409,36.9936],[-83.7463,36.988],[-83.7509,36.9882],[-83.7549,36.9806],[-83.7649,36.9748],[-83.7638,36.968],[-83.7712,36.9589],[-83.7677,36.9545],[-83.7745,36.9514],[-83.7805,36.958],[-83.779,36.9647],[-83.7917,36.9661],[-83.7959,36.971],[-83.8041,36.9632],[-83.8114,36.9644],[-83.8178,36.9608],[-83.8154,36.9558],[-83.8257,36.9519],[-83.8359,36.9382],[-83.8421,36.9413],[-83.8467,36.9349],[-83.8637,36.936],[-83.8767,36.9443],[-83.8735,36.9502],[-83.8752,36.9526],[-83.8701,36.9552],[-83.8687,36.9604],[-83.8757,36.9634],[-83.8599,36.9835],[-83.8649,36.9944],[-83.8726,36.9987],[-83.8726,37.0016],[-83.8662,37.0023],[-83.8675,37.0078],[-83.8606,37.0158],[-83.8688,37.023],[-83.8669,37.029],[-83.8565,37.0397],[-83.8584,37.0439],[-83.8557,37.047],[-83.8587,37.0545],[-83.8628,37.0515],[-83.8714,37.0548],[-83.8763,37.0628],[-83.8845,37.0618],[-83.8877,37.075],[-83.8751,37.0827],[-83.8682,37.0827],[-83.8666,37.0881],[-83.8764,37.1006],[-83.8765,37.1077],[-83.8835,37.1097],[-83.8807,37.114],[-83.8859,37.1191],[-83.9076,37.1086],[-83.9145,37.113],[-83.9216,37.1061],[-83.9303,37.1041],[-83.9318,37.114],[-83.9349,37.116],[-83.9327,37.1284],[-83.9382,37.1382],[-83.9293,37.1398],[-83.9278,37.1481],[-83.9316,37.1548],[-83.9245,37.1556],[-83.9208,37.1601],[-83.9113,37.1586],[-83.9095,37.165],[-83.8915,37.1557],[-83.8846,37.1626],[-83.8875,37.169],[-83.8841,37.1773],[-83.8858,37.1818],[-83.8892,37.1832],[-83.8948,37.1801],[-83.9023,37.1836],[-83.9015,37.1893],[-83.9086,37.1959],[-83.8975,37.2054],[-83.8908,37.203],[-83.8854,37.2061],[-83.8879,37.2115],[-83.8802,37.2189],[-83.8767,37.2292],[-83.8838,37.2385],[-83.8871,37.2386],[-83.8845,37.2436],[-83.8926,37.2447],[-83.9013,37.2538],[-83.8973,37.264],[-83.9016,37.2671],[-83.9052,37.2646],[-83.9085,37.2679],[-83.9032,37.275],[-83.9133,37.2756],[-83.9146,37.2808],[-83.9207,37.2814],[-83.9216,37.2853],[-83.9183,37.2881],[-83.9218,37.2965],[-83.909,37.3011],[-83.9102,37.309],[-83.9078,37.3097],[-83.9008,37.3099],[-83.898,37.3047],[-83.8859,37.3063],[-83.8817,37.3034],[-83.8832,37.3099],[-83.8787,37.3121],[-83.8732,37.3077],[-83.8701,37.3164],[-83.876,37.3233],[-83.8875,37.3245],[-83.8857,37.3272],[-83.8892,37.3296],[-83.8854,37.3351],[-83.8893,37.3383],[-83.8891,37.3515],[-83.895,37.3532],[-83.8916,37.3589],[-83.9022,37.3646],[-83.8965,37.368],[-83.8967,37.374],[-83.9037,37.3783],[-83.9097,37.3916],[-83.924,37.3957],[-83.9221,37.3968],[-83.926,37.4032],[-83.9316,37.4044],[-83.9277,37.4083],[-83.9359,37.4093],[-83.9334,37.4142],[-83.9366,37.4184],[-83.9356,37.4226],[-83.9414,37.4242],[-83.9494,37.4209],[-83.9563,37.4238],[-83.9539,37.4272],[-83.9577,37.4305],[-83.9577,37.4413],[-83.9701,37.4464],[-83.9617,37.4556],[-83.9718,37.4612],[-83.9706,37.4718],[-83.9744,37.4759],[-83.9722,37.4799],[-83.9795,37.48],[-83.9847,37.476],[-83.9926,37.4778],[-83.9995,37.4916],[-84.0041,37.4912],[-84.0126,37.4984],[-84.0214,37.493],[-84.0253,37.4946],[-84.0381,37.4912],[-84.0424,37.4946],[-84.0467,37.4902],[-84.059,37.4913],[-84.0832,37.481],[-84.0829,37.4852],[-84.0918,37.4861],[-84.0938,37.4963],[-84.1043,37.4991],[-84.106,37.5037],[-84.1113,37.5063],[-84.1146,37.5035],[-84.1335,37.5066],[-84.1441,37.4986],[-84.1504,37.4993],[-84.1541,37.495],[-84.1656,37.4921],[-84.1695,37.4872],[-84.1747,37.493],[-84.1952,37.4906],[-84.195,37.4946],[-84.2067,37.4991],[-84.2129,37.5075],[-84.1978,37.5148],[-84.205,37.5245],[-84.2136,37.5217],[-84.2131,37.5251],[-84.2247,37.5271],[-84.2347,37.5197],[-84.2383,37.5237],[-84.2476,37.5255],[-84.2534,37.5235],[-84.2552,37.5181],[-84.2677,37.5153],[-84.2778,37.5237],[-84.3014,37.5231],[-84.3027,37.5299],[-84.2982,37.5348],[-84.304,37.5373],[-84.309,37.5293],[-84.3145,37.5283],[-84.3196,37.5384],[-84.3301,37.5395],[-84.337,37.536],[-84.3446,37.5399],[-84.3493,37.5376],[-84.3461,37.5324],[-84.3476,37.5295],[-84.3369,37.5228],[-84.3448,37.5069],[-84.3428,37.5038],[-84.3369,37.5034],[-84.3333,37.4972],[-84.3452,37.4962],[-84.3556,37.4861],[-84.3507,37.4786],[-84.3564,37.469],[-84.363,37.4655],[-84.3637,37.4604],[-84.3754,37.4574],[-84.3762,37.4488],[-84.3827,37.4459],[-84.3804,37.4234],[-84.3772,37.4213],[-84.374,37.4022],[-84.3703,37.3978],[-84.3772,37.3775],[-84.3828,37.3771],[-84.3852,37.3727],[-84.382,37.3703],[-84.384,37.3641],[-84.3796,37.3544],[-84.3836,37.3479],[-84.4048,37.3488],[-84.4096,37.3461],[-84.4076,37.3399],[-84.4149,37.3352],[-84.4327,37.3341],[-84.441,37.3428],[-84.4517,37.3453],[-84.4494,37.3534],[-84.4603,37.3581],[-84.4657,37.364],[-84.4597,37.3681],[-84.4676,37.3676],[-84.4746,37.3718],[-84.4821,37.3716],[-84.482,37.3739],[-84.5095,37.3793],[-84.5163,37.395],[-84.5118,37.3981],[-84.5095,37.4053],[-84.5152,37.4115],[-84.5262,37.4064],[-84.5404,37.4128],[-84.5482,37.4097],[-84.5565,37.4127],[-84.5642,37.4097],[-84.5783,37.4186],[-84.5806,37.4234],[-84.5876,37.4244],[-84.5883,37.428],[-84.5958,37.4235],[-84.6015,37.4285],[-84.6036,37.4394],[-84.6242,37.4519],[-84.6233,37.4588],[-84.6302,37.4632],[-84.6381,37.4559],[-84.6356,37.4432],[-84.6427,37.4335],[-84.6556,37.4274],[-84.6555,37.4193],[-84.6457,37.4081],[-84.6484,37.405],[-84.6535,37.4067],[-84.6539,37.4001],[-84.6626,37.3969],[-84.667,37.3882],[-84.6753,37.3884],[-84.679,37.3853],[-84.6994,37.3877],[-84.6978,37.3829],[-84.7004,37.378],[-84.7175,37.3689],[-84.7198,37.3633],[-84.7285,37.3616],[-84.7234,37.3559],[-84.7244,37.3503],[-84.7214,37.3454],[-84.7316,37.328],[-84.7328,37.3149],[-84.7397,37.3128],[-84.7409,37.3074],[-84.7342,37.3043],[-84.7416,37.3019],[-84.7406,37.2942],[-84.7463,37.2929],[-84.754,37.2832],[-84.7698,37.2792],[-84.7683,37.275],[-84.7745,37.2727],[-84.7763,37.266],[-84.7859,37.2605],[-84.7999,37.2585],[-84.8077,37.2482],[-84.8031,37.2444],[-84.81,37.2364],[-84.8058,37.229],[-84.8071,37.2187],[-84.8203,37.2184],[-84.8229,37.2123],[-84.8183,37.2074],[-84.8269,37.2017],[-84.8248,37.1981],[-84.8278,37.1927],[-84.8231,37.1912],[-84.8203,37.1811],[-84.8147,37.18],[-84.8132,37.1762],[-84.8233,37.1701],[-84.8251,37.1617],[-84.8382,37.1598],[-84.8453,37.1535],[-84.8528,37.136],[-84.8818,37.1271],[-84.8928,37.1327],[-84.915,37.1256],[-84.9157,37.1195],[-84.9117,37.1157],[-84.9151,37.1058],[-84.9125,37.1047],[-84.917,37.0924],[-84.9256,37.0854],[-84.9244,37.0802],[-84.935,37.0808],[-84.9422,37.0727],[-84.9402,37.0687],[-84.9589,37.0606],[-84.9602,37.0572],[-84.969,37.0593],[-84.9725,37.0633],[-84.9809,37.0578],[-84.9992,37.0688],[-85.0058,37.0673],[-85.0133,37.0739],[-85.0222,37.0752],[-85.0301,37.07],[-85.0347,37.0733],[-85.0524,37.0672],[-85.0586,37.0703],[-85.0622,37.0662],[-85.0747,37.0645],[-85.0868,37.0574],[-85.0907,37.0582],[-85.0943,37.0544],[-85.0945,37.0467],[-85.1025,37.043],[-85.1015,37.0409],[-85.1193,37.0361],[-85.1202,37.0207],[-85.125,37.0162],[-85.1248,37.0056],[-85.1286,36.9991],[-85.154,36.9833],[-85.1684,36.9838],[-85.172,36.9817],[-85.171,36.9777],[-85.1767,36.9769],[-85.1822,36.9717],[-85.1988,36.9777],[-85.204,36.9861],[-85.2177,36.9903],[-85.2239,36.9888],[-85.233,36.9959],[-85.2487,36.9855],[-85.2687,37.0062],[-85.2906,37.0054],[-85.2974,37.0128],[-85.303,37.0133],[-85.3083,37.0057],[-85.3151,37.0051],[-85.3131,37.0005],[-85.3167,37.002],[-85.3215,36.9975],[-85.3295,36.9991],[-85.3328,37.0032],[-85.3404,36.9963],[-85.3455,36.9965],[-85.3622,37.0067],[-85.367,37.0056],[-85.3713,37.0115],[-85.3898,37.0218],[-85.4037,37.011],[-85.4016,37.0059],[-85.4048,37.006],[-85.4051,37.0021],[-85.4122,37.0023],[-85.4262,36.9934],[-85.4274,36.9898],[-85.4341,36.9909],[-85.4396,36.988],[-85.4413,36.9911],[-85.4442,36.9864],[-85.4497,36.9862],[-85.4475,36.9829],[-85.4565,36.9743],[-85.4401,36.9667],[-85.4413,36.9618],[-85.4465,36.9589],[-85.4438,36.9578],[-85.4459,36.9511],[-85.4439,36.9474],[-85.4524,36.9379],[-85.4674,36.937],[-85.4672,36.9326],[-85.4634,36.9308],[-85.4688,36.923],[-85.4671,36.9191],[-85.4731,36.9155],[-85.4719,36.9095],[-85.4842,36.9082],[-85.4905,36.9021],[-85.4944,36.9083],[-85.5133,36.9047],[-85.53,36.906],[-85.5314,36.9015],[-85.5376,36.898],[-85.5416,36.9048],[-85.5404,36.9106],[-85.5545,36.9142],[-85.5582,36.9077],[-85.5627,36.9087],[-85.5673,36.9033],[-85.5863,36.9027],[-85.6022,36.8973],[-85.6034,36.8935],[-85.6087,36.8937],[-85.615,36.8789],[-85.6271,36.8741],[-85.636,36.8661],[-85.6453,36.8675],[-85.6478,36.8733],[-85.6521,36.8748],[-85.6609,36.8709],[-85.6657,36.8803],[-85.6677,36.8725],[-85.6724,36.8693],[-85.6688,36.8645],[-85.6748,36.8588],[-85.67,36.8572],[-85.668,36.8468],[-85.6612,36.8445],[-85.6586,36.8337],[-85.652,36.8284],[-85.6501,36.8102],[-85.6449,36.8091],[-85.6468,36.8042],[-85.6437,36.8033],[-85.6454,36.8009],[-85.6407,36.7985],[-85.6393,36.7932],[-85.6481,36.7797],[-85.6457,36.7769],[-85.6477,36.7737],[-85.6371,36.7669],[-85.6402,36.7607],[-85.6373,36.7478],[-85.6402,36.7424],[-85.6366,36.7357],[-85.646,36.7306],[-85.6439,36.7242],[-85.6583,36.7275],[-85.6629,36.7197],[-85.6512,36.7107],[-85.6607,36.7013],[-85.6547,36.6927],[-85.6599,36.6864],[-85.6564,36.6853],[-85.6571,36.6814],[-85.6424,36.6728],[-85.6377,36.6609],[-85.6408,36.6566],[-85.6394,36.651],[-85.6505,36.6507],[-85.651,36.6482],[-85.6268,36.6307],[-85.6284,36.6261],[-85.6407,36.6169],[-85.6368,36.614],[-85.64,36.6062],[-85.6299,36.6014],[-85.6279,36.5969],[-85.6358,36.5951],[-85.642,36.5891],[-85.6562,36.5885],[-85.6742,36.5723],[-85.6834,36.5577],[-85.6761,36.5474],[-85.6828,36.5391],[-85.6981,36.5354],[-85.7129,36.5478],[-85.7208,36.5437],[-85.7376,36.5455],[-85.7401,36.5444],[-85.7384,36.5346],[-85.7425,36.5295],[-85.7405,36.527],[-85.7461,36.5228],[-85.7702,36.5212],[-85.7781,36.5125],[-85.787,36.516],[-85.7942,36.5115],[-85.8068,36.5136],[-85.8146,36.5048],[-85.8179,36.4918],[-85.8336,36.4903],[-85.8398,36.484],[-85.8418,36.4768],[-85.8521,36.4709],[-85.8755,36.4777],[-85.8804,36.4665],[-85.8909,36.4695],[-85.8897,36.4626],[-85.9016,36.4651],[-85.9032,36.4618],[-85.9072,36.4633],[-85.9093,36.459],[-85.9199,36.4597],[-85.926,36.4565],[-85.9328,36.4601],[-85.937,36.4584],[-85.9363,36.4611],[-85.9422,36.4624],[-85.9423,36.4657],[-85.9472,36.464],[-85.9625,36.485],[-85.9727,36.4899],[-85.9793,36.4854],[-85.9824,36.4897],[-85.9949,36.4926],[-85.9977,36.4975],[-86.0118,36.5053],[-86.019,36.5064],[-86.0232,36.5179],[-86.0375,36.5259],[-86.0588,36.5262],[-86.0666,36.512],[-86.0865,36.5154],[-86.0898,36.5096],[-86.0954,36.5104],[-86.0985,36.5189],[-86.1111,36.5264],[-86.1273,36.5164],[-86.1376,36.5159],[-86.1483,36.5216],[-86.1506,36.5166],[-86.1638,36.5206],[-86.1726,36.5183],[-86.1757,36.5142],[-86.1796,36.5185],[-86.1776,36.5279],[-86.1873,36.5314],[-86.1864,36.5346],[-86.2175,36.5321],[-86.2195,36.5376],[-86.2252,36.5358],[-86.2351,36.5433],[-86.2362,36.5474],[-86.2431,36.5483],[-86.2519,36.5569],[-86.2704,36.5505],[-86.2851,36.5567],[-86.2816,36.547],[-86.2891,36.5419],[-86.2914,36.5347],[-86.3028,36.5378],[-86.3109,36.5328],[-86.3229,36.5307],[-86.3277,36.5329],[-86.3327,36.529],[-86.3362,36.5349],[-86.3418,36.535],[-86.3461,36.5247],[-86.3597,36.526],[-86.3671,36.52],[-86.3713,36.5218],[-86.3752,36.5176],[-86.3718,36.5154],[-86.3732,36.5124],[-86.3809,36.514],[-86.3831,36.5068],[-86.3896,36.5108],[-86.3969,36.5081],[-86.4014,36.518],[-86.4125,36.5191],[-86.4173,36.5138],[-86.4168,36.5102],[-86.4232,36.5107],[-86.426,36.5016],[-86.4241,36.4999],[-86.4301,36.4979],[-86.4383,36.4807],[-86.445,36.4817],[-86.4574,36.4741],[-86.4648,36.4754],[-86.4721,36.4671],[-86.4846,36.4763],[-86.4874,36.4842],[-86.4992,36.497],[-86.4937,36.506],[-86.5084,36.5128],[-86.5086,36.5194],[-86.5181,36.5243],[-86.5209,36.5313],[-86.525,36.5316],[-86.5231,36.5388],[-86.5303,36.5462],[-86.5193,36.5483],[-86.5242,36.5613],[-86.5333,36.561],[-86.5266,36.5731],[-86.5275,36.5835],[-86.5325,36.5857],[-86.5287,36.5885],[-86.5152,36.5876],[-86.5141,36.595],[-86.5208,36.6036],[-86.5308,36.6069],[-86.5373,36.6159],[-86.5489,36.6165],[-86.5525,36.6203],[-86.5458,36.6242],[-86.546,36.6282],[-86.5395,36.6305],[-86.5408,36.633],[-86.5578,36.6372],[-86.556,36.6444],[-86.5639,36.6497],[-86.5935,36.6483],[-86.6008,36.6517],[-86.6005,36.6559],[-86.6061,36.6578],[-86.6062,36.6615],[-86.6173,36.6638],[-86.6093,36.6698],[-86.6145,36.673],[-86.6095,36.678],[-86.6127,36.6818],[-86.609,36.69],[-86.6161,36.6935],[-86.6178,36.6985],[-86.6059,36.6992],[-86.6007,36.7016],[-86.6008,36.7058],[-86.6055,36.7094],[-86.6079,36.7186],[-86.6134,36.719],[-86.6184,36.7237],[-86.6232,36.7212],[-86.6256,36.7248],[-86.6246,36.7312],[-86.6325,36.7391],[-86.6299,36.7406],[-86.629,36.7604],[-86.636,36.7711],[-86.645,36.7739],[-86.6525,36.7824],[-86.653,36.7859],[-86.6444,36.7911],[-86.6678,36.803],[-86.6649,36.8062],[-86.6696,36.8112],[-86.6681,36.8206],[-86.6825,36.8237],[-86.6912,36.8159],[-86.707,36.8251],[-86.7097,36.8223],[-86.7205,36.8242],[-86.7332,36.8408],[-86.7615,36.833],[-86.7716,36.8378],[-86.7826,36.8325],[-86.7914,36.8349],[-86.7913,36.8306],[-86.8037,36.829],[-86.8097,36.818],[-86.8174,36.8143],[-86.8221,36.8195],[-86.8289,36.8164],[-86.8323,36.8214],[-86.8511,36.8145],[-86.8685,36.8171],[-86.8733,36.8242],[-86.8844,36.8279],[-86.8912,36.8179],[-86.9064,36.8117],[-86.9145,36.8197],[-86.9141,36.8266],[-86.9194,36.8256],[-86.9353,36.8319],[-86.9349,36.838],[-86.9522,36.855],[-86.9588,36.8524],[-86.9631,36.8545],[-86.9781,36.8529],[-86.9821,36.8535],[-86.9829,36.8588],[-87.0015,36.8531],[-87.0075,36.8566],[-87.0074,36.8623],[-87.0245,36.8689],[-87.0344,36.8588],[-87.0356,36.864],[-87.0491,36.8741],[-87.0479,36.8769],[-87.0598,36.8881],[-87.0674,36.8891],[-87.0683,36.8854],[-87.0783,36.8879],[-87.0867,36.8811],[-87.0964,36.8819],[-87.11,36.8909],[-87.1192,36.8902],[-87.1287,36.8937],[-87.1276,36.9],[-87.1326,36.9071],[-87.1617,36.9216],[-87.1647,36.9034],[-87.1672,36.8988],[-87.1737,36.8963],[-87.1718,36.8891],[-87.1748,36.8841],[-87.1784,36.8843],[-87.1779,36.88],[-87.1849,36.8755],[-87.1977,36.8797],[-87.2173,36.8755],[-87.2245,36.8647],[-87.2304,36.8656],[-87.2326,36.8702],[-87.2303,36.8742],[-87.2377,36.8859],[-87.2521,36.8849],[-87.258,36.8883],[-87.2592,36.8928],[-87.2657,36.8916],[-87.2669,36.8867],[-87.2782,36.8843],[-87.2812,36.8805],[-87.2892,36.8933],[-87.3023,36.8943],[-87.303,36.8907],[-87.3104,36.8898],[-87.3133,36.8971],[-87.3178,36.8997],[-87.3138,36.906],[-87.3255,36.9152],[-87.3257,36.9209],[-87.3404,36.9241],[-87.3462,36.918],[-87.3483,36.9221],[-87.3603,36.9217],[-87.3703,36.929],[-87.3777,36.9294],[-87.3792,36.9355],[-87.3872,36.9348],[-87.3883,36.9386],[-87.3977,36.9412],[-87.4073,36.9482],[-87.4096,36.9558],[-87.4265,36.9511],[-87.4346,36.9558],[-87.4433,36.9529],[-87.448,36.9551],[-87.451,36.9645],[-87.4573,36.9643],[-87.4645,36.9693],[-87.4708,36.967],[-87.4692,36.957],[-87.474,36.947],[-87.4811,36.9498],[-87.5051,36.9489],[-87.5126,36.9525],[-87.5193,36.9485],[-87.5235,36.952],[-87.5216,36.9621],[-87.5265,36.9659],[-87.5376,36.9647],[-87.5459,36.9724],[-87.5617,36.9697],[-87.5658,36.9746],[-87.5856,36.9764],[-87.5923,36.9695],[-87.6021,36.9763],[-87.6088,36.9769],[-87.6086,36.9828],[-87.6168,36.9861],[-87.6136,36.9931],[-87.6198,36.9949],[-87.6225,37.0019],[-87.6331,37.0018],[-87.6361,37.0053],[-87.6382,37.0132],[-87.6323,37.0168],[-87.6547,37.0216],[-87.6531,37.0319],[-87.6624,37.0406],[-87.6662,37.0377],[-87.6793,37.0423],[-87.6977,37.0431],[-87.7033,37.0383],[-87.7069,37.0403],[-87.7077,37.0457],[-87.7233,37.0468],[-87.7297,37.0515],[-87.735,37.0497],[-87.7418,37.0625],[-87.7377,37.0678],[-87.7521,37.0774],[-87.7535,37.0753],[-87.7608,37.0773],[-87.7653,37.0735],[-87.7733,37.0774],[-87.7854,37.0776],[-87.7887,37.0728],[-87.7922,37.0753],[-87.8018,37.0704],[-87.8063,37.082],[-87.8108,37.0806],[-87.8117,37.0844],[-87.8164,37.0861],[-87.8259,37.0833],[-87.8349,37.0881],[-87.8352,37.0927],[-87.8414,37.098],[-87.8473,37.0977],[-87.8574,37.1114],[-87.8637,37.1108],[-87.8662,37.1179],[-87.8787,37.122],[-87.8752,37.1268],[-87.8776,37.1343],[-87.8903,37.1317],[-87.8944,37.1338],[-87.9004,37.1498],[-87.9324,37.1557],[-87.9425,37.1514],[-87.9543,37.1569],[-87.9523,37.1591],[-87.9551,37.1656],[-87.9636,37.1666],[-87.9685,37.173],[-87.9682,37.1789],[-87.989,37.1841],[-87.9931,37.1796],[-88.0038,37.1828],[-88,37.1899],[-88.0085,37.1931],[-88.01,37.1988],[-88.004,37.1999],[-87.9973,37.2066],[-87.9901,37.2073],[-87.9862,37.2166],[-87.9802,37.2208],[-87.9835,37.2309],[-87.9902,37.2358],[-88.0079,37.2366],[-88.0159,37.2441],[-88.0146,37.2472],[-88.0189,37.2497],[-88.0214,37.2583],[-88.0366,37.2608],[-88.0391,37.2706],[-88.0514,37.2738],[-88.0656,37.2705],[-88.0669,37.2756],[-88.0727,37.278],[-88.1036,37.2797],[-88.1049,37.288],[-88.0965,37.2958],[-88.1018,37.2983],[-88.0987,37.3006],[-88.1026,37.3057],[-88.1095,37.3061],[-88.1063,37.3188],[-88.1086,37.3227],[-88.119,37.3265],[-88.126,37.3242],[-88.1286,37.3278],[-88.134,37.3245],[-88.1477,37.3119],[-88.1453,37.3085],[-88.1479,37.3022],[-88.1541,37.2986],[-88.1578,37.3037],[-88.1617,37.2986],[-88.1696,37.2994],[-88.1763,37.303],[-88.1771,37.3109],[-88.1829,37.3131],[-88.193,37.3119],[-88.2004,37.2993],[-88.2042,37.299],[-88.217,37.3091],[-88.2184,37.3213],[-88.2292,37.3238],[-88.2358,37.3162],[-88.2309,37.3099],[-88.2337,37.3065],[-88.2408,37.3024],[-88.2466,37.3039],[-88.2552,37.3011],[-88.2629,37.2963],[-88.2615,37.291],[-88.2713,37.2836],[-88.2924,37.2724],[-88.2979,37.2728],[-88.3002,37.2686],[-88.2978,37.2654],[-88.3061,37.2561],[-88.3208,37.2569],[-88.3397,37.2508],[-88.3329,37.2432],[-88.3331,37.2376],[-88.3497,37.2332],[-88.3585,37.2444],[-88.365,37.2421],[-88.3751,37.2281],[-88.3698,37.2237],[-88.3651,37.2267],[-88.361,37.2232],[-88.3628,37.2121],[-88.3696,37.2055],[-88.3763,37.2093],[-88.3933,37.1918],[-88.3918,37.1881],[-88.3953,37.1845],[-88.395,37.1801],[-88.3896,37.179],[-88.3813,37.1684],[-88.3946,37.1595],[-88.408,37.1444],[-88.3996,37.1404],[-88.4015,37.1302],[-88.3973,37.1181],[-88.3996,37.1123],[-88.3951,37.1102],[-88.3971,37.1031],[-88.4044,37.1025],[-88.406,37.0929],[-88.4159,37.0934],[-88.4196,37.0876],[-88.4273,37.0846],[-88.4318,37.0789],[-88.4284,37.0745],[-88.4343,37.0684],[-88.433,37.0636],[-88.4411,37.0593],[-88.444,37.0509],[-88.4498,37.0495],[-88.4601,37.0544],[-88.4599,37.0474],[-88.4699,37.0416],[-88.4678,37.0378],[-88.476,37.0398],[-88.4834,37.0351],[-88.4834,37.0394],[-88.4889,37.0416],[-88.497,37.038],[-88.4961,37.0408],[-88.507,37.0459],[-88.509,37.0536],[-88.5133,37.0454],[-88.5211,37.0408],[-88.5297,37.0539],[-88.5724,37.0719],[-88.5928,37.0877],[-88.6298,37.0836],[-88.6332,37.0671],[-88.6437,37.0669],[-88.6501,37.0615],[-88.6398,37.0497],[-88.6419,37.0426],[-88.6583,37.0392],[-88.6591,37.0353],[-88.6668,37.0352],[-88.6706,37.0318],[-88.6621,37.0185],[-88.6698,37.0108],[-88.6659,36.9986],[-88.668,36.9892],[-88.672,36.9875],[-88.6737,36.9755],[-88.6829,36.9636],[-88.6963,36.9644],[-88.7094,36.972],[-88.7095,36.9762],[-88.7185,36.9795],[-88.7224,36.9745],[-88.7296,36.9724],[-88.7365,36.9738],[-88.7385,36.9806],[-88.7584,36.9761],[-88.7659,36.9815],[-88.7702,36.9799],[-88.7748,36.9884],[-88.7921,36.9904],[-88.7917,36.9995],[-88.8017,37.0037],[-88.8037,37.0083],[-88.8101,37.0062],[-88.816,37.0092],[-88.8294,37.0022],[-88.8422,37.0056],[-88.8648,37.0055],[-88.8755,37.0003],[-88.8736,36.9915],[-88.8797,36.9858],[-88.8786,36.9835],[-88.8872,36.9808],[-88.8957,36.9822],[-88.9002,36.9788],[-88.9211,36.9876],[-88.925,36.9909],[-88.9242,36.9941],[-88.9481,36.9893],[-88.9576,36.9964],[-88.9548,37.0035],[-88.9625,37.012],[-88.9587,37.0223],[-88.9708,37.0325],[-88.9702,37.038],[-88.9803,37.047],[-88.9942,37.0502],[-88.9951,37.0577],[-89.0059,37.0574],[-89.0097,37.0623],[-89.002,37.0764],[-89.0117,37.0867],[-89.0101,37.0883],[-89.0154,37.101],[-89.0354,37.1056],[-89.0402,37.1097],[-89.0463,37.1077],[-89.0513,37.1118],[-89.0602,37.1121],[-89.0746,37.1201],[-89.0848,37.1218],[-89.0996,37.0938],[-89.1104,37.0991],[-89.1208,37.0911],[-89.1232,37.0883],[-89.1205,37.0861],[-89.1264,37.081],[-89.1289,37.0829],[-89.1318,37.079],[-89.1353,37.0823],[-89.1501,37.0746],[-89.1594,37.0615],[-89.1585,37.0548],[-89.1627,37.0541],[-89.1611,37.0483],[-89.1643,37.0455],[-89.1658,37.0289],[-89.1614,37.0224],[-89.1607,37.011],[-89.1524,37.0025],[-89.1459,37.0023],[-89.125,36.9903],[-89.1382,36.9846],[-89.1614,37],[-89.1755,37.0145],[-89.1825,37.0386],[-89.1739,37.0663],[-89.1548,37.0885],[-89.1485,37.091],[-89.1526,37.0955],[-89.1498,37.099],[-89.1498,37.1257],[-89.1674,37.1322],[-89.1772,37.1534],[-89.1831,37.1558],[-89.185,37.1604],[-89.1822,37.1627],[-89.1783,37.1602],[-89.1697,37.1659],[-89.1603,37.1656],[-89.1504,37.1723],[-89.149,37.1819],[-89.1563,37.2038],[-89.1414,37.2147],[-89.1257,37.2146],[-89.1236,37.2181],[-89.1051,37.2077],[-89.0888,37.2174],[-89.0694,37.2185],[-89.0635,37.2147],[-89.0602,37.2179],[-89.0621,37.2259],[-89.039,37.227],[-89.0355,37.2365],[-89.0248,37.2489],[-89.0155,37.2518],[-89.0118,37.2579],[-89.0094,37.2492],[-89.0056,37.2471],[-89.0063,37.2422],[-88.9972,37.24],[-88.9859,37.2455],[-88.98,37.2487],[-88.9799,37.2544],[-88.9723,37.2614],[-88.9796,37.2698],[-88.9821,37.2797],[-88.9638,37.2928],[-88.9534,37.2918],[-88.9501,37.2966],[-88.9608,37.2994],[-88.9611,37.3042],[-88.9419,37.3054],[-88.9243,37.3127],[-88.9232,37.3292],[-88.9258,37.3342],[-88.9381,37.3266],[-88.9536,37.3291],[-88.9581,37.3385],[-88.9648,37.3338],[-88.9761,37.3342],[-88.9798,37.3359],[-88.9787,37.344],[-89.0147,37.3486],[-89.0207,37.3571],[-89.0252,37.3562],[-89.0293,37.3605],[-89.0374,37.3578],[-89.0382,37.3662],[-89.043,37.3683],[-89.0421,37.3707],[-89.0249,37.3793],[-89.0209,37.3904],[-89.0278,37.3993],[-89.0385,37.3983],[-89.0416,37.3927],[-89.0514,37.402],[-89.0573,37.3983],[-89.0637,37.4067],[-89.0632,37.4115],[-89.0769,37.4135],[-89.0703,37.421],[-89.0741,37.4234],[-89.067,37.4328],[-89.0724,37.4393],[-89.0775,37.4366],[-89.0901,37.4425],[-89.1113,37.4465],[-89.1137,37.4384],[-89.1179,37.4371],[-89.1218,37.4384],[-89.123,37.4446],[-89.1371,37.4477],[-89.1516,37.4608],[-89.1557,37.4598],[-89.163,37.4661],[-89.1788,37.4614],[-89.189,37.4652],[-89.1922,37.473],[-89.2043,37.4723],[-89.2052,37.4689],[-89.2094,37.4682],[-89.2158,37.4701],[-89.2385,37.4564],[-89.2422,37.4493],[-89.2479,37.447],[-89.2492,37.4496],[-89.2453,37.456],[-89.2536,37.4578],[-89.2618,37.4683],[-89.2552,37.4746],[-89.2632,37.4924],[-89.263,37.4982],[-89.2589,37.5029],[-89.2654,37.5093],[-89.261,37.5135],[-89.2632,37.5161],[-89.2565,37.5189],[-89.2545,37.5254],[-89.2644,37.5304],[-89.2626,37.5324],[-89.2664,37.5408],[-89.2589,37.5426],[-89.2563,37.5366],[-89.2473,37.5368],[-89.2421,37.5335],[-89.237,37.5338],[-89.2353,37.5383],[-89.229,37.5382],[-89.2287,37.5353],[-89.22,37.5361],[-89.2179,37.5312],[-89.2112,37.53],[-89.2035,37.5366],[-89.2031,37.5471],[-89.1976,37.555],[-89.2001,37.5601],[-89.1776,37.577],[-89.1703,37.5686],[-89.1612,37.5705],[-89.1579,37.578],[-89.1515,37.5769],[-89.1363,37.5613],[-89.1256,37.5695],[-89.1159,37.5628],[-89.0984,37.5693],[-89.0887,37.5638],[-89.0745,37.5689],[-89.069,37.5639],[-89.0516,37.5602],[-89.0491,37.5544],[-89.0184,37.5573],[-89.0137,37.5703],[-89.0014,37.5827],[-88.9945,37.5965],[-88.9941,37.6034],[-88.9978,37.608],[-88.9954,37.6143],[-88.9831,37.6205],[-88.9829,37.6255],[-88.9754,37.6244],[-88.962,37.6357],[-88.9578,37.6338],[-88.9519,37.6367],[-88.9545,37.6399],[-88.9491,37.6494],[-88.9431,37.6507],[-88.9389,37.6436],[-88.9307,37.6478],[-88.9294,37.6545],[-88.9197,37.6555],[-88.9132,37.6604],[-88.909,37.6581],[-88.8986,37.6704],[-88.9021,37.6775],[-88.8965,37.6834],[-88.9001,37.6869],[-88.8887,37.6892],[-88.8823,37.7034],[-88.8742,37.7036],[-88.8677,37.6973],[-88.855,37.7007],[-88.8518,37.6964],[-88.8426,37.6965],[-88.8349,37.7014],[-88.8377,37.7067],[-88.8354,37.7152],[-88.8239,37.7195],[-88.8163,37.7196],[-88.8139,37.7147],[-88.8093,37.7135],[-88.7995,37.7169],[-88.786,37.7112],[-88.7888,37.7292],[-88.7788,37.7453],[-88.797,37.751],[-88.8035,37.7592],[-88.7932,37.7624],[-88.7873,37.7697],[-88.7731,37.7766],[-88.7759,37.7782],[-88.7741,37.7809],[-88.7818,37.786],[-88.775,37.7937],[-88.7806,37.8003],[-88.7809,37.8092],[-88.7957,37.8159],[-88.7784,37.8169],[-88.7633,37.8221],[-88.7638,37.8291],[-88.7704,37.8294],[-88.7735,37.8343],[-88.7685,37.8576],[-88.7724,37.8651],[-88.7618,37.8745],[-88.7553,37.8746],[-88.7518,37.8838],[-88.7556,37.889],[-88.7547,37.8979],[-88.7467,37.8962],[-88.7384,37.8999],[-88.7429,37.9081],[-88.7414,37.912],[-88.7452,37.9241],[-88.7274,37.9285],[-88.7179,37.9463],[-88.6862,37.9485],[-88.6871,37.9535],[-88.6817,37.9577],[-88.6835,37.9663],[-88.6772,37.9771],[-88.6849,37.9872],[-88.6842,37.9919],[-88.6741,37.9971],[-88.6757,38.0019],[-88.6704,38.0127],[-88.6717,38.0167],[-88.6591,38.015],[-88.6552,38.0258],[-88.6496,38.0295],[-88.6377,38.0243],[-88.6279,38.0481],[-88.6286,38.0618],[-88.6363,38.0664],[-88.6357,38.0754],[-88.6417,38.0824],[-88.636,38.0879],[-88.6387,38.0913],[-88.6325,38.0962],[-88.6342,38.1004],[-88.6309,38.1061],[-88.637,38.109],[-88.6421,38.1164],[-88.6555,38.1176],[-88.6579,38.1281],[-88.6635,38.1315],[-88.6675,38.1296],[-88.6681,38.1333],[-88.6801,38.1421],[-88.6991,38.1337],[-88.6978,38.1482],[-88.7112,38.159],[-88.7288,38.1448],[-88.7385,38.1591],[-88.7418,38.1739],[-88.7511,38.1733],[-88.7541,38.177],[-88.7592,38.1751],[-88.7634,38.1774],[-88.7679,38.1916],[-88.7762,38.1957],[-88.7861,38.208],[-88.7838,38.2163],[-88.7765,38.2224],[-88.7863,38.2283],[-88.7861,38.2422],[-88.798,38.2465],[-88.8043,38.2577],[-88.7988,38.2663],[-88.7922,38.2682],[-88.7935,38.2738],[-88.801,38.2797],[-88.7963,38.2969],[-88.7981,38.3017],[-88.772,38.3136],[-88.7762,38.3283],[-88.8,38.3361],[-88.7997,38.3391],[-88.8077,38.3446],[-88.8108,38.36],[-88.8075,38.3647],[-88.8281,38.3768],[-88.8257,38.3786],[-88.8266,38.3867],[-88.8324,38.3926],[-88.8261,38.4],[-88.8283,38.4087],[-88.8449,38.4162],[-88.8478,38.4234],[-88.8443,38.4267],[-88.8517,38.4321],[-88.8502,38.4386],[-88.8547,38.4426],[-88.8615,38.4432],[-88.8833,38.455],[-88.8815,38.4581],[-88.8927,38.4759],[-88.891,38.4824],[-88.8989,38.487],[-88.9016,38.4942],[-88.8962,38.5027],[-88.9016,38.5122],[-88.8995,38.5171],[-88.8873,38.5165],[-88.8841,38.532],[-88.8694,38.5337],[-88.8677,38.5404],[-88.862,38.5455],[-88.8689,38.5537],[-88.8705,38.5627],[-88.8654,38.5686],[-88.8711,38.5734],[-88.8629,38.5865],[-88.8531,38.5868],[-88.8477,38.5962],[-88.8608,38.6021],[-88.867,38.6118],[-88.8656,38.6198],[-88.8683,38.6267],[-88.8601,38.6322],[-88.8637,38.6352],[-88.8628,38.6405],[-88.8731,38.6446],[-88.8824,38.6534],[-88.8716,38.6666],[-88.8678,38.682],[-88.8706,38.6845],[-88.8707,38.6924],[-88.8748,38.6938],[-88.8727,38.7002],[-88.8675,38.7041],[-88.872,38.7106],[-88.8688,38.7189],[-88.8841,38.7311],[-88.8767,38.738],[-88.8792,38.7434],[-88.8622,38.7516],[-88.8562,38.7497],[-88.8457,38.7613],[-88.8389,38.7587],[-88.8324,38.7644],[-88.8176,38.7648],[-88.8009,38.7788],[-88.7967,38.7795],[-88.7941,38.7739],[-88.7858,38.7758],[-88.7904,38.7794],[-88.7911,38.7902],[-88.7871,38.7977],[-88.7803,38.8009],[-88.7754,38.811],[-88.773,38.8274],[-88.7621,38.831],[-88.7548,38.8404],[-88.7457,38.8444],[-88.7378,38.8616],[-88.7374,38.865],[-88.754,38.8619],[-88.7675,38.8656],[-88.7856,38.8593],[-88.792,38.8649],[-88.7934,38.8761],[-88.8002,38.8799],[-88.8041,38.8891],[-88.8266,38.8887],[-88.8315,38.8911],[-88.8251,38.9032],[-88.8161,38.9016],[-88.8083,38.907],[-88.8065,38.9293],[-88.797,38.9394],[-88.8074,38.9469],[-88.8285,38.948],[-88.836,38.9527],[-88.8362,38.9592],[-88.8188,38.9689],[-88.8144,38.9684],[-88.8115,38.9638],[-88.7951,38.9674],[-88.7938,38.9773],[-88.7982,38.9867],[-88.7918,38.9963],[-88.7994,39.0002],[-88.7935,39.0075],[-88.8016,39.0104],[-88.8064,39.0184],[-88.7965,39.0283],[-88.7999,39.0323],[-88.7981,39.0395],[-88.7862,39.0459],[-88.7742,39.0675],[-88.7671,39.0703],[-88.7689,39.079],[-88.7619,39.0859],[-88.732,39.0919],[-88.7102,39.1041],[-88.6987,39.1181],[-88.6962,39.1296],[-88.7032,39.1392],[-88.6922,39.1513],[-88.6831,39.1517],[-88.6563,39.1678],[-88.6559,39.1809],[-88.6479,39.1888],[-88.6505,39.1918],[-88.6588,39.1918],[-88.656,39.2007],[-88.6401,39.2161],[-88.6305,39.2185],[-88.6195,39.2324],[-88.6118,39.2348],[-88.6157,39.2374],[-88.6142,39.2442],[-88.6073,39.2504],[-88.6009,39.2515],[-88.601,39.2678],[-88.5943,39.272],[-88.5983,39.2784],[-88.5976,39.285],[-88.6096,39.2823],[-88.6143,39.2878],[-88.626,39.2865],[-88.6273,39.3004],[-88.6229,39.3028],[-88.6235,39.3058],[-88.6333,39.3108],[-88.6337,39.3172],[-88.6275,39.3235],[-88.6185,39.3245],[-88.6152,39.3278],[-88.6135,39.3371],[-88.6175,39.3406],[-88.6106,39.344],[-88.6094,39.3509],[-88.6114,39.3575],[-88.6079,39.367],[-88.6124,39.3847],[-88.6189,39.39],[-88.621,39.402],[-88.6132,39.4032],[-88.6005,39.4113],[-88.5994,39.4208],[-88.5948,39.4239],[-88.5873,39.4243],[-88.5766,39.4299],[-88.5598,39.4305],[-88.539,39.439],[-88.5021,39.4448],[-88.4938,39.4504],[-88.4843,39.4495],[-88.4802,39.4446],[-88.4743,39.4443],[-88.4739,39.449],[-88.4691,39.4513],[-88.4699,39.4555],[-88.4651,39.4591],[-88.4711,39.4697],[-88.4653,39.4787],[-88.4497,39.4865],[-88.4187,39.4817],[-88.4148,39.4839],[-88.4153,39.4874],[-88.4089,39.4879],[-88.4081,39.4906],[-88.3949,39.4906],[-88.3877,39.4867],[-88.3866,39.5023],[-88.3919,39.508],[-88.384,39.5194],[-88.3631,39.5212],[-88.3581,39.524],[-88.3589,39.5285],[-88.3454,39.5298],[-88.3394,39.5362],[-88.3334,39.5335],[-88.3256,39.5377],[-88.3144,39.5363],[-88.3095,39.5414],[-88.2901,39.5481],[-88.2732,39.5619],[-88.2542,39.5715],[-88.2346,39.5789],[-88.2306,39.5777],[-88.2134,39.5864],[-88.2091,39.5891],[-88.2072,39.5974],[-88.1875,39.6087],[-88.1793,39.6093],[-88.1657,39.6218],[-88.1678,39.6349],[-88.2035,39.6292],[-88.2088,39.6321],[-88.2528,39.6332],[-88.2637,39.6373],[-88.2645,39.6527],[-88.2735,39.6515],[-88.291,39.6584],[-88.2925,39.6721],[-88.2986,39.6729],[-88.3063,39.6848],[-88.3263,39.6981],[-88.326,39.7021],[-88.3351,39.7144],[-88.3357,39.731],[-88.3411,39.7354],[-88.3406,39.7471],[-88.3469,39.7602],[-88.3447,39.7719],[-88.3366,39.7798],[-88.3417,39.7855],[-88.3424,39.7997],[-88.3348,39.8133],[-88.3446,39.8221],[-88.3394,39.8299],[-88.3326,39.8321],[-88.3373,39.8437],[-88.3264,39.8507],[-88.3283,39.8537],[-88.3249,39.8573],[-88.3225,39.8711],[-88.3248,39.8894],[-88.3197,39.8922],[-88.3174,39.9011],[-88.3097,39.9111],[-88.2984,39.9192],[-88.2947,39.9303],[-88.275,39.938],[-88.2742,39.9565],[-88.2699,39.9596],[-88.2733,39.9808],[-88.2706,39.9875],[-88.2645,39.9869],[-88.2598,40.0055],[-88.2598,40.0214],[-88.2681,40.0371],[-88.2828,40.0423],[-88.2855,40.0479],[-88.2823,40.0567],[-88.2622,40.0581],[-88.2672,40.0644],[-88.2658,40.0695],[-88.2597,40.0718],[-88.2635,40.0794],[-88.2628,40.0906],[-88.2557,40.0993],[-88.2665,40.1096],[-88.2582,40.1172],[-88.2586,40.1255],[-88.2684,40.1349],[-88.2767,40.1365],[-88.2721,40.1476],[-88.2814,40.1544],[-88.28,40.1595],[-88.29,40.1624],[-88.301,40.1608],[-88.302,40.1671],[-88.3109,40.1712],[-88.3189,40.183],[-88.2987,40.2147],[-88.2811,40.2287],[-88.2629,40.251],[-88.2526,40.2602],[-88.2333,40.2642],[-88.2395,40.2706],[-88.2384,40.2733],[-88.2291,40.2712],[-88.2238,40.2758],[-88.224,40.2797],[-88.2148,40.2798],[-88.2089,40.2879],[-88.1915,40.2925],[-88.1879,40.3013],[-88.184,40.3029],[-88.1815,40.299],[-88.1728,40.3043],[-88.1727,40.3078],[-88.1603,40.3085],[-88.1592,40.3141],[-88.1456,40.3225],[-88.1439,40.3296],[-88.1467,40.3312],[-88.1426,40.341],[-88.1463,40.3469],[-88.1456,40.3548],[-88.1527,40.366],[-88.1516,40.3699],[-88.1614,40.3697],[-88.1713,40.375],[-88.1757,40.3853],[-88.1937,40.3929],[-88.1907,40.3964],[-88.1935,40.3987],[-88.1906,40.3992],[-88.1945,40.404],[-88.1992,40.404],[-88.2118,40.4128],[-88.2182,40.4112],[-88.2321,40.4147],[-88.2534,40.4355],[-88.2937,40.4466],[-88.2974,40.4557],[-88.3101,40.4582],[-88.3068,40.4614],[-88.3092,40.4688],[-88.3057,40.4736],[-88.3087,40.4767],[-88.3077,40.4802],[-88.3153,40.4847],[-88.3305,40.4859],[-88.3349,40.5098],[-88.3383,40.5139],[-88.3347,40.519],[-88.3463,40.527],[-88.3564,40.5509],[-88.3542,40.5542],[-88.3574,40.5645],[-88.3538,40.5671],[-88.3554,40.5703],[-88.3517,40.5806],[-88.3543,40.5889],[-88.3489,40.5995],[-88.351,40.606],[-88.3451,40.6205],[-88.3483,40.6246],[-88.3441,40.6273],[-88.3472,40.6386],[-88.3361,40.6424],[-88.3021,40.6329],[-88.265,40.6319],[-88.2619,40.628],[-88.262,40.6375],[-88.2596,40.6392],[-88.262,40.6424],[-88.2579,40.6472],[-88.2603,40.649],[-88.2517,40.6609],[-88.2386,40.6629],[-88.2159,40.6756],[-88.2109,40.6745],[-88.2071,40.6642],[-88.2027,40.661],[-88.2078,40.6545],[-88.2038,40.6519],[-88.21,40.6427],[-88.2063,40.6373],[-88.2094,40.6358],[-88.1995,40.6285],[-88.2012,40.6221],[-88.2108,40.617],[-88.2012,40.6055],[-88.203,40.6036],[-88.1963,40.5986],[-88.2028,40.5815],[-88.1897,40.5741],[-88.1822,40.5738],[-88.177,40.5683],[-88.1817,40.5653],[-88.186,40.5465],[-88.1761,40.5412],[-88.1765,40.5363],[-88.167,40.5357],[-88.162,40.5274],[-88.1577,40.5269],[-88.1579,40.5231],[-88.1462,40.5209],[-88.1503,40.5153],[-88.1469,40.5074],[-88.1419,40.5095],[-88.1276,40.5031],[-88.1227,40.5041],[-88.0965,40.4867],[-88.0796,40.4913],[-88.0794,40.488],[-88.0755,40.4885],[-88.076,40.4788],[-88.0589,40.4777],[-88.0512,40.472],[-88.0471,40.4729],[-88.0431,40.4674],[-88.0305,40.4662],[-88.0308,40.4704],[-88.0212,40.4738],[-88.0083,40.4731],[-88.0057,40.4764],[-87.9968,40.4733],[-87.9836,40.4645],[-87.968,40.4447],[-87.9507,40.4377],[-87.9384,40.4393],[-87.9268,40.4319],[-87.9229,40.4207],[-87.9,40.4119],[-87.8953,40.4074],[-87.8676,40.4108],[-87.8565,40.4032],[-87.8365,40.4078],[-87.8252,40.4],[-87.8106,40.4027],[-87.7989,40.3987],[-87.7695,40.4071],[-87.7647,40.4152],[-87.7534,40.4199],[-87.756,40.4298],[-87.7477,40.436],[-87.7504,40.4424],[-87.7464,40.4463],[-87.7443,40.4568],[-87.7307,40.473],[-87.7153,40.4706],[-87.7181,40.4818],[-87.7157,40.4848],[-87.7102,40.4832],[-87.7058,40.4869],[-87.6964,40.4874],[-87.6871,40.4828],[-87.6651,40.4885],[-87.6597,40.4862],[-87.6554,40.4888],[-87.6584,40.4943],[-87.6496,40.5005],[-87.6392,40.5041],[-87.6244,40.5019],[-87.6074,40.5039],[-87.6034,40.5145],[-87.5913,40.514],[-87.5667,40.5266],[-87.5601,40.525],[-87.5404,40.5326],[-87.5224,40.5333],[-87.4981,40.5434],[-87.477,40.539],[-87.4725,40.5422],[-87.4742,40.5466],[-87.4713,40.5502],[-87.4445,40.56],[-87.4377,40.5639],[-87.4396,40.5678],[-87.4082,40.5694],[-87.3802,40.5812],[-87.3786,40.586],[-87.3708,40.5831],[-87.3609,40.5899],[-87.3356,40.5932],[-87.3301,40.6121],[-87.3165,40.6145],[-87.3181,40.62],[-87.3117,40.6229],[-87.2903,40.6259],[-87.2866,40.6228],[-87.2803,40.6244],[-87.2793,40.6281],[-87.2719,40.6262],[-87.2681,40.6345],[-87.2584,40.6407],[-87.263,40.6557],[-87.2739,40.6647],[-87.2749,40.6727],[-87.2803,40.6705],[-87.2891,40.6776],[-87.3053,40.6792],[-87.3054,40.6873],[-87.3013,40.6878],[-87.2969,40.6975],[-87.2766,40.6998]]]},"properties":{"name":"US Army Engineer District, Louisville","abbreviation":"CELRL","division_name":"Great Lakes and Ohio River Division","division_abbreviation":null,"website_url":"","phone":"","address":"","layer":"usace_districts"}},{"type":"Feature","geometry":{"type":"MultiPolygon","coordinates":[[[[-74.2669,40.4903],[-74.2715,40.4908],[-74.2642,40.4944],[-74.2669,40.4903]]],[[[-74.0807,39.9838],[-74.0855,39.9875],[-74.083,39.9943],[-74.0788,39.9888],[-74.0807,39.9838]]],[[[-74.0827,39.9358],[-74.0875,39.9399],[-74.0845,39.9471],[-74.0803,39.9426],[-74.0827,39.9358]]],[[[-74.1112,39.7844],[-74.1171,39.7876],[-74.1231,39.7963],[-74.1224,39.7999],[-74.1105,39.7949],[-74.107,39.7871],[-74.1112,39.7844]]],[[[-74.1334,39.7618],[-74.1394,39.7623],[-74.1394,39.7668],[-74.1256,39.7664],[-74.1334,39.7618]]],[[[-74.1475,39.7011],[-74.151,39.7066],[-74.1468,39.7093],[-74.1433,39.7034],[-74.1475,39.7011]]],[[[-74.1985,39.6455],[-74.2039,39.6473],[-74.2039,39.6528],[-74.1931,39.6586],[-74.1889,39.6577],[-74.1883,39.6536],[-74.1985,39.6455]]],[[[-74.2165,39.6283],[-74.2189,39.6333],[-74.2141,39.6365],[-74.2087,39.6356],[-74.2165,39.6283]]],[[[-74.2232,39.5984],[-74.2304,39.5998],[-74.2303,39.6025],[-74.2226,39.6043],[-74.2208,39.6002],[-74.2232,39.5984]]],[[[-74.2519,39.5794],[-74.2591,39.5817],[-74.2579,39.5862],[-74.2501,39.5867],[-74.2519,39.5794]]],[[[-74.2717,39.5496],[-74.2783,39.5536],[-74.2729,39.5586],[-74.2687,39.5554],[-74.2717,39.5496]]],[[[-74.301,39.5446],[-74.3099,39.5469],[-74.3099,39.5546],[-74.298,39.5487],[-74.301,39.5446]]],[[[-74.2682,39.5146],[-74.2712,39.521],[-74.264,39.5282],[-74.2628,39.5405],[-74.2526,39.5441],[-74.2466,39.5604],[-74.2382,39.5658],[-74.2292,39.5812],[-74.2179,39.5866],[-74.2143,39.5957],[-74.1884,39.6287],[-74.1806,39.6491],[-74.1464,39.6853],[-74.1457,39.6925],[-74.1319,39.7111],[-74.1348,39.7247],[-74.1186,39.7314],[-74.1131,39.7482],[-74.1029,39.7617],[-74.1005,39.7586],[-74.1018,39.7477],[-74.1211,39.7196],[-74.1458,39.6694],[-74.1939,39.6088],[-74.2191,39.5712],[-74.2371,39.5527],[-74.2605,39.5201],[-74.2682,39.5146]]],[[[-74.2832,39.5052],[-74.2873,39.5083],[-74.2808,39.5101],[-74.2832,39.5052]]],[[[-76.0814,39.4398],[-76.0831,39.4439],[-76.092,39.4476],[-76.0925,39.4512],[-76.0886,39.4652],[-76.0895,39.4802],[-76.0871,39.482],[-76.0795,39.4769],[-76.0729,39.4791],[-76.0694,39.4759],[-76.0713,39.4655],[-76.0602,39.4568],[-76.0615,39.4527],[-76.0668,39.4528],[-76.0814,39.4398]]],[[[-74.415,39.4101],[-74.4204,39.4133],[-74.4216,39.4228],[-74.4127,39.4192],[-74.415,39.4101]]],[[[-74.4502,39.4024],[-74.4532,39.4074],[-74.446,39.4192],[-74.4484,39.4265],[-74.4347,39.4337],[-74.4323,39.431],[-74.4341,39.4192],[-74.4281,39.416],[-74.4287,39.4097],[-74.4502,39.4024]]],[[[-74.4068,39.377],[-74.4097,39.3838],[-74.4204,39.3897],[-74.4222,39.3974],[-74.4168,39.4029],[-74.4044,39.3961],[-74.3936,39.4074],[-74.3775,39.4137],[-74.3882,39.4187],[-74.3811,39.4291],[-74.3686,39.4346],[-74.3656,39.4395],[-74.3649,39.4559],[-74.3732,39.4754],[-74.3637,39.4744],[-74.3631,39.4803],[-74.3583,39.4821],[-74.3309,39.4826],[-74.322,39.4816],[-74.3155,39.4694],[-74.3023,39.4725],[-74.3054,39.4544],[-74.3137,39.4499],[-74.331,39.4499],[-74.3263,39.435],[-74.3311,39.425],[-74.346,39.4082],[-74.4068,39.377]]],[[[-74.5454,39.3045],[-74.5484,39.3113],[-74.5353,39.3231],[-74.5329,39.3208],[-74.5347,39.3145],[-74.5394,39.3072],[-74.5454,39.3045]]],[[[-76.2688,39.2817],[-76.2717,39.2822],[-76.2739,39.2922],[-76.2619,39.2971],[-76.2586,39.2871],[-76.2688,39.2817]]],[[[-76.3872,39.2339],[-76.3907,39.2371],[-76.3864,39.2466],[-76.3828,39.2502],[-76.3709,39.2505],[-76.3872,39.2339]]],[[[-76.2467,38.9057],[-76.2508,38.909],[-76.243,38.9184],[-76.2389,38.9129],[-76.2467,38.9057]]],[[[-77.076,38.9015],[-77.0902,38.9042],[-77.1012,38.9111],[-77.1171,38.9301],[-77.0921,38.9062],[-77.0707,38.9035],[-77.076,38.9015]]],[[[-76.1776,38.867],[-76.183,38.8697],[-76.1839,38.882],[-76.178,38.8819],[-76.1654,38.8895],[-76.1652,38.9026],[-76.1481,38.9006],[-76.1309,38.9027],[-76.1257,38.8968],[-76.1133,38.8912],[-76.1241,38.8868],[-76.137,38.8896],[-76.1418,38.8865],[-76.1471,38.8893],[-76.1525,38.8844],[-76.1638,38.8822],[-76.1662,38.8795],[-76.1627,38.8749],[-76.1776,38.867]]],[[[-76.3725,38.8417],[-76.3752,38.8544],[-76.3588,38.8855],[-76.3678,38.9137],[-76.3577,38.9553],[-76.3383,38.9837],[-76.3294,38.9886],[-76.3257,38.9949],[-76.3254,39.0139],[-76.321,39.0275],[-76.3025,39.0405],[-76.2977,39.0409],[-76.2954,39.0395],[-76.299,39.0345],[-76.2981,39.0178],[-76.2849,38.9945],[-76.259,38.9861],[-76.2579,38.9788],[-76.2513,38.9833],[-76.2478,38.9792],[-76.251,38.9647],[-76.2558,38.9643],[-76.2571,38.9584],[-76.2659,38.959],[-76.266,38.9553],[-76.2601,38.9508],[-76.2495,38.9525],[-76.2491,38.9411],[-76.2556,38.9376],[-76.2557,38.9344],[-76.2458,38.927],[-76.2464,38.9239],[-76.2612,38.9227],[-76.2656,38.9431],[-76.2702,38.9504],[-76.2732,38.9495],[-76.2715,38.9432],[-76.2858,38.941],[-76.2924,38.9338],[-76.2932,38.9203],[-76.2898,38.9089],[-76.2928,38.908],[-76.3027,38.9181],[-76.3067,38.9285],[-76.2926,38.9615],[-76.2942,38.9679],[-76.3038,38.9602],[-76.3066,38.9666],[-76.3108,38.9667],[-76.3133,38.954],[-76.3322,38.9592],[-76.3387,38.957],[-76.333,38.9474],[-76.3141,38.9422],[-76.3187,38.916],[-76.3223,38.9124],[-76.3265,38.9138],[-76.3268,38.9242],[-76.3334,38.9211],[-76.3392,38.9257],[-76.3422,38.9243],[-76.3366,38.9062],[-76.3432,38.8985],[-76.3397,38.8953],[-76.332,38.8966],[-76.3286,38.8889],[-76.3294,38.8762],[-76.3348,38.8717],[-76.3406,38.8749],[-76.3461,38.8632],[-76.3544,38.8624],[-76.3725,38.8417]]],[[[-76.3868,38.757],[-76.3925,38.7662],[-76.3799,38.7787],[-76.3782,38.7751],[-76.3855,38.7656],[-76.3832,38.7575],[-76.3868,38.757]]],[[[-76.3669,38.7451],[-76.3751,38.7465],[-76.3697,38.7564],[-76.3597,38.75],[-76.3669,38.7451]]],[[[-76.331,38.5181],[-76.3431,38.5318],[-76.3284,38.5317],[-76.3267,38.5285],[-76.331,38.5181]]],[[[-76.3424,38.5037],[-76.3458,38.5096],[-76.3433,38.5214],[-76.3376,38.5114],[-76.3424,38.5037]]],[[[-76.1768,38.3266],[-76.185,38.3281],[-76.1849,38.3353],[-76.1697,38.3325],[-76.1768,38.3266]]],[[[-76.1899,38.3159],[-76.1946,38.3164],[-76.1951,38.3191],[-76.1903,38.3259],[-76.1845,38.3217],[-76.1899,38.3159]]],[[[-76.2428,38.3083],[-76.2521,38.3134],[-76.2608,38.3234],[-76.2598,38.3438],[-76.2529,38.3365],[-76.2508,38.3206],[-76.2381,38.3092],[-76.2428,38.3083]]],[[[-76.2042,38.3029],[-76.22,38.3058],[-76.2292,38.314],[-76.2284,38.3281],[-76.233,38.3345],[-76.2323,38.3408],[-76.2222,38.3453],[-76.2146,38.3429],[-76.2095,38.3333],[-76.2189,38.3325],[-76.2155,38.328],[-76.2175,38.3139],[-76.2042,38.3029]]],[[[-76.838,38.2563],[-76.8503,38.2604],[-76.8543,38.2668],[-76.8403,38.2658],[-76.8368,38.2604],[-76.838,38.2563]]],[[[-76.1398,38.2324],[-76.1427,38.2333],[-76.1408,38.2419],[-76.1485,38.2384],[-76.1572,38.2448],[-76.1625,38.244],[-76.1816,38.2573],[-76.1873,38.2642],[-76.186,38.2728],[-76.1888,38.2792],[-76.2021,38.287],[-76.1909,38.2946],[-76.1786,38.2922],[-76.1732,38.2971],[-76.1627,38.2934],[-76.1628,38.2889],[-76.1716,38.2899],[-76.17,38.2812],[-76.1759,38.2777],[-76.1713,38.2717],[-76.171,38.259],[-76.1646,38.2576],[-76.1617,38.2535],[-76.1261,38.2468],[-76.1215,38.2431],[-76.1233,38.239],[-76.1398,38.2324]]],[[[-76.046,38.1493],[-76.0506,38.1507],[-76.0585,38.1648],[-76.0485,38.167],[-76.0525,38.1729],[-76.0661,38.1681],[-76.0709,38.1596],[-76.0897,38.1561],[-76.0872,38.1647],[-76.0917,38.1729],[-76.08,38.1746],[-76.0926,38.1911],[-76.086,38.1951],[-76.0745,38.1872],[-76.0575,38.1875],[-76.0556,38.1952],[-76.0696,38.1985],[-76.06,38.2102],[-76.0419,38.2059],[-76.035,38.1977],[-76.0393,38.1886],[-76.019,38.1825],[-76.0167,38.1793],[-76.0227,38.1694],[-76.0309,38.17],[-76.0328,38.1641],[-76.0294,38.1577],[-76.0331,38.1505],[-76.046,38.1493]]],[[[-76.7385,38.1445],[-76.7427,38.1564],[-76.7571,38.1649],[-76.7575,38.1681],[-76.7436,38.165],[-76.737,38.1526],[-76.7355,38.1462],[-76.7385,38.1445]]],[[[-76.0587,38.1277],[-76.0609,38.1313],[-76.0585,38.1358],[-76.0515,38.1344],[-76.0587,38.1277]]],[[[-76.0127,38.1144],[-76.0172,38.1217],[-76.0176,38.1344],[-76.0076,38.1357],[-76.006,38.1284],[-76.0113,38.1253],[-76.0127,38.1144]]],[[[-76.0806,38.1143],[-76.0858,38.118],[-76.0851,38.1226],[-76.0816,38.1239],[-76.0837,38.1339],[-76.0768,38.1297],[-76.0752,38.1211],[-76.0806,38.1143]]],[[[-75.9408,38.114],[-75.9478,38.115],[-75.9458,38.1254],[-75.9353,38.1253],[-75.9324,38.1211],[-75.9389,38.1194],[-75.9408,38.114]]],[[[-76.0297,38.1133],[-76.0419,38.1161],[-76.0413,38.1184],[-76.0336,38.1251],[-76.026,38.125],[-76.0296,38.1201],[-76.0262,38.1151],[-76.0297,38.1133]]],[[[-76.4657,38.1028],[-76.4789,38.1165],[-76.4894,38.1225],[-76.4888,38.1252],[-76.4643,38.12],[-76.4684,38.1159],[-76.4615,38.1055],[-76.4657,38.1028]]],[[[-75.303,38.077],[-75.3034,38.082],[-75.2951,38.0855],[-75.2888,38.0836],[-75.2913,38.0777],[-75.303,38.077]]],[[[-75.3352,38.0767],[-75.341,38.0782],[-75.3432,38.0823],[-75.3355,38.0844],[-75.3299,38.078],[-75.3352,38.0767]]],[[[-76.0065,38.074],[-76.0106,38.075],[-76.0157,38.0832],[-76.0257,38.0806],[-76.0248,38.0942],[-76.0306,38.0956],[-76.0299,38.102],[-76.0375,38.1043],[-76.0374,38.1079],[-76.0181,38.1077],[-76.0031,38.0975],[-75.9997,38.0916],[-76.0011,38.0812],[-76.0024,38.0758],[-76.0065,38.074]]],[[[-75.3486,38.0388],[-75.3537,38.0421],[-75.3454,38.0479],[-75.3445,38.0592],[-75.33,38.0548],[-75.3279,38.0448],[-75.3303,38.0426],[-75.3379,38.045],[-75.3486,38.0388]]],[[[-75.9938,37.9832],[-76.0001,37.9874],[-76.0003,38.0046],[-76.0158,38.017],[-76.0229,38.0153],[-76.0241,38.0117],[-76.0263,38.0208],[-76.031,38.0213],[-76.0386,38.0205],[-76.0382,38.0105],[-76.0445,38.0146],[-76.0462,38.0187],[-76.0408,38.0282],[-76.0405,38.0386],[-76.026,38.0353],[-76.0154,38.0374],[-76.0113,38.0419],[-76.0054,38.0405],[-76.0039,38.0296],[-75.9949,38.0131],[-75.9817,38.0016],[-75.983,37.9935],[-75.9895,37.9918],[-75.9938,37.9832]]],[[[-76.0302,37.9723],[-76.0331,37.9728],[-76.0353,37.9792],[-76.0423,37.9802],[-76.0433,37.987],[-76.0509,37.9889],[-76.0413,37.9978],[-76.0349,37.9991],[-76.0342,38.0059],[-76.0255,38.0022],[-76.0186,37.9939],[-76.0201,37.9799],[-76.0288,37.9809],[-76.0302,37.9723]]],[[[-76.0417,37.9459],[-76.0457,37.9478],[-76.0471,37.9748],[-76.0413,37.9729],[-76.0396,37.9684],[-76.041,37.957],[-76.0363,37.948],[-76.0417,37.9459]]],[[[-75.998,37.9442],[-76.0019,37.9479],[-75.9989,37.9602],[-76.0047,37.9616],[-76.0115,37.9698],[-76.0088,37.9893],[-76.0042,37.986],[-76.0026,37.9788],[-75.9968,37.9755],[-75.9964,37.9683],[-75.9895,37.9632],[-75.9944,37.9463],[-75.998,37.9442]]],[[[-76.0241,37.9345],[-76.0282,37.9346],[-76.0292,37.9378],[-76.0225,37.9453],[-76.0224,37.9545],[-76.0287,37.9592],[-76.0251,37.9636],[-76.0188,37.9586],[-76.0159,37.9488],[-76.0188,37.937],[-76.0241,37.9345]]],[[[-75.4018,37.9311],[-75.408,37.9345],[-75.4134,37.9428],[-75.4126,37.9473],[-75.4095,37.9504],[-75.3844,37.9495],[-75.3928,37.9349],[-75.4018,37.9311]]],[[[-75.8848,37.917],[-75.8913,37.9171],[-75.8946,37.9235],[-75.9015,37.9272],[-75.9003,37.929],[-75.8921,37.9298],[-75.883,37.922],[-75.8848,37.917]]],[[[-75.91,37.9114],[-75.9129,37.9151],[-75.9058,37.9168],[-75.9042,37.9141],[-75.91,37.9114]]],[[[-75.4309,37.9112],[-75.4398,37.9192],[-75.4448,37.9357],[-75.4318,37.9375],[-75.4306,37.9284],[-75.4142,37.9283],[-75.4121,37.9246],[-75.4149,37.9161],[-75.4254,37.9164],[-75.4309,37.9112]]],[[[-75.9059,37.9043],[-75.9086,37.908],[-75.9016,37.9092],[-75.9,37.9068],[-75.9059,37.9043]]],[[[-75.4127,37.9024],[-75.4174,37.903],[-75.4155,37.9052],[-75.3712,37.945],[-75.3624,37.9574],[-75.3414,37.9667],[-75.3316,37.985],[-75.3147,37.9839],[-75.3305,37.9627],[-75.3383,37.9602],[-75.3433,37.9531],[-75.3417,37.9413],[-75.3519,37.9262],[-75.3802,37.9213],[-75.3837,37.9105],[-75.4127,37.9024]]],[[[-75.897,37.8845],[-75.9091,37.8876],[-75.9125,37.9013],[-75.9042,37.9033],[-75.9017,37.8942],[-75.8938,37.8894],[-75.894,37.8849],[-75.897,37.8845]]],[[[-75.3716,37.8661],[-75.3836,37.8697],[-75.3918,37.8799],[-75.3823,37.8832],[-75.3574,37.8797],[-75.3493,37.888],[-75.3484,37.8948],[-75.3414,37.9041],[-75.3472,37.9047],[-75.357,37.8969],[-75.3703,37.8996],[-75.3787,37.8949],[-75.3819,37.9],[-75.3735,37.9052],[-75.3711,37.916],[-75.3471,37.9179],[-75.3406,37.929],[-75.3336,37.9292],[-75.3286,37.9341],[-75.3209,37.9474],[-75.3142,37.9517],[-75.3186,37.9564],[-75.303,37.984],[-75.3057,37.9977],[-75.2994,37.9957],[-75.2969,37.9992],[-75.2804,38.0018],[-75.2812,38.0068],[-75.2865,38.007],[-75.2696,38.0164],[-75.2729,38.0275],[-75.2511,38.0321],[-75.2452,38.0365],[-75.2417,38.0542],[-75.2356,38.0617],[-75.2347,38.0731],[-75.2294,38.0734],[-75.2301,38.0685],[-75.2267,38.0652],[-75.2152,38.0777],[-75.215,38.0849],[-75.2277,38.0906],[-75.2259,38.0933],[-75.2112,38.0935],[-75.2085,38.1057],[-75.1938,38.1267],[-75.1907,38.1334],[-75.1921,38.1457],[-75.1865,38.1565],[-75.1921,38.1629],[-75.1856,38.1651],[-75.181,38.1813],[-75.1692,38.1834],[-75.1638,38.205],[-75.1443,38.2314],[-75.144,38.24],[-75.1319,38.2502],[-75.1207,38.2722],[-75.1226,38.2845],[-75.1119,38.2884],[-75.097,38.3125],[-75.098,38.3207],[-75.0938,38.3211],[-75.0942,38.3102],[-75.1069,38.2796],[-75.1148,38.2707],[-75.1231,38.2496],[-75.1547,38.1985],[-75.174,38.1236],[-75.2146,38.0618],[-75.2272,38.0494],[-75.2323,38.0358],[-75.2519,38.019],[-75.2699,37.991],[-75.2996,37.9612],[-75.3394,37.8872],[-75.3597,37.8698],[-75.3716,37.8661]]],[[[-75.4908,37.8301],[-75.4923,37.8456],[-75.4802,37.8534],[-75.4768,37.8624],[-75.4562,37.888],[-75.4441,37.8948],[-75.4285,37.8911],[-75.4289,37.8839],[-75.4734,37.85],[-75.4908,37.8301]]],[[[-75.4976,37.824],[-75.506,37.8302],[-75.505,37.8379],[-75.4957,37.8371],[-75.494,37.8257],[-75.4976,37.824]]],[[[-75.9802,37.8035],[-75.9946,37.8075],[-75.9994,37.8158],[-75.9938,37.8361],[-75.9947,37.8411],[-76.0032,37.8459],[-75.9982,37.853],[-75.9847,37.8431],[-75.9884,37.8396],[-75.985,37.8241],[-75.9914,37.8129],[-75.9863,37.8091],[-75.9822,37.8108],[-75.9788,37.8071],[-75.9802,37.8035]]],[[[-75.7378,37.8008],[-75.7422,37.8068],[-75.7408,37.8104],[-75.7349,37.8125],[-75.7311,37.8065],[-75.7378,37.8008]]],[[[-75.8881,37.7904],[-75.8932,37.7951],[-75.8976,37.8124],[-75.8902,37.8199],[-75.8874,37.818],[-75.8902,37.8081],[-75.8845,37.7925],[-75.8881,37.7904]]],[[[-75.8003,37.7642],[-75.8015,37.7751],[-75.7916,37.7739],[-75.7867,37.7787],[-75.7782,37.7744],[-75.7796,37.769],[-75.8003,37.7642]]],[[[-75.5656,37.74],[-75.5735,37.7444],[-75.5666,37.7541],[-75.566,37.7649],[-75.5636,37.7658],[-75.558,37.7616],[-75.5584,37.7557],[-75.5656,37.74]]],[[[-75.8581,37.7015],[-75.859,37.7079],[-75.8525,37.709],[-75.8522,37.7036],[-75.8581,37.7015]]],[[[-75.5785,37.6842],[-75.5819,37.6843],[-75.5844,37.693],[-75.5912,37.6959],[-75.5773,37.7059],[-75.569,37.7193],[-75.5575,37.7507],[-75.5563,37.7625],[-75.5367,37.7677],[-75.5313,37.7829],[-75.5337,37.7916],[-75.5259,37.7964],[-75.5232,37.8035],[-75.5239,37.8117],[-75.5291,37.8128],[-75.5294,37.8169],[-75.5167,37.8265],[-75.5073,37.8275],[-75.4983,37.8199],[-75.5103,37.8045],[-75.5298,37.7656],[-75.5453,37.7485],[-75.5785,37.6842]]],[[[-75.8637,37.6822],[-75.8723,37.6865],[-75.8732,37.6901],[-75.8702,37.6928],[-75.858,37.6929],[-75.8601,37.6843],[-75.8637,37.6822]]],[[[-76.2851,37.6128],[-76.2988,37.6186],[-76.2993,37.6218],[-76.2939,37.6257],[-76.3005,37.6327],[-76.2989,37.6431],[-76.2744,37.6189],[-76.2787,37.614],[-76.2851,37.6128]]],[[[-75.6107,37.5904],[-75.6203,37.5971],[-75.638,37.5922],[-75.6511,37.5967],[-75.6686,37.5963],[-75.6701,37.6],[-75.6571,37.6146],[-75.6574,37.6218],[-75.6532,37.6235],[-75.6424,37.6177],[-75.6419,37.605],[-75.6287,37.6023],[-75.6187,37.6056],[-75.6132,37.6105],[-75.6097,37.6208],[-75.6229,37.6239],[-75.6279,37.6282],[-75.6344,37.6279],[-75.6381,37.6448],[-75.6209,37.6515],[-75.6092,37.6525],[-75.6082,37.6611],[-75.5993,37.664],[-75.5859,37.6749],[-75.579,37.6742],[-75.5787,37.6679],[-75.5848,37.6626],[-75.608,37.6098],[-75.6107,37.5904]]],[[[-75.6311,37.567],[-75.6447,37.5743],[-75.6714,37.5751],[-75.6644,37.5871],[-75.6719,37.5883],[-75.6729,37.5915],[-75.6576,37.5942],[-75.6424,37.586],[-75.6282,37.5896],[-75.6229,37.5699],[-75.6311,37.567]]],[[[-75.6728,37.4917],[-75.6793,37.5005],[-75.6886,37.5012],[-75.6888,37.5081],[-75.6798,37.5132],[-75.677,37.5218],[-75.6579,37.5207],[-75.662,37.5104],[-75.6614,37.4981],[-75.6728,37.4917]]],[[[-75.6653,37.4787],[-75.6681,37.482],[-75.6598,37.4953],[-75.6567,37.522],[-75.6855,37.5266],[-75.6921,37.5231],[-75.6973,37.5124],[-75.714,37.5138],[-75.7078,37.5232],[-75.72,37.5231],[-75.7183,37.533],[-75.7022,37.5303],[-75.6973,37.5346],[-75.7157,37.5384],[-75.7162,37.5516],[-75.7118,37.5569],[-75.6947,37.5391],[-75.6721,37.5389],[-75.6666,37.5328],[-75.6506,37.5395],[-75.6506,37.5509],[-75.6359,37.5654],[-75.6272,37.5646],[-75.6177,37.5684],[-75.6147,37.5819],[-75.6002,37.5801],[-75.6009,37.567],[-75.6325,37.5194],[-75.6428,37.4984],[-75.6503,37.4892],[-75.6653,37.4787]]],[[[-75.6858,37.4767],[-75.6896,37.4809],[-75.6997,37.4771],[-75.71,37.4792],[-75.7093,37.4819],[-75.6851,37.4889],[-75.682,37.4815],[-75.6858,37.4767]]],[[[-76.2557,37.4751],[-76.2748,37.4892],[-76.2841,37.4885],[-76.3059,37.4945],[-76.2996,37.5071],[-76.3044,37.5167],[-76.3025,37.5194],[-76.2909,37.52],[-76.2795,37.5147],[-76.256,37.4823],[-76.2533,37.4768],[-76.2557,37.4751]]],[[[-75.7204,37.4687],[-75.7299,37.4753],[-75.7268,37.4793],[-75.7205,37.4787],[-75.7204,37.4687]]],[[[-75.6947,37.4597],[-75.7074,37.4615],[-75.71,37.4683],[-75.6889,37.4718],[-75.6868,37.4667],[-75.6947,37.4597]]],[[[-75.7357,37.4297],[-75.7361,37.4342],[-75.7301,37.4386],[-75.7322,37.43],[-75.7357,37.4297]]],[[[-75.8305,37.3899],[-75.8377,37.3965],[-75.8463,37.3959],[-75.8474,37.4009],[-75.8369,37.4128],[-75.8275,37.4148],[-75.8253,37.4138],[-75.8281,37.4035],[-75.8114,37.4012],[-75.811,37.3975],[-75.8255,37.3961],[-75.8305,37.3899]]],[[[-75.7971,37.3848],[-75.8028,37.3873],[-75.8046,37.3969],[-75.7782,37.3924],[-75.7807,37.388],[-75.7911,37.3892],[-75.7971,37.3848]]],[[[-75.7328,37.3847],[-75.7377,37.3903],[-75.7343,37.4001],[-75.7309,37.3982],[-75.728,37.3872],[-75.7328,37.3847]]],[[[-75.7173,37.3806],[-75.722,37.3807],[-75.7224,37.3843],[-75.7097,37.4048],[-75.6978,37.4344],[-75.7068,37.4406],[-75.6887,37.4423],[-75.6873,37.4468],[-75.6934,37.4529],[-75.6674,37.462],[-75.6715,37.4485],[-75.6691,37.4398],[-75.6873,37.4232],[-75.7102,37.3849],[-75.7173,37.3806]]],[[[-75.7625,37.3361],[-75.7679,37.3427],[-75.7665,37.3476],[-75.7624,37.3484],[-75.7582,37.341],[-75.7625,37.3361]]],[[[-75.7772,37.3312],[-75.7893,37.3333],[-75.7908,37.3366],[-75.7812,37.344],[-75.7766,37.3438],[-75.7772,37.3312]]],[[[-75.8457,37.3278],[-75.8495,37.3343],[-75.8367,37.3457],[-75.8352,37.342],[-75.8457,37.3278]]],[[[-75.8023,37.3269],[-75.8123,37.3349],[-75.7986,37.3436],[-75.7982,37.3626],[-75.7933,37.3797],[-75.7861,37.384],[-75.7841,37.3785],[-75.791,37.3688],[-75.7927,37.3461],[-75.8014,37.3337],[-75.8023,37.3269]]],[[[-75.8939,37.3025],[-75.8994,37.3081],[-75.8933,37.3147],[-75.8886,37.3277],[-75.8802,37.3338],[-75.8725,37.3608],[-75.8537,37.377],[-75.8463,37.3627],[-75.8467,37.356],[-75.8503,37.3524],[-75.8608,37.3509],[-75.8542,37.3435],[-75.8504,37.327],[-75.8571,37.32],[-75.8655,37.3025],[-75.8764,37.3051],[-75.8939,37.3025]]],[[[-75.781,37.3013],[-75.7868,37.3024],[-75.7871,37.3065],[-75.7712,37.3124],[-75.765,37.3212],[-75.7555,37.3259],[-75.7507,37.3399],[-75.738,37.3499],[-75.7286,37.3532],[-75.7326,37.3661],[-75.7136,37.3628],[-75.7203,37.3575],[-75.7212,37.3503],[-75.7428,37.336],[-75.7564,37.3187],[-75.7647,37.3149],[-75.7661,37.3095],[-75.781,37.3013]]],[[[-75.9107,37.3011],[-75.9146,37.3053],[-75.9056,37.3228],[-75.9015,37.3236],[-75.9009,37.3123],[-75.9072,37.3015],[-75.9107,37.3011]]],[[[-75.9044,37.276],[-75.9101,37.2902],[-75.903,37.2932],[-75.9008,37.2904],[-75.9044,37.276]]],[[[-75.8381,37.2713],[-75.8492,37.2807],[-75.8444,37.2842],[-75.8487,37.2911],[-75.845,37.2956],[-75.8293,37.2856],[-75.8315,37.2752],[-75.8381,37.2713]]],[[[-75.7969,37.2501],[-75.8025,37.253],[-75.8009,37.262],[-75.81,37.2659],[-75.8031,37.277],[-75.8044,37.2848],[-75.8004,37.2847],[-75.7917,37.2958],[-75.7889,37.2934],[-75.793,37.2808],[-75.7886,37.2644],[-75.7939,37.2509],[-75.7969,37.2501]]],[[[-76.3888,37.2209],[-76.4071,37.225],[-76.4133,37.2297],[-76.4102,37.2333],[-76.3865,37.2349],[-76.3842,37.2331],[-76.3888,37.2209]]],[[[-75.8351,37.2136],[-75.8415,37.2142],[-75.8441,37.2189],[-75.8401,37.2301],[-75.81,37.2301],[-75.8085,37.2364],[-75.8044,37.2376],[-75.7924,37.235],[-75.7978,37.2315],[-75.7983,37.2215],[-75.8227,37.2191],[-75.8351,37.2136]]],[[[-75.816,37.1917],[-75.8205,37.1927],[-75.8215,37.1969],[-75.813,37.2052],[-75.816,37.1917]]],[[[-75.853,37.1783],[-75.8691,37.1801],[-75.8604,37.1926],[-75.8606,37.2008],[-75.8559,37.2024],[-75.8492,37.1972],[-75.8446,37.198],[-75.8419,37.2052],[-75.8238,37.2083],[-75.829,37.1975],[-75.8503,37.1868],[-75.853,37.1783]]],[[[-75.9106,37.1596],[-75.9131,37.1787],[-75.9,37.2119],[-75.9084,37.2299],[-75.9199,37.2302],[-75.9209,37.2457],[-75.9184,37.2497],[-75.9108,37.2512],[-75.8894,37.286],[-75.8816,37.2921],[-75.867,37.2944],[-75.8616,37.2992],[-75.859,37.2928],[-75.8623,37.2847],[-75.8537,37.2709],[-75.854,37.2645],[-75.8786,37.2585],[-75.8906,37.2266],[-75.8835,37.2169],[-75.8788,37.219],[-75.8755,37.228],[-75.8693,37.2251],[-75.8781,37.2094],[-75.8711,37.1983],[-75.881,37.1859],[-75.8833,37.1742],[-75.8772,37.1695],[-75.8768,37.1645],[-75.8891,37.1617],[-75.8876,37.1689],[-75.9003,37.1924],[-75.9058,37.164],[-75.9106,37.1596]]],[[[-75.8578,37.1526],[-75.855,37.1738],[-75.8495,37.1687],[-75.8324,37.1877],[-75.8271,37.1884],[-75.8275,37.1803],[-75.8337,37.1727],[-75.8578,37.1526]]],[[[-75.954,37.1223],[-75.9705,37.1264],[-75.9753,37.1601],[-75.9821,37.174],[-76.0129,37.2093],[-76.0081,37.2255],[-76.0106,37.2333],[-75.9926,37.2346],[-75.9894,37.2399],[-75.9794,37.2446],[-75.9924,37.2514],[-75.9942,37.2628],[-76.0013,37.257],[-76.0009,37.243],[-76.0129,37.2456],[-76.0209,37.2604],[-76.0276,37.266],[-76.0208,37.2753],[-76.023,37.2781],[-76.0156,37.2865],[-75.9988,37.286],[-75.9911,37.2913],[-76.0044,37.2916],[-76.0139,37.2974],[-76.0132,37.3014],[-76.002,37.3061],[-75.9988,37.3119],[-75.9924,37.3126],[-75.9899,37.3166],[-75.9829,37.3169],[-75.9809,37.3223],[-75.9751,37.3239],[-75.9899,37.3293],[-75.9903,37.3321],[-75.9803,37.3359],[-75.9808,37.3381],[-75.9905,37.3402],[-75.9914,37.3448],[-75.9949,37.3444],[-76.0015,37.3292],[-76.021,37.3075],[-76.0251,37.3067],[-76.0255,37.3104],[-76.0191,37.3352],[-76.0123,37.3445],[-75.9985,37.3545],[-75.9892,37.3683],[-75.9795,37.3649],[-75.9725,37.3665],[-75.974,37.3706],[-75.9876,37.3769],[-75.9911,37.3883],[-75.9719,37.3914],[-75.9659,37.3953],[-75.9563,37.3891],[-75.9516,37.3899],[-75.9486,37.3921],[-75.9739,37.4087],[-75.9662,37.4126],[-75.9618,37.4197],[-75.9386,37.4195],[-75.9395,37.4258],[-75.951,37.428],[-75.9508,37.4312],[-75.937,37.4425],[-75.9385,37.4467],[-75.9431,37.4463],[-75.9559,37.4336],[-75.9832,37.4203],[-75.9824,37.4144],[-75.986,37.4113],[-75.9871,37.4372],[-75.977,37.4532],[-75.9601,37.4682],[-75.9531,37.4693],[-75.9424,37.4618],[-75.9312,37.4651],[-75.9164,37.4592],[-75.9126,37.4659],[-75.9314,37.4732],[-75.9386,37.4812],[-75.928,37.4836],[-75.9101,37.4817],[-75.8908,37.4856],[-75.8907,37.4888],[-75.9068,37.4911],[-75.9139,37.4868],[-75.9177,37.4923],[-75.9075,37.4993],[-75.8999,37.5004],[-75.8979,37.5067],[-75.9006,37.5113],[-75.8912,37.5238],[-75.891,37.5283],[-75.8957,37.5284],[-75.9173,37.5123],[-75.9195,37.5038],[-75.9301,37.5004],[-75.9322,37.4932],[-75.9507,37.4824],[-75.9653,37.4797],[-75.9593,37.4972],[-75.9603,37.5117],[-75.9455,37.5312],[-75.9372,37.5485],[-75.9322,37.5417],[-75.9287,37.5421],[-75.9303,37.5571],[-75.9236,37.5506],[-75.9171,37.554],[-75.8984,37.5553],[-75.8923,37.5501],[-75.8853,37.5499],[-75.8527,37.5521],[-75.8482,37.5551],[-75.8506,37.5584],[-75.8685,37.5616],[-75.8762,37.5573],[-75.8826,37.5584],[-75.9233,37.5692],[-75.9252,37.5651],[-75.9351,37.5654],[-75.9405,37.5615],[-75.9395,37.5714],[-75.9295,37.5861],[-75.9244,37.5819],[-75.9173,37.5858],[-75.9021,37.5758],[-75.8867,37.5803],[-75.9055,37.5886],[-75.9081,37.5955],[-75.9061,37.6004],[-75.9238,37.5955],[-75.9285,37.607],[-75.9105,37.6187],[-75.9081,37.6309],[-75.9046,37.6312],[-75.8969,37.6101],[-75.8848,37.6093],[-75.8672,37.6006],[-75.8679,37.6083],[-75.8765,37.6113],[-75.8763,37.6163],[-75.8617,37.6168],[-75.8667,37.6224],[-75.8643,37.6241],[-75.842,37.6284],[-75.8412,37.632],[-75.8306,37.6349],[-75.8305,37.6385],[-75.8362,37.6382],[-75.868,37.6301],[-75.8763,37.6272],[-75.8831,37.6201],[-75.8866,37.6307],[-75.88,37.635],[-75.8908,37.6399],[-75.8945,37.6481],[-75.8911,37.6576],[-75.8728,37.6525],[-75.8719,37.6588],[-75.8769,37.6635],[-75.8714,37.6688],[-75.8394,37.6692],[-75.8319,37.6662],[-75.8295,37.6557],[-75.8175,37.6526],[-75.8144,37.6557],[-75.8181,37.6636],[-75.815,37.6666],[-75.7996,37.6621],[-75.7923,37.6786],[-75.8055,37.6704],[-75.8263,37.6733],[-75.8254,37.6796],[-75.8481,37.6803],[-75.8508,37.6845],[-75.8459,37.7025],[-75.8227,37.7004],[-75.8219,37.7036],[-75.8356,37.709],[-75.8388,37.7159],[-75.8253,37.7177],[-75.819,37.7148],[-75.8128,37.7237],[-75.8139,37.7129],[-75.8082,37.71],[-75.8004,37.7156],[-75.7959,37.7241],[-75.7881,37.7157],[-75.7738,37.7121],[-75.773,37.7039],[-75.7563,37.7111],[-75.796,37.7341],[-75.8216,37.7344],[-75.8273,37.7251],[-75.8308,37.7252],[-75.8291,37.7355],[-75.8176,37.7447],[-75.8131,37.7523],[-75.8079,37.7521],[-75.806,37.743],[-75.8001,37.7447],[-75.7973,37.7532],[-75.7897,37.7552],[-75.7847,37.7614],[-75.7812,37.7622],[-75.7776,37.7517],[-75.7724,37.7515],[-75.7577,37.742],[-75.7541,37.7441],[-75.7702,37.7605],[-75.7712,37.7637],[-75.7627,37.7694],[-75.7637,37.7726],[-75.7723,37.7756],[-75.7857,37.7869],[-75.8072,37.788],[-75.8112,37.7795],[-75.8141,37.7791],[-75.8174,37.7824],[-75.817,37.7901],[-75.7958,37.8067],[-75.7883,37.8055],[-75.7828,37.8113],[-75.7638,37.8061],[-75.7652,37.8021],[-75.7776,37.7989],[-75.7693,37.7895],[-75.7607,37.7979],[-75.7548,37.7991],[-75.7503,37.7849],[-75.7525,37.775],[-75.7503,37.7726],[-75.7432,37.7756],[-75.7438,37.7869],[-75.7315,37.7875],[-75.729,37.7797],[-75.7231,37.7809],[-75.725,37.8004],[-75.7221,37.8008],[-75.7077,37.7858],[-75.703,37.7879],[-75.7021,37.7924],[-75.707,37.7994],[-75.7,37.8001],[-75.6995,37.8087],[-75.7064,37.8116],[-75.7223,37.8085],[-75.7238,37.8249],[-75.7096,37.8163],[-75.7071,37.8203],[-75.712,37.8277],[-75.7105,37.8326],[-75.6994,37.8327],[-75.6988,37.835],[-75.7125,37.839],[-75.7056,37.8484],[-75.7009,37.8491],[-75.6977,37.8558],[-75.6892,37.8401],[-75.6891,37.8292],[-75.6838,37.8309],[-75.6805,37.8385],[-75.6621,37.8343],[-75.6584,37.8369],[-75.6719,37.8468],[-75.6739,37.8523],[-75.6531,37.8608],[-75.6529,37.8639],[-75.6632,37.8656],[-75.6852,37.8595],[-75.688,37.8619],[-75.6805,37.8839],[-75.669,37.8794],[-75.6602,37.8814],[-75.6755,37.8896],[-75.6741,37.8936],[-75.6776,37.8951],[-75.6857,37.8963],[-75.6894,37.8914],[-75.6947,37.8911],[-75.7016,37.8922],[-75.7026,37.8954],[-75.6894,37.9023],[-75.6766,37.9028],[-75.6739,37.909],[-75.6896,37.9114],[-75.7081,37.9033],[-75.7163,37.9136],[-75.7233,37.9138],[-75.7202,37.9051],[-75.7251,37.9016],[-75.7474,37.8986],[-75.7596,37.8999],[-75.7618,37.9041],[-75.7598,37.9076],[-75.7428,37.9089],[-75.7392,37.912],[-75.7454,37.9158],[-75.7285,37.9257],[-75.7191,37.939],[-75.7126,37.9393],[-75.7095,37.9328],[-75.702,37.9312],[-75.6925,37.9346],[-75.6814,37.9447],[-75.6497,37.9378],[-75.6418,37.9421],[-75.6377,37.9551],[-75.6472,37.9735],[-75.6512,37.9722],[-75.655,37.9622],[-75.6614,37.9623],[-75.6757,37.9748],[-75.6909,37.975],[-75.7105,37.9835],[-75.7104,37.9875],[-75.7051,37.9906],[-75.7044,37.9943],[-75.7073,37.9943],[-75.719,37.9927],[-75.7227,37.9877],[-75.7222,37.9805],[-75.7349,37.9648],[-75.7407,37.9667],[-75.7427,37.9826],[-75.7385,37.9852],[-75.7501,37.989],[-75.7539,37.975],[-75.7872,37.976],[-75.7985,37.9657],[-75.8127,37.9609],[-75.8135,37.9732],[-75.8182,37.9746],[-75.829,37.9584],[-75.8279,37.9557],[-75.8186,37.956],[-75.823,37.9438],[-75.8305,37.9471],[-75.8312,37.9389],[-75.8342,37.9367],[-75.8512,37.932],[-75.8475,37.9423],[-75.8709,37.9413],[-75.8687,37.9358],[-75.8634,37.9358],[-75.8642,37.9267],[-75.8689,37.9254],[-75.8845,37.9324],[-75.8947,37.9457],[-75.8905,37.9538],[-75.8925,37.9651],[-75.8884,37.9655],[-75.8816,37.9573],[-75.8818,37.9482],[-75.8795,37.9482],[-75.8706,37.9549],[-75.8601,37.9548],[-75.857,37.9606],[-75.8464,37.9663],[-75.848,37.9718],[-75.8527,37.9714],[-75.8634,37.9634],[-75.8681,37.9635],[-75.864,37.9893],[-75.8569,37.9959],[-75.8585,38.0014],[-75.8725,38.0011],[-75.8756,37.9903],[-75.8834,37.9809],[-75.887,37.98],[-75.8875,37.9837],[-75.8929,37.9769],[-75.8976,37.9761],[-75.8998,37.9793],[-75.8739,38.0161],[-75.8629,38.0133],[-75.861,38.016],[-75.8661,38.0242],[-75.8708,38.0251],[-75.8689,38.0297],[-75.8596,38.0286],[-75.8601,38.0345],[-75.8711,38.0378],[-75.8687,38.041],[-75.8494,38.0421],[-75.8477,38.0389],[-75.852,38.029],[-75.828,38.0309],[-75.8228,38.0268],[-75.8185,38.0394],[-75.8313,38.0378],[-75.8364,38.046],[-75.8289,38.0445],[-75.8194,38.0503],[-75.8148,38.0466],[-75.806,38.0492],[-75.7955,38.0445],[-75.7908,38.0481],[-75.7971,38.0541],[-75.797,38.0577],[-75.7732,38.0764],[-75.7615,38.0771],[-75.7625,38.0808],[-75.7753,38.0832],[-75.7747,38.0873],[-75.7699,38.0913],[-75.7595,38.0862],[-75.7471,38.0901],[-75.7528,38.0947],[-75.7633,38.0967],[-75.7609,38.1021],[-75.7714,38.1036],[-75.7868,38.0925],[-75.7968,38.0912],[-75.7888,38.0821],[-75.7883,38.0771],[-75.8048,38.0746],[-75.8084,38.0669],[-75.8138,38.0665],[-75.8153,38.0734],[-75.8217,38.0762],[-75.8312,38.0704],[-75.851,38.0734],[-75.8729,38.0619],[-75.872,38.0773],[-75.8842,38.0775],[-75.8742,38.0832],[-75.8678,38.079],[-75.8637,38.0804],[-75.8751,38.0932],[-75.8605,38.0939],[-75.8639,38.0989],[-75.8614,38.1034],[-75.8532,38.1074],[-75.8495,38.1146],[-75.8514,38.1078],[-75.8486,38.1028],[-75.8329,38.0999],[-75.8326,38.113],[-75.8372,38.1145],[-75.8404,38.1285],[-75.8287,38.1307],[-75.8203,38.136],[-75.8193,38.1323],[-75.8128,38.1332],[-75.8068,38.1376],[-75.8029,38.1321],[-75.7999,38.1325],[-75.7945,38.1383],[-75.7842,38.1291],[-75.7805,38.1382],[-75.7682,38.1384],[-75.7593,38.1428],[-75.7598,38.1465],[-75.7651,38.147],[-75.781,38.1422],[-75.7856,38.1437],[-75.7844,38.1473],[-75.7637,38.1574],[-75.7526,38.1545],[-75.7508,38.1568],[-75.7507,38.1595],[-75.7605,38.1651],[-75.7763,38.1685],[-75.8107,38.1463],[-75.8136,38.1477],[-75.8069,38.1594],[-75.8092,38.163],[-75.8228,38.156],[-75.8333,38.1575],[-75.8376,38.1475],[-75.8417,38.1476],[-75.852,38.1586],[-75.8545,38.1519],[-75.8523,38.145],[-75.8681,38.1461],[-75.8753,38.1381],[-75.8799,38.1413],[-75.8769,38.1472],[-75.8849,38.1536],[-75.8974,38.1434],[-75.9027,38.1425],[-75.906,38.1516],[-75.9272,38.1483],[-75.9268,38.1401],[-75.9186,38.1364],[-75.9211,38.1301],[-75.9311,38.1302],[-75.935,38.1357],[-75.9444,38.1354],[-75.951,38.1304],[-75.955,38.1341],[-75.9558,38.1505],[-75.9478,38.1685],[-75.951,38.1853],[-75.9321,38.1914],[-75.9157,38.1907],[-75.9126,38.1975],[-75.8862,38.2026],[-75.8803,38.2021],[-75.8816,38.1957],[-75.8793,38.1948],[-75.8668,38.2064],[-75.8622,38.2009],[-75.8354,38.2219],[-75.8319,38.2214],[-75.8274,38.2122],[-75.8215,38.2144],[-75.8202,38.218],[-75.8241,38.2253],[-75.8217,38.2298],[-75.8263,38.2344],[-75.8316,38.2318],[-75.8457,38.2333],[-75.8552,38.228],[-75.862,38.2345],[-75.8613,38.2403],[-75.8501,38.2438],[-75.8364,38.2532],[-75.7964,38.2589],[-75.7923,38.2638],[-75.818,38.2647],[-75.8322,38.2599],[-75.8439,38.2605],[-75.8517,38.2502],[-75.8605,38.2498],[-75.8704,38.2545],[-75.8708,38.2609],[-75.8661,38.2631],[-75.8672,38.2681],[-75.8783,38.2682],[-75.8785,38.2564],[-75.8876,38.2448],[-75.8854,38.2379],[-75.8773,38.2319],[-75.8938,38.2303],[-75.8988,38.2426],[-75.9087,38.2464],[-75.9049,38.2586],[-75.9153,38.2637],[-75.9164,38.2696],[-75.9057,38.2767],[-75.9037,38.2871],[-75.9001,38.2894],[-75.9052,38.2985],[-75.8969,38.3038],[-75.887,38.3273],[-75.8757,38.3335],[-75.8671,38.3514],[-75.8497,38.3667],[-75.8489,38.3748],[-75.8547,38.3776],[-75.8546,38.3835],[-75.8399,38.3833],[-75.8232,38.3944],[-75.8336,38.4018],[-75.8392,38.4141],[-75.8343,38.4236],[-75.8107,38.4291],[-75.8074,38.4445],[-75.8102,38.4509],[-75.829,38.4493],[-75.8252,38.4611],[-75.8287,38.4629],[-75.8323,38.4607],[-75.8366,38.4526],[-75.8357,38.4417],[-75.8228,38.4384],[-75.8294,38.4335],[-75.8412,38.4332],[-75.8445,38.4164],[-75.8518,38.4029],[-75.8408,38.396],[-75.8579,38.3926],[-75.8621,38.3886],[-75.8712,38.3746],[-75.8685,38.3678],[-75.8763,38.3598],[-75.8803,38.3615],[-75.8825,38.3716],[-75.8865,38.3758],[-75.8885,38.3649],[-75.8851,38.3585],[-75.9095,38.3443],[-75.9144,38.3308],[-75.9347,38.3156],[-75.9362,38.3021],[-75.9397,38.3003],[-75.9387,38.2944],[-75.9311,38.2938],[-75.9395,38.2853],[-75.9391,38.2767],[-75.9433,38.2713],[-75.9468,38.2718],[-75.9506,38.2859],[-75.957,38.2905],[-75.9524,38.256],[-75.9419,38.2523],[-75.9481,38.2397],[-75.9681,38.234],[-75.9698,38.2363],[-75.962,38.2448],[-75.9544,38.2461],[-75.9519,38.251],[-75.9642,38.2539],[-75.9687,38.2617],[-75.9803,38.2668],[-75.9755,38.2744],[-75.9788,38.2831],[-75.9906,38.2819],[-75.9939,38.291],[-76.0038,38.2961],[-76.003,38.3033],[-76.0164,38.3089],[-76.0181,38.313],[-75.9916,38.3186],[-75.9738,38.327],[-75.9603,38.3282],[-75.9593,38.3477],[-75.9551,38.3503],[-75.9674,38.3546],[-75.9764,38.3688],[-75.9923,38.3699],[-76.0009,38.3795],[-76.0038,38.3791],[-76.0017,38.3663],[-76.0095,38.3592],[-76.0044,38.3523],[-76.0367,38.3214],[-76.0404,38.3097],[-76.0528,38.308],[-76.0558,38.304],[-76.0342,38.2992],[-76.0222,38.2827],[-76.0288,38.2765],[-76.0417,38.2739],[-76.0313,38.2656],[-76.0358,38.2462],[-76.0301,38.2402],[-76.0258,38.2211],[-76.0253,38.2152],[-76.0277,38.2143],[-76.0357,38.2235],[-76.0427,38.2259],[-76.0539,38.2237],[-76.068,38.2506],[-76.0726,38.2539],[-76.0932,38.2523],[-76.0954,38.2587],[-76.0877,38.2595],[-76.0735,38.2688],[-76.0792,38.2748],[-76.0785,38.2807],[-76.0933,38.2777],[-76.0954,38.2863],[-76.1054,38.2841],[-76.1083,38.2864],[-76.1,38.2927],[-76.1005,38.299],[-76.1193,38.2965],[-76.1271,38.2871],[-76.1243,38.2807],[-76.119,38.2784],[-76.1197,38.2752],[-76.1343,38.2754],[-76.1415,38.2701],[-76.1437,38.2769],[-76.1352,38.2926],[-76.125,38.3021],[-76.136,38.3126],[-76.1455,38.3068],[-76.1618,38.3138],[-76.1623,38.3179],[-76.1587,38.3205],[-76.1541,38.3187],[-76.1505,38.3214],[-76.1537,38.3377],[-76.1678,38.3401],[-76.1728,38.3552],[-76.1785,38.3611],[-76.1862,38.3598],[-76.189,38.3653],[-76.2007,38.3677],[-76.1994,38.3763],[-76.2046,38.3791],[-76.2076,38.3777],[-76.2083,38.3687],[-76.2194,38.3706],[-76.2212,38.3738],[-76.2145,38.3855],[-76.222,38.3938],[-76.2331,38.3966],[-76.2317,38.3753],[-76.2389,38.3663],[-76.2297,38.3553],[-76.2298,38.3499],[-76.2333,38.3499],[-76.2373,38.3572],[-76.246,38.3623],[-76.247,38.3709],[-76.2633,38.3788],[-76.268,38.3797],[-76.2707,38.3621],[-76.2748,38.3635],[-76.2752,38.373],[-76.282,38.3876],[-76.2845,38.4116],[-76.2925,38.4257],[-76.3145,38.4477],[-76.3373,38.4892],[-76.3338,38.491],[-76.325,38.4872],[-76.3249,38.4949],[-76.3213,38.4972],[-76.3132,38.4935],[-76.2996,38.4952],[-76.2947,38.5055],[-76.2859,38.5073],[-76.2818,38.504],[-76.2843,38.495],[-76.2922,38.4806],[-76.2994,38.4743],[-76.292,38.4579],[-76.2698,38.4491],[-76.2679,38.454],[-76.2825,38.466],[-76.283,38.4705],[-76.2678,38.498],[-76.2597,38.4893],[-76.2544,38.4893],[-76.2519,38.4969],[-76.2635,38.5084],[-76.2534,38.5133],[-76.245,38.5245],[-76.2403,38.5231],[-76.2423,38.51],[-76.237,38.5108],[-76.2334,38.5172],[-76.2344,38.5253],[-76.2314,38.5271],[-76.2267,38.5271],[-76.2257,38.5175],[-76.2181,38.5179],[-76.2133,38.5201],[-76.2143,38.5278],[-76.2212,38.5383],[-76.2171,38.5374],[-76.1886,38.5221],[-76.1774,38.5225],[-76.1823,38.5094],[-76.1654,38.5047],[-76.1595,38.5073],[-76.16,38.51],[-76.1717,38.5133],[-76.1722,38.5161],[-76.1626,38.5286],[-76.1362,38.5256],[-76.1388,38.5388],[-76.1281,38.5446],[-76.1464,38.5448],[-76.1459,38.5371],[-76.1495,38.5358],[-76.1736,38.5374],[-76.1849,38.5321],[-76.2099,38.5464],[-76.2069,38.5513],[-76.1862,38.5556],[-76.1792,38.5515],[-76.1692,38.5541],[-76.1731,38.5664],[-76.1535,38.5752],[-76.1599,38.5789],[-76.1734,38.58],[-76.1757,38.585],[-76.1792,38.5814],[-76.1807,38.5669],[-76.2008,38.564],[-76.2037,38.5667],[-76.1969,38.5825],[-76.1998,38.5839],[-76.2089,38.5699],[-76.2206,38.5746],[-76.2211,38.5787],[-76.2293,38.5828],[-76.2305,38.5774],[-76.2242,38.5701],[-76.2244,38.5597],[-76.2352,38.5439],[-76.235,38.5575],[-76.2421,38.5585],[-76.2372,38.5716],[-76.2427,38.5875],[-76.2483,38.569],[-76.2525,38.5654],[-76.247,38.5449],[-76.2517,38.5427],[-76.2592,38.5532],[-76.262,38.5623],[-76.2584,38.5704],[-76.2612,38.5759],[-76.269,38.5665],[-76.2676,38.5456],[-76.2755,38.5316],[-76.2783,38.5376],[-76.2769,38.5529],[-76.282,38.5612],[-76.2879,38.5653],[-76.3079,38.5623],[-76.3102,38.5664],[-76.3065,38.5745],[-76.2941,38.578],[-76.2876,38.5834],[-76.2811,38.5797],[-76.2783,38.5725],[-76.2658,38.5823],[-76.2657,38.5877],[-76.2579,38.5967],[-76.2596,38.6022],[-76.2749,38.6019],[-76.2753,38.6114],[-76.288,38.6269],[-76.2885,38.6328],[-76.2837,38.6355],[-76.2675,38.619],[-76.2688,38.6118],[-76.2653,38.6095],[-76.2482,38.6152],[-76.2509,38.6261],[-76.2462,38.6274],[-76.228,38.625],[-76.2357,38.6228],[-76.2335,38.6114],[-76.2246,38.6145],[-76.2134,38.6135],[-76.2083,38.6066],[-76.1748,38.6308],[-76.1625,38.6293],[-76.1596,38.627],[-76.1614,38.6247],[-76.1697,38.6235],[-76.1657,38.6139],[-76.1741,38.6072],[-76.1853,38.605],[-76.1842,38.6014],[-76.1648,38.6021],[-76.1596,38.5961],[-76.1459,38.6028],[-76.1371,38.6032],[-76.1168,38.5866],[-76.1106,38.572],[-76.1076,38.5743],[-76.1074,38.5824],[-76.0878,38.5944],[-76.0807,38.5944],[-76.0867,38.5858],[-76.0738,38.5843],[-76.0717,38.5748],[-76.05,38.5704],[-76.0342,38.5617],[-76.0241,38.5679],[-76.0135,38.5673],[-76.0116,38.5772],[-75.9986,38.5784],[-75.9979,38.5834],[-75.9708,38.584],[-75.9689,38.588],[-75.9747,38.5963],[-75.9698,38.6012],[-75.9622,38.6029],[-75.9685,38.6084],[-75.9613,38.6161],[-75.9718,38.6189],[-75.9729,38.6235],[-75.9686,38.632],[-75.9504,38.63],[-75.9333,38.6311],[-75.9303,38.6338],[-75.9561,38.6396],[-75.9572,38.6427],[-75.9487,38.6535],[-75.9448,38.6725],[-75.9587,38.6822],[-75.9695,38.7],[-75.986,38.7034],[-75.9889,38.7066],[-75.9852,38.7133],[-76.0015,38.7249],[-76.0048,38.7331],[-75.9906,38.737],[-75.9902,38.7574],[-75.98,38.7659],[-75.959,38.7787],[-75.9449,38.7772],[-75.9304,38.7934],[-75.8941,38.8074],[-75.8885,38.8168],[-75.8974,38.8179],[-75.8967,38.8233],[-75.9013,38.827],[-75.9033,38.8166],[-75.9307,38.8047],[-75.9494,38.7881],[-75.9558,38.7905],[-75.9624,38.7888],[-75.972,38.7785],[-75.9863,38.7718],[-75.999,38.7598],[-75.9999,38.743],[-76.0142,38.7395],[-76.0173,38.7287],[-75.9999,38.7162],[-75.9979,38.699],[-75.9944,38.6949],[-75.9779,38.6942],[-75.9584,38.6681],[-75.9635,38.651],[-75.9754,38.6434],[-75.989,38.6409],[-75.9957,38.6328],[-75.9883,38.6191],[-75.9873,38.61],[-75.9975,38.6033],[-75.9994,38.5934],[-76.0172,38.5909],[-76.0291,38.5815],[-76.0331,38.5856],[-76.0319,38.5888],[-76.0259,38.5946],[-76.0218,38.5941],[-76.0193,38.6004],[-76.0227,38.6064],[-76.018,38.6099],[-76.0277,38.6223],[-76.0319,38.6205],[-76.0298,38.6046],[-76.0466,38.5921],[-76.0757,38.6111],[-76.0774,38.6143],[-76.0715,38.6182],[-76.0737,38.6219],[-76.0825,38.6225],[-76.0914,38.6176],[-76.0932,38.6194],[-76.089,38.6226],[-76.0971,38.6308],[-76.1062,38.6137],[-76.1118,38.6287],[-76.1022,38.6399],[-76.0891,38.6452],[-76.0865,38.657],[-76.0918,38.6589],[-76.0912,38.6625],[-76.0994,38.6608],[-76.1162,38.6483],[-76.1145,38.641],[-76.1176,38.636],[-76.134,38.6398],[-76.1465,38.6364],[-76.1497,38.6536],[-76.1413,38.6594],[-76.1295,38.6593],[-76.1247,38.6638],[-76.0969,38.6689],[-76.0979,38.6789],[-76.0884,38.6842],[-76.0865,38.6905],[-76.0924,38.691],[-76.1173,38.6809],[-76.1192,38.6755],[-76.1595,38.6646],[-76.1654,38.6637],[-76.173,38.6675],[-76.177,38.6743],[-76.1727,38.6833],[-76.1732,38.6901],[-76.1631,38.6923],[-76.1618,38.7013],[-76.1541,38.7017],[-76.1454,38.6921],[-76.1271,38.6969],[-76.1201,38.6927],[-76.1165,38.6967],[-76.1176,38.6999],[-76.1298,38.7064],[-76.1251,38.7091],[-76.1133,38.7053],[-76.1103,38.7094],[-76.1057,38.7043],[-76.101,38.7043],[-76.1001,38.717],[-76.1332,38.7155],[-76.1325,38.7196],[-76.1306,38.7255],[-76.1086,38.7352],[-76.104,38.7333],[-76.1047,38.7243],[-76.081,38.7308],[-76.0803,38.7344],[-76.085,38.7367],[-76.099,38.7391],[-76.0961,38.7428],[-76.0984,38.7446],[-76.1103,38.7447],[-76.1107,38.7484],[-76.1041,38.7565],[-76.0987,38.7614],[-76.0904,38.7626],[-76.0897,38.7672],[-76.1135,38.7611],[-76.1264,38.763],[-76.1282,38.7608],[-76.122,38.7462],[-76.1298,38.7409],[-76.1374,38.7432],[-76.1392,38.7401],[-76.1352,38.7332],[-76.1489,38.7261],[-76.1508,38.7216],[-76.1462,38.7157],[-76.154,38.7076],[-76.1628,38.7077],[-76.1669,38.7114],[-76.1565,38.7335],[-76.1599,38.7367],[-76.1647,38.7331],[-76.1721,38.7173],[-76.1769,38.7142],[-76.1881,38.7143],[-76.1824,38.7011],[-76.1903,38.6903],[-76.2015,38.6868],[-76.2017,38.6764],[-76.1977,38.6709],[-76.2018,38.6705],[-76.21,38.6747],[-76.2167,38.6965],[-76.2054,38.7022],[-76.2013,38.6986],[-76.1978,38.7013],[-76.2,38.7085],[-76.2034,38.7131],[-76.2217,38.7119],[-76.2267,38.6952],[-76.2387,38.7212],[-76.2368,38.7248],[-76.2304,38.7238],[-76.2297,38.7265],[-76.2372,38.7338],[-76.2348,38.7379],[-76.219,38.7341],[-76.2157,38.7196],[-76.2066,38.734],[-76.1949,38.7266],[-76.1869,38.746],[-76.198,38.7507],[-76.2152,38.7486],[-76.224,38.7532],[-76.2184,38.7672],[-76.2283,38.7746],[-76.2311,38.7818],[-76.2359,38.7765],[-76.2355,38.7656],[-76.2479,38.7702],[-76.2507,38.7761],[-76.2499,38.7879],[-76.2396,38.8019],[-76.2443,38.8037],[-76.2503,38.8015],[-76.2594,38.7871],[-76.2585,38.7717],[-76.2457,38.7562],[-76.2648,38.7468],[-76.2735,38.7528],[-76.2795,38.7515],[-76.2858,38.7575],[-76.2882,38.7557],[-76.2895,38.7507],[-76.2826,38.7425],[-76.2827,38.7366],[-76.2685,38.736],[-76.2601,38.7422],[-76.2548,38.7422],[-76.2573,38.7363],[-76.2704,38.7269],[-76.2717,38.7202],[-76.2683,38.7115],[-76.2725,38.7097],[-76.2806,38.7211],[-76.2882,38.723],[-76.2954,38.7145],[-76.2977,38.7172],[-76.2951,38.7331],[-76.3026,38.7463],[-76.3018,38.754],[-76.2798,38.7683],[-76.2702,38.7786],[-76.2621,38.8026],[-76.262,38.8084],[-76.2774,38.8045],[-76.2885,38.8092],[-76.288,38.8028],[-76.2758,38.7923],[-76.2778,38.7823],[-76.2901,38.7833],[-76.2936,38.7893],[-76.3001,38.7911],[-76.2968,38.7725],[-76.3022,38.7699],[-76.3097,38.7754],[-76.3199,38.7682],[-76.3126,38.7468],[-76.3233,38.7392],[-76.3216,38.7343],[-76.3133,38.7369],[-76.3122,38.7328],[-76.3164,38.7269],[-76.3283,38.7207],[-76.329,38.7153],[-76.3207,38.6853],[-76.3225,38.6817],[-76.3278,38.6817],[-76.3341,38.6926],[-76.3415,38.6692],[-76.3468,38.6706],[-76.349,38.6851],[-76.3409,38.7068],[-76.3433,38.7086],[-76.342,38.7163],[-76.3371,38.7231],[-76.3388,38.7321],[-76.3435,38.7326],[-76.3415,38.7435],[-76.3437,38.7539],[-76.33,38.767],[-76.3351,38.7761],[-76.3327,38.7788],[-76.3245,38.7787],[-76.319,38.785],[-76.3048,38.8247],[-76.3,38.8288],[-76.2799,38.8317],[-76.2791,38.8431],[-76.2498,38.865],[-76.2511,38.8541],[-76.2649,38.8443],[-76.2614,38.8406],[-76.2616,38.8297],[-76.2515,38.8342],[-76.2376,38.8204],[-76.2304,38.8249],[-76.2164,38.813],[-76.213,38.8057],[-76.2196,38.8021],[-76.2102,38.7952],[-76.2151,38.7898],[-76.2087,38.7789],[-76.2012,38.7743],[-76.1672,38.7603],[-76.1607,38.7603],[-76.1498,38.776],[-76.1307,38.7862],[-76.1213,38.7843],[-76.1176,38.7906],[-76.1046,38.7923],[-76.1057,38.7986],[-76.1145,38.8005],[-76.1144,38.8055],[-76.103,38.8149],[-76.1041,38.8186],[-76.1112,38.8191],[-76.1226,38.8083],[-76.1249,38.812],[-76.1302,38.8111],[-76.1321,38.803],[-76.1298,38.7971],[-76.1482,38.7964],[-76.158,38.7802],[-76.1656,38.7793],[-76.1606,38.7979],[-76.1689,38.7971],[-76.1719,38.7944],[-76.1739,38.7803],[-76.1769,38.7785],[-76.1867,38.7891],[-76.1872,38.7972],[-76.1913,38.7973],[-76.19,38.8027],[-76.1716,38.8125],[-76.1726,38.8166],[-76.1785,38.8171],[-76.1958,38.81],[-76.1987,38.8141],[-76.1915,38.8177],[-76.1919,38.8286],[-76.1889,38.8322],[-76.1776,38.8379],[-76.1769,38.8425],[-76.1798,38.8439],[-76.1953,38.8399],[-76.1921,38.8531],[-76.1761,38.8538],[-76.1636,38.8586],[-76.1543,38.8531],[-76.1517,38.8617],[-76.1447,38.858],[-76.1416,38.8647],[-76.1451,38.868],[-76.1569,38.869],[-76.1586,38.8717],[-76.1556,38.8753],[-76.1236,38.8809],[-76.1202,38.8718],[-76.1108,38.8671],[-76.1067,38.8689],[-76.106,38.873],[-76.114,38.8857],[-76.1105,38.8875],[-76.0987,38.8829],[-76.0755,38.8898],[-76.0748,38.898],[-76.0789,38.9008],[-76.0867,38.894],[-76.1026,38.8983],[-76.1056,38.926],[-76.0951,38.949],[-76.1052,38.9473],[-76.1125,38.936],[-76.1151,38.9229],[-76.1125,38.9048],[-76.1149,38.9007],[-76.1342,38.9141],[-76.1549,38.9125],[-76.1495,38.9206],[-76.1494,38.926],[-76.1534,38.9311],[-76.1462,38.9382],[-76.1458,38.9573],[-76.1546,38.9637],[-76.1579,38.9746],[-76.1633,38.9724],[-76.167,38.9643],[-76.1583,38.9533],[-76.1614,38.9456],[-76.1716,38.938],[-76.1647,38.9298],[-76.1728,38.9032],[-76.1771,38.8946],[-76.1944,38.8853],[-76.1978,38.8631],[-76.2015,38.8572],[-76.205,38.8577],[-76.1967,38.8916],[-76.1943,38.8957],[-76.1812,38.8987],[-76.1818,38.9291],[-76.1866,38.926],[-76.1917,38.9061],[-76.2006,38.9066],[-76.2043,38.8962],[-76.2013,38.9338],[-76.2054,38.9361],[-76.2113,38.9344],[-76.213,38.9376],[-76.2035,38.9416],[-76.204,38.9461],[-76.2158,38.9485],[-76.223,38.9418],[-76.2334,38.9564],[-76.2316,38.9586],[-76.221,38.9571],[-76.2227,38.9613],[-76.238,38.965],[-76.2389,38.9786],[-76.2289,38.9767],[-76.2241,38.9789],[-76.2165,38.9743],[-76.207,38.977],[-76.2018,38.9692],[-76.1951,38.9791],[-76.1723,38.9993],[-76.1663,39.0001],[-76.1617,38.9932],[-76.1558,38.995],[-76.1431,39.0075],[-76.1412,39.0161],[-76.1476,39.0189],[-76.1537,39.0086],[-76.1597,39.005],[-76.162,39.0087],[-76.1611,39.025],[-76.1509,39.0344],[-76.1502,39.0389],[-76.1698,39.0346],[-76.172,39.0487],[-76.1796,39.0546],[-76.1718,39.0559],[-76.1687,39.0645],[-76.1646,39.0644],[-76.1642,39.0522],[-76.1342,39.0433],[-76.1382,39.0492],[-76.1534,39.0589],[-76.1545,39.063],[-76.1368,39.0623],[-76.152,39.0725],[-76.1465,39.0783],[-76.1406,39.0787],[-76.1452,39.0837],[-76.141,39.0864],[-76.1317,39.079],[-76.1245,39.0817],[-76.1128,39.0738],[-76.1085,39.0811],[-76.0949,39.0809],[-76.0809,39.0667],[-76.0768,39.0689],[-76.0795,39.0789],[-76.0941,39.0895],[-76.0929,39.0936],[-76.0999,39.0968],[-76.1143,39.0897],[-76.1226,39.0903],[-76.1303,39.0922],[-76.1349,39.0995],[-76.1153,39.0997],[-76.1079,39.1128],[-76.0671,39.14],[-76.0692,39.1522],[-76.065,39.1553],[-76.04,39.1605],[-76.0438,39.1465],[-76.03,39.1563],[-76.0049,39.1642],[-76.0077,39.1687],[-76.0262,39.1653],[-76.0345,39.1677],[-76.0313,39.1763],[-76.0335,39.1876],[-76.0563,39.2024],[-76.0359,39.2135],[-76.0262,39.2252],[-76.0027,39.2389],[-75.9788,39.245],[-75.9386,39.2395],[-75.9295,39.2467],[-75.9586,39.2479],[-75.9727,39.2531],[-75.9835,39.2509],[-75.9865,39.2474],[-76.008,39.2444],[-76.0236,39.2351],[-76.0319,39.2343],[-76.0417,39.2213],[-76.067,39.2052],[-76.0701,39.1976],[-76.0455,39.1796],[-76.0481,39.1678],[-76.0595,39.1625],[-76.0851,39.1583],[-76.087,39.1524],[-76.0812,39.146],[-76.0855,39.1397],[-76.1086,39.1386],[-76.1101,39.1232],[-76.1167,39.1174],[-76.1209,39.1179],[-76.1237,39.1275],[-76.1278,39.1284],[-76.1411,39.1131],[-76.156,39.1097],[-76.1615,39.1016],[-76.1663,39.1012],[-76.1668,39.1044],[-76.163,39.1197],[-76.1468,39.1282],[-76.1395,39.1358],[-76.1394,39.1435],[-76.1357,39.1489],[-76.1428,39.1535],[-76.1408,39.1607],[-76.136,39.1634],[-76.126,39.1615],[-76.1174,39.1754],[-76.1192,39.1777],[-76.1276,39.1724],[-76.1412,39.1712],[-76.1509,39.1627],[-76.1523,39.1513],[-76.1477,39.1454],[-76.1514,39.1377],[-76.1668,39.1352],[-76.1754,39.1548],[-76.1671,39.1828],[-76.1792,39.1725],[-76.1888,39.169],[-76.1929,39.1704],[-76.1936,39.1622],[-76.1877,39.1621],[-76.1897,39.1472],[-76.182,39.1476],[-76.1792,39.138],[-76.174,39.1325],[-76.1806,39.1263],[-76.1871,39.1286],[-76.1883,39.1259],[-76.1807,39.1204],[-76.1736,39.1198],[-76.1737,39.1158],[-76.1803,39.1104],[-76.1852,39.0977],[-76.1907,39.0951],[-76.2071,39.1057],[-76.2033,39.1165],[-76.2123,39.1148],[-76.2181,39.1212],[-76.2229,39.1194],[-76.2224,39.1145],[-76.2159,39.1089],[-76.2178,39.1017],[-76.2155,39.099],[-76.2008,39.0938],[-76.2064,39.0748],[-76.2043,39.0608],[-76.2097,39.0613],[-76.2146,39.0825],[-76.2199,39.0872],[-76.2193,39.0546],[-76.2182,39.05],[-76.208,39.0522],[-76.204,39.0472],[-76.2084,39.0336],[-76.1909,39.0153],[-76.1945,39.0144],[-76.2044,39.0218],[-76.2115,39.0223],[-76.2152,39.0151],[-76.2199,39.017],[-76.2404,39.0349],[-76.2403,39.0408],[-76.2354,39.0466],[-76.2276,39.0497],[-76.231,39.0592],[-76.2301,39.076],[-76.2356,39.1014],[-76.2484,39.1174],[-76.2436,39.1192],[-76.2412,39.1251],[-76.2428,39.1305],[-76.2604,39.1466],[-76.2578,39.1579],[-76.2619,39.1593],[-76.2662,39.1548],[-76.2693,39.1453],[-76.2757,39.1494],[-76.264,39.1779],[-76.2409,39.2103],[-76.2353,39.2256],[-76.217,39.2495],[-76.2089,39.2712],[-76.2042,39.2679],[-76.2086,39.2562],[-76.1968,39.2497],[-76.1875,39.2383],[-76.176,39.2518],[-76.1885,39.2505],[-76.1908,39.256],[-76.1972,39.2583],[-76.194,39.2715],[-76.1998,39.2792],[-76.1986,39.2833],[-76.1873,39.2814],[-76.1853,39.2927],[-76.1817,39.2963],[-76.1758,39.2962],[-76.1699,39.2898],[-76.1685,39.2726],[-76.1655,39.2703],[-76.1548,39.2773],[-76.1604,39.2892],[-76.155,39.2955],[-76.1561,39.2987],[-76.159,39.301],[-76.1656,39.2965],[-76.1692,39.2979],[-76.1738,39.3071],[-76.1809,39.3076],[-76.1814,39.3103],[-76.18,39.3221],[-76.1655,39.3342],[-76.143,39.3335],[-76.1456,39.3199],[-76.1289,39.3224],[-76.1305,39.3311],[-76.1275,39.3324],[-76.1194,39.3232],[-76.1062,39.3267],[-76.0802,39.3201],[-76.0795,39.3228],[-76.0919,39.3288],[-76.1197,39.335],[-76.1173,39.34],[-76.1309,39.3415],[-76.1343,39.3511],[-76.1235,39.355],[-76.118,39.3613],[-76.113,39.3758],[-76.0975,39.3747],[-76.0774,39.3681],[-76.0494,39.371],[-76.0269,39.3662],[-76.0245,39.3652],[-76.0306,39.3603],[-76.0343,39.3517],[-76.0326,39.349],[-76.0182,39.3538],[-76.0229,39.3589],[-76.021,39.362],[-75.997,39.3703],[-75.9858,39.3648],[-75.989,39.3575],[-75.9789,39.3561],[-75.9736,39.3515],[-75.9724,39.3551],[-75.9788,39.3615],[-75.9649,39.3713],[-75.9536,39.3698],[-75.9448,39.3633],[-75.9516,39.3526],[-75.9486,39.3525],[-75.9407,39.3628],[-75.9281,39.3672],[-75.9228,39.3631],[-75.9272,39.3527],[-75.9236,39.3536],[-75.9148,39.3476],[-75.9136,39.3503],[-75.92,39.3549],[-75.9145,39.3639],[-75.902,39.361],[-75.8936,39.3627],[-75.8919,39.3604],[-75.8951,39.3532],[-75.8921,39.3527],[-75.8896,39.3595],[-75.8735,39.3611],[-75.868,39.3651],[-75.8603,39.3641],[-75.851,39.3549],[-75.8532,39.3613],[-75.8477,39.3657],[-75.8418,39.3643],[-75.8382,39.3688],[-75.834,39.3687],[-75.8321,39.3737],[-75.8871,39.3649],[-75.9024,39.3687],[-75.9055,39.3665],[-75.9279,39.3745],[-75.9434,39.3719],[-75.9445,39.3774],[-75.938,39.3751],[-75.9278,39.3785],[-75.9266,39.3822],[-75.9147,39.382],[-75.9235,39.3853],[-75.9174,39.3911],[-75.9189,39.3925],[-75.9289,39.3845],[-75.9342,39.3886],[-75.935,39.3791],[-75.9467,39.3856],[-75.9498,39.3811],[-75.9604,39.3853],[-75.9546,39.3802],[-75.9707,39.3795],[-75.9786,39.3701],[-75.9873,39.3806],[-75.9997,39.3853],[-76.0301,39.3848],[-76.0366,39.3862],[-76.0413,39.3917],[-76.0374,39.4035],[-76.0122,39.4163],[-76.008,39.4167],[-76.0034,39.4099],[-75.9926,39.4102],[-75.9925,39.417],[-76.0032,39.4185],[-76.0043,39.4212],[-75.9987,39.4361],[-75.9866,39.4418],[-75.9847,39.4486],[-75.9706,39.467],[-75.9646,39.4665],[-75.9636,39.4615],[-75.9488,39.455],[-75.9498,39.4641],[-75.958,39.4687],[-75.9441,39.4785],[-75.9275,39.4756],[-75.9259,39.4696],[-75.906,39.4794],[-75.9007,39.4748],[-75.8847,39.4723],[-75.8818,39.4673],[-75.8747,39.4645],[-75.8713,39.4576],[-75.857,39.4565],[-75.8542,39.4501],[-75.8315,39.4512],[-75.832,39.4535],[-75.8487,39.4569],[-75.8574,39.4638],[-75.8543,39.4687],[-75.8645,39.468],[-75.8708,39.4807],[-75.8869,39.48],[-75.9015,39.4925],[-75.9123,39.4885],[-75.9284,39.4896],[-75.9227,39.5027],[-75.8934,39.5087],[-75.8842,39.5181],[-75.8825,39.5149],[-75.8628,39.5173],[-75.8775,39.5252],[-75.8684,39.5333],[-75.8791,39.5339],[-75.8784,39.5375],[-75.8513,39.5503],[-75.8534,39.5603],[-75.8451,39.5602],[-75.8466,39.5711],[-75.8306,39.5686],[-75.8415,39.5846],[-75.839,39.5909],[-75.8414,39.5928],[-75.845,39.5883],[-75.8528,39.587],[-75.8535,39.5825],[-75.8633,39.574],[-75.8605,39.5658],[-75.8756,39.5574],[-75.9021,39.5188],[-75.9075,39.5179],[-75.911,39.523],[-75.9426,39.5202],[-75.941,39.5152],[-75.9314,39.5142],[-75.9345,39.5078],[-75.9624,39.4905],[-75.9709,39.4802],[-75.9805,39.4789],[-75.9933,39.4637],[-76.0042,39.4575],[-76.0119,39.4594],[-76.0112,39.4648],[-75.999,39.4755],[-76.0016,39.4928],[-75.9815,39.5161],[-75.9794,39.5297],[-75.968,39.5318],[-75.9656,39.5354],[-75.9678,39.5427],[-75.9714,39.5432],[-75.9725,39.5478],[-75.9681,39.5545],[-75.9733,39.5627],[-75.9721,39.565],[-75.9632,39.5635],[-75.9507,39.5878],[-75.9553,39.5956],[-75.9655,39.593],[-75.9711,39.5863],[-75.9743,39.5723],[-75.9857,39.5719],[-76.0001,39.5658],[-76.0057,39.555],[-76.0006,39.5436],[-76.003,39.5413],[-76.0142,39.5496],[-76.0273,39.5502],[-76.0311,39.5702],[-76.0438,39.5627],[-76.0557,39.5637],[-76.0557,39.5605],[-76.0433,39.5554],[-76.0446,39.5504],[-76.0643,39.5502],[-76.0818,39.54],[-76.0932,39.5378],[-76.1129,39.5027],[-76.1172,39.5],[-76.1319,39.5092],[-76.131,39.4938],[-76.1181,39.4833],[-76.1144,39.4891],[-76.1102,39.49],[-76.0969,39.4712],[-76.1012,39.4636],[-76.0993,39.4373],[-76.1024,39.4314],[-76.1192,39.4261],[-76.1475,39.4092],[-76.16,39.4075],[-76.1766,39.3819],[-76.1835,39.3947],[-76.1936,39.3925],[-76.2072,39.399],[-76.2187,39.3923],[-76.2222,39.3941],[-76.2291,39.4101],[-76.2322,39.4015],[-76.2289,39.3838],[-76.2206,39.3828],[-76.211,39.3868],[-76.2093,39.384],[-76.1854,39.3842],[-76.1983,39.3644],[-76.2145,39.3583],[-76.2248,39.3488],[-76.2365,39.3603],[-76.2489,39.3645],[-76.2541,39.375],[-76.2516,39.3799],[-76.2433,39.383],[-76.2435,39.3984],[-76.2215,39.4313],[-76.2344,39.4446],[-76.2337,39.4518],[-76.222,39.4703],[-76.2352,39.4664],[-76.2575,39.4521],[-76.2694,39.4531],[-76.2857,39.4424],[-76.2846,39.4374],[-76.2792,39.4351],[-76.2726,39.4422],[-76.2546,39.4452],[-76.2512,39.4384],[-76.2514,39.4235],[-76.2545,39.4176],[-76.2659,39.4127],[-76.2637,39.4032],[-76.2674,39.3991],[-76.2775,39.3992],[-76.2722,39.3924],[-76.2772,39.3766],[-76.2833,39.3721],[-76.2833,39.3685],[-76.2768,39.3661],[-76.2757,39.3611],[-76.2692,39.3597],[-76.2711,39.3538],[-76.2634,39.3501],[-76.26,39.3388],[-76.2666,39.3366],[-76.2662,39.3261],[-76.2776,39.3185],[-76.2862,39.3032],[-76.298,39.3088],[-76.2913,39.3209],[-76.3016,39.3455],[-76.2984,39.3555],[-76.3133,39.3561],[-76.3216,39.3598],[-76.3037,39.3637],[-76.3045,39.3836],[-76.3104,39.3905],[-76.3281,39.3947],[-76.3318,39.392],[-76.3447,39.3994],[-76.3602,39.3999],[-76.3639,39.3923],[-76.3747,39.3856],[-76.3896,39.3849],[-76.4074,39.3896],[-76.4092,39.3832],[-76.3849,39.3803],[-76.3767,39.3707],[-76.3732,39.3711],[-76.3671,39.3792],[-76.3576,39.3796],[-76.3517,39.3755],[-76.3403,39.379],[-76.3424,39.359],[-76.3297,39.3354],[-76.3351,39.3345],[-76.3492,39.341],[-76.3497,39.3469],[-76.3551,39.3501],[-76.3623,39.3461],[-76.3594,39.3393],[-76.3742,39.3403],[-76.369,39.3316],[-76.347,39.3328],[-76.3453,39.3255],[-76.3323,39.3241],[-76.3264,39.3172],[-76.3181,39.3144],[-76.3206,39.3112],[-76.3337,39.3105],[-76.3343,39.3055],[-76.3379,39.3046],[-76.3408,39.3137],[-76.3503,39.3124],[-76.3537,39.3238],[-76.3608,39.3252],[-76.3674,39.3221],[-76.3869,39.3259],[-76.3882,39.3191],[-76.3681,39.314],[-76.3683,39.304],[-76.3784,39.3],[-76.3814,39.3027],[-76.3807,39.3095],[-76.3872,39.3105],[-76.3938,39.306],[-76.4003,39.3106],[-76.3972,39.3147],[-76.399,39.3192],[-76.4115,39.3139],[-76.4239,39.3231],[-76.4292,39.3217],[-76.4287,39.3168],[-76.4382,39.3173],[-76.4395,39.3119],[-76.4306,39.3127],[-76.4276,39.31],[-76.4313,39.3064],[-76.4277,39.3022],[-76.4194,39.3049],[-76.4129,39.2989],[-76.4046,39.3007],[-76.4028,39.2984],[-76.4011,39.2948],[-76.4149,39.2849],[-76.4126,39.2831],[-76.381,39.2905],[-76.3907,39.2765],[-76.399,39.2771],[-76.3962,39.2675],[-76.4052,39.2581],[-76.4042,39.2463],[-76.4155,39.2473],[-76.4225,39.2532],[-76.4344,39.2547],[-76.4389,39.2742],[-76.4327,39.286],[-76.4452,39.2847],[-76.4606,39.2907],[-76.4557,39.2993],[-76.4587,39.302],[-76.4706,39.3003],[-76.4937,39.3046],[-76.485,39.2887],[-76.4785,39.2891],[-76.4744,39.2845],[-76.4619,39.2826],[-76.4572,39.2789],[-76.4537,39.2725],[-76.4551,39.2612],[-76.4393,39.2407],[-76.4287,39.2379],[-76.424,39.2324],[-76.4104,39.2314],[-76.4007,39.2417],[-76.3972,39.2408],[-76.4014,39.2331],[-76.398,39.2272],[-76.3998,39.2249],[-76.4111,39.2219],[-76.4244,39.2102],[-76.435,39.2135],[-76.4375,39.2021],[-76.4411,39.1999],[-76.4488,39.2063],[-76.4456,39.2208],[-76.467,39.2214],[-76.4689,39.2124],[-76.4879,39.2089],[-76.495,39.2117],[-76.4967,39.219],[-76.4703,39.2418],[-76.4719,39.2487],[-76.4689,39.255],[-76.4718,39.2564],[-76.4826,39.2506],[-76.4857,39.2397],[-76.4946,39.2375],[-76.4959,39.2303],[-76.5066,39.2317],[-76.5138,39.2291],[-76.5155,39.2318],[-76.5118,39.2436],[-76.5356,39.2424],[-76.5419,39.2583],[-76.5561,39.2643],[-76.5704,39.263],[-76.5743,39.2798],[-76.5903,39.2809],[-76.6027,39.2882],[-76.6069,39.2873],[-76.6099,39.2792],[-76.5904,39.2727],[-76.5893,39.2677],[-76.6168,39.2575],[-76.6203,39.262],[-76.6208,39.2716],[-76.6237,39.2739],[-76.6261,39.2711],[-76.6263,39.2517],[-76.6198,39.2503],[-76.6146,39.2425],[-76.6038,39.2492],[-76.5866,39.2473],[-76.5748,39.2418],[-76.5648,39.2317],[-76.5654,39.2286],[-76.5761,39.2282],[-76.575,39.2227],[-76.5834,39.2151],[-76.5846,39.211],[-76.5771,39.2033],[-76.5772,39.1919],[-76.607,39.1813],[-76.6005,39.1771],[-76.5868,39.1807],[-76.5971,39.1649],[-76.5948,39.159],[-76.5894,39.1626],[-76.5816,39.1766],[-76.5726,39.1797],[-76.5695,39.1901],[-76.5647,39.1941],[-76.5641,39.1991],[-76.5705,39.2032],[-76.5686,39.2168],[-76.5597,39.2136],[-76.5454,39.2189],[-76.5419,39.2139],[-76.5329,39.217],[-76.5306,39.2142],[-76.5367,39.2052],[-76.5362,39.1966],[-76.5309,39.1889],[-76.5162,39.1797],[-76.5187,39.1697],[-76.5468,39.1536],[-76.5487,39.1496],[-76.5195,39.1543],[-76.5141,39.1584],[-76.5092,39.1719],[-76.5057,39.171],[-76.5016,39.1628],[-76.5149,39.1493],[-76.5143,39.1443],[-76.5102,39.1434],[-76.503,39.1497],[-76.4965,39.1478],[-76.4963,39.1578],[-76.485,39.1608],[-76.4802,39.169],[-76.4748,39.1716],[-76.4695,39.1707],[-76.4708,39.1612],[-76.4661,39.1562],[-76.439,39.1423],[-76.4391,39.1369],[-76.4474,39.1351],[-76.4628,39.1407],[-76.4693,39.1385],[-76.4546,39.132],[-76.4535,39.1266],[-76.4777,39.1295],[-76.4837,39.1273],[-76.4814,39.1223],[-76.447,39.1216],[-76.4447,39.1202],[-76.4471,39.1184],[-76.4454,39.1111],[-76.4388,39.1151],[-76.4344,39.1332],[-76.4255,39.1322],[-76.4318,39.111],[-76.4218,39.0996],[-76.4161,39.0841],[-76.426,39.0611],[-76.4382,39.0734],[-76.4399,39.0825],[-76.4357,39.0878],[-76.4409,39.0957],[-76.4557,39.0971],[-76.4646,39.0936],[-76.467,39.0895],[-76.4624,39.0836],[-76.4648,39.0818],[-76.4725,39.0832],[-76.4844,39.0783],[-76.4897,39.0834],[-76.4957,39.0789],[-76.5063,39.0844],[-76.5134,39.0831],[-76.5126,39.0976],[-76.5273,39.1032],[-76.5293,39.0873],[-76.5164,39.079],[-76.5165,39.0709],[-76.507,39.0704],[-76.5012,39.0622],[-76.4923,39.0635],[-76.4912,39.0548],[-76.4859,39.0566],[-76.4798,39.0643],[-76.4663,39.0601],[-76.4574,39.0609],[-76.4545,39.0568],[-76.4617,39.0455],[-76.457,39.0446],[-76.4439,39.0504],[-76.4273,39.0493],[-76.4091,39.0374],[-76.3888,39.0118],[-76.4114,39.0038],[-76.4204,38.9971],[-76.4209,39.0012],[-76.4137,39.0093],[-76.4118,39.0188],[-76.4147,39.0197],[-76.4268,39.0062],[-76.4314,39.0167],[-76.4414,39.0177],[-76.4344,39.0086],[-76.4381,38.9995],[-76.4458,39.0014],[-76.4587,39.0124],[-76.4646,39.0084],[-76.4618,39.0025],[-76.4483,38.9951],[-76.4496,38.9833],[-76.4584,38.9879],[-76.4779,38.9894],[-76.482,38.9976],[-76.5113,39.0214],[-76.5141,39.0296],[-76.5235,39.0347],[-76.527,39.0402],[-76.5353,39.042],[-76.5368,39.0559],[-76.5433,39.0648],[-76.5551,39.0649],[-76.5585,39.0753],[-76.5692,39.0749],[-76.5745,39.079],[-76.5793,39.075],[-76.5893,39.0782],[-76.5934,39.0833],[-76.6094,39.0825],[-76.5935,39.0728],[-76.5758,39.0686],[-76.5735,39.0659],[-76.5759,39.06],[-76.5623,39.0595],[-76.5601,39.0481],[-76.5719,39.0473],[-76.5709,39.0378],[-76.5744,39.0314],[-76.568,39.0309],[-76.5626,39.0363],[-76.5301,39.027],[-76.525,39.0129],[-76.5143,39.0133],[-76.5067,39.0078],[-76.4865,38.97],[-76.4771,38.9668],[-76.4699,38.9703],[-76.4643,38.9476],[-76.4536,38.9543],[-76.4436,38.9493],[-76.4442,38.9461],[-76.4574,38.9376],[-76.457,38.9217],[-76.4641,38.9232],[-76.4542,38.9104],[-76.4548,38.9072],[-76.4614,38.9068],[-76.4731,38.9151],[-76.4764,38.9301],[-76.4811,38.9346],[-76.4864,38.9365],[-76.4948,38.9284],[-76.5007,38.928],[-76.507,38.9407],[-76.5153,38.9403],[-76.5158,38.949],[-76.5265,38.9459],[-76.5186,38.9599],[-76.5221,38.9617],[-76.5335,38.9545],[-76.5375,38.9659],[-76.5465,38.9565],[-76.5677,38.9593],[-76.5729,38.9693],[-76.5777,38.9658],[-76.5948,38.9709],[-76.5978,38.9641],[-76.5902,38.9586],[-76.5772,38.9576],[-76.5768,38.9417],[-76.5692,38.9394],[-76.5625,38.9493],[-76.5483,38.9515],[-76.5491,38.9379],[-76.5384,38.9414],[-76.5445,38.9279],[-76.5385,38.9306],[-76.532,38.9291],[-76.5284,38.9346],[-76.5243,38.9327],[-76.5238,38.9241],[-76.5184,38.9277],[-76.5055,38.9212],[-76.5027,38.9121],[-76.4908,38.9139],[-76.4888,38.8885],[-76.5103,38.8723],[-76.5137,38.8878],[-76.5095,38.8913],[-76.5153,38.8977],[-76.52,38.8982],[-76.5248,38.8919],[-76.5312,38.9024],[-76.5347,38.902],[-76.5366,38.8916],[-76.545,38.8866],[-76.5468,38.8817],[-76.5422,38.8766],[-76.5314,38.8843],[-76.522,38.886],[-76.5186,38.8701],[-76.5228,38.867],[-76.5223,38.8629],[-76.5334,38.8657],[-76.5359,38.8625],[-76.5419,38.8517],[-76.5481,38.8277],[-76.5458,38.8259],[-76.5404,38.8336],[-76.5197,38.833],[-76.5196,38.8384],[-76.5237,38.8411],[-76.5212,38.8529],[-76.5112,38.8528],[-76.5113,38.8442],[-76.5025,38.8423],[-76.4987,38.8545],[-76.4958,38.8554],[-76.4941,38.845],[-76.4889,38.8422],[-76.4957,38.8155],[-76.5041,38.8084],[-76.5084,38.7966],[-76.5273,38.7977],[-76.5287,38.7823],[-76.534,38.7787],[-76.5428,38.7819],[-76.5477,38.7738],[-76.5577,38.7739],[-76.5558,38.782],[-76.5581,38.7843],[-76.5636,38.7748],[-76.5631,38.7698],[-76.552,38.7552],[-76.5476,38.7321],[-76.5423,38.7293],[-76.5229,38.7292],[-76.5194,38.7224],[-76.5256,38.7052],[-76.525,38.6594],[-76.5078,38.6226],[-76.5074,38.6108],[-76.511,38.6008],[-76.5125,38.5392],[-76.5086,38.5224],[-76.4953,38.4996],[-76.4903,38.4815],[-76.4723,38.4659],[-76.4548,38.4571],[-76.4514,38.4453],[-76.4021,38.4055],[-76.3923,38.3927],[-76.3795,38.3867],[-76.3861,38.374],[-76.3828,38.3627],[-76.4121,38.3267],[-76.4204,38.3199],[-76.4385,38.3251],[-76.4402,38.3292],[-76.4313,38.3336],[-76.4313,38.3364],[-76.4389,38.3373],[-76.4417,38.3433],[-76.4483,38.3365],[-76.4565,38.3357],[-76.4509,38.3202],[-76.458,38.3162],[-76.4712,38.3372],[-76.4663,38.3489],[-76.4703,38.3589],[-76.4649,38.367],[-76.4749,38.3626],[-76.4778,38.3644],[-76.4789,38.3721],[-76.4864,38.3813],[-76.4863,38.3853],[-76.4792,38.3907],[-76.4801,38.4125],[-76.4759,38.417],[-76.484,38.422],[-76.4811,38.427],[-76.4839,38.4361],[-76.4868,38.437],[-76.4911,38.4216],[-76.4877,38.4148],[-76.4931,38.4044],[-76.4909,38.3962],[-76.501,38.3877],[-76.5051,38.39],[-76.5084,38.4054],[-76.5136,38.41],[-76.5312,38.4152],[-76.5507,38.4035],[-76.547,38.4198],[-76.5844,38.4301],[-76.5908,38.4365],[-76.5996,38.4347],[-76.5984,38.4424],[-76.5871,38.4555],[-76.5916,38.4641],[-76.5921,38.4736],[-76.5986,38.4714],[-76.5982,38.456],[-76.6042,38.447],[-76.614,38.4588],[-76.631,38.4635],[-76.6381,38.4617],[-76.6385,38.4762],[-76.6426,38.4817],[-76.6431,38.4899],[-76.664,38.5113],[-76.6557,38.5176],[-76.6509,38.5262],[-76.6625,38.5417],[-76.6498,38.5651],[-76.651,38.5683],[-76.664,38.5662],[-76.6692,38.5698],[-76.6648,38.5924],[-76.6681,38.6197],[-76.6844,38.6365],[-76.6811,38.6655],[-76.6899,38.6719],[-76.6845,38.6787],[-76.685,38.6846],[-76.6926,38.6919],[-76.6997,38.6842],[-76.6945,38.6756],[-76.7022,38.6706],[-76.7035,38.6652],[-76.6988,38.6588],[-76.6918,38.6588],[-76.6933,38.6284],[-76.6776,38.6107],[-76.6766,38.5898],[-76.6838,38.579],[-76.6786,38.5721],[-76.6789,38.5459],[-76.6854,38.5432],[-76.6971,38.5473],[-76.7065,38.5465],[-76.7007,38.5406],[-76.6814,38.5314],[-76.6797,38.5268],[-76.6869,38.5169],[-76.6863,38.5128],[-76.6822,38.5119],[-76.6847,38.4983],[-76.6754,38.4928],[-76.6748,38.4887],[-76.6849,38.4815],[-76.6797,38.4788],[-76.6714,38.4801],[-76.6621,38.471],[-76.6633,38.4673],[-76.6704,38.4678],[-76.6612,38.451],[-76.6477,38.4477],[-76.6472,38.4414],[-76.6285,38.4313],[-76.6286,38.4182],[-76.5988,38.4062],[-76.5831,38.3952],[-76.5814,38.3902],[-76.5586,38.3855],[-76.5563,38.3786],[-76.5457,38.3826],[-76.5141,38.3701],[-76.4985,38.3528],[-76.508,38.3502],[-76.5197,38.3534],[-76.5244,38.3517],[-76.5239,38.3439],[-76.508,38.3443],[-76.5135,38.3343],[-76.5088,38.3289],[-76.4941,38.3364],[-76.4948,38.322],[-76.4884,38.3205],[-76.4778,38.3263],[-76.4773,38.3164],[-76.4623,38.3035],[-76.4688,38.3],[-76.4688,38.2964],[-76.4384,38.2906],[-76.429,38.2919],[-76.4206,38.3032],[-76.4124,38.3063],[-76.3966,38.3016],[-76.3988,38.3143],[-76.3691,38.2991],[-76.3679,38.2964],[-76.381,38.2883],[-76.3881,38.2771],[-76.3897,38.2522],[-76.3716,38.2121],[-76.3475,38.1788],[-76.3187,38.1486],[-76.3172,38.1327],[-76.3262,38.1228],[-76.3384,38.127],[-76.3463,38.1461],[-76.3509,38.1471],[-76.3531,38.1213],[-76.3478,38.1194],[-76.3521,38.1063],[-76.3493,38.1036],[-76.3356,38.1152],[-76.331,38.1134],[-76.3277,38.0997],[-76.3315,38.078],[-76.3166,38.0597],[-76.3122,38.0465],[-76.3158,38.0384],[-76.3278,38.0544],[-76.3389,38.0581],[-76.3506,38.0555],[-76.355,38.0719],[-76.3724,38.0861],[-76.374,38.0911],[-76.3716,38.0956],[-76.3874,38.0976],[-76.3873,38.1016],[-76.3942,38.109],[-76.403,38.1108],[-76.3894,38.1193],[-76.3892,38.1311],[-76.3932,38.1348],[-76.3963,38.1253],[-76.401,38.1222],[-76.4044,38.1299],[-76.4091,38.1327],[-76.4124,38.1068],[-76.4165,38.1046],[-76.4244,38.126],[-76.4335,38.1382],[-76.43,38.1442],[-76.4357,38.1501],[-76.4345,38.1537],[-76.4263,38.155],[-76.4199,38.1504],[-76.4151,38.1599],[-76.4017,38.1625],[-76.4033,38.1675],[-76.4249,38.1695],[-76.4361,38.166],[-76.4389,38.1746],[-76.43,38.1832],[-76.4299,38.1877],[-76.4484,38.2096],[-76.4606,38.2138],[-76.471,38.2216],[-76.4746,38.2193],[-76.47,38.2112],[-76.4526,38.2019],[-76.4538,38.1915],[-76.451,38.187],[-76.4393,38.19],[-76.4447,38.1806],[-76.4553,38.1757],[-76.4583,38.1703],[-76.4485,38.1588],[-76.462,38.1562],[-76.4736,38.1645],[-76.4731,38.1568],[-76.4616,38.1449],[-76.4594,38.1331],[-76.4629,38.1313],[-76.4681,38.1382],[-76.4804,38.1383],[-76.485,38.1415],[-76.4866,38.1519],[-76.4959,38.1574],[-76.5012,38.1561],[-76.4993,38.1679],[-76.5122,38.168],[-76.5215,38.1726],[-76.5216,38.1672],[-76.4967,38.1452],[-76.4927,38.1338],[-76.4992,38.1343],[-76.5055,38.1394],[-76.5255,38.1368],[-76.5363,38.1596],[-76.5412,38.1826],[-76.5702,38.2051],[-76.6244,38.2282],[-76.6385,38.2279],[-76.6612,38.238],[-76.68,38.2368],[-76.6764,38.2467],[-76.6622,38.2525],[-76.6441,38.2533],[-76.6394,38.256],[-76.6357,38.2655],[-76.6269,38.2686],[-76.628,38.2749],[-76.6244,38.2799],[-76.6296,38.2858],[-76.6361,38.285],[-76.6436,38.2927],[-76.6471,38.2918],[-76.6478,38.2841],[-76.6408,38.2823],[-76.642,38.2782],[-76.661,38.2634],[-76.6721,38.2634],[-76.6755,38.2721],[-76.685,38.2644],[-76.689,38.2753],[-76.6938,38.2613],[-76.6979,38.2586],[-76.6951,38.2455],[-76.7076,38.2342],[-76.7146,38.2334],[-76.7116,38.2433],[-76.7174,38.2465],[-76.7026,38.26],[-76.7001,38.2754],[-76.703,38.2818],[-76.7022,38.2926],[-76.7151,38.3009],[-76.7202,38.3177],[-76.7237,38.3145],[-76.7209,38.305],[-76.7245,38.2942],[-76.7164,38.2882],[-76.7176,38.2805],[-76.7241,38.2747],[-76.7172,38.2692],[-76.7178,38.2651],[-76.7225,38.2597],[-76.7394,38.2698],[-76.7372,38.2611],[-76.7278,38.2575],[-76.7268,38.2461],[-76.7397,38.2458],[-76.7479,38.2413],[-76.7567,38.2449],[-76.7533,38.2354],[-76.7427,38.2326],[-76.7516,38.2254],[-76.7715,38.2314],[-76.7702,38.2391],[-76.7742,38.2464],[-76.7818,38.2528],[-76.7982,38.257],[-76.8004,38.2661],[-76.7969,38.2755],[-76.8083,38.2992],[-76.8059,38.3033],[-76.81,38.3069],[-76.8194,38.3047],[-76.8229,38.3079],[-76.8199,38.3187],[-76.8273,38.336],[-76.8313,38.3382],[-76.8255,38.346],[-76.8126,38.3454],[-76.8143,38.3509],[-76.8113,38.3554],[-76.8013,38.3549],[-76.799,38.3576],[-76.8042,38.3608],[-76.8189,38.3613],[-76.8336,38.3555],[-76.8318,38.3673],[-76.834,38.3737],[-76.8545,38.3878],[-76.8662,38.392],[-76.8797,38.3902],[-76.8873,38.3925],[-76.8949,38.3921],[-76.902,38.3867],[-76.8892,38.373],[-76.8617,38.3643],[-76.8631,38.3398],[-76.8754,38.3381],[-76.876,38.3353],[-76.8509,38.323],[-76.8487,38.3139],[-76.8545,38.3117],[-76.8447,38.3021],[-76.85,38.2926],[-76.8489,38.2894],[-76.836,38.2907],[-76.8301,38.2857],[-76.8273,38.2775],[-76.8425,38.2785],[-76.8496,38.2745],[-76.8713,38.2782],[-76.8818,38.2769],[-76.9005,38.2906],[-76.9245,38.2943],[-76.9185,38.3102],[-76.9144,38.3106],[-76.8998,38.2983],[-76.8957,38.2974],[-76.895,38.3027],[-76.9096,38.3206],[-76.9243,38.3179],[-76.9389,38.3302],[-76.9359,38.3402],[-76.9376,38.3434],[-76.9441,38.3416],[-76.9512,38.3316],[-76.9622,38.3412],[-76.9781,38.3431],[-76.9745,38.3558],[-76.9808,38.3676],[-76.979,38.3798],[-76.9819,38.3871],[-77.0016,38.4193],[-77.0103,38.442],[-77.0255,38.4534],[-77.0259,38.4733],[-77.02,38.4774],[-77.0147,38.4892],[-77.0181,38.4978],[-77.0217,38.4983],[-77.0288,38.4806],[-77.0412,38.4716],[-77.0424,38.4598],[-77.0537,38.4517],[-77.0408,38.4498],[-77.0402,38.4435],[-77.0532,38.4363],[-77.0615,38.4272],[-77.0791,38.4223],[-77.0827,38.4115],[-77.0868,38.4088],[-77.1085,38.4061],[-77.1014,38.4319],[-77.1072,38.4405],[-77.1054,38.4446],[-77.0931,38.4504],[-77.0948,38.4555],[-77.1084,38.4501],[-77.1266,38.4533],[-77.1389,38.4515],[-77.1412,38.4606],[-77.1465,38.457],[-77.1472,38.4484],[-77.129,38.4424],[-77.1178,38.4433],[-77.116,38.4406],[-77.122,38.4327],[-77.122,38.4252],[-77.1279,38.4211],[-77.1297,38.3967],[-77.1427,38.3867],[-77.1675,38.3741],[-77.211,38.3615],[-77.2174,38.3638],[-77.2285,38.3765],[-77.2525,38.3884],[-77.256,38.4038],[-77.2636,38.4156],[-77.2553,38.4323],[-77.2635,38.4387],[-77.2618,38.4432],[-77.2669,38.4704],[-77.2752,38.4781],[-77.2687,38.4863],[-77.2639,38.5126],[-77.2562,38.5175],[-77.2526,38.5307],[-77.2362,38.5343],[-77.2161,38.551],[-77.2249,38.551],[-77.2397,38.5397],[-77.2414,38.5451],[-77.2355,38.5578],[-77.2237,38.5601],[-77.199,38.5577],[-77.179,38.5654],[-77.1748,38.5708],[-77.1624,38.5771],[-77.1253,38.592],[-77.1252,38.6029],[-77.1388,38.6011],[-77.1706,38.5817],[-77.1842,38.5781],[-77.1954,38.5672],[-77.1995,38.5663],[-77.2042,38.5713],[-77.2007,38.5772],[-77.1877,38.5858],[-77.1817,38.608],[-77.1758,38.6112],[-77.1352,38.6115],[-77.1174,38.6246],[-77.1097,38.6373],[-77.1108,38.664],[-77.1018,38.6866],[-77.077,38.6929],[-77.0616,38.7005],[-77.054,38.6992],[-77.0456,38.7077],[-77.0357,38.6995],[-77.0015,38.6971],[-77.0115,38.7058],[-77.0338,38.71],[-77.0202,38.7208],[-77.0196,38.724],[-77.0267,38.7258],[-77.0278,38.729],[-77.0218,38.7457],[-77.0029,38.7506],[-77.0164,38.7561],[-77.0293,38.7725],[-77.0269,38.7874],[-77.0185,38.7965],[-77.0273,38.8037],[-77.0202,38.8132],[-77.026,38.8269],[-77.0235,38.8463],[-77.0199,38.8586],[-77.0092,38.8685],[-76.979,38.8747],[-76.9736,38.881],[-76.9784,38.8824],[-77.0204,38.8731],[-77.0216,38.8672],[-77.0258,38.8667],[-77.0316,38.8817],[-77.0604,38.9022],[-77.0592,38.9142],[-77.0445,38.9271],[-77.049,38.9413],[-77.0406,38.9566],[-77.0415,38.9681],[-77.0317,38.9778],[-77.0384,38.982],[-77.0379,38.9896],[-77.0161,38.9889],[-77.0148,38.9827],[-77.0183,38.9712],[-77.0063,38.9778],[-76.9899,38.9771],[-76.9881,38.9823],[-76.9934,38.9862],[-76.9921,38.9962],[-76.981,39.0206],[-76.9916,39.0289],[-76.9907,39.0407],[-76.9836,39.0466],[-76.9765,39.0472],[-76.9613,39.0689],[-76.9604,39.0744],[-76.9649,39.0821],[-76.9546,39.0876],[-76.9502,39.1012],[-76.9435,39.1032],[-76.9448,39.1102],[-76.9399,39.1116],[-76.9394,39.1158],[-76.9341,39.1154],[-76.9336,39.1203],[-76.9278,39.1244],[-76.9238,39.123],[-76.922,39.1178],[-76.914,39.1147],[-76.8935,39.1181],[-76.8726,39.1133],[-76.8694,39.1212],[-76.8748,39.132],[-76.852,39.1306],[-76.8707,39.1452],[-76.8707,39.1501],[-76.8778,39.1553],[-76.8769,39.1605],[-76.8644,39.1744],[-76.8599,39.1716],[-76.8568,39.1612],[-76.8506,39.1588],[-76.8403,39.1615],[-76.835,39.1671],[-76.83,39.1806],[-76.8224,39.1823],[-76.8188,39.1889],[-76.8068,39.1938],[-76.8175,39.2056],[-76.8134,39.2108],[-76.8206,39.214],[-76.821,39.2185],[-76.8134,39.2268],[-76.804,39.2275],[-76.7959,39.2393],[-76.7865,39.2403],[-76.7839,39.2372],[-76.7848,39.2292],[-76.7758,39.2319],[-76.7696,39.2382],[-76.7629,39.2361],[-76.7611,39.2316],[-76.7678,39.2198],[-76.7562,39.2177],[-76.7473,39.21],[-76.7398,39.2089],[-76.7277,39.2127],[-76.7214,39.2197],[-76.7192,39.2113],[-76.7116,39.2189],[-76.7071,39.2294],[-76.7124,39.2402],[-76.7105,39.253],[-76.6989,39.2683],[-76.6729,39.2786],[-76.6591,39.2741],[-76.6635,39.281],[-76.6603,39.2887],[-76.6679,39.296],[-76.6643,39.3057],[-76.6683,39.3116],[-76.6647,39.3151],[-76.658,39.3151],[-76.6557,39.322],[-76.645,39.322],[-76.6228,39.2931],[-76.6129,39.2892],[-76.612,39.3034],[-76.6025,39.3138],[-76.5878,39.3044],[-76.5798,39.3037],[-76.569,39.3109],[-76.5698,39.3193],[-76.5582,39.3165],[-76.5537,39.3189],[-76.551,39.331],[-76.5407,39.3258],[-76.5353,39.3341],[-76.5375,39.3424],[-76.533,39.3469],[-76.5258,39.3462],[-76.5191,39.3399],[-76.5133,39.341],[-76.5124,39.3469],[-76.5213,39.3479],[-76.5172,39.3559],[-76.5221,39.3608],[-76.5208,39.366],[-76.5078,39.3583],[-76.5002,39.367],[-76.4979,39.3656],[-76.4993,39.3583],[-76.4895,39.3603],[-76.489,39.3652],[-76.4836,39.3679],[-76.4787,39.3658],[-76.4791,39.3714],[-76.4638,39.3779],[-76.4624,39.3894],[-76.4566,39.3904],[-76.4516,39.3942],[-76.4525,39.3994],[-76.4462,39.3997],[-76.4421,39.4042],[-76.4291,39.4035],[-76.4283,39.3958],[-76.4148,39.403],[-76.4019,39.3985],[-76.3941,39.3991],[-76.3852,39.4071],[-76.3888,39.4095],[-76.3834,39.4126],[-76.3851,39.4182],[-76.3775,39.423],[-76.379,39.4519],[-76.3839,39.4568],[-76.3843,39.4668],[-76.3815,39.4696],[-76.3596,39.4681],[-76.3515,39.4708],[-76.3386,39.4565],[-76.327,39.4547],[-76.3166,39.4606],[-76.3129,39.4793],[-76.3038,39.4852],[-76.2945,39.4827],[-76.289,39.4896],[-76.2827,39.4906],[-76.281,39.4857],[-76.276,39.4846],[-76.2715,39.4933],[-76.2656,39.4967],[-76.2598,39.4915],[-76.2509,39.4918],[-76.2405,39.5004],[-76.2356,39.4927],[-76.2266,39.4947],[-76.2181,39.4923],[-76.2064,39.5012],[-76.2062,39.5113],[-76.2022,39.5193],[-76.2128,39.5304],[-76.1939,39.5331],[-76.18,39.5278],[-76.1737,39.5305],[-76.172,39.5288],[-76.1761,39.5198],[-76.168,39.518],[-76.159,39.5242],[-76.1576,39.529],[-76.1459,39.5307],[-76.1332,39.5407],[-76.1282,39.5535],[-76.1321,39.5587],[-76.1294,39.5622],[-76.1387,39.5689],[-76.145,39.5696],[-76.1473,39.5651],[-76.1442,39.5578],[-76.1478,39.5557],[-76.1541,39.5599],[-76.1571,39.5669],[-76.1643,39.5704],[-76.1556,39.5818],[-76.1471,39.5804],[-76.1463,39.5755],[-76.1413,39.5744],[-76.1309,39.5799],[-76.1212,39.5691],[-76.11,39.5676],[-76.1061,39.5598],[-76.0939,39.5596],[-76.0924,39.5709],[-76.0833,39.5718],[-76.0802,39.5768],[-76.0891,39.5873],[-76.0877,39.5914],[-76.0823,39.5924],[-76.089,39.5963],[-76.0847,39.6129],[-76.0925,39.6328],[-76.0915,39.6453],[-76.0794,39.6421],[-76.0531,39.6252],[-76.0434,39.6123],[-76.0344,39.6153],[-76.0317,39.6448],[-76.0236,39.6496],[-76.0146,39.6471],[-76.0223,39.6395],[-76.0229,39.6354],[-76.0197,39.6336],[-76.0098,39.6342],[-76.0088,39.645],[-76.0042,39.6484],[-76.0042,39.6526],[-75.9974,39.6549],[-75.9906,39.6515],[-75.9864,39.6442],[-75.9767,39.6443],[-75.9735,39.6502],[-75.965,39.6476],[-75.9555,39.6521],[-75.9307,39.6395],[-75.9203,39.6392],[-75.9304,39.6499],[-75.9295,39.6565],[-75.905,39.672],[-75.9019,39.6762],[-75.9039,39.6883],[-75.9012,39.6915],[-75.8908,39.6856],[-75.889,39.6811],[-75.8979,39.6752],[-75.9009,39.6661],[-75.8865,39.6676],[-75.8891,39.6572],[-75.8692,39.6436],[-75.864,39.6435],[-75.8643,39.6532],[-75.8586,39.6574],[-75.8571,39.6473],[-75.8508,39.6456],[-75.8468,39.6481],[-75.8496,39.6582],[-75.8447,39.6669],[-75.8263,39.6646],[-75.824,39.6583],[-75.8373,39.6468],[-75.8404,39.6398],[-75.8314,39.6371],[-75.8274,39.6444],[-75.818,39.6455],[-75.8183,39.6365],[-75.8142,39.631],[-75.8173,39.6233],[-75.8104,39.6143],[-75.8064,39.6137],[-75.7966,39.6214],[-75.788,39.6152],[-75.7473,39.6167],[-75.7236,39.6332],[-75.6827,39.6467],[-75.6488,39.6714],[-75.6129,39.7107],[-75.6221,39.7168],[-75.6171,39.7322],[-75.5858,39.7505],[-75.5095,39.7727],[-75.4583,39.804],[-75.4523,39.8135],[-75.4509,39.8298],[-75.3766,39.8904],[-75.3001,39.9235],[-75.2467,39.9381],[-75.2223,39.948],[-75.2124,39.959],[-75.2049,39.9901],[-75.1791,40.0055],[-75.1318,40.0092],[-75.0767,40.0311],[-75.0361,40.0511],[-75.0187,40.0638],[-75.0144,40.0711],[-75.0152,40.1056],[-74.997,40.1181],[-74.9899,40.1183],[-74.9844,40.1138],[-74.9848,40.0911],[-74.9955,40.0629],[-74.9911,40.0574],[-74.9829,40.0584],[-74.9659,40.0847],[-74.9651,40.1211],[-74.9584,40.1338],[-74.9481,40.1417],[-74.9414,40.1429],[-74.9272,40.1417],[-74.9197,40.1377],[-74.9169,40.1338],[-74.9201,40.128],[-74.9394,40.1256],[-74.9446,40.1211],[-74.9304,40.1111],[-74.928,40.0971],[-74.9249,40.095],[-74.9201,40.0971],[-74.9086,40.1207],[-74.894,40.1325],[-74.8984,40.1368],[-74.911,40.1401],[-74.9082,40.1492],[-74.8892,40.171],[-74.8667,40.187],[-74.8335,40.1979],[-74.761,40.2056],[-74.7537,40.2146],[-74.7474,40.2341],[-74.7239,40.2459],[-74.7117,40.2479],[-74.7031,40.2542],[-74.7053,40.2684],[-74.7157,40.2653],[-74.7198,40.2709],[-74.7093,40.2802],[-74.7088,40.2854],[-74.677,40.3017],[-74.6647,40.3155],[-74.6342,40.3318],[-74.6291,40.3391],[-74.6314,40.3464],[-74.6281,40.3554],[-74.614,40.3585],[-74.6067,40.3734],[-74.608,40.381],[-74.5921,40.3796],[-74.5834,40.391],[-74.5738,40.3969],[-74.557,40.3961],[-74.5365,40.4071],[-74.4951,40.4184],[-74.4736,40.4367],[-74.4278,40.4678],[-74.4095,40.4868],[-74.3999,40.4885],[-74.4049,40.4934],[-74.4039,40.4986],[-74.3842,40.5183],[-74.385,40.5304],[-74.3519,40.556],[-74.3484,40.548],[-74.3326,40.5326],[-74.2924,40.5052],[-74.3128,40.504],[-74.3322,40.485],[-74.354,40.4737],[-74.3407,40.4705],[-74.3256,40.4718],[-74.3116,40.4922],[-74.3014,40.495],[-74.2898,40.4922],[-74.273,40.4822],[-74.2658,40.4659],[-74.2103,40.4449],[-74.2085,40.4408],[-74.2121,40.4358],[-74.1921,40.4421],[-74.18,40.4571],[-74.1667,40.4489],[-74.1559,40.4475],[-74.1468,40.4474],[-74.1414,40.4524],[-74.1341,40.4528],[-74.1136,40.4419],[-74.0901,40.4364],[-74.0582,40.419],[-73.9955,40.407],[-73.9829,40.3938],[-73.9812,40.3748],[-73.9944,40.383],[-74.0065,40.3858],[-74.0646,40.3551],[-74.0634,40.3506],[-74.0592,40.3488],[-74.0398,40.3605],[-74.0266,40.3618],[-74.0235,40.3668],[-74.0078,40.3726],[-73.9831,40.3671],[-73.985,40.353],[-74.0038,40.3431],[-74.0014,40.3404],[-74.0032,40.3372],[-74.0207,40.3364],[-74.0153,40.3264],[-74.0178,40.3228],[-74.016,40.3178],[-74.0124,40.3178],[-74.0057,40.325],[-73.9955,40.3209],[-73.99,40.3281],[-73.9912,40.3322],[-73.9791,40.3335],[-73.9693,40.3607],[-73.9738,40.4006],[-73.9887,40.4283],[-73.9862,40.4387],[-73.9904,40.4419],[-74.0043,40.4424],[-74.0054,40.4556],[-74.0126,40.4624],[-74.0126,40.4651],[-74.0047,40.4683],[-73.9933,40.4623],[-73.9837,40.4514],[-73.9724,40.4282],[-73.9678,40.3928],[-73.9636,40.3842],[-73.9675,40.3507],[-73.9653,40.3298],[-73.9769,40.3008],[-73.979,40.2659],[-73.9986,40.2243],[-73.9987,40.2075],[-74.0091,40.1844],[-74.0181,40.1822],[-74.0301,40.1895],[-74.0349,40.1895],[-74.0386,40.1841],[-74.0572,40.1896],[-74.0596,40.186],[-74.0495,40.176],[-74.0406,40.1732],[-74.032,40.1723],[-74.0188,40.1768],[-74.0134,40.1736],[-74.0245,40.1351],[-74.0265,40.1048],[-74.0325,40.0997],[-74.0475,40.1025],[-74.071,40.0944],[-74.083,40.1022],[-74.0907,40.1167],[-74.0949,40.1126],[-74.0908,40.094],[-74.0837,40.0881],[-74.0681,40.0849],[-74.0518,40.0912],[-74.0326,40.0911],[-74.026,40.0865],[-74.0254,40.0752],[-74.0286,40.0603],[-74.0475,40.0136],[-74.0464,39.9996],[-74.0685,39.9112],[-74.0723,39.8836],[-74.0712,39.8664],[-74.0841,39.8125],[-74.0854,39.788],[-74.0897,39.7744],[-74.0927,39.7694],[-74.0975,39.7685],[-74.1028,39.7731],[-74.11,39.7736],[-74.1064,39.7794],[-74.0986,39.7776],[-74.0956,39.7812],[-74.0985,39.8007],[-74.09,39.817],[-74.0854,39.8859],[-74.0799,39.9145],[-74.0702,39.9348],[-74.0791,39.9521],[-74.0724,39.9566],[-74.0651,39.9829],[-74.0535,40.0087],[-74.0533,40.0409],[-74.0466,40.0558],[-74.0556,40.0576],[-74.0845,40.045],[-74.1103,40.0492],[-74.1157,40.0538],[-74.1223,40.0515],[-74.1216,40.0464],[-74.1068,40.0392],[-74.0948,40.0401],[-74.0924,40.0374],[-74.0707,40.0427],[-74.0641,40.0418],[-74.0635,40.0377],[-74.0678,40.0273],[-74.0762,40.0223],[-74.0781,40.0106],[-74.0889,40.0097],[-74.0961,40.0188],[-74.1093,40.0197],[-74.1218,40.0297],[-74.1303,40.027],[-74.1195,40.018],[-74.1255,40.0121],[-74.1243,40.0093],[-74.1021,40.007],[-74.0962,40.002],[-74.098,39.9984],[-74.107,39.9998],[-74.1124,39.9953],[-74.1286,39.9976],[-74.1347,39.989],[-74.1329,39.9854],[-74.1221,39.9817],[-74.1113,39.9866],[-74.1059,39.9839],[-74.1101,39.9758],[-74.1012,39.9671],[-74.1078,39.9567],[-74.1055,39.9508],[-74.1121,39.939],[-74.1193,39.9391],[-74.1283,39.9341],[-74.1463,39.9369],[-74.1601,39.946],[-74.1823,39.9438],[-74.1793,39.9356],[-74.1613,39.9347],[-74.1434,39.9246],[-74.1056,39.925],[-74.1002,39.9222],[-74.1002,39.9191],[-74.1183,39.9073],[-74.1279,39.8937],[-74.1334,39.8811],[-74.1323,39.872],[-74.1347,39.8684],[-74.1527,39.8671],[-74.1527,39.8621],[-74.1311,39.8611],[-74.1239,39.8566],[-74.139,39.8507],[-74.148,39.8317],[-74.1654,39.8259],[-74.1654,39.8227],[-74.1529,39.8213],[-74.1517,39.8172],[-74.1667,39.8127],[-74.1715,39.7938],[-74.1848,39.7837],[-74.1777,39.771],[-74.1867,39.7588],[-74.1868,39.7407],[-74.1617,39.737],[-74.1629,39.7275],[-74.1599,39.7202],[-74.1749,39.7184],[-74.1719,39.7148],[-74.154,39.7102],[-74.1612,39.7021],[-74.1738,39.703],[-74.1756,39.6935],[-74.1852,39.6899],[-74.1912,39.6804],[-74.1817,39.6763],[-74.2032,39.6682],[-74.2104,39.6619],[-74.2104,39.6555],[-74.2158,39.6523],[-74.2206,39.6433],[-74.2481,39.6415],[-74.2499,39.6393],[-74.2464,39.6284],[-74.2553,39.6279],[-74.2553,39.623],[-74.2619,39.6157],[-74.2584,39.6067],[-74.2608,39.6048],[-74.2703,39.6035],[-74.2763,39.6085],[-74.2833,39.6067],[-74.2841,39.5963],[-74.2924,39.6026],[-74.3038,39.5977],[-74.308,39.5818],[-74.3182,39.5796],[-74.3224,39.5709],[-74.3325,39.575],[-74.3331,39.5623],[-74.3254,39.5574],[-74.3236,39.5505],[-74.295,39.5351],[-74.2968,39.5319],[-74.2938,39.5242],[-74.3046,39.5147],[-74.3046,39.5093],[-74.3183,39.5107],[-74.3249,39.507],[-74.3273,39.5093],[-74.3261,39.5197],[-74.3195,39.522],[-74.3249,39.5274],[-74.3219,39.5329],[-74.3362,39.541],[-74.3445,39.5374],[-74.3541,39.5388],[-74.3546,39.5433],[-74.3612,39.5456],[-74.3648,39.5429],[-74.363,39.5365],[-74.3951,39.5379],[-74.3976,39.5488],[-74.4119,39.5561],[-74.4161,39.5547],[-74.4083,39.5334],[-74.4131,39.5321],[-74.4137,39.5185],[-74.4036,39.5098],[-74.4042,39.5017],[-74.3995,39.4953],[-74.384,39.484],[-74.381,39.4777],[-74.3846,39.474],[-74.3917,39.4754],[-74.3941,39.4799],[-74.4042,39.4808],[-74.4096,39.4758],[-74.4078,39.4727],[-74.4013,39.4722],[-74.3953,39.464],[-74.4055,39.4568],[-74.3942,39.4382],[-74.4073,39.4314],[-74.4204,39.4437],[-74.4221,39.455],[-74.4347,39.4564],[-74.4358,39.46],[-74.4412,39.4604],[-74.4454,39.4473],[-74.4531,39.4478],[-74.4573,39.4423],[-74.4579,39.4269],[-74.4621,39.4206],[-74.4805,39.4138],[-74.4776,39.3921],[-74.4621,39.3984],[-74.4407,39.3965],[-74.4353,39.3938],[-74.4359,39.3866],[-74.424,39.3843],[-74.4246,39.377],[-74.4109,39.3729],[-74.4068,39.3598],[-74.449,39.3385],[-74.48,39.3295],[-74.5198,39.3036],[-74.5305,39.3027],[-74.5293,39.31],[-74.5192,39.3227],[-74.5174,39.3331],[-74.4954,39.3449],[-74.4942,39.3485],[-74.5002,39.3512],[-74.4871,39.3598],[-74.4883,39.3716],[-74.5097,39.3743],[-74.5198,39.3707],[-74.5234,39.3526],[-74.5323,39.3453],[-74.5329,39.3363],[-74.5537,39.3399],[-74.5621,39.3263],[-74.5561,39.314],[-74.5674,39.3041],[-74.6019,39.3081],[-74.6191,39.3036],[-74.6316,39.3099],[-74.6387,39.3035],[-74.6548,39.3099],[-74.6613,39.3049],[-74.6512,39.2958],[-74.6595,39.2877],[-74.6226,39.2818],[-74.6214,39.2777],[-74.6285,39.2555],[-74.6066,39.2682],[-74.606,39.2737],[-74.6096,39.2786],[-74.6036,39.2841],[-74.5923,39.2791],[-74.5703,39.2914],[-74.5585,39.2936],[-74.5519,39.2859],[-74.5561,39.2737],[-74.584,39.2655],[-74.5953,39.2583],[-74.6101,39.2437],[-74.6225,39.2215],[-74.6332,39.2143],[-74.6534,39.212],[-74.6563,39.2029],[-74.6647,39.2011],[-74.6522,39.1956],[-74.6528,39.1907],[-74.6723,39.1707],[-74.69,39.1421],[-74.7001,39.1371],[-74.7066,39.1235],[-74.7149,39.1199],[-74.7178,39.1226],[-74.7149,39.1416],[-74.7238,39.1375],[-74.7273,39.123],[-74.7422,39.1216],[-74.7463,39.118],[-74.7303,39.1158],[-74.732,39.1049],[-74.7089,39.1095],[-74.7065,39.0995],[-74.7231,39.0822],[-74.7478,39.0468],[-74.7673,39.0309],[-74.7744,39.0268],[-74.7757,39.0441],[-74.7692,39.0558],[-74.7568,39.06],[-74.7526,39.0645],[-74.7616,39.078],[-74.7575,39.0899],[-74.7599,39.1026],[-74.7652,39.1057],[-74.7895,39.1011],[-74.7918,39.0912],[-74.7841,39.0817],[-74.7752,39.0871],[-74.7669,39.0667],[-74.7686,39.0608],[-74.781,39.0499],[-74.7881,39.0322],[-74.8005,39.0281],[-74.7945,39.0159],[-74.7874,39.0096],[-74.7862,39.0032],[-74.7991,38.9892],[-74.8393,38.9614],[-74.8635,38.9468],[-74.867,38.9495],[-74.8653,38.96],[-74.8683,38.9708],[-74.8482,38.9732],[-74.8411,38.9827],[-74.85,38.9877],[-74.8619,38.9835],[-74.8719,38.9871],[-74.8761,38.9853],[-74.8719,38.9781],[-74.8725,38.9726],[-74.8896,38.9726],[-74.8878,38.9671],[-74.8772,38.9645],[-74.8759,38.9572],[-74.9031,38.954],[-74.9073,38.9485],[-74.9031,38.9463],[-74.8747,38.95],[-74.8735,38.9463],[-74.8782,38.9422],[-74.9456,38.9262],[-74.974,38.9283],[-74.9699,38.9356],[-74.9759,38.9437],[-74.9753,38.9478],[-74.9688,38.9505],[-74.9671,38.9546],[-74.9666,38.9814],[-74.9532,39.0059],[-74.9456,39.0295],[-74.9232,39.0491],[-74.9133,39.0772],[-74.8904,39.114],[-74.8935,39.1489],[-74.9113,39.1689],[-74.9305,39.1728],[-74.9656,39.1863],[-74.9946,39.1834],[-75.0071,39.1861],[-75.0285,39.1846],[-75.0333,39.1878],[-75.0327,39.1914],[-75.0268,39.1951],[-75.034,39.205],[-75.0328,39.2082],[-75.0406,39.2122],[-75.0489,39.2113],[-75.0524,39.2054],[-75.0737,39.203],[-75.1011,39.2052],[-75.1188,39.1992],[-75.1252,39.181],[-75.1412,39.1764],[-75.1591,39.1931],[-75.1734,39.1971],[-75.1735,39.2025],[-75.1652,39.2044],[-75.1646,39.208],[-75.1718,39.2121],[-75.1666,39.2234],[-75.1672,39.2298],[-75.1756,39.2401],[-75.1881,39.2437],[-75.1982,39.24],[-75.2007,39.2527],[-75.2431,39.2697],[-75.2479,39.2746],[-75.239,39.2801],[-75.239,39.2851],[-75.2539,39.2887],[-75.2558,39.2963],[-75.2778,39.2962],[-75.2896,39.2839],[-75.3165,39.2991],[-75.3195,39.3041],[-75.3178,39.3114],[-75.3287,39.3258],[-75.3336,39.3416],[-75.3521,39.3451],[-75.3591,39.336],[-75.3657,39.336],[-75.3921,39.3548],[-75.3995,39.3792],[-75.4055,39.3824],[-75.405,39.3905],[-75.4234,39.3854],[-75.4306,39.3885],[-75.4354,39.3949],[-75.4534,39.406],[-75.4638,39.4232],[-75.4873,39.4416],[-75.5137,39.4559],[-75.5333,39.4548],[-75.5586,39.4421],[-75.5539,39.4316],[-75.5437,39.4276],[-75.5384,39.4217],[-75.5366,39.4131],[-75.5264,39.4067],[-75.5241,39.4008],[-75.5425,39.3972],[-75.5235,39.3931],[-75.5133,39.38],[-75.5169,39.37],[-75.5145,39.3655],[-75.5056,39.365],[-75.4961,39.355],[-75.4943,39.3505],[-75.5032,39.3505],[-75.5008,39.3442],[-75.5044,39.3369],[-75.4943,39.3365],[-75.4842,39.3288],[-75.4848,39.3414],[-75.4818,39.3414],[-75.4741,39.336],[-75.4634,39.3342],[-75.4533,39.3215],[-75.4402,39.3174],[-75.4265,39.2861],[-75.4022,39.2576],[-75.4028,39.248],[-75.3945,39.2358],[-75.4034,39.2267],[-75.4028,39.2231],[-75.3939,39.2177],[-75.3904,39.2072],[-75.4118,39.1551],[-75.4071,39.1311],[-75.3988,39.1189],[-75.4018,39.1143],[-75.3982,39.1089],[-75.4006,39.0939],[-75.3971,39.0713],[-75.3894,39.0622],[-75.3586,39.0458],[-75.3385,39.03],[-75.3244,39.0127],[-75.3244,38.9987],[-75.3055,38.9805],[-75.302,38.9719],[-75.3014,38.9664],[-75.3115,38.9375],[-75.3039,38.9189],[-75.2537,38.883],[-75.2279,38.843],[-75.2208,38.8416],[-75.1908,38.8089],[-75.1802,38.8066],[-75.146,38.788],[-75.1277,38.7838],[-75.1112,38.7879],[-75.0982,38.7842],[-75.0899,38.8028],[-75.081,38.7964],[-75.077,38.7805],[-75.0744,38.7229],[-75.0617,38.6712],[-75.0636,38.6554],[-75.0596,38.6295],[-75.0643,38.6245],[-75.0785,38.6228],[-75.0779,38.6269],[-75.0702,38.6286],[-75.0708,38.6323],[-75.0784,38.6337],[-75.0802,38.6382],[-75.0789,38.6518],[-75.0736,38.6599],[-75.0758,38.6876],[-75.0822,38.6958],[-75.0893,38.6962],[-75.087,38.6899],[-75.0905,38.6876],[-75.1005,38.6936],[-75.1094,38.69],[-75.1176,38.695],[-75.12,38.6877],[-75.1329,38.6896],[-75.1341,38.6964],[-75.1453,38.6937],[-75.1471,38.6905],[-75.1312,38.6819],[-75.1301,38.6656],[-75.1213,38.6587],[-75.1254,38.6565],[-75.122,38.6469],[-75.1331,38.6488],[-75.1343,38.6597],[-75.1484,38.657],[-75.1672,38.6647],[-75.1725,38.6702],[-75.1784,38.6693],[-75.1737,38.6634],[-75.1779,38.6571],[-75.1479,38.652],[-75.1473,38.647],[-75.1408,38.6438],[-75.1432,38.6398],[-75.1409,38.6375],[-75.1338,38.6393],[-75.1232,38.6361],[-75.1226,38.6311],[-75.1114,38.6369],[-75.102,38.6351],[-75.0885,38.6255],[-75.1026,38.6256],[-75.1003,38.6197],[-75.1091,38.6211],[-75.1127,38.6165],[-75.1245,38.6193],[-75.1456,38.6135],[-75.1539,38.6176],[-75.1581,38.6117],[-75.1575,38.6058],[-75.1687,38.6067],[-75.1711,38.5972],[-75.1746,38.5963],[-75.1888,38.5946],[-75.2023,38.5969],[-75.2265,38.5928],[-75.2524,38.5952],[-75.2624,38.5925],[-75.2794,38.5961],[-75.2783,38.5893],[-75.2659,38.5861],[-75.2619,38.5821],[-75.253,38.5879],[-75.2418,38.5861],[-75.2194,38.5901],[-75.2135,38.5846],[-75.1947,38.5846],[-75.1859,38.5882],[-75.1818,38.5764],[-75.1883,38.5733],[-75.1977,38.5742],[-75.2024,38.5674],[-75.1983,38.5638],[-75.2013,38.5484],[-75.2007,38.5438],[-75.1972,38.5425],[-75.1931,38.547],[-75.1895,38.5647],[-75.1789,38.5678],[-75.1724,38.5768],[-75.1565,38.5786],[-75.1517,38.5813],[-75.1482,38.589],[-75.1369,38.5944],[-75.114,38.5948],[-75.1105,38.5921],[-75.1141,38.5812],[-75.1123,38.578],[-75.1017,38.5803],[-75.1047,38.5694],[-75.0971,38.5685],[-75.093,38.5589],[-75.09,38.5594],[-75.0893,38.5779],[-75.0834,38.582],[-75.0834,38.5879],[-75.0675,38.5842],[-75.0686,38.6033],[-75.0739,38.611],[-75.0573,38.6177],[-75.0512,38.552],[-75.0461,38.5338],[-75.047,38.4844],[-75.0424,38.4622],[-75.0516,38.4082],[-75.0575,38.3897],[-75.0682,38.3687],[-75.079,38.3262],[-75.0873,38.3232],[-75.09,38.3301],[-75.088,38.3387],[-75.0762,38.3765],[-75.0688,38.385],[-75.0738,38.3955],[-75.0666,38.3999],[-75.0669,38.4085],[-75.0606,38.422],[-75.0605,38.4419],[-75.0689,38.4514],[-75.0771,38.4542],[-75.087,38.4655],[-75.0923,38.4674],[-75.09,38.4574],[-75.092,38.4494],[-75.1285,38.4483],[-75.1199,38.4413],[-75.12,38.4381],[-75.1271,38.4342],[-75.1255,38.4314],[-75.1119,38.4343],[-75.108,38.427],[-75.1033,38.4256],[-75.1035,38.421],[-75.092,38.4126],[-75.0991,38.411],[-75.0978,38.396],[-75.1014,38.3947],[-75.1108,38.3962],[-75.1111,38.4039],[-75.1157,38.4059],[-75.1264,38.4042],[-75.1313,38.4134],[-75.1361,38.4117],[-75.1448,38.4164],[-75.1578,38.413],[-75.1826,38.428],[-75.1919,38.43],[-75.1921,38.4259],[-75.1806,38.4153],[-75.1971,38.4142],[-75.1985,38.4088],[-75.1939,38.4042],[-75.1726,38.4092],[-75.1562,38.4071],[-75.1342,38.3976],[-75.1268,38.3897],[-75.1308,38.3753],[-75.1453,38.3815],[-75.1483,38.3793],[-75.1445,38.3692],[-75.1286,38.3712],[-75.1312,38.3631],[-75.1648,38.3583],[-75.1644,38.3528],[-75.1493,38.3485],[-75.1345,38.3527],[-75.1288,38.3454],[-75.1256,38.3483],[-75.1267,38.3571],[-75.1115,38.3568],[-75.0964,38.3502],[-75.0997,38.3389],[-75.0989,38.3284],[-75.1269,38.2963],[-75.1341,38.2924],[-75.1346,38.2761],[-75.1509,38.2619],[-75.1477,38.2523],[-75.1724,38.2315],[-75.1858,38.2322],[-75.1912,38.2114],[-75.1948,38.2088],[-75.2021,38.218],[-75.1969,38.2333],[-75.2032,38.238],[-75.1977,38.2456],[-75.1797,38.2588],[-75.1788,38.2688],[-75.1852,38.2707],[-75.1866,38.263],[-75.1962,38.2587],[-75.1981,38.2685],[-75.2033,38.272],[-75.2064,38.2679],[-75.2022,38.2529],[-75.2259,38.2447],[-75.2266,38.2388],[-75.2436,38.2392],[-75.2467,38.2351],[-75.2342,38.2236],[-75.247,38.2238],[-75.2495,38.2184],[-75.248,38.2111],[-75.2562,38.2104],[-75.2566,38.1986],[-75.2498,38.1917],[-75.2609,38.191],[-75.2605,38.1873],[-75.2547,38.1854],[-75.2661,38.1756],[-75.2604,38.1683],[-75.2772,38.155],[-75.285,38.1306],[-75.294,38.1245],[-75.2932,38.1104],[-75.2898,38.1063],[-75.2935,38.1009],[-75.3027,38.1051],[-75.3007,38.1137],[-75.3143,38.1103],[-75.3174,38.1045],[-75.3227,38.1046],[-75.3248,38.1105],[-75.3347,38.1125],[-75.335,38.1025],[-75.34,38.0913],[-75.3499,38.0919],[-75.3638,38.0777],[-75.3743,38.0792],[-75.3756,38.0738],[-75.3564,38.0689],[-75.3555,38.0621],[-75.3642,38.0427],[-75.3575,38.0331],[-75.3663,38.0324],[-75.3754,38.0393],[-75.3801,38.0208],[-75.3714,38.0154],[-75.3716,38.0122],[-75.3905,38.0083],[-75.4035,37.996],[-75.4004,37.9877],[-75.4276,37.9923],[-75.4329,37.9598],[-75.4303,37.9547],[-75.4216,37.954],[-75.4216,37.9431],[-75.4276,37.9392],[-75.4363,37.9408],[-75.4458,37.938],[-75.4473,37.9321],[-75.4412,37.9156],[-75.4486,37.8977],[-75.4627,37.8855],[-75.4763,37.8823],[-75.4772,37.8878],[-75.4697,37.8957],[-75.4644,37.9082],[-75.4516,37.9173],[-75.4601,37.9217],[-75.4726,37.918],[-75.4993,37.8781],[-75.4979,37.8721],[-75.4718,37.8694],[-75.4951,37.848],[-75.4984,37.8408],[-75.4972,37.8526],[-75.507,37.8547],[-75.5118,37.8517],[-75.5144,37.8468],[-75.5099,37.8435],[-75.5112,37.8304],[-75.5213,37.828],[-75.5335,37.8166],[-75.5375,37.7963],[-75.5342,37.7817],[-75.5389,37.7714],[-75.5414,37.7678],[-75.5519,37.7673],[-75.5519,37.7781],[-75.5558,37.7824],[-75.5593,37.7811],[-75.5789,37.7418],[-75.5875,37.733],[-75.5982,37.7284],[-75.6049,37.7127],[-75.6173,37.6972],[-75.6164,37.694],[-75.5963,37.687],[-75.5893,37.6773],[-75.6027,37.6664],[-75.62,37.6692],[-75.6275,37.6581],[-75.6379,37.6598],[-75.6451,37.6564],[-75.6579,37.6332],[-75.6714,37.6196],[-75.6654,37.6117],[-75.6753,37.6007],[-75.6892,37.6006],[-75.6991,37.5896],[-75.7012,37.5824],[-75.6946,37.5754],[-75.6751,37.5716],[-75.6465,37.573],[-75.6501,37.5599],[-75.6571,37.5592],[-75.6602,37.5666],[-75.6648,37.5676],[-75.6789,37.5649],[-75.6814,37.5614],[-75.6731,37.5425],[-75.6899,37.5435],[-75.711,37.5627],[-75.7299,37.5565],[-75.7523,37.5242],[-75.756,37.5106],[-75.7363,37.5104],[-75.7383,37.5041],[-75.7291,37.5025],[-75.7202,37.4954],[-75.7049,37.4999],[-75.7052,37.4936],[-75.7213,37.4855],[-75.7339,37.489],[-75.7443,37.4776],[-75.747,37.4813],[-75.7465,37.4926],[-75.7723,37.4975],[-75.7862,37.4866],[-75.7975,37.4824],[-75.8013,37.4761],[-75.8095,37.475],[-75.8245,37.4528],[-75.8223,37.45],[-75.8125,37.4493],[-75.82,37.4264],[-75.8108,37.4243],[-75.8025,37.4163],[-75.7911,37.4123],[-75.7902,37.4082],[-75.7974,37.4025],[-75.8067,37.4015],[-75.825,37.4075],[-75.8221,37.4187],[-75.8355,37.4173],[-75.8563,37.3952],[-75.868,37.3924],[-75.8693,37.3784],[-75.8881,37.3622],[-75.8971,37.3674],[-75.903,37.3531],[-75.8967,37.3511],[-75.9096,37.3365],[-75.9072,37.3251],[-75.9204,37.3042],[-75.9219,37.2965],[-75.9146,37.2917],[-75.9304,37.2532],[-75.9307,37.2473],[-75.9247,37.2394],[-75.9248,37.2258],[-75.9173,37.212],[-75.9204,37.208],[-75.9305,37.2142],[-75.9307,37.1992],[-75.9376,37.1863],[-75.9384,37.1577],[-75.9311,37.1425],[-75.954,37.1223]]],[[[-75.9181,37.1122],[-75.9249,37.1142],[-75.9135,37.1229],[-75.9095,37.1351],[-75.8927,37.1355],[-75.8753,37.149],[-75.8677,37.1502],[-75.8674,37.1443],[-75.8905,37.1218],[-75.9047,37.1141],[-75.9181,37.1122]]],[[[-75.9702,37.0956],[-75.9822,37.1],[-75.9825,37.1046],[-75.9771,37.1094],[-75.9713,37.1092],[-75.9585,37.0993],[-75.9587,37.0961],[-75.9702,37.0956]]],[[[-75.959,36.6883],[-75.9635,36.6902],[-75.9599,36.7042],[-75.9407,36.6982],[-75.9541,36.6949],[-75.959,36.6883]]],[[[-75.9576,36.6687],[-75.9625,36.6734],[-75.9513,36.6812],[-75.9576,36.6687]]],[[[-75.9327,36.6367],[-75.9434,36.6411],[-75.9512,36.6581],[-75.9509,36.6649],[-75.9486,36.6653],[-75.9455,36.6579],[-75.9409,36.6573],[-75.9442,36.6733],[-75.9387,36.679],[-75.9378,36.6858],[-75.9287,36.6719],[-75.9244,36.6555],[-75.9245,36.6523],[-75.9367,36.6486],[-75.9313,36.6421],[-75.9327,36.6367]]],[[[-75.9691,36.5592],[-75.9764,36.5622],[-75.9792,36.5745],[-75.9768,36.5781],[-75.9548,36.5829],[-75.9543,36.5797],[-75.959,36.5771],[-75.9691,36.5592]]],[[[-76.0145,36.536],[-76.0195,36.5403],[-76.0169,36.5456],[-76.0114,36.5414],[-76.0145,36.536]]],[[[-75.8794,36.5237],[-75.8856,36.5253],[-75.8899,36.5305],[-75.8891,36.5345],[-75.8822,36.5347],[-75.8774,36.5278],[-75.8794,36.5237]]],[[[-75.8962,36.5193],[-75.9034,36.5237],[-75.9,36.534],[-75.8961,36.5325],[-75.8962,36.5193]]],[[[-75.8885,36.5145],[-75.8905,36.5191],[-75.8857,36.5226],[-75.8832,36.5171],[-75.8885,36.5145]]],[[[-76.0591,36.5062],[-76.07,36.517],[-76.0665,36.5182],[-76.0549,36.5101],[-76.0422,36.512],[-76.0407,36.5065],[-76.0591,36.5062]]],[[[-75.8976,36.4626],[-75.8998,36.4632],[-75.899,36.4681],[-75.8943,36.4702],[-75.8976,36.4626]]],[[[-75.8886,36.4591],[-75.8918,36.4633],[-75.8866,36.4641],[-75.8886,36.4591]]],[[[-75.8766,36.4587],[-75.8751,36.465],[-75.8713,36.4608],[-75.8766,36.4587]]],[[[-75.8575,36.4104],[-75.8595,36.415],[-75.8538,36.4148],[-75.8523,36.4116],[-75.8575,36.4104]]],[[[-75.8695,36.4008],[-75.8751,36.4028],[-75.8744,36.4051],[-75.8681,36.4053],[-75.8695,36.4008]]],[[[-75.9597,36.3944],[-75.9664,36.3973],[-75.9627,36.4017],[-75.9581,36.4016],[-75.9573,36.3952],[-75.9597,36.3944]]],[[[-75.863,36.3829],[-75.8664,36.3835],[-75.8638,36.3888],[-75.8584,36.3841],[-75.863,36.3829]]],[[[-75.841,36.3054],[-75.8444,36.3055],[-75.8503,36.3135],[-75.8519,36.3253],[-75.8477,36.3284],[-75.8403,36.3277],[-75.8388,36.3249],[-75.8443,36.3187],[-75.8332,36.3124],[-75.8358,36.3066],[-75.841,36.3054]]],[[[-75.8565,36.2928],[-75.8615,36.2961],[-75.8601,36.3006],[-75.8527,36.2999],[-75.8517,36.2967],[-75.8565,36.2928]]],[[[-75.8367,36.2903],[-75.8388,36.2926],[-75.8364,36.2957],[-75.8308,36.2942],[-75.8367,36.2903]]],[[[-75.8465,36.2784],[-75.8439,36.2833],[-75.8406,36.2814],[-75.8465,36.2784]]],[[[-76.6816,36.2768],[-76.6914,36.287],[-76.6899,36.2947],[-76.6829,36.285],[-76.6816,36.2768]]],[[[-75.8555,36.2705],[-75.8661,36.2745],[-75.8663,36.2822],[-75.854,36.2768],[-75.8531,36.2713],[-75.8555,36.2705]]],[[[-75.8662,36.2627],[-75.8695,36.2642],[-75.8688,36.2669],[-75.8625,36.2676],[-75.8662,36.2627]]],[[[-75.8548,36.2519],[-75.8586,36.2561],[-75.8609,36.2548],[-75.8612,36.2594],[-75.851,36.2577],[-75.8501,36.254],[-75.8548,36.2519]]],[[[-75.8093,36.238],[-75.8127,36.2391],[-75.8125,36.2427],[-75.8061,36.2447],[-75.8041,36.2397],[-75.8093,36.238]]],[[[-75.8314,36.1898],[-75.8359,36.1899],[-75.8363,36.204],[-75.8414,36.2142],[-75.8375,36.2136],[-75.8333,36.2071],[-75.8314,36.1898]]],[[[-75.7077,36.0369],[-75.7112,36.0443],[-75.7029,36.0399],[-75.7077,36.0369]]],[[[-75.735,36.0361],[-75.7418,36.0381],[-75.741,36.0422],[-75.7325,36.0405],[-75.731,36.0377],[-75.735,36.0361]]],[[[-75.7019,36.0281],[-75.7104,36.0288],[-75.7068,36.0319],[-75.7019,36.0281]]],[[[-75.6999,35.9935],[-75.7102,36.0016],[-75.7294,36.0041],[-75.731,36.0073],[-75.728,36.0104],[-75.7259,36.0262],[-75.7213,36.0274],[-75.7097,36.0211],[-75.7069,36.0096],[-75.7014,36.0058],[-75.7004,36.0149],[-75.6963,36.0161],[-75.6924,36.0246],[-75.6897,36.0226],[-75.6891,36.0122],[-75.6922,36.0078],[-75.689,36.004],[-75.6894,35.9967],[-75.6968,35.997],[-75.6999,35.9935]]],[[[-75.922,35.9368],[-75.9481,35.9595],[-75.9213,35.9713],[-75.8994,35.9769],[-75.896,35.9763],[-75.897,35.9682],[-75.8862,35.9687],[-75.881,35.9704],[-75.8823,35.9768],[-75.8708,35.9791],[-75.8666,35.9731],[-75.869,35.96],[-75.9024,35.9534],[-75.908,35.9441],[-75.922,35.9368]]],[[[-75.6208,35.8943],[-75.624,35.8972],[-75.6209,35.9016],[-75.6149,35.8978],[-75.6208,35.8943]]],[[[-75.6093,35.8862],[-75.6137,35.8886],[-75.6119,35.8908],[-75.608,35.8902],[-75.6093,35.8862]]],[[[-75.6087,35.8771],[-75.6136,35.8804],[-75.6117,35.8849],[-75.606,35.8847],[-75.6087,35.8771]]],[[[-75.6695,35.8284],[-75.6729,35.8286],[-75.6732,35.8322],[-75.6702,35.8362],[-75.6652,35.8333],[-75.6695,35.8284]]],[[[-75.655,35.8229],[-75.661,35.8272],[-75.6553,35.827],[-75.655,35.8229]]],[[[-75.6156,35.8178],[-75.6261,35.8223],[-75.6436,35.8234],[-75.6534,35.8306],[-75.6621,35.8486],[-75.6611,35.8663],[-75.6998,35.904],[-75.7,35.9108],[-75.7125,35.9213],[-75.7225,35.9248],[-75.7253,35.9367],[-75.7143,35.9395],[-75.6968,35.9375],[-75.6613,35.9208],[-75.6691,35.9043],[-75.6643,35.8996],[-75.652,35.9046],[-75.6472,35.9098],[-75.6153,35.8614],[-75.6135,35.8532],[-75.6175,35.8524],[-75.6311,35.8643],[-75.6341,35.8712],[-75.6408,35.8724],[-75.6433,35.8693],[-75.6207,35.8475],[-75.6126,35.82],[-75.6156,35.8178]]],[[[-75.6493,35.8136],[-75.6445,35.8175],[-75.6396,35.8142],[-75.6493,35.8136]]],[[[-75.6205,35.8112],[-75.6306,35.8129],[-75.631,35.8157],[-75.623,35.8167],[-75.6197,35.8153],[-75.6205,35.8112]]],[[[-75.5985,35.799],[-75.6022,35.8028],[-75.5958,35.8058],[-75.5939,35.8002],[-75.5985,35.799]]],[[[-75.5645,35.7869],[-75.5677,35.7906],[-75.5616,35.7886],[-75.5645,35.7869]]],[[[-75.8482,35.5714],[-75.8531,35.5757],[-75.8462,35.5763],[-75.8482,35.5714]]],[[[-75.4887,35.5442],[-75.4902,35.5474],[-75.4834,35.548],[-75.4887,35.5442]]],[[[-75.5265,35.4693],[-75.5293,35.4698],[-75.5296,35.4739],[-75.5266,35.4765],[-75.5228,35.4746],[-75.5265,35.4693]]],[[[-76.0712,35.3946],[-76.0763,35.3957],[-76.0755,35.3988],[-76.0682,35.3986],[-76.0712,35.3946]]],[[[-76.061,35.3638],[-76.0658,35.3676],[-76.0634,35.3712],[-76.0601,35.3706],[-76.061,35.3638]]],[[[-76.6459,35.3574],[-76.6621,35.3596],[-76.6524,35.3621],[-76.6435,35.36],[-76.6459,35.3574]]],[[[-76.6184,35.3416],[-76.6243,35.3477],[-76.6154,35.3451],[-76.6144,35.3428],[-76.6184,35.3416]]],[[[-76.4108,35.3404],[-76.4185,35.3461],[-76.4177,35.3493],[-76.4109,35.35],[-76.4079,35.3435],[-76.4108,35.3404]]],[[[-76.3757,35.3326],[-76.3808,35.3423],[-76.3768,35.3435],[-76.3719,35.3406],[-76.3654,35.3459],[-76.3548,35.3433],[-76.3513,35.3463],[-76.3498,35.3427],[-76.344,35.3452],[-76.3408,35.3428],[-76.3465,35.3398],[-76.3634,35.3404],[-76.3732,35.3366],[-76.3757,35.3326]]],[[[-76.5403,35.3212],[-76.5475,35.325],[-76.535,35.3255],[-76.5403,35.3212]]],[[[-76.2691,35.3092],[-76.2846,35.3147],[-76.2796,35.3237],[-76.2833,35.3306],[-76.2737,35.3303],[-76.2677,35.3246],[-76.2615,35.3136],[-76.2691,35.3092]]],[[[-75.6268,35.3058],[-75.6294,35.3095],[-75.621,35.3088],[-75.6268,35.3058]]],[[[-75.6557,35.3042],[-75.6578,35.3065],[-75.651,35.3072],[-75.6557,35.3042]]],[[[-75.6352,35.297],[-75.6385,35.2999],[-75.6367,35.3012],[-75.6301,35.2982],[-75.6352,35.297]]],[[[-75.6674,35.2964],[-75.6712,35.3002],[-75.6672,35.3009],[-75.6645,35.2981],[-75.6674,35.2964]]],[[[-75.6545,35.2955],[-75.6588,35.2984],[-75.6571,35.3001],[-75.6504,35.299],[-75.6545,35.2955]]],[[[-75.6828,35.2938],[-75.6856,35.2943],[-75.6858,35.3003],[-75.6786,35.2977],[-75.6828,35.2938]]],[[[-75.5338,35.2755],[-75.5363,35.2811],[-75.5306,35.2831],[-75.5338,35.2755]]],[[[-75.6078,35.2638],[-75.6099,35.2666],[-75.6014,35.2672],[-75.6078,35.2638]]],[[[-76.4356,35.1972],[-76.4432,35.2015],[-76.4402,35.2055],[-76.4313,35.2043],[-76.4292,35.1997],[-76.4356,35.1972]]],[[[-75.7392,35.1927],[-75.7502,35.1976],[-75.7472,35.2012],[-75.7419,35.2046],[-75.7347,35.2016],[-75.7323,35.2043],[-75.7251,35.2026],[-75.7142,35.2059],[-75.7004,35.2217],[-75.6971,35.2207],[-75.6943,35.2292],[-75.6849,35.2357],[-75.6815,35.2269],[-75.6739,35.2217],[-75.6347,35.2366],[-75.62,35.2483],[-75.5985,35.2589],[-75.5969,35.267],[-75.5934,35.2687],[-75.5801,35.2645],[-75.5335,35.2719],[-75.5255,35.2834],[-75.5179,35.3158],[-75.5174,35.3535],[-75.5052,35.3694],[-75.4996,35.3887],[-75.4997,35.4055],[-75.4849,35.5031],[-75.4881,35.5064],[-75.4841,35.5172],[-75.4876,35.5241],[-75.4831,35.533],[-75.4797,35.5334],[-75.4717,35.5817],[-75.4734,35.6208],[-75.4902,35.6614],[-75.4908,35.6705],[-75.4867,35.6826],[-75.4965,35.6903],[-75.5047,35.686],[-75.5095,35.6899],[-75.5003,35.7013],[-75.5084,35.7089],[-75.5084,35.7194],[-75.5191,35.7397],[-75.5188,35.7534],[-75.5238,35.7563],[-75.5235,35.7617],[-75.5354,35.7803],[-75.5245,35.7822],[-75.5078,35.7579],[-75.4846,35.7089],[-75.4602,35.6044],[-75.4595,35.5876],[-75.4626,35.5545],[-75.4753,35.5024],[-75.4874,35.3942],[-75.4968,35.3682],[-75.5054,35.3185],[-75.5263,35.2312],[-75.5383,35.2284],[-75.5683,35.2355],[-75.587,35.2343],[-75.6474,35.2221],[-75.7392,35.1927]]],[[[-75.8112,35.1835],[-75.8166,35.1877],[-75.8119,35.1921],[-75.8086,35.1893],[-75.8112,35.1835]]],[[[-75.8238,35.1789],[-75.8278,35.1795],[-75.8298,35.1841],[-75.823,35.1848],[-75.8208,35.1824],[-75.8238,35.1789]]],[[[-75.8427,35.1741],[-75.8418,35.18],[-75.8362,35.1789],[-75.8382,35.1744],[-75.8427,35.1741]]],[[[-76.0729,35.1098],[-76.0767,35.1126],[-76.0754,35.1162],[-76.0675,35.1155],[-76.0677,35.1119],[-76.0729,35.1098]]],[[[-76.0781,35.1059],[-76.0841,35.1097],[-76.0773,35.1113],[-76.0781,35.1059]]],[[[-76.0647,35.1041],[-76.0686,35.1055],[-76.0673,35.1091],[-76.0617,35.1076],[-76.0647,35.1041]]],[[[-76.056,35.0879],[-76.0633,35.0881],[-76.0642,35.0922],[-76.0568,35.0938],[-76.0542,35.091],[-76.056,35.0879]]],[[[-76.4283,35.0752],[-76.4297,35.0821],[-76.4242,35.0787],[-76.4283,35.0752]]],[[[-76.0091,35.0704],[-76.0191,35.0725],[-76.0011,35.0833],[-75.9909,35.0966],[-75.9921,35.117],[-75.9879,35.1215],[-75.9828,35.1226],[-75.9713,35.1168],[-75.9456,35.1241],[-75.8567,35.1655],[-75.811,35.1766],[-75.7616,35.1953],[-75.77,35.1847],[-75.7833,35.1788],[-75.8458,35.1583],[-75.938,35.1175],[-75.9722,35.0991],[-76.0046,35.0711],[-76.0091,35.0704]]],[[[-76.4289,35.0625],[-76.4345,35.0627],[-76.4387,35.0687],[-76.4259,35.0661],[-76.4289,35.0625]]],[[[-76.4105,35.0592],[-76.4131,35.0625],[-76.4098,35.0624],[-76.4105,35.0592]]],[[[-76.4006,35.0535],[-76.4062,35.055],[-76.4049,35.0582],[-76.3987,35.0584],[-76.4006,35.0535]]],[[[-76.3528,35.032],[-76.3661,35.0361],[-76.358,35.0394],[-76.3469,35.0377],[-76.3528,35.032]]],[[[-76.116,35.0126],[-76.1198,35.0155],[-76.116,35.0262],[-76.11,35.0315],[-76.1109,35.0356],[-76.0897,35.0472],[-76.0885,35.0576],[-76.0831,35.0647],[-76.0762,35.0658],[-76.0759,35.0726],[-76.0707,35.0747],[-76.059,35.0725],[-76.0516,35.0759],[-76.0434,35.0706],[-76.0294,35.0697],[-76.0297,35.0643],[-76.0695,35.0442],[-76.0784,35.0354],[-76.116,35.0126]]],[[[-76.1265,35.0052],[-76.1257,35.0102],[-76.1213,35.0087],[-76.1265,35.0052]]],[[[-76.1466,34.9968],[-76.1543,35.0002],[-76.1468,35.0045],[-76.1441,35.0013],[-76.1466,34.9968]]],[[[-76.2772,34.9906],[-76.288,35.0004],[-76.284,35.0126],[-76.269,35.0089],[-76.2751,35.0005],[-76.2738,34.9918],[-76.2772,34.9906]]],[[[-76.2016,34.9859],[-76.2083,34.9879],[-76.208,34.9938],[-76.2003,34.9913],[-76.2016,34.9859]]],[[[-76.2326,34.9841],[-76.2363,34.9888],[-76.2307,34.9891],[-76.2326,34.9841]]],[[[-76.149,34.9828],[-76.1545,34.9852],[-76.1515,34.9883],[-76.141,34.9975],[-76.1325,34.9982],[-76.1321,34.995],[-76.149,34.9828]]],[[[-76.2182,34.9805],[-76.2226,34.9816],[-76.2184,34.9869],[-76.2182,34.9805]]],[[[-76.2564,34.9804],[-76.2593,35.0009],[-76.245,34.9954],[-76.2524,34.9807],[-76.2564,34.9804]]],[[[-76.198,34.9798],[-76.1973,34.983],[-76.1911,34.9833],[-76.1907,34.9805],[-76.198,34.9798]]],[[[-76.1818,34.9775],[-76.1788,34.9815],[-76.1762,34.9782],[-76.1818,34.9775]]],[[[-76.2684,34.9753],[-76.2727,34.9804],[-76.2708,34.984],[-76.2598,34.9787],[-76.2684,34.9753]]],[[[-76.2054,34.9555],[-76.2063,34.9592],[-76.2006,34.9618],[-76.1991,34.9581],[-76.2054,34.9555]]],[[[-76.208,34.9361],[-76.2113,34.9371],[-76.2081,34.9452],[-76.1942,34.9538],[-76.1911,34.9601],[-76.1826,34.963],[-76.1648,34.9815],[-76.1571,34.9776],[-76.208,34.9361]]],[[[-76.2778,34.8852],[-76.2816,34.888],[-76.2673,34.8953],[-76.2642,34.9011],[-76.252,34.9084],[-76.2476,34.9187],[-76.2409,34.9181],[-76.2246,34.9307],[-76.2213,34.9288],[-76.2238,34.9239],[-76.2565,34.8981],[-76.2778,34.8852]]],[[[-76.3644,34.8224],[-76.3688,34.8226],[-76.3674,34.8293],[-76.3618,34.8283],[-76.3644,34.8224]]],[[[-76.4212,34.7806],[-76.4238,34.7843],[-76.4221,34.786],[-76.4193,34.785],[-76.4212,34.7806]]],[[[-76.4172,34.7695],[-76.4175,34.7773],[-76.4088,34.7824],[-76.4068,34.7778],[-76.4172,34.7695]]],[[[-76.4897,34.7526],[-76.494,34.7559],[-76.49,34.759],[-76.4846,34.7548],[-76.4897,34.7526]]],[[[-76.4461,34.7504],[-76.447,34.755],[-76.4431,34.7558],[-76.4427,34.7517],[-76.4461,34.7504]]],[[[-76.6975,34.7496],[-76.7014,34.7502],[-76.7013,34.7529],[-76.6968,34.7537],[-76.6975,34.7496]]],[[[-76.6799,34.7427],[-76.6826,34.7455],[-76.6808,34.7482],[-76.6775,34.7458],[-76.6799,34.7427]]],[[[-76.4777,34.7091],[-76.4774,34.7141],[-76.4713,34.7139],[-76.4715,34.7107],[-76.4777,34.7091]]],[[[-76.682,34.7073],[-76.6895,34.7148],[-76.686,34.7175],[-76.6817,34.7128],[-76.682,34.7073]]],[[[-76.5333,34.7039],[-76.5437,34.7092],[-76.5303,34.7093],[-76.526,34.7055],[-76.5333,34.7039]]],[[[-76.5351,34.6899],[-76.5822,34.6981],[-76.5845,34.7091],[-76.5654,34.7126],[-76.5591,34.702],[-76.5542,34.6996],[-76.5303,34.6961],[-76.5299,34.6916],[-76.5351,34.6899]]],[[[-76.5804,34.6758],[-76.5886,34.681],[-76.5819,34.6813],[-76.5804,34.6758]]],[[[-76.565,34.6699],[-76.5677,34.6731],[-76.5625,34.6757],[-76.5609,34.6739],[-76.565,34.6699]]],[[[-77.1261,34.6641],[-77.1316,34.6656],[-77.1309,34.6688],[-77.1261,34.6641]]],[[[-77.1185,34.6567],[-77.115,34.6607],[-77.1117,34.6592],[-77.1118,34.6569],[-77.1185,34.6567]]],[[[-77.1023,34.6422],[-77.1056,34.6445],[-77.1043,34.6472],[-77.0898,34.6619],[-76.8984,34.6946],[-76.8497,34.697],[-76.8184,34.7084],[-76.8129,34.706],[-76.7871,34.7075],[-76.7644,34.7024],[-76.7585,34.7099],[-76.7506,34.712],[-76.7355,34.7107],[-76.7368,34.7066],[-76.7308,34.7028],[-76.7156,34.7051],[-76.7018,34.702],[-76.6916,34.7044],[-76.6768,34.6967],[-76.6954,34.6932],[-76.759,34.6972],[-76.9325,34.6819],[-77.0417,34.6625],[-77.1023,34.6422]]],[[[-77.1747,34.6348],[-77.1799,34.6432],[-77.1617,34.6536],[-77.1602,34.6481],[-77.1747,34.6348]]],[[[-76.5344,34.6308],[-76.5455,34.6438],[-76.5657,34.6553],[-76.6124,34.6735],[-76.649,34.6814],[-76.6514,34.6887],[-76.632,34.6868],[-76.5813,34.6681],[-76.5735,34.6692],[-76.5517,34.6549],[-76.5428,34.6542],[-76.5283,34.6415],[-76.5344,34.6308]]],[[[-77.1649,34.6255],[-77.171,34.6266],[-77.1595,34.6358],[-77.1284,34.6474],[-77.1268,34.6446],[-77.1372,34.6358],[-77.1524,34.6325],[-77.1649,34.6255]]],[[[-77.22,34.6005],[-77.2244,34.6038],[-77.2237,34.6074],[-77.2167,34.6145],[-77.1983,34.6154],[-77.1812,34.6227],[-77.1922,34.6125],[-77.22,34.6005]]],[[[-77.2364,34.595],[-77.2374,34.5986],[-77.2324,34.599],[-77.2364,34.595]]],[[[-76.5364,34.584],[-76.5536,34.6136],[-76.5532,34.6223],[-76.5501,34.6158],[-76.5446,34.6134],[-76.538,34.6118],[-76.5328,34.6162],[-76.4995,34.6711],[-76.5033,34.6744],[-76.5025,34.6798],[-76.4931,34.6773],[-76.491,34.6868],[-76.4808,34.6906],[-76.4832,34.6974],[-76.4781,34.7005],[-76.4703,34.6998],[-76.4701,34.7039],[-76.4615,34.7081],[-76.4634,34.715],[-76.4578,34.7162],[-76.4553,34.7234],[-76.442,34.7298],[-76.4398,34.7434],[-76.433,34.7436],[-76.4249,34.7502],[-76.4258,34.7534],[-76.4342,34.7537],[-76.4344,34.7614],[-76.4205,34.7592],[-76.4154,34.7613],[-76.4005,34.7804],[-76.4043,34.7955],[-76.3982,34.7939],[-76.3969,34.7866],[-76.3822,34.7998],[-76.3737,34.815],[-76.3681,34.8153],[-76.3556,34.829],[-76.3436,34.8354],[-76.2956,34.8771],[-76.2888,34.8796],[-76.2856,34.8773],[-76.2903,34.8701],[-76.3733,34.7995],[-76.4482,34.7177],[-76.5171,34.6298],[-76.5303,34.6084],[-76.5364,34.584]]],[[[-77.3502,34.5517],[-77.3534,34.5563],[-77.3462,34.5548],[-77.3502,34.5517]]],[[[-77.351,34.5426],[-77.3554,34.5446],[-77.3548,34.5473],[-77.3493,34.5458],[-77.351,34.5426]]],[[[-77.3344,34.5405],[-77.3399,34.5415],[-77.3409,34.5447],[-77.3348,34.5445],[-77.3344,34.5405]]],[[[-77.3586,34.5351],[-77.3584,34.5396],[-77.3533,34.5404],[-77.3518,34.5377],[-77.3586,34.5351]]],[[[-77.3314,34.5295],[-77.3358,34.5305],[-77.3352,34.5332],[-77.2857,34.5607],[-77.2472,34.5902],[-77.2416,34.5892],[-77.2476,34.5802],[-77.271,34.5663],[-77.2957,34.5464],[-77.3314,34.5295]]],[[[-77.4965,34.4641],[-77.4991,34.4677],[-77.4935,34.4704],[-77.4896,34.468],[-77.4965,34.4641]]],[[[-77.6273,34.3791],[-77.6339,34.3828],[-77.6315,34.3878],[-77.6037,34.4027],[-77.6045,34.3972],[-77.6154,34.3852],[-77.6273,34.3791]]],[[[-77.6416,34.3657],[-77.6466,34.3677],[-77.6447,34.3731],[-77.6364,34.3734],[-77.6383,34.3666],[-77.6416,34.3657]]],[[[-77.6671,34.3531],[-77.6663,34.3599],[-77.6545,34.3646],[-77.6564,34.356],[-77.6671,34.3531]]],[[[-77.6488,34.3504],[-77.6503,34.355],[-77.6025,34.389],[-77.5801,34.4108],[-77.5511,34.4279],[-77.5321,34.4475],[-77.5264,34.4511],[-77.5198,34.4477],[-77.5145,34.459],[-77.5084,34.4557],[-77.5033,34.4601],[-77.4864,34.4648],[-77.4833,34.4742],[-77.4699,34.4758],[-77.467,34.4789],[-77.4685,34.4835],[-77.4572,34.4873],[-77.4506,34.4844],[-77.3845,34.5116],[-77.3674,34.5203],[-77.3593,34.5297],[-77.3469,34.5335],[-77.3408,34.532],[-77.3558,34.5187],[-77.3728,34.5095],[-77.4101,34.4972],[-77.5098,34.4489],[-77.5656,34.4123],[-77.6488,34.3504]]],[[[-77.6734,34.3473],[-77.6788,34.3515],[-77.676,34.3537],[-77.6715,34.3532],[-77.6734,34.3473]]],[[[-77.6664,34.3385],[-77.6668,34.3435],[-77.6612,34.3448],[-77.6614,34.3389],[-77.6664,34.3385]]],[[[-77.6928,34.3318],[-77.6966,34.3327],[-77.6935,34.3427],[-77.6851,34.3471],[-77.6796,34.3438],[-77.6775,34.3396],[-77.681,34.3352],[-77.6928,34.3318]]],[[[-77.7223,34.3105],[-77.7244,34.3165],[-77.7183,34.3159],[-77.7178,34.3123],[-77.7223,34.3105]]],[[[-77.7086,34.3044],[-77.7108,34.3244],[-77.7051,34.327],[-77.6993,34.3183],[-77.6828,34.3302],[-77.6795,34.3288],[-77.7086,34.3044]]],[[[-77.7289,34.2947],[-77.7327,34.2989],[-77.7297,34.3039],[-77.7241,34.3069],[-77.7186,34.3055],[-77.7289,34.2947]]],[[[-77.7522,34.2588],[-77.7542,34.2671],[-77.7603,34.2676],[-77.7539,34.2775],[-77.743,34.2882],[-77.7341,34.2885],[-77.7234,34.2937],[-77.7235,34.2896],[-77.7377,34.2781],[-77.7522,34.2588]]],[[[-77.7623,34.2549],[-77.765,34.2568],[-77.76,34.2599],[-77.7623,34.2549]]],[[[-77.7737,34.2461],[-77.7825,34.2481],[-77.7724,34.2538],[-77.7697,34.2505],[-77.7737,34.2461]]],[[[-77.8081,34.2094],[-77.8141,34.2132],[-77.806,34.2253],[-77.7965,34.2274],[-77.79,34.2387],[-77.7723,34.2397],[-77.7849,34.2231],[-77.7977,34.2211],[-77.8081,34.2094]]],[[[-77.8194,34.2024],[-77.8243,34.2052],[-77.8192,34.2083],[-77.8171,34.2042],[-77.8194,34.2024]]],[[[-77.8208,34.1897],[-77.8264,34.1903],[-77.8274,34.1944],[-77.8206,34.1983],[-77.8179,34.1955],[-77.8208,34.1897]]],[[[-77.8109,34.1886],[-77.8125,34.1904],[-77.8078,34.1994],[-77.7935,34.2146],[-77.7879,34.215],[-77.8047,34.1907],[-77.8109,34.1886]]],[[[-77.8311,34.1822],[-77.8365,34.185],[-77.8309,34.1867],[-77.8311,34.1822]]],[[[-77.9389,34.1164],[-77.9465,34.1224],[-77.9441,34.1278],[-77.9382,34.1209],[-77.9389,34.1164]]],[[[-77.8673,34.1155],[-77.8705,34.1206],[-77.8639,34.1209],[-77.8673,34.1155]]],[[[-77.8718,34.0756],[-77.875,34.0793],[-77.857,34.1273],[-77.8624,34.1323],[-77.8523,34.1371],[-77.86,34.1409],[-77.8459,34.1483],[-77.8256,34.1771],[-77.8206,34.1779],[-77.818,34.1761],[-77.8433,34.141],[-77.8718,34.0756]]],[[[-77.8837,34.0636],[-77.8881,34.0655],[-77.8808,34.0685],[-77.8793,34.0648],[-77.8837,34.0636]]],[[[-77.972,33.9519],[-77.9742,33.9552],[-77.9712,33.9637],[-77.9611,33.9672],[-77.9659,33.9555],[-77.972,33.9519]]],[[[-77.9435,33.941],[-77.9473,33.9442],[-77.9477,33.9506],[-77.9372,33.9518],[-77.9362,33.9477],[-77.9435,33.941]]],[[[-77.9435,33.9205],[-77.9483,33.9265],[-77.9311,33.9489],[-77.9281,33.9589],[-77.9413,33.9632],[-77.9288,33.9753],[-77.921,33.9774],[-77.9185,33.9869],[-77.923,34.0056],[-77.9212,34.0311],[-77.9247,34.0461],[-77.8999,34.0607],[-77.8966,34.0583],[-77.8975,34.0479],[-77.8884,34.0568],[-77.8852,34.0505],[-77.9027,34.0166],[-77.9075,33.9831],[-77.9251,33.9484],[-77.9435,33.9205]]],[[[-77.9597,33.9163],[-77.9646,33.9191],[-77.964,33.9218],[-77.9579,33.9208],[-77.9597,33.9163]]],[[[-77.9859,33.9085],[-77.9845,33.9181],[-77.9768,33.9197],[-77.9807,33.9162],[-77.9792,33.9125],[-77.9859,33.9085]]],[[[-77.9733,33.9047],[-77.9759,33.9106],[-77.9731,33.9115],[-77.9704,33.9101],[-77.9733,33.9047]]],[[[-78.4885,33.8766],[-78.4912,33.8808],[-78.4856,33.8834],[-78.4712,33.8846],[-78.4713,33.8809],[-78.4763,33.8783],[-78.4885,33.8766]]],[[[-78.4682,33.8714],[-78.4759,33.8724],[-78.4747,33.8751],[-78.4597,33.8812],[-78.4556,33.8907],[-78.4156,33.8993],[-78.3879,33.8998],[-78.3896,33.8967],[-78.4682,33.8714]]],[[[-78.5214,33.8648],[-78.5263,33.868],[-78.5379,33.8673],[-78.538,33.8702],[-78.5068,33.8773],[-78.5007,33.8777],[-78.4969,33.8745],[-78.502,33.8686],[-78.5214,33.8648]]],[[[-78.5415,33.8546],[-78.5442,33.8555],[-78.5403,33.8605],[-78.5281,33.8617],[-78.5415,33.8546]]],[[[-77.9638,33.8445],[-77.9983,33.8578],[-78.0091,33.868],[-78.0056,33.8752],[-77.9863,33.8922],[-77.9834,33.8989],[-77.9706,33.9028],[-77.9667,33.9009],[-77.9659,33.89],[-77.9571,33.8876],[-77.955,33.9066],[-77.9458,33.9169],[-77.9437,33.9132],[-77.9543,33.8666],[-77.9599,33.8449],[-77.9638,33.8445]]],[[[-79.2239,33.2774],[-79.2353,33.284],[-79.2368,33.2895],[-79.2258,33.2911],[-79.2212,33.2779],[-79.2239,33.2774]]],[[[-79.2103,33.274],[-79.2125,33.2741],[-79.2123,33.2791],[-79.2047,33.2776],[-79.2103,33.274]]],[[[-79.2495,33.2605],[-79.2593,33.2643],[-79.2652,33.2712],[-79.2619,33.273],[-79.2488,33.2687],[-79.2467,33.2641],[-79.2495,33.2605]]],[[[-79.221,33.2587],[-79.2341,33.2648],[-79.235,33.2712],[-79.2268,33.2707],[-79.2183,33.2605],[-79.221,33.2587]]],[[[-79.2873,33.1646],[-79.291,33.1706],[-79.2832,33.1755],[-79.2738,33.1785],[-79.2635,33.1738],[-79.2642,33.1688],[-79.2768,33.169],[-79.2873,33.1646]]],[[[-79.2504,33.1486],[-79.2555,33.1628],[-79.2533,33.1641],[-79.2485,33.1604],[-79.2504,33.1486]]],[[[-79.5165,33.0176],[-79.5203,33.0181],[-79.5186,33.0222],[-79.5137,33.0194],[-79.5165,33.0176]]],[[[-79.5029,33.0133],[-79.5078,33.0138],[-79.5066,33.0207],[-79.5017,33.0183],[-79.5029,33.0133]]],[[[-79.3658,33.0028],[-79.3712,33.0052],[-79.3612,33.0141],[-79.3637,33.0237],[-79.3532,33.0295],[-79.3576,33.0528],[-79.3548,33.0559],[-79.3472,33.0544],[-79.347,33.0649],[-79.3414,33.0707],[-79.3382,33.0643],[-79.3409,33.0402],[-79.3535,33.0117],[-79.3658,33.0028]]],[[[-79.5462,32.9825],[-79.5499,32.9848],[-79.5422,32.9883],[-79.5406,32.986],[-79.5462,32.9825]]],[[[-79.5789,32.9547],[-79.5805,32.9606],[-79.5589,32.9726],[-79.5573,32.9699],[-79.5618,32.9636],[-79.5789,32.9547]]],[[[-79.9228,32.7986],[-79.9281,32.8069],[-79.9248,32.8114],[-79.9172,32.8086],[-79.9184,32.8013],[-79.9228,32.7986]]],[[[-79.9112,32.7698],[-79.915,32.7717],[-79.9122,32.7753],[-79.9062,32.7734],[-79.9112,32.7698]]],[[[-80.4031,32.563],[-80.4074,32.564],[-80.4079,32.5676],[-80.3981,32.5699],[-80.4031,32.563]]],[[[-80.1786,32.5402],[-80.184,32.5425],[-80.1818,32.5507],[-80.1715,32.5452],[-80.1786,32.5402]]],[[[-80.8037,32.4806],[-80.808,32.4847],[-80.8042,32.4893],[-80.7949,32.4897],[-80.7982,32.482],[-80.8037,32.4806]]],[[[-80.5049,32.4583],[-80.5396,32.463],[-80.5439,32.4858],[-80.5411,32.4917],[-80.5253,32.4948],[-80.4771,32.4741],[-80.476,32.4709],[-80.4821,32.4623],[-80.5049,32.4583]]],[[[-80.8028,32.3991],[-80.8077,32.3991],[-80.8082,32.4064],[-80.7995,32.4036],[-80.7973,32.3995],[-80.8028,32.3991]]],[[[-80.6537,32.344],[-80.6559,32.3482],[-80.6526,32.35],[-80.6537,32.344]]],[[[-80.7401,32.301],[-80.7564,32.3056],[-80.7623,32.3106],[-80.7839,32.3407],[-80.7812,32.3439],[-80.7709,32.3434],[-80.7433,32.3201],[-80.7352,32.3078],[-80.7401,32.301]]],[[[-81.0648,31.8452],[-81.0791,31.8541],[-81.0828,31.8578],[-81.0816,31.8606],[-81.0547,31.8587],[-81.0604,31.8465],[-81.0648,31.8452]]],[[[-81.2417,31.6679],[-81.2669,31.671],[-81.2653,31.6774],[-81.2427,31.6748],[-81.2355,31.682],[-81.2067,31.6734],[-81.2089,31.6683],[-81.2309,31.6709],[-81.2417,31.6679]]],[[[-81.294,31.5382],[-81.3046,31.5411],[-81.3141,31.5504],[-81.2801,31.5604],[-81.2769,31.558],[-81.2798,31.5499],[-81.294,31.5382]]],[[[-81.4487,31.3428],[-81.4565,31.3557],[-81.4758,31.3509],[-81.4773,31.3596],[-81.4718,31.3678],[-81.4685,31.3686],[-81.4458,31.3546],[-81.4437,31.3523],[-81.4487,31.3428]]],[[[-81.4087,31.3317],[-81.4166,31.3364],[-81.4038,31.3353],[-81.4087,31.3317]]],[[[-81.366,31.3229],[-81.374,31.3249],[-81.3723,31.3312],[-81.3653,31.3329],[-81.3536,31.3264],[-81.366,31.3229]]],[[[-81.3302,31.3196],[-81.323,31.3282],[-81.3231,31.3227],[-81.3302,31.3196]]],[[[-81.2921,31.2967],[-81.3048,31.3033],[-81.3068,31.3129],[-81.3035,31.3138],[-81.2915,31.3003],[-81.2921,31.2967]]],[[[-81.2962,31.2054],[-81.2977,31.2095],[-81.288,31.2121],[-81.2891,31.2085],[-81.2962,31.2054]]],[[[-95.8386,31.1752],[-95.8544,31.1779],[-95.8845,31.2056],[-95.9094,31.2164],[-95.921,31.2277],[-95.9339,31.2349],[-95.9486,31.2329],[-95.9592,31.2379],[-95.9681,31.2321],[-95.9778,31.2332],[-96.0209,31.2445],[-96.0476,31.2564],[-96.0578,31.2722],[-96.0635,31.2741],[-96.0616,31.3023],[-96.0722,31.2994],[-96.0698,31.305],[-96.0557,31.3165],[-96.055,31.3215],[-96.0613,31.3257],[-96.1006,31.3337],[-96.1087,31.3383],[-96.1048,31.3416],[-96.0725,31.3371],[-96.073,31.3597],[-96.0825,31.3739],[-96.0935,31.3832],[-96.1074,31.3925],[-96.1288,31.399],[-96.137,31.4062],[-96.1336,31.4246],[-96.1392,31.4289],[-96.1328,31.4541],[-96.1286,31.4623],[-96.1111,31.4785],[-96.1048,31.4964],[-96.1057,31.5019],[-96.1191,31.5118],[-96.1192,31.5311],[-96.1341,31.5425],[-96.1377,31.5806],[-96.1347,31.5843],[-96.1279,31.5811],[-96.1127,31.5643],[-96.1019,31.5436],[-96.0936,31.544],[-96.1006,31.5506],[-96.0925,31.5485],[-96.0951,31.5819],[-96.0841,31.5973],[-96.0769,31.6196],[-96.0665,31.6307],[-96.0734,31.6463],[-96.0665,31.6537],[-96.0557,31.683],[-96.0698,31.7189],[-96.0674,31.7446],[-96.0607,31.7603],[-96.0425,31.7718],[-96.0415,31.7904],[-96.0324,31.7982],[-96.0442,31.8082],[-96.0149,31.8174],[-96.0051,31.8264],[-95.9914,31.8284],[-95.9854,31.8263],[-95.9878,31.7973],[-95.984,31.7832],[-95.9688,31.7836],[-95.9537,31.7734],[-95.9336,31.7695],[-95.9336,31.7655],[-95.9445,31.7536],[-95.9423,31.7494],[-95.9327,31.745],[-95.9316,31.7405],[-95.9229,31.739],[-95.9225,31.7362],[-95.9058,31.7415],[-95.8958,31.7399],[-95.8922,31.7334],[-95.8943,31.7208],[-95.8895,31.7152],[-95.8934,31.7059],[-95.8909,31.7024],[-95.8805,31.6995],[-95.8727,31.6906],[-95.8605,31.6861],[-95.8601,31.6759],[-95.8512,31.6714],[-95.8439,31.6617],[-95.8565,31.6513],[-95.8576,31.647],[-95.8581,31.6277],[-95.8475,31.6176],[-95.846,31.6094],[-95.8459,31.5948],[-95.8552,31.5864],[-95.8525,31.5765],[-95.8427,31.5767],[-95.8416,31.5661],[-95.8232,31.5608],[-95.8196,31.5506],[-95.8044,31.5462],[-95.8005,31.5364],[-95.7854,31.5366],[-95.7816,31.5338],[-95.7811,31.5273],[-95.7878,31.5222],[-95.7844,31.5142],[-95.7932,31.5144],[-95.7981,31.5098],[-95.7969,31.5061],[-95.7831,31.5049],[-95.7797,31.5004],[-95.7839,31.4869],[-95.7825,31.4815],[-95.788,31.475],[-95.7804,31.4642],[-95.7932,31.456],[-95.7869,31.4458],[-95.7866,31.439],[-95.7808,31.4355],[-95.7806,31.4282],[-95.7364,31.4055],[-95.7127,31.3856],[-95.6975,31.3817],[-95.6958,31.3775],[-95.7033,31.3707],[-95.7026,31.3621],[-95.6821,31.352],[-95.6832,31.3448],[-95.7057,31.3494],[-95.7124,31.3647],[-95.7539,31.3778],[-95.7628,31.3953],[-95.7782,31.4014],[-95.8013,31.3919],[-95.7985,31.3832],[-95.8063,31.3738],[-95.7988,31.366],[-95.797,31.3618],[-95.7994,31.3591],[-95.8111,31.3618],[-95.8196,31.3568],[-95.8279,31.3632],[-95.8327,31.3618],[-95.8296,31.3454],[-95.8219,31.3369],[-95.8174,31.319],[-95.8122,31.3154],[-95.8041,31.3154],[-95.8151,31.3062],[-95.8082,31.3032],[-95.7886,31.3071],[-95.7918,31.2979],[-95.7763,31.2929],[-95.7788,31.2777],[-95.7691,31.2758],[-95.7737,31.2661],[-95.774,31.2548],[-95.7888,31.255],[-95.7891,31.2516],[-95.7801,31.2397],[-95.7814,31.2355],[-95.7909,31.2364],[-95.8035,31.2455],[-95.8104,31.2435],[-95.8119,31.2394],[-95.8053,31.2324],[-95.8076,31.2261],[-95.8057,31.2194],[-95.8219,31.2216],[-95.8326,31.2274],[-95.8423,31.2246],[-95.8365,31.2134],[-95.8397,31.2016],[-95.8293,31.1862],[-95.8314,31.1779],[-95.8386,31.1752]]],[[[-81.427,31.163],[-81.4241,31.174],[-81.4177,31.1743],[-81.4231,31.1712],[-81.4232,31.1657],[-81.427,31.163]]],[[[-81.4415,31.1596],[-81.4461,31.1692],[-81.4551,31.1744],[-81.4576,31.1808],[-81.4402,31.2002],[-81.4334,31.1928],[-81.4314,31.1837],[-81.4415,31.1596]]],[[[-81.5041,31.1276],[-81.5215,31.1392],[-81.5251,31.1498],[-81.5202,31.1511],[-81.5065,31.144],[-81.5008,31.1325],[-81.5009,31.128],[-81.5041,31.1276]]],[[[-81.4369,31.038],[-81.4644,31.0498],[-81.468,31.0563],[-81.4663,31.064],[-81.4768,31.0742],[-81.4858,31.0752],[-81.4873,31.0802],[-81.5018,31.0787],[-81.5016,31.0869],[-81.509,31.0911],[-81.4988,31.0964],[-81.5016,31.1161],[-81.4889,31.1123],[-81.4742,31.0943],[-81.462,31.0923],[-81.4495,31.077],[-81.4462,31.0797],[-81.4404,31.0778],[-81.4329,31.0498],[-81.4369,31.038]]],[[[-81.425,31.015],[-81.4346,31.0156],[-81.4361,31.0197],[-81.4243,31.0529],[-81.4384,31.0961],[-81.4254,31.1041],[-81.4133,31.1222],[-81.408,31.1203],[-81.405,31.112],[-81.4007,31.0859],[-81.4077,31.0554],[-81.425,31.015]]],[[[-81.4747,31.0125],[-81.4774,31.0139],[-81.4765,31.0285],[-81.46,31.0306],[-81.4552,31.0282],[-81.4542,31.0227],[-81.4747,31.0125]]],[[[-81.5704,30.9704],[-81.5746,30.975],[-81.5724,30.9818],[-81.5622,30.9853],[-81.5569,30.9821],[-81.5619,30.9739],[-81.5704,30.9704]]],[[[-81.4943,30.9639],[-81.4991,30.9653],[-81.4952,30.9712],[-81.4862,30.9688],[-81.4943,30.9639]]],[[[-81.5297,30.8364],[-81.5334,30.8374],[-81.5369,30.8493],[-81.5347,30.8534],[-81.5309,30.8538],[-81.5215,30.8445],[-81.5221,30.8395],[-81.5297,30.8364]]],[[[-81.499,30.8246],[-81.5125,30.8435],[-81.4934,30.8359],[-81.4958,30.8264],[-81.499,30.8246]]],[[[-81.483,30.7988],[-81.4897,30.8071],[-81.4895,30.8194],[-81.4868,30.8221],[-81.4768,30.8174],[-81.483,30.7988]]],[[[-81.5011,30.7954],[-81.5143,30.8028],[-81.5173,30.812],[-81.5124,30.8211],[-81.4991,30.8209],[-81.4962,30.8049],[-81.4974,30.7958],[-81.5011,30.7954]]],[[[-81.4811,30.7567],[-81.4844,30.7778],[-81.4798,30.7699],[-81.4811,30.7567]]],[[[-81.4558,30.7152],[-81.4695,30.72],[-81.4715,30.7268],[-81.4789,30.7301],[-81.4691,30.7707],[-81.4745,30.7945],[-81.4705,30.8091],[-81.476,30.8297],[-81.4732,30.8343],[-81.4789,30.8435],[-81.4792,30.851],[-81.501,30.8736],[-81.5033,30.8817],[-81.4901,30.9017],[-81.4853,30.9039],[-81.4725,30.9019],[-81.4693,30.9051],[-81.4623,30.9041],[-81.4513,30.8961],[-81.4546,30.8893],[-81.4488,30.8892],[-81.4485,30.902],[-81.4607,30.9068],[-81.4633,30.9109],[-81.461,30.9182],[-81.4507,30.9286],[-81.4335,30.9375],[-81.4238,30.9702],[-81.4097,30.9778],[-81.4066,30.949],[-81.4174,30.9288],[-81.4107,30.932],[-81.4051,30.9434],[-81.4049,30.9261],[-81.4231,30.854],[-81.455,30.7892],[-81.4609,30.7527],[-81.4525,30.7193],[-81.4558,30.7152]]],[[[-81.5448,30.6979],[-81.5589,30.7087],[-81.5781,30.7073],[-81.5812,30.7087],[-81.5806,30.7119],[-81.5508,30.7117],[-81.5383,30.7046],[-81.5313,30.7076],[-81.5299,30.7163],[-81.5267,30.718],[-81.5027,30.7207],[-81.5066,30.7139],[-81.5189,30.7106],[-81.5202,30.7051],[-81.5448,30.6979]]],[[[-81.5161,30.6799],[-81.5198,30.6836],[-81.5387,30.6895],[-81.5423,30.6937],[-81.5209,30.6969],[-81.5121,30.7077],[-81.5036,30.7093],[-81.499,30.7188],[-81.4937,30.7182],[-81.4886,30.7117],[-81.4969,30.7023],[-81.4989,30.6872],[-81.5161,30.6799]]],[[[-81.4764,30.6762],[-81.4801,30.6763],[-81.4803,30.6886],[-81.4892,30.6916],[-81.4917,30.698],[-81.4861,30.7066],[-81.4819,30.7056],[-81.4669,30.6893],[-81.4688,30.6806],[-81.4764,30.6762]]],[[[-88.0255,30.6603],[-88.0281,30.6617],[-88.0299,30.6726],[-88.0258,30.6809],[-88.0171,30.6659],[-88.0255,30.6603]]],[[[-81.4992,30.5564],[-81.5061,30.5571],[-81.5164,30.566],[-81.5105,30.5672],[-81.5021,30.5638],[-81.4992,30.5564]]],[[[-81.4721,30.538],[-81.4886,30.5544],[-81.4961,30.5701],[-81.4968,30.5825],[-81.494,30.587],[-81.4838,30.5909],[-81.4727,30.5879],[-81.4681,30.5827],[-81.4779,30.5747],[-81.4797,30.5688],[-81.474,30.5623],[-81.4721,30.538]]],[[[-81.5155,30.5074],[-81.5302,30.5128],[-81.5372,30.5088],[-81.5429,30.5144],[-81.5214,30.5405],[-81.5086,30.5452],[-81.5044,30.5428],[-81.503,30.5373],[-81.5062,30.5342],[-81.5059,30.5269],[-81.5007,30.5245],[-81.4988,30.5185],[-81.5043,30.5099],[-81.5155,30.5074]]],[[[-81.4264,30.4894],[-81.4321,30.4959],[-81.4294,30.4977],[-81.4225,30.4952],[-81.4264,30.4894]]],[[[-81.4141,30.4108],[-81.4234,30.4358],[-81.4182,30.4475],[-81.4197,30.4517],[-81.4244,30.4545],[-81.4271,30.4528],[-81.4273,30.4436],[-81.44,30.4471],[-81.4546,30.4703],[-81.4521,30.4831],[-81.4678,30.5072],[-81.4641,30.5223],[-81.4558,30.5189],[-81.4532,30.5147],[-81.455,30.5092],[-81.4354,30.4905],[-81.426,30.4857],[-81.4365,30.4745],[-81.429,30.4762],[-81.418,30.4864],[-81.4094,30.4867],[-81.4123,30.4492],[-81.4033,30.4161],[-81.4141,30.4108]]],[[[-88.3371,30.3862],[-88.3488,30.3883],[-88.351,30.3915],[-88.3457,30.3939],[-88.3367,30.3913],[-88.3334,30.3877],[-88.3371,30.3862]]],[[[-81.4483,30.3851],[-81.4567,30.3853],[-81.4593,30.3886],[-81.4512,30.4108],[-81.4516,30.4323],[-81.4412,30.4398],[-81.4303,30.4336],[-81.4229,30.4152],[-81.4163,30.4077],[-81.4483,30.3851]]],[[[-88.3851,30.379],[-88.3894,30.3808],[-88.3884,30.3844],[-88.382,30.3804],[-88.3851,30.379]]],[[[-81.5528,30.3783],[-81.5722,30.3838],[-81.5799,30.3931],[-81.5558,30.3853],[-81.5488,30.3892],[-81.5435,30.4051],[-81.537,30.4105],[-81.5197,30.405],[-81.5198,30.4009],[-81.5357,30.4022],[-81.5405,30.3826],[-81.5528,30.3783]]],[[[-88.3897,30.373],[-88.3941,30.3784],[-88.3877,30.3762],[-88.3897,30.373]]],[[[-88.3023,30.3685],[-88.3039,30.3708],[-88.2976,30.375],[-88.297,30.3709],[-88.3023,30.3685]]],[[[-88.8261,30.3621],[-88.8827,30.386],[-88.852,30.3834],[-88.8389,30.3768],[-88.8261,30.3621]]],[[[-88.3856,30.3543],[-88.3857,30.3589],[-88.3784,30.3622],[-88.3856,30.3543]]],[[[-88.8117,30.3532],[-88.8148,30.3551],[-88.8126,30.3615],[-88.8069,30.3577],[-88.8117,30.3532]]],[[[-88.2681,30.332],[-88.2708,30.3347],[-88.2688,30.3384],[-88.2656,30.3362],[-88.2681,30.332]]],[[[-88.2584,30.323],[-88.2632,30.3261],[-88.2615,30.3426],[-88.2658,30.3467],[-88.262,30.3696],[-88.2566,30.3615],[-88.2568,30.3491],[-88.2529,30.3364],[-88.2542,30.3263],[-88.2584,30.323]]],[[[-88.4279,30.3219],[-88.4369,30.3243],[-88.4236,30.3287],[-88.4231,30.3232],[-88.4279,30.3219]]],[[[-88.2239,30.3162],[-88.2313,30.3184],[-88.2298,30.3221],[-88.2218,30.3213],[-88.2239,30.3162]]],[[[-88.2148,30.315],[-88.217,30.3195],[-88.2139,30.3223],[-88.2107,30.3201],[-88.2111,30.316],[-88.2148,30.315]]],[[[-87.2634,30.3141],[-87.2987,30.3231],[-87.3053,30.3297],[-87.3023,30.3335],[-87.2531,30.3221],[-87.231,30.326],[-87.2151,30.3251],[-87.1662,30.3334],[-87.1558,30.3387],[-87.1524,30.3338],[-87.1555,30.3442],[-87.1498,30.3471],[-87.1432,30.3404],[-87.1362,30.3388],[-87.1205,30.3434],[-87.0962,30.345],[-87.0774,30.3528],[-87.0563,30.3543],[-87.0455,30.362],[-87.0399,30.3557],[-86.9806,30.3688],[-86.8619,30.3843],[-86.8162,30.3937],[-86.7912,30.3934],[-86.7296,30.4027],[-86.656,30.4045],[-86.65,30.401],[-86.6097,30.3997],[-86.5923,30.402],[-86.5211,30.3945],[-86.5183,30.3895],[-86.5235,30.3857],[-86.6536,30.3973],[-86.7609,30.3905],[-86.8659,30.3778],[-87.0113,30.3547],[-87.1495,30.3261],[-87.2634,30.3141]]],[[[-88.1413,30.2905],[-88.1425,30.2946],[-88.136,30.2915],[-88.1413,30.2905]]],[[[-88.5782,30.2901],[-88.5867,30.2929],[-88.5992,30.3036],[-88.5881,30.3035],[-88.5782,30.2951],[-88.5756,30.2909],[-88.5782,30.2901]]],[[[-87.5313,30.281],[-87.5292,30.286],[-87.5108,30.2912],[-87.5061,30.2972],[-87.4902,30.2969],[-87.4617,30.3036],[-87.459,30.2999],[-87.5313,30.281]]],[[[-88.0962,30.2578],[-88.1171,30.2689],[-88.1229,30.2665],[-88.1256,30.272],[-88.1225,30.2761],[-88.1172,30.2762],[-88.0947,30.2619],[-88.0931,30.2587],[-88.0962,30.2578]]],[[[-88.8954,30.2297],[-88.8991,30.2315],[-88.891,30.2397],[-88.8899,30.2452],[-88.8704,30.2418],[-88.8758,30.2345],[-88.8954,30.2297]]],[[[-88.3086,30.2247],[-88.3161,30.2269],[-88.3167,30.2324],[-88.2987,30.2304],[-88.1723,30.2521],[-88.1411,30.253],[-88.1294,30.2504],[-88.1301,30.2563],[-88.1269,30.2582],[-88.1121,30.2584],[-88.0998,30.2513],[-88.0851,30.2552],[-88.0775,30.2457],[-88.0953,30.2376],[-88.1378,30.2453],[-88.1885,30.244],[-88.3086,30.2247]]],[[[-88.5452,30.2164],[-88.6412,30.2245],[-88.7154,30.2442],[-88.7541,30.2391],[-88.7693,30.2475],[-88.7397,30.2486],[-88.7153,30.2547],[-88.7011,30.2463],[-88.5973,30.2272],[-88.5508,30.2247],[-88.5328,30.2291],[-88.5345,30.2204],[-88.5452,30.2164]]],[[[-88.1054,30.2114],[-88.1172,30.2218],[-88.1178,30.2272],[-88.1147,30.2277],[-88.1028,30.2156],[-88.1022,30.2124],[-88.1054,30.2114]]],[[[-88.9713,30.2043],[-88.9808,30.2062],[-88.9844,30.2127],[-88.9701,30.2116],[-88.9442,30.2173],[-88.9333,30.2148],[-88.9713,30.2043]]],[[[-88.4546,30.1982],[-88.4715,30.1994],[-88.4951,30.207],[-88.5014,30.2099],[-88.4987,30.2153],[-88.4729,30.2067],[-88.421,30.2129],[-88.3994,30.2089],[-88.3974,30.2061],[-88.4546,30.1982]]],[[[-88.0606,30.1896],[-88.0649,30.1941],[-88.0544,30.1998],[-88.0522,30.1925],[-88.0606,30.1896]]],[[[-89.1046,30.1876],[-89.1062,30.1927],[-89.0938,30.2109],[-89.1134,30.2115],[-89.1122,30.2174],[-89.0979,30.2205],[-89.0963,30.2237],[-89.1127,30.2229],[-89.1491,30.2282],[-89.1591,30.2302],[-89.1591,30.2338],[-89.1216,30.2349],[-89.1084,30.232],[-89.0925,30.2351],[-89.0788,30.2327],[-89.0756,30.2345],[-89.0749,30.2441],[-89.0637,30.2527],[-89.0611,30.2513],[-89.0784,30.2167],[-89.1046,30.1876]]],[[[-89.1725,30.1628],[-89.1782,30.1653],[-89.175,30.167],[-89.1629,30.1663],[-89.164,30.1636],[-89.1725,30.1628]]],[[[-89.4755,30.1487],[-89.4765,30.1533],[-89.4722,30.1564],[-89.4686,30.1509],[-89.4755,30.1487]]],[[[-89.2101,30.1385],[-89.2089,30.1448],[-89.192,30.1642],[-89.1912,30.155],[-89.18,30.158],[-89.1818,30.1502],[-89.1894,30.1435],[-89.1962,30.1459],[-89.2101,30.1385]]],[[[-89.4381,30.1265],[-89.4491,30.1276],[-89.4501,30.1304],[-89.442,30.1362],[-89.4435,30.1403],[-89.4524,30.1455],[-89.4513,30.1478],[-89.4349,30.1457],[-89.4274,30.1524],[-89.4182,30.1408],[-89.4199,30.1344],[-89.4291,30.1277],[-89.4381,30.1265]]],[[[-89.217,30.1203],[-89.2198,30.1341],[-89.2166,30.1358],[-89.2078,30.1283],[-89.2111,30.122],[-89.217,30.1203]]],[[[-89.2287,30.1182],[-89.2318,30.1192],[-89.2327,30.1266],[-89.2268,30.1301],[-89.2231,30.1287],[-89.2222,30.1236],[-89.2287,30.1182]]],[[[-89.1628,30.1146],[-89.1685,30.117],[-89.1657,30.122],[-89.1595,30.1186],[-89.1628,30.1146]]],[[[-84.2078,30.085],[-84.2131,30.0887],[-84.2115,30.101],[-84.2057,30.0933],[-84.2004,30.0928],[-84.202,30.0864],[-84.2078,30.085]]],[[[-84.2225,30.085],[-84.2257,30.0854],[-84.2257,30.0896],[-84.2183,30.0919],[-84.2173,30.0873],[-84.2225,30.085]]],[[[-89.2132,30.084],[-89.2206,30.0865],[-89.2215,30.0897],[-89.2151,30.0937],[-89.2093,30.0931],[-89.2132,30.084]]],[[[-84.2563,30.0831],[-84.2605,30.0863],[-84.259,30.0881],[-84.2516,30.0868],[-84.2563,30.0831]]],[[[-89.4735,30.0814],[-89.4793,30.0824],[-89.4742,30.0942],[-89.4707,30.0854],[-89.4735,30.0814]]],[[[-84.2515,30.0758],[-84.2542,30.0804],[-84.2484,30.0804],[-84.2515,30.0758]]],[[[-85.6416,30.0711],[-85.7056,30.1012],[-85.7313,30.1182],[-85.7208,30.1248],[-85.7139,30.1226],[-85.7057,30.1095],[-85.6946,30.1078],[-85.6822,30.097],[-85.661,30.0891],[-85.6369,30.0744],[-85.6416,30.0711]]],[[[-89.2254,30.0637],[-89.2275,30.0646],[-89.2256,30.0751],[-89.2197,30.0778],[-89.2167,30.074],[-89.2184,30.069],[-89.2254,30.0637]]],[[[-84.3185,30.0573],[-84.3211,30.0577],[-84.3211,30.0619],[-84.3127,30.0601],[-84.3185,30.0573]]],[[[-89.1766,30.0544],[-89.185,30.0546],[-89.1881,30.0588],[-89.1816,30.0628],[-89.1753,30.0622],[-89.1701,30.0589],[-89.1766,30.0544]]],[[[-84.3332,30.0536],[-84.3332,30.0591],[-84.3269,30.0586],[-84.3332,30.0536]]],[[[-84.32,30.0495],[-84.3232,30.05],[-84.3232,30.0545],[-84.3153,30.0527],[-84.32,30.0495]]],[[[-89.2991,30.0492],[-89.3034,30.0493],[-89.3038,30.052],[-89.2991,30.0524],[-89.2991,30.0492]]],[[[-89.2862,30.0384],[-89.2915,30.0385],[-89.2962,30.061],[-89.3041,30.0616],[-89.3097,30.0677],[-89.3198,30.0674],[-89.3117,30.0741],[-89.3028,30.0891],[-89.2997,30.0858],[-89.3011,30.0739],[-89.2898,30.065],[-89.287,30.0682],[-89.292,30.0815],[-89.2892,30.0847],[-89.2782,30.0826],[-89.277,30.0867],[-89.2921,30.0953],[-89.2915,30.0994],[-89.284,30.1024],[-89.2762,30.0995],[-89.2802,30.1051],[-89.2738,30.1095],[-89.2659,30.1085],[-89.2657,30.1158],[-89.2455,30.1204],[-89.243,30.1144],[-89.2507,30.1036],[-89.255,30.1],[-89.2645,30.0998],[-89.2584,30.0909],[-89.2591,30.085],[-89.2623,30.0837],[-89.2648,30.0888],[-89.2735,30.0789],[-89.2731,30.0564],[-89.2841,30.0603],[-89.2868,30.0567],[-89.2835,30.0429],[-89.2862,30.0384]]],[[[-89.3032,30.036],[-89.3105,30.0398],[-89.3009,30.0414],[-89.2984,30.0382],[-89.3032,30.036]]],[[[-89.482,30.0339],[-89.4942,30.0346],[-89.4917,30.0469],[-89.4974,30.0521],[-89.4962,30.0607],[-89.4913,30.0657],[-89.4933,30.0698],[-89.4852,30.0775],[-89.4769,30.0723],[-89.4705,30.0722],[-89.4613,30.0633],[-89.4608,30.0592],[-89.4632,30.0501],[-89.482,30.0339]]],[[[-89.3302,30.0306],[-89.3421,30.0409],[-89.3393,30.0468],[-89.3434,30.0505],[-89.3514,30.0497],[-89.3506,30.058],[-89.3364,30.0568],[-89.3247,30.0602],[-89.3111,30.0567],[-89.3107,30.0522],[-89.3293,30.0466],[-89.3258,30.0392],[-89.3195,30.0363],[-89.3302,30.0306]]],[[[-89.374,30.0305],[-89.3897,30.0345],[-89.389,30.0418],[-89.4106,30.0449],[-89.411,30.0477],[-89.3871,30.0537],[-89.3724,30.0515],[-89.3698,30.0487],[-89.3763,30.0443],[-89.3707,30.0346],[-89.374,30.0305]]],[[[-89.1863,30.0276],[-89.1877,30.035],[-89.1711,30.0442],[-89.1702,30.0396],[-89.1863,30.0276]]],[[[-89.3994,30.0273],[-89.4161,30.0327],[-89.4201,30.0433],[-89.4148,30.0441],[-89.4097,30.0381],[-89.3935,30.0309],[-89.3994,30.0273]]],[[[-89.2771,30.0254],[-89.2807,30.0305],[-89.2762,30.0377],[-89.2665,30.0462],[-89.2634,30.0452],[-89.2647,30.0366],[-89.2771,30.0254]]],[[[-89.3156,30.0252],[-89.3198,30.0267],[-89.3159,30.033],[-89.3108,30.0293],[-89.3156,30.0252]]],[[[-89.2265,30.0225],[-89.2365,30.0236],[-89.2401,30.0278],[-89.2415,30.0361],[-89.2471,30.0435],[-89.2441,30.0545],[-89.2618,30.0635],[-89.259,30.0717],[-89.2609,30.0772],[-89.2527,30.0675],[-89.2505,30.0724],[-89.2529,30.083],[-89.2467,30.0944],[-89.2394,30.0937],[-89.2335,30.0973],[-89.2316,30.089],[-89.2413,30.0819],[-89.2454,30.0646],[-89.2374,30.0681],[-89.2325,30.0762],[-89.2338,30.0657],[-89.23,30.0487],[-89.2238,30.0467],[-89.2136,30.0515],[-89.2097,30.0602],[-89.2115,30.0698],[-89.2078,30.0716],[-89.2005,30.0673],[-89.1905,30.0675],[-89.1987,30.0563],[-89.1952,30.0493],[-89.2015,30.0334],[-89.2221,30.0316],[-89.2225,30.0348],[-89.2134,30.0419],[-89.2245,30.0403],[-89.2315,30.0327],[-89.2265,30.0225]]],[[[-88.8428,30.0175],[-88.8598,30.0285],[-88.8817,30.0537],[-88.8743,30.0531],[-88.8583,30.044],[-88.8506,30.036],[-88.8428,30.0175]]],[[[-84.3563,30.0169],[-84.3621,30.0247],[-84.3579,30.0265],[-84.359,30.0329],[-84.3532,30.038],[-84.3553,30.0457],[-84.3443,30.0526],[-84.339,30.044],[-84.3311,30.0422],[-84.3395,30.0353],[-84.3373,30.0298],[-84.35,30.0297],[-84.3484,30.0229],[-84.3563,30.0169]]],[[[-89.4363,30.0083],[-89.443,30.0126],[-89.4335,30.0124],[-89.4363,30.0083]]],[[[-85.5512,30.0065],[-85.5716,30.0227],[-85.59,30.0471],[-85.5891,30.054],[-85.574,30.0382],[-85.5696,30.0273],[-85.5615,30.0196],[-85.5525,30.017],[-85.5512,30.0065]]],[[[-89.2736,30.0001],[-89.2766,30.0057],[-89.2707,30.0097],[-89.2682,30.0037],[-89.2736,30.0001]]],[[[-89.368,29.9993],[-89.3763,30.0022],[-89.3858,30.0005],[-89.3868,30.0056],[-89.3797,30.015],[-89.3571,30.0096],[-89.3526,30.0017],[-89.368,29.9993]]],[[[-89.3253,29.9961],[-89.3289,29.9994],[-89.3303,30.0081],[-89.3179,29.9987],[-89.3253,29.9961]]],[[[-89.395,29.9938],[-89.4063,30.005],[-89.4119,30.0138],[-89.4117,30.0198],[-89.4053,30.0215],[-89.4009,30.0086],[-89.3906,29.9997],[-89.3907,29.996],[-89.395,29.9938]]],[[[-89.2179,29.9926],[-89.223,29.9986],[-89.2293,29.9988],[-89.2214,30.0164],[-89.2063,30.012],[-89.1997,30.0027],[-89.2024,30.0005],[-89.2108,30.002],[-89.212,29.9966],[-89.2179,29.9926]]],[[[-89.2939,29.9882],[-89.2976,29.9882],[-89.3011,29.9943],[-89.2909,30.0028],[-89.2885,29.9931],[-89.2939,29.9882]]],[[[-83.8155,29.9807],[-83.8239,29.9825],[-83.8165,29.9848],[-83.8155,29.9807]]],[[[-89.2637,29.9761],[-89.2634,29.9843],[-89.251,29.9955],[-89.2468,29.9959],[-89.2486,29.9868],[-89.2637,29.9761]]],[[[-83.8097,29.9757],[-83.8144,29.9784],[-83.8134,29.9807],[-83.8054,29.9788],[-83.8097,29.9757]]],[[[-89.2252,29.9749],[-89.2294,29.9781],[-89.2244,29.984],[-89.222,29.9757],[-89.2252,29.9749]]],[[[-89.3461,29.9686],[-89.3497,29.9719],[-89.3484,29.9806],[-89.3431,29.9823],[-89.345,29.9887],[-89.3385,29.995],[-89.3328,29.972],[-89.3461,29.9686]]],[[[-89.263,29.9633],[-89.2645,29.9665],[-89.2458,29.9757],[-89.2465,29.9689],[-89.263,29.9633]]],[[[-89.3153,29.9575],[-89.3188,29.9644],[-89.3139,29.9689],[-89.3087,29.9688],[-89.3066,29.966],[-89.3153,29.9575]]],[[[-89.3328,29.9546],[-89.339,29.957],[-89.3383,29.9625],[-89.3357,29.9634],[-89.3316,29.9587],[-89.3328,29.9546]]],[[[-89.1815,29.9538],[-89.1814,29.9574],[-89.1745,29.9605],[-89.1725,29.9568],[-89.1815,29.9538]]],[[[-89.1953,29.9532],[-89.2087,29.9612],[-89.1992,29.9633],[-89.1953,29.9532]]],[[[-89.2337,29.953],[-89.2294,29.958],[-89.2241,29.9565],[-89.2248,29.9538],[-89.2337,29.953]]],[[[-89.2655,29.9478],[-89.2697,29.9497],[-89.2669,29.9533],[-89.2531,29.9589],[-89.2401,29.9715],[-89.2348,29.9732],[-89.2306,29.9704],[-89.2298,29.9635],[-89.2409,29.9601],[-89.257,29.9489],[-89.2655,29.9478]]],[[[-89.3277,29.9444],[-89.3309,29.9468],[-89.3292,29.9513],[-89.3182,29.9488],[-89.3277,29.9444]]],[[[-89.3632,29.9396],[-89.3671,29.9489],[-89.3744,29.954],[-89.3674,29.9599],[-89.3722,29.9774],[-89.3695,29.981],[-89.3607,29.9758],[-89.3592,29.9725],[-89.3619,29.9698],[-89.3532,29.9573],[-89.3576,29.9514],[-89.3595,29.94],[-89.3632,29.9396]]],[[[-89.2137,29.9352],[-89.2173,29.939],[-89.2161,29.9431],[-89.2088,29.9383],[-89.2137,29.9352]]],[[[-89.3981,29.9316],[-89.4044,29.934],[-89.397,29.9362],[-89.3981,29.9316]]],[[[-89.4224,29.9298],[-89.4308,29.9331],[-89.4291,29.9372],[-89.4149,29.9365],[-89.4177,29.9301],[-89.4224,29.9298]]],[[[-89.2044,29.9263],[-89.2076,29.9273],[-89.2064,29.9314],[-89.1984,29.9345],[-89.2044,29.9263]]],[[[-89.3147,29.9199],[-89.3183,29.9213],[-89.3006,29.9567],[-89.2952,29.9598],[-89.2913,29.968],[-89.2938,29.9717],[-89.2821,29.9774],[-89.278,29.9906],[-89.2669,29.994],[-89.267,29.9895],[-89.2745,29.9836],[-89.2761,29.9667],[-89.2846,29.9632],[-89.2786,29.9503],[-89.3016,29.9375],[-89.3147,29.9199]]],[[[-89.4274,29.9184],[-89.4332,29.9217],[-89.4268,29.9244],[-89.4242,29.9207],[-89.4274,29.9184]]],[[[-89.3532,29.9165],[-89.3606,29.9167],[-89.3642,29.9213],[-89.3591,29.9327],[-89.3538,29.9344],[-89.3476,29.9311],[-89.3546,29.9248],[-89.3511,29.9179],[-89.3532,29.9165]]],[[[-89.2885,29.9162],[-89.3,29.9169],[-89.3021,29.9201],[-89.2864,29.934],[-89.2769,29.9342],[-89.27,29.9382],[-89.2558,29.9347],[-89.2567,29.9421],[-89.2483,29.9414],[-89.2497,29.947],[-89.2344,29.9485],[-89.2335,29.943],[-89.24,29.9371],[-89.2319,29.9246],[-89.2508,29.9273],[-89.2714,29.9259],[-89.2885,29.9162]]],[[[-89.4134,29.9136],[-89.419,29.9196],[-89.4141,29.9241],[-89.4067,29.9249],[-89.4087,29.93],[-89.3946,29.9279],[-89.3829,29.9299],[-89.3811,29.9203],[-89.3905,29.9228],[-89.3917,29.9168],[-89.4134,29.9136]]],[[[-89.2601,29.9124],[-89.271,29.9185],[-89.2568,29.9192],[-89.2601,29.9124]]],[[[-89.3239,29.9105],[-89.3281,29.9115],[-89.3306,29.9165],[-89.3231,29.9205],[-89.318,29.9145],[-89.3239,29.9105]]],[[[-89.3168,29.9002],[-89.3226,29.9008],[-89.3225,29.9054],[-89.3059,29.9138],[-89.3012,29.9118],[-89.2998,29.9072],[-89.3168,29.9002]]],[[[-89.2996,29.8939],[-89.301,29.9013],[-89.2903,29.9061],[-89.2905,29.8979],[-89.2996,29.8939]]],[[[-89.2192,29.8868],[-89.2234,29.8878],[-89.2228,29.8919],[-89.211,29.8981],[-89.1989,29.8964],[-89.1922,29.8917],[-89.1971,29.8886],[-89.2192,29.8868]]],[[[-89.3956,29.8862],[-89.4028,29.8937],[-89.4086,29.8933],[-89.4082,29.9094],[-89.4003,29.9078],[-89.3958,29.9013],[-89.392,29.9031],[-89.3897,29.9122],[-89.3817,29.9148],[-89.3749,29.9133],[-89.372,29.905],[-89.3658,29.9012],[-89.3669,29.8989],[-89.3774,29.8978],[-89.3956,29.8862]]],[[[-89.3304,29.8827],[-89.3352,29.8827],[-89.333,29.8868],[-89.3228,29.8939],[-89.3229,29.888],[-89.3304,29.8827]]],[[[-89.3568,29.8818],[-89.3529,29.9106],[-89.3335,29.9042],[-89.338,29.8952],[-89.348,29.8944],[-89.3418,29.8888],[-89.3568,29.8818]]],[[[-88.8936,29.8768],[-88.9014,29.8806],[-88.8934,29.8841],[-88.8899,29.878],[-88.8936,29.8768]]],[[[-88.8715,29.8767],[-88.8732,29.8909],[-88.885,29.8843],[-88.8885,29.8899],[-88.8718,29.8991],[-88.8637,29.8893],[-88.8662,29.8784],[-88.8715,29.8767]]],[[[-84.5683,29.8764],[-84.573,29.8805],[-84.5689,29.8837],[-84.5641,29.881],[-84.5683,29.8764]]],[[[-89.307,29.8739],[-89.3132,29.8763],[-89.3157,29.8819],[-89.2941,29.881],[-89.2969,29.8751],[-89.307,29.8739]]],[[[-89.2849,29.8707],[-89.2879,29.8781],[-89.2793,29.8844],[-89.2778,29.8807],[-89.2679,29.88],[-89.2638,29.8758],[-89.2713,29.8709],[-89.2849,29.8707]]],[[[-89.262,29.8616],[-89.2629,29.8694],[-89.2548,29.8775],[-89.2615,29.8817],[-89.2602,29.8895],[-89.256,29.8908],[-89.2477,29.8851],[-89.2361,29.8862],[-89.2386,29.8735],[-89.2507,29.8728],[-89.2536,29.8619],[-89.262,29.8616]]],[[[-88.9226,29.861],[-88.9266,29.8647],[-88.9185,29.8714],[-88.9122,29.8712],[-88.9051,29.8642],[-88.9226,29.861]]],[[[-88.8771,29.8512],[-88.8789,29.8585],[-88.8725,29.8616],[-88.8685,29.8546],[-88.8771,29.8512]]],[[[-88.9251,29.8473],[-88.9291,29.8524],[-88.9264,29.8542],[-88.9218,29.8522],[-88.9251,29.8473]]],[[[-88.8572,29.8461],[-88.8619,29.8494],[-88.862,29.8618],[-88.8533,29.8524],[-88.8572,29.8461]]],[[[-89.2783,29.845],[-89.2908,29.8475],[-89.2869,29.8557],[-89.3047,29.8606],[-89.3107,29.8534],[-89.316,29.8521],[-89.3378,29.8622],[-89.3383,29.8649],[-89.3171,29.8682],[-89.3189,29.8623],[-89.3157,29.8608],[-89.3055,29.8693],[-89.2809,29.8647],[-89.2741,29.8618],[-89.274,29.8467],[-89.2783,29.845]]],[[[-88.9218,29.8344],[-88.9259,29.8372],[-88.9247,29.8427],[-88.9153,29.8411],[-88.9165,29.8365],[-88.9218,29.8344]]],[[[-89.3023,29.8312],[-89.3081,29.8318],[-89.3104,29.8447],[-89.3082,29.8456],[-89.3001,29.8339],[-89.3023,29.8312]]],[[[-88.97,29.8231],[-88.9758,29.8251],[-88.9761,29.8306],[-88.9714,29.8309],[-88.9678,29.8263],[-88.97,29.8231]]],[[[-89.413,29.8229],[-89.4033,29.8341],[-89.409,29.8375],[-89.4094,29.8425],[-89.3966,29.8496],[-89.4158,29.86],[-89.4192,29.8711],[-89.4045,29.869],[-89.3967,29.8638],[-89.3871,29.8686],[-89.3873,29.881],[-89.3809,29.8841],[-89.3688,29.8852],[-89.369,29.8765],[-89.3659,29.8733],[-89.3442,29.8793],[-89.3408,29.8691],[-89.3529,29.8703],[-89.3703,29.8665],[-89.3784,29.8589],[-89.3584,29.8585],[-89.376,29.851],[-89.3777,29.8474],[-89.3709,29.8454],[-89.3544,29.8501],[-89.3551,29.8465],[-89.3874,29.8366],[-89.3855,29.8292],[-89.3876,29.8274],[-89.3944,29.8303],[-89.3998,29.8245],[-89.413,29.8229]]],[[[-89.2569,29.8179],[-89.2621,29.819],[-89.2615,29.8222],[-89.2524,29.8284],[-89.2409,29.8277],[-89.2378,29.8226],[-89.2406,29.8194],[-89.2569,29.8179]]],[[[-89.3107,29.8135],[-89.3174,29.8173],[-89.3217,29.8142],[-89.323,29.8243],[-89.3336,29.8236],[-89.3366,29.8269],[-89.3379,29.8375],[-89.3351,29.8452],[-89.3455,29.8481],[-89.3473,29.8596],[-89.3436,29.8609],[-89.3229,29.85],[-89.3216,29.838],[-89.3063,29.8194],[-89.3107,29.8135]]],[[[-88.9657,29.8084],[-88.9693,29.8121],[-88.9655,29.8161],[-88.9625,29.8115],[-88.9657,29.8084]]],[[[-89.3724,29.8084],[-89.3969,29.8162],[-89.4132,29.8142],[-89.4132,29.8165],[-89.4025,29.8213],[-89.3831,29.8209],[-89.3613,29.8269],[-89.3567,29.8227],[-89.3452,29.8202],[-89.3412,29.8132],[-89.3522,29.8148],[-89.3523,29.8093],[-89.3707,29.8111],[-89.3724,29.8084]]],[[[-89.448,29.7929],[-89.4604,29.7981],[-89.4593,29.8018],[-89.4452,29.7997],[-89.441,29.7964],[-89.448,29.7929]]],[[[-88.9805,29.789],[-88.9868,29.7914],[-88.9882,29.7956],[-88.9835,29.8124],[-88.977,29.8178],[-88.9746,29.7953],[-88.9763,29.7894],[-88.9805,29.789]]],[[[-84.658,29.7774],[-84.668,29.7792],[-84.6744,29.786],[-84.6554,29.7824],[-84.6429,29.7898],[-84.6318,29.7885],[-84.6203,29.7941],[-84.6041,29.8116],[-84.5926,29.8158],[-84.5852,29.8112],[-84.5832,29.8254],[-84.5764,29.8282],[-84.5721,29.826],[-84.5747,29.8118],[-84.582,29.8048],[-84.6087,29.7955],[-84.6239,29.7854],[-84.658,29.7774]]],[[[-83.5862,29.7745],[-83.5893,29.78],[-83.5846,29.7832],[-83.5862,29.7745]]],[[[-89.5128,29.7661],[-89.5199,29.7745],[-89.5115,29.7739],[-89.5096,29.7674],[-89.5128,29.7661]]],[[[-89.2853,29.7594],[-89.3024,29.768],[-89.3028,29.7726],[-89.3207,29.773],[-89.3604,29.8008],[-89.3358,29.7976],[-89.3256,29.7873],[-89.3071,29.7892],[-89.2968,29.7798],[-89.3016,29.7992],[-89.2772,29.806],[-89.278,29.7959],[-89.2928,29.7935],[-89.2914,29.787],[-89.2858,29.7815],[-89.2891,29.7733],[-89.2836,29.7658],[-89.2853,29.7594]]],[[[-89.2975,29.7546],[-89.3163,29.761],[-89.3167,29.7651],[-89.3,29.7606],[-89.2958,29.7583],[-89.2975,29.7546]]],[[[-89.5162,29.7524],[-89.5146,29.7565],[-89.5034,29.7614],[-89.4983,29.7571],[-89.5162,29.7524]]],[[[-84.7276,29.7435],[-84.7308,29.7481],[-84.7235,29.7504],[-84.7224,29.7458],[-84.7276,29.7435]]],[[[-88.87,29.7424],[-88.8709,29.7461],[-88.8636,29.7606],[-88.8664,29.7726],[-88.8593,29.7797],[-88.8634,29.7849],[-88.8621,29.7917],[-88.8471,29.7996],[-88.8465,29.8028],[-88.8522,29.8048],[-88.8516,29.8084],[-88.836,29.819],[-88.8405,29.826],[-88.8391,29.8356],[-88.8316,29.8423],[-88.8378,29.8456],[-88.831,29.8588],[-88.8314,29.8629],[-88.8377,29.864],[-88.8376,29.8681],[-88.8311,29.8716],[-88.8332,29.8725],[-88.8284,29.8761],[-88.8287,29.8816],[-88.8222,29.8869],[-88.8282,29.8958],[-88.8257,29.9086],[-88.8214,29.9117],[-88.8256,29.9141],[-88.8204,29.9254],[-88.8267,29.9274],[-88.8286,29.9334],[-88.8262,29.942],[-88.8305,29.9403],[-88.8341,29.9431],[-88.8345,29.9468],[-88.8297,29.949],[-88.8274,29.9549],[-88.8357,29.9587],[-88.8286,29.9659],[-88.8332,29.9715],[-88.8352,29.9903],[-88.8401,30.0014],[-88.839,30.0046],[-88.8353,30.0045],[-88.8302,29.9994],[-88.8162,29.9413],[-88.8159,29.8872],[-88.8291,29.8202],[-88.8509,29.7658],[-88.87,29.7424]]],[[[-89.3538,29.7338],[-89.3699,29.7414],[-89.3718,29.7474],[-89.3618,29.749],[-89.3609,29.7444],[-89.3478,29.741],[-89.349,29.7351],[-89.3538,29.7338]]],[[[-89.4221,29.7333],[-89.4433,29.746],[-89.443,29.7579],[-89.465,29.7643],[-89.468,29.7708],[-89.4722,29.7695],[-89.4719,29.7617],[-89.4773,29.754],[-89.462,29.7551],[-89.459,29.7495],[-89.4708,29.7397],[-89.4872,29.7345],[-89.4927,29.7483],[-89.4898,29.7602],[-89.4932,29.7694],[-89.5016,29.7714],[-89.4992,29.7833],[-89.488,29.7913],[-89.4926,29.7937],[-89.492,29.7964],[-89.4461,29.7818],[-89.437,29.7665],[-89.4332,29.7523],[-89.427,29.7485],[-89.4272,29.7416],[-89.4184,29.7359],[-89.4221,29.7333]]],[[[-89.3685,29.7318],[-89.3733,29.7319],[-89.3732,29.7342],[-89.3668,29.7372],[-89.3653,29.734],[-89.3685,29.7318]]],[[[-89.2573,29.725],[-89.2703,29.7298],[-89.2688,29.7463],[-89.2615,29.7461],[-89.2612,29.7356],[-89.2547,29.7263],[-89.2573,29.725]]],[[[-84.9717,29.7247],[-84.9697,29.7297],[-84.9555,29.7317],[-84.9544,29.7262],[-84.9717,29.7247]]],[[[-88.8858,29.7235],[-88.8775,29.7375],[-88.8739,29.7365],[-88.8729,29.7333],[-88.8779,29.7266],[-88.8858,29.7235]]],[[[-89.4944,29.7213],[-89.5134,29.7391],[-89.517,29.7437],[-89.5148,29.7478],[-89.4981,29.7411],[-89.4884,29.7281],[-89.4944,29.7213]]],[[[-89.5806,29.7197],[-89.5866,29.7312],[-89.5812,29.7394],[-89.577,29.7402],[-89.5757,29.726],[-89.5806,29.7197]]],[[[-89.6216,29.7176],[-89.6225,29.7236],[-89.6183,29.7254],[-89.6158,29.7217],[-89.6216,29.7176]]],[[[-89.608,29.7165],[-89.6115,29.7216],[-89.5992,29.7315],[-89.594,29.7291],[-89.5948,29.7208],[-89.608,29.7165]]],[[[-89.5397,29.7162],[-89.5475,29.7205],[-89.5509,29.7311],[-89.525,29.7361],[-89.5209,29.7337],[-89.5216,29.7269],[-89.5416,29.7249],[-89.5371,29.7166],[-89.5397,29.7162]]],[[[-88.8893,29.714],[-88.8934,29.7178],[-88.887,29.7199],[-88.8893,29.714]]],[[[-89.566,29.7135],[-89.5626,29.7235],[-89.5547,29.7243],[-89.5533,29.7187],[-89.566,29.7135]]],[[[-88.8942,29.7068],[-88.8994,29.7087],[-88.8957,29.7119],[-88.8942,29.7068]]],[[[-89.5547,29.7018],[-89.56,29.7033],[-89.5609,29.7092],[-89.5551,29.7091],[-89.5526,29.7041],[-89.5547,29.7018]]],[[[-88.9008,29.7001],[-88.907,29.7025],[-88.9027,29.7052],[-88.9008,29.7001]]],[[[-84.7918,29.6982],[-84.7945,29.7027],[-84.7877,29.7051],[-84.7866,29.7005],[-84.7918,29.6982]]],[[[-89.5056,29.6908],[-89.5308,29.6922],[-89.5264,29.7022],[-89.532,29.7069],[-89.522,29.7085],[-89.5261,29.715],[-89.5244,29.7205],[-89.5165,29.719],[-89.5147,29.7061],[-89.4991,29.699],[-89.5003,29.693],[-89.5056,29.6908]]],[[[-88.911,29.6907],[-88.9136,29.693],[-88.9098,29.6971],[-88.9073,29.6929],[-88.911,29.6907]]],[[[-84.8805,29.6879],[-84.889,29.6965],[-84.8901,29.7038],[-84.8827,29.7039],[-84.8806,29.697],[-84.8731,29.6898],[-84.8805,29.6879]]],[[[-89.3939,29.6855],[-89.4012,29.6884],[-89.3957,29.6956],[-89.3917,29.6896],[-89.3939,29.6855]]],[[[-88.9326,29.6729],[-88.9398,29.6781],[-88.9185,29.6881],[-88.9198,29.6785],[-88.9326,29.6729]]],[[[-89.4725,29.671],[-89.4745,29.6751],[-89.4682,29.6764],[-89.4693,29.6714],[-89.4725,29.671]]],[[[-89.5298,29.6702],[-89.529,29.6793],[-89.5383,29.685],[-89.5451,29.687],[-89.5572,29.6849],[-89.5572,29.6876],[-89.5408,29.691],[-89.5205,29.6856],[-89.5211,29.6824],[-89.5174,29.681],[-89.509,29.6808],[-89.5059,29.6785],[-89.5071,29.6748],[-89.5228,29.6737],[-89.5298,29.6702]]],[[[-89.4527,29.6637],[-89.4585,29.6638],[-89.461,29.6689],[-89.4625,29.6914],[-89.4693,29.6961],[-89.4665,29.6997],[-89.4696,29.7039],[-89.4764,29.7036],[-89.4825,29.711],[-89.4824,29.717],[-89.4786,29.7238],[-89.4639,29.7198],[-89.4413,29.7203],[-89.4394,29.7157],[-89.4357,29.7166],[-89.4365,29.7257],[-89.4317,29.7279],[-89.4292,29.7233],[-89.4292,29.7018],[-89.4385,29.7075],[-89.4422,29.7052],[-89.435,29.7019],[-89.4311,29.6885],[-89.4344,29.6845],[-89.4245,29.6792],[-89.4309,29.6762],[-89.4516,29.6889],[-89.4507,29.6816],[-89.443,29.6746],[-89.4527,29.6637]]],[[[-83.4209,29.6633],[-83.4293,29.6647],[-83.4287,29.667],[-83.4151,29.6688],[-83.4146,29.666],[-83.4209,29.6633]]],[[[-88.9434,29.6617],[-88.9459,29.6659],[-88.9401,29.6671],[-88.9397,29.6634],[-88.9434,29.6617]]],[[[-83.4377,29.6616],[-83.4413,29.6657],[-83.4345,29.6675],[-83.4345,29.6629],[-83.4377,29.6616]]],[[[-89.4666,29.6567],[-89.4707,29.6595],[-89.469,29.6645],[-89.4659,29.6635],[-89.4666,29.6567]]],[[[-83.4094,29.6559],[-83.4125,29.6582],[-83.4125,29.6642],[-83.403,29.6609],[-83.4094,29.6559]]],[[[-89.4457,29.6489],[-89.454,29.6546],[-89.4418,29.6603],[-89.4365,29.6602],[-89.4293,29.6546],[-89.431,29.6519],[-89.4457,29.6489]]],[[[-89.4578,29.6478],[-89.4662,29.648],[-89.4662,29.6502],[-89.4567,29.6524],[-89.4552,29.6491],[-89.4578,29.6478]]],[[[-83.4047,29.6477],[-83.4073,29.6477],[-83.4073,29.6536],[-83.4015,29.6536],[-83.4016,29.6486],[-83.4047,29.6477]]],[[[-88.9588,29.6419],[-88.9629,29.6424],[-88.9628,29.6465],[-88.9511,29.6518],[-88.9588,29.6419]]],[[[-89.6171,29.6406],[-89.6196,29.6448],[-89.6347,29.6482],[-89.6283,29.6545],[-89.5943,29.6503],[-89.5896,29.6465],[-89.5992,29.6421],[-89.6107,29.6441],[-89.6171,29.6406]]],[[[-89.4681,29.6356],[-89.4733,29.6362],[-89.4721,29.6435],[-89.4669,29.6411],[-89.4681,29.6356]]],[[[-89.5631,29.6346],[-89.5683,29.637],[-89.5677,29.642],[-89.5604,29.6396],[-89.5631,29.6346]]],[[[-88.9738,29.6294],[-88.9769,29.6317],[-88.9747,29.6367],[-88.9641,29.6388],[-88.9637,29.6337],[-88.9738,29.6294]]],[[[-85.1191,29.6275],[-85.1428,29.6346],[-85.1783,29.6589],[-85.2021,29.671],[-85.219,29.6759],[-85.2212,29.6805],[-85.1965,29.6849],[-85.1697,29.6838],[-85.1571,29.6812],[-85.1439,29.6726],[-85.1186,29.6696],[-85.1139,29.6702],[-85.1145,29.6729],[-85.144,29.6795],[-85.1398,29.6855],[-85.1294,29.6892],[-85.1121,29.6899],[-85.0905,29.685],[-85.0719,29.6733],[-85.0833,29.6618],[-85.0951,29.6355],[-85.1191,29.6275]]],[[[-89.5922,29.6269],[-89.6021,29.6312],[-89.5968,29.6334],[-89.59,29.6309],[-89.5874,29.6286],[-89.5922,29.6269]]],[[[-94.9591,29.6215],[-94.9714,29.6532],[-94.9749,29.6731],[-94.9715,29.678],[-94.9594,29.6518],[-94.9598,29.6357],[-94.9561,29.6273],[-94.9591,29.6215]]],[[[-89.0131,29.6156],[-89.0261,29.621],[-89.028,29.627],[-89.0065,29.6242],[-89.0073,29.6178],[-89.0131,29.6156]]],[[[-89.5607,29.6061],[-89.5642,29.6103],[-89.5604,29.6158],[-89.5564,29.6097],[-89.5607,29.6061]]],[[[-89.6016,29.6055],[-89.6157,29.608],[-89.615,29.6144],[-89.5972,29.6141],[-89.5931,29.6081],[-89.6016,29.6055]]],[[[-89.6588,29.6028],[-89.6619,29.6065],[-89.6591,29.6129],[-89.6487,29.6113],[-89.6493,29.6054],[-89.6588,29.6028]]],[[[-89.5875,29.6016],[-89.5858,29.608],[-89.5758,29.6087],[-89.5764,29.6055],[-89.5875,29.6016]]],[[[-89.6576,29.5881],[-89.6606,29.5946],[-89.6501,29.5962],[-89.6449,29.592],[-89.6576,29.5881]]],[[[-85.0467,29.5865],[-85.0546,29.5887],[-85.0647,29.6037],[-85.0933,29.6204],[-85.0986,29.6259],[-85.0966,29.6282],[-85.0881,29.6264],[-85.0643,29.6106],[-85.0369,29.6017],[-85.0254,29.6],[-85.0081,29.6043],[-84.9475,29.6259],[-84.9272,29.6371],[-84.9262,29.6444],[-84.9194,29.6431],[-84.921,29.6486],[-84.9037,29.6492],[-84.876,29.6659],[-84.8116,29.6815],[-84.8111,29.6847],[-84.7933,29.6899],[-84.7971,29.6963],[-84.7865,29.6936],[-84.775,29.6974],[-84.7688,29.7043],[-84.7782,29.7019],[-84.7803,29.7051],[-84.7772,29.7097],[-84.7312,29.7371],[-84.7099,29.7542],[-84.7073,29.7629],[-84.6999,29.7638],[-84.6978,29.7611],[-84.6993,29.7542],[-84.7546,29.7044],[-84.8026,29.6761],[-84.8534,29.6633],[-84.9443,29.6186],[-85.0195,29.5918],[-85.0467,29.5865]]],[[[-89.6094,29.5864],[-89.6144,29.5943],[-89.6323,29.5946],[-89.6332,29.5992],[-89.6305,29.6019],[-89.6137,29.602],[-89.603,29.5908],[-89.6031,29.5872],[-89.6094,29.5864]]],[[[-89.5906,29.5815],[-89.5979,29.5839],[-89.5941,29.5893],[-89.59,29.5869],[-89.5906,29.5815]]],[[[-89.5315,29.5754],[-89.5392,29.5801],[-89.5277,29.5813],[-89.5315,29.5754]]],[[[-89.648,29.5728],[-89.6579,29.5762],[-89.6804,29.5757],[-89.7027,29.5902],[-89.6942,29.5938],[-89.688,29.5909],[-89.6733,29.5916],[-89.6717,29.5897],[-89.687,29.5854],[-89.6756,29.582],[-89.6441,29.5838],[-89.64,29.5773],[-89.6422,29.5737],[-89.648,29.5728]]],[[[-89.5709,29.571],[-89.5808,29.5749],[-89.5764,29.583],[-89.5697,29.5765],[-89.5709,29.571]]],[[[-89.6314,29.5643],[-89.6377,29.5649],[-89.6365,29.5685],[-89.6227,29.5751],[-89.6127,29.5782],[-89.6076,29.5721],[-89.6156,29.5659],[-89.6314,29.5643]]],[[[-89.6364,29.5488],[-89.6421,29.5526],[-89.642,29.5594],[-89.6327,29.5524],[-89.6364,29.5488]]],[[[-89.6543,29.5477],[-89.6585,29.5496],[-89.6599,29.5565],[-89.6577,29.5579],[-89.6495,29.5532],[-89.6496,29.5481],[-89.6543,29.5477]]],[[[-89.5251,29.5354],[-89.5323,29.5419],[-89.5311,29.5479],[-89.5206,29.5495],[-89.5186,29.5449],[-89.5228,29.5431],[-89.5251,29.5354]]],[[[-89.5431,29.5297],[-89.5472,29.5303],[-89.5497,29.5358],[-89.5419,29.5357],[-89.5388,29.5329],[-89.5431,29.5297]]],[[[-89.6527,29.5239],[-89.671,29.5274],[-89.6566,29.5381],[-89.6503,29.5371],[-89.6526,29.5285],[-89.6501,29.5257],[-89.6527,29.5239]]],[[[-89.5364,29.5214],[-89.5373,29.5287],[-89.5309,29.5318],[-89.5305,29.5281],[-89.5364,29.5214]]],[[[-89.092,29.5198],[-89.0955,29.524],[-89.0798,29.541],[-89.0742,29.5524],[-89.0554,29.5675],[-89.0449,29.5696],[-89.0535,29.5611],[-89.058,29.5506],[-89.0703,29.544],[-89.0755,29.5281],[-89.092,29.5198]]],[[[-89.5125,29.5154],[-89.5265,29.5207],[-89.5122,29.5251],[-89.507,29.5227],[-89.5125,29.5154]]],[[[-89.6073,29.5148],[-89.6182,29.5205],[-89.6208,29.5238],[-89.6191,29.5279],[-89.6066,29.5254],[-89.6041,29.5194],[-89.6073,29.5148]]],[[[-89.6346,29.5126],[-89.6393,29.514],[-89.6377,29.5186],[-89.6298,29.5198],[-89.6256,29.517],[-89.6262,29.5142],[-89.6346,29.5126]]],[[[-89.5986,29.5064],[-89.5963,29.5183],[-89.593,29.5224],[-89.5825,29.5254],[-89.5813,29.5291],[-89.6007,29.5285],[-89.6044,29.5308],[-89.6027,29.5349],[-89.6169,29.5329],[-89.6215,29.5353],[-89.621,29.538],[-89.6046,29.5441],[-89.5886,29.5567],[-89.584,29.5511],[-89.5691,29.5577],[-89.566,29.5558],[-89.5583,29.5484],[-89.5585,29.5433],[-89.5852,29.542],[-89.5859,29.5369],[-89.5661,29.5297],[-89.5626,29.5214],[-89.5874,29.5145],[-89.5986,29.5064]]],[[[-94.88,29.5061],[-94.894,29.5207],[-94.883,29.5129],[-94.88,29.5061]]],[[[-83.3974,29.5001],[-83.4,29.506],[-83.3942,29.5056],[-83.3942,29.501],[-83.3974,29.5001]]],[[[-89.5297,29.4974],[-89.5353,29.5026],[-89.5326,29.5057],[-89.5221,29.5064],[-89.5239,29.4987],[-89.5297,29.4974]]],[[[-83.377,29.4958],[-83.3874,29.5009],[-83.3769,29.5009],[-83.3733,29.4967],[-83.377,29.4958]]],[[[-89.1635,29.4934],[-89.1738,29.4977],[-89.1643,29.503],[-89.1591,29.5015],[-89.1582,29.4965],[-89.1635,29.4934]]],[[[-83.3708,29.4875],[-83.3734,29.4876],[-83.3733,29.4935],[-83.3676,29.4935],[-83.3708,29.4875]]],[[[-89.5657,29.4797],[-89.5808,29.4841],[-89.5816,29.4956],[-89.5653,29.4971],[-89.5657,29.4797]]],[[[-90.0194,29.4772],[-90.0409,29.4784],[-90.0526,29.4946],[-90.0453,29.495],[-90.0188,29.4846],[-90.0194,29.4772]]],[[[-91.2927,29.4761],[-91.3121,29.4789],[-91.3152,29.483],[-91.31,29.4867],[-91.3073,29.4936],[-91.2738,29.5073],[-91.2727,29.5022],[-91.278,29.4954],[-91.2817,29.4811],[-91.2927,29.4761]]],[[[-91.8212,29.4708],[-91.8317,29.4781],[-91.8479,29.4799],[-91.8548,29.4959],[-91.8606,29.5009],[-91.8831,29.5009],[-91.8873,29.5063],[-91.9057,29.5168],[-91.9304,29.5231],[-91.9514,29.5354],[-91.9676,29.5358],[-91.9771,29.544],[-92.0265,29.5658],[-92.0307,29.5685],[-92.0339,29.5772],[-92.0203,29.5754],[-92.0183,29.586],[-92.0083,29.5929],[-91.9995,29.6067],[-91.9838,29.6132],[-91.9633,29.6073],[-91.9366,29.612],[-91.9267,29.6208],[-91.9304,29.6308],[-91.9283,29.6363],[-91.9162,29.6341],[-91.9016,29.6415],[-91.8942,29.6337],[-91.8769,29.6283],[-91.8653,29.6334],[-91.8574,29.6261],[-91.8511,29.627],[-91.8491,29.6316],[-91.8433,29.6307],[-91.8391,29.6229],[-91.8417,29.6197],[-91.8369,29.6142],[-91.8227,29.6046],[-91.8028,29.6006],[-91.8017,29.59],[-91.7807,29.5974],[-91.7786,29.591],[-91.7728,29.5901],[-91.7759,29.5731],[-91.7717,29.5672],[-91.7691,29.5672],[-91.7681,29.5764],[-91.746,29.576],[-91.7387,29.5796],[-91.7356,29.5856],[-91.7303,29.5815],[-91.7355,29.5686],[-91.734,29.5641],[-91.7015,29.5733],[-91.7072,29.5572],[-91.7281,29.5407],[-91.7538,29.5301],[-91.7647,29.5173],[-91.7699,29.4984],[-91.7605,29.487],[-91.7866,29.4801],[-91.7971,29.4837],[-91.8039,29.4823],[-91.8165,29.4772],[-91.8212,29.4708]]],[[[-90.0976,29.4673],[-90.1027,29.4742],[-90.1004,29.4866],[-90.1219,29.4891],[-90.1217,29.502],[-90.1173,29.5102],[-90.0984,29.5154],[-90.0969,29.5085],[-90.0933,29.508],[-90.0859,29.5125],[-90.0769,29.5128],[-90.0713,29.5045],[-90.0567,29.502],[-90.0545,29.4795],[-90.0663,29.4907],[-90.0825,29.4932],[-90.0862,29.491],[-90.0832,29.4868],[-90.0686,29.4825],[-90.0686,29.4797],[-90.0976,29.4673]]],[[[-89.2095,29.4586],[-89.2168,29.4592],[-89.2204,29.4638],[-89.2177,29.4665],[-89.1982,29.4707],[-89.1836,29.4681],[-89.1643,29.4828],[-89.1678,29.471],[-89.1806,29.4635],[-89.2095,29.4586]]],[[[-89.9014,29.4581],[-89.9061,29.4582],[-89.9066,29.461],[-89.9012,29.4701],[-89.8955,29.4631],[-89.8967,29.459],[-89.9014,29.4581]]],[[[-89.9021,29.4476],[-89.9036,29.4508],[-89.8957,29.4567],[-89.8836,29.4597],[-89.8842,29.4556],[-89.8911,29.4502],[-89.9021,29.4476]]],[[[-89.9901,29.4475],[-89.991,29.4571],[-89.9836,29.4598],[-89.98,29.4561],[-89.9822,29.451],[-89.9901,29.4475]]],[[[-90.0306,29.4375],[-90.0363,29.4413],[-90.0325,29.4462],[-90.0345,29.4527],[-90.0308,29.4545],[-90.0256,29.4503],[-90.0263,29.4429],[-90.0306,29.4375]]],[[[-89.9055,29.4334],[-89.9118,29.4349],[-89.9138,29.4386],[-89.9006,29.4435],[-89.9013,29.4348],[-89.9055,29.4334]]],[[[-89.8779,29.4298],[-89.888,29.4451],[-89.8827,29.4492],[-89.8696,29.4513],[-89.8642,29.4562],[-89.8663,29.4595],[-89.8752,29.4596],[-89.8751,29.4633],[-89.8729,29.4673],[-89.8629,29.4722],[-89.8548,29.4556],[-89.8612,29.452],[-89.871,29.4316],[-89.8779,29.4298]]],[[[-89.9391,29.428],[-89.9368,29.4389],[-89.9398,29.4482],[-89.9319,29.4513],[-89.9152,29.4492],[-89.9152,29.4464],[-89.9247,29.442],[-89.9391,29.428]]],[[[-83.2828,29.426],[-83.2853,29.432],[-83.2791,29.432],[-83.2796,29.4269],[-83.2828,29.426]]],[[[-89.9669,29.4247],[-89.9721,29.428],[-89.9705,29.4303],[-89.9606,29.4292],[-89.9601,29.426],[-89.9669,29.4247]]],[[[-91.8534,29.423],[-91.8582,29.4272],[-91.8576,29.4313],[-91.8498,29.4359],[-91.8466,29.4286],[-91.8534,29.423]]],[[[-90,29.421],[-90.0036,29.4252],[-90.0054,29.4395],[-90.0168,29.4451],[-90.0234,29.4612],[-90.0537,29.4649],[-90.0603,29.4732],[-90.0545,29.4754],[-90.0148,29.4708],[-90.015,29.4598],[-89.9994,29.4536],[-89.9975,29.4412],[-89.9824,29.4401],[-89.9767,29.4363],[-90,29.421]]],[[[-91.8581,29.412],[-91.8602,29.4161],[-91.8534,29.418],[-91.8534,29.4134],[-91.8581,29.412]]],[[[-89.9877,29.4062],[-89.9881,29.4154],[-89.9801,29.4231],[-89.9792,29.413],[-89.9877,29.4062]]],[[[-89.5188,29.4046],[-89.5229,29.4083],[-89.5227,29.4161],[-89.5305,29.42],[-89.5354,29.4301],[-89.5306,29.4355],[-89.5168,29.4225],[-89.5188,29.4046]]],[[[-90.015,29.4043],[-90.0217,29.4094],[-90.0127,29.4148],[-90.0069,29.4138],[-90.0065,29.4101],[-90.015,29.4043]]],[[[-89.8721,29.4036],[-89.8809,29.4088],[-89.8677,29.4136],[-89.8679,29.4049],[-89.8721,29.4036]]],[[[-89.4795,29.4034],[-89.4832,29.4053],[-89.4814,29.4117],[-89.4782,29.4153],[-89.4703,29.4165],[-89.4689,29.4092],[-89.4795,29.4034]]],[[[-89.9938,29.3889],[-90.0246,29.392],[-90.0255,29.3989],[-89.9998,29.4045],[-89.9938,29.3889]]],[[[-89.3146,29.3878],[-89.3224,29.3889],[-89.3237,29.3986],[-89.3133,29.3952],[-89.3103,29.3901],[-89.3146,29.3878]]],[[[-89.8265,29.3782],[-89.8328,29.3792],[-89.8358,29.3856],[-89.83,29.3869],[-89.8249,29.3804],[-89.8265,29.3782]]],[[[-90.0228,29.3732],[-90.0232,29.3842],[-90.0117,29.3827],[-90.0086,29.3794],[-90.0123,29.374],[-90.0228,29.3732]]],[[[-81.6572,29.3724],[-81.6696,29.3786],[-81.6705,29.3846],[-81.6631,29.3868],[-81.659,29.3844],[-81.6545,29.376],[-81.6572,29.3724]]],[[[-89.8507,29.3721],[-89.8553,29.3786],[-89.85,29.3845],[-89.8448,29.3826],[-89.8434,29.3747],[-89.8507,29.3721]]],[[[-89.9889,29.3672],[-89.993,29.3728],[-89.9877,29.3755],[-89.9852,29.3704],[-89.9889,29.3672]]],[[[-89.8378,29.3641],[-89.8414,29.3697],[-89.8392,29.3715],[-89.8256,29.3722],[-89.8263,29.3658],[-89.8378,29.3641]]],[[[-89.8635,29.3627],[-89.867,29.3701],[-89.8648,29.3732],[-89.857,29.3722],[-89.8566,29.3676],[-89.8635,29.3627]]],[[[-89.8908,29.3557],[-89.903,29.3756],[-89.8898,29.3814],[-89.8856,29.3786],[-89.8906,29.3672],[-89.8886,29.3626],[-89.8908,29.3557]]],[[[-89.7867,29.3555],[-89.7914,29.3565],[-89.799,29.3667],[-89.7749,29.3723],[-89.7734,29.3682],[-89.7788,29.3568],[-89.7867,29.3555]]],[[[-89.3621,29.3512],[-89.3651,29.354],[-89.3614,29.3571],[-89.3583,29.3552],[-89.3621,29.3512]]],[[[-90.0264,29.3508],[-90.0316,29.3532],[-90.0251,29.3627],[-90.0215,29.3572],[-90.0264,29.3508]]],[[[-81.6403,29.3422],[-81.6434,29.3432],[-81.6503,29.359],[-81.6465,29.3814],[-81.6366,29.3807],[-81.628,29.3704],[-81.6298,29.3608],[-81.6389,29.3532],[-81.6403,29.3422]]],[[[-89.3477,29.3422],[-89.3528,29.3441],[-89.3532,29.3501],[-89.3485,29.3495],[-89.3477,29.3422]]],[[[-89.8628,29.3416],[-89.868,29.3426],[-89.8674,29.3471],[-89.8617,29.3471],[-89.8628,29.3416]]],[[[-89.1757,29.3382],[-89.1835,29.3397],[-89.1843,29.3494],[-89.1739,29.3455],[-89.1714,29.3404],[-89.1757,29.3382]]],[[[-89.9932,29.3348],[-89.9952,29.3389],[-90.0077,29.3437],[-90.0107,29.3501],[-90.0051,29.3721],[-90.0009,29.3729],[-89.9978,29.3669],[-90.0027,29.3592],[-90.0007,29.355],[-89.9887,29.3526],[-89.9849,29.3571],[-89.9797,29.357],[-89.9677,29.3532],[-89.9705,29.3468],[-89.9851,29.3466],[-89.9873,29.3438],[-89.9779,29.3391],[-89.9932,29.3348]]],[[[-83.1675,29.3331],[-83.1711,29.3368],[-83.1638,29.339],[-83.1675,29.3331]]],[[[-89.8312,29.3273],[-89.8349,29.3288],[-89.8342,29.3338],[-89.8388,29.3417],[-89.8317,29.3539],[-89.8291,29.3534],[-89.8262,29.3424],[-89.8231,29.3419],[-89.8213,29.3542],[-89.8181,29.356],[-89.8221,29.3639],[-89.8131,29.3715],[-89.8096,29.3628],[-89.7977,29.3552],[-89.7896,29.3418],[-89.8127,29.3376],[-89.8312,29.3273]]],[[[-91.1671,29.3273],[-91.1707,29.331],[-91.1624,29.33],[-91.1671,29.3273]]],[[[-83.1587,29.327],[-83.1628,29.3312],[-83.1555,29.333],[-83.1587,29.327]]],[[[-89.1719,29.3253],[-89.1791,29.3277],[-89.178,29.3309],[-89.1696,29.3298],[-89.1687,29.3266],[-89.1719,29.3253]]],[[[-90.0425,29.324],[-90.0419,29.3313],[-90.035,29.334],[-90.033,29.3316],[-90.0352,29.3266],[-90.0425,29.324]]],[[[-94.8144,29.314],[-94.8207,29.3143],[-94.8224,29.3204],[-94.8221,29.3249],[-94.8121,29.3341],[-94.8135,29.3369],[-94.8265,29.3476],[-94.8388,29.3423],[-94.8335,29.3517],[-94.8199,29.3524],[-94.7823,29.3336],[-94.7899,29.3202],[-94.8144,29.314]]],[[[-89.8352,29.3123],[-89.8429,29.3193],[-89.8397,29.3243],[-89.8325,29.3141],[-89.8352,29.3123]]],[[[-90.5049,29.3104],[-90.5122,29.3123],[-90.5126,29.3173],[-90.5121,29.3219],[-90.5036,29.3278],[-90.501,29.3269],[-90.5006,29.3204],[-90.5049,29.3104]]],[[[-83.1646,29.3101],[-83.1682,29.3138],[-83.1609,29.3156],[-83.1614,29.311],[-83.1646,29.3101]]],[[[-91.0679,29.3013],[-91.0747,29.3031],[-91.0783,29.3132],[-91.0856,29.3155],[-91.0845,29.3178],[-91.0751,29.316],[-91.0741,29.3187],[-91.0845,29.3298],[-91.0834,29.3339],[-91.0626,29.3219],[-91.0636,29.3178],[-91.0569,29.3049],[-91.0679,29.3013]]],[[[-89.9671,29.3009],[-89.977,29.3043],[-89.98,29.3126],[-89.9857,29.3168],[-89.9871,29.325],[-89.9787,29.3245],[-89.9745,29.3276],[-89.9626,29.3196],[-89.9671,29.3009]]],[[[-83.1626,29.2982],[-83.1663,29.3],[-83.1646,29.306],[-83.1583,29.3078],[-83.1573,29.3032],[-83.1626,29.2982]]],[[[-89.8993,29.2944],[-89.8929,29.304],[-89.8877,29.3002],[-89.8865,29.308],[-89.8792,29.3047],[-89.8859,29.313],[-89.8931,29.3154],[-89.91,29.3083],[-89.911,29.3125],[-89.8986,29.3284],[-89.8969,29.337],[-89.888,29.3378],[-89.8862,29.3259],[-89.8737,29.3216],[-89.8776,29.334],[-89.8734,29.3353],[-89.8633,29.3154],[-89.853,29.3093],[-89.8542,29.3025],[-89.8993,29.2944]]],[[[-94.9177,29.2937],[-94.9284,29.2983],[-94.9106,29.2993],[-94.9092,29.2965],[-94.9177,29.2937]]],[[[-83.1632,29.2876],[-83.1669,29.2913],[-83.1595,29.2936],[-83.1632,29.2876]]],[[[-90.1027,29.2872],[-90.1121,29.2905],[-90.1114,29.2992],[-90.1057,29.2954],[-90.1027,29.2872]]],[[[-89.9612,29.2843],[-89.9693,29.2941],[-89.9574,29.2907],[-89.9569,29.2875],[-89.9612,29.2843]]],[[[-90.0281,29.2839],[-90.0206,29.2925],[-90.0268,29.2994],[-90.0262,29.3026],[-90.0142,29.2997],[-90.0107,29.2901],[-90.0281,29.2839]]],[[[-89.9894,29.2833],[-89.994,29.2875],[-89.9888,29.2865],[-89.9894,29.2833]]],[[[-89.9737,29.2827],[-89.9789,29.2841],[-89.9721,29.2877],[-89.9711,29.284],[-89.9737,29.2827]]],[[[-94.9237,29.2811],[-94.933,29.2843],[-94.9323,29.2865],[-94.9219,29.286],[-94.9237,29.2811]]],[[[-89.9661,29.272],[-89.9703,29.2725],[-89.9707,29.2767],[-89.9613,29.2779],[-89.9608,29.2742],[-89.9661,29.272]]],[[[-89.9338,29.2683],[-89.9457,29.2703],[-89.9419,29.2818],[-89.936,29.2876],[-89.9172,29.2887],[-89.9123,29.2965],[-89.9071,29.2964],[-89.9052,29.2885],[-89.9338,29.2683]]],[[[-90.4658,29.261],[-90.4704,29.2651],[-90.4704,29.2697],[-90.465,29.2756],[-90.4598,29.2765],[-90.4578,29.2742],[-90.4658,29.261]]],[[[-90.0264,29.2582],[-90.0311,29.2619],[-90.03,29.2646],[-90.0242,29.2682],[-90.0185,29.2659],[-90.0212,29.2599],[-90.0264,29.2582]]],[[[-90.4068,29.2563],[-90.413,29.2568],[-90.4156,29.2609],[-90.4077,29.2641],[-90.4068,29.2563]]],[[[-90.0001,29.2427],[-90.0058,29.2437],[-90.0052,29.2478],[-89.9931,29.2504],[-89.9914,29.2604],[-89.9783,29.2621],[-89.9732,29.2574],[-89.9725,29.2629],[-89.9631,29.2646],[-89.9658,29.2587],[-89.9769,29.2515],[-89.9838,29.2484],[-89.9837,29.2544],[-89.9911,29.2458],[-90.0001,29.2427]]],[[[-90.0147,29.2397],[-90.0199,29.2411],[-90.0182,29.2535],[-90.0124,29.2529],[-90.0104,29.2474],[-90.01,29.2405],[-90.0147,29.2397]]],[[[-83.0813,29.2329],[-83.0838,29.2389],[-83.0776,29.2388],[-83.0813,29.2329]]],[[[-90.451,29.2296],[-90.4546,29.2361],[-90.4522,29.2617],[-90.4453,29.269],[-90.4327,29.2684],[-90.424,29.2601],[-90.4381,29.2616],[-90.434,29.2501],[-90.4414,29.2465],[-90.4441,29.2374],[-90.451,29.2296]]],[[[-90.8369,29.2263],[-90.8422,29.2277],[-90.84,29.2313],[-90.8306,29.2331],[-90.8244,29.2303],[-90.8281,29.2267],[-90.8369,29.2263]]],[[[-90.4129,29.2242],[-90.416,29.2284],[-90.4118,29.2348],[-90.4092,29.2283],[-90.4129,29.2242]]],[[[-90.5346,29.2235],[-90.5762,29.239],[-90.5814,29.2423],[-90.5803,29.2459],[-90.5709,29.2459],[-90.5351,29.2286],[-90.5315,29.2258],[-90.5346,29.2235]]],[[[-90.4041,29.22],[-90.4083,29.2219],[-90.404,29.2333],[-90.4064,29.2489],[-90.4027,29.2507],[-90.3972,29.2277],[-90.4041,29.22]]],[[[-90.8563,29.2195],[-90.8735,29.221],[-90.885,29.2288],[-90.8833,29.2375],[-90.8776,29.2412],[-90.8745,29.2366],[-90.8562,29.236],[-90.852,29.2319],[-90.8568,29.225],[-90.8563,29.2195]]],[[[-90.0433,29.2194],[-90.0475,29.2204],[-90.0469,29.2245],[-90.0415,29.2309],[-90.0369,29.2253],[-90.0433,29.2194]]],[[[-90.4893,29.2158],[-90.4955,29.2195],[-90.4882,29.2222],[-90.4893,29.2158]]],[[[-91.1336,29.2153],[-91.156,29.2204],[-91.2135,29.2238],[-91.2755,29.2446],[-91.3,29.2625],[-91.3527,29.3181],[-91.3558,29.3263],[-91.3542,29.3341],[-91.3464,29.3341],[-91.3469,29.3231],[-91.337,29.3107],[-91.312,29.3061],[-91.3083,29.3097],[-91.2968,29.3106],[-91.2905,29.3166],[-91.2915,29.3216],[-91.2774,29.3317],[-91.2763,29.3482],[-91.2695,29.361],[-91.2428,29.3743],[-91.2297,29.3761],[-91.2344,29.3687],[-91.236,29.3568],[-91.2116,29.3187],[-91.2032,29.3164],[-91.1917,29.3031],[-91.1891,29.3049],[-91.1922,29.3113],[-91.1896,29.3168],[-91.1718,29.3259],[-91.1661,29.325],[-91.1619,29.3195],[-91.1682,29.303],[-91.1704,29.2746],[-91.1871,29.2755],[-91.196,29.2852],[-91.1934,29.2939],[-91.2006,29.3017],[-91.2048,29.3017],[-91.2012,29.2921],[-91.2033,29.2815],[-91.207,29.2783],[-91.1971,29.2719],[-91.2013,29.2678],[-91.1997,29.265],[-91.1924,29.2581],[-91.1872,29.2673],[-91.1741,29.2682],[-91.1533,29.2571],[-91.1543,29.2534],[-91.1658,29.2516],[-91.1727,29.2374],[-91.1675,29.2328],[-91.1633,29.2333],[-91.1654,29.2369],[-91.1633,29.2401],[-91.1481,29.2424],[-91.147,29.2525],[-91.1408,29.2525],[-91.1371,29.2474],[-91.1398,29.23],[-91.132,29.2212],[-91.1336,29.2153]]],[[[-90.4627,29.2146],[-90.4663,29.2169],[-90.4683,29.2252],[-90.463,29.2297],[-90.4594,29.226],[-90.4627,29.2146]]],[[[-90.4789,29.2138],[-90.4809,29.2198],[-90.4762,29.2212],[-90.4741,29.2184],[-90.4789,29.2138]]],[[[-89.4826,29.2132],[-89.4919,29.2161],[-89.4944,29.2203],[-89.4824,29.22],[-89.4826,29.2132]]],[[[-83.0815,29.2122],[-83.0893,29.2201],[-83.086,29.2265],[-83.0798,29.2255],[-83.0752,29.2186],[-83.0757,29.2149],[-83.0815,29.2122]]],[[[-90.4429,29.2117],[-90.447,29.2195],[-90.4432,29.2236],[-90.4376,29.2167],[-90.4429,29.2117]]],[[[-90.5594,29.204],[-90.5813,29.2083],[-90.5816,29.2226],[-90.5779,29.2248],[-90.5831,29.229],[-90.5826,29.2331],[-90.5768,29.234],[-90.569,29.2298],[-90.5645,29.2169],[-90.5541,29.2086],[-90.5536,29.2049],[-90.5594,29.204]]],[[[-83.0775,29.2007],[-83.0811,29.2044],[-83.0737,29.2067],[-83.0743,29.2016],[-83.0775,29.2007]]],[[[-91.0319,29.2007],[-91.037,29.209],[-91.0333,29.2172],[-91.0319,29.2007]]],[[[-90.4341,29.2006],[-90.4388,29.2038],[-90.4325,29.2084],[-90.4271,29.2202],[-90.4162,29.2178],[-90.4163,29.2082],[-90.4258,29.2019],[-90.4341,29.2006]]],[[[-90.0379,29.1987],[-90.0452,29.1997],[-90.0462,29.2029],[-90.0272,29.2178],[-90.0191,29.231],[-90.0096,29.2341],[-90.0069,29.2391],[-89.986,29.2416],[-89.9616,29.2582],[-89.9594,29.2664],[-89.9511,29.2654],[-89.9592,29.2481],[-89.9651,29.2431],[-90.0241,29.2114],[-90.0379,29.1987]]],[[[-90.4457,29.1979],[-90.4529,29.1989],[-90.4545,29.2044],[-90.4476,29.2062],[-90.4457,29.1979]]],[[[-90.346,29.1969],[-90.3496,29.1979],[-90.3542,29.2085],[-90.352,29.2162],[-90.3483,29.2171],[-90.3446,29.2162],[-90.3463,29.2066],[-90.3423,29.1996],[-90.346,29.1969]]],[[[-90.4097,29.1962],[-90.4138,29.1976],[-90.4126,29.2091],[-90.3974,29.2126],[-90.3892,29.2065],[-90.3897,29.2033],[-90.3997,29.2025],[-90.4097,29.1962]]],[[[-90.4671,29.1931],[-90.4713,29.1936],[-90.4717,29.1986],[-90.4639,29.1977],[-90.4671,29.1931]]],[[[-90.298,29.1904],[-90.3021,29.1983],[-90.2941,29.2074],[-90.2828,29.1976],[-90.298,29.1904]]],[[[-90.4296,29.1891],[-90.4321,29.1932],[-90.4259,29.195],[-90.4238,29.1918],[-90.4296,29.1891]]],[[[-90.3158,29.1865],[-90.319,29.1865],[-90.325,29.2008],[-90.3193,29.2012],[-90.3131,29.1938],[-90.3158,29.1865]]],[[[-90.0522,29.186],[-90.0554,29.1861],[-90.0543,29.1902],[-90.0463,29.1961],[-90.0464,29.1915],[-90.0522,29.186]]],[[[-83.0844,29.1857],[-83.087,29.1857],[-83.0869,29.1916],[-83.0812,29.1916],[-83.0813,29.187],[-83.0844,29.1857]]],[[[-83.0604,29.1854],[-83.0692,29.1924],[-83.0623,29.1988],[-83.0567,29.1909],[-83.0573,29.1863],[-83.0604,29.1854]]],[[[-90.6082,29.1829],[-90.6165,29.188],[-90.621,29.2055],[-90.6173,29.2073],[-90.6101,29.1994],[-90.6082,29.1829]]],[[[-90.4782,29.1808],[-90.4881,29.1823],[-90.4844,29.1873],[-90.4755,29.1891],[-90.473,29.1831],[-90.4782,29.1808]]],[[[-91.0346,29.1791],[-91.0429,29.1888],[-91.0314,29.1878],[-91.0278,29.1832],[-91.0346,29.1791]]],[[[-91.0189,29.1782],[-91.0236,29.1887],[-91.0235,29.197],[-91.0178,29.2011],[-91.0173,29.1942],[-91.0106,29.185],[-91.0189,29.1782]]],[[[-82.9566,29.1772],[-82.9592,29.1831],[-82.9529,29.1831],[-82.9535,29.178],[-82.9566,29.1772]]],[[[-83.0553,29.1767],[-83.0579,29.1767],[-83.0578,29.1827],[-83.0521,29.1826],[-83.0521,29.1776],[-83.0553,29.1767]]],[[[-90.948,29.1755],[-90.9688,29.1926],[-90.941,29.1989],[-90.9514,29.2067],[-90.9498,29.2108],[-90.9346,29.219],[-90.9273,29.2167],[-90.9163,29.2263],[-90.9017,29.2193],[-90.9007,29.2156],[-90.9206,29.2084],[-90.9291,29.1933],[-90.9385,29.1888],[-90.9417,29.1773],[-90.948,29.1755]]],[[[-89.0002,29.1737],[-89.0264,29.1881],[-89.0467,29.1899],[-89.0481,29.1941],[-89.03,29.2051],[-89.0264,29.2046],[-89.0249,29.2027],[-89.0318,29.1978],[-89.0272,29.1954],[-89.0172,29.1993],[-89.0179,29.192],[-89.0142,29.1924],[-89.0143,29.1896],[-89.0071,29.1853],[-89.0014,29.1852],[-89.0025,29.1816],[-88.9979,29.1796],[-88.9975,29.175],[-89.0002,29.1737]]],[[[-82.9337,29.1719],[-82.9373,29.176],[-82.93,29.1778],[-82.9337,29.1719]]],[[[-90.35,29.1713],[-90.352,29.1768],[-90.3472,29.1864],[-90.3414,29.1905],[-90.3299,29.1862],[-90.3347,29.1817],[-90.3436,29.1813],[-90.3431,29.1744],[-90.35,29.1713]]],[[[-90.9981,29.1707],[-91.0085,29.174],[-91.0038,29.1863],[-91.0094,29.201],[-91.0016,29.1978],[-90.9943,29.2023],[-90.9948,29.2051],[-91.0005,29.2148],[-91.0072,29.2162],[-91.024,29.2048],[-91.0265,29.219],[-91.0198,29.2171],[-91.0249,29.2268],[-91.0349,29.2241],[-91.0454,29.2021],[-91.046,29.192],[-91.0517,29.1925],[-91.0522,29.2058],[-91.0416,29.2292],[-91.0494,29.2439],[-91.0452,29.2498],[-91.0284,29.2589],[-91.0247,29.2635],[-91.0263,29.269],[-91.032,29.2708],[-91.043,29.2672],[-91.0546,29.2531],[-91.0692,29.2417],[-91.0683,29.2302],[-91.0609,29.2329],[-91.0573,29.2292],[-91.061,29.2187],[-91.0683,29.216],[-91.0694,29.2109],[-91.0663,29.2086],[-91.0532,29.2109],[-91.0569,29.1994],[-91.0512,29.1888],[-91.0565,29.1824],[-91.0659,29.1811],[-91.0732,29.1857],[-91.0946,29.1876],[-91.1034,29.1982],[-91.1284,29.2166],[-91.132,29.23],[-91.1309,29.2428],[-91.1183,29.2583],[-91.1209,29.2606],[-91.1203,29.273],[-91.125,29.2767],[-91.1276,29.2735],[-91.1302,29.2749],[-91.1333,29.2868],[-91.1092,29.2858],[-91.0846,29.2995],[-91.0627,29.2934],[-91.0554,29.298],[-91.0496,29.2952],[-91.0271,29.2974],[-91.0131,29.2896],[-91.0089,29.2932],[-91.0083,29.3079],[-91.002,29.3134],[-90.9754,29.3045],[-90.9655,29.2939],[-90.9719,29.2802],[-90.9604,29.2765],[-90.9531,29.2696],[-90.9427,29.2686],[-90.9344,29.2497],[-90.9418,29.2461],[-90.9422,29.2539],[-90.949,29.2517],[-90.9485,29.259],[-90.9511,29.2595],[-90.9616,29.2444],[-90.9496,29.242],[-90.9643,29.2334],[-90.9805,29.2316],[-90.9826,29.2353],[-90.9742,29.2412],[-90.9705,29.2513],[-90.9746,29.2545],[-90.9862,29.2482],[-90.9851,29.256],[-90.9777,29.2601],[-90.9636,29.2572],[-90.9631,29.2659],[-90.9813,29.272],[-90.995,29.2615],[-91.0003,29.2423],[-90.992,29.2331],[-90.9931,29.2257],[-90.9837,29.2165],[-90.9827,29.211],[-90.9707,29.2155],[-90.9623,29.2251],[-90.9513,29.2223],[-90.9582,29.2045],[-90.9692,29.2022],[-90.9761,29.1935],[-90.9761,29.1848],[-90.9683,29.1797],[-90.9767,29.1747],[-90.9981,29.1707]]],[[[-82.9458,29.1702],[-82.9499,29.1739],[-82.9426,29.1761],[-82.9458,29.1702]]],[[[-82.964,29.169],[-82.9676,29.1727],[-82.9603,29.1749],[-82.964,29.169]]],[[[-90.6042,29.1654],[-90.6078,29.1728],[-90.6041,29.1746],[-90.5994,29.1695],[-90.6042,29.1654]]],[[[-83.0382,29.1637],[-83.0423,29.1674],[-83.035,29.1696],[-83.0382,29.1637]]],[[[-90.2908,29.1624],[-90.3008,29.1772],[-90.2941,29.1762],[-90.2874,29.1669],[-90.2908,29.1624]]],[[[-82.8525,29.1619],[-82.8561,29.1656],[-82.8487,29.1678],[-82.8525,29.1619]]],[[[-83.0513,29.1615],[-83.0549,29.1643],[-83.0543,29.1739],[-83.0495,29.1762],[-83.046,29.1697],[-83.0513,29.1615]]],[[[-83.0132,29.1603],[-83.0136,29.1699],[-83.0078,29.173],[-83.0032,29.1666],[-83.0043,29.162],[-83.0132,29.1603]]],[[[-83.0237,29.1567],[-83.0263,29.1567],[-83.0262,29.1627],[-83.0205,29.1626],[-83.0205,29.158],[-83.0237,29.1567]]],[[[-89.0461,29.1564],[-89.0502,29.1597],[-89.0648,29.1596],[-89.0614,29.1701],[-89.0643,29.1775],[-89.0587,29.1728],[-89.0545,29.1731],[-89.061,29.182],[-89.0687,29.1854],[-89.0416,29.1866],[-89.0173,29.1782],[-89.0034,29.1697],[-89.0031,29.1641],[-89.0151,29.164],[-89.0186,29.1695],[-89.0294,29.1726],[-89.0332,29.1699],[-89.0383,29.1728],[-89.0375,29.1819],[-89.0516,29.1813],[-89.0488,29.1702],[-89.0407,29.1613],[-89.0461,29.1564]]],[[[-83.0649,29.1538],[-83.0675,29.1598],[-83.0612,29.1598],[-83.0618,29.1547],[-83.0649,29.1538]]],[[[-83.0207,29.1438],[-83.0233,29.1438],[-83.0232,29.1498],[-83.0175,29.1497],[-83.0207,29.1438]]],[[[-90.3536,29.1364],[-90.3498,29.146],[-90.343,29.146],[-90.3462,29.1396],[-90.3536,29.1364]]],[[[-90.6634,29.1361],[-90.6733,29.1375],[-90.6696,29.143],[-90.6607,29.1443],[-90.6582,29.1383],[-90.6634,29.1361]]],[[[-90.8236,29.1335],[-90.833,29.1377],[-90.8261,29.1459],[-90.8177,29.1473],[-90.8167,29.1422],[-90.8236,29.1335]]],[[[-83.0532,29.1308],[-83.0442,29.1422],[-83.0541,29.1427],[-83.0577,29.151],[-83.044,29.1555],[-83.0378,29.1504],[-83.0307,29.137],[-83.0532,29.1308]]],[[[-90.4758,29.1244],[-90.4815,29.1267],[-90.4788,29.1363],[-90.4705,29.1335],[-90.4758,29.1244]]],[[[-90.4117,29.1228],[-90.4169,29.1243],[-90.4189,29.1284],[-90.4168,29.1316],[-90.4117,29.1228]]],[[[-83.0397,29.1224],[-83.0433,29.1261],[-83.036,29.1279],[-83.0366,29.1233],[-83.0397,29.1224]]],[[[-90.8561,29.1186],[-90.8618,29.1195],[-90.8654,29.1269],[-90.8387,29.1341],[-90.8361,29.1318],[-90.8456,29.1213],[-90.8561,29.1186]]],[[[-83.0883,29.1183],[-83.0892,29.1265],[-83.0944,29.1321],[-83.0917,29.1357],[-83.0865,29.1334],[-83.084,29.1274],[-83.0883,29.1183]]],[[[-83.0278,29.1159],[-83.0304,29.1159],[-83.0303,29.1219],[-83.0246,29.1218],[-83.0247,29.1172],[-83.0278,29.1159]]],[[[-90.3921,29.1024],[-90.3978,29.1048],[-90.3978,29.1094],[-90.3622,29.1168],[-90.35,29.13],[-90.3386,29.1294],[-90.3371,29.1225],[-90.3413,29.1157],[-90.3921,29.1024]]],[[[-90.3551,29.1011],[-90.3582,29.1048],[-90.3456,29.1111],[-90.3446,29.1056],[-90.3551,29.1011]]],[[[-90.8405,29.1011],[-90.8425,29.1167],[-90.8247,29.1239],[-90.8206,29.1184],[-90.8228,29.1083],[-90.8405,29.1011]]],[[[-90.4312,29.1001],[-90.4349,29.1038],[-90.4223,29.1101],[-90.4213,29.1046],[-90.4312,29.1001]]],[[[-90.6336,29.0959],[-90.6402,29.1148],[-90.6355,29.1152],[-90.6304,29.1046],[-90.6336,29.0959]]],[[[-90.6743,29.0944],[-90.6784,29.0963],[-90.6784,29.1027],[-90.6716,29.0994],[-90.6706,29.0962],[-90.6743,29.0944]]],[[[-90.5987,29.0938],[-90.6028,29.098],[-90.5965,29.1007],[-90.5945,29.0961],[-90.5987,29.0938]]],[[[-83.0672,29.0938],[-83.0734,29.0956],[-83.0749,29.1021],[-83.0603,29.101],[-83.0672,29.0938]]],[[[-83.0333,29.093],[-83.0374,29.0967],[-83.028,29.0966],[-83.0333,29.093]]],[[[-82.8122,29.0908],[-82.8184,29.0955],[-82.8178,29.1023],[-82.8052,29.1059],[-82.8006,29.1021],[-82.8007,29.0966],[-82.8122,29.0908]]],[[[-95.1097,29.0899],[-95.1148,29.0929],[-95.0984,29.122],[-95.0919,29.1263],[-95.0803,29.1276],[-95.078,29.1321],[-95.0532,29.1447],[-95.0514,29.1492],[-95.0316,29.1575],[-95.0363,29.166],[-95.0177,29.1711],[-95.0178,29.1775],[-95.0141,29.1783],[-95.0117,29.1846],[-95.0008,29.1818],[-95.0015,29.1883],[-94.996,29.1935],[-94.9945,29.1999],[-94.9884,29.1973],[-94.9876,29.2014],[-94.9781,29.2042],[-94.9777,29.2101],[-94.9718,29.2131],[-94.964,29.2113],[-94.9612,29.2158],[-94.9511,29.2181],[-94.9486,29.2253],[-94.9534,29.2315],[-94.9397,29.2341],[-94.9431,29.237],[-94.9409,29.2396],[-94.9341,29.2398],[-94.9311,29.2461],[-94.9215,29.2493],[-94.914,29.2604],[-94.8897,29.2721],[-94.8328,29.2795],[-94.8345,29.286],[-94.849,29.2872],[-94.8787,29.2808],[-94.8778,29.2881],[-94.8642,29.2966],[-94.831,29.3001],[-94.8211,29.3079],[-94.8021,29.3093],[-94.7796,29.3178],[-94.7706,29.3362],[-94.7336,29.3326],[-94.7426,29.3229],[-94.776,29.3002],[-94.7911,29.2849],[-95.0382,29.1426],[-95.1097,29.0899]]],[[[-90.7364,29.0898],[-90.741,29.0935],[-90.7347,29.1004],[-90.7332,29.0944],[-90.7364,29.0898]]],[[[-90.8557,29.0897],[-90.8682,29.0948],[-90.8713,29.1054],[-90.8827,29.1054],[-90.8817,29.1082],[-90.8691,29.1127],[-90.854,29.1103],[-90.8494,29.103],[-90.8572,29.0998],[-90.8531,29.092],[-90.8557,29.0897]]],[[[-89.3276,29.0886],[-89.3318,29.0887],[-89.331,29.0964],[-89.3274,29.0964],[-89.3276,29.0886]]],[[[-90.4789,29.0863],[-90.4918,29.091],[-90.4778,29.0923],[-90.4757,29.0895],[-90.4789,29.0863]]],[[[-90.5988,29.086],[-90.6003,29.0879],[-90.5929,29.0951],[-90.592,29.0873],[-90.5988,29.086]]],[[[-90.8052,29.0852],[-90.8151,29.0876],[-90.8135,29.0913],[-90.8057,29.094],[-90.8067,29.0995],[-90.8014,29.1027],[-90.8087,29.1105],[-90.806,29.1142],[-90.7966,29.1146],[-90.7873,29.1076],[-90.791,29.1026],[-90.7869,29.0975],[-90.8052,29.0852]]],[[[-90.4325,29.0845],[-90.4398,29.0864],[-90.4423,29.0915],[-90.424,29.0977],[-90.4235,29.0908],[-90.4325,29.0845]]],[[[-90.8459,29.0841],[-90.8516,29.0874],[-90.8453,29.0928],[-90.8417,29.0869],[-90.8459,29.0841]]],[[[-90.5305,29.0818],[-90.5383,29.0837],[-90.5419,29.0897],[-90.5388,29.0915],[-90.531,29.0859],[-90.5305,29.0818]]],[[[-95.1197,29.0797],[-95.1251,29.085],[-95.1216,29.0918],[-95.1163,29.0842],[-95.1197,29.0797]]],[[[-82.7968,29.0769],[-82.8056,29.0802],[-82.8081,29.0866],[-82.7992,29.0897],[-82.794,29.0874],[-82.7926,29.0796],[-82.7968,29.0769]]],[[[-82.8109,29.0756],[-82.8135,29.0757],[-82.8134,29.0816],[-82.8077,29.0816],[-82.8109,29.0756]]],[[[-95.1296,29.0715],[-95.1363,29.0727],[-95.1349,29.0786],[-95.1302,29.0788],[-95.1252,29.0745],[-95.1296,29.0715]]],[[[-90.8408,29.0712],[-90.8475,29.0722],[-90.8491,29.0763],[-90.8375,29.0854],[-90.8375,29.0905],[-90.8182,29.0881],[-90.8219,29.0826],[-90.8313,29.079],[-90.8324,29.0735],[-90.8408,29.0712]]],[[[-82.8074,29.0651],[-82.8099,29.071],[-82.8037,29.0705],[-82.8043,29.0659],[-82.8074,29.0651]]],[[[-90.8216,29.0642],[-90.8257,29.0661],[-90.8183,29.0729],[-90.8179,29.0665],[-90.8216,29.0642]]],[[[-90.4051,29.064],[-90.4161,29.0651],[-90.4155,29.0692],[-90.4092,29.07],[-90.4051,29.064]]],[[[-90.8049,29.0614],[-90.8111,29.0628],[-90.8116,29.0665],[-90.8012,29.071],[-90.7949,29.07],[-90.7934,29.0645],[-90.8049,29.0614]]],[[[-90.7215,29.0613],[-90.7267,29.0613],[-90.7298,29.0655],[-90.723,29.0668],[-90.7215,29.0613]]],[[[-82.7814,29.0588],[-82.7839,29.0648],[-82.7777,29.0647],[-82.7814,29.0588]]],[[[-82.8012,29.0581],[-82.8096,29.06],[-82.7986,29.0631],[-82.8012,29.0581]]],[[[-82.7924,29.0571],[-82.796,29.0608],[-82.7887,29.063],[-82.7893,29.058],[-82.7924,29.0571]]],[[[-90.3573,29.053],[-90.3719,29.0545],[-90.3739,29.0614],[-90.3702,29.0632],[-90.3557,29.0576],[-90.3426,29.0593],[-90.3331,29.0715],[-90.3279,29.0719],[-90.3269,29.066],[-90.3112,29.075],[-90.3086,29.0717],[-90.294,29.0725],[-90.2887,29.0775],[-90.2757,29.0782],[-90.282,29.0728],[-90.3286,29.0577],[-90.3573,29.053]]],[[[-90.397,29.0488],[-90.3996,29.0493],[-90.3974,29.0557],[-90.3912,29.0561],[-90.3917,29.0511],[-90.397,29.0488]]],[[[-90.4127,29.0453],[-90.4184,29.0486],[-90.4657,29.055],[-90.5254,29.0785],[-90.5248,29.0817],[-90.4998,29.081],[-90.4874,29.0736],[-90.4811,29.0772],[-90.454,29.0732],[-90.4572,29.0678],[-90.439,29.0667],[-90.4281,29.0583],[-90.4213,29.0601],[-90.4162,29.0573],[-90.4095,29.0462],[-90.4127,29.0453]]],[[[-90.9093,29.0432],[-90.9504,29.0517],[-90.9628,29.0563],[-90.9654,29.0618],[-90.9253,29.0566],[-90.9134,29.0524],[-90.9093,29.0432]]],[[[-90.8879,29.0394],[-90.902,29.0399],[-90.9045,29.0464],[-90.9019,29.0473],[-90.8858,29.0449],[-90.8644,29.0466],[-90.8728,29.0416],[-90.8879,29.0394]]],[[[-90.7936,29.0393],[-90.8004,29.0393],[-90.7967,29.0499],[-90.7805,29.0534],[-90.7784,29.0497],[-90.7936,29.0393]]],[[[-90.7655,29.0386],[-90.7712,29.0387],[-90.7732,29.046],[-90.7523,29.0551],[-90.7508,29.0519],[-90.7388,29.049],[-90.7392,29.06],[-90.7268,29.0576],[-90.7095,29.0639],[-90.7085,29.058],[-90.695,29.057],[-90.6756,29.0651],[-90.673,29.0696],[-90.6605,29.0654],[-90.649,29.0662],[-90.6401,29.0744],[-90.6349,29.0735],[-90.6349,29.0684],[-90.6444,29.0625],[-90.7029,29.0465],[-90.7092,29.0456],[-90.7075,29.0502],[-90.7101,29.052],[-90.7379,29.0407],[-90.7483,29.0422],[-90.7514,29.039],[-90.7655,29.0386]]],[[[-90.827,29.0377],[-90.841,29.0387],[-90.841,29.0423],[-90.8441,29.0428],[-90.8419,29.0547],[-90.8357,29.0542],[-90.8254,29.0413],[-90.827,29.0377]]],[[[-90.803,29.0375],[-90.8218,29.0381],[-90.8185,29.0518],[-90.8227,29.0569],[-90.8205,29.0601],[-90.7971,29.0581],[-90.7971,29.0549],[-90.8102,29.0481],[-90.8129,29.0417],[-90.8035,29.0412],[-90.803,29.0375]]],[[[-82.7636,28.9939],[-82.7661,28.9999],[-82.7599,28.9998],[-82.7636,28.9939]]],[[[-82.744,28.9854],[-82.7481,28.9891],[-82.7407,28.9913],[-82.744,28.9854]]],[[[-82.7477,28.9781],[-82.7503,28.9781],[-82.7502,28.9841],[-82.7445,28.984],[-82.7477,28.9781]]],[[[-82.7432,28.9666],[-82.7473,28.9703],[-82.74,28.9725],[-82.7432,28.9666]]],[[[-82.6997,28.9179],[-82.7017,28.9211],[-82.6965,28.9233],[-82.6955,28.9192],[-82.6997,28.9179]]],[[[-82.6878,28.9154],[-82.6904,28.9155],[-82.6903,28.9214],[-82.6846,28.9214],[-82.6846,28.9168],[-82.6878,28.9154]]],[[[-82.6673,28.8941],[-82.6698,28.9001],[-82.6636,28.9],[-82.6673,28.8941]]],[[[-82.6778,28.8892],[-82.6804,28.8892],[-82.6803,28.8951],[-82.6746,28.8951],[-82.6746,28.8905],[-82.6778,28.8892]]],[[[-82.6575,28.8884],[-82.6611,28.8922],[-82.6538,28.8944],[-82.6575,28.8884]]],[[[-82.6488,28.8819],[-82.6513,28.8879],[-82.645,28.8878],[-82.6488,28.8819]]],[[[-82.6764,28.8804],[-82.679,28.8804],[-82.6789,28.8864],[-82.6731,28.8863],[-82.6764,28.8804]]],[[[-82.691,28.8783],[-82.6936,28.8783],[-82.6935,28.8843],[-82.6877,28.8842],[-82.6878,28.8792],[-82.691,28.8783]]],[[[-82.7047,28.8651],[-82.7083,28.8693],[-82.7015,28.8711],[-82.7015,28.8665],[-82.7047,28.8651]]],[[[-82.6621,28.8646],[-82.6708,28.8675],[-82.6702,28.8734],[-82.6645,28.8734],[-82.6621,28.8646]]],[[[-82.6912,28.8618],[-82.6922,28.8677],[-82.6859,28.8714],[-82.6756,28.8657],[-82.6761,28.8634],[-82.6855,28.8645],[-82.6912,28.8618]]],[[[-82.6465,28.8603],[-82.6496,28.8608],[-82.6494,28.8732],[-82.6546,28.8742],[-82.654,28.8801],[-82.6436,28.8786],[-82.6465,28.8603]]],[[[-82.7152,28.8598],[-82.7178,28.8598],[-82.7177,28.8658],[-82.7119,28.8657],[-82.712,28.8611],[-82.7152,28.8598]]],[[[-82.6637,28.8564],[-82.6673,28.8601],[-82.66,28.8619],[-82.6606,28.8573],[-82.6637,28.8564]]],[[[-82.6592,28.8476],[-82.6618,28.8476],[-82.6617,28.8536],[-82.656,28.8535],[-82.6561,28.8489],[-82.6592,28.8476]]],[[[-82.7304,28.8475],[-82.733,28.8476],[-82.7329,28.8536],[-82.7272,28.8535],[-82.7273,28.8489],[-82.7304,28.8475]]],[[[-82.7211,28.847],[-82.7209,28.8562],[-82.7126,28.8556],[-82.7006,28.8601],[-82.7039,28.8509],[-82.7211,28.847]]],[[[-82.7321,28.837],[-82.7336,28.8416],[-82.7295,28.8425],[-82.7285,28.8383],[-82.7321,28.837]]],[[[-82.7395,28.8316],[-82.7405,28.8362],[-82.7363,28.8371],[-82.7353,28.8325],[-82.7395,28.8316]]],[[[-82.661,28.8311],[-82.6645,28.8431],[-82.6472,28.8493],[-82.6436,28.847],[-82.6557,28.8393],[-82.661,28.8311]]],[[[-82.7381,28.8242],[-82.7401,28.827],[-82.7354,28.8297],[-82.7339,28.8251],[-82.7381,28.8242]]],[[[-82.7017,28.8215],[-82.7021,28.8325],[-82.7078,28.8335],[-82.7178,28.8254],[-82.7223,28.8374],[-82.7196,28.8401],[-82.7045,28.8417],[-82.695,28.8522],[-82.6884,28.8425],[-82.6841,28.8507],[-82.6866,28.858],[-82.6705,28.8578],[-82.6675,28.8482],[-82.6765,28.8409],[-82.6713,28.8372],[-82.672,28.8289],[-82.6808,28.83],[-82.6892,28.8236],[-82.7017,28.8215]]],[[[-82.7345,28.8182],[-82.7355,28.8228],[-82.7298,28.8218],[-82.7345,28.8182]]],[[[-82.7544,28.8097],[-82.7574,28.813],[-82.7559,28.8153],[-82.7501,28.8152],[-82.7486,28.8133],[-82.7544,28.8097]]],[[[-82.7232,28.8084],[-82.7268,28.8122],[-82.7195,28.8144],[-82.7201,28.8093],[-82.7232,28.8084]]],[[[-82.7045,28.8068],[-82.7071,28.8073],[-82.706,28.8133],[-82.7003,28.8132],[-82.6993,28.8091],[-82.7045,28.8068]]],[[[-82.7535,28.7969],[-82.7561,28.7974],[-82.756,28.8024],[-82.7483,28.8009],[-82.7488,28.7977],[-82.7535,28.7969]]],[[[-82.7031,28.7967],[-82.7062,28.7972],[-82.7062,28.8014],[-82.6989,28.8036],[-82.6979,28.799],[-82.7031,28.7967]]],[[[-82.7161,28.7964],[-82.7187,28.7969],[-82.7176,28.8029],[-82.7098,28.8014],[-82.7161,28.7964]]],[[[-82.7395,28.7953],[-82.7452,28.8],[-82.7436,28.8023],[-82.7359,28.7967],[-82.7395,28.7953]]],[[[-82.7433,28.7871],[-82.7447,28.794],[-82.739,28.7939],[-82.7381,28.7893],[-82.7433,28.7871]]],[[[-82.7335,28.7838],[-82.736,28.7898],[-82.7297,28.7897],[-82.7335,28.7838]]],[[[-82.7481,28.7803],[-82.7506,28.7831],[-82.7454,28.7857],[-82.7444,28.7811],[-82.7481,28.7803]]],[[[-82.743,28.7724],[-82.7455,28.7779],[-82.7377,28.776],[-82.743,28.7724]]],[[[-82.6887,28.7561],[-82.6933,28.7608],[-82.6786,28.7712],[-82.688,28.7704],[-82.6905,28.775],[-82.684,28.7887],[-82.6739,28.7743],[-82.6666,28.7724],[-82.6651,28.7683],[-82.6757,28.7587],[-82.6887,28.7561]]],[[[-82.6769,28.7491],[-82.6805,28.7505],[-82.6783,28.7551],[-82.6695,28.755],[-82.6701,28.7513],[-82.6769,28.7491]]],[[[-82.6925,28.747],[-82.6955,28.7516],[-82.6851,28.7533],[-82.6857,28.7497],[-82.6925,28.747]]],[[[-82.6593,28.7452],[-82.6629,28.7471],[-82.6607,28.7517],[-82.6519,28.7516],[-82.6525,28.7479],[-82.6593,28.7452]]],[[[-82.6827,28.7386],[-82.6869,28.7405],[-82.6863,28.7433],[-82.6759,28.7454],[-82.676,28.7413],[-82.6827,28.7386]]],[[[-82.6929,28.7185],[-82.697,28.7204],[-82.6965,28.7232],[-82.6861,28.7249],[-82.6861,28.7212],[-82.6929,28.7185]]],[[[-82.708,28.7169],[-82.7116,28.722],[-82.7012,28.7232],[-82.7012,28.7196],[-82.708,28.7169]]],[[[-82.6702,28.7123],[-82.679,28.7138],[-82.6805,28.7193],[-82.6715,28.7261],[-82.6906,28.7323],[-82.6797,28.7349],[-82.6709,28.7311],[-82.6678,28.7325],[-82.6667,28.7384],[-82.662,28.7365],[-82.6585,28.7314],[-82.6627,28.7246],[-82.6587,28.7186],[-82.6598,28.7145],[-82.6655,28.7159],[-82.6702,28.7123]]],[[[-82.6891,28.6988],[-82.6926,28.7034],[-82.6822,28.7051],[-82.6823,28.7014],[-82.6891,28.6988]]],[[[-82.6699,28.6976],[-82.674,28.699],[-82.6735,28.7022],[-82.6631,28.7035],[-82.6631,28.6998],[-82.6699,28.6976]]],[[[-82.6504,28.6822],[-82.653,28.6827],[-82.6519,28.6891],[-82.6462,28.689],[-82.6452,28.6844],[-82.6504,28.6822]]],[[[-82.6665,28.6801],[-82.6701,28.682],[-82.6696,28.6852],[-82.6592,28.6864],[-82.6619,28.681],[-82.6665,28.6801]]],[[[-82.6668,28.6636],[-82.673,28.6664],[-82.6718,28.6756],[-82.6652,28.6677],[-82.6668,28.6636]]],[[[-82.6783,28.6577],[-82.685,28.6592],[-82.687,28.6657],[-82.6849,28.6684],[-82.6777,28.6655],[-82.6783,28.6577]]],[[[-82.668,28.6507],[-82.6732,28.6517],[-82.6674,28.6599],[-82.6533,28.6662],[-82.6518,28.6625],[-82.668,28.6507]]],[[[-82.6719,28.6352],[-82.675,28.6357],[-82.6739,28.6421],[-82.6677,28.642],[-82.6667,28.6374],[-82.6719,28.6352]]],[[[-82.671,28.6255],[-82.6736,28.626],[-82.6725,28.6324],[-82.6663,28.6323],[-82.6653,28.6277],[-82.671,28.6255]]],[[[-82.656,28.6235],[-82.6602,28.6254],[-82.6584,28.6354],[-82.6539,28.6262],[-82.656,28.6235]]],[[[-82.6664,28.5882],[-82.67,28.5897],[-82.6695,28.5929],[-82.6591,28.5941],[-82.6597,28.5905],[-82.6664,28.5882]]],[[[-80.7152,28.5637],[-80.7217,28.5703],[-80.7246,28.5874],[-80.7123,28.5847],[-80.7073,28.5804],[-80.7108,28.5681],[-80.7152,28.5637]]],[[[-96.4356,28.3957],[-96.4322,28.4011],[-96.4158,28.4097],[-96.4161,28.4166],[-96.4077,28.4177],[-96.4073,28.4025],[-96.4356,28.3957]]],[[[-96.3715,28.3815],[-96.3781,28.3836],[-96.3738,28.389],[-96.3682,28.3874],[-96.3715,28.3815]]],[[[-96.5403,28.3655],[-96.5416,28.372],[-96.4867,28.3969],[-96.4896,28.3896],[-96.4992,28.3835],[-96.5403,28.3655]]],[[[-96.4742,28.3638],[-96.4755,28.3698],[-96.4685,28.3751],[-96.4532,28.3829],[-96.4449,28.3835],[-96.4472,28.3767],[-96.4742,28.3638]]],[[[-96.4604,28.3597],[-96.4581,28.3651],[-96.4513,28.3658],[-96.452,28.3617],[-96.4604,28.3597]]],[[[-96.6191,28.3207],[-96.6217,28.3212],[-96.6206,28.3239],[-96.6092,28.3374],[-96.5939,28.3452],[-96.594,28.3415],[-96.6191,28.3207]]],[[[-96.6452,28.3164],[-96.6466,28.3183],[-96.6377,28.3231],[-96.6327,28.3179],[-96.6452,28.3164]]],[[[-96.6177,28.3041],[-96.6277,28.3145],[-96.6189,28.3129],[-96.6156,28.3063],[-96.6177,28.3041]]],[[[-96.5959,28.2942],[-96.6,28.2962],[-96.5978,28.2988],[-96.5826,28.303],[-96.5828,28.2988],[-96.5959,28.2942]]],[[[-82.8448,28.1661],[-82.8494,28.1675],[-82.8534,28.1763],[-82.8516,28.1947],[-82.847,28.1974],[-82.8409,28.1895],[-82.8395,28.1784],[-82.8391,28.1688],[-82.8448,28.1661]]],[[[-96.9163,28.1093],[-96.9188,28.1126],[-96.915,28.118],[-96.9042,28.1163],[-96.9163,28.1093]]],[[[-82.8272,28.0564],[-82.8363,28.0694],[-82.8294,28.0836],[-82.8212,28.0853],[-82.829,28.0762],[-82.8247,28.0569],[-82.8272,28.0564]]],[[[-82.8161,28.008],[-82.8278,28.016],[-82.8288,28.021],[-82.824,28.0329],[-82.8221,28.0522],[-82.8147,28.0315],[-82.8161,28.008]]],[[[-82.8244,27.9671],[-82.83,27.9681],[-82.831,27.9723],[-82.8279,28.0095],[-82.8233,28.0081],[-82.8184,27.9887],[-82.8181,27.9703],[-82.8244,27.9671]]],[[[-97.0795,27.9667],[-97.0814,27.9713],[-97.0715,27.9734],[-97.0795,27.9667]]],[[[-97.0197,27.9402],[-97.0216,27.9453],[-97.0132,27.9483],[-97.0004,27.9479],[-96.9964,27.9432],[-97.0144,27.9446],[-97.0197,27.9402]]],[[[-97.0818,27.9308],[-97.0843,27.9318],[-97.0823,27.9442],[-97.0769,27.9509],[-97.0765,27.9339],[-97.0818,27.9308]]],[[[-97.0442,27.9307],[-97.0466,27.9363],[-97.035,27.9447],[-97.0248,27.9408],[-97.028,27.9376],[-97.0383,27.937],[-97.0442,27.9307]]],[[[-97.0946,27.9174],[-97.1089,27.9178],[-97.1124,27.9206],[-97.0847,27.9212],[-97.0837,27.918],[-97.0946,27.9174]]],[[[-82.4452,27.9075],[-82.4518,27.9141],[-82.4601,27.91],[-82.4566,27.9325],[-82.4404,27.9185],[-82.4427,27.9079],[-82.4452,27.9075]]],[[[-97.1092,27.8966],[-97.109,27.9007],[-97.1017,27.9028],[-97.1092,27.8966]]],[[[-97.0932,27.8962],[-97.0904,27.9025],[-97.0832,27.9037],[-97.0932,27.8962]]],[[[-97.0603,27.8662],[-97.071,27.8698],[-97.0611,27.8727],[-97.054,27.8849],[-97.0515,27.883],[-97.0551,27.8684],[-97.0603,27.8662]]],[[[-97.0473,27.841],[-97.0508,27.8434],[-97.0449,27.8658],[-97.0371,27.8702],[-97.0368,27.8776],[-97.0211,27.9011],[-97.027,27.9072],[-97.0251,27.9191],[-97.0104,27.9261],[-96.9945,27.939],[-96.978,27.9689],[-96.9542,27.9862],[-96.956,27.9936],[-96.9774,28.0006],[-96.9767,28.0066],[-96.956,28.0387],[-96.947,28.0449],[-96.9478,28.0504],[-96.9347,28.0569],[-96.9311,28.0844],[-96.9063,28.1012],[-96.8845,28.1061],[-96.8854,28.1098],[-96.8971,28.1134],[-96.881,28.1313],[-96.8747,28.1325],[-96.8467,28.1091],[-96.8267,28.1081],[-96.8096,28.1237],[-96.8103,28.132],[-96.806,28.1374],[-96.8125,28.1403],[-96.8193,28.152],[-96.8212,28.1576],[-96.8185,28.1727],[-96.7948,28.1881],[-96.7834,28.174],[-96.7884,28.1649],[-96.7867,28.1561],[-96.7953,28.1458],[-96.7939,28.1434],[-96.7882,28.1437],[-96.7791,28.1513],[-96.7685,28.1464],[-96.7668,28.1491],[-96.7755,28.1654],[-96.7712,28.169],[-96.7677,28.1675],[-96.764,28.183],[-96.7556,28.186],[-96.7501,28.1803],[-96.7379,28.1891],[-96.713,28.1948],[-96.7003,28.2018],[-96.6938,28.2089],[-96.704,28.2129],[-96.7065,28.2158],[-96.7032,28.2194],[-96.694,28.2163],[-96.662,28.23],[-96.6606,28.2387],[-96.6523,28.2408],[-96.6545,28.2505],[-96.6522,28.2564],[-96.6193,28.265],[-96.63,28.2695],[-96.6304,28.2723],[-96.6138,28.2731],[-96.594,28.2789],[-96.5928,28.2821],[-96.6093,28.2817],[-96.6119,28.2832],[-96.6086,28.2872],[-96.5914,28.2899],[-96.5728,28.3026],[-96.5703,28.3012],[-96.5727,28.2925],[-96.5546,28.2933],[-96.5508,28.2973],[-96.5615,28.3023],[-96.5416,28.3072],[-96.5399,28.3122],[-96.5435,28.3118],[-96.5439,28.3146],[-96.5417,28.3187],[-96.5295,28.3252],[-96.4704,28.3301],[-96.4509,28.3378],[-96.4349,28.3501],[-96.4447,28.3504],[-96.4435,28.355],[-96.4322,28.3647],[-96.432,28.3698],[-96.4417,28.3719],[-96.4416,28.3747],[-96.4314,28.384],[-96.4273,28.3949],[-96.4158,28.3991],[-96.4096,28.3989],[-96.4061,28.3951],[-96.4036,28.3803],[-96.4113,28.3695],[-96.4053,28.3657],[-96.4021,28.343],[-96.4183,28.327],[-96.5225,28.2835],[-96.5747,28.2576],[-96.6709,28.1999],[-96.7834,28.1192],[-96.8887,28.0317],[-96.931,27.9896],[-97.0166,27.8973],[-97.0444,27.8511],[-97.0473,27.841]]],[[[-97.1082,27.8344],[-97.1037,27.8444],[-97.0862,27.8467],[-97.0819,27.8526],[-97.0736,27.8551],[-97.0691,27.849],[-97.0699,27.8426],[-97.1082,27.8344]]],[[[-82.4971,27.8236],[-82.5099,27.8293],[-82.5042,27.831],[-82.4966,27.8263],[-82.4971,27.8236]]],[[[-97.1432,27.8179],[-97.1301,27.8244],[-97.1219,27.8233],[-97.1215,27.8205],[-97.1283,27.8179],[-97.1432,27.8179]]],[[[-97.2138,27.811],[-97.2163,27.812],[-97.2147,27.8142],[-97.209,27.8168],[-97.1853,27.8176],[-97.2138,27.811]]],[[[-82.621,27.7235],[-82.628,27.7324],[-82.6207,27.7419],[-82.6156,27.7373],[-82.6173,27.7271],[-82.621,27.7235]]],[[[-82.4928,27.7162],[-82.4969,27.72],[-82.4911,27.7287],[-82.4876,27.7217],[-82.4928,27.7162]]],[[[-82.5048,27.7081],[-82.5078,27.7119],[-82.5016,27.7136],[-82.5048,27.7081]]],[[[-82.5105,27.7031],[-82.5109,27.71],[-82.5059,27.7058],[-82.5105,27.7031]]],[[[-82.6922,27.6972],[-82.6952,27.6982],[-82.6952,27.7033],[-82.6823,27.7059],[-82.6844,27.7013],[-82.6922,27.6972]]],[[[-82.5153,27.6963],[-82.5136,27.7036],[-82.5121,27.6999],[-82.5153,27.6963]]],[[[-82.5231,27.6863],[-82.5236,27.6909],[-82.5168,27.6954],[-82.5231,27.6863]]],[[[-82.6752,27.669],[-82.6808,27.6695],[-82.6813,27.6727],[-82.677,27.6869],[-82.6719,27.6813],[-82.6752,27.669]]],[[[-82.7153,27.6589],[-82.724,27.6636],[-82.7244,27.6672],[-82.7217,27.6792],[-82.716,27.6837],[-82.7124,27.6832],[-82.7145,27.6759],[-82.7107,27.6606],[-82.7153,27.6589]]],[[[-82.6706,27.6367],[-82.6757,27.6372],[-82.6781,27.6427],[-82.6804,27.6621],[-82.6737,27.662],[-82.6706,27.6367]]],[[[-82.7314,27.6139],[-82.7365,27.6144],[-82.7358,27.6278],[-82.7443,27.6431],[-82.7432,27.6486],[-82.7299,27.6452],[-82.732,27.6402],[-82.7291,27.6254],[-82.7261,27.6235],[-82.7189,27.6248],[-82.717,27.6483],[-82.7119,27.6473],[-82.7091,27.6302],[-82.6997,27.6398],[-82.6936,27.6383],[-82.701,27.626],[-82.7314,27.6139]]],[[[-82.598,27.5934],[-82.6009,27.6003],[-82.5861,27.601],[-82.598,27.5934]]],[[[-82.7508,27.5796],[-82.7614,27.5917],[-82.7623,27.5995],[-82.7571,27.6046],[-82.7505,27.5989],[-82.7508,27.5796]]],[[[-82.6268,27.5523],[-82.6288,27.5555],[-82.6262,27.5606],[-82.6153,27.5682],[-82.6133,27.565],[-82.6026,27.5621],[-82.6073,27.5566],[-82.6268,27.5523]]],[[[-82.7395,27.5518],[-82.7435,27.5546],[-82.7414,27.5597],[-82.7363,27.5564],[-82.7395,27.5518]]],[[[-82.6111,27.5415],[-82.6146,27.5447],[-82.6044,27.5437],[-82.6111,27.5415]]],[[[-80.3057,27.474],[-80.3068,27.4828],[-80.3173,27.4767],[-80.3202,27.4809],[-80.3116,27.4903],[-80.3188,27.4906],[-80.3245,27.4991],[-80.323,27.5114],[-80.3264,27.5268],[-80.3181,27.5288],[-80.321,27.534],[-80.3349,27.5432],[-80.3353,27.5469],[-80.3301,27.5486],[-80.33,27.5518],[-80.338,27.5673],[-80.335,27.5791],[-80.3437,27.5891],[-80.3427,27.6016],[-80.3455,27.6072],[-80.3562,27.6094],[-80.361,27.6404],[-80.3682,27.6522],[-80.3682,27.6762],[-80.3796,27.6862],[-80.3888,27.7105],[-80.3817,27.7093],[-80.3841,27.7242],[-80.3901,27.7281],[-80.3996,27.7597],[-80.4067,27.7613],[-80.4146,27.7681],[-80.4138,27.7768],[-80.4215,27.7881],[-80.4218,27.7941],[-80.4403,27.8058],[-80.4382,27.8177],[-80.431,27.8193],[-80.4318,27.8239],[-80.4457,27.8492],[-80.4543,27.8518],[-80.4426,27.8607],[-80.4261,27.8251],[-80.3821,27.7471],[-80.3648,27.6834],[-80.3581,27.674],[-80.358,27.6625],[-80.3488,27.6262],[-80.3289,27.5997],[-80.3208,27.5621],[-80.293,27.4832],[-80.2922,27.4772],[-80.3057,27.474]]],[[[-82.6955,27.4476],[-82.7116,27.4962],[-82.7378,27.5279],[-82.7407,27.5389],[-82.7223,27.5332],[-82.7086,27.5238],[-82.7114,27.5105],[-82.6906,27.4678],[-82.6863,27.4484],[-82.6955,27.4476]]],[[[-82.6541,27.4434],[-82.6612,27.4463],[-82.6632,27.4514],[-82.6505,27.4494],[-82.6475,27.4447],[-82.6541,27.4434]]],[[[-82.6747,27.4382],[-82.6781,27.4465],[-82.673,27.4432],[-82.6747,27.4382]]],[[[-82.66,27.4292],[-82.6681,27.4325],[-82.67,27.4395],[-82.6598,27.4375],[-82.6568,27.4338],[-82.66,27.4292]]],[[[-82.6274,27.3901],[-82.6293,27.3966],[-82.6242,27.3937],[-82.6238,27.3905],[-82.6274,27.3901]]],[[[-82.5941,27.3316],[-82.6388,27.3796],[-82.6582,27.4089],[-82.695,27.4426],[-82.6848,27.4438],[-82.6672,27.4275],[-82.6555,27.4227],[-82.6475,27.4074],[-82.6345,27.3929],[-82.6325,27.386],[-82.6239,27.3859],[-82.6117,27.3793],[-82.6139,27.3683],[-82.611,27.3627],[-82.5949,27.3468],[-82.5817,27.3402],[-82.5941,27.3316]]],[[[-82.5647,27.3187],[-82.5687,27.3225],[-82.5686,27.3271],[-82.5646,27.3261],[-82.5647,27.3187]]],[[[-82.5591,27.3187],[-82.5625,27.3293],[-82.5573,27.3315],[-82.5591,27.3187]]],[[[-82.5701,27.3008],[-82.5911,27.326],[-82.5767,27.3341],[-82.5628,27.3086],[-82.5701,27.3008]]],[[[-97.3775,27.2816],[-97.3757,27.2884],[-97.3702,27.2874],[-97.3718,27.2828],[-97.3775,27.2816]]],[[[-97.3701,27.2062],[-97.3853,27.2112],[-97.381,27.218],[-97.3848,27.2246],[-97.3811,27.2286],[-97.3846,27.2315],[-97.3754,27.2345],[-97.3731,27.2413],[-97.3712,27.2524],[-97.3731,27.2575],[-97.3773,27.2548],[-97.3753,27.2691],[-97.365,27.2725],[-97.3667,27.2997],[-97.3542,27.3082],[-97.3635,27.3227],[-97.3596,27.3323],[-97.3626,27.3338],[-97.36,27.3535],[-97.3354,27.4055],[-97.3305,27.4141],[-97.3248,27.4176],[-97.3256,27.4393],[-97.3192,27.4479],[-97.3163,27.4603],[-97.2884,27.5001],[-97.2681,27.5416],[-97.2616,27.569],[-97.2526,27.5794],[-97.2535,27.5826],[-97.2452,27.5847],[-97.2398,27.5929],[-97.2381,27.5998],[-97.2429,27.6082],[-97.2357,27.6259],[-97.2472,27.6345],[-97.254,27.6467],[-97.2468,27.6465],[-97.2304,27.6323],[-97.2197,27.6306],[-97.2181,27.6153],[-97.2136,27.6134],[-97.2016,27.6343],[-97.2017,27.6476],[-97.1924,27.6488],[-97.1979,27.6531],[-97.1923,27.6667],[-97.1823,27.6748],[-97.1822,27.6798],[-97.1882,27.6818],[-97.1892,27.6851],[-97.1799,27.6848],[-97.1762,27.6879],[-97.1683,27.7094],[-97.1702,27.715],[-97.1618,27.7207],[-97.1601,27.7257],[-97.1502,27.7292],[-97.133,27.7527],[-97.1278,27.7544],[-97.1143,27.7765],[-97.1021,27.7882],[-97.1038,27.7979],[-97.094,27.7986],[-97.0928,27.8031],[-97.0865,27.8071],[-97.0853,27.8131],[-97.0786,27.8138],[-97.0753,27.8188],[-97.0767,27.8229],[-97.0719,27.8283],[-97.0738,27.8321],[-97.0843,27.8273],[-97.0997,27.8277],[-97.108,27.8247],[-97.1111,27.8253],[-97.1099,27.8298],[-97.0587,27.8377],[-97.0524,27.8292],[-97.1073,27.7685],[-97.1824,27.6559],[-97.2621,27.5064],[-97.319,27.3737],[-97.3375,27.3193],[-97.3655,27.2079],[-97.3701,27.2062]]],[[[-80.1539,27.171],[-80.1702,27.1725],[-80.1718,27.1818],[-80.1666,27.1849],[-80.1652,27.1936],[-80.1738,27.2068],[-80.1889,27.2101],[-80.1846,27.2266],[-80.1884,27.2346],[-80.1968,27.2409],[-80.1983,27.252],[-80.2089,27.2547],[-80.2108,27.2584],[-80.2097,27.2718],[-80.2176,27.2891],[-80.2271,27.2936],[-80.2244,27.3097],[-80.2274,27.3209],[-80.2348,27.3271],[-80.2383,27.3411],[-80.2501,27.3401],[-80.2584,27.3482],[-80.2471,27.3501],[-80.2438,27.356],[-80.2561,27.3555],[-80.2589,27.3607],[-80.2591,27.3796],[-80.2664,27.4011],[-80.2724,27.4022],[-80.2815,27.4298],[-80.2917,27.4301],[-80.2984,27.441],[-80.2981,27.4479],[-80.29,27.4577],[-80.2913,27.4628],[-80.2974,27.4631],[-80.2962,27.4686],[-80.315,27.46],[-80.3173,27.4651],[-80.2908,27.4739],[-80.2742,27.4323],[-80.2632,27.4157],[-80.23,27.3431],[-80.2071,27.2837],[-80.1629,27.1986],[-80.1539,27.171]]],[[[-97.452,27.092],[-97.4576,27.0935],[-97.4491,27.1048],[-97.4489,27.0947],[-97.452,27.092]]],[[[-97.4582,27.0561],[-97.4533,27.0837],[-97.4505,27.0749],[-97.4525,27.0597],[-97.4582,27.0561]]],[[[-97.4718,27.0449],[-97.4737,27.0496],[-97.4703,27.0606],[-97.4655,27.0499],[-97.4671,27.0458],[-97.4718,27.0449]]],[[[-97.4643,27.0042],[-97.4691,27.014],[-97.472,27.0376],[-97.4673,27.0398],[-97.4598,27.035],[-97.4587,27.0211],[-97.4544,27.0136],[-97.455,27.009],[-97.4643,27.0042]]],[[[-97.4734,26.9702],[-97.4713,26.9923],[-97.465,26.9982],[-97.4589,26.9966],[-97.4565,26.9933],[-97.4587,26.9865],[-97.4734,26.9702]]],[[[-97.4757,26.9269],[-97.482,26.9367],[-97.4773,26.9435],[-97.4702,26.9411],[-97.4639,26.9312],[-97.4725,26.931],[-97.4757,26.9269]]],[[[-97.475,26.883],[-97.4954,26.8974],[-97.4997,26.9072],[-97.4946,26.907],[-97.4738,26.8885],[-97.475,26.883]]],[[[-97.5418,26.8555],[-97.5503,26.8617],[-97.5397,26.8596],[-97.5418,26.8555]]],[[[-97.4764,26.8498],[-97.4769,26.8531],[-97.4718,26.8538],[-97.4713,26.8515],[-97.4764,26.8498]]],[[[-97.5136,26.8479],[-97.5215,26.8541],[-97.5169,26.8554],[-97.5084,26.852],[-97.5136,26.8479]]],[[[-82.2383,26.8008],[-82.2449,26.8032],[-82.2432,26.8078],[-82.2352,26.8053],[-82.2383,26.8008]]],[[[-82.2079,26.797],[-82.2165,26.7999],[-82.2159,26.8046],[-82.2072,26.8063],[-82.1992,26.8015],[-82.1993,26.7983],[-82.2079,26.797]]],[[[-82.066,26.7908],[-82.0694,26.7964],[-82.0652,26.8033],[-82.0602,26.8004],[-82.066,26.7908]]],[[[-82.1852,26.7902],[-82.1917,26.7986],[-82.1839,26.804],[-82.1815,26.7993],[-82.1852,26.7902]]],[[[-97.3752,26.7873],[-97.3805,26.798],[-97.3746,26.8067],[-97.3717,26.8034],[-97.371,26.7923],[-97.3752,26.7873]]],[[[-82.1924,26.7866],[-82.2025,26.7891],[-82.2029,26.7937],[-82.1963,26.7936],[-82.1909,26.7884],[-82.1924,26.7866]]],[[[-82.2107,26.7846],[-82.2207,26.7917],[-82.2201,26.7959],[-82.2146,26.7948],[-82.2107,26.7846]]],[[[-82.2433,26.7806],[-82.2458,26.7806],[-82.2462,26.7866],[-82.2436,26.7921],[-82.238,26.7925],[-82.2361,26.7864],[-82.2433,26.7806]]],[[[-82.2007,26.778],[-82.2067,26.7827],[-82.1996,26.7812],[-82.2007,26.778]]],[[[-82.1942,26.776],[-82.1971,26.7798],[-82.1905,26.7838],[-82.1942,26.776]]],[[[-82.2156,26.7713],[-82.2275,26.7817],[-82.2295,26.7863],[-82.2274,26.79],[-82.2218,26.7903],[-82.2114,26.7772],[-82.2094,26.7735],[-82.2156,26.7713]]],[[[-97.4763,26.769],[-97.4806,26.776],[-97.4852,26.8094],[-97.4817,26.8098],[-97.4784,26.8018],[-97.4736,26.7722],[-97.4763,26.769]]],[[[-82.2633,26.7195],[-82.2693,26.7228],[-82.2712,26.7316],[-82.2671,26.7579],[-82.2684,26.769],[-82.2746,26.788],[-82.2849,26.8039],[-82.2854,26.8085],[-82.2787,26.8135],[-82.2685,26.8133],[-82.2687,26.8054],[-82.2629,26.792],[-82.2632,26.7767],[-82.2553,26.7651],[-82.2582,26.7212],[-82.2633,26.7195]]],[[[-82.1689,26.6989],[-82.1775,26.7018],[-82.1794,26.7051],[-82.1768,26.7101],[-82.1585,26.7131],[-82.1555,26.7093],[-82.1689,26.6989]]],[[[-82.0868,26.6975],[-82.0919,26.6985],[-82.0907,26.7068],[-82.0871,26.7095],[-82.0836,26.7066],[-82.0868,26.6975]]],[[[-82.1813,26.6881],[-82.1863,26.6923],[-82.1851,26.6983],[-82.1776,26.6963],[-82.1813,26.6881]]],[[[-82.2028,26.6797],[-82.2083,26.6807],[-82.2117,26.6867],[-82.2086,26.6918],[-82.2009,26.6944],[-82.199,26.6921],[-82.2036,26.6866],[-82.2028,26.6797]]],[[[-82.2317,26.6788],[-82.2406,26.6863],[-82.2436,26.6914],[-82.2415,26.6951],[-82.2374,26.6964],[-82.2224,26.6846],[-82.221,26.68],[-82.2317,26.6788]]],[[[-82.215,26.6762],[-82.2189,26.685],[-82.2163,26.6873],[-82.2124,26.6812],[-82.215,26.6762]]],[[[-82.2632,26.6719],[-82.2763,26.6795],[-82.2772,26.6846],[-82.2736,26.6864],[-82.2677,26.6775],[-82.2617,26.6746],[-82.2632,26.6719]]],[[[-82.0834,26.6674],[-82.0904,26.674],[-82.0902,26.68],[-82.0862,26.6808],[-82.0817,26.6761],[-82.0798,26.6724],[-82.0834,26.6674]]],[[[-82.2124,26.6535],[-82.2188,26.6642],[-82.21,26.671],[-82.2081,26.6677],[-82.2124,26.6535]]],[[[-82.1886,26.6526],[-82.1987,26.6579],[-82.1995,26.6676],[-82.1895,26.661],[-82.1886,26.6526]]],[[[-82.2257,26.65],[-82.2287,26.651],[-82.23,26.6598],[-82.222,26.6578],[-82.218,26.6531],[-82.2257,26.65]]],[[[-82.1833,26.6396],[-82.1869,26.6397],[-82.1902,26.648],[-82.1792,26.6451],[-82.1833,26.6396]]],[[[-82.0825,26.6392],[-82.0934,26.6528],[-82.0908,26.6541],[-82.0819,26.6442],[-82.0825,26.6392]]],[[[-82.18,26.628],[-82.1845,26.6336],[-82.1747,26.6418],[-82.1666,26.6402],[-82.18,26.628]]],[[[-82.1649,26.6273],[-82.1668,26.6319],[-82.1617,26.6341],[-82.1649,26.6273]]],[[[-82.1563,26.623],[-82.1562,26.6299],[-82.1479,26.6371],[-82.1497,26.6238],[-82.1563,26.623]]],[[[-82.1682,26.6135],[-82.1706,26.6172],[-82.1665,26.6199],[-82.1636,26.6166],[-82.1682,26.6135]]],[[[-82.2249,26.6126],[-82.2325,26.6358],[-82.2474,26.6546],[-82.2486,26.667],[-82.2594,26.6857],[-82.257,26.706],[-82.2513,26.7105],[-82.2439,26.7021],[-82.2491,26.6925],[-82.2418,26.6808],[-82.241,26.6665],[-82.2219,26.638],[-82.2181,26.624],[-82.2208,26.6139],[-82.2249,26.6126]]],[[[-82.1415,26.6042],[-82.1486,26.6067],[-82.1475,26.6103],[-82.1414,26.6125],[-82.1379,26.6097],[-82.1415,26.6042]]],[[[-97.3162,26.5964],[-97.3154,26.607],[-97.3269,26.6092],[-97.3202,26.615],[-97.309,26.6147],[-97.3048,26.604],[-97.3162,26.5964]]],[[[-82.0613,26.5898],[-82.0652,26.5959],[-82.0626,26.6005],[-82.0546,26.5971],[-82.0568,26.5911],[-82.0613,26.5898]]],[[[-82.0702,26.5803],[-82.0878,26.5843],[-82.0902,26.588],[-82.104,26.6294],[-82.1009,26.633],[-82.0878,26.6305],[-82.0806,26.6331],[-82.0683,26.6186],[-82.0702,26.5803]]],[[[-82.077,26.5698],[-82.086,26.5741],[-82.0833,26.5801],[-82.0738,26.5776],[-82.077,26.5698]]],[[[-82.2013,26.5558],[-82.2043,26.5563],[-82.2258,26.5927],[-82.226,26.6075],[-82.2149,26.6055],[-82.2107,26.5893],[-82.2048,26.5831],[-82.2084,26.5795],[-82.2013,26.5558]]],[[[-80.0391,26.5528],[-80.0436,26.5539],[-80.0438,26.56],[-80.0388,26.6915],[-80.0431,26.7642],[-80.0413,26.7697],[-80.0367,26.77],[-80.033,26.7398],[-80.0347,26.7251],[-80.0308,26.712],[-80.0341,26.5721],[-80.0391,26.5528]]],[[[-97.2874,26.53],[-97.2928,26.5334],[-97.2941,26.5422],[-97.3001,26.5442],[-97.2953,26.551],[-97.3021,26.5775],[-97.3055,26.5813],[-97.3028,26.5882],[-97.2953,26.5829],[-97.291,26.5606],[-97.2795,26.5395],[-97.2797,26.5331],[-97.2874,26.53]]],[[[-82.0729,26.5272],[-82.0768,26.5328],[-82.0716,26.5392],[-82.0681,26.5368],[-82.0677,26.5317],[-82.0693,26.5276],[-82.0729,26.5272]]],[[[-82.1076,26.5121],[-82.1121,26.5159],[-82.1089,26.5205],[-82.1055,26.5139],[-82.1076,26.5121]]],[[[-82.0667,26.5095],[-82.0737,26.5138],[-82.071,26.5212],[-82.0665,26.5165],[-82.0667,26.5095]]],[[[-82.1178,26.5063],[-82.1218,26.5101],[-82.1191,26.5193],[-82.1166,26.516],[-82.1178,26.5063]]],[[[-82.0462,26.4971],[-82.0506,26.5023],[-82.0469,26.5105],[-82.0431,26.5026],[-82.0462,26.4971]]],[[[-82.1211,26.4967],[-82.1296,26.5019],[-82.1305,26.5075],[-82.1279,26.5083],[-82.1185,26.5008],[-82.118,26.4975],[-82.1211,26.4967]]],[[[-82.0346,26.4964],[-82.0371,26.4974],[-82.0344,26.5043],[-82.0263,26.5055],[-82.0248,26.5027],[-82.0346,26.4964]]],[[[-82.1034,26.4963],[-82.1073,26.501],[-82.1057,26.5052],[-82.1032,26.5037],[-82.1034,26.4963]]],[[[-82.0762,26.4917],[-82.0974,26.4939],[-82.1114,26.5473],[-82.1234,26.5776],[-82.1373,26.5912],[-82.1291,26.5957],[-82.1259,26.6035],[-82.1327,26.6147],[-82.1376,26.6462],[-82.1482,26.6482],[-82.1652,26.6601],[-82.1696,26.6675],[-82.1659,26.6753],[-82.178,26.6751],[-82.1835,26.6793],[-82.1834,26.6835],[-82.1707,26.6856],[-82.167,26.6924],[-82.1538,26.6963],[-82.1285,26.6936],[-82.1213,26.6741],[-82.1225,26.6667],[-82.1138,26.6675],[-82.1166,26.6564],[-82.1124,26.6411],[-82.1153,26.625],[-82.101,26.5827],[-82.0872,26.5649],[-82.0865,26.5501],[-82.0831,26.5463],[-82.0822,26.5163],[-82.0669,26.4975],[-82.0685,26.4938],[-82.0762,26.4917]]],[[[-82.0257,26.4875],[-82.0322,26.4895],[-82.0347,26.4937],[-82.0209,26.4966],[-82.0185,26.4938],[-82.0257,26.4875]]],[[[-82.0946,26.4837],[-82.1072,26.4844],[-82.1071,26.4899],[-82.0929,26.4897],[-82.0915,26.486],[-82.0946,26.4837]]],[[[-82.1368,26.472],[-82.1398,26.472],[-82.1412,26.4785],[-82.1331,26.4807],[-82.1306,26.4788],[-82.1368,26.472]]],[[[-82.1288,26.4677],[-82.1318,26.4682],[-82.1281,26.4751],[-82.1185,26.4735],[-82.1288,26.4677]]],[[[-82.1117,26.4618],[-82.1168,26.4628],[-82.1166,26.4698],[-82.1091,26.4683],[-82.1117,26.4618]]],[[[-81.9409,26.4595],[-81.9514,26.4625],[-81.9528,26.4681],[-81.9382,26.465],[-81.9409,26.4595]]],[[[-82.083,26.4571],[-82.0845,26.4595],[-82.0782,26.4668],[-82.0716,26.4685],[-82.083,26.4571]]],[[[-97.4081,26.4513],[-97.4121,26.4546],[-97.4072,26.4665],[-97.4086,26.4703],[-97.405,26.472],[-97.4026,26.4664],[-97.4081,26.4513]]],[[[-97.4259,26.4504],[-97.4319,26.4514],[-97.4318,26.4551],[-97.4202,26.4548],[-97.4259,26.4504]]],[[[-97.4175,26.4418],[-97.4231,26.4424],[-97.423,26.4447],[-97.4162,26.452],[-97.4143,26.4473],[-97.4175,26.4418]]],[[[-97.3962,26.4288],[-97.3992,26.4298],[-97.398,26.4339],[-97.3915,26.4315],[-97.3962,26.4288]]],[[[-97.4301,26.4269],[-97.4274,26.4328],[-97.4151,26.4376],[-97.4184,26.4284],[-97.4301,26.4269]]],[[[-81.8629,26.4219],[-81.868,26.4225],[-81.8699,26.4276],[-81.8662,26.4321],[-81.8601,26.4325],[-81.8577,26.4292],[-81.8629,26.4219]]],[[[-82.0838,26.4216],[-82.1014,26.4261],[-82.1264,26.4376],[-82.1507,26.4584],[-82.1807,26.4742],[-82.1978,26.529],[-82.1994,26.5507],[-82.1919,26.5464],[-82.1935,26.5386],[-82.1862,26.5255],[-82.1859,26.5163],[-82.1803,26.5167],[-82.1784,26.5139],[-82.1796,26.5051],[-82.1758,26.4912],[-82.1638,26.4868],[-82.1599,26.4766],[-82.1478,26.4777],[-82.1419,26.4679],[-82.1264,26.4612],[-82.1215,26.4537],[-82.1063,26.4534],[-82.1046,26.464],[-82.0895,26.4596],[-82.0928,26.4495],[-82.0807,26.4479],[-82.0694,26.456],[-82.0619,26.4535],[-82.0582,26.4576],[-82.0612,26.4618],[-82.0682,26.4629],[-82.0666,26.4689],[-82.0399,26.4614],[-82.029,26.4538],[-82.0148,26.4545],[-82.0634,26.4272],[-82.0838,26.4216]]],[[[-97.2531,26.414],[-97.2596,26.4161],[-97.2599,26.4225],[-97.2638,26.4268],[-97.2617,26.43],[-97.2523,26.4219],[-97.2531,26.414]]],[[[-81.8907,26.403],[-81.9026,26.4097],[-81.9083,26.4251],[-81.9681,26.461],[-81.971,26.4675],[-81.9694,26.4716],[-81.9025,26.4361],[-81.886,26.4099],[-81.8907,26.403]]],[[[-97.3787,26.3881],[-97.3971,26.3974],[-97.3949,26.4052],[-97.3841,26.4119],[-97.3806,26.409],[-97.3849,26.4017],[-97.3719,26.3968],[-97.3787,26.3881]]],[[[-81.8674,26.3822],[-81.8788,26.3908],[-81.881,26.4065],[-81.8769,26.4078],[-81.869,26.4003],[-81.8643,26.3849],[-81.8674,26.3822]]],[[[-81.8639,26.3618],[-81.8681,26.3758],[-81.8574,26.3788],[-81.8516,26.3708],[-81.8542,26.3644],[-81.8639,26.3618]]],[[[-97.3332,26.3232],[-97.3362,26.3233],[-97.3366,26.3279],[-97.3274,26.3309],[-97.3332,26.3232]]],[[[-97.3408,26.3053],[-97.342,26.3146],[-97.3394,26.3187],[-97.3354,26.3182],[-97.3345,26.3126],[-97.3408,26.3053]]],[[[-97.298,26.1553],[-97.308,26.1588],[-97.3024,26.1605],[-97.298,26.1553]]],[[[-97.1628,26.0684],[-97.1692,26.0727],[-97.1808,26.1179],[-97.1786,26.1253],[-97.1812,26.1531],[-97.1859,26.162],[-97.188,26.1921],[-97.1929,26.196],[-97.1882,26.2023],[-97.191,26.2241],[-97.198,26.2266],[-97.1989,26.2299],[-97.1926,26.2362],[-97.2013,26.248],[-97.1974,26.2609],[-97.2029,26.2624],[-97.1977,26.2817],[-97.2041,26.2869],[-97.2097,26.3019],[-97.2081,26.3046],[-97.202,26.3045],[-97.2071,26.3199],[-97.2058,26.3277],[-97.2132,26.3348],[-97.2119,26.3431],[-97.2194,26.3461],[-97.2156,26.352],[-97.217,26.3571],[-97.2215,26.3582],[-97.2171,26.3687],[-97.2223,26.3808],[-97.2301,26.3885],[-97.2281,26.3902],[-97.2338,26.401],[-97.23,26.4093],[-97.235,26.4112],[-97.2382,26.4058],[-97.2429,26.4156],[-97.2454,26.4342],[-97.2395,26.4446],[-97.2481,26.4426],[-97.2515,26.4482],[-97.2437,26.4554],[-97.2486,26.4588],[-97.2489,26.4666],[-97.2529,26.4672],[-97.2592,26.4775],[-97.254,26.4825],[-97.2646,26.4962],[-97.26,26.4993],[-97.2659,26.5045],[-97.2641,26.5137],[-97.2753,26.5126],[-97.2751,26.5168],[-97.271,26.5194],[-97.2728,26.5255],[-97.2775,26.5224],[-97.2789,26.5252],[-97.2731,26.532],[-97.2752,26.5459],[-97.2928,26.5981],[-97.3039,26.6159],[-97.3061,26.6285],[-97.3154,26.6209],[-97.3106,26.6304],[-97.3171,26.6482],[-97.3198,26.6256],[-97.3271,26.6193],[-97.3296,26.6208],[-97.3237,26.6331],[-97.332,26.6412],[-97.3401,26.6414],[-97.3329,26.6472],[-97.3337,26.6537],[-97.3193,26.6607],[-97.3247,26.6664],[-97.3308,26.6633],[-97.3354,26.6648],[-97.3332,26.6698],[-97.3387,26.6723],[-97.3343,26.6828],[-97.3413,26.6871],[-97.34,26.6968],[-97.3509,26.7045],[-97.3492,26.7086],[-97.3534,26.7221],[-97.3513,26.7234],[-97.3367,26.705],[-97.3324,26.71],[-97.3379,26.7129],[-97.3421,26.7246],[-97.3471,26.7288],[-97.3567,26.73],[-97.3585,26.7384],[-97.3676,26.7377],[-97.368,26.7414],[-97.3608,26.744],[-97.3555,26.7522],[-97.3522,26.7428],[-97.3465,26.7482],[-97.3558,26.7753],[-97.3598,26.7772],[-97.3688,26.8148],[-97.3807,26.8239],[-97.3819,26.8369],[-97.3751,26.8575],[-97.3829,26.8683],[-97.3766,26.8935],[-97.379,26.8991],[-97.3825,26.8992],[-97.3817,26.908],[-97.3875,26.9196],[-97.3798,26.9227],[-97.3776,26.9277],[-97.3826,26.9292],[-97.38,26.9495],[-97.3818,26.9555],[-97.3849,26.9551],[-97.3825,26.9661],[-97.3897,26.9963],[-97.3858,27.0091],[-97.3911,27.0508],[-97.3878,27.06],[-97.391,27.0706],[-97.3884,27.0895],[-97.3925,27.1053],[-97.3882,27.1126],[-97.3906,27.1191],[-97.3842,27.1281],[-97.3927,27.1334],[-97.3874,27.1421],[-97.3893,27.1624],[-97.3827,27.1789],[-97.3834,27.189],[-97.38,27.1991],[-97.3728,27.2021],[-97.3672,27.2015],[-97.374,27.1625],[-97.3781,27.1114],[-97.3801,27.0279],[-97.3713,26.9008],[-97.3347,26.735],[-97.3047,26.64],[-97.2582,26.5085],[-97.2492,26.4902],[-97.1964,26.3062],[-97.1767,26.1983],[-97.1655,26.0939],[-97.1582,26.0696],[-97.1628,26.0684]]],[[[-97.2333,26.0203],[-97.2381,26.026],[-97.2301,26.0253],[-97.2282,26.0225],[-97.2333,26.0203]]],[[[-97.2196,26.0074],[-97.2251,26.0094],[-97.2229,26.0135],[-97.2179,26.0125],[-97.2196,26.0074]]],[[[-81.7466,25.9758],[-81.7511,25.9782],[-81.7507,25.9926],[-81.7557,26.0121],[-81.7502,26.0115],[-81.7503,26.0074],[-81.7439,26.004],[-81.743,25.9984],[-81.7317,25.9889],[-81.7466,25.9758]]],[[[-97.3775,25.9136],[-97.3841,25.9157],[-97.3787,25.9291],[-97.3802,25.9319],[-97.4148,25.9498],[-97.4241,25.9728],[-97.4351,25.9895],[-97.4558,25.9968],[-97.4967,25.9937],[-97.5018,25.9967],[-97.5018,26.0005],[-97.4917,26.0222],[-97.4867,26.0579],[-97.4827,26.0638],[-97.4654,26.0649],[-97.4589,26.0464],[-97.464,26.043],[-97.4764,26.0421],[-97.4783,26.0368],[-97.4693,26.0354],[-97.4485,26.0394],[-97.4458,26.0439],[-97.4492,26.056],[-97.4378,26.0655],[-97.4399,26.0807],[-97.4252,26.0875],[-97.422,26.093],[-97.409,26.0961],[-97.3876,26.1221],[-97.3742,26.1219],[-97.3644,26.1105],[-97.3447,26.1055],[-97.3406,26.1068],[-97.3411,26.114],[-97.3576,26.127],[-97.3574,26.1369],[-97.3497,26.1446],[-97.3293,26.1512],[-97.3468,26.1622],[-97.3531,26.1618],[-97.3585,26.1673],[-97.35,26.1969],[-97.3416,26.1795],[-97.3356,26.1794],[-97.3264,26.2004],[-97.3315,26.2154],[-97.3257,26.2235],[-97.3207,26.222],[-97.3076,26.2027],[-97.2991,26.202],[-97.2957,26.1964],[-97.2994,26.1909],[-97.301,26.1734],[-97.3094,26.1769],[-97.3073,26.1639],[-97.3105,26.1584],[-97.3077,26.1514],[-97.3013,26.148],[-97.2932,26.1306],[-97.2859,26.1244],[-97.2846,26.1179],[-97.2891,26.1171],[-97.2978,26.1289],[-97.3019,26.1281],[-97.3035,26.1235],[-97.3136,26.1224],[-97.3112,26.1186],[-97.3008,26.1156],[-97.296,26.1057],[-97.2715,26.0856],[-97.25,26.08],[-97.2092,26.0794],[-97.1944,26.0706],[-97.2006,26.0671],[-97.2021,26.0514],[-97.2057,26.0492],[-97.2106,26.0525],[-97.2143,26.0624],[-97.2177,26.0513],[-97.2217,26.0515],[-97.2348,26.0666],[-97.2394,26.0644],[-97.2403,26.0529],[-97.23,26.0429],[-97.2312,26.0378],[-97.3192,25.9897],[-97.3248,25.9736],[-97.3177,25.9753],[-97.3145,25.9794],[-97.3137,25.9747],[-97.3091,25.976],[-97.3057,25.9866],[-97.298,25.9938],[-97.2809,25.9942],[-97.2817,26.0007],[-97.2674,26.0068],[-97.2534,26.0185],[-97.2605,26.0011],[-97.2581,25.9983],[-97.2437,26.0071],[-97.2434,26.0007],[-97.238,25.9982],[-97.2484,25.9869],[-97.2451,25.9803],[-97.2507,25.9768],[-97.2494,25.9703],[-97.2186,25.9755],[-97.2152,25.9869],[-97.2055,25.9932],[-97.203,25.9922],[-97.2023,25.981],[-97.1983,25.9814],[-97.1739,26.0053],[-97.1683,26.0074],[-97.1588,26.0039],[-97.1616,26.0119],[-97.1595,26.015],[-97.1675,26.0167],[-97.1648,26.0221],[-97.1682,26.0241],[-97.1636,26.0281],[-97.1746,26.0298],[-97.1716,26.0436],[-97.1614,26.048],[-97.1658,26.0518],[-97.1651,26.0582],[-97.1748,26.0553],[-97.1735,26.0492],[-97.176,26.0479],[-97.1861,26.0482],[-97.1872,26.0436],[-97.1981,26.0346],[-97.2071,26.0349],[-97.2244,26.0288],[-97.2253,26.034],[-97.1947,26.0461],[-97.1884,26.0543],[-97.1777,26.0595],[-97.1564,26.0622],[-97.1543,26.0043],[-97.1471,25.9633],[-97.1504,25.9546],[-97.1595,25.9516],[-97.1625,25.9536],[-97.1596,25.9646],[-97.1708,25.9612],[-97.1803,25.9633],[-97.1866,25.9598],[-97.2052,25.9662],[-97.2384,25.9628],[-97.2551,25.9577],[-97.2738,25.9626],[-97.284,25.9617],[-97.2912,25.9586],[-97.2958,25.946],[-97.3086,25.9368],[-97.3285,25.9315],[-97.3348,25.9361],[-97.353,25.9346],[-97.3775,25.9136]]],[[[-81.6874,25.8944],[-81.6949,25.8983],[-81.6828,25.8985],[-81.6829,25.8953],[-81.6874,25.8944]]],[[[-80.1356,25.8859],[-80.1384,25.8916],[-80.1348,25.8937],[-80.1356,25.8859]]],[[[-80.1312,25.8839],[-80.1333,25.8932],[-80.1307,25.8945],[-80.1286,25.8856],[-80.1312,25.8839]]],[[[-81.6696,25.8838],[-81.6791,25.8854],[-81.682,25.8911],[-81.6626,25.9013],[-81.6608,25.8938],[-81.6644,25.8911],[-81.661,25.8883],[-81.6696,25.8838]]],[[[-80.1397,25.8726],[-80.1431,25.8755],[-80.1397,25.8842],[-80.1339,25.8803],[-80.1351,25.8752],[-80.1397,25.8726]]],[[[-80.1367,25.8498],[-80.1446,25.8543],[-80.1391,25.8629],[-80.1327,25.8617],[-80.1284,25.8564],[-80.1367,25.8498]]],[[[-81.6842,25.8457],[-81.6915,25.8547],[-81.6986,25.8715],[-81.7163,25.8867],[-81.7214,25.9012],[-81.7148,25.9038],[-81.6978,25.8835],[-81.6935,25.8922],[-81.688,25.8912],[-81.6823,25.8804],[-81.6732,25.8802],[-81.6712,25.863],[-81.6771,25.8474],[-81.6842,25.8457]]],[[[-80.154,25.8444],[-80.1585,25.8455],[-80.1573,25.8506],[-80.1468,25.8479],[-80.154,25.8444]]],[[[-81.4821,25.8211],[-81.4921,25.8222],[-81.4953,25.8316],[-81.4872,25.8332],[-81.4886,25.8379],[-81.486,25.8406],[-81.4772,25.833],[-81.4821,25.8211]]],[[[-81.435,25.7995],[-81.442,25.8016],[-81.4348,25.8046],[-81.4357,25.8088],[-81.4523,25.8088],[-81.4516,25.8162],[-81.4455,25.8174],[-81.4407,25.8122],[-81.433,25.8171],[-81.4298,25.805],[-81.435,25.7995]]],[[[-81.4546,25.7972],[-81.461,25.8011],[-81.4564,25.8066],[-81.452,25.8014],[-81.4546,25.7972]]],[[[-81.3687,25.784],[-81.3846,25.789],[-81.3833,25.8001],[-81.3951,25.8073],[-81.3925,25.7938],[-81.4,25.7945],[-81.4023,25.802],[-81.3995,25.8125],[-81.4043,25.8182],[-81.4151,25.8106],[-81.4137,25.8073],[-81.4041,25.8076],[-81.407,25.797],[-81.4187,25.8065],[-81.419,25.8158],[-81.4266,25.8109],[-81.4309,25.8207],[-81.4409,25.8201],[-81.4423,25.8238],[-81.4257,25.8262],[-81.4221,25.8298],[-81.4082,25.8239],[-81.3975,25.8273],[-81.3917,25.8207],[-81.3803,25.8176],[-81.3709,25.8109],[-81.3696,25.8053],[-81.3741,25.805],[-81.3788,25.7977],[-81.377,25.7907],[-81.3698,25.797],[-81.3598,25.7976],[-81.3498,25.7965],[-81.3429,25.7907],[-81.342,25.7879],[-81.3461,25.7848],[-81.3541,25.7868],[-81.3687,25.784]]],[[[-81.4174,25.7838],[-81.4312,25.792],[-81.42,25.7978],[-81.4143,25.7856],[-81.4174,25.7838]]],[[[-80.1392,25.7591],[-80.1474,25.7663],[-80.1359,25.7659],[-80.1345,25.7626],[-80.1392,25.7591]]],[[[-81.3737,25.7507],[-81.3812,25.7542],[-81.382,25.7579],[-81.3779,25.7624],[-81.3695,25.7581],[-81.3737,25.7507]]],[[[-80.1945,25.7458],[-80.1989,25.7474],[-80.1983,25.7502],[-80.1842,25.752],[-80.1869,25.7474],[-80.1945,25.7458]]],[[[-81.3608,25.7458],[-81.3643,25.7473],[-81.364,25.7561],[-81.3474,25.7593],[-81.3517,25.7493],[-81.3608,25.7458]]],[[[-80.1664,25.7341],[-80.1773,25.7475],[-80.1625,25.7535],[-80.1607,25.7603],[-80.1589,25.7566],[-80.1518,25.7591],[-80.1422,25.749],[-80.1424,25.7444],[-80.1664,25.7341]]],[[[-81.276,25.7],[-81.2858,25.7082],[-81.284,25.7174],[-81.2887,25.7254],[-81.2872,25.7281],[-81.2675,25.7466],[-81.257,25.7458],[-81.2514,25.7341],[-81.2456,25.7432],[-81.24,25.7431],[-81.2373,25.7347],[-81.231,25.7289],[-81.2316,25.7234],[-81.2609,25.7033],[-81.276,25.7]]],[[[-81.2852,25.6956],[-81.2939,25.7033],[-81.2835,25.6988],[-81.2852,25.6956]]],[[[-81.3409,25.692],[-81.3448,25.6944],[-81.3408,25.7105],[-81.3364,25.7076],[-81.3409,25.692]]],[[[-81.3535,25.6895],[-81.3593,25.6966],[-81.355,25.7063],[-81.3548,25.6974],[-81.3484,25.6931],[-81.3535,25.6895]]],[[[-81.2929,25.687],[-81.2978,25.6913],[-81.2967,25.6945],[-81.2873,25.6901],[-81.2929,25.687]]],[[[-80.1581,25.6703],[-80.1671,25.6832],[-80.1812,25.6925],[-80.1694,25.6986],[-80.1671,25.7064],[-80.1724,25.7121],[-80.1776,25.7081],[-80.1783,25.7133],[-80.1646,25.7169],[-80.1555,25.731],[-80.152,25.7313],[-80.1481,25.7288],[-80.1474,25.7218],[-80.1571,25.6953],[-80.1539,25.6753],[-80.1581,25.6703]]],[[[-81.2048,25.5424],[-81.2106,25.5486],[-81.2084,25.5545],[-81.2021,25.5479],[-81.2012,25.5446],[-81.2048,25.5424]]],[[[-80.1801,25.5005],[-80.1851,25.5007],[-80.1883,25.5073],[-80.1793,25.5176],[-80.1795,25.5255],[-80.177,25.5259],[-80.1744,25.5147],[-80.1801,25.5005]]],[[[-80.2266,25.3955],[-80.2278,25.4016],[-80.2236,25.4079],[-80.215,25.41],[-80.2097,25.4163],[-80.2116,25.4293],[-80.2033,25.4378],[-80.1884,25.4818],[-80.1792,25.4963],[-80.1771,25.4874],[-80.1886,25.4646],[-80.1979,25.4353],[-80.2026,25.4308],[-80.2048,25.4142],[-80.2266,25.3955]]],[[[-80.251,25.3732],[-80.2553,25.3776],[-80.2504,25.3871],[-80.2446,25.3841],[-80.251,25.3732]]],[[[-81.0981,25.3627],[-81.1184,25.3679],[-81.1228,25.3727],[-81.1098,25.3737],[-81.0959,25.3692],[-81.0921,25.364],[-81.0981,25.3627]]],[[[-80.2428,25.3544],[-80.257,25.3614],[-80.2568,25.366],[-80.2517,25.37],[-80.2473,25.368],[-80.2447,25.3702],[-80.2364,25.3894],[-80.2318,25.3897],[-80.2296,25.3845],[-80.2331,25.3712],[-80.2398,25.3557],[-80.2428,25.3544]]],[[[-81.0995,25.3526],[-81.1189,25.355],[-81.1197,25.3587],[-81.1082,25.3593],[-81.0994,25.3554],[-81.0995,25.3526]]],[[[-81.0786,25.3506],[-81.0805,25.3525],[-81.0728,25.3578],[-81.0664,25.3553],[-81.0675,25.3521],[-81.0786,25.3506]]],[[[-81.0929,25.3403],[-81.1171,25.347],[-81.1055,25.35],[-81.0972,25.3451],[-81.0887,25.3472],[-81.0889,25.3411],[-81.0929,25.3403]]],[[[-81.0637,25.333],[-81.0695,25.3373],[-81.0664,25.3414],[-81.0584,25.3421],[-81.0525,25.3368],[-81.0637,25.333]]],[[[-81.1097,25.3306],[-81.1204,25.3379],[-81.1365,25.3341],[-81.1495,25.3354],[-81.1488,25.3391],[-81.1401,25.3477],[-81.1281,25.3464],[-81.1021,25.3346],[-81.1011,25.3327],[-81.1097,25.3306]]],[[[-81.093,25.3227],[-81.0964,25.3247],[-81.0956,25.3325],[-81.0912,25.3296],[-81.093,25.3227]]],[[[-81.0002,25.32],[-81.0046,25.322],[-80.9986,25.3362],[-80.9845,25.34],[-80.9936,25.324],[-81.0002,25.32]]],[[[-81.0462,25.3167],[-81.0555,25.323],[-81.0559,25.3272],[-81.048,25.3228],[-81.0462,25.3167]]],[[[-81.0539,25.3123],[-81.0642,25.3158],[-81.063,25.3218],[-81.0527,25.3183],[-81.0539,25.3123]]],[[[-81.089,25.3068],[-81.1013,25.3127],[-81.1022,25.3165],[-81.0981,25.3182],[-81.0897,25.3143],[-81.0873,25.3123],[-81.089,25.3068]]],[[[-81.067,25.2932],[-81.0729,25.2938],[-81.0753,25.2981],[-81.0706,25.303],[-81.0542,25.303],[-81.067,25.2932]]],[[[-81.0611,25.274],[-81.0651,25.275],[-81.0677,25.2863],[-81.0605,25.293],[-81.0504,25.2964],[-81.0473,25.2861],[-81.0548,25.2849],[-81.0611,25.274]]],[[[-80.9699,25.2732],[-80.9742,25.277],[-80.974,25.2831],[-80.9629,25.2864],[-80.9659,25.2735],[-80.9699,25.2732]]],[[[-80.9417,25.2649],[-80.951,25.2694],[-80.9514,25.2745],[-80.9488,25.2772],[-80.9343,25.2772],[-80.9417,25.2649]]],[[[-80.9772,25.2493],[-80.9801,25.2507],[-80.9753,25.2585],[-80.9766,25.2646],[-80.9696,25.2667],[-80.9702,25.2634],[-80.9633,25.26],[-80.9635,25.2549],[-80.971,25.2547],[-80.9772,25.2493]]],[[[-81.0491,25.2458],[-81.0614,25.2503],[-81.0653,25.2537],[-81.0637,25.256],[-81.0582,25.2581],[-81.0468,25.2559],[-81.0379,25.2668],[-81.0319,25.2676],[-81.0379,25.252],[-81.0491,25.2458]]],[[[-80.9244,25.2449],[-80.9329,25.2452],[-80.9346,25.2526],[-80.939,25.2556],[-80.947,25.2553],[-80.9345,25.2703],[-80.9299,25.2599],[-80.9193,25.2494],[-80.9204,25.2457],[-80.9244,25.2449]]],[[[-80.9502,25.2197],[-80.9582,25.2213],[-80.9574,25.2278],[-80.9509,25.2304],[-80.9467,25.2372],[-80.9402,25.2375],[-80.9384,25.2305],[-80.948,25.2275],[-80.9502,25.2197]]],[[[-80.9907,25.2181],[-81.0151,25.2328],[-81.0358,25.2399],[-81.0321,25.2472],[-81.024,25.2516],[-81.0227,25.2599],[-81.0164,25.269],[-80.997,25.2819],[-80.9962,25.2754],[-81.0148,25.2573],[-81.0171,25.2486],[-81.0094,25.2535],[-81.001,25.2528],[-80.9971,25.2503],[-81.0064,25.2413],[-80.994,25.2391],[-80.9936,25.2354],[-80.9829,25.242],[-80.9798,25.2303],[-80.9673,25.2309],[-80.9645,25.2271],[-80.9691,25.2217],[-80.9776,25.2228],[-80.9907,25.2181]]],[[[-80.5954,25.1625],[-80.6023,25.1641],[-80.6074,25.1755],[-80.5915,25.1731],[-80.5863,25.1659],[-80.5954,25.1625]]],[[[-80.5632,25.1456],[-80.5676,25.1467],[-80.5708,25.1533],[-80.5672,25.1574],[-80.5623,25.1563],[-80.5581,25.1473],[-80.5632,25.1456]]],[[[-80.4365,25.1367],[-80.4517,25.1534],[-80.4562,25.1536],[-80.4601,25.1426],[-80.4647,25.1413],[-80.4604,25.1742],[-80.4509,25.1604],[-80.4318,25.1528],[-80.4324,25.1379],[-80.4365,25.1367]]],[[[-80.702,25.1363],[-80.7129,25.139],[-80.7136,25.1474],[-80.702,25.1363]]],[[[-80.7861,25.1255],[-80.7948,25.1323],[-80.7957,25.1365],[-80.7882,25.1372],[-80.7829,25.1315],[-80.7816,25.1268],[-80.7861,25.1255]]],[[[-80.8242,25.1198],[-80.8335,25.1228],[-80.8348,25.1285],[-80.8308,25.1306],[-80.8231,25.1234],[-80.8242,25.1198]]],[[[-80.6877,25.1187],[-80.6874,25.1284],[-80.6824,25.1296],[-80.6786,25.1244],[-80.6877,25.1187]]],[[[-81.0868,25.1174],[-81.0973,25.1312],[-81.1234,25.1542],[-81.1417,25.1584],[-81.1435,25.1803],[-81.1389,25.1825],[-81.1387,25.1746],[-81.132,25.1656],[-81.1182,25.1605],[-81.1047,25.1467],[-81.088,25.1406],[-81.085,25.141],[-81.0828,25.1465],[-81.1321,25.1781],[-81.1411,25.1923],[-81.1458,25.1873],[-81.1709,25.2279],[-81.1697,25.2501],[-81.1639,25.2732],[-81.1564,25.2762],[-81.1567,25.2804],[-81.1602,25.2819],[-81.1582,25.2967],[-81.1438,25.326],[-81.1267,25.3306],[-81.1182,25.328],[-81.115,25.321],[-81.1046,25.3165],[-81.1063,25.311],[-81.0926,25.3046],[-81.082,25.2922],[-81.0802,25.2857],[-81.0884,25.278],[-81.0856,25.2738],[-81.076,25.2777],[-81.0687,25.2728],[-81.071,25.2622],[-81.065,25.2481],[-81.0416,25.2321],[-81.0172,25.2291],[-81.0075,25.2233],[-81.0018,25.2152],[-80.9853,25.2147],[-80.9637,25.2052],[-80.9597,25.2056],[-80.9585,25.2111],[-80.9539,25.2138],[-80.94,25.212],[-80.925,25.2157],[-80.9209,25.2188],[-80.9179,25.2322],[-80.9082,25.2379],[-80.9037,25.2536],[-80.9109,25.2612],[-80.9096,25.2705],[-80.9125,25.2719],[-80.9227,25.2653],[-80.9304,25.2739],[-80.9294,25.2878],[-80.9371,25.2829],[-80.9426,25.283],[-80.9502,25.293],[-80.9538,25.3061],[-80.9672,25.3084],[-80.9611,25.3249],[-80.9629,25.3291],[-80.9783,25.3314],[-80.9774,25.3435],[-80.9973,25.3478],[-81.0025,25.3405],[-81.0126,25.3385],[-81.0218,25.3313],[-81.027,25.3398],[-81.0396,25.3369],[-81.0465,25.3399],[-81.0511,25.3503],[-81.0706,25.3638],[-81.0875,25.3657],[-81.0909,25.369],[-81.0852,25.3749],[-81.096,25.3817],[-81.1229,25.3857],[-81.127,25.3816],[-81.1454,25.384],[-81.1481,25.3924],[-81.1467,25.4063],[-81.138,25.4102],[-81.1399,25.4159],[-81.1502,25.4199],[-81.1501,25.4254],[-81.1596,25.4401],[-81.1535,25.4436],[-81.1618,25.4471],[-81.1719,25.4622],[-81.167,25.4741],[-81.158,25.4734],[-81.1528,25.4784],[-81.1618,25.4809],[-81.164,25.4875],[-81.1718,25.4794],[-81.1839,25.476],[-81.2089,25.5068],[-81.2136,25.519],[-81.2046,25.5345],[-81.1996,25.5339],[-81.1968,25.5412],[-81.1928,25.5421],[-81.1808,25.5575],[-81.1532,25.559],[-81.1508,25.572],[-81.1374,25.5688],[-81.1396,25.5934],[-81.1365,25.5952],[-81.1191,25.591],[-81.1212,25.5878],[-81.1293,25.5876],[-81.13,25.5816],[-81.1211,25.5781],[-81.1119,25.5825],[-81.1146,25.5927],[-81.1059,25.5971],[-81.1153,25.602],[-81.1303,25.6029],[-81.1307,25.6062],[-81.1271,25.6088],[-81.1151,25.6076],[-81.1079,25.6129],[-81.1093,25.6153],[-81.1233,25.6171],[-81.141,25.6111],[-81.1499,25.5844],[-81.1536,25.5794],[-81.1612,25.5769],[-81.1655,25.5673],[-81.1726,25.5637],[-81.2123,25.5602],[-81.218,25.5534],[-81.2279,25.5569],[-81.2267,25.5629],[-81.2301,25.5644],[-81.2348,25.5752],[-81.2188,25.5752],[-81.2187,25.578],[-81.2304,25.5867],[-81.2273,25.5912],[-81.2312,25.5959],[-81.2387,25.5961],[-81.239,25.6008],[-81.2349,25.6035],[-81.2357,25.6109],[-81.2468,25.6228],[-81.245,25.6339],[-81.2541,25.6466],[-81.2624,25.6524],[-81.2746,25.6476],[-81.2729,25.6559],[-81.2666,25.6636],[-81.2674,25.6706],[-81.2821,25.6654],[-81.2835,25.6696],[-81.2778,25.6741],[-81.2792,25.6769],[-81.2892,25.6781],[-81.2772,25.6931],[-81.2574,25.7009],[-81.239,25.7134],[-81.2223,25.719],[-81.2158,25.7169],[-81.2093,25.7001],[-81.2023,25.699],[-81.2033,25.6856],[-81.1879,25.681],[-81.1916,25.6889],[-81.1809,25.6933],[-81.1872,25.7023],[-81.1889,25.7125],[-81.1974,25.7127],[-81.1931,25.7196],[-81.195,25.7247],[-81.1985,25.7248],[-81.2027,25.7184],[-81.2121,25.7229],[-81.2104,25.7293],[-81.2176,25.7388],[-81.2241,25.7413],[-81.2254,25.7459],[-81.2303,25.7493],[-81.235,25.7448],[-81.2438,25.7501],[-81.2466,25.7572],[-81.2541,25.7587],[-81.2562,25.7565],[-81.2591,25.7755],[-81.2656,25.7771],[-81.2703,25.7703],[-81.2614,25.7511],[-81.2699,25.7508],[-81.2835,25.7665],[-81.2911,25.7611],[-81.2915,25.7505],[-81.2828,25.7544],[-81.2756,25.7463],[-81.2937,25.7283],[-81.2885,25.7166],[-81.2897,25.7097],[-81.2948,25.7075],[-81.3033,25.6929],[-81.3089,25.7041],[-81.3159,25.7057],[-81.3186,25.716],[-81.3225,25.7188],[-81.3331,25.7177],[-81.3509,25.7265],[-81.3473,25.7288],[-81.3399,25.7253],[-81.3367,25.7327],[-81.3386,25.7346],[-81.3432,25.7319],[-81.3449,25.7431],[-81.3493,25.7446],[-81.3431,25.7523],[-81.3381,25.7512],[-81.3364,25.759],[-81.346,25.7709],[-81.3537,25.7646],[-81.359,25.7726],[-81.3672,25.7673],[-81.3722,25.7678],[-81.3716,25.7715],[-81.3603,25.78],[-81.3347,25.7803],[-81.3236,25.7842],[-81.3359,25.7892],[-81.3408,25.7948],[-81.3484,25.8094],[-81.35,25.8215],[-81.3586,25.8217],[-81.3593,25.8124],[-81.3659,25.8122],[-81.3661,25.8219],[-81.3881,25.841],[-81.3947,25.856],[-81.4117,25.8578],[-81.4245,25.8669],[-81.4467,25.8647],[-81.4526,25.869],[-81.4596,25.8692],[-81.4785,25.8918],[-81.5078,25.8861],[-81.5075,25.8986],[-81.5099,25.9009],[-81.525,25.9018],[-81.5294,25.9056],[-81.5447,25.8976],[-81.5417,25.9147],[-81.5491,25.919],[-81.5596,25.9193],[-81.5628,25.9152],[-81.554,25.9048],[-81.5533,25.8955],[-81.541,25.8841],[-81.5287,25.8935],[-81.5227,25.8938],[-81.5148,25.8872],[-81.514,25.8788],[-81.4967,25.8714],[-81.4901,25.8718],[-81.4889,25.8625],[-81.4849,25.8624],[-81.4766,25.8719],[-81.4647,25.8647],[-81.4595,25.8553],[-81.4536,25.8519],[-81.4456,25.8503],[-81.4389,25.8547],[-81.4239,25.8539],[-81.4078,25.8359],[-81.4086,25.8281],[-81.4229,25.8349],[-81.4311,25.8282],[-81.4367,25.8283],[-81.4406,25.8298],[-81.441,25.8358],[-81.4323,25.8407],[-81.4355,25.8329],[-81.4315,25.8323],[-81.4237,25.8409],[-81.4261,25.8475],[-81.4377,25.845],[-81.4455,25.8359],[-81.4534,25.8412],[-81.4609,25.84],[-81.4668,25.8453],[-81.4698,25.8444],[-81.47,25.8398],[-81.4496,25.8328],[-81.4482,25.8295],[-81.459,25.8196],[-81.4625,25.8197],[-81.4673,25.8267],[-81.4686,25.8175],[-81.4761,25.8177],[-81.4701,25.8347],[-81.478,25.8404],[-81.4768,25.8455],[-81.4798,25.8488],[-81.4914,25.8459],[-81.4885,25.8601],[-81.493,25.8593],[-81.4967,25.8529],[-81.4946,25.8404],[-81.4987,25.8358],[-81.5054,25.8485],[-81.5041,25.8568],[-81.5102,25.8542],[-81.5063,25.8351],[-81.5129,25.8316],[-81.5164,25.8321],[-81.5106,25.8417],[-81.5134,25.8482],[-81.5151,25.8413],[-81.5197,25.8391],[-81.5255,25.8458],[-81.5219,25.8503],[-81.5221,25.8605],[-81.5253,25.8541],[-81.5304,25.8519],[-81.5265,25.8638],[-81.5314,25.8709],[-81.5297,25.8773],[-81.5348,25.8747],[-81.538,25.8655],[-81.5327,25.8589],[-81.5485,25.8495],[-81.5509,25.8552],[-81.5471,25.8662],[-81.5505,25.8695],[-81.5473,25.875],[-81.5413,25.8735],[-81.5391,25.8803],[-81.5471,25.8828],[-81.5517,25.8788],[-81.5529,25.8728],[-81.5585,25.8688],[-81.5538,25.8599],[-81.5632,25.8629],[-81.5675,25.8718],[-81.5617,25.88],[-81.5567,25.8798],[-81.5565,25.8868],[-81.5605,25.8887],[-81.5597,25.8998],[-81.5641,25.9032],[-81.5702,25.9024],[-81.5708,25.8982],[-81.5648,25.8948],[-81.566,25.8884],[-81.5724,25.8941],[-81.5795,25.891],[-81.5875,25.8945],[-81.5925,25.8932],[-81.5979,25.8998],[-81.6019,25.8985],[-81.6006,25.892],[-81.6056,25.8907],[-81.6126,25.895],[-81.611,25.914],[-81.5944,25.9145],[-81.5752,25.9034],[-81.576,25.9271],[-81.5862,25.9231],[-81.5972,25.9243],[-81.597,25.9326],[-81.6111,25.9307],[-81.6092,25.9246],[-81.5993,25.9211],[-81.5999,25.9188],[-81.6179,25.9202],[-81.6295,25.8991],[-81.634,25.9002],[-81.6359,25.9044],[-81.6254,25.9217],[-81.6329,25.9247],[-81.6391,25.9151],[-81.642,25.9216],[-81.6362,25.9331],[-81.6385,25.9378],[-81.6531,25.9367],[-81.6562,25.9345],[-81.6543,25.9298],[-81.6459,25.9264],[-81.646,25.9227],[-81.6597,25.9188],[-81.6725,25.927],[-81.6752,25.9215],[-81.672,25.9098],[-81.6629,25.9101],[-81.6441,25.9171],[-81.6414,25.9077],[-81.6447,25.8972],[-81.6503,25.8922],[-81.6572,25.8988],[-81.6556,25.903],[-81.6585,25.9053],[-81.6757,25.902],[-81.6892,25.9033],[-81.6806,25.9077],[-81.6784,25.9123],[-81.6847,25.9235],[-81.6834,25.9314],[-81.6864,25.9347],[-81.6965,25.9331],[-81.6981,25.9289],[-81.6964,25.9173],[-81.6913,25.9186],[-81.6879,25.9157],[-81.694,25.9103],[-81.7061,25.9111],[-81.7135,25.9154],[-81.7141,25.9103],[-81.7307,25.9102],[-81.737,25.9404],[-81.7522,25.9551],[-81.7526,25.9593],[-81.7423,25.9683],[-81.7367,25.9724],[-81.7281,25.9722],[-81.7268,25.9638],[-81.7187,25.966],[-81.6941,25.9478],[-81.691,25.9482],[-81.6929,25.9552],[-81.7012,25.9628],[-81.6786,25.9641],[-81.6687,25.956],[-81.6582,25.9725],[-81.666,25.9805],[-81.6692,25.976],[-81.6777,25.9775],[-81.6784,25.9697],[-81.6965,25.9687],[-81.6985,25.9715],[-81.6953,25.977],[-81.6997,25.9804],[-81.705,25.9703],[-81.7116,25.9686],[-81.7175,25.9733],[-81.7083,25.9801],[-81.7112,25.9843],[-81.7167,25.9853],[-81.7274,25.9824],[-81.7235,25.9762],[-81.734,25.9774],[-81.7211,25.9924],[-81.734,25.9968],[-81.7387,26.009],[-81.7471,26.0147],[-81.7627,26.0169],[-81.7561,25.9987],[-81.7626,26.0002],[-81.8023,26.0825],[-81.8046,26.09],[-81.7934,26.0953],[-81.7923,26.0805],[-81.7857,26.0808],[-81.7838,26.1145],[-81.7892,26.1221],[-81.7883,26.1359],[-81.7943,26.1379],[-81.7981,26.1301],[-81.7911,26.1068],[-81.7922,26.1013],[-81.7993,26.1001],[-81.8045,26.0951],[-81.8133,26.1661],[-81.8091,26.1734],[-81.8155,26.1763],[-81.8168,26.1842],[-81.8168,26.205],[-81.8136,26.2123],[-81.8189,26.2226],[-81.8188,26.2457],[-81.832,26.2849],[-81.8284,26.2876],[-81.8129,26.2831],[-81.8093,26.2858],[-81.8237,26.2916],[-81.8334,26.2895],[-81.8368,26.2937],[-81.8381,26.303],[-81.86,26.3553],[-81.8605,26.3576],[-81.8518,26.3616],[-81.8465,26.3499],[-81.8415,26.3484],[-81.8374,26.3492],[-81.8363,26.3552],[-81.8448,26.3975],[-81.8487,26.404],[-81.847,26.4114],[-81.8494,26.4156],[-81.8447,26.4234],[-81.8549,26.4411],[-81.8515,26.4531],[-81.8657,26.4534],[-81.8797,26.4791],[-81.8805,26.4874],[-81.885,26.4903],[-81.8875,26.4714],[-81.8723,26.453],[-81.8815,26.4472],[-81.8847,26.4404],[-81.9067,26.4496],[-81.9139,26.4668],[-81.922,26.4651],[-81.9204,26.4499],[-81.9339,26.4571],[-81.9336,26.4691],[-81.9442,26.4697],[-81.947,26.4786],[-81.9567,26.4746],[-81.9838,26.483],[-82.0096,26.4853],[-82.0145,26.4891],[-82.0108,26.4965],[-82.0068,26.4964],[-82.0059,26.4917],[-81.9967,26.4943],[-82.0006,26.5027],[-82.012,26.5103],[-82.0077,26.5209],[-81.9961,26.5221],[-81.9807,26.5084],[-81.9436,26.5349],[-81.929,26.5351],[-81.9258,26.5392],[-81.9276,26.5516],[-81.9227,26.5631],[-81.9094,26.5698],[-81.8989,26.5848],[-81.8887,26.6308],[-81.8813,26.6427],[-81.8251,26.6822],[-81.7984,26.695],[-81.7764,26.701],[-81.7718,26.706],[-81.7844,26.7086],[-81.7911,26.7041],[-81.8416,26.6922],[-81.8833,26.663],[-81.897,26.6638],[-81.8957,26.6527],[-81.906,26.6469],[-81.9083,26.6377],[-81.9186,26.631],[-81.9189,26.6166],[-81.9125,26.6082],[-81.9271,26.5928],[-81.9359,26.5643],[-81.9491,26.5401],[-81.9698,26.5423],[-81.9734,26.5406],[-81.9766,26.5314],[-81.9913,26.5321],[-81.9953,26.5331],[-81.9895,26.5427],[-81.9914,26.5488],[-81.9949,26.5488],[-81.9987,26.5374],[-82.0416,26.5243],[-82.0411,26.5428],[-82.0441,26.5475],[-82.0603,26.5441],[-82.0645,26.5603],[-82.0704,26.5692],[-82.0581,26.5773],[-82.0502,26.5915],[-82.0512,26.6113],[-82.0583,26.6341],[-82.0815,26.6604],[-82.0757,26.6709],[-82.0795,26.6839],[-82.084,26.6854],[-82.086,26.69],[-82.0772,26.6982],[-82.0839,26.7159],[-82.0732,26.7411],[-82.0663,26.7774],[-82.0557,26.7962],[-82.0528,26.8099],[-82.0526,26.8206],[-82.0584,26.8354],[-82.0524,26.8529],[-82.0516,26.8667],[-82.054,26.8741],[-82.0609,26.8794],[-82.0822,26.8834],[-82.0942,26.8915],[-82.0998,26.9156],[-82.0981,26.9216],[-82.0924,26.9256],[-82.0611,26.9398],[-82.036,26.9495],[-82.0177,26.9492],[-82.0033,26.9544],[-81.9914,26.963],[-81.9898,26.968],[-81.9976,26.9825],[-81.9838,26.9891],[-81.9835,26.9951],[-81.971,27.0082],[-81.9745,27.0106],[-81.9832,27.0094],[-81.979,27.0352],[-81.9813,27.0477],[-81.9849,27.0477],[-81.9948,27.0364],[-81.9877,27.0146],[-81.9963,26.994],[-82.0016,26.9835],[-82.0155,26.975],[-82.0208,26.9667],[-82.0422,26.9653],[-82.0539,26.9678],[-82.0628,26.9546],[-82.0745,26.9539],[-82.0871,26.9574],[-82.1024,26.9553],[-82.1068,26.9637],[-82.1211,26.9631],[-82.1199,26.9464],[-82.1541,26.9392],[-82.1528,26.9332],[-82.1395,26.9334],[-82.1386,26.9269],[-82.1433,26.9256],[-82.166,26.9311],[-82.1745,26.9382],[-82.1692,26.9505],[-82.1808,26.9517],[-82.1853,26.9568],[-82.1857,26.9637],[-82.183,26.9669],[-82.1775,26.9668],[-82.1768,26.9733],[-82.1904,26.9823],[-82.1929,26.9809],[-82.1947,26.9671],[-82.206,26.9627],[-82.2328,26.9724],[-82.2315,26.9853],[-82.2389,26.9992],[-82.2433,27.003],[-82.2586,27.0047],[-82.2678,27.0256],[-82.2713,27.0279],[-82.2755,27.0252],[-82.2738,27.0068],[-82.2466,26.9906],[-82.241,26.9665],[-82.2133,26.9568],[-82.2063,26.9475],[-82.1937,26.944],[-82.1902,26.9403],[-82.1874,26.9278],[-82.1722,26.9049],[-82.1662,26.8752],[-82.1583,26.8622],[-82.1484,26.8025],[-82.1491,26.7946],[-82.1538,26.7901],[-82.168,26.7876],[-82.1754,26.8015],[-82.1712,26.8066],[-82.172,26.8143],[-82.1619,26.8142],[-82.1598,26.8174],[-82.1637,26.8258],[-82.1732,26.8306],[-82.1799,26.8256],[-82.1858,26.8114],[-82.1956,26.8065],[-82.2112,26.8132],[-82.2094,26.8266],[-82.2128,26.8294],[-82.2214,26.8097],[-82.2396,26.8119],[-82.246,26.824],[-82.2414,26.8258],[-82.2457,26.8388],[-82.2518,26.8342],[-82.2551,26.8223],[-82.28,26.8463],[-82.2858,26.863],[-82.2851,26.8754],[-82.2655,26.8862],[-82.2705,26.8904],[-82.2905,26.8834],[-82.2936,26.8774],[-82.2876,26.8473],[-82.2933,26.846],[-82.3031,26.8614],[-82.3112,26.8615],[-82.3108,26.8569],[-82.3013,26.8489],[-82.284,26.8251],[-82.2832,26.8177],[-82.2857,26.8163],[-82.3436,26.8925],[-82.338,26.897],[-82.3324,26.896],[-82.3206,26.8783],[-82.312,26.8745],[-82.3351,26.9127],[-82.3319,26.9214],[-82.3354,26.9261],[-82.3414,26.9276],[-82.3337,26.9362],[-82.3397,26.9395],[-82.3494,26.9369],[-82.3591,26.9597],[-82.3671,26.9676],[-82.3777,26.971],[-82.3946,26.9958],[-82.3986,26.9967],[-82.3978,26.9861],[-82.384,26.9647],[-82.3709,26.9548],[-82.3666,26.9432],[-82.357,26.937],[-82.3549,26.9176],[-82.3428,26.9105],[-82.3399,26.9049],[-82.3471,26.8976],[-82.3689,26.9275],[-82.4146,27.0104],[-82.4483,27.0625],[-82.4591,27.0835],[-82.4638,27.1043],[-82.4708,27.1145],[-82.4815,27.1456],[-82.5111,27.2023],[-82.5115,27.206],[-82.5039,27.2049],[-82.4945,27.1877],[-82.491,27.1849],[-82.4894,27.1877],[-82.4917,27.2006],[-82.4996,27.2127],[-82.5069,27.2368],[-82.5228,27.2592],[-82.5405,27.27],[-82.5381,27.2617],[-82.5151,27.2314],[-82.5088,27.2147],[-82.5094,27.2105],[-82.514,27.2083],[-82.5273,27.2362],[-82.5528,27.266],[-82.571,27.2792],[-82.5629,27.3012],[-82.5572,27.3053],[-82.5491,27.3015],[-82.5504,27.2877],[-82.5469,27.2839],[-82.5407,27.2852],[-82.5387,27.3147],[-82.5422,27.3175],[-82.538,27.3267],[-82.5424,27.335],[-82.5466,27.3319],[-82.5511,27.3351],[-82.5503,27.355],[-82.5653,27.3759],[-82.5661,27.3893],[-82.5724,27.4059],[-82.5804,27.4176],[-82.5875,27.4186],[-82.5997,27.4266],[-82.6201,27.4296],[-82.6478,27.4526],[-82.6788,27.4663],[-82.6899,27.4761],[-82.6858,27.4798],[-82.6745,27.4792],[-82.6507,27.4687],[-82.6424,27.476],[-82.6441,27.494],[-82.6409,27.5027],[-82.6495,27.5079],[-82.6615,27.4947],[-82.6697,27.4952],[-82.6713,27.4893],[-82.6892,27.4886],[-82.6894,27.5125],[-82.6868,27.5162],[-82.6771,27.5114],[-82.677,27.5161],[-82.6831,27.5207],[-82.6789,27.5262],[-82.6472,27.5281],[-82.6101,27.5092],[-82.5785,27.5042],[-82.5298,27.5072],[-82.5189,27.4882],[-82.5026,27.4824],[-82.4941,27.4726],[-82.4924,27.4823],[-82.513,27.4991],[-82.5164,27.5116],[-82.5046,27.5142],[-82.5024,27.5202],[-82.4947,27.5233],[-82.4871,27.5209],[-82.4903,27.5131],[-82.4655,27.5229],[-82.4487,27.5212],[-82.4365,27.5155],[-82.4272,27.5228],[-82.4491,27.5254],[-82.4491,27.5282],[-82.4429,27.5294],[-82.4413,27.535],[-82.4694,27.5349],[-82.5049,27.5276],[-82.5127,27.5208],[-82.526,27.5182],[-82.5307,27.5141],[-82.5563,27.5154],[-82.5717,27.5128],[-82.6175,27.525],[-82.6281,27.5329],[-82.6394,27.534],[-82.6403,27.54],[-82.6336,27.5431],[-82.6055,27.54],[-82.6057,27.5294],[-82.6001,27.527],[-82.585,27.5407],[-82.5818,27.5485],[-82.5695,27.5529],[-82.5708,27.5612],[-82.5635,27.5694],[-82.5655,27.5726],[-82.5804,27.571],[-82.5862,27.5637],[-82.5944,27.5611],[-82.5964,27.5643],[-82.5932,27.5735],[-82.6109,27.5838],[-82.6104,27.588],[-82.5966,27.586],[-82.5842,27.5913],[-82.5771,27.5866],[-82.5736,27.5879],[-82.579,27.5963],[-82.5738,27.5981],[-82.5763,27.6027],[-82.5701,27.6082],[-82.5502,27.601],[-82.545,27.6069],[-82.5552,27.6112],[-82.5566,27.6163],[-82.5592,27.6136],[-82.5628,27.615],[-82.5641,27.6265],[-82.5605,27.6301],[-82.5572,27.6457],[-82.54,27.6593],[-82.5325,27.6772],[-82.5156,27.6788],[-82.5141,27.6719],[-82.5111,27.6723],[-82.4939,27.6836],[-82.4975,27.6859],[-82.5083,27.6842],[-82.5133,27.6884],[-82.5148,27.6922],[-82.5075,27.6989],[-82.4863,27.7111],[-82.4662,27.7149],[-82.4525,27.7083],[-82.4467,27.6879],[-82.441,27.6906],[-82.4425,27.7197],[-82.4496,27.7239],[-82.4712,27.7247],[-82.4678,27.7394],[-82.4738,27.7477],[-82.464,27.7513],[-82.461,27.7466],[-82.4403,27.7588],[-82.4178,27.7819],[-82.397,27.7959],[-82.3982,27.8125],[-82.3883,27.8215],[-82.3865,27.8339],[-82.3908,27.8533],[-82.4004,27.8576],[-82.3979,27.881],[-82.405,27.8871],[-82.413,27.9024],[-82.4232,27.9049],[-82.4242,27.9067],[-82.4127,27.9139],[-82.4263,27.9302],[-82.413,27.9277],[-82.4128,27.9379],[-82.4029,27.9437],[-82.4018,27.9478],[-82.4111,27.9466],[-82.4155,27.9526],[-82.4291,27.9464],[-82.4298,27.9358],[-82.434,27.9299],[-82.4391,27.9323],[-82.4441,27.9439],[-82.4621,27.9427],[-82.4643,27.9368],[-82.4872,27.9164],[-82.4845,27.8957],[-82.479,27.8887],[-82.4855,27.8694],[-82.4675,27.8425],[-82.474,27.8209],[-82.494,27.8263],[-82.5056,27.8347],[-82.5129,27.8312],[-82.5226,27.8359],[-82.5309,27.83],[-82.535,27.8329],[-82.5348,27.8416],[-82.5454,27.8555],[-82.5412,27.8559],[-82.5417,27.8587],[-82.5509,27.8598],[-82.5519,27.8625],[-82.5374,27.8692],[-82.5295,27.8793],[-82.5294,27.8857],[-82.5412,27.8872],[-82.5427,27.8932],[-82.5334,27.8963],[-82.5297,27.9014],[-82.532,27.9175],[-82.5266,27.928],[-82.5297,27.9322],[-82.5285,27.9368],[-82.5372,27.9438],[-82.5537,27.9679],[-82.5593,27.9708],[-82.563,27.9699],[-82.5667,27.9631],[-82.5908,27.9689],[-82.6212,27.9661],[-82.6215,27.9762],[-82.6173,27.9803],[-82.5941,27.9818],[-82.5644,27.9768],[-82.5613,27.9777],[-82.5622,27.9814],[-82.5776,27.9881],[-82.6033,27.9907],[-82.6134,27.9973],[-82.618,28.0033],[-82.6184,28.0116],[-82.6245,28.0158],[-82.6291,28.0154],[-82.6314,28.003],[-82.637,28.0072],[-82.6409,28.0206],[-82.6527,28.0185],[-82.6592,28.002],[-82.6653,28.0035],[-82.6665,28.0297],[-82.6829,28.0331],[-82.6931,28.0415],[-82.7018,28.0439],[-82.6766,28.0073],[-82.6841,27.9903],[-82.6965,27.9836],[-82.6998,27.974],[-82.6878,27.9803],[-82.6879,27.9748],[-82.6843,27.9742],[-82.639,27.9787],[-82.6319,27.9727],[-82.634,27.9653],[-82.7175,27.9558],[-82.7265,27.9379],[-82.7225,27.9356],[-82.7183,27.9379],[-82.697,27.921],[-82.6907,27.9255],[-82.6857,27.9204],[-82.6555,27.9118],[-82.6393,27.8941],[-82.6184,27.8851],[-82.5865,27.8837],[-82.5684,27.8931],[-82.5586,27.8939],[-82.5576,27.8893],[-82.5598,27.8824],[-82.5655,27.8775],[-82.6109,27.8688],[-82.5918,27.8451],[-82.5934,27.8392],[-82.5976,27.8369],[-82.6021,27.8407],[-82.6081,27.855],[-82.6322,27.8535],[-82.6333,27.8484],[-82.6231,27.8492],[-82.6205,27.8469],[-82.6309,27.8374],[-82.6254,27.8336],[-82.6202,27.8377],[-82.6124,27.838],[-82.6106,27.8274],[-82.5993,27.8264],[-82.5963,27.8199],[-82.6021,27.8107],[-82.6067,27.8108],[-82.6102,27.8201],[-82.6215,27.8207],[-82.6197,27.8041],[-82.6105,27.8016],[-82.6075,27.7933],[-82.6189,27.7898],[-82.6306,27.7959],[-82.6327,27.7932],[-82.6262,27.7834],[-82.6319,27.7752],[-82.6315,27.7697],[-82.6213,27.764],[-82.6378,27.7619],[-82.6379,27.756],[-82.6302,27.7536],[-82.6293,27.7503],[-82.6392,27.7417],[-82.6399,27.7242],[-82.6298,27.7149],[-82.6362,27.7044],[-82.6434,27.7031],[-82.671,27.7062],[-82.6711,27.6993],[-82.6803,27.7003],[-82.6817,27.71],[-82.6928,27.7226],[-82.6876,27.7285],[-82.6915,27.7396],[-82.7049,27.7384],[-82.7182,27.7432],[-82.7293,27.7557],[-82.7349,27.7535],[-82.7385,27.7558],[-82.7608,27.8127],[-82.7518,27.8248],[-82.7505,27.8444],[-82.7584,27.8362],[-82.7621,27.8265],[-82.7758,27.8396],[-82.7739,27.8304],[-82.7653,27.8211],[-82.7676,27.804],[-82.7752,27.8051],[-82.7828,27.8139],[-82.7896,27.8089],[-82.8082,27.8326],[-82.8317,27.8434],[-82.8202,27.8231],[-82.8019,27.809],[-82.7962,27.8094],[-82.7836,27.7946],[-82.7709,27.7861],[-82.7488,27.7527],[-82.7454,27.7412],[-82.7367,27.7351],[-82.7349,27.7245],[-82.7283,27.718],[-82.7301,27.6977],[-82.7199,27.693],[-82.72,27.6902],[-82.7339,27.6821],[-82.7411,27.6859],[-82.7436,27.7223],[-82.7631,27.7561],[-82.7777,27.7765],[-82.8259,27.8176],[-82.8496,27.8524],[-82.855,27.8704],[-82.8548,27.881],[-82.8422,27.943],[-82.8328,27.9544],[-82.8306,27.9631],[-82.8219,27.9598],[-82.8335,27.941],[-82.8439,27.8956],[-82.8414,27.8891],[-82.8309,27.8996],[-82.8308,27.9083],[-82.824,27.9188],[-82.8239,27.9262],[-82.8171,27.9335],[-82.8065,27.9596],[-82.8004,27.9853],[-82.7932,27.9907],[-82.798,28.0096],[-82.7962,28.0299],[-82.7814,28.0582],[-82.7859,28.067],[-82.7806,28.0757],[-82.7754,28.0779],[-82.7754,28.0825],[-82.7846,28.0849],[-82.7856,28.0886],[-82.776,28.1111],[-82.7796,28.1134],[-82.7874,28.1406],[-82.8014,28.1711],[-82.7967,28.1738],[-82.7707,28.1547],[-82.7678,28.1427],[-82.7619,28.156],[-82.75,28.1577],[-82.7546,28.1619],[-82.7716,28.162],[-82.791,28.1802],[-82.7992,28.1835],[-82.7986,28.1877],[-82.7924,28.1903],[-82.7823,28.2095],[-82.7715,28.2053],[-82.7684,28.2075],[-82.7694,28.2112],[-82.7636,28.2185],[-82.763,28.2245],[-82.7599,28.2254],[-82.7594,28.2203],[-82.7538,28.2179],[-82.7515,28.234],[-82.755,28.2419],[-82.7488,28.2436],[-82.7406,28.2403],[-82.741,28.2435],[-82.7513,28.2496],[-82.7522,28.2547],[-82.7393,28.2569],[-82.7436,28.2827],[-82.7363,28.283],[-82.7342,28.2881],[-82.729,28.2885],[-82.7268,28.2985],[-82.719,28.3044],[-82.7241,28.3072],[-82.733,28.2991],[-82.7365,28.3028],[-82.7321,28.3243],[-82.7107,28.3351],[-82.7188,28.3481],[-82.7141,28.3513],[-82.7061,28.3668],[-82.7044,28.3746],[-82.7083,28.3948],[-82.703,28.4017],[-82.6989,28.3998],[-82.6869,28.4075],[-82.6992,28.4122],[-82.6949,28.4227],[-82.6856,28.4226],[-82.6751,28.4335],[-82.6679,28.4307],[-82.6668,28.4334],[-82.6719,28.4417],[-82.668,28.4536],[-82.6798,28.4616],[-82.672,28.4675],[-82.6655,28.483],[-82.668,28.4922],[-82.6658,28.4968],[-82.6709,28.5015],[-82.6676,28.5134],[-82.6578,28.5146],[-82.6632,28.5289],[-82.6471,28.5319],[-82.6496,28.5403],[-82.6474,28.5453],[-82.6505,28.549],[-82.6492,28.5655],[-82.6548,28.5679],[-82.6553,28.5734],[-82.6505,28.5798],[-82.6422,28.582],[-82.6426,28.5893],[-82.6389,28.5929],[-82.6539,28.5931],[-82.6528,28.6009],[-82.6615,28.607],[-82.651,28.6165],[-82.6446,28.6279],[-82.6471,28.6339],[-82.6448,28.6426],[-82.6473,28.6445],[-82.6557,28.6414],[-82.6545,28.6515],[-82.6432,28.6504],[-82.6378,28.6582],[-82.6306,28.6594],[-82.6315,28.6622],[-82.6445,28.6661],[-82.6495,28.6758],[-82.6453,28.6789],[-82.6375,28.677],[-82.638,28.6825],[-82.6337,28.6875],[-82.6467,28.7216],[-82.6518,28.7268],[-82.6522,28.7355],[-82.6485,28.7373],[-82.6424,28.7308],[-82.6391,28.7436],[-82.6343,28.7472],[-82.6399,28.7555],[-82.6347,28.7582],[-82.6429,28.7615],[-82.6439,28.7666],[-82.6513,28.758],[-82.6596,28.7585],[-82.66,28.7677],[-82.6557,28.7746],[-82.6702,28.778],[-82.6752,28.7867],[-82.6752,28.7922],[-82.6689,28.7917],[-82.6678,28.7963],[-82.6896,28.8012],[-82.691,28.8104],[-82.6883,28.8158],[-82.6811,28.8111],[-82.6732,28.8179],[-82.6535,28.8168],[-82.6445,28.7914],[-82.6348,28.7849],[-82.6341,28.794],[-82.6416,28.8116],[-82.6387,28.8271],[-82.646,28.8277],[-82.6465,28.8314],[-82.6328,28.8431],[-82.6346,28.8597],[-82.6292,28.8674],[-82.6344,28.8712],[-82.6358,28.8804],[-82.6314,28.8922],[-82.6496,28.8925],[-82.6516,28.9003],[-82.663,28.9055],[-82.6661,28.9023],[-82.6905,28.9058],[-82.6915,28.91],[-82.6732,28.9162],[-82.6964,28.9311],[-82.7068,28.9331],[-82.7143,28.9479],[-82.7257,28.9531],[-82.7379,28.9752],[-82.7357,28.9835],[-82.7278,28.9861],[-82.7298,28.9917],[-82.7412,28.9968],[-82.7568,28.9952],[-82.7583,28.9998],[-82.7545,29.0149],[-82.7564,29.0269],[-82.7459,29.0299],[-82.7499,29.0419],[-82.7561,29.0452],[-82.7539,29.0534],[-82.7559,29.0585],[-82.749,29.0653],[-82.7511,29.0681],[-82.7689,29.0619],[-82.7735,29.0638],[-82.7818,29.0716],[-82.7728,29.0771],[-82.795,29.0947],[-82.7912,29.1048],[-82.7948,29.1103],[-82.7932,29.1131],[-82.7796,29.1138],[-82.7764,29.1193],[-82.7805,29.123],[-82.8003,29.1209],[-82.8029,29.1265],[-82.8064,29.1375],[-82.8001,29.1388],[-82.8067,29.1495],[-82.803,29.1517],[-82.8071,29.1605],[-82.7996,29.1723],[-82.828,29.1589],[-82.842,29.1618],[-82.8513,29.1715],[-82.8639,29.1652],[-82.8676,29.1648],[-82.868,29.1685],[-82.877,29.1626],[-82.8879,29.1641],[-82.8972,29.1715],[-82.9051,29.1679],[-82.9275,29.1709],[-82.9284,29.1819],[-82.932,29.1838],[-82.9472,29.1812],[-82.955,29.1863],[-82.9659,29.1841],[-82.9708,29.1745],[-82.9755,29.1732],[-82.9786,29.1742],[-82.9811,29.1829],[-82.9978,29.1798],[-82.9995,29.1688],[-83.0026,29.1735],[-83.0109,29.1767],[-83.0224,29.1732],[-83.0397,29.1743],[-83.0406,29.1811],[-83.0463,29.183],[-83.0473,29.1917],[-83.0535,29.1923],[-83.0576,29.1987],[-83.0524,29.2033],[-83.0456,29.2018],[-83.045,29.2078],[-83.0528,29.2106],[-83.0665,29.2038],[-83.0653,29.218],[-83.0698,29.2318],[-83.0536,29.2331],[-83.0551,29.2377],[-83.0712,29.2442],[-83.0748,29.2553],[-83.0684,29.2644],[-83.0887,29.2733],[-83.0897,29.2788],[-83.1033,29.2757],[-83.108,29.278],[-83.1084,29.2831],[-83.1189,29.2818],[-83.1204,29.2887],[-83.1314,29.2883],[-83.1344,29.2948],[-83.1559,29.294],[-83.1542,29.3018],[-83.1378,29.3177],[-83.1321,29.3209],[-83.1148,29.3184],[-83.1112,29.3207],[-83.1087,29.3306],[-83.1356,29.3292],[-83.1504,29.3123],[-83.1578,29.3133],[-83.1603,29.3193],[-83.1513,29.3297],[-83.1523,29.3334],[-83.1689,29.3478],[-83.1804,29.3488],[-83.1825,29.3524],[-83.1798,29.3556],[-83.1693,29.3615],[-83.1719,29.3647],[-83.1782,29.3657],[-83.1855,29.3607],[-83.189,29.3782],[-83.1985,29.3764],[-83.2037,29.3792],[-83.2031,29.3833],[-83.1889,29.3883],[-83.1878,29.3914],[-83.2046,29.3911],[-83.2133,29.4127],[-83.209,29.42],[-83.2106,29.4237],[-83.2164,29.4187],[-83.2215,29.4279],[-83.2278,29.4229],[-83.234,29.4335],[-83.2529,29.4341],[-83.2664,29.4429],[-83.2665,29.4346],[-83.2728,29.4278],[-83.2738,29.4342],[-83.289,29.4375],[-83.2873,29.443],[-83.2957,29.4445],[-83.3071,29.461],[-83.3112,29.4739],[-83.3195,29.4785],[-83.3305,29.4759],[-83.3388,29.4855],[-83.3362,29.4892],[-83.3467,29.4879],[-83.3596,29.5058],[-83.3622,29.5063],[-83.366,29.4999],[-83.378,29.5041],[-83.3784,29.5169],[-83.3842,29.5147],[-83.3999,29.518],[-83.3978,29.5235],[-83.3936,29.5243],[-83.3919,29.5404],[-83.4023,29.5427],[-83.4007,29.5487],[-83.397,29.5496],[-83.4017,29.5578],[-83.4011,29.5679],[-83.41,29.5698],[-83.3974,29.5775],[-83.4057,29.5826],[-83.4046,29.5968],[-83.3873,29.5958],[-83.4008,29.6041],[-83.4054,29.6197],[-83.4007,29.6261],[-83.4037,29.6376],[-83.3958,29.6504],[-83.3962,29.6595],[-83.4145,29.6752],[-83.4213,29.6748],[-83.4344,29.6808],[-83.4481,29.6754],[-83.458,29.6823],[-83.4821,29.6893],[-83.4847,29.6985],[-83.4972,29.7132],[-83.5098,29.7137],[-83.5281,29.7243],[-83.5339,29.7216],[-83.547,29.729],[-83.5626,29.7597],[-83.5668,29.7639],[-83.5773,29.7616],[-83.5821,29.7653],[-83.5799,29.7735],[-83.5752,29.7763],[-83.5825,29.7832],[-83.5762,29.7886],[-83.5782,29.7955],[-83.5892,29.8024],[-83.586,29.8171],[-83.5886,29.8217],[-83.5939,29.8208],[-83.5991,29.8313],[-83.6195,29.8424],[-83.6221,29.8529],[-83.6378,29.8782],[-83.6357,29.8827],[-83.653,29.8984],[-83.675,29.9122],[-83.6782,29.919],[-83.6724,29.9227],[-83.675,29.9264],[-83.6923,29.9259],[-83.7008,29.9292],[-83.715,29.9379],[-83.7144,29.9471],[-83.7181,29.9484],[-83.7228,29.9411],[-83.7281,29.9421],[-83.7465,29.9632],[-83.7518,29.9572],[-83.7586,29.9591],[-83.7791,29.9742],[-83.7812,29.9779],[-83.7764,29.9898],[-83.7796,29.9948],[-83.7902,29.9829],[-83.7965,29.9802],[-83.817,29.988],[-83.8297,29.9835],[-83.8307,29.9876],[-83.8512,30.0036],[-83.8518,30.0082],[-83.8581,30.0055],[-83.8607,30.0092],[-83.8786,30.0133],[-83.8786,30.016],[-83.9113,30.0275],[-83.9113,30.0321],[-83.9192,30.0385],[-83.9139,30.0495],[-83.9181,30.0504],[-83.9303,30.0399],[-83.9319,30.0468],[-83.9445,30.0509],[-83.945,30.055],[-83.9498,30.0536],[-83.9535,30.0614],[-83.9646,30.0637],[-83.9656,30.0692],[-83.9841,30.0784],[-83.9804,30.1008],[-83.9841,30.1017],[-83.9904,30.0871],[-83.9946,30.0861],[-84.0004,30.109],[-84.0046,30.1022],[-84.0126,30.098],[-84.0236,30.1026],[-84.0411,30.1008],[-84.049,30.1031],[-84.0864,30.0921],[-84.106,30.1058],[-84.1097,30.1012],[-84.1012,30.0943],[-84.1091,30.0897],[-84.1197,30.0975],[-84.126,30.0961],[-84.1271,30.0929],[-84.135,30.0925],[-84.1392,30.0824],[-84.1655,30.0727],[-84.1787,30.0727],[-84.1835,30.0768],[-84.183,30.0819],[-84.1746,30.0997],[-84.1767,30.102],[-84.1877,30.096],[-84.192,30.0979],[-84.2004,30.1098],[-84.201,30.1203],[-84.2042,30.1235],[-84.2121,30.1165],[-84.211,30.107],[-84.22,30.1028],[-84.2215,30.0964],[-84.2294,30.096],[-84.2352,30.0882],[-84.2479,30.0955],[-84.2464,30.1092],[-84.2522,30.1092],[-84.2543,30.1055],[-84.2706,30.1064],[-84.2769,30.0936],[-84.2785,30.0826],[-84.2742,30.0762],[-84.2747,30.0684],[-84.2789,30.0629],[-84.2826,30.0629],[-84.2832,30.0725],[-84.2863,30.0675],[-84.2916,30.0661],[-84.2937,30.0597],[-84.2995,30.0592],[-84.3143,30.0742],[-84.3196,30.0724],[-84.327,30.0802],[-84.3302,30.0788],[-84.327,30.0719],[-84.3343,30.0696],[-84.3375,30.0746],[-84.3433,30.0755],[-84.347,30.0654],[-84.3602,30.0617],[-84.3644,30.0576],[-84.37,30.031],[-84.3705,30.0228],[-84.3673,30.0173],[-84.3789,30.0182],[-84.3758,30.031],[-84.3864,30.036],[-84.3868,29.9989],[-84.3788,29.9985],[-84.3762,29.9917],[-84.3699,29.994],[-84.3762,30.004],[-84.371,30.0095],[-84.3641,29.9999],[-84.3588,29.9844],[-84.3519,29.9794],[-84.3514,29.9844],[-84.3414,29.9831],[-84.3398,29.9785],[-84.3455,29.9684],[-84.4057,29.9833],[-84.4252,29.9841],[-84.4368,30.001],[-84.4511,30.0019],[-84.451,29.9991],[-84.4394,29.9955],[-84.4357,29.9887],[-84.4357,29.9841],[-84.4446,29.9745],[-84.4445,29.9644],[-84.4408,29.9612],[-84.4224,29.9599],[-84.4187,29.9649],[-84.4055,29.9604],[-84.3882,29.9623],[-84.3713,29.9518],[-84.3613,29.9546],[-84.3365,29.9446],[-84.3322,29.9254],[-84.3347,29.9112],[-84.3384,29.9034],[-84.3463,29.897],[-84.3621,29.896],[-84.3768,29.8909],[-84.3894,29.8964],[-84.4263,29.9036],[-84.4306,29.9081],[-84.4279,29.909],[-84.3779,29.8982],[-84.3621,29.9061],[-84.3727,29.9138],[-84.3964,29.9211],[-84.4449,29.9305],[-84.4654,29.9267],[-84.4906,29.9102],[-84.4948,29.9138],[-84.5122,29.9165],[-84.5285,29.9132],[-84.571,29.8901],[-84.5952,29.8808],[-84.6119,29.8674],[-84.6433,29.8494],[-84.7115,29.8183],[-84.7554,29.7882],[-84.7889,29.7756],[-84.8208,29.7589],[-84.8575,29.7476],[-84.8841,29.7291],[-84.8887,29.7222],[-84.8934,29.7217],[-84.9004,29.7312],[-84.9145,29.7302],[-84.9167,29.7384],[-84.9031,29.7408],[-84.8937,29.7482],[-84.8881,29.7643],[-84.8725,29.7791],[-84.871,29.7896],[-84.8495,29.7916],[-84.8459,29.7949],[-84.8512,29.8017],[-84.8534,29.8136],[-84.8617,29.8031],[-84.8675,29.8025],[-84.8834,29.8106],[-84.8854,29.806],[-84.8758,29.7951],[-84.8899,29.7844],[-84.8952,29.7867],[-84.9215,29.7851],[-84.94,29.7973],[-84.9441,29.7904],[-84.9404,29.7863],[-84.9235,29.7814],[-84.9192,29.775],[-84.9255,29.7741],[-84.9276,29.7681],[-84.9427,29.7556],[-84.9442,29.7473],[-84.9489,29.7455],[-84.9553,29.7537],[-84.9615,29.7472],[-84.97,29.7512],[-84.9716,29.7595],[-84.98,29.7594],[-84.9778,29.7516],[-84.9651,29.7426],[-84.9672,29.7398],[-84.9893,29.7474],[-84.9872,29.741],[-84.9771,29.7342],[-84.9776,29.731],[-84.9829,29.7319],[-84.9844,29.7287],[-84.9817,29.7232],[-84.9942,29.7148],[-85.0341,29.709],[-85.0525,29.717],[-85.1093,29.7183],[-85.1737,29.7002],[-85.1794,29.7015],[-85.2009,29.6958],[-85.2041,29.6976],[-85.2428,29.6875],[-85.2559,29.6878],[-85.2575,29.6851],[-85.2427,29.6825],[-85.2244,29.685],[-85.2321,29.6776],[-85.2842,29.6834],[-85.3094,29.6817],[-85.3361,29.6754],[-85.3569,29.6646],[-85.3826,29.6978],[-85.4013,29.7456],[-85.4182,29.8105],[-85.4196,29.8315],[-85.4167,29.8476],[-85.4055,29.8706],[-85.3925,29.8758],[-85.3918,29.8699],[-85.396,29.8657],[-85.4096,29.8298],[-85.4063,29.8202],[-85.4076,29.8074],[-85.4027,29.7942],[-85.4025,29.7818],[-85.3866,29.7444],[-85.3863,29.7298],[-85.3804,29.7225],[-85.3684,29.6934],[-85.3626,29.6916],[-85.3619,29.6834],[-85.3127,29.689],[-85.3053,29.7225],[-85.3048,29.7542],[-85.308,29.7573],[-85.3075,29.7637],[-85.3015,29.7826],[-85.3054,29.7977],[-85.3045,29.8073],[-85.3126,29.8177],[-85.3182,29.8374],[-85.3384,29.8522],[-85.3483,29.8764],[-85.3698,29.9082],[-85.389,29.9217],[-85.4014,29.9357],[-85.4301,29.9509],[-85.4539,29.9593],[-85.4823,29.9571],[-85.5143,29.974],[-85.5234,29.9826],[-85.5145,29.9841],[-85.5086,29.9828],[-85.5059,29.9774],[-85.4899,29.9661],[-85.4609,29.9638],[-85.4868,29.9712],[-85.5007,29.9788],[-85.5002,29.9829],[-85.4805,29.9727],[-85.4784,29.9745],[-85.5014,29.9884],[-85.5121,30.0002],[-85.5313,30.0118],[-85.5453,30.0285],[-85.5672,30.0401],[-85.5854,30.0563],[-85.6054,30.0556],[-85.6134,30.0596],[-85.6247,30.0695],[-85.6216,30.0723],[-85.6013,30.058],[-85.6003,30.0603],[-85.6082,30.0633],[-85.6088,30.0665],[-85.5971,30.063],[-85.5967,30.0653],[-85.6377,30.0876],[-85.6517,30.1007],[-85.6725,30.1086],[-85.686,30.1263],[-85.6845,30.1309],[-85.67,30.1434],[-85.6651,30.1353],[-85.6676,30.1275],[-85.6624,30.1335],[-85.6565,30.1295],[-85.658,30.1262],[-85.6394,30.1201],[-85.6305,30.1216],[-85.6269,30.1253],[-85.6216,30.124],[-85.6245,30.1116],[-85.6072,30.0931],[-85.5788,30.0963],[-85.5726,30.1014],[-85.5662,30.0992],[-85.5555,30.0929],[-85.5496,30.0852],[-85.5379,30.0836],[-85.5356,30.0717],[-85.5402,30.0643],[-85.5359,30.0616],[-85.5211,30.0614],[-85.511,30.0542],[-85.5102,30.0368],[-85.4846,30.0234],[-85.474,30.0213],[-85.4702,30.0163],[-85.4597,30.0196],[-85.4413,30.0171],[-85.4276,30.0224],[-85.4271,30.0246],[-85.4377,30.0241],[-85.4431,30.0299],[-85.4296,30.0438],[-85.4184,30.0353],[-85.4125,30.0345],[-85.4031,30.0387],[-85.3919,30.0283],[-85.3921,30.0388],[-85.3996,30.0456],[-85.3944,30.0512],[-85.4149,30.0509],[-85.4298,30.0576],[-85.4341,30.0607],[-85.4328,30.0763],[-85.4406,30.0698],[-85.4451,30.056],[-85.4439,30.0501],[-85.4568,30.0325],[-85.4769,30.0336],[-85.4827,30.0381],[-85.4938,30.0682],[-85.493,30.0787],[-85.4841,30.0834],[-85.4832,30.0907],[-85.4897,30.1003],[-85.5007,30.0951],[-85.5193,30.1021],[-85.5162,30.11],[-85.5195,30.1145],[-85.5122,30.1196],[-85.5129,30.1311],[-85.5008,30.1326],[-85.4988,30.139],[-85.5094,30.1407],[-85.5225,30.1341],[-85.5313,30.1235],[-85.5425,30.1302],[-85.5545,30.1255],[-85.558,30.141],[-85.5628,30.1455],[-85.5706,30.1362],[-85.5661,30.123],[-85.5708,30.1193],[-85.5803,30.1196],[-85.6245,30.1414],[-85.6242,30.1501],[-85.6375,30.1581],[-85.6428,30.1589],[-85.6383,30.1439],[-85.6414,30.1379],[-85.6529,30.1579],[-85.6996,30.1691],[-85.7125,30.1812],[-85.7284,30.1837],[-85.726,30.1966],[-85.7229,30.1994],[-85.7002,30.2006],[-85.7009,30.2075],[-85.6943,30.2213],[-85.6811,30.222],[-85.6835,30.2361],[-85.6814,30.2385],[-85.6683,30.2387],[-85.678,30.2513],[-85.6595,30.2507],[-85.657,30.259],[-85.6369,30.257],[-85.6306,30.2594],[-85.624,30.2485],[-85.6077,30.2547],[-85.6013,30.2488],[-85.5993,30.2534],[-85.6053,30.2657],[-85.5996,30.269],[-85.5878,30.2618],[-85.5857,30.2641],[-85.5922,30.2727],[-85.5815,30.293],[-85.5801,30.3026],[-85.5753,30.3013],[-85.5634,30.2873],[-85.5549,30.2865],[-85.5711,30.3037],[-85.5834,30.3104],[-85.5705,30.3238],[-85.5584,30.329],[-85.5334,30.3207],[-85.5201,30.3213],[-85.5431,30.3329],[-85.5564,30.3346],[-85.5571,30.3437],[-85.5526,30.3602],[-85.5553,30.3639],[-85.5614,30.3482],[-85.5764,30.332],[-85.5894,30.3478],[-85.5974,30.3509],[-85.5849,30.33],[-85.5884,30.3222],[-85.5947,30.3184],[-85.5952,30.2901],[-85.5992,30.2777],[-85.6134,30.2724],[-85.6098,30.2766],[-85.6114,30.2789],[-85.6166,30.276],[-85.622,30.2824],[-85.6292,30.2708],[-85.6365,30.267],[-85.6461,30.2669],[-85.6493,30.271],[-85.6379,30.283],[-85.6401,30.2894],[-85.6579,30.2759],[-85.6604,30.2708],[-85.6732,30.2743],[-85.6762,30.2669],[-85.6795,30.271],[-85.6942,30.2657],[-85.7006,30.2679],[-85.7021,30.2661],[-85.6988,30.262],[-85.7054,30.2445],[-85.7142,30.2379],[-85.7205,30.2378],[-85.7221,30.263],[-85.7343,30.2637],[-85.7357,30.2774],[-85.7273,30.2808],[-85.7347,30.2838],[-85.7458,30.2814],[-85.7492,30.2919],[-85.7551,30.2959],[-85.7543,30.3064],[-85.7615,30.3237],[-85.7665,30.3112],[-85.7642,30.3017],[-85.7772,30.2891],[-85.7941,30.2911],[-85.7996,30.297],[-85.8059,30.2987],[-85.8147,30.2876],[-85.8359,30.2886],[-85.8477,30.2953],[-85.8575,30.3088],[-85.8666,30.3128],[-85.8665,30.3078],[-85.8447,30.2802],[-85.8435,30.2761],[-85.8492,30.2715],[-85.8517,30.2609],[-85.849,30.2394],[-85.8425,30.2313],[-85.8192,30.2289],[-85.821,30.2385],[-85.8007,30.2544],[-85.7561,30.2419],[-85.7549,30.2387],[-85.7675,30.2325],[-85.7684,30.227],[-85.7412,30.2156],[-85.7446,30.1986],[-85.7502,30.1916],[-85.7481,30.1679],[-85.7424,30.1698],[-85.7397,30.1666],[-85.7222,30.1651],[-85.7097,30.1488],[-85.7216,30.1385],[-85.727,30.143],[-85.7288,30.1512],[-85.742,30.1542],[-85.7682,30.1694],[-85.773,30.1684],[-85.7247,30.1325],[-85.7267,30.1279],[-85.7356,30.1241],[-85.7743,30.1569],[-85.8552,30.2055],[-85.9429,30.2492],[-86.0475,30.2894],[-86.175,30.33],[-86.3062,30.3649],[-86.3897,30.3773],[-86.4471,30.3819],[-86.5091,30.3828],[-86.5165,30.4001],[-86.4968,30.4138],[-86.4876,30.4094],[-86.4868,30.4177],[-86.4842,30.4182],[-86.4531,30.4065],[-86.4482,30.4011],[-86.4452,30.4071],[-86.4368,30.4105],[-86.4276,30.4034],[-86.4053,30.4025],[-86.3775,30.3926],[-86.3349,30.3867],[-86.3281,30.3886],[-86.3225,30.4162],[-86.3175,30.4268],[-86.3133,30.4292],[-86.3052,30.4239],[-86.2994,30.4048],[-86.2909,30.4022],[-86.2891,30.3959],[-86.285,30.4005],[-86.2781,30.402],[-86.2585,30.3997],[-86.2456,30.3931],[-86.2298,30.3989],[-86.2299,30.4012],[-86.2577,30.4121],[-86.2624,30.4079],[-86.2651,30.4092],[-86.2631,30.4133],[-86.2653,30.4179],[-86.2587,30.4271],[-86.2507,30.4268],[-86.245,30.4306],[-86.2337,30.4231],[-86.2236,30.4215],[-86.2018,30.3995],[-86.1761,30.3904],[-86.1725,30.3955],[-86.1661,30.3938],[-86.1675,30.386],[-86.1594,30.3816],[-86.1159,30.3778],[-86.1119,30.3857],[-86.1056,30.3885],[-86.1116,30.3935],[-86.1201,30.3947],[-86.1107,30.4008],[-86.1176,30.4025],[-86.1227,30.4152],[-86.134,30.4205],[-86.1225,30.4267],[-86.1252,30.4293],[-86.1566,30.4333],[-86.1584,30.4443],[-86.1591,30.4497],[-86.155,30.453],[-86.1411,30.451],[-86.1365,30.4557],[-86.1387,30.4588],[-86.1524,30.4572],[-86.1499,30.4618],[-86.1332,30.4708],[-86.1336,30.4873],[-86.1433,30.4734],[-86.1569,30.4672],[-86.1614,30.4561],[-86.1847,30.4547],[-86.2011,30.4727],[-86.2029,30.4809],[-86.192,30.4889],[-86.1971,30.5025],[-86.2156,30.4783],[-86.234,30.4757],[-86.2432,30.4819],[-86.2444,30.4869],[-86.2372,30.4953],[-86.2411,30.4993],[-86.2608,30.4847],[-86.2788,30.4816],[-86.2997,30.4734],[-86.3153,30.4786],[-86.3296,30.4783],[-86.3415,30.4693],[-86.3779,30.4631],[-86.3925,30.4541],[-86.4048,30.4565],[-86.4049,30.4606],[-86.4091,30.461],[-86.42,30.4521],[-86.4299,30.4633],[-86.4461,30.4927],[-86.4432,30.5023],[-86.4183,30.5011],[-86.4153,30.5075],[-86.4445,30.5083],[-86.4509,30.5113],[-86.4551,30.5071],[-86.4535,30.4925],[-86.4608,30.4859],[-86.4656,30.4858],[-86.4679,30.4931],[-86.4731,30.4902],[-86.4753,30.4939],[-86.4791,30.5116],[-86.4851,30.5183],[-86.4931,30.5214],[-86.4952,30.5177],[-86.4842,30.5046],[-86.4877,30.5],[-86.478,30.4755],[-86.4841,30.468],[-86.5008,30.459],[-86.5113,30.456],[-86.5294,30.4574],[-86.5388,30.4535],[-86.5491,30.4441],[-86.5561,30.4312],[-86.5828,30.436],[-86.5826,30.4484],[-86.5765,30.4545],[-86.5844,30.4534],[-86.5866,30.457],[-86.5945,30.4545],[-86.5866,30.4716],[-86.5862,30.4767],[-86.5922,30.482],[-86.5958,30.4623],[-86.6043,30.463],[-86.5983,30.4558],[-86.605,30.4501],[-86.5926,30.444],[-86.5996,30.4301],[-86.6032,30.4278],[-86.6168,30.4375],[-86.6171,30.4329],[-86.6263,30.4364],[-86.6325,30.4326],[-86.6036,30.4236],[-86.5888,30.4263],[-86.5847,30.4122],[-86.5951,30.406],[-86.6679,30.4116],[-86.7246,30.412],[-86.7573,30.4066],[-86.7775,30.4112],[-86.7901,30.4058],[-86.8183,30.4088],[-86.835,30.4028],[-86.8425,30.4054],[-86.8641,30.4007],[-86.9387,30.3978],[-86.994,30.3876],[-87.0763,30.379],[-87.1194,30.369],[-87.1637,30.3522],[-87.1759,30.3514],[-87.1841,30.3448],[-87.2065,30.3624],[-87.1975,30.3636],[-87.1883,30.3707],[-87.1776,30.3683],[-87.1806,30.3774],[-87.165,30.37],[-87.1496,30.37],[-87.1423,30.3721],[-87.1327,30.3851],[-87.0872,30.4015],[-87.0505,30.3989],[-87.0226,30.4029],[-86.9861,30.4176],[-86.9474,30.4479],[-86.9394,30.4477],[-86.9406,30.4513],[-86.937,30.4551],[-86.9301,30.453],[-86.9153,30.4396],[-86.8999,30.4405],[-86.8882,30.4376],[-86.8766,30.4397],[-86.8788,30.4438],[-86.9135,30.4479],[-86.9283,30.4617],[-86.9496,30.4657],[-87.0216,30.5045],[-87.0092,30.5135],[-87.0137,30.5212],[-87.0123,30.5267],[-86.9962,30.5226],[-86.9947,30.5253],[-87.0027,30.5402],[-86.9952,30.5381],[-86.9896,30.5429],[-86.9964,30.5422],[-87.0024,30.5457],[-86.999,30.5531],[-86.9915,30.5538],[-86.998,30.5573],[-86.9865,30.575],[-86.9985,30.5842],[-87.0015,30.58],[-87.0126,30.593],[-87.0173,30.6039],[-87.0302,30.6081],[-87.0258,30.6041],[-87.0296,30.5935],[-87.0165,30.5819],[-87.0146,30.5751],[-87.0093,30.5748],[-87.0059,30.5699],[-87.0121,30.5637],[-87.0179,30.548],[-87.0337,30.5444],[-87.0404,30.5396],[-87.0389,30.5282],[-87.0484,30.5133],[-87.0469,30.5015],[-87.0633,30.4717],[-87.0671,30.4579],[-87.0643,30.4557],[-87.0663,30.4529],[-87.0801,30.4525],[-87.0847,30.4474],[-87.0948,30.4494],[-87.0985,30.4607],[-87.0966,30.4813],[-87.1008,30.4936],[-87.0991,30.5046],[-87.095,30.5098],[-87.1006,30.5178],[-87.101,30.527],[-87.1088,30.524],[-87.134,30.5315],[-87.1345,30.5434],[-87.1259,30.5414],[-87.1214,30.5474],[-87.1235,30.5616],[-87.1272,30.5619],[-87.1321,30.5503],[-87.146,30.5536],[-87.1438,30.5633],[-87.1555,30.5785],[-87.1871,30.5858],[-87.181,30.5791],[-87.1883,30.5757],[-87.1867,30.5611],[-87.18,30.5522],[-87.1804,30.5499],[-87.1905,30.5496],[-87.1725,30.5368],[-87.1589,30.5162],[-87.156,30.4952],[-87.15,30.4904],[-87.1596,30.48],[-87.1601,30.4635],[-87.1686,30.4509],[-87.1726,30.4307],[-87.1771,30.4228],[-87.1876,30.4215],[-87.1874,30.4303],[-87.1834,30.4368],[-87.187,30.4467],[-87.2071,30.4585],[-87.2036,30.4513],[-87.1928,30.4447],[-87.1913,30.4352],[-87.1949,30.4168],[-87.2088,30.4081],[-87.2107,30.4021],[-87.2166,30.4042],[-87.2191,30.4009],[-87.2221,30.4086],[-87.2269,30.4094],[-87.2366,30.4004],[-87.2667,30.3831],[-87.2727,30.3742],[-87.2826,30.3844],[-87.2823,30.3757],[-87.3031,30.3797],[-87.3233,30.3686],[-87.3227,30.3663],[-87.3028,30.3728],[-87.2978,30.367],[-87.2916,30.37],[-87.2666,30.3684],[-87.2646,30.3451],[-87.3075,30.3452],[-87.3117,30.3437],[-87.3197,30.3311],[-87.3404,30.3333],[-87.3513,30.3274],[-87.3556,30.3291],[-87.3845,30.3237],[-87.3923,30.3211],[-87.4035,30.3103],[-87.4182,30.3075],[-87.4107,30.3041],[-87.4017,30.3057],[-87.3184,30.3275],[-87.3132,30.3277],[-87.3125,30.324],[-87.3217,30.3169],[-87.3402,30.3154],[-87.3742,30.3048],[-87.4298,30.2934],[-87.5534,30.273],[-87.5503,30.2776],[-87.5271,30.2789],[-87.4506,30.2969],[-87.4478,30.3057],[-87.4533,30.311],[-87.4984,30.3141],[-87.4976,30.3197],[-87.493,30.3221],[-87.4562,30.3169],[-87.4437,30.3223],[-87.4252,30.3215],[-87.4248,30.3256],[-87.4396,30.3252],[-87.4392,30.3284],[-87.4306,30.3378],[-87.4166,30.3446],[-87.4146,30.3475],[-87.4194,30.3615],[-87.4102,30.3682],[-87.4141,30.3726],[-87.4208,30.3701],[-87.4256,30.3581],[-87.4308,30.3552],[-87.4414,30.3677],[-87.4335,30.3688],[-87.4258,30.375],[-87.4244,30.3796],[-87.428,30.3887],[-87.4238,30.4026],[-87.3994,30.4015],[-87.3902,30.4114],[-87.3781,30.4122],[-87.3452,30.4251],[-87.3456,30.4347],[-87.3623,30.4552],[-87.3725,30.4577],[-87.3877,30.4536],[-87.4179,30.465],[-87.4314,30.4838],[-87.4357,30.4855],[-87.4404,30.4771],[-87.4334,30.4639],[-87.4195,30.4512],[-87.3971,30.4427],[-87.3955,30.4395],[-87.4017,30.4235],[-87.4133,30.4174],[-87.4334,30.4154],[-87.4417,30.403],[-87.4496,30.3988],[-87.4537,30.3883],[-87.4526,30.3801],[-87.4661,30.3594],[-87.4865,30.3418],[-87.4902,30.3408],[-87.4929,30.3454],[-87.4969,30.3682],[-87.5032,30.3659],[-87.5003,30.343],[-87.5039,30.3393],[-87.5082,30.3402],[-87.5105,30.358],[-87.518,30.3612],[-87.5189,30.347],[-87.5268,30.3428],[-87.5246,30.3382],[-87.5151,30.3397],[-87.5207,30.3204],[-87.5376,30.3235],[-87.5375,30.3162],[-87.5428,30.3138],[-87.5406,30.3083],[-87.5443,30.3069],[-87.5507,30.3105],[-87.5513,30.3174],[-87.5567,30.3219],[-87.5614,30.3173],[-87.5607,30.3104],[-87.5703,30.3136],[-87.5739,30.3048],[-87.5781,30.3034],[-87.5857,30.3198],[-87.5739,30.3483],[-87.5761,30.3506],[-87.5856,30.3482],[-87.5876,30.3385],[-87.5918,30.3358],[-87.5982,30.3439],[-87.6038,30.3626],[-87.61,30.3557],[-87.6159,30.357],[-87.618,30.3547],[-87.6174,30.3511],[-87.6051,30.3466],[-87.6072,30.3429],[-87.6172,30.3392],[-87.6066,30.3356],[-87.607,30.326],[-87.5968,30.3179],[-87.6015,30.3096],[-87.6141,30.3026],[-87.6145,30.2948],[-87.6045,30.2958],[-87.5859,30.291],[-87.5648,30.3003],[-87.551,30.295],[-87.5274,30.3076],[-87.5162,30.3054],[-87.5167,30.3003],[-87.5204,30.298],[-87.5325,30.2956],[-87.543,30.2887],[-87.551,30.2918],[-87.5642,30.2894],[-87.5657,30.2852],[-87.5609,30.2821],[-87.572,30.2792],[-87.5751,30.2742],[-87.5608,30.2761],[-87.5618,30.2706],[-87.653,30.2468],[-87.6673,30.2476],[-87.778,30.2294],[-87.825,30.2252],[-87.972,30.227],[-88.0304,30.2161],[-88.0332,30.2216],[-88.027,30.2299],[-88.0212,30.2323],[-87.9763,30.2356],[-87.9685,30.239],[-87.9657,30.2349],[-87.961,30.2349],[-87.9558,30.2396],[-87.9644,30.2459],[-87.9528,30.2488],[-87.9539,30.2542],[-87.945,30.258],[-87.9318,30.2573],[-87.9216,30.2505],[-87.9189,30.2442],[-87.9008,30.238],[-87.8701,30.2379],[-87.8554,30.24],[-87.827,30.2517],[-87.7984,30.2507],[-87.781,30.2541],[-87.7705,30.2597],[-87.7483,30.2893],[-87.7418,30.2806],[-87.7426,30.2623],[-87.7341,30.262],[-87.7242,30.2717],[-87.7258,30.2767],[-87.7376,30.2857],[-87.7405,30.2985],[-87.7542,30.297],[-87.7572,30.2896],[-87.7604,30.2896],[-87.7739,30.3073],[-87.8129,30.3311],[-87.8345,30.355],[-87.8411,30.3682],[-87.8353,30.3742],[-87.8355,30.382],[-87.8308,30.3866],[-87.8207,30.3854],[-87.8181,30.3877],[-87.8187,30.3918],[-87.8246,30.3963],[-87.828,30.4114],[-87.8365,30.414],[-87.8484,30.3983],[-87.8504,30.391],[-87.8439,30.3783],[-87.8491,30.3764],[-87.8725,30.3829],[-87.9122,30.4108],[-87.9244,30.4701],[-87.9298,30.4773],[-87.9399,30.4818],[-87.906,30.5444],[-87.9069,30.5632],[-87.9184,30.5863],[-87.9151,30.6069],[-87.9163,30.6197],[-87.9228,30.6265],[-87.9193,30.6371],[-87.9284,30.6401],[-87.9275,30.6484],[-87.9399,30.6583],[-87.933,30.6625],[-87.9342,30.6684],[-87.9496,30.6673],[-87.9901,30.6745],[-88.0056,30.678],[-88.0313,30.6895],[-88.0377,30.6881],[-88.0352,30.6698],[-88.0435,30.6615],[-88.0567,30.6562],[-88.0561,30.6489],[-88.0628,30.6429],[-88.0605,30.6018],[-88.0749,30.5801],[-88.0885,30.5689],[-88.0961,30.5766],[-88.1036,30.5792],[-88.1145,30.5973],[-88.111,30.6061],[-88.1027,30.6135],[-88.1101,30.6166],[-88.118,30.6119],[-88.1204,30.5982],[-88.123,30.5972],[-88.1258,30.6008],[-88.1305,30.598],[-88.1293,30.5907],[-88.135,30.5833],[-88.1175,30.5859],[-88.1098,30.5718],[-88.0905,30.5625],[-88.0856,30.5539],[-88.0848,30.5415],[-88.0888,30.5282],[-88.1058,30.5046],[-88.1055,30.4891],[-88.0998,30.4681],[-88.106,30.4607],[-88.1129,30.4602],[-88.107,30.4562],[-88.1106,30.4492],[-88.1053,30.4228],[-88.1121,30.365],[-88.131,30.3327],[-88.1401,30.3093],[-88.1443,30.3097],[-88.1484,30.3247],[-88.1343,30.3373],[-88.135,30.3446],[-88.1408,30.345],[-88.1464,30.3334],[-88.1507,30.3347],[-88.1482,30.3412],[-88.1503,30.3439],[-88.1608,30.3396],[-88.1553,30.3301],[-88.1574,30.3259],[-88.1969,30.3166],[-88.1986,30.3226],[-88.1924,30.33],[-88.201,30.3385],[-88.1926,30.3428],[-88.1857,30.364],[-88.1926,30.3666],[-88.2131,30.3603],[-88.226,30.3697],[-88.2382,30.3714],[-88.2607,30.3815],[-88.2707,30.3795],[-88.2878,30.3834],[-88.2842,30.388],[-88.2955,30.3961],[-88.2953,30.3897],[-88.3036,30.3813],[-88.3066,30.3725],[-88.3166,30.3696],[-88.3126,30.3816],[-88.3198,30.3938],[-88.3364,30.4032],[-88.3438,30.4012],[-88.3507,30.4043],[-88.3586,30.4028],[-88.3605,30.3922],[-88.3647,30.3876],[-88.3683,30.3871],[-88.3691,30.3967],[-88.3765,30.3975],[-88.3786,30.397],[-88.3774,30.391],[-88.3817,30.391],[-88.3778,30.3846],[-88.389,30.389],[-88.4055,30.3883],[-88.4108,30.3852],[-88.411,30.3761],[-88.4052,30.376],[-88.4016,30.3691],[-88.4019,30.3567],[-88.3894,30.3565],[-88.3908,30.3519],[-88.408,30.3422],[-88.4083,30.3522],[-88.4156,30.3587],[-88.431,30.3544],[-88.4362,30.3577],[-88.4426,30.3569],[-88.4469,30.3537],[-88.4482,30.3409],[-88.4542,30.3314],[-88.4751,30.3198],[-88.4941,30.3201],[-88.5041,30.3234],[-88.5124,30.3313],[-88.5081,30.3358],[-88.5128,30.3432],[-88.5181,30.3423],[-88.5177,30.3355],[-88.5341,30.3439],[-88.5757,30.3458],[-88.586,30.3592],[-88.5774,30.3683],[-88.5869,30.3689],[-88.5944,30.3644],[-88.5933,30.3712],[-88.5964,30.3726],[-88.5992,30.3667],[-88.6013,30.3677],[-88.6068,30.3828],[-88.6008,30.3928],[-88.6045,30.3952],[-88.6098,30.3925],[-88.6111,30.3801],[-88.6155,30.3738],[-88.6406,30.3604],[-88.6676,30.3607],[-88.6803,30.3572],[-88.7054,30.342],[-88.724,30.3422],[-88.7472,30.3479],[-88.7765,30.3679],[-88.8139,30.3848],[-88.8133,30.3875],[-88.8054,30.387],[-88.7885,30.3836],[-88.7822,30.379],[-88.7763,30.3844],[-88.7963,30.3919],[-88.81,30.3935],[-88.8437,30.4107],[-88.8478,30.419],[-88.8552,30.4237],[-88.8493,30.425],[-88.8393,30.4194],[-88.8308,30.422],[-88.8529,30.4328],[-88.8657,30.427],[-88.871,30.4289],[-88.8785,30.4212],[-88.8965,30.4236],[-88.9075,30.4292],[-88.924,30.4267],[-88.9298,30.4313],[-88.9367,30.4254],[-88.9532,30.4219],[-88.9744,30.4248],[-88.9797,30.4199],[-88.9849,30.4286],[-88.9939,30.4287],[-88.9955,30.426],[-88.9962,30.4136],[-88.9926,30.4099],[-88.975,30.4148],[-88.9592,30.4119],[-88.9437,30.4159],[-88.9316,30.4135],[-88.9156,30.4202],[-88.9062,30.4132],[-88.8792,30.412],[-88.8607,30.4063],[-88.8593,30.3903],[-88.9345,30.3929],[-88.9997,30.3876],[-89.0496,30.378],[-89.0804,30.3691],[-89.089,30.3623],[-89.0859,30.3536],[-89.0917,30.3586],[-89.0912,30.3527],[-89.0949,30.3541],[-89.098,30.3628],[-89.1006,30.3628],[-89.1644,30.3373],[-89.279,30.3042],[-89.2938,30.3048],[-89.2941,30.3308],[-89.2745,30.3348],[-89.2729,30.3421],[-89.2517,30.342],[-89.2495,30.3443],[-89.2548,30.3471],[-89.2749,30.3463],[-89.2854,30.3522],[-89.287,30.3564],[-89.269,30.3613],[-89.2716,30.3655],[-89.2843,30.3633],[-89.3033,30.3675],[-89.3134,30.3621],[-89.3139,30.3671],[-89.3091,30.3707],[-89.3117,30.3762],[-89.3361,30.3759],[-89.3552,30.3692],[-89.3664,30.3555],[-89.376,30.3501],[-89.3782,30.3414],[-89.3618,30.3372],[-89.3459,30.3453],[-89.3406,30.3439],[-89.327,30.326],[-89.3244,30.3191],[-89.3266,30.3109],[-89.3319,30.3032],[-89.3659,30.2855],[-89.3782,30.2723],[-89.393,30.2633],[-89.4153,30.2574],[-89.4206,30.2529],[-89.4239,30.2406],[-89.4192,30.2355],[-89.4187,30.2295],[-89.4452,30.2068],[-89.4464,30.1999],[-89.4406,30.1871],[-89.464,30.1744],[-89.4687,30.1772],[-89.4618,30.1794],[-89.4586,30.1872],[-89.4612,30.1918],[-89.4681,30.1936],[-89.4834,30.1919],[-89.4887,30.1823],[-89.529,30.1858],[-89.5314,30.1767],[-89.5482,30.1807],[-89.5653,30.1737],[-89.5741,30.1583],[-89.5933,30.1504],[-89.6259,30.1564],[-89.6184,30.1618],[-89.6004,30.1606],[-89.586,30.1663],[-89.5843,30.1717],[-89.5894,30.181],[-89.5947,30.1829],[-89.6169,30.1801],[-89.6155,30.1727],[-89.6327,30.1588],[-89.6286,30.1542],[-89.6278,30.1423],[-89.6422,30.1343],[-89.6601,30.1153],[-89.6772,30.1065],[-89.684,30.0823],[-89.6906,30.071],[-89.6981,30.0674],[-89.7134,30.0668],[-89.7299,30.0584],[-89.7317,30.0506],[-89.7158,30.0275],[-89.7175,30.0234],[-89.7355,30.02],[-89.7588,30.0387],[-89.8046,30.044],[-89.8194,30.0396],[-89.8307,30.0316],[-89.8582,30.0031],[-89.8402,29.9516],[-89.8278,29.939],[-89.8121,29.9328],[-89.7874,29.9338],[-89.7503,29.9442],[-89.7263,29.9567],[-89.7144,29.9487],[-89.7129,29.9441],[-89.7421,29.9308],[-89.7435,29.9157],[-89.7374,29.9037],[-89.7177,29.8897],[-89.7122,29.8799],[-89.6945,29.87],[-89.6835,29.8667],[-89.6714,29.8683],[-89.6604,29.8626],[-89.6404,29.8646],[-89.6219,29.8684],[-89.5915,29.8843],[-89.5924,29.9146],[-89.5825,29.9304],[-89.5822,29.9451],[-89.5732,29.9687],[-89.5745,29.9797],[-89.5817,29.9895],[-89.58,29.9959],[-89.5657,29.9979],[-89.5182,30.0208],[-89.5026,30.0325],[-89.4985,30.031],[-89.4992,30.0228],[-89.495,30.0209],[-89.4896,30.0258],[-89.4692,30.0181],[-89.4629,30.0194],[-89.4552,30.033],[-89.4587,30.039],[-89.4624,30.0377],[-89.4621,30.029],[-89.4669,30.0272],[-89.4711,30.0282],[-89.4704,30.0351],[-89.4649,30.0428],[-89.4542,30.0485],[-89.4523,30.0618],[-89.4481,30.064],[-89.4346,30.0555],[-89.4282,30.0558],[-89.4262,30.0512],[-89.438,30.0446],[-89.4398,30.0354],[-89.4182,30.0336],[-89.4179,30.0231],[-89.4196,30.0213],[-89.4332,30.0266],[-89.447,30.0227],[-89.4532,30.027],[-89.4544,30.0197],[-89.4493,30.015],[-89.452,30.01],[-89.4719,29.9944],[-89.4609,29.9919],[-89.4376,29.9974],[-89.4345,29.995],[-89.4399,29.9887],[-89.4332,29.9836],[-89.4585,29.9813],[-89.4801,29.9849],[-89.4822,29.9826],[-89.4738,29.9811],[-89.4637,29.9667],[-89.4658,29.964],[-89.479,29.9643],[-89.4796,29.9602],[-89.4628,29.9571],[-89.4608,29.9543],[-89.4554,29.9574],[-89.4543,29.962],[-89.4578,29.9685],[-89.4546,29.9702],[-89.4496,29.9601],[-89.4449,29.9577],[-89.4366,29.9754],[-89.425,29.9752],[-89.4307,29.9556],[-89.4251,29.9495],[-89.4208,29.9513],[-89.4205,29.9659],[-89.4162,29.9681],[-89.403,29.9697],[-89.4065,29.9551],[-89.4034,29.9523],[-89.4002,29.9527],[-89.3962,29.9659],[-89.3809,29.9684],[-89.3817,29.9578],[-89.3928,29.9567],[-89.3919,29.9512],[-89.3778,29.9454],[-89.3779,29.9427],[-89.4199,29.9453],[-89.4322,29.9396],[-89.4351,29.93],[-89.447,29.938],[-89.4528,29.9372],[-89.4582,29.9314],[-89.4419,29.9288],[-89.4396,29.9187],[-89.4312,29.9176],[-89.4335,29.908],[-89.3905,29.8792],[-89.3964,29.8775],[-89.4162,29.8829],[-89.4332,29.8979],[-89.4417,29.8963],[-89.4445,29.8885],[-89.4411,29.8788],[-89.4209,29.8633],[-89.4221,29.8574],[-89.4363,29.8577],[-89.4386,29.8513],[-89.4257,29.841],[-89.4253,29.8355],[-89.4117,29.8325],[-89.4176,29.8298],[-89.4188,29.8244],[-89.4273,29.8218],[-89.4264,29.8135],[-89.4139,29.8091],[-89.3929,29.8087],[-89.3704,29.8014],[-89.3624,29.788],[-89.3512,29.7914],[-89.3425,29.7835],[-89.3421,29.7793],[-89.3556,29.7847],[-89.3653,29.7771],[-89.371,29.7785],[-89.374,29.785],[-89.3891,29.7894],[-89.3999,29.7805],[-89.4001,29.7732],[-89.4111,29.7546],[-89.4153,29.7542],[-89.4155,29.7881],[-89.4228,29.7905],[-89.4265,29.7869],[-89.4267,29.7796],[-89.432,29.7793],[-89.4371,29.7844],[-89.4375,29.7894],[-89.4325,29.7999],[-89.4417,29.8133],[-89.4578,29.821],[-89.4654,29.8307],[-89.5117,29.8311],[-89.5125,29.8412],[-89.5181,29.85],[-89.5203,29.8441],[-89.5175,29.8322],[-89.5255,29.8282],[-89.5252,29.8163],[-89.5316,29.8136],[-89.5424,29.8221],[-89.5428,29.8056],[-89.5361,29.8032],[-89.5159,29.8092],[-89.5007,29.8071],[-89.4959,29.8107],[-89.4941,29.818],[-89.5111,29.8128],[-89.5137,29.8151],[-89.4998,29.8254],[-89.4809,29.821],[-89.4727,29.8116],[-89.458,29.8104],[-89.4676,29.8047],[-89.4683,29.8006],[-89.4845,29.8041],[-89.502,29.7998],[-89.5006,29.7892],[-89.5054,29.7866],[-89.5046,29.7788],[-89.5197,29.7832],[-89.5138,29.7886],[-89.5159,29.79],[-89.5337,29.7912],[-89.5304,29.7774],[-89.5373,29.7734],[-89.5232,29.7704],[-89.5154,29.7643],[-89.514,29.7593],[-89.5203,29.758],[-89.538,29.7647],[-89.5444,29.7616],[-89.5403,29.757],[-89.5304,29.7545],[-89.527,29.7421],[-89.5427,29.7433],[-89.5607,29.7399],[-89.5793,29.754],[-89.5863,29.7473],[-89.5978,29.7479],[-89.6049,29.7384],[-89.609,29.7394],[-89.6172,29.7515],[-89.628,29.7604],[-89.6149,29.7588],[-89.6089,29.7669],[-89.6104,29.7706],[-89.6236,29.7713],[-89.6267,29.7741],[-89.6302,29.7787],[-89.6294,29.7915],[-89.6341,29.7934],[-89.6394,29.7894],[-89.6331,29.7696],[-89.6378,29.7692],[-89.6389,29.7656],[-89.6496,29.7603],[-89.6428,29.7565],[-89.6455,29.7529],[-89.644,29.7487],[-89.6494,29.7461],[-89.6698,29.7473],[-89.649,29.7383],[-89.6411,29.7148],[-89.6196,29.713],[-89.6146,29.7042],[-89.5982,29.7099],[-89.5972,29.7071],[-89.6014,29.704],[-89.5857,29.7024],[-89.5885,29.6978],[-89.6047,29.6972],[-89.6233,29.6893],[-89.6208,29.686],[-89.5894,29.6813],[-89.5785,29.6738],[-89.5685,29.6732],[-89.5655,29.6695],[-89.5576,29.668],[-89.548,29.6769],[-89.536,29.6708],[-89.544,29.6677],[-89.5457,29.6622],[-89.52,29.6595],[-89.5212,29.6554],[-89.4871,29.6305],[-89.4826,29.6226],[-89.4915,29.6232],[-89.4976,29.632],[-89.5079,29.6386],[-89.5314,29.645],[-89.549,29.6554],[-89.5616,29.6579],[-89.5799,29.656],[-89.5871,29.6644],[-89.6143,29.6703],[-89.6134,29.6616],[-89.6202,29.6626],[-89.6403,29.6799],[-89.6524,29.682],[-89.6695,29.6923],[-89.6748,29.6878],[-89.6832,29.6889],[-89.6935,29.7001],[-89.706,29.703],[-89.7145,29.6995],[-89.7063,29.6897],[-89.665,29.679],[-89.6625,29.6748],[-89.6711,29.6672],[-89.6711,29.6635],[-89.664,29.6556],[-89.6513,29.6613],[-89.6563,29.6688],[-89.6521,29.6691],[-89.6475,29.6649],[-89.6405,29.6511],[-89.662,29.6482],[-89.658,29.6427],[-89.6607,29.639],[-89.6456,29.6333],[-89.6266,29.6357],[-89.63,29.6248],[-89.6219,29.6109],[-89.6355,29.6125],[-89.6468,29.6251],[-89.6619,29.6304],[-89.6693,29.6277],[-89.6813,29.6298],[-89.6845,29.6289],[-89.6862,29.6221],[-89.6723,29.6122],[-89.6713,29.6081],[-89.6829,29.6073],[-89.6851,29.5996],[-89.6961,29.6002],[-89.6971,29.6057],[-89.6864,29.6156],[-89.7176,29.629],[-89.7257,29.6406],[-89.7373,29.6371],[-89.7615,29.638],[-89.7721,29.6331],[-89.7538,29.6291],[-89.7539,29.6232],[-89.745,29.6235],[-89.7111,29.6133],[-89.7117,29.6101],[-89.7358,29.6091],[-89.7139,29.6019],[-89.7135,29.5987],[-89.7377,29.5949],[-89.7501,29.6052],[-89.7668,29.6069],[-89.7694,29.6097],[-89.7509,29.614],[-89.7817,29.6245],[-89.7875,29.6228],[-89.7809,29.6135],[-89.7821,29.6053],[-89.7754,29.5997],[-89.7618,29.5985],[-89.7389,29.5872],[-89.7237,29.5888],[-89.717,29.5836],[-89.6961,29.5791],[-89.6951,29.575],[-89.7052,29.572],[-89.6924,29.558],[-89.6904,29.5497],[-89.6831,29.5487],[-89.6797,29.5381],[-89.682,29.5294],[-89.6946,29.5273],[-89.6806,29.5193],[-89.6597,29.5148],[-89.6492,29.516],[-89.6334,29.4992],[-89.6265,29.5023],[-89.6229,29.5004],[-89.6294,29.4914],[-89.6252,29.4886],[-89.6141,29.4943],[-89.6016,29.4914],[-89.5916,29.4949],[-89.5885,29.493],[-89.5964,29.4908],[-89.5954,29.4858],[-89.5907,29.4848],[-89.5944,29.483],[-89.5877,29.4792],[-89.5791,29.4671],[-89.5739,29.4661],[-89.5747,29.4771],[-89.568,29.4729],[-89.5636,29.4595],[-89.5477,29.4675],[-89.5461,29.4652],[-89.5516,29.4575],[-89.546,29.4491],[-89.5392,29.4485],[-89.5322,29.458],[-89.5286,29.4557],[-89.5232,29.4592],[-89.517,29.4582],[-89.5229,29.4496],[-89.5319,29.4493],[-89.5394,29.4421],[-89.5487,29.4441],[-89.5554,29.4502],[-89.5645,29.4435],[-89.5579,29.4342],[-89.5516,29.4332],[-89.5431,29.4376],[-89.5444,29.4298],[-89.5361,29.4242],[-89.5374,29.4159],[-89.5266,29.4052],[-89.5262,29.4002],[-89.5444,29.406],[-89.5467,29.4202],[-89.5541,29.4172],[-89.555,29.4213],[-89.5702,29.4216],[-89.5677,29.4174],[-89.573,29.412],[-89.5721,29.4092],[-89.5628,29.3999],[-89.5571,29.4003],[-89.5593,29.3943],[-89.5473,29.3932],[-89.5401,29.3862],[-89.5369,29.3893],[-89.5334,29.3852],[-89.5135,29.383],[-89.495,29.3932],[-89.4823,29.398],[-89.4771,29.396],[-89.4665,29.4018],[-89.4536,29.3924],[-89.4327,29.3943],[-89.4202,29.3913],[-89.4203,29.3876],[-89.4283,29.3818],[-89.4237,29.3744],[-89.4038,29.3956],[-89.3967,29.3899],[-89.4033,29.3763],[-89.4008,29.373],[-89.3868,29.3851],[-89.3845,29.3938],[-89.3808,29.3951],[-89.3607,29.3846],[-89.3456,29.382],[-89.3361,29.3832],[-89.3313,29.3891],[-89.3279,29.3776],[-89.3322,29.3754],[-89.3436,29.377],[-89.3417,29.3705],[-89.3502,29.3652],[-89.3551,29.3763],[-89.3694,29.3715],[-89.3749,29.3831],[-89.3829,29.3745],[-89.38,29.3653],[-89.3904,29.3701],[-89.3941,29.3683],[-89.3818,29.3575],[-89.3845,29.3558],[-89.4016,29.3616],[-89.4032,29.3593],[-89.3836,29.3484],[-89.3741,29.35],[-89.3707,29.3408],[-89.3556,29.3373],[-89.3558,29.3304],[-89.3491,29.3289],[-89.3413,29.3453],[-89.336,29.3461],[-89.3328,29.3506],[-89.3286,29.3496],[-89.3304,29.3428],[-89.3252,29.3417],[-89.3135,29.3484],[-89.3073,29.3455],[-89.3018,29.3564],[-89.2967,29.3513],[-89.266,29.3447],[-89.26,29.3335],[-89.2622,29.3317],[-89.2583,29.3216],[-89.2586,29.3106],[-89.2645,29.302],[-89.281,29.2918],[-89.28,29.289],[-89.27,29.2934],[-89.2679,29.2915],[-89.2688,29.2787],[-89.2615,29.2794],[-89.2628,29.29],[-89.2509,29.3044],[-89.2413,29.3102],[-89.2378,29.3046],[-89.2315,29.3045],[-89.2223,29.3153],[-89.2248,29.3218],[-89.2179,29.3235],[-89.2123,29.3188],[-89.2143,29.3239],[-89.2114,29.3311],[-89.2095,29.3256],[-89.2032,29.325],[-89.206,29.3374],[-89.2042,29.347],[-89.1988,29.3529],[-89.1918,29.3211],[-89.1674,29.3174],[-89.1654,29.3136],[-89.1682,29.3082],[-89.1724,29.3069],[-89.1679,29.2986],[-89.1631,29.3026],[-89.1543,29.2974],[-89.1555,29.2937],[-89.164,29.2902],[-89.1679,29.2816],[-89.16,29.2805],[-89.154,29.2895],[-89.1387,29.2956],[-89.1291,29.2849],[-89.1272,29.278],[-89.1362,29.2736],[-89.1316,29.2703],[-89.1307,29.2647],[-89.1439,29.2595],[-89.145,29.2563],[-89.132,29.256],[-89.1198,29.2636],[-89.1159,29.2539],[-89.114,29.2469],[-89.1168,29.2401],[-89.126,29.2449],[-89.1401,29.2461],[-89.1522,29.2446],[-89.1575,29.2401],[-89.1561,29.2355],[-89.1487,29.2385],[-89.1415,29.2356],[-89.1304,29.2377],[-89.1268,29.2358],[-89.1306,29.2303],[-89.148,29.2257],[-89.1562,29.2309],[-89.162,29.2301],[-89.1721,29.2234],[-89.1491,29.2229],[-89.1492,29.2193],[-89.1583,29.214],[-89.1443,29.2086],[-89.1308,29.2257],[-89.1246,29.2219],[-89.1151,29.2254],[-89.1079,29.2207],[-89.1226,29.1994],[-89.1263,29.1986],[-89.1293,29.2037],[-89.1367,29.1993],[-89.1507,29.1872],[-89.1508,29.1808],[-89.1329,29.1886],[-89.1292,29.1872],[-89.1098,29.1927],[-89.1121,29.201],[-89.1067,29.2078],[-89.0993,29.2104],[-89.0871,29.2018],[-89.0867,29.1968],[-89.0783,29.1966],[-89.073,29.2001],[-89.0718,29.2056],[-89.0827,29.2077],[-89.0805,29.2132],[-89.0731,29.2144],[-89.0722,29.2102],[-89.0678,29.2166],[-89.0633,29.2123],[-89.0605,29.2178],[-89.0563,29.2186],[-89.0461,29.211],[-89.0297,29.218],[-89.0245,29.2165],[-89.032,29.2079],[-89.0437,29.2018],[-89.0722,29.1933],[-89.0731,29.1777],[-89.0856,29.1628],[-89.0795,29.1558],[-89.0869,29.1523],[-89.0941,29.1552],[-89.1012,29.1632],[-89.1098,29.156],[-89.1067,29.1527],[-89.1091,29.1441],[-89.1061,29.1371],[-89.087,29.133],[-89.0816,29.137],[-89.0792,29.148],[-89.075,29.1497],[-89.0706,29.1395],[-89.0632,29.143],[-89.0682,29.1317],[-89.0595,29.1264],[-89.0345,29.1433],[-89.0266,29.1436],[-89.0252,29.1399],[-89.035,29.1254],[-89.0529,29.1189],[-89.0485,29.1115],[-89.041,29.1164],[-89.0395,29.1136],[-89.0477,29.1014],[-89.053,29.1001],[-89.0554,29.1062],[-89.058,29.1053],[-89.0563,29.0915],[-89.0584,29.0759],[-89.0628,29.0682],[-89.0705,29.0716],[-89.0738,29.0822],[-89.0665,29.083],[-89.0689,29.0908],[-89.0758,29.1052],[-89.0834,29.1127],[-89.0993,29.1223],[-89.104,29.121],[-89.1028,29.1068],[-89.0869,29.0812],[-89.0856,29.0729],[-89.081,29.0696],[-89.0847,29.0669],[-89.0914,29.0702],[-89.0977,29.0676],[-89.1006,29.075],[-89.0966,29.0864],[-89.1091,29.1069],[-89.1123,29.1207],[-89.1195,29.1269],[-89.1351,29.129],[-89.1541,29.14],[-89.1552,29.1373],[-89.1466,29.1274],[-89.1419,29.1273],[-89.1359,29.1199],[-89.1203,29.1177],[-89.1198,29.1145],[-89.1363,29.1057],[-89.1342,29.1033],[-89.1143,29.1088],[-89.1123,29.1033],[-89.1145,29.0988],[-89.1069,29.0912],[-89.1114,29.0817],[-89.123,29.076],[-89.1221,29.0723],[-89.1263,29.0692],[-89.1498,29.0683],[-89.1355,29.0597],[-89.1505,29.0619],[-89.1482,29.0531],[-89.1409,29.0502],[-89.1443,29.0425],[-89.151,29.044],[-89.1545,29.0487],[-89.1588,29.0451],[-89.1559,29.0382],[-89.1596,29.0364],[-89.1734,29.0459],[-89.1771,29.0441],[-89.1732,29.0339],[-89.1613,29.0291],[-89.1621,29.0222],[-89.1384,28.9923],[-89.1451,28.9778],[-89.1483,28.9756],[-89.1512,28.9839],[-89.1453,28.9897],[-89.1462,28.993],[-89.1553,29.0024],[-89.162,29.0039],[-89.1619,29.0085],[-89.1791,29.0102],[-89.1758,29.0147],[-89.1788,29.018],[-89.1826,29.0158],[-89.1894,29.0311],[-89.2053,29.042],[-89.2153,29.0555],[-89.2161,29.0647],[-89.2211,29.0735],[-89.2375,29.0844],[-89.2342,29.0894],[-89.2356,29.0954],[-89.2432,29.1034],[-89.2451,29.1117],[-89.251,29.1067],[-89.256,29.1133],[-89.268,29.0947],[-89.2597,29.0922],[-89.2537,29.0843],[-89.2535,29.0719],[-89.2494,29.0672],[-89.2554,29.0577],[-89.2784,29.0559],[-89.3158,29.0392],[-89.3428,29.0058],[-89.344,28.9999],[-89.3333,29.0075],[-89.3276,29.0069],[-89.3346,28.9978],[-89.3436,28.9921],[-89.3717,28.9527],[-89.4111,28.9181],[-89.425,28.9225],[-89.4099,28.9456],[-89.4138,28.9576],[-89.4085,28.9598],[-89.4104,28.9658],[-89.4012,28.9606],[-89.4011,28.9652],[-89.4056,28.9703],[-89.3997,28.9771],[-89.3771,28.9863],[-89.3524,29.017],[-89.345,29.0205],[-89.3443,29.027],[-89.3346,29.0414],[-89.3323,29.0492],[-89.3348,29.0529],[-89.3478,29.0536],[-89.3538,29.0625],[-89.3521,29.0666],[-89.3224,29.049],[-89.319,29.059],[-89.3121,29.0644],[-89.3114,29.0703],[-89.3035,29.0729],[-89.289,29.0901],[-89.2883,29.0969],[-89.2948,29.1072],[-89.2935,29.1149],[-89.2841,29.1152],[-89.2896,29.1254],[-89.2868,29.1309],[-89.2801,29.128],[-89.2777,29.1224],[-89.2729,29.1242],[-89.2696,29.1328],[-89.2725,29.1425],[-89.2703,29.1448],[-89.2738,29.1499],[-89.2835,29.1574],[-89.2882,29.1571],[-89.29,29.1516],[-89.2942,29.1498],[-89.2998,29.1527],[-89.3037,29.123],[-89.2997,29.1178],[-89.3139,29.1154],[-89.3142,29.1236],[-89.309,29.1235],[-89.3071,29.1336],[-89.3114,29.1506],[-89.3057,29.168],[-89.3134,29.1718],[-89.3171,29.1705],[-89.3206,29.1765],[-89.3299,29.1799],[-89.3268,29.161],[-89.3304,29.162],[-89.3362,29.158],[-89.3256,29.145],[-89.3247,29.1183],[-89.317,29.1154],[-89.3165,29.1127],[-89.3372,29.1002],[-89.3417,29.0856],[-89.353,29.0739],[-89.351,29.0895],[-89.3473,29.0935],[-89.3514,29.0959],[-89.3434,29.1031],[-89.3438,29.1077],[-89.3479,29.1096],[-89.3607,29.0998],[-89.3622,29.0805],[-89.3721,29.0798],[-89.3731,29.0844],[-89.3793,29.0845],[-89.3658,29.1017],[-89.3548,29.1249],[-89.3644,29.1187],[-89.3824,29.0864],[-89.3866,29.0856],[-89.3891,29.0893],[-89.3954,29.0867],[-89.3979,29.0923],[-89.3996,29.0872],[-89.4059,29.086],[-89.4116,29.109],[-89.4106,29.1274],[-89.4057,29.1337],[-89.3974,29.1331],[-89.3951,29.1418],[-89.4008,29.1442],[-89.4124,29.138],[-89.4228,29.1382],[-89.4232,29.1428],[-89.432,29.1484],[-89.4375,29.1573],[-89.4484,29.1795],[-89.4859,29.2265],[-89.4868,29.2348],[-89.4766,29.2447],[-89.47,29.2354],[-89.4653,29.2376],[-89.4615,29.243],[-89.4634,29.25],[-89.4675,29.2523],[-89.4812,29.2484],[-89.493,29.2367],[-89.4944,29.2446],[-89.5,29.2488],[-89.5089,29.2499],[-89.5147,29.2454],[-89.5185,29.2405],[-89.5176,29.2358],[-89.5067,29.2315],[-89.4978,29.2327],[-89.4986,29.2194],[-89.553,29.2392],[-89.5658,29.2486],[-89.5722,29.2428],[-89.6112,29.2508],[-89.6669,29.2843],[-89.6679,29.2894],[-89.6596,29.2869],[-89.6519,29.2781],[-89.6436,29.2757],[-89.622,29.2592],[-89.627,29.2708],[-89.6258,29.2758],[-89.6185,29.2784],[-89.6102,29.2746],[-89.6106,29.2811],[-89.6172,29.2871],[-89.6318,29.2901],[-89.6423,29.2862],[-89.6496,29.2891],[-89.6495,29.2932],[-89.6324,29.308],[-89.6118,29.3201],[-89.6124,29.3366],[-89.6087,29.3411],[-89.6085,29.348],[-89.6137,29.3513],[-89.6028,29.3685],[-89.601,29.3809],[-89.6091,29.3902],[-89.6345,29.3998],[-89.6437,29.4109],[-89.6552,29.413],[-89.6675,29.426],[-89.6548,29.4304],[-89.6802,29.4437],[-89.6912,29.4668],[-89.7031,29.4738],[-89.7094,29.4716],[-89.7079,29.468],[-89.7241,29.4733],[-89.7325,29.4702],[-89.7286,29.4559],[-89.7266,29.454],[-89.7206,29.4622],[-89.7146,29.4511],[-89.7018,29.4591],[-89.6989,29.449],[-89.6875,29.4438],[-89.6855,29.4382],[-89.6655,29.4182],[-89.6636,29.387],[-89.6521,29.3886],[-89.6504,29.3927],[-89.6596,29.402],[-89.6606,29.4066],[-89.6563,29.4084],[-89.6512,29.4051],[-89.6502,29.4005],[-89.6399,29.3944],[-89.6321,29.3672],[-89.644,29.3733],[-89.6506,29.384],[-89.6659,29.3788],[-89.6666,29.3705],[-89.6457,29.3702],[-89.6495,29.3647],[-89.6422,29.3628],[-89.63,29.3451],[-89.6303,29.3571],[-89.622,29.3519],[-89.619,29.3482],[-89.6158,29.3261],[-89.6311,29.3204],[-89.6414,29.3293],[-89.6503,29.3276],[-89.6722,29.305],[-89.6747,29.3092],[-89.6814,29.2942],[-89.6866,29.2934],[-89.7329,29.3038],[-89.7333,29.3088],[-89.7285,29.3129],[-89.7352,29.3166],[-89.7479,29.3127],[-89.738,29.308],[-89.7397,29.3039],[-89.7866,29.3092],[-89.8055,29.3072],[-89.829,29.3094],[-89.8241,29.3153],[-89.8016,29.3195],[-89.8004,29.3264],[-89.794,29.3323],[-89.7725,29.3365],[-89.7729,29.3411],[-89.7791,29.3458],[-89.7784,29.3517],[-89.7735,29.3599],[-89.7699,29.3598],[-89.7686,29.3461],[-89.7655,29.3465],[-89.7573,29.3638],[-89.7598,29.3689],[-89.7681,29.3694],[-89.7691,29.3736],[-89.7653,29.3777],[-89.768,29.4006],[-89.7744,29.3966],[-89.7831,29.3784],[-89.7904,29.3817],[-89.7918,29.3863],[-89.7784,29.4049],[-89.7799,29.4081],[-89.7756,29.4104],[-89.7755,29.415],[-89.7971,29.4093],[-89.8141,29.4004],[-89.8162,29.3963],[-89.8324,29.398],[-89.8339,29.4021],[-89.8312,29.4062],[-89.816,29.4101],[-89.8159,29.4142],[-89.8232,29.4162],[-89.8236,29.4194],[-89.8188,29.4257],[-89.8125,29.427],[-89.8134,29.4321],[-89.8186,29.433],[-89.8361,29.4219],[-89.8423,29.4261],[-89.828,29.4369],[-89.84,29.438],[-89.8371,29.4531],[-89.8307,29.4562],[-89.8235,29.4501],[-89.8162,29.4491],[-89.8135,29.4554],[-89.8165,29.4628],[-89.8268,29.4712],[-89.8534,29.4767],[-89.8611,29.4841],[-89.8807,29.4739],[-89.8917,29.4718],[-89.8959,29.4736],[-89.8963,29.4782],[-89.8836,29.4835],[-89.882,29.4872],[-89.8872,29.4886],[-89.8972,29.4856],[-89.9115,29.4748],[-89.9085,29.4949],[-89.9181,29.4882],[-89.9201,29.4942],[-89.9141,29.5065],[-89.9224,29.5102],[-89.9277,29.5057],[-89.9274,29.4929],[-89.9361,29.4788],[-89.9246,29.4754],[-89.93,29.4696],[-89.929,29.4663],[-89.9153,29.4684],[-89.9138,29.4647],[-89.9165,29.462],[-89.9438,29.4597],[-89.9788,29.4643],[-89.9866,29.4676],[-89.9891,29.4741],[-89.9551,29.4722],[-89.9676,29.477],[-89.968,29.4829],[-89.9601,29.4851],[-89.9642,29.4902],[-89.9709,29.4949],[-89.9866,29.4979],[-89.9907,29.5025],[-89.9962,29.5122],[-89.9956,29.5195],[-90.0091,29.5234],[-90.0119,29.5166],[-90.0038,29.5027],[-90.0044,29.4967],[-89.9842,29.4823],[-89.9926,29.4805],[-90.013,29.4845],[-90.019,29.4988],[-90.0322,29.4953],[-90.042,29.505],[-90.0716,29.5169],[-90.0762,29.5275],[-90.0609,29.5314],[-90.0765,29.5362],[-90.0817,29.5418],[-90.0964,29.5397],[-90.085,29.5313],[-90.0856,29.529],[-90.1039,29.5306],[-90.1086,29.5325],[-90.1168,29.545],[-90.1115,29.5458],[-90.1099,29.5481],[-90.1125,29.55],[-90.1308,29.5516],[-90.1403,29.5471],[-90.1396,29.5279],[-90.1255,29.5258],[-90.124,29.5222],[-90.1502,29.5193],[-90.1578,29.5354],[-90.1625,29.5387],[-90.1586,29.5528],[-90.1664,29.5571],[-90.1689,29.5653],[-90.1609,29.568],[-90.1524,29.5784],[-90.1314,29.5814],[-90.128,29.5951],[-90.1238,29.5964],[-90.1226,29.6051],[-90.1161,29.6137],[-90.1208,29.6188],[-90.112,29.6411],[-90.1196,29.6596],[-90.1158,29.6664],[-90.1189,29.6692],[-90.1252,29.6679],[-90.1313,29.6515],[-90.1251,29.6404],[-90.1327,29.6254],[-90.1256,29.6125],[-90.1288,29.6088],[-90.1317,29.5919],[-90.1528,29.5853],[-90.1471,29.6136],[-90.1569,29.6243],[-90.1542,29.6293],[-90.1561,29.639],[-90.1512,29.6536],[-90.1551,29.6706],[-90.147,29.6851],[-90.1711,29.6895],[-90.1863,29.6888],[-90.1988,29.6949],[-90.2067,29.695],[-90.2047,29.6858],[-90.1963,29.688],[-90.1917,29.682],[-90.1607,29.6775],[-90.1621,29.6601],[-90.1678,29.6611],[-90.1755,29.6726],[-90.1748,29.6538],[-90.178,29.6493],[-90.1656,29.6377],[-90.17,29.6245],[-90.1608,29.6115],[-90.1561,29.6096],[-90.1541,29.6023],[-90.1656,29.5713],[-90.1876,29.5715],[-90.2087,29.5626],[-90.2239,29.5348],[-90.2092,29.5301],[-90.1835,29.533],[-90.1764,29.521],[-90.1806,29.5183],[-90.1895,29.5216],[-90.2252,29.5183],[-90.2169,29.5072],[-90.1934,29.5065],[-90.1852,29.4945],[-90.1787,29.4761],[-90.1698,29.4737],[-90.1629,29.4763],[-90.1623,29.486],[-90.1591,29.4859],[-90.1412,29.4619],[-90.1312,29.4617],[-90.1235,29.4516],[-90.1146,29.4519],[-90.113,29.4574],[-90.0941,29.4567],[-90.0852,29.4611],[-90.0721,29.4614],[-90.0705,29.4591],[-90.0831,29.4565],[-90.0864,29.4515],[-90.0843,29.4478],[-90.0791,29.4482],[-90.0712,29.4509],[-90.0605,29.4613],[-90.0501,29.4598],[-90.0486,29.4575],[-90.0524,29.4506],[-90.0432,29.4372],[-90.0312,29.4334],[-90.0324,29.4224],[-90.043,29.4166],[-90.0553,29.4323],[-90.0566,29.4452],[-90.066,29.4462],[-90.0861,29.4369],[-90.083,29.4345],[-90.0688,29.4362],[-90.0581,29.4195],[-90.0563,29.4067],[-90.0668,29.4036],[-90.0554,29.3934],[-90.0556,29.3851],[-90.064,29.3843],[-90.0633,29.3628],[-90.057,29.364],[-90.0546,29.381],[-90.0357,29.3821],[-90.0348,29.3784],[-90.0402,29.3675],[-90.0376,29.3638],[-90.0435,29.3561],[-90.0406,29.3455],[-90.0428,29.3405],[-90.0515,29.3493],[-90.0568,29.3466],[-90.0593,29.3522],[-90.065,29.3536],[-90.0688,29.344],[-90.0329,29.3064],[-90.033,29.3005],[-90.0352,29.2945],[-90.041,29.2914],[-90.0492,29.2993],[-90.0445,29.3033],[-90.0465,29.3066],[-90.0658,29.311],[-90.0654,29.3018],[-90.0769,29.2992],[-90.0811,29.3015],[-90.0814,29.3103],[-90.072,29.3143],[-90.0703,29.3184],[-90.0641,29.3174],[-90.077,29.3263],[-90.0823,29.3227],[-90.0896,29.3232],[-90.0915,29.3356],[-90.1044,29.3436],[-90.1133,29.3442],[-90.1165,29.3405],[-90.099,29.3224],[-90.1065,29.3152],[-90.1024,29.3073],[-90.1066,29.3055],[-90.1169,29.3181],[-90.1231,29.3195],[-90.1285,29.3127],[-90.119,29.286],[-90.0997,29.2834],[-90.0961,29.2793],[-90.0988,29.2747],[-90.1082,29.2748],[-90.1108,29.2717],[-90.1058,29.2629],[-90.1064,29.2578],[-90.0987,29.25],[-90.1004,29.2399],[-90.0828,29.2314],[-90.0797,29.2268],[-90.0881,29.225],[-90.1047,29.2298],[-90.0915,29.2086],[-90.0775,29.2066],[-90.0602,29.2109],[-90.0512,29.2172],[-90.0482,29.2103],[-90.0556,29.2044],[-90.0674,29.1867],[-90.0654,29.1826],[-90.0617,29.1853],[-90.0591,29.1825],[-90.1393,29.1275],[-90.141,29.1234],[-90.1582,29.1186],[-90.1604,29.1131],[-90.1749,29.1211],[-90.1802,29.1152],[-90.1777,29.1083],[-90.1725,29.1073],[-90.171,29.1036],[-90.1872,29.1029],[-90.1909,29.0961],[-90.1962,29.0947],[-90.205,29.0967],[-90.2102,29.0945],[-90.2103,29.089],[-90.224,29.0845],[-90.2432,29.0866],[-90.2689,29.0763],[-90.2726,29.0764],[-90.273,29.0805],[-90.2656,29.0855],[-90.2578,29.0854],[-90.2557,29.089],[-90.2442,29.0926],[-90.2327,29.092],[-90.2311,29.0952],[-90.241,29.0957],[-90.2528,29.1074],[-90.2454,29.1123],[-90.2366,29.1085],[-90.2352,29.131],[-90.242,29.1306],[-90.245,29.138],[-90.2737,29.1406],[-90.2668,29.1456],[-90.2475,29.1467],[-90.2475,29.1495],[-90.2547,29.1569],[-90.2678,29.1548],[-90.275,29.1567],[-90.2798,29.1508],[-90.2859,29.1609],[-90.2592,29.1684],[-90.2649,29.1735],[-90.2763,29.1732],[-90.283,29.1843],[-90.2776,29.1975],[-90.2731,29.1824],[-90.27,29.1796],[-90.259,29.1808],[-90.2602,29.2038],[-90.2691,29.2016],[-90.2737,29.2117],[-90.2632,29.2139],[-90.2565,29.2101],[-90.2538,29.2129],[-90.2542,29.2225],[-90.2374,29.2274],[-90.2342,29.2337],[-90.2362,29.2379],[-90.2466,29.2398],[-90.2552,29.2285],[-90.2577,29.2322],[-90.2539,29.2459],[-90.2569,29.2546],[-90.2718,29.2663],[-90.2823,29.2687],[-90.2872,29.2559],[-90.279,29.2398],[-90.2781,29.2315],[-90.2871,29.2229],[-90.2932,29.2376],[-90.2973,29.24],[-90.2991,29.2583],[-90.3062,29.2745],[-90.3088,29.274],[-90.3059,29.2584],[-90.3081,29.2538],[-90.3193,29.2728],[-90.3272,29.2669],[-90.3339,29.2734],[-90.328,29.2857],[-90.3443,29.2795],[-90.35,29.2827],[-90.3515,29.2887],[-90.3493,29.2956],[-90.3405,29.2932],[-90.3331,29.2949],[-90.3336,29.3004],[-90.3387,29.3064],[-90.3455,29.3033],[-90.3559,29.3089],[-90.3744,29.294],[-90.3771,29.2899],[-90.3735,29.2839],[-90.3942,29.2607],[-90.3869,29.2574],[-90.3793,29.2422],[-90.3804,29.2395],[-90.3866,29.2409],[-90.3979,29.2543],[-90.403,29.2649],[-90.4019,29.27],[-90.4076,29.2751],[-90.4079,29.2884],[-90.3974,29.2951],[-90.3998,29.3089],[-90.42,29.3211],[-90.4363,29.3194],[-90.4393,29.3254],[-90.4329,29.3345],[-90.4322,29.351],[-90.4447,29.3548],[-90.4516,29.3484],[-90.4631,29.3471],[-90.4622,29.3384],[-90.4492,29.3278],[-90.451,29.3163],[-90.4625,29.3105],[-90.4647,29.3008],[-90.4822,29.2831],[-90.4973,29.2888],[-90.4992,29.3044],[-90.4986,29.3085],[-90.4923,29.3126],[-90.4932,29.3268],[-90.4883,29.3414],[-90.5102,29.3457],[-90.5085,29.3549],[-90.5205,29.3587],[-90.5258,29.3537],[-90.5238,29.3445],[-90.5166,29.3348],[-90.5234,29.3335],[-90.5273,29.3152],[-90.5138,29.3091],[-90.5107,29.3022],[-90.5275,29.301],[-90.5285,29.2973],[-90.5183,29.2803],[-90.5277,29.2776],[-90.5411,29.2938],[-90.5475,29.281],[-90.5559,29.2815],[-90.5694,29.2922],[-90.5814,29.2936],[-90.5797,29.3033],[-90.5729,29.3032],[-90.5687,29.3091],[-90.5837,29.3157],[-90.5911,29.3162],[-90.5921,29.3125],[-90.5974,29.3121],[-90.5938,29.3025],[-90.6002,29.2901],[-90.6079,29.3026],[-90.6078,29.3099],[-90.6115,29.3145],[-90.6136,29.3132],[-90.6154,29.2852],[-90.6009,29.2796],[-90.5909,29.2827],[-90.58,29.2762],[-90.5885,29.2667],[-90.587,29.252],[-90.5919,29.2419],[-90.5976,29.2392],[-90.6194,29.2577],[-90.6309,29.2569],[-90.6314,29.2528],[-90.6258,29.2436],[-90.6122,29.2421],[-90.6051,29.2296],[-90.5911,29.2176],[-90.5896,29.2116],[-90.5922,29.2098],[-90.6057,29.2205],[-90.6058,29.2072],[-90.6121,29.2091],[-90.6228,29.2344],[-90.6388,29.246],[-90.641,29.2432],[-90.6338,29.2285],[-90.6354,29.2212],[-90.6261,29.2124],[-90.6283,29.2087],[-90.6345,29.2083],[-90.6473,29.2364],[-90.6456,29.2534],[-90.6528,29.2575],[-90.6664,29.2567],[-90.6783,29.2669],[-90.6834,29.277],[-90.6887,29.2785],[-90.6918,29.2753],[-90.6806,29.2513],[-90.6686,29.2467],[-90.6639,29.2416],[-90.6589,29.225],[-90.6501,29.2204],[-90.646,29.2061],[-90.6378,29.1983],[-90.6389,29.1937],[-90.642,29.1937],[-90.6559,29.2103],[-90.659,29.2108],[-90.6601,29.2076],[-90.6436,29.1878],[-90.6432,29.1781],[-90.637,29.1684],[-90.6387,29.1611],[-90.6413,29.1607],[-90.65,29.1731],[-90.653,29.1855],[-90.6587,29.1893],[-90.6612,29.1984],[-90.6675,29.2022],[-90.6691,29.1985],[-90.6594,29.1727],[-90.6527,29.1663],[-90.6456,29.1502],[-90.6425,29.1391],[-90.6447,29.1336],[-90.6504,29.1337],[-90.653,29.1383],[-90.6534,29.1484],[-90.66,29.1622],[-90.6668,29.1645],[-90.6694,29.1705],[-90.6808,29.1734],[-90.6828,29.1816],[-90.6896,29.1821],[-90.6989,29.1969],[-90.7051,29.2002],[-90.7109,29.1956],[-90.699,29.1772],[-90.7013,29.157],[-90.6935,29.1537],[-90.6934,29.1661],[-90.6897,29.1707],[-90.6768,29.1573],[-90.6837,29.1482],[-90.675,29.1307],[-90.6782,29.1238],[-90.6896,29.1331],[-90.6907,29.123],[-90.6954,29.1212],[-90.7011,29.1277],[-90.7037,29.1268],[-90.7117,29.1112],[-90.7179,29.1103],[-90.7198,29.1319],[-90.7135,29.1328],[-90.7083,29.1405],[-90.6958,29.1391],[-90.691,29.1436],[-90.6925,29.1469],[-90.7066,29.1483],[-90.718,29.1558],[-90.7208,29.1397],[-90.737,29.1311],[-90.7429,29.116],[-90.7502,29.1147],[-90.7559,29.1239],[-90.7601,29.1226],[-90.7701,29.1107],[-90.7675,29.102],[-90.7748,29.102],[-90.7836,29.1154],[-90.7856,29.1269],[-90.7918,29.1278],[-90.7971,29.1233],[-90.8028,29.1256],[-90.8107,29.1179],[-90.8148,29.1225],[-90.8084,29.1444],[-90.799,29.1467],[-90.7922,29.1443],[-90.7881,29.1388],[-90.7823,29.1452],[-90.7708,29.1483],[-90.7713,29.1543],[-90.7863,29.159],[-90.7932,29.1554],[-90.813,29.1537],[-90.8369,29.1657],[-90.8451,29.1832],[-90.8493,29.1851],[-90.853,29.1727],[-90.8598,29.1695],[-90.8552,29.1635],[-90.8427,29.1589],[-90.8355,29.1465],[-90.8491,29.1383],[-90.8705,29.1402],[-90.8737,29.1357],[-90.8706,29.1297],[-90.8738,29.121],[-90.8811,29.1174],[-90.8868,29.1192],[-90.8899,29.1316],[-90.9003,29.134],[-90.8934,29.1417],[-90.8939,29.145],[-90.9143,29.1446],[-90.9428,29.1663],[-90.9318,29.18],[-90.9239,29.1846],[-90.9186,29.1951],[-90.9029,29.2088],[-90.8888,29.2046],[-90.872,29.2159],[-90.8595,29.2172],[-90.8611,29.2117],[-90.8726,29.2054],[-90.8659,29.198],[-90.8586,29.198],[-90.8501,29.2094],[-90.8412,29.2102],[-90.8438,29.219],[-90.8187,29.2216],[-90.8203,29.2142],[-90.8335,29.2042],[-90.8314,29.1987],[-90.8272,29.1982],[-90.7984,29.2182],[-90.7957,29.2223],[-90.7978,29.2265],[-90.8114,29.2266],[-90.8087,29.2366],[-90.8112,29.2412],[-90.8175,29.2367],[-90.84,29.2387],[-90.8326,29.2446],[-90.832,29.256],[-90.822,29.2638],[-90.8267,29.2698],[-90.8335,29.2671],[-90.8404,29.257],[-90.842,29.2478],[-90.8488,29.2442],[-90.854,29.2465],[-90.8597,29.2567],[-90.8639,29.2461],[-90.8671,29.2457],[-90.8717,29.2522],[-90.8754,29.2476],[-90.8838,29.2463],[-90.8853,29.249],[-90.879,29.2582],[-90.8811,29.2609],[-90.8916,29.2555],[-90.8968,29.2564],[-90.8952,29.2624],[-90.9188,29.2506],[-90.9213,29.2547],[-90.9129,29.2597],[-90.9145,29.2666],[-90.9333,29.263],[-90.9327,29.2791],[-90.9149,29.2813],[-90.8992,29.2794],[-90.8981,29.2876],[-90.8876,29.2912],[-90.885,29.2953],[-90.9022,29.2963],[-90.9174,29.2918],[-90.9258,29.2942],[-90.9331,29.286],[-90.9363,29.2906],[-90.9346,29.2988],[-90.922,29.3107],[-90.9246,29.318],[-90.9329,29.3194],[-90.936,29.3328],[-90.96,29.3375],[-90.9862,29.3229],[-90.9872,29.3293],[-90.9914,29.3303],[-90.9951,29.3266],[-90.9951,29.3197],[-91.0056,29.3193],[-91.0156,29.3098],[-91.026,29.3089],[-91.0308,29.3039],[-91.0501,29.3007],[-91.0496,29.3085],[-91.0563,29.3196],[-91.0552,29.3287],[-91.0463,29.3319],[-91.0306,29.3263],[-91.0264,29.3286],[-91.0201,29.3409],[-91.0358,29.3451],[-91.0368,29.3484],[-91.0483,29.3475],[-91.0702,29.3572],[-91.0865,29.3513],[-91.0933,29.3431],[-91.0912,29.3334],[-91.0835,29.3233],[-91.0908,29.3197],[-91.0919,29.3137],[-91.083,29.3068],[-91.1103,29.2918],[-91.1244,29.296],[-91.1201,29.3074],[-91.1211,29.3138],[-91.1289,29.3221],[-91.1273,29.3285],[-91.1357,29.3409],[-91.1513,29.3451],[-91.155,29.3502],[-91.1508,29.3515],[-91.1518,29.3538],[-91.1591,29.358],[-91.1779,29.3612],[-91.1868,29.3691],[-91.1993,29.3719],[-91.2009,29.3856],[-91.2066,29.3943],[-91.2218,29.3958],[-91.2165,29.4132],[-91.2112,29.4173],[-91.2133,29.4264],[-91.2195,29.4347],[-91.2352,29.4348],[-91.2457,29.443],[-91.2582,29.4449],[-91.2598,29.4609],[-91.2676,29.4784],[-91.2675,29.494],[-91.2607,29.5068],[-91.2711,29.5123],[-91.2995,29.5059],[-91.3063,29.4995],[-91.3131,29.4982],[-91.3168,29.4885],[-91.3445,29.4909],[-91.3513,29.4946],[-91.345,29.501],[-91.3555,29.5143],[-91.3613,29.5115],[-91.411,29.5116],[-91.4257,29.5175],[-91.4273,29.5263],[-91.4131,29.5363],[-91.4131,29.5437],[-91.4199,29.5528],[-91.4299,29.551],[-91.4377,29.5428],[-91.4687,29.5428],[-91.552,29.5176],[-91.5483,29.5244],[-91.5289,29.5396],[-91.5258,29.5478],[-91.5295,29.557],[-91.5373,29.5652],[-91.5368,29.5826],[-91.5573,29.6353],[-91.5704,29.6385],[-91.6218,29.6275],[-91.6476,29.6316],[-91.6512,29.6348],[-91.6355,29.6417],[-91.636,29.6481],[-91.6334,29.654],[-91.6282,29.6563],[-91.6298,29.6586],[-91.623,29.6715],[-91.6261,29.6861],[-91.6178,29.7164],[-91.6204,29.7333],[-91.6147,29.7484],[-91.6005,29.7512],[-91.5837,29.7434],[-91.5747,29.748],[-91.5753,29.7508],[-91.5968,29.7622],[-91.6099,29.7548],[-91.6199,29.759],[-91.6236,29.7443],[-91.6352,29.7411],[-91.6677,29.7438],[-91.7166,29.7368],[-91.7282,29.745],[-91.7376,29.7469],[-91.7691,29.7445],[-91.83,29.7191],[-91.8473,29.7067],[-91.8604,29.703],[-91.8609,29.7071],[-91.8683,29.7103],[-91.8814,29.7107],[-91.8794,29.7176],[-91.8579,29.73],[-91.8574,29.7383],[-91.8611,29.7433],[-91.8732,29.7474],[-91.8821,29.7446],[-91.8822,29.7593],[-91.8743,29.7616],[-91.8707,29.7735],[-91.8545,29.7988],[-91.8487,29.7979],[-91.8487,29.7846],[-91.8355,29.775],[-91.8266,29.7782],[-91.8235,29.7993],[-91.8267,29.813],[-91.8346,29.8258],[-91.8467,29.8276],[-91.8604,29.8253],[-91.8788,29.8335],[-91.902,29.8311],[-91.9187,29.8118],[-91.9345,29.8122],[-91.9645,29.8244],[-91.9661,29.829],[-91.9625,29.8309],[-91.9514,29.8259],[-91.9414,29.8268],[-91.9409,29.8314],[-91.9488,29.8369],[-91.9751,29.8308],[-91.9845,29.818],[-91.9781,29.8029],[-91.9796,29.7951],[-91.9833,29.7923],[-91.998,29.7909],[-92.0499,29.7728],[-92.1101,29.7408],[-92.1425,29.7164],[-92.1494,29.7168],[-92.1478,29.726],[-92.1369,29.7306],[-92.1249,29.749],[-92.1334,29.7645],[-92.1429,29.7672],[-92.1508,29.7621],[-92.1512,29.752],[-92.1543,29.7511],[-92.1644,29.7611],[-92.1728,29.7592],[-92.1743,29.7514],[-92.1648,29.7446],[-92.1653,29.7396],[-92.1763,29.7404],[-92.198,29.7548],[-92.2052,29.754],[-92.209,29.7453],[-92.2009,29.7252],[-92.1724,29.7056],[-92.1665,29.6979],[-92.1639,29.7007],[-92.1487,29.6957],[-92.1345,29.699],[-92.1077,29.6992],[-92.1004,29.6964],[-92.1003,29.6896],[-92.1171,29.6831],[-92.1296,29.6706],[-92.1332,29.6715],[-92.1369,29.6655],[-92.1252,29.6528],[-92.1241,29.6372],[-92.1161,29.6295],[-92.1066,29.6121],[-92.0966,29.6103],[-92.1024,29.619],[-92.0646,29.6192],[-92.0489,29.6225],[-92.0406,29.6303],[-92.0359,29.6308],[-92.0285,29.629],[-92.0074,29.6126],[-92.0368,29.6161],[-92.0682,29.6004],[-92.0708,29.5967],[-92.0676,29.5931],[-92.0419,29.5909],[-92.0387,29.5868],[-92.0429,29.5818],[-92.0581,29.5798],[-92.0655,29.583],[-92.0759,29.5816],[-92.1027,29.586],[-92.1546,29.5821],[-92.2079,29.5638],[-92.2512,29.5384],[-92.2826,29.5313],[-92.3141,29.5333],[-92.4044,29.5519],[-92.5467,29.5657],[-92.6613,29.587],[-92.6929,29.6004],[-92.7662,29.6239],[-92.8048,29.6431],[-92.9846,29.7178],[-93.077,29.7431],[-93.1151,29.7572],[-93.1436,29.7609],[-93.1838,29.7722],[-93.2296,29.7774],[-93.2879,29.7755],[-93.3339,29.7647],[-93.3511,29.7571],[-93.4128,29.7642],[-93.477,29.7663],[-93.586,29.7547],[-93.6003,29.7567],[-93.6873,29.7495],[-93.7365,29.7416],[-93.762,29.7333],[-93.8077,29.7112],[-93.8344,29.6914],[-93.8424,29.6764],[-93.8669,29.6714],[-93.8791,29.6707],[-93.9363,29.6794],[-93.9975,29.6795],[-94.0462,29.6735],[-94.0951,29.6592],[-94.3473,29.562],[-94.4893,29.5115],[-94.6177,29.4582],[-94.6691,29.4323],[-94.6937,29.4165],[-94.728,29.381],[-94.759,29.3632],[-94.7801,29.3606],[-94.7825,29.38],[-94.7752,29.3888],[-94.7132,29.44],[-94.7051,29.4524],[-94.6823,29.4729],[-94.6668,29.4776],[-94.647,29.4748],[-94.611,29.4882],[-94.5961,29.5081],[-94.5731,29.5308],[-94.5604,29.5316],[-94.5427,29.521],[-94.5136,29.5164],[-94.5072,29.511],[-94.4943,29.5149],[-94.4889,29.5252],[-94.4892,29.5367],[-94.4825,29.5428],[-94.4654,29.5465],[-94.4694,29.5508],[-94.468,29.5554],[-94.4752,29.558],[-94.4951,29.5508],[-94.4992,29.5441],[-94.5225,29.5407],[-94.5256,29.5505],[-94.5452,29.5707],[-94.5614,29.5729],[-94.6284,29.551],[-94.6929,29.5367],[-94.7139,29.5359],[-94.735,29.5273],[-94.7631,29.5227],[-94.7821,29.5296],[-94.7895,29.5446],[-94.7884,29.5533],[-94.7781,29.5514],[-94.7723,29.5429],[-94.748,29.5527],[-94.755,29.559],[-94.7332,29.5791],[-94.724,29.5929],[-94.7101,29.6202],[-94.7013,29.6519],[-94.6911,29.7042],[-94.6951,29.7411],[-94.6851,29.7649],[-94.7012,29.7675],[-94.7188,29.7564],[-94.7244,29.7599],[-94.7254,29.7847],[-94.7305,29.7877],[-94.7545,29.7834],[-94.8161,29.7574],[-94.8495,29.7283],[-94.8639,29.7001],[-94.8693,29.6719],[-94.8975,29.6576],[-94.9186,29.6572],[-94.9273,29.6599],[-94.928,29.6664],[-94.9371,29.6806],[-94.9385,29.6925],[-94.9468,29.7026],[-94.9642,29.7029],[-95.0041,29.6603],[-95.0146,29.6428],[-95.0134,29.6281],[-94.9828,29.6038],[-94.9825,29.5996],[-95.0088,29.5728],[-95.0192,29.5563],[-95.0087,29.5315],[-94.9946,29.5203],[-94.9567,29.5057],[-94.9106,29.4953],[-94.9116,29.4889],[-94.9254,29.4685],[-94.9298,29.4733],[-94.9285,29.4778],[-94.9405,29.4788],[-94.9563,29.4694],[-94.9717,29.4665],[-94.9787,29.4544],[-94.9524,29.4642],[-94.9416,29.46],[-94.9348,29.4524],[-94.9347,29.4363],[-94.9376,29.4319],[-94.9505,29.426],[-94.9396,29.4168],[-94.9283,29.4213],[-94.9101,29.4182],[-94.9051,29.423],[-94.9036,29.4298],[-94.9216,29.4357],[-94.9086,29.4433],[-94.8948,29.4367],[-94.8875,29.4199],[-94.8934,29.3995],[-94.8876,29.3928],[-94.8127,29.3667],[-94.8136,29.3599],[-94.889,29.3873],[-94.892,29.3811],[-94.8853,29.378],[-94.8869,29.3693],[-94.8907,29.3668],[-94.8893,29.3474],[-94.8985,29.3345],[-94.8916,29.3181],[-94.8931,29.3104],[-94.8981,29.3065],[-94.9365,29.3124],[-94.9431,29.3247],[-94.9497,29.3268],[-94.9439,29.3109],[-94.9459,29.3042],[-94.956,29.2918],[-94.9647,29.2871],[-94.9662,29.2795],[-94.9715,29.2787],[-94.9868,29.2666],[-94.9919,29.2686],[-94.9879,29.2749],[-94.9936,29.2761],[-94.9938,29.282],[-95.0048,29.2816],[-95.0071,29.2781],[-95.002,29.2755],[-95.0071,29.2698],[-95.0017,29.2631],[-94.9915,29.2598],[-94.9938,29.2554],[-95.0247,29.2293],[-95.0309,29.2126],[-95.0937,29.175],[-95.1076,29.1706],[-95.1148,29.1719],[-95.1167,29.1746],[-95.111,29.1841],[-95.1156,29.1939],[-95.1197,29.196],[-95.1302,29.1946],[-95.1389,29.189],[-95.1522,29.1947],[-95.1545,29.1994],[-95.1726,29.2029],[-95.1831,29.2121],[-95.2212,29.2212],[-95.2214,29.217],[-95.2169,29.2136],[-95.2071,29.2118],[-95.2054,29.2048],[-95.1904,29.2023],[-95.1879,29.1917],[-95.1813,29.1886],[-95.1616,29.1942],[-95.1589,29.1867],[-95.1519,29.1809],[-95.1669,29.1117],[-95.1468,29.0897],[-95.142,29.0826],[-95.1423,29.0766],[-95.1442,29.0712],[-95.1588,29.0723],[-95.1654,29.0832],[-95.1667,29.0975],[-95.1732,29.1028],[-95.1759,29.1103],[-95.1842,29.1102],[-95.1892,29.1141],[-95.2238,29.0931],[-95.2294,29.0874],[-95.231,29.0778],[-95.235,29.0798],[-95.2367,29.0868],[-95.2456,29.0877],[-95.251,29.093],[-95.2735,29.0834],[-95.2797,29.0726],[-95.2749,29.0674],[-95.2541,29.0752],[-95.2464,29.0721],[-95.2436,29.0669],[-95.2321,29.0669],[-95.2209,29.0723],[-95.2173,29.0804],[-95.2186,29.0851],[-95.1989,29.1003],[-95.1964,29.0979],[-95.2009,29.0935],[-95.2006,29.0889],[-95.1962,29.0832],[-95.187,29.0805],[-95.2011,29.0715],[-95.2213,29.0462],[-95.2232,29.0398],[-95.2189,29.0332],[-95.2282,29.0345],[-95.2432,29.0003],[-95.232,29.0048],[-95.2171,29.0189],[-95.2068,29.018],[-95.1998,29.0305],[-95.1894,29.0392],[-95.1761,29.0432],[-95.1695,29.0489],[-95.1569,29.0686],[-95.1441,29.0648],[-95.135,29.0685],[-95.1261,29.0676],[-95.2413,28.9878],[-95.2841,28.9502],[-95.2981,28.9324],[-95.2973,28.9282],[-95.3669,28.8945],[-95.3801,28.8909],[-95.3813,28.8882],[-95.3746,28.8774],[-95.3783,28.8674],[-95.3928,28.8777],[-95.3924,28.8859],[-95.4082,28.8737],[-95.4406,28.8604],[-95.4418,28.8572],[-95.5865,28.7787],[-95.6889,28.7282],[-95.693,28.7293],[-95.6901,28.7365],[-95.6839,28.7358],[-95.6634,28.7501],[-95.6577,28.7591],[-95.6701,28.7605],[-95.6974,28.7465],[-95.7333,28.735],[-95.7457,28.7355],[-95.7546,28.7455],[-95.7662,28.7414],[-95.7749,28.7449],[-95.7848,28.7444],[-95.8903,28.7122],[-95.9179,28.6995],[-95.9358,28.6951],[-95.9472,28.6854],[-95.9485,28.6799],[-95.9409,28.6746],[-95.9387,28.6662],[-95.94,28.6612],[-95.9501,28.6575],[-95.9557,28.6476],[-95.9543,28.6351],[-95.9624,28.6281],[-95.9546,28.6273],[-95.9188,28.6379],[-95.9,28.6399],[-95.8988,28.6431],[-95.8814,28.6503],[-95.8742,28.6486],[-95.8686,28.6567],[-95.8375,28.666],[-95.8382,28.6729],[-95.8254,28.6793],[-95.7986,28.6861],[-95.7888,28.6954],[-95.7715,28.6975],[-95.7677,28.7019],[-95.7024,28.7292],[-95.6983,28.7281],[-95.7029,28.72],[-95.7856,28.6764],[-95.8488,28.6476],[-96.0725,28.559],[-96.2108,28.4932],[-96.2275,28.4897],[-96.2315,28.482],[-96.2443,28.4737],[-96.3005,28.4435],[-96.3649,28.402],[-96.3774,28.4001],[-96.3735,28.4064],[-96.3077,28.4562],[-96.2299,28.4939],[-96.184,28.524],[-96.1442,28.5433],[-95.9916,28.6025],[-95.9824,28.6118],[-95.9848,28.6473],[-95.9783,28.6539],[-95.9948,28.655],[-95.9956,28.6601],[-96.0026,28.6544],[-96.0072,28.6564],[-96.0167,28.6434],[-96.0242,28.6492],[-96.0335,28.6505],[-96.0539,28.6466],[-96.0759,28.6314],[-96.1427,28.6103],[-96.1762,28.5941],[-96.1808,28.5952],[-96.2325,28.5754],[-96.2305,28.5854],[-96.2412,28.6005],[-96.2134,28.6087],[-96.2116,28.6137],[-96.2148,28.6226],[-96.2288,28.6355],[-96.2839,28.6668],[-96.3053,28.6423],[-96.3429,28.6357],[-96.3765,28.6157],[-96.4448,28.5826],[-96.4923,28.5626],[-96.5227,28.5549],[-96.5057,28.5263],[-96.4896,28.5147],[-96.4898,28.5092],[-96.476,28.506],[-96.4423,28.4828],[-96.4367,28.4674],[-96.4281,28.474],[-96.4283,28.458],[-96.4182,28.4645],[-96.3954,28.4408],[-96.4253,28.4303],[-96.4756,28.4048],[-96.4865,28.4038],[-96.5619,28.369],[-96.6369,28.3304],[-96.6503,28.3184],[-96.6613,28.3137],[-96.6664,28.3153],[-96.6467,28.3298],[-96.6627,28.3303],[-96.6759,28.3238],[-96.6779,28.3257],[-96.6562,28.337],[-96.6558,28.3471],[-96.676,28.3344],[-96.6922,28.3289],[-96.709,28.3488],[-96.7037,28.3785],[-96.7056,28.3845],[-96.7116,28.3893],[-96.71,28.4045],[-96.7474,28.412],[-96.7528,28.4196],[-96.7649,28.4153],[-96.7741,28.4059],[-96.7877,28.4018],[-96.7953,28.3509],[-96.7929,28.3187],[-96.7997,28.3037],[-96.8094,28.2934],[-96.8096,28.2884],[-96.7906,28.2574],[-96.783,28.2388],[-96.7833,28.2305],[-96.7944,28.224],[-96.8121,28.2213],[-96.8451,28.1947],[-96.8867,28.171],[-96.8879,28.1679],[-96.8767,28.1629],[-96.8669,28.1636],[-96.8811,28.1562],[-96.8838,28.1526],[-96.8826,28.1433],[-96.8925,28.1408],[-96.9036,28.1324],[-96.9072,28.1325],[-96.9028,28.1416],[-96.906,28.1504],[-96.9215,28.1362],[-96.9272,28.1363],[-96.9373,28.1279],[-96.9793,28.1217],[-96.9985,28.1328],[-97.0124,28.1328],[-97.0271,28.112],[-97.0235,28.1101],[-97.0213,28.0999],[-97.0281,28.0978],[-97.0314,28.0896],[-97.0317,28.0537],[-97.0269,28.043],[-97.0269,28.0287],[-97.0331,28.028],[-97.0365,28.0327],[-97.0358,28.0396],[-97.0394,28.0387],[-97.0435,28.026],[-97.0672,27.9935],[-97.0664,27.9893],[-97.0735,27.9771],[-97.0891,27.9729],[-97.1362,27.9024],[-97.1529,27.8812],[-97.1789,27.8561],[-97.1864,27.8453],[-97.1835,27.841],[-97.1902,27.8256],[-97.1955,27.8211],[-97.2047,27.82],[-97.2469,27.8363],[-97.2258,27.8352],[-97.225,27.8435],[-97.2208,27.8489],[-97.2341,27.8484],[-97.2402,27.8522],[-97.2473,27.8694],[-97.2548,27.8765],[-97.2675,27.881],[-97.2949,27.878],[-97.3359,27.8634],[-97.3579,27.8524],[-97.3822,27.8282],[-97.3778,27.8235],[-97.3822,27.8125],[-97.3916,27.8081],[-97.3932,27.7884],[-97.3975,27.7816],[-97.3937,27.7741],[-97.3811,27.7646],[-97.371,27.7436],[-97.3504,27.7279],[-97.3144,27.7137],[-97.2478,27.6963],[-97.2454,27.6916],[-97.247,27.6884],[-97.2571,27.6924],[-97.2613,27.6897],[-97.2643,27.676],[-97.2619,27.6713],[-97.2692,27.6669],[-97.2674,27.6599],[-97.2788,27.657],[-97.2828,27.6433],[-97.2975,27.6174],[-97.3019,27.5922],[-97.3204,27.5715],[-97.3392,27.5295],[-97.345,27.5232],[-97.3426,27.5195],[-97.3521,27.4916],[-97.3504,27.4814],[-97.3589,27.4706],[-97.363,27.4536],[-97.3732,27.4396],[-97.3725,27.4101],[-97.3868,27.3791],[-97.3925,27.3751],[-97.3972,27.354],[-97.4063,27.3404],[-97.4061,27.3325],[-97.4135,27.3221],[-97.4182,27.3204],[-97.4235,27.2615],[-97.4342,27.2133],[-97.4382,27.213],[-97.436,27.2198],[-97.4392,27.2333],[-97.4334,27.2373],[-97.4416,27.2389],[-97.4483,27.2344],[-97.4423,27.2306],[-97.4456,27.2224],[-97.4409,27.2098],[-97.4477,27.1878],[-97.4476,27.1717],[-97.4545,27.1649],[-97.4563,27.1539],[-97.4546,27.1419],[-97.4511,27.1413],[-97.4481,27.1574],[-97.4429,27.1591],[-97.4465,27.1237],[-97.4574,27.1184],[-97.4611,27.112],[-97.4593,27.1042],[-97.4665,27.1034],[-97.4677,27.0979],[-97.4884,27.1039],[-97.4927,27.0962],[-97.4967,27.0972],[-97.5017,27.083],[-97.4768,27.0644],[-97.4769,27.0612],[-97.4851,27.0591],[-97.4822,27.0526],[-97.4908,27.0537],[-97.4895,27.0486],[-97.495,27.0496],[-97.499,27.0548],[-97.5026,27.0521],[-97.4774,27.0257],[-97.4741,27.0159],[-97.4779,27.0105],[-97.4757,26.9984],[-97.4813,26.9958],[-97.4883,27.0001],[-97.5036,26.9991],[-97.5117,27.003],[-97.523,26.9973],[-97.5346,27.0012],[-97.5408,26.9986],[-97.5539,27.0012],[-97.5638,26.9954],[-97.5575,26.9833],[-97.5648,26.9779],[-97.5543,26.9698],[-97.5645,26.9701],[-97.5676,26.9674],[-97.5622,26.9603],[-97.5639,26.9544],[-97.5553,26.9339],[-97.5565,26.9274],[-97.5453,26.9115],[-97.5411,26.8994],[-97.5218,26.8818],[-97.5051,26.8777],[-97.4999,26.8804],[-97.5079,26.8866],[-97.512,26.9014],[-97.5095,26.9023],[-97.4888,26.8792],[-97.4753,26.8724],[-97.4725,26.8626],[-97.4927,26.8497],[-97.5512,26.8996],[-97.5544,26.896],[-97.551,26.8885],[-97.5514,26.877],[-97.5605,26.8763],[-97.5546,26.8517],[-97.5583,26.849],[-97.5678,26.852],[-97.5694,26.8492],[-97.5496,26.8155],[-97.5404,26.8144],[-97.5473,26.8229],[-97.5417,26.8241],[-97.5226,26.8154],[-97.5158,26.8078],[-97.4966,26.8041],[-97.4921,26.7994],[-97.4912,26.7961],[-97.499,26.7912],[-97.4875,26.7854],[-97.4839,26.7687],[-97.4755,26.7607],[-97.4704,26.7444],[-97.4646,26.6833],[-97.4462,26.6371],[-97.4504,26.6136],[-97.4417,26.6009],[-97.4332,26.579],[-97.436,26.5708],[-97.4227,26.558],[-97.4146,26.5578],[-97.4216,26.5418],[-97.421,26.5283],[-97.4078,26.4984],[-97.4079,26.4929],[-97.4142,26.487],[-97.4212,26.4895],[-97.4177,26.5056],[-97.4221,26.5108],[-97.4281,26.51],[-97.4257,26.5243],[-97.4321,26.5291],[-97.428,26.5489],[-97.4346,26.5499],[-97.4387,26.5292],[-97.4424,26.5247],[-97.4334,26.5194],[-97.4342,26.5093],[-97.4424,26.5058],[-97.4309,26.5032],[-97.4352,26.4931],[-97.4459,26.4924],[-97.4486,26.4842],[-97.4757,26.4927],[-97.4861,26.4994],[-97.4943,26.4964],[-97.4915,26.4899],[-97.4764,26.4867],[-97.4679,26.4814],[-97.4493,26.4796],[-97.439,26.4867],[-97.4309,26.487],[-97.4374,26.4714],[-97.4481,26.4689],[-97.4421,26.4642],[-97.4293,26.4726],[-97.4269,26.4679],[-97.4369,26.4553],[-97.4523,26.4626],[-97.4575,26.459],[-97.4576,26.4553],[-97.4642,26.4545],[-97.4608,26.4679],[-97.4617,26.4711],[-97.4647,26.4707],[-97.4732,26.4557],[-97.483,26.4508],[-97.4826,26.4485],[-97.4739,26.4497],[-97.467,26.4449],[-97.4604,26.4457],[-97.444,26.454],[-97.4376,26.4483],[-97.4295,26.4477],[-97.4286,26.4449],[-97.4357,26.4437],[-97.4327,26.4404],[-97.4377,26.4257],[-97.4455,26.4189],[-97.4526,26.4173],[-97.4443,26.4097],[-97.457,26.4054],[-97.4551,26.4021],[-97.4359,26.4025],[-97.4352,26.4085],[-97.4281,26.4093],[-97.4278,26.4185],[-97.4233,26.4189],[-97.4184,26.4136],[-97.4112,26.4153],[-97.4078,26.4106],[-97.3956,26.4154],[-97.4212,26.3864],[-97.4349,26.3859],[-97.4359,26.3831],[-97.4234,26.3805],[-97.4012,26.3966],[-97.4053,26.3777],[-97.3878,26.3865],[-97.3819,26.3822],[-97.3848,26.3698],[-97.3889,26.3699],[-97.3947,26.3608],[-97.4059,26.3583],[-97.406,26.3546],[-97.3985,26.353],[-97.3755,26.3603],[-97.3685,26.3588],[-97.3552,26.3635],[-97.351,26.3699],[-97.344,26.3669],[-97.3416,26.3627],[-97.3513,26.3583],[-97.3561,26.3506],[-97.3663,26.3458],[-97.369,26.3407],[-97.3661,26.3365],[-97.3595,26.3373],[-97.3562,26.3312],[-97.3594,26.3257],[-97.3574,26.3229],[-97.3506,26.331],[-97.3445,26.3503],[-97.3363,26.3538],[-97.3328,26.3509],[-97.3349,26.3339],[-97.3541,26.3177],[-97.3557,26.3127],[-97.3512,26.3116],[-97.3505,26.2871],[-97.3446,26.2809],[-97.3494,26.2704],[-97.3482,26.2634],[-97.334,26.2659],[-97.3186,26.2729],[-97.3156,26.2723],[-97.32,26.2604],[-97.3269,26.2643],[-97.3295,26.262],[-97.3354,26.2502],[-97.3325,26.2469],[-97.3151,26.2543],[-97.2999,26.2557],[-97.3073,26.2467],[-97.3214,26.2456],[-97.322,26.2433],[-97.3131,26.2394],[-97.3359,26.2349],[-97.3321,26.2279],[-97.3385,26.2146],[-97.3367,26.2076],[-97.3409,26.205],[-97.3452,26.2125],[-97.3501,26.1978],[-97.3518,26.2074],[-97.3555,26.2105],[-97.353,26.2255],[-97.3553,26.2344],[-97.3464,26.2505],[-97.3468,26.2617],[-97.3611,26.2768],[-97.3663,26.2764],[-97.3706,26.2706],[-97.3684,26.2521],[-97.365,26.2492],[-97.3658,26.2373],[-97.3746,26.2261],[-97.3948,26.2189],[-97.3938,26.2114],[-97.3888,26.2085],[-97.3999,26.1952],[-97.4021,26.185],[-97.4169,26.1779],[-97.4419,26.1808],[-97.4677,26.1761],[-97.4787,26.1799],[-97.489,26.1912],[-97.4929,26.2029],[-97.4852,26.2118],[-97.486,26.2192],[-97.4785,26.2298],[-97.4804,26.2481],[-97.4845,26.2574],[-97.4965,26.2626],[-97.4889,26.2738],[-97.4816,26.3077],[-97.4834,26.3235],[-97.4755,26.3327],[-97.4751,26.3378],[-97.5003,26.3512],[-97.5115,26.3501],[-97.5184,26.3534],[-97.541,26.3504],[-97.5454,26.3575],[-97.5331,26.3603],[-97.52,26.3689],[-97.5087,26.3829],[-97.5055,26.392],[-97.497,26.3989],[-97.4957,26.4044],[-97.5017,26.4178],[-97.5274,26.4411],[-97.53,26.4492],[-97.5256,26.464],[-97.5361,26.4644],[-97.5694,26.4833],[-97.5602,26.4964],[-97.557,26.5057],[-97.5589,26.5104],[-97.5838,26.4996],[-97.5924,26.5004],[-97.6024,26.5128],[-97.6238,26.4993],[-97.6257,26.5028],[-97.6168,26.5178],[-97.6007,26.52],[-97.5815,26.5046],[-97.5703,26.5088],[-97.565,26.5204],[-97.5877,26.5448],[-97.6157,26.5507],[-97.5923,26.5723],[-97.6001,26.5837],[-97.5942,26.595],[-97.585,26.591],[-97.5577,26.5659],[-97.5359,26.5581],[-97.5288,26.5518],[-97.5218,26.5646],[-97.5151,26.5692],[-97.5112,26.5698],[-97.5057,26.5649],[-97.5018,26.5667],[-97.5067,26.585],[-97.4951,26.594],[-97.4883,26.5926],[-97.4762,26.5826],[-97.4682,26.5863],[-97.4689,26.5967],[-97.4773,26.6065],[-97.4873,26.6288],[-97.4846,26.6476],[-97.4873,26.6848],[-97.4855,26.702],[-97.4972,26.7305],[-97.4932,26.7344],[-97.4781,26.7258],[-97.4726,26.7268],[-97.5058,26.7622],[-97.5269,26.7742],[-97.5413,26.7992],[-97.5641,26.8106],[-97.5909,26.8434],[-97.596,26.8683],[-97.5904,26.8937],[-97.6036,26.908],[-97.6051,26.9152],[-97.5926,26.9462],[-97.6032,26.9745],[-97.6017,26.9874],[-97.6061,27.0044],[-97.5996,27.0115],[-97.586,27.0097],[-97.5842,27.0189],[-97.5638,27.0142],[-97.5573,27.0154],[-97.5474,27.0259],[-97.5166,27.0402],[-97.5162,27.0494],[-97.5322,27.0773],[-97.5334,27.0856],[-97.5256,27.0994],[-97.5237,27.11],[-97.5104,27.1213],[-97.4939,27.1269],[-97.4747,27.1496],[-97.4783,27.1679],[-97.4891,27.1894],[-97.4841,27.2031],[-97.4865,27.2172],[-97.476,27.2355],[-97.4613,27.2476],[-97.4575,27.2593],[-97.4693,27.2786],[-97.5,27.2588],[-97.5309,27.2542],[-97.5312,27.227],[-97.5417,27.2171],[-97.5626,27.2228],[-97.5912,27.2371],[-97.6116,27.2393],[-97.6371,27.2343],[-97.6413,27.2255],[-97.6399,27.2126],[-97.6463,27.2081],[-97.6509,27.2181],[-97.6469,27.2329],[-97.6518,27.2416],[-97.6553,27.2404],[-97.6745,27.2542],[-97.6917,27.2519],[-97.7154,27.2643],[-97.7178,27.2696],[-97.6664,27.2787],[-97.6413,27.2873],[-97.6477,27.2972],[-97.6446,27.3089],[-97.6476,27.3148],[-97.6664,27.3242],[-97.6913,27.3693],[-97.7055,27.375],[-97.7125,27.3753],[-97.7225,27.3699],[-97.7326,27.3718],[-97.7367,27.376],[-97.7438,27.375],[-97.7421,27.3823],[-97.7448,27.392],[-97.7306,27.3796],[-97.7173,27.3807],[-97.7358,27.4181],[-97.7579,27.4261],[-97.7507,27.4051],[-97.7531,27.4012],[-97.758,27.4007],[-97.7798,27.4259],[-97.8106,27.4426],[-97.8078,27.4598],[-97.8142,27.4692],[-97.8232,27.4709],[-97.8459,27.4623],[-97.8615,27.4831],[-97.8817,27.493],[-97.9014,27.5197],[-97.9007,27.5293],[-97.8919,27.5375],[-97.8916,27.5507],[-97.8837,27.5491],[-97.8792,27.5558],[-97.8733,27.5585],[-97.8694,27.5516],[-97.8709,27.5346],[-97.866,27.5271],[-97.8582,27.5267],[-97.8399,27.5377],[-97.839,27.5446],[-97.8431,27.5558],[-97.8586,27.5755],[-97.8595,27.582],[-97.8478,27.5998],[-97.8258,27.6046],[-97.8227,27.6089],[-97.8261,27.6142],[-97.8431,27.6176],[-97.8602,27.6256],[-97.8613,27.6447],[-97.8708,27.6618],[-97.8766,27.6661],[-97.8901,27.663],[-97.8943,27.6706],[-97.8908,27.6736],[-97.867,27.6757],[-97.8418,27.693],[-97.8153,27.6921],[-97.8099,27.6979],[-97.8102,27.7065],[-97.8321,27.7252],[-97.8426,27.7299],[-97.8875,27.717],[-97.9103,27.7178],[-97.9133,27.7225],[-97.9124,27.7361],[-97.9244,27.743],[-97.9209,27.7571],[-97.9252,27.7606],[-97.9406,27.755],[-97.9388,27.7374],[-97.9427,27.7275],[-97.9662,27.727],[-97.9818,27.7344],[-97.9884,27.7424],[-97.95,27.7493],[-97.9484,27.7538],[-97.9608,27.7583],[-97.9837,27.7575],[-97.9888,27.7619],[-97.9915,27.7757],[-97.9966,27.7835],[-98.0138,27.7902],[-98.0096,27.798],[-97.9898,27.8062],[-97.9675,27.8051],[-97.9632,27.8137],[-97.9629,27.8192],[-97.9663,27.8217],[-97.9761,27.8132],[-97.9918,27.8197],[-98.0086,27.8167],[-98.0151,27.8229],[-98.0106,27.8303],[-97.9777,27.8418],[-97.9692,27.8416],[-97.9545,27.8325],[-97.9521,27.8191],[-97.9474,27.8155],[-97.9413,27.8213],[-97.9373,27.8391],[-97.9409,27.8533],[-97.9384,27.86],[-97.9309,27.8615],[-97.9154,27.8532],[-97.8988,27.8546],[-97.8733,27.8688],[-97.8595,27.8814],[-97.8403,27.8831],[-97.839,27.8866],[-97.8447,27.8996],[-97.8419,27.917],[-97.8304,27.9244],[-97.8233,27.9638],[-97.8021,28.0113],[-97.8043,28.0247],[-97.812,28.0297],[-97.8673,28.037],[-97.8628,28.0461],[-97.8749,28.0627],[-97.8869,28.0728],[-97.8848,28.0794],[-97.8632,28.0924],[-97.8613,28.1093],[-97.8581,28.1137],[-97.8484,28.1067],[-97.8393,28.0943],[-97.8271,28.0891],[-97.8213,28.0945],[-97.8273,28.1394],[-97.8339,28.1581],[-97.8557,28.1708],[-97.8626,28.1798],[-97.8628,28.1874],[-97.8554,28.2005],[-97.8552,28.2083],[-97.8692,28.2282],[-97.8753,28.246],[-97.8778,28.2622],[-97.8908,28.2967],[-97.8899,28.3098],[-97.8834,28.3156],[-97.8651,28.3186],[-97.8587,28.3252],[-97.8546,28.325],[-97.8453,28.3087],[-97.8573,28.2982],[-97.8562,28.2921],[-97.8222,28.2844],[-97.8231,28.2733],[-97.8203,28.2681],[-97.8081,28.2708],[-97.8025,28.2678],[-97.801,28.2613],[-97.8071,28.2451],[-97.8242,28.2353],[-97.8167,28.2309],[-97.8042,28.2327],[-97.7797,28.2447],[-97.7788,28.2589],[-97.7736,28.2648],[-97.7627,28.2659],[-97.7456,28.2581],[-97.7387,28.2698],[-97.7209,28.2753],[-97.719,28.2824],[-97.7289,28.2876],[-97.7699,28.2953],[-97.7844,28.3059],[-97.8053,28.3102],[-97.811,28.3176],[-97.8276,28.323],[-97.8368,28.3297],[-97.8414,28.337],[-97.842,28.3498],[-97.8366,28.3528],[-97.8279,28.3519],[-97.7962,28.3193],[-97.7776,28.3156],[-97.7575,28.3031],[-97.7281,28.3028],[-97.6948,28.283],[-97.6813,28.285],[-97.6853,28.2985],[-97.7008,28.3045],[-97.7153,28.3176],[-97.7119,28.3242],[-97.688,28.3206],[-97.685,28.3222],[-97.6852,28.3266],[-97.7117,28.3615],[-97.7124,28.3673],[-97.7007,28.3689],[-97.7007,28.3744],[-97.7066,28.3812],[-97.7233,28.3891],[-97.7271,28.3943],[-97.7271,28.401],[-97.7187,28.4072],[-97.6805,28.403],[-97.6776,28.4075],[-97.6804,28.4212],[-97.6666,28.4239],[-97.6585,28.4185],[-97.6536,28.3869],[-97.6439,28.3887],[-97.6406,28.3985],[-97.648,28.4228],[-97.6574,28.432],[-97.6656,28.436],[-97.6945,28.4393],[-97.6854,28.4517],[-97.6658,28.4582],[-97.6542,28.4558],[-97.6421,28.4594],[-97.6273,28.4501],[-97.62,28.4489],[-97.6003,28.4621],[-97.5955,28.4599],[-97.5925,28.4488],[-97.5795,28.4455],[-97.5744,28.4396],[-97.5611,28.4334],[-97.5278,28.4274],[-97.4883,28.4333],[-97.4684,28.4193],[-97.4558,28.4233],[-97.4417,28.4482],[-97.4303,28.4519],[-97.419,28.4496],[-97.4105,28.4525],[-97.3885,28.481],[-97.3626,28.4948],[-97.3551,28.5282],[-97.367,28.5333],[-97.3822,28.5336],[-97.4195,28.5184],[-97.4355,28.5257],[-97.4468,28.5325],[-97.4125,28.5444],[-97.4069,28.548],[-97.4062,28.5526],[-97.4481,28.5757],[-97.4699,28.5936],[-97.5001,28.5843],[-97.5057,28.585],[-97.5101,28.5897],[-97.51,28.596],[-97.4954,28.6083],[-97.4319,28.6202],[-97.4256,28.6155],[-97.4164,28.6143],[-97.3713,28.6243],[-97.3271,28.6117],[-97.3179,28.615],[-97.3123,28.6212],[-97.2947,28.6237],[-97.2822,28.6312],[-97.2717,28.6228],[-97.2641,28.6229],[-97.2564,28.628],[-97.2609,28.6133],[-97.2583,28.6085],[-97.214,28.5977],[-97.2073,28.6063],[-97.1994,28.608],[-97.19,28.6169],[-97.1848,28.6124],[-97.1833,28.5974],[-97.1706,28.5995],[-97.1768,28.6302],[-97.1844,28.6373],[-97.1902,28.6359],[-97.2101,28.6165],[-97.2286,28.6157],[-97.2343,28.6184],[-97.2527,28.6409],[-97.2652,28.6451],[-97.2725,28.6529],[-97.274,28.6693],[-97.293,28.6889],[-97.2975,28.6989],[-97.2895,28.7044],[-97.2704,28.6999],[-97.2484,28.704],[-97.2184,28.6964],[-97.2044,28.7007],[-97.1889,28.7133],[-97.1643,28.7094],[-97.1449,28.7225],[-97.1292,28.7233],[-97.1197,28.7305],[-97.0915,28.7351],[-97.0886,28.7458],[-97.0923,28.7536],[-97.1102,28.7664],[-97.1348,28.7727],[-97.1436,28.7822],[-97.1587,28.8363],[-97.1557,28.8493],[-97.1466,28.8576],[-97.1392,28.8594],[-97.1269,28.8568],[-97.1156,28.8494],[-97.1097,28.8409],[-97.0913,28.842],[-97.0784,28.839],[-97.0701,28.8326],[-97.0568,28.8139],[-97.0336,28.7589],[-97.0281,28.7205],[-97.0349,28.7135],[-97.0582,28.7281],[-97.0675,28.7278],[-97.0684,28.7217],[-97.0613,28.7097],[-97.045,28.7073],[-97.0407,28.7034],[-97.0295,28.6603],[-97.0183,28.644],[-96.9773,28.6157],[-96.9681,28.6056],[-96.9574,28.6031],[-96.9519,28.6065],[-96.956,28.6269],[-96.953,28.6356],[-96.9469,28.6371],[-96.9341,28.6231],[-96.9189,28.629],[-96.9298,28.635],[-96.9426,28.658],[-96.964,28.675],[-96.9673,28.6848],[-96.9639,28.7134],[-96.9668,28.7311],[-96.973,28.7445],[-96.9893,28.7616],[-96.9967,28.7782],[-97.0114,28.7936],[-97.0174,28.8266],[-97.0416,28.8436],[-97.052,28.8614],[-97.0624,28.8703],[-97.0825,28.868],[-97.0965,28.8899],[-97.1289,28.9019],[-97.1355,28.9195],[-97.1494,28.9317],[-97.1559,28.9425],[-97.1577,28.9517],[-97.138,28.9653],[-97.1246,28.9687],[-97.1136,28.9659],[-97.1057,28.9676],[-97.1016,28.9797],[-97.1081,28.9912],[-97.105,29.004],[-97.0713,29.023],[-97.0741,29.0295],[-97.0815,29.0348],[-97.1129,29.0383],[-97.1274,29.0431],[-97.1376,29.0551],[-97.1481,29.0615],[-97.1476,29.1143],[-97.1409,29.122],[-97.1035,29.1359],[-97.0936,29.1376],[-97.0672,29.1337],[-97.0567,29.13],[-97.0506,29.1227],[-97.0446,29.0931],[-97.0367,29.0811],[-97.0214,29.0728],[-97.014,29.0736],[-96.9989,29.0848],[-96.9813,29.0912],[-96.9747,29.106],[-96.9509,29.1183],[-96.9497,29.1293],[-96.9655,29.1571],[-96.9619,29.1668],[-96.9559,29.1674],[-96.9468,29.1617],[-96.9166,29.1558],[-96.8872,29.1572],[-96.8872,29.1708],[-96.8838,29.179],[-96.8558,29.2024],[-96.8534,29.213],[-96.8568,29.2244],[-96.8527,29.2373],[-96.8334,29.2525],[-96.8139,29.2942],[-96.7915,29.3205],[-96.7446,29.3408],[-96.7314,29.3378],[-96.7203,29.329],[-96.7078,29.3298],[-96.7001,29.3448],[-96.6992,29.3584],[-96.7062,29.3776],[-96.7069,29.3891],[-96.695,29.4362],[-96.6818,29.4623],[-96.6921,29.4971],[-96.691,29.5058],[-96.6849,29.5164],[-96.6699,29.5326],[-96.6182,29.5645],[-96.6005,29.5917],[-96.591,29.598],[-96.5802,29.5999],[-96.5703,29.6091],[-96.5591,29.6107],[-96.55,29.6076],[-96.532,29.578],[-96.52,29.5723],[-96.5114,29.5752],[-96.5146,29.5826],[-96.5309,29.5944],[-96.5411,29.6157],[-96.5739,29.6303],[-96.5965,29.6478],[-96.5956,29.6876],[-96.5794,29.7131],[-96.5942,29.7173],[-96.5938,29.726],[-96.5765,29.7357],[-96.5568,29.7392],[-96.5526,29.7443],[-96.5527,29.7565],[-96.5486,29.7628],[-96.5392,29.7492],[-96.5342,29.7503],[-96.5263,29.7587],[-96.5097,29.7633],[-96.507,29.7583],[-96.4914,29.7532],[-96.4918,29.7493],[-96.5011,29.7441],[-96.5072,29.7259],[-96.5177,29.7162],[-96.5175,29.7049],[-96.5039,29.7044],[-96.4679,29.713],[-96.4636,29.7114],[-96.4598,29.7058],[-96.4579,29.6769],[-96.4519,29.664],[-96.415,29.6546],[-96.4096,29.6479],[-96.4103,29.641],[-96.3963,29.6418],[-96.3928,29.6449],[-96.3928,29.6526],[-96.4157,29.6601],[-96.4159,29.7092],[-96.4318,29.7321],[-96.4442,29.7427],[-96.4496,29.7626],[-96.462,29.7764],[-96.4673,29.7886],[-96.4639,29.81],[-96.4693,29.8253],[-96.4676,29.8376],[-96.4553,29.8422],[-96.4447,29.8362],[-96.4323,29.824],[-96.4288,29.8179],[-96.4287,29.8041],[-96.4199,29.7934],[-96.4023,29.7904],[-96.39,29.7935],[-96.3847,29.7996],[-96.3707,29.7997],[-96.3672,29.8028],[-96.3708,29.8211],[-96.3691,29.841],[-96.3586,29.8457],[-96.334,29.8657],[-96.323,29.8673],[-96.3274,29.8716],[-96.3162,29.8826],[-96.2942,29.8913],[-96.268,29.8956],[-96.2647,29.8885],[-96.2539,29.8862],[-96.2536,29.8745],[-96.2411,29.8795],[-96.233,29.8792],[-96.2279,29.8683],[-96.2087,29.8745],[-96.1807,29.8734],[-96.1516,29.8563],[-96.1512,29.869],[-96.1663,29.8835],[-96.1639,29.8899],[-96.1564,29.89],[-96.1501,29.9106],[-96.1613,29.9205],[-96.1589,29.925],[-96.1542,29.9255],[-96.1599,29.9347],[-96.1749,29.9437],[-96.1831,29.9548],[-96.1715,29.96],[-96.1694,29.9775],[-96.1646,29.9788],[-96.1545,29.9736],[-96.1385,29.9747],[-96.1245,29.9812],[-96.121,29.9868],[-96.1193,30.0042],[-96.129,30.0221],[-96.1334,30.0449],[-96.1402,30.054],[-96.1688,30.0533],[-96.1867,30.0614],[-96.1854,30.0801],[-96.1873,30.0925],[-96.1926,30.1014],[-96.1929,30.1349],[-96.2009,30.148],[-96.2181,30.1546],[-96.2202,30.1706],[-96.2112,30.1918],[-96.1952,30.1975],[-96.1758,30.2106],[-96.1487,30.2148],[-96.132,30.2209],[-96.1147,30.234],[-96.1084,30.2827],[-96.1268,30.3006],[-96.1352,30.3002],[-96.14,30.3034],[-96.1451,30.3172],[-96.1388,30.3299],[-96.1297,30.334],[-96.121,30.3336],[-96.1016,30.3201],[-96.0839,30.3223],[-96.0718,30.3135],[-96.069,30.3105],[-96.0679,30.2956],[-96.0689,30.2613],[-96.0758,30.2197],[-96.0811,30.2073],[-96.143,30.1826],[-96.1496,30.1773],[-96.1445,30.1535],[-96.1506,30.1243],[-96.149,30.0995],[-96.1402,30.0841],[-96.1254,30.0833],[-96.0978,30.0967],[-96.0785,30.0821],[-96.0687,30.0848],[-96.0648,30.0903],[-96.0657,30.0999],[-96.0769,30.1136],[-96.1078,30.1365],[-96.1115,30.1643],[-96.1063,30.1735],[-96.0996,30.1755],[-96.0639,30.1489],[-96.0575,30.1473],[-96.0445,30.1497],[-96.0305,30.1619],[-96.0163,30.1835],[-96.0123,30.2147],[-95.9771,30.2473],[-95.9755,30.2524],[-95.9489,30.2663],[-95.9338,30.288],[-95.9331,30.3044],[-95.9437,30.3202],[-95.9573,30.3301],[-95.9591,30.337],[-95.9552,30.3419],[-95.9441,30.3407],[-95.9229,30.351],[-95.9037,30.3415],[-95.859,30.354],[-95.8545,30.3517],[-95.8614,30.3423],[-95.8605,30.3363],[-95.8177,30.3328],[-95.7869,30.3387],[-95.8105,30.3461],[-95.8111,30.3553],[-95.7826,30.3478],[-95.7682,30.3475],[-95.7604,30.352],[-95.7454,30.3538],[-95.7387,30.3592],[-95.7369,30.3243],[-95.7347,30.3212],[-95.7273,30.3264],[-95.7224,30.3256],[-95.7232,30.3143],[-95.7161,30.3025],[-95.7066,30.3291],[-95.7018,30.3572],[-95.6909,30.3567],[-95.6664,30.3402],[-95.6564,30.3417],[-95.6546,30.346],[-95.6572,30.3516],[-95.6817,30.3676],[-95.6873,30.3761],[-95.6575,30.3762],[-95.647,30.3796],[-95.6478,30.3842],[-95.6609,30.3867],[-95.6704,30.4014],[-95.6789,30.4044],[-95.6887,30.4145],[-95.7097,30.4202],[-95.7513,30.4566],[-95.7583,30.4505],[-95.7477,30.4111],[-95.757,30.3979],[-95.7655,30.3933],[-95.7718,30.3948],[-95.7732,30.4163],[-95.7876,30.4434],[-95.7926,30.4736],[-95.801,30.4809],[-95.8441,30.4988],[-95.8722,30.5183],[-95.8654,30.5225],[-95.8432,30.508],[-95.8294,30.5052],[-95.8264,30.5071],[-95.8297,30.52],[-95.8267,30.5249],[-95.807,30.524],[-95.7972,30.5268],[-95.8088,30.5464],[-95.8105,30.5594],[-95.8002,30.5782],[-95.798,30.5904],[-95.8035,30.6119],[-95.7905,30.6222],[-95.7919,30.6319],[-95.8065,30.6331],[-95.8152,30.6266],[-95.8123,30.6106],[-95.8136,30.5849],[-95.8211,30.5763],[-95.8441,30.5655],[-95.8806,30.5543],[-95.9265,30.5258],[-95.942,30.526],[-95.9558,30.534],[-95.9673,30.5302],[-95.9836,30.5188],[-96.0003,30.4949],[-96.0213,30.4759],[-96.0558,30.4531],[-96.0601,30.4474],[-96.0765,30.4416],[-96.103,30.4448],[-96.1074,30.4647],[-96.12,30.4566],[-96.124,30.4743],[-96.1195,30.4851],[-96.1073,30.4992],[-96.0947,30.5056],[-96.0747,30.51],[-96.0689,30.5192],[-96.0856,30.5184],[-96.1126,30.5102],[-96.1198,30.5132],[-96.1169,30.5217],[-96.0893,30.5553],[-96.0717,30.5686],[-96.0595,30.5885],[-96.0249,30.6197],[-96.0045,30.6278],[-95.9943,30.6459],[-95.9453,30.6919],[-95.9084,30.7129],[-95.8357,30.7435],[-95.8191,30.756],[-95.798,30.7897],[-95.7855,30.8214],[-95.7464,30.8402],[-95.7037,30.8756],[-95.6812,30.8999],[-95.6729,30.9008],[-95.6589,30.8938],[-95.6472,30.8949],[-95.6237,30.9033],[-95.603,30.9152],[-95.5915,30.9037],[-95.5685,30.8934],[-95.5405,30.9146],[-95.5297,30.9178],[-95.5229,30.9155],[-95.5187,30.9079],[-95.5234,30.8759],[-95.5185,30.8785],[-95.511,30.8934],[-95.4882,30.8987],[-95.4735,30.8941],[-95.4588,30.8996],[-95.4352,30.8908],[-95.4275,30.8809],[-95.4287,30.8719],[-95.4214,30.8713],[-95.4229,30.8745],[-95.4107,30.8982],[-95.4062,30.8752],[-95.4019,30.8732],[-95.3936,30.8761],[-95.3948,30.864],[-95.3924,30.8595],[-95.3841,30.8566],[-95.3788,30.8577],[-95.3868,30.8603],[-95.3893,30.8647],[-95.3601,30.8592],[-95.3609,30.8617],[-95.3665,30.8612],[-95.3667,30.864],[-95.3572,30.8668],[-95.3538,30.8717],[-95.362,30.8777],[-95.3532,30.8831],[-95.3468,30.8936],[-95.3351,30.8983],[-95.2981,30.9036],[-95.2717,30.9151],[-95.2744,30.9229],[-95.2841,30.9227],[-95.2951,30.929],[-95.3401,30.9382],[-95.3505,30.9452],[-95.3675,30.9349],[-95.3755,30.935],[-95.4113,30.9825],[-95.4158,30.9822],[-95.4228,30.9731],[-95.431,30.969],[-95.4383,30.9734],[-95.444,30.9823],[-95.4577,30.9714],[-95.4636,30.9872],[-95.4697,30.9864],[-95.4779,30.9767],[-95.4899,30.9886],[-95.4937,30.9888],[-95.4991,30.9869],[-95.5094,30.975],[-95.5217,30.971],[-95.5247,30.9767],[-95.5108,30.9897],[-95.5176,31.0037],[-95.535,31.015],[-95.5663,31.007],[-95.5733,31.015],[-95.5774,31.0353],[-95.5867,31.0413],[-95.5858,31.0513],[-95.5773,31.0603],[-95.5775,31.0668],[-95.5828,31.0686],[-95.6011,31.0617],[-95.6089,31.066],[-95.6066,31.0741],[-95.5976,31.0825],[-95.5807,31.0849],[-95.5787,31.0882],[-95.5807,31.0916],[-95.5855,31.0897],[-95.5908,31.0926],[-95.5734,31.099],[-95.5718,31.1043],[-95.5578,31.1118],[-95.5346,31.1197],[-95.5345,31.1313],[-95.5249,31.1405],[-95.5262,31.1445],[-95.5327,31.1474],[-95.5269,31.1575],[-95.5374,31.1571],[-95.5396,31.1636],[-95.5481,31.1644],[-95.566,31.1487],[-95.5808,31.1432],[-95.5886,31.1341],[-95.597,31.1352],[-95.6101,31.128],[-95.6186,31.1322],[-95.6252,31.1273],[-95.6329,31.1348],[-95.6295,31.1464],[-95.638,31.1513],[-95.6379,31.1626],[-95.6092,31.1795],[-95.5845,31.2055],[-95.5828,31.2156],[-95.5737,31.2228],[-95.5734,31.2307],[-95.5597,31.2366],[-95.5608,31.2439],[-95.5678,31.2474],[-95.5726,31.2586],[-95.5575,31.2715],[-95.547,31.2705],[-95.5324,31.2618],[-95.5158,31.2666],[-95.5117,31.2646],[-95.5146,31.2585],[-95.5113,31.2563],[-95.4917,31.2631],[-95.4874,31.2622],[-95.4877,31.259],[-95.4783,31.2626],[-95.4631,31.2626],[-95.458,31.2645],[-95.4516,31.2773],[-95.4312,31.279],[-95.4277,31.2864],[-95.405,31.2971],[-95.3911,31.316],[-95.3652,31.3257],[-95.3546,31.3389],[-95.3706,31.3451],[-95.3909,31.3402],[-95.3971,31.3513],[-95.4051,31.3531],[-95.4363,31.3234],[-95.4709,31.3099],[-95.4896,31.3069],[-95.497,31.3108],[-95.5143,31.3125],[-95.5272,31.3085],[-95.5538,31.3116],[-95.5704,31.3082],[-95.5872,31.319],[-95.5899,31.3254],[-95.588,31.3313],[-95.5179,31.3447],[-95.5032,31.3439],[-95.5011,31.3451],[-95.5031,31.3501],[-95.5119,31.3518],[-95.5086,31.3583],[-95.5107,31.3617],[-95.516,31.362],[-95.5439,31.35],[-95.5572,31.3499],[-95.5896,31.3427],[-95.6107,31.3493],[-95.606,31.3549],[-95.6098,31.3586],[-95.6346,31.3559],[-95.6429,31.3593],[-95.6399,31.3747],[-95.6304,31.383],[-95.5966,31.3947],[-95.5914,31.4003],[-95.5817,31.4005],[-95.5821,31.4033],[-95.5503,31.4173],[-95.5148,31.4231],[-95.4812,31.4333],[-95.4762,31.4374],[-95.4773,31.4416],[-95.5046,31.4388],[-95.5194,31.4299],[-95.5588,31.4279],[-95.6007,31.4157],[-95.639,31.3985],[-95.6489,31.3971],[-95.6529,31.4208],[-95.6423,31.428],[-95.6407,31.4325],[-95.6443,31.4338],[-95.6529,31.4299],[-95.6575,31.4335],[-95.6522,31.4479],[-95.6521,31.4713],[-95.6412,31.4873],[-95.6227,31.4972],[-95.6203,31.5047],[-95.6318,31.5125],[-95.6427,31.5092],[-95.6448,31.5125],[-95.655,31.5124],[-95.6555,31.5204],[-95.6447,31.5393],[-95.6495,31.5467],[-95.6602,31.5501],[-95.6755,31.5477],[-95.7015,31.5606],[-95.7063,31.5789],[-95.7016,31.5987],[-95.7076,31.6063],[-95.7078,31.6177],[-95.7271,31.6533],[-95.7327,31.6567],[-95.7022,31.6861],[-95.6974,31.7034],[-95.7016,31.7096],[-95.711,31.7113],[-95.7132,31.7196],[-95.7356,31.7161],[-95.7438,31.7292],[-95.7426,31.7381],[-95.7481,31.7388],[-95.7373,31.7595],[-95.7402,31.7829],[-95.7116,31.808],[-95.7121,31.8182],[-95.7164,31.8215],[-95.7231,31.8201],[-95.7411,31.804],[-95.7489,31.793],[-95.7616,31.786],[-95.7677,31.7984],[-95.7781,31.8016],[-95.7945,31.815],[-95.7967,31.8278],[-95.8073,31.8371],[-95.8082,31.8412],[-95.8004,31.8564],[-95.8028,31.8666],[-95.823,31.8713],[-95.8394,31.8585],[-95.8444,31.8615],[-95.8467,31.8666],[-95.7877,31.9052],[-95.7816,31.9134],[-95.7862,31.9185],[-95.7938,31.9165],[-95.8049,31.9026],[-95.8241,31.8883],[-95.8405,31.8855],[-95.8642,31.8658],[-95.8688,31.8672],[-95.8717,31.8738],[-95.8667,31.8828],[-95.8639,31.9061],[-95.8654,31.913],[-95.874,31.9235],[-95.8695,31.9384],[-95.8714,31.9554],[-95.8688,31.9625],[-95.8569,31.9732],[-95.8655,31.9815],[-95.8623,31.991],[-95.8647,31.993],[-95.8717,31.9903],[-95.875,31.9819],[-95.8839,31.9853],[-95.9212,31.9847],[-95.9279,31.9963],[-95.9229,32.0003],[-95.9425,32.0139],[-95.9369,32.0286],[-95.9422,32.0308],[-95.9412,32.038],[-95.9319,32.0474],[-95.9309,32.0545],[-95.9252,32.0576],[-95.9258,32.0607],[-95.9331,32.0643],[-95.929,32.0687],[-95.94,32.0718],[-95.9422,32.0789],[-95.9252,32.1012],[-95.9248,32.1154],[-95.917,32.1159],[-95.9144,32.1209],[-95.9071,32.1231],[-95.9145,32.1311],[-95.912,32.1395],[-95.9177,32.1422],[-95.9188,32.1471],[-95.9147,32.1533],[-95.9174,32.16],[-95.9024,32.1747],[-95.9045,32.1805],[-95.8909,32.1779],[-95.8873,32.1802],[-95.8921,32.1864],[-95.8842,32.1891],[-95.8822,32.1958],[-95.8901,32.1962],[-95.8928,32.2028],[-95.9022,32.2072],[-95.9205,32.2053],[-95.9226,32.2097],[-95.9122,32.2151],[-95.9029,32.2268],[-95.8914,32.2242],[-95.8845,32.2189],[-95.8826,32.23],[-95.8773,32.2309],[-95.8652,32.2239],[-95.8627,32.2275],[-95.867,32.2395],[-95.8753,32.2354],[-95.8936,32.2348],[-95.8993,32.2388],[-95.9016,32.2512],[-95.9053,32.2548],[-95.9221,32.2577],[-95.9226,32.2626],[-95.9165,32.2711],[-95.9218,32.2827],[-95.914,32.2849],[-95.9071,32.281],[-95.903,32.2877],[-95.8946,32.286],[-95.8916,32.2953],[-95.9016,32.3001],[-95.9016,32.3028],[-95.8906,32.3042],[-95.8797,32.3127],[-95.8892,32.3171],[-95.8997,32.3171],[-95.9034,32.3259],[-95.9116,32.3116],[-95.9196,32.324],[-95.9258,32.3102],[-95.9331,32.3141],[-95.9373,32.3114],[-95.9405,32.3136],[-95.9395,32.3185],[-95.9296,32.3262],[-95.9322,32.3284],[-95.9401,32.3257],[-95.9422,32.3283],[-95.9355,32.3364],[-95.9418,32.3461],[-95.9179,32.3583],[-95.9076,32.3757],[-95.8988,32.3829],[-95.8815,32.3803],[-95.8688,32.3746],[-95.8558,32.3769],[-95.852,32.3716],[-95.8561,32.3627],[-95.8342,32.3646],[-95.82,32.3589],[-95.808,32.3641],[-95.7807,32.3596],[-95.7671,32.361],[-95.7587,32.3646],[-95.7482,32.3791],[-95.7206,32.3795],[-95.7202,32.3849],[-95.7333,32.3937],[-95.7198,32.4],[-95.7288,32.412],[-95.7263,32.4284],[-95.7175,32.4418],[-95.7055,32.4481],[-95.6908,32.4491],[-95.6804,32.4549],[-95.6762,32.4545],[-95.6751,32.45],[-95.6819,32.4451],[-95.6776,32.4411],[-95.677,32.4331],[-95.6697,32.4332],[-95.666,32.4256],[-95.6607,32.4243],[-95.6525,32.4386],[-95.6467,32.4413],[-95.6461,32.432],[-95.6387,32.4293],[-95.6335,32.4222],[-95.6387,32.4173],[-95.657,32.4128],[-95.6622,32.4074],[-95.6748,32.4105],[-95.6793,32.39],[-95.6782,32.3771],[-95.6692,32.3705],[-95.6645,32.3705],[-95.6223,32.3969],[-95.5987,32.3935],[-95.5799,32.4038],[-95.5789,32.4154],[-95.5669,32.4208],[-95.568,32.4279],[-95.5811,32.434],[-95.5849,32.4496],[-95.5933,32.4496],[-95.6011,32.4433],[-95.608,32.4535],[-95.6284,32.4507],[-95.6039,32.4624],[-95.6013,32.4651],[-95.6071,32.4695],[-95.5987,32.4744],[-95.5861,32.474],[-95.5782,32.4679],[-95.5704,32.4692],[-95.5651,32.4639],[-95.5529,32.4661],[-95.5446,32.4637],[-95.5383,32.456],[-95.5367,32.452],[-95.5393,32.4507],[-95.5324,32.4369],[-95.5292,32.436],[-95.5241,32.4481],[-95.5199,32.4454],[-95.5189,32.453],[-95.509,32.4699],[-95.5111,32.4788],[-95.5285,32.4827],[-95.5354,32.5014],[-95.5419,32.5021],[-95.5562,32.4963],[-95.5647,32.498],[-95.568,32.5053],[-95.5649,32.5115],[-95.5748,32.5141],[-95.5775,32.5186],[-95.5761,32.5381],[-95.582,32.5559],[-95.5757,32.5679],[-95.5686,32.5977],[-95.5776,32.6048],[-95.5818,32.6173],[-95.5845,32.6168],[-95.5927,32.5976],[-95.6022,32.6011],[-95.6076,32.6202],[-95.6249,32.6135],[-95.6031,32.6527],[-95.5853,32.6653],[-95.5565,32.6752],[-95.5545,32.685],[-95.5476,32.6828],[-95.5229,32.6882],[-95.5176,32.682],[-95.5124,32.6816],[-95.5077,32.6958],[-95.502,32.6994],[-95.4866,32.6715],[-95.4797,32.6661],[-95.4613,32.6635],[-95.4323,32.6459],[-95.4244,32.6454],[-95.4197,32.6508],[-95.4229,32.6592],[-95.4097,32.6566],[-95.3923,32.6469],[-95.3834,32.646],[-95.3772,32.6563],[-95.3814,32.6665],[-95.3951,32.682],[-95.3999,32.6944],[-95.4174,32.7059],[-95.4331,32.7081],[-95.4269,32.7148],[-95.4496,32.7396],[-95.4722,32.74],[-95.4591,32.7476],[-95.4645,32.7591],[-95.4749,32.7685],[-95.4761,32.7742],[-95.4709,32.7836],[-95.4699,32.7951],[-95.4558,32.8036],[-95.4463,32.8166],[-95.4432,32.8166],[-95.4312,32.8398],[-95.4223,32.8487],[-95.4292,32.8544],[-95.4229,32.8638],[-95.3767,32.8879],[-95.371,32.9222],[-95.3711,32.9458],[-95.368,32.9507],[-95.3633,32.9529],[-95.34,32.9472],[-95.3363,32.9294],[-95.3326,32.9263],[-95.3252,32.9268],[-95.3194,32.9308],[-95.3079,32.9544],[-95.2974,32.9598],[-95.2763,32.9611],[-95.2626,32.9714],[-95.2716,32.9789],[-95.2737,32.9852],[-95.2559,33.0079],[-95.2395,33.0132],[-95.2068,33.0071],[-95.1999,33.0084],[-95.1831,33.0147],[-95.1767,33.0227],[-95.2047,33.0169],[-95.2137,33.0204],[-95.2158,33.0271],[-95.2084,33.0244],[-95.1884,33.0267],[-95.1794,33.0311],[-95.1651,33.0298],[-95.1688,33.0374],[-95.1409,33.0338],[-95.1361,33.0379],[-95.1308,33.037],[-95.1225,33.0448],[-95.1156,33.0451],[-95.1092,33.0414],[-95.1029,33.0463],[-95.096,33.0463],[-95.0928,33.0495],[-95.0944,33.057],[-95.0875,33.0526],[-95.077,33.0601],[-95.087,33.0695],[-95.0722,33.0624],[-95.068,33.0646],[-95.0691,33.0695],[-95.0839,33.0797],[-95.0839,33.0828],[-95.0765,33.0828],[-95.0617,33.0748],[-95.0554,33.0775],[-95.0596,33.0824],[-95.0374,33.0788],[-95.02,33.0842],[-95.0221,33.0926],[-95.0321,33.1011],[-95.039,33.1024],[-95.0406,33.1073],[-95.0311,33.1069],[-95.03,33.1033],[-95.0178,33.0993],[-95.0147,33.0971],[-95.012,33.0851],[-95.0004,33.0797],[-94.9877,33.0822],[-94.9714,33.078],[-94.9661,33.0842],[-94.9603,33.0793],[-94.9529,33.0784],[-94.9502,33.0802],[-94.9502,33.0926],[-94.9402,33.0868],[-94.9376,33.0815],[-94.9312,33.0802],[-94.9238,33.0917],[-94.9191,33.0953],[-94.918,33.0886],[-94.9106,33.0957],[-94.9138,33.1042],[-94.9106,33.1228],[-94.9121,33.1322],[-94.9074,33.1375],[-94.8905,33.1415],[-94.8836,33.1531],[-94.8746,33.1579],[-94.8714,33.1691],[-94.864,33.157],[-94.8497,33.1628],[-94.828,33.1601],[-94.8359,33.1703],[-94.8365,33.1735],[-94.8322,33.1748],[-94.8059,33.1427],[-94.7679,33.1222],[-94.7736,33.14],[-94.7736,33.1573],[-94.7857,33.1703],[-94.7878,33.1774],[-94.7746,33.1769],[-94.7719,33.1796],[-94.7714,33.1911],[-94.7661,33.1907],[-94.7603,33.1947],[-94.7597,33.1876],[-94.7518,33.1907],[-94.7338,33.1888],[-94.7259,33.1924],[-94.7116,33.1879],[-94.7063,33.1892],[-94.6878,33.1999],[-94.6798,33.2154],[-94.6755,33.2181],[-94.6581,33.2104],[-94.6369,33.2215],[-94.6327,33.2153],[-94.6036,33.2014],[-94.5978,33.2032],[-94.5925,33.2116],[-94.6009,33.2241],[-94.6003,33.2276],[-94.5892,33.2311],[-94.5876,33.2276],[-94.5787,33.2276],[-94.5782,33.2178],[-94.5676,33.2182],[-94.5676,33.2128],[-94.5766,33.2084],[-94.5751,33.204],[-94.5666,33.2017],[-94.5666,33.1973],[-94.5719,33.1915],[-94.572,33.1879],[-94.5677,33.187],[-94.555,33.1923],[-94.537,33.1887],[-94.5497,33.1994],[-94.5443,33.2074],[-94.5544,33.2119],[-94.5549,33.2164],[-94.5475,33.219],[-94.5385,33.2083],[-94.5285,33.206],[-94.5269,33.2087],[-94.5337,33.2158],[-94.5163,33.2167],[-94.5321,33.226],[-94.5321,33.2314],[-94.5198,33.2402],[-94.5172,33.2309],[-94.5009,33.2188],[-94.4962,33.2108],[-94.4861,33.2134],[-94.4882,33.2272],[-94.4765,33.2285],[-94.477,33.2329],[-94.4558,33.24],[-94.4558,33.2355],[-94.4654,33.224],[-94.4453,33.2297],[-94.4432,33.2243],[-94.4353,33.2234],[-94.4337,33.2185],[-94.4168,33.218],[-94.4136,33.2104],[-94.4154,33.1927],[-94.4133,33.1895],[-94.4058,33.1908],[-94.391,33.2117],[-94.3883,33.2085],[-94.3926,33.1948],[-94.3873,33.1912],[-94.3831,33.1916],[-94.3804,33.2018],[-94.3762,33.2009],[-94.374,33.2085],[-94.3665,33.2129],[-94.3436,33.2114],[-94.3416,33.2075],[-94.3444,33.1994],[-94.3407,33.1954],[-94.3195,33.2104],[-94.3147,33.2055],[-94.3169,33.1953],[-94.3106,33.197],[-94.3053,33.1921],[-94.2983,33.2032],[-94.3035,33.2188],[-94.3003,33.2201],[-94.2856,33.2142],[-94.2829,33.2164],[-94.286,33.224],[-94.2823,33.2258],[-94.2628,33.2172],[-94.2642,33.2354],[-94.2685,33.231],[-94.2802,33.2275],[-94.2897,33.2302],[-94.2955,33.2254],[-94.3072,33.225],[-94.3141,33.2166],[-94.3135,33.2237],[-94.3177,33.2308],[-94.305,33.2294],[-94.2901,33.2422],[-94.2969,33.2525],[-94.325,33.2478],[-94.3329,33.2496],[-94.3339,33.2545],[-94.3483,33.2479],[-94.3509,33.2559],[-94.3693,33.2606],[-94.3925,33.2801],[-94.4003,33.2975],[-94.4135,33.3114],[-94.4139,33.3278],[-94.4066,33.3403],[-94.4116,33.3449],[-94.431,33.3465],[-94.4389,33.3416],[-94.443,33.332],[-94.4525,33.3329],[-94.4431,33.3186],[-94.4463,33.3164],[-94.4537,33.324],[-94.4532,33.3142],[-94.4474,33.3089],[-94.449,33.3066],[-94.4918,33.3264],[-94.4981,33.3322],[-94.5013,33.3295],[-94.5003,33.326],[-94.5082,33.3251],[-94.5066,33.3216],[-94.4908,33.3135],[-94.477,33.3121],[-94.4713,33.3041],[-94.4485,33.2986],[-94.4459,33.2928],[-94.466,33.2978],[-94.4888,33.2966],[-94.5025,33.3029],[-94.5227,33.2989],[-94.5486,33.3015],[-94.5571,33.2942],[-94.5693,33.296],[-94.5699,33.2907],[-94.5815,33.2845],[-94.5917,33.2716],[-94.6139,33.2752],[-94.6272,33.2646],[-94.6383,33.2682],[-94.6567,33.2878],[-94.6931,33.3177],[-94.6883,33.3297],[-94.6894,33.3355],[-94.7048,33.3257],[-94.7265,33.3187],[-94.7281,33.3262],[-94.7344,33.3294],[-94.737,33.3409],[-94.7508,33.3605],[-94.764,33.3623],[-94.7569,33.3882],[-94.7698,33.389],[-94.7782,33.3988],[-94.7819,33.4255],[-94.7961,33.4544],[-94.7945,33.4704],[-94.7976,33.482],[-94.8056,33.4914],[-94.8141,33.4945],[-94.8225,33.5109],[-94.8596,33.5323],[-94.8697,33.543],[-94.858,33.5532],[-94.8006,33.5745],[-94.7741,33.5673],[-94.7571,33.5584],[-94.7438,33.5571],[-94.7326,33.5784],[-94.7081,33.5912],[-94.6937,33.593],[-94.7352,33.601],[-94.741,33.6033],[-94.7437,33.6082],[-94.7665,33.6122],[-94.7893,33.643],[-94.802,33.6541],[-94.8397,33.679],[-94.8722,33.6906],[-94.8791,33.6893],[-94.8828,33.6991],[-94.8886,33.7],[-94.927,33.6805],[-94.9812,33.6787],[-95.0082,33.6884],[-95.0121,33.7054],[-95.0179,33.7094],[-95.0499,33.7134],[-95.1052,33.7316],[-95.1119,33.7401],[-95.1122,33.7534],[-95.1042,33.764],[-95.0994,33.7854],[-95.0877,33.7916],[-95.1027,33.8049],[-95.1416,33.8307],[-95.1528,33.8471],[-95.1752,33.8644],[-95.1916,33.8704],[-95.1945,33.876],[-95.1951,33.9289],[-95.2042,33.9329],[-95.2085,33.9386],[-95.2143,33.9329],[-95.2239,33.9079],[-95.2318,33.8977],[-95.2691,33.8789],[-95.2787,33.8687],[-95.3159,33.857],[-95.3377,33.8419],[-95.3776,33.8231],[-95.3925,33.8217],[-95.4053,33.8243],[-95.4172,33.8523],[-95.4268,33.8625],[-95.4668,33.8637],[-95.5255,33.8759],[-95.5351,33.8723],[-95.5429,33.8527],[-95.5552,33.8549],[-95.5553,33.8682],[-95.5607,33.8735],[-95.5703,33.8748],[-95.5958,33.8707],[-95.6028,33.8742],[-95.6087,33.8897],[-95.6205,33.8937],[-95.6572,33.8801],[-95.6635,33.8739],[-95.6661,33.8619],[-95.672,33.8627],[-95.6822,33.8716],[-95.7397,33.8717],[-95.7466,33.8672],[-95.7486,33.8467],[-95.758,33.8351],[-95.7724,33.8288],[-95.8165,33.8196],[-95.8511,33.8225],[-95.8607,33.8158],[-95.8611,33.8086],[-95.8728,33.8068],[-95.8793,33.8143],[-95.8788,33.8196],[-95.8661,33.8268],[-95.8651,33.8308],[-95.9201,33.8447],[-95.934,33.8499],[-95.9442,33.8583],[-95.9355,33.8743],[-95.9361,33.8868],[-95.9055,33.875],[-95.8733,33.8548],[-95.8621,33.8522],[-95.8479,33.838],[-95.8401,33.8355],[-95.8228,33.8388],[-95.8191,33.8434],[-95.8212,33.8526],[-95.819,33.8565],[-95.8052,33.8613],[-95.7899,33.8577],[-95.7721,33.8438],[-95.7593,33.8493],[-95.7537,33.8554],[-95.7626,33.8744],[-95.7619,33.8834],[-95.7564,33.8926],[-95.7375,33.896],[-95.7163,33.8852],[-95.697,33.8852],[-95.6848,33.8902],[-95.6681,33.907],[-95.6598,33.9091],[-95.638,33.9063],[-95.6072,33.9245],[-95.5944,33.9422],[-95.6047,33.9459],[-95.6212,33.9404],[-95.6232,33.9435],[-95.6324,33.9414],[-95.645,33.9537],[-95.6338,33.957],[-95.6154,33.9568],[-95.6099,33.9601],[-95.6102,33.964],[-95.6298,33.9692],[-95.6553,33.9637],[-95.6554,33.9717],[-95.6644,33.9793],[-95.6666,33.9874],[-95.6739,33.9885],[-95.6845,33.9852],[-95.6948,33.9882],[-95.7081,33.9849],[-95.7175,33.9884],[-95.7098,33.9948],[-95.7102,33.9979],[-95.722,34.0023],[-95.7406,34.0028],[-95.7448,34.0136],[-95.7559,34.0147],[-95.7601,34.0181],[-95.7631,34.0292],[-95.8126,34.0274],[-95.8259,34.0411],[-95.8384,34.0484],[-95.8433,34.0478],[-95.8541,34.0328],[-95.8817,34.0325],[-95.8852,34.0353],[-95.8804,34.0417],[-95.8805,34.0475],[-95.8875,34.0549],[-95.9006,34.0553],[-95.9104,34.061],[-95.9304,34.0613],[-95.936,34.0647],[-95.9511,34.064],[-95.972,34.0718],[-95.9829,34.066],[-95.9873,34.082],[-95.9975,34.0785],[-96.0076,34.0811],[-96.0186,34.0782],[-96.0248,34.0731],[-96.0283,34.0748],[-96.031,34.0834],[-96.042,34.084],[-96.0496,34.0708],[-96.0558,34.0703],[-96.0633,34.076],[-96.0764,34.0743],[-96.0709,34.0777],[-96.0716,34.08],[-96.0785,34.0829],[-96.0812,34.088],[-96.0909,34.0903],[-96.0929,34.1001],[-96.1094,34.0984],[-96.1211,34.1047],[-96.1287,34.1052],[-96.1349,34.1167],[-96.1404,34.1201],[-96.1562,34.1184],[-96.1665,34.1253],[-96.1652,34.1362],[-96.1603,34.1408],[-96.1645,34.1448],[-96.1631,34.1499],[-96.1404,34.1562],[-96.1383,34.1636],[-96.1466,34.1677],[-96.1906,34.17],[-96.2148,34.1768],[-96.2327,34.1728],[-96.2499,34.1837],[-96.2726,34.1808],[-96.3071,34.1905],[-96.3188,34.1894],[-96.336,34.1814],[-96.3409,34.1842],[-96.3492,34.2083],[-96.3588,34.2174],[-96.3671,34.2191],[-96.3871,34.199],[-96.3884,34.1876],[-96.3974,34.1807],[-96.4083,34.1618],[-96.4304,34.1806],[-96.4353,34.2013],[-96.445,34.1989],[-96.4519,34.2115],[-96.465,34.2172],[-96.4636,34.2092],[-96.485,34.2252],[-96.4898,34.2229],[-96.5002,34.228],[-96.5016,34.232],[-96.5126,34.2326],[-96.523,34.2446],[-96.5292,34.2446],[-96.5362,34.2531],[-96.5541,34.2634],[-96.5601,34.2798],[-96.5488,34.3055],[-96.5341,34.326],[-96.5224,34.3276],[-96.5176,34.3179],[-96.5019,34.3012],[-96.504,34.2943],[-96.493,34.2925],[-96.4756,34.2825],[-96.4397,34.2808],[-96.4155,34.2591],[-96.3955,34.262],[-96.381,34.2546],[-96.3748,34.2454],[-96.361,34.2397],[-96.3479,34.2437],[-96.343,34.2529],[-96.3451,34.2638],[-96.3679,34.2884],[-96.3548,34.2901],[-96.3659,34.313],[-96.3618,34.3187],[-96.3425,34.3205],[-96.3045,34.3114],[-96.2921,34.311],[-96.2809,34.3182],[-96.2492,34.3146],[-96.2443,34.3237],[-96.2318,34.3305],[-96.2239,34.3567],[-96.2046,34.3537],[-96.1844,34.3655],[-96.1693,34.3619],[-96.1512,34.3669],[-96.1422,34.3726],[-96.1303,34.3867],[-96.0945,34.3738],[-96.0734,34.3576],[-96.0559,34.37],[-96.0483,34.3699],[-96.0381,34.3635],[-96.0284,34.3634],[-96.02,34.3742],[-96.0196,34.3547],[-96.0115,34.3415],[-95.9681,34.329],[-95.9652,34.3253],[-95.9692,34.32],[-95.9691,34.3131],[-95.955,34.2943],[-95.9411,34.2893],[-95.9212,34.2993],[-95.9176,34.2895],[-95.8925,34.2737],[-95.8828,34.2744],[-95.8615,34.2907],[-95.8511,34.2902],[-95.8393,34.2851],[-95.8331,34.2863],[-95.8257,34.3025],[-95.8126,34.3084],[-95.8021,34.2987],[-95.7972,34.2982],[-95.7915,34.3041],[-95.782,34.2983],[-95.7741,34.2771],[-95.7637,34.2703],[-95.7353,34.2711],[-95.7233,34.276],[-95.7069,34.265],[-95.693,34.264],[-95.6825,34.2549],[-95.6646,34.2614],[-95.6404,34.2604],[-95.6202,34.2479],[-95.6001,34.2458],[-95.5876,34.2361],[-95.5779,34.2344],[-95.5636,34.2393],[-95.5584,34.2306],[-95.5509,34.2404],[-95.5357,34.2411],[-95.5254,34.2469],[-95.5086,34.2286],[-95.5127,34.2223],[-95.5251,34.2164],[-95.5265,34.2118],[-95.5237,34.2095],[-95.5008,34.2097],[-95.4918,34.204],[-95.4898,34.2069],[-95.4752,34.207],[-95.4449,34.2187],[-95.4359,34.2141],[-95.4212,34.1958],[-95.4101,34.1896],[-95.4004,34.1896],[-95.3894,34.1949],[-95.3803,34.188],[-95.3555,34.1893],[-95.3143,34.1963],[-95.2905,34.2051],[-95.2684,34.2024],[-95.2622,34.2047],[-95.2581,34.2139],[-95.2512,34.2157],[-95.2442,34.2059],[-95.2262,34.2037],[-95.2227,34.1871],[-95.2122,34.1762],[-95.1928,34.1705],[-95.1976,34.1613],[-95.1686,34.1626],[-95.1631,34.1603],[-95.1506,34.146],[-95.127,34.1357],[-95.1152,34.1248],[-95.1028,34.1208],[-95.0807,34.1051],[-95.0641,34.0981],[-95.0434,34.0998],[-95.0351,34.0951],[-95.0269,34.0836],[-95.011,34.0847],[-94.984,34.0978],[-94.9771,34.096],[-94.973,34.0885],[-94.9427,34.0786],[-94.8997,34.0934],[-94.8942,34.0882],[-94.8902,34.0749],[-94.8715,34.0789],[-94.8488,34.0701],[-94.8349,34.0769],[-94.8197,34.0774],[-94.8101,34.0705],[-94.7866,34.0784],[-94.7563,34.0656],[-94.7376,34.07],[-94.7128,34.0647],[-94.701,34.0681],[-94.6934,34.0646],[-94.6768,34.0656],[-94.6576,34.0609],[-94.5815,34.0661],[-94.5708,34.0718],[-94.5268,34.0777],[-94.4999,34.0775],[-94.4813,34.0699],[-94.4746,34.0752],[-94.4571,34.0794],[-94.4499,34.0861],[-94.4468,34.081],[-94.4234,34.0894],[-94.3991,34.0872],[-94.3557,34.1041],[-94.3258,34.1034],[-94.3156,34.1102],[-94.2865,34.1145],[-94.2749,34.1104],[-94.262,34.1134],[-94.2532,34.1119],[-94.2124,34.0852],[-94.1972,34.0907],[-94.2054,34.0782],[-94.2033,34.0745],[-94.1974,34.0732],[-94.1906,34.0829],[-94.1857,34.0821],[-94.1941,34.0595],[-94.1925,34.0577],[-94.188,34.0601],[-94.1802,34.0786],[-94.1618,34.0903],[-94.1494,34.1116],[-94.1039,34.1314],[-94.102,34.1327],[-94.1046,34.1399],[-94.0998,34.1438],[-94.0902,34.1424],[-94.0833,34.1375],[-94.0663,34.1365],[-94.0563,34.1299],[-94.0462,34.1281],[-94.0214,34.1354],[-94.0099,34.1353],[-93.9913,34.1478],[-93.9474,34.1488],[-93.9025,34.1564],[-93.8904,34.1548],[-93.8655,34.137],[-93.8511,34.1419],[-93.8423,34.1409],[-93.8234,34.1235],[-93.7943,34.1239],[-93.7831,34.1168],[-93.7676,34.1214],[-93.7683,34.1147],[-93.7632,34.1093],[-93.7616,34.0998],[-93.748,34.0969],[-93.7441,34.0924],[-93.7396,34.0713],[-93.7095,34.0845],[-93.7029,34.0717],[-93.6967,34.0678],[-93.6924,34.0485],[-93.6893,34.0458],[-93.6848,34.052],[-93.6862,34.0963],[-93.6697,34.1083],[-93.673,34.1185],[-93.6617,34.1264],[-93.6591,34.1386],[-93.6538,34.1435],[-93.6516,34.1409],[-93.6524,34.1234],[-93.6188,34.126],[-93.615,34.1225],[-93.6136,34.1105],[-93.6093,34.1049],[-93.5884,34.1007],[-93.5824,34.104],[-93.5913,34.1244],[-93.5912,34.1284],[-93.5873,34.1305],[-93.5603,34.1059],[-93.5019,34.0942],[-93.4781,34.0764],[-93.4633,34.056],[-93.4541,34.0518],[-93.446,34.0523],[-93.435,34.0446],[-93.4313,34.0457],[-93.4258,34.056],[-93.4032,34.0683],[-93.3954,34.0788],[-93.3928,34.0939],[-93.3967,34.1097],[-93.4008,34.0834],[-93.4054,34.0794],[-93.4073,34.093],[-93.4018,34.1069],[-93.4058,34.1205],[-93.4094,34.115],[-93.4088,34.1009],[-93.4158,34.0907],[-93.4139,34.078],[-93.4161,34.0736],[-93.4223,34.0726],[-93.431,34.0781],[-93.4241,34.1082],[-93.4342,34.0997],[-93.4374,34.1035],[-93.4319,34.1231],[-93.402,34.1415],[-93.3914,34.1374],[-93.3835,34.1274],[-93.3813,34.0973],[-93.3674,34.0843],[-93.3561,34.0836],[-93.3464,34.0902],[-93.3453,34.0951],[-93.3554,34.1207],[-93.3486,34.1312],[-93.3139,34.1114],[-93.3053,34.1136],[-93.2953,34.123],[-93.2904,34.1229],[-93.2845,34.1168],[-93.2827,34.0951],[-93.2784,34.0854],[-93.271,34.0892],[-93.2529,34.0897],[-93.25,34.096],[-93.2426,34.0967],[-93.1937,34.1312],[-93.1793,34.1482],[-93.1359,34.1607],[-93.1223,34.1676],[-93.1181,34.1745],[-93.1288,34.175],[-93.139,34.1818],[-93.1364,34.1842],[-93.1102,34.1843],[-93.1074,34.1905],[-93.1048,34.1849],[-93.1027,34.1898],[-93.1014,34.1876],[-93.0975,34.1899],[-93.1015,34.1977],[-93.0918,34.2045],[-93.0698,34.2006],[-93.0304,34.2008],[-93.0085,34.2139],[-92.9701,34.2291],[-92.9505,34.255],[-92.9438,34.2701],[-92.9293,34.2809],[-92.9205,34.3037],[-92.9061,34.3189],[-92.9044,34.3331],[-92.8999,34.3419],[-92.8894,34.346],[-92.8447,34.3808],[-92.8414,34.3864],[-92.8432,34.3924],[-92.827,34.4023],[-92.8162,34.4219],[-92.8007,34.4326],[-92.795,34.4439],[-92.7696,34.45],[-92.7409,34.4722],[-92.7292,34.5044],[-92.7254,34.5042],[-92.7199,34.4923],[-92.7154,34.4932],[-92.7131,34.4984],[-92.718,34.509],[-92.7157,34.5137],[-92.7091,34.5116],[-92.7071,34.516],[-92.7001,34.5156],[-92.6929,34.5255],[-92.6785,34.5332],[-92.6551,34.5317],[-92.6495,34.5386],[-92.6259,34.5423],[-92.6246,34.5503],[-92.6173,34.5592],[-92.6075,34.5637],[-92.5756,34.5905],[-92.5619,34.606],[-92.5514,34.612],[-92.5244,34.6124],[-92.512,34.5973],[-92.5071,34.596],[-92.4948,34.6089],[-92.4977,34.6147],[-92.4956,34.6188],[-92.4858,34.6177],[-92.4856,34.6234],[-92.4813,34.6253],[-92.4754,34.6224],[-92.4773,34.6274],[-92.4748,34.6295],[-92.4664,34.6257],[-92.4618,34.6368],[-92.4519,34.6444],[-92.4447,34.6464],[-92.4439,34.6408],[-92.4406,34.6402],[-92.4369,34.6548],[-92.4301,34.6636],[-92.4019,34.6844],[-92.369,34.692],[-92.3481,34.7063],[-92.3472,34.7162],[-92.3351,34.7153],[-92.3236,34.7236],[-92.3124,34.7175],[-92.3036,34.7173],[-92.3011,34.7133],[-92.2878,34.7081],[-92.2789,34.7109],[-92.2801,34.7235],[-92.2886,34.728],[-92.2804,34.7378],[-92.2818,34.7454],[-92.2789,34.7504],[-92.295,34.7575],[-92.2998,34.7627],[-92.3119,34.7813],[-92.311,34.7881],[-92.3143,34.796],[-92.3197,34.7997],[-92.3196,34.8072],[-92.3247,34.81],[-92.3409,34.8088],[-92.355,34.8175],[-92.3566,34.8234],[-92.3522,34.8283],[-92.3266,34.8291],[-92.3277,34.8393],[-92.3192,34.8479],[-92.3192,34.8524],[-92.3251,34.8535],[-92.339,34.8399],[-92.3504,34.8356],[-92.3523,34.8397],[-92.3493,34.8443],[-92.3321,34.8555],[-92.3359,34.861],[-92.3441,34.8632],[-92.3116,34.8886],[-92.2634,34.895],[-92.2613,34.9024],[-92.256,34.9063],[-92.195,34.8972],[-92.1713,34.9015],[-92.1428,34.8969],[-92.1229,34.9007],[-92.1021,34.8924],[-92.0923,34.8935],[-92.0897,34.8978],[-92.0996,34.912],[-92.0969,34.9171],[-92.0891,34.92],[-92.0915,34.9286],[-92.0886,34.9334],[-92.0802,34.9347],[-92.0736,34.9438],[-92.0611,34.9342],[-92.0534,34.9369],[-92.0518,34.9236],[-92.0443,34.9362],[-92.0485,34.9513],[-92.0664,34.9658],[-92.0635,34.9762],[-92.0477,34.9722],[-92.0403,34.9735],[-92.0413,34.9558],[-92.0388,34.9526],[-92.034,34.9534],[-92.0304,34.9576],[-92.0316,34.9711],[-92.025,34.9778],[-92.0051,34.9804],[-91.994,34.9883],[-91.9766,34.991],[-91.9608,35.0186],[-91.9425,35.0389],[-91.9418,35.041],[-91.9489,35.0429],[-91.9596,35.0426],[-91.9645,35.0333],[-91.9739,35.0252],[-91.9671,35.0432],[-91.9894,35.0582],[-92.0051,35.0599],[-92.0195,35.0696],[-92.0535,35.064],[-92.0734,35.071],[-92.0888,35.0647],[-92.0934,35.0725],[-92.0911,35.0782],[-92.0436,35.0774],[-92.0235,35.0876],[-92.0033,35.0742],[-91.9871,35.0697],[-91.9778,35.0718],[-91.9617,35.062],[-91.9451,35.0703],[-91.9147,35.07],[-91.8995,35.0763],[-91.8544,35.1234],[-91.8619,35.1388],[-91.8617,35.1483],[-91.8437,35.1547],[-91.8398,35.1642],[-91.8312,35.1669],[-91.8225,35.1787],[-91.8118,35.1837],[-91.7941,35.1798],[-91.7857,35.1873],[-91.7662,35.187],[-91.7399,35.2108],[-91.7098,35.2198],[-91.7113,35.2341],[-91.707,35.2482],[-91.6742,35.2531],[-91.6594,35.25],[-91.6505,35.2528],[-91.6457,35.2569],[-91.6468,35.2594],[-91.6692,35.2573],[-91.6571,35.2626],[-91.6443,35.2776],[-91.6321,35.2834],[-91.6245,35.2914],[-91.6071,35.291],[-91.593,35.2991],[-91.5849,35.3002],[-91.5775,35.3069],[-91.5673,35.3069],[-91.5646,35.311],[-91.5666,35.3196],[-91.5637,35.3329],[-91.5449,35.3433],[-91.4789,35.3943],[-91.4458,35.4434],[-91.413,35.4722],[-91.4047,35.4857],[-91.4004,35.4994],[-91.4124,35.5194],[-91.4114,35.5352],[-91.4052,35.5653],[-91.3965,35.5753],[-91.3884,35.5973],[-91.3909,35.6109],[-91.4219,35.6474],[-91.4258,35.6622],[-91.4207,35.6789],[-91.4132,35.6911],[-91.3954,35.7039],[-91.4181,35.7222],[-91.4119,35.7257],[-91.3972,35.721],[-91.3855,35.7292],[-91.3764,35.7257],[-91.3739,35.7285],[-91.376,35.7366],[-91.3566,35.7421],[-91.3562,35.7481],[-91.3723,35.741],[-91.3823,35.7473],[-91.3895,35.736],[-91.3927,35.7394],[-91.3916,35.7472],[-91.3779,35.7622],[-91.3691,35.7776],[-91.3657,35.7912],[-91.3612,35.7906],[-91.3566,35.785],[-91.3306,35.7953],[-91.3175,35.8072],[-91.2968,35.8366],[-91.2911,35.8554],[-91.2849,35.8649],[-91.2868,35.8783],[-91.281,35.8888],[-91.2817,35.8974],[-91.2765,35.9153],[-91.2681,35.92],[-91.2496,35.9214],[-91.242,35.9277],[-91.241,35.9357],[-91.2487,35.9621],[-91.2478,35.9715],[-91.2328,35.989],[-91.2256,36.0026],[-91.2,36.0246],[-91.1832,36.0309],[-91.172,36.0429],[-91.1508,36.0572],[-91.133,36.0635],[-91.1273,36.0767],[-91.1166,36.0877],[-91.1105,36.0877],[-91.0944,36.0764],[-91.0785,36.0844],[-91.079,36.0895],[-91.0865,36.0938],[-91.0753,36.1047],[-91.0724,36.1114],[-91.0741,36.1172],[-91.0672,36.1242],[-91.0681,36.1428],[-91.0505,36.1582],[-91.0217,36.2028],[-91.0218,36.2126],[-90.9881,36.24],[-90.9852,36.2453],[-90.9898,36.2507],[-90.973,36.2536],[-90.9544,36.2737],[-90.9424,36.2817],[-90.9252,36.3069],[-90.9155,36.3147],[-90.9152,36.3188],[-90.9093,36.3195],[-90.8977,36.3395],[-90.8823,36.3437],[-90.8655,36.3661],[-90.857,36.368],[-90.8484,36.3781],[-90.8482,36.3824],[-90.8523,36.3855],[-90.8509,36.3893],[-90.8426,36.3853],[-90.8388,36.3866],[-90.8208,36.4062],[-90.7932,36.4252],[-90.7843,36.4429],[-90.7857,36.456],[-90.7808,36.4676],[-90.781,36.4753],[-90.7699,36.4858],[-90.7398,36.4995],[-90.7171,36.5202],[-90.7042,36.5376],[-90.5687,36.6248],[-90.5553,36.6282],[-90.5338,36.6414],[-90.5017,36.651],[-90.4732,36.6689],[-90.4726,36.6736],[-90.4802,36.6749],[-90.4771,36.6876],[-90.4855,36.6931],[-90.4839,36.696],[-90.4681,36.6914],[-90.4714,36.6802],[-90.4644,36.6807],[-90.4463,36.7114],[-90.4094,36.7386],[-90.4069,36.7507],[-90.383,36.7701],[-90.3791,36.7824],[-90.3801,36.7898],[-90.3814,36.7969],[-90.3901,36.8039],[-90.3889,36.8058],[-90.3798,36.8077],[-90.3708,36.8047],[-90.365,36.7988],[-90.3643,36.7906],[-90.348,36.7879],[-90.3281,36.8077],[-90.2998,36.8208],[-90.2854,36.8373],[-90.2788,36.8526],[-90.2608,36.8676],[-90.2522,36.8834],[-90.2529,36.8938],[-90.2596,36.9066],[-90.2585,36.9275],[-90.2778,36.9237],[-90.2791,36.9312],[-90.2715,36.9357],[-90.2688,36.9451],[-90.2593,36.9496],[-90.248,36.9502],[-90.2174,36.9786],[-90.2179,36.9809],[-90.2253,36.9811],[-90.2275,36.9863],[-90.232,36.986],[-90.2333,36.9887],[-90.2249,36.9909],[-90.2207,36.9845],[-90.2142,36.9891],[-90.2114,36.9851],[-90.1933,37.0102],[-90.2008,37.0203],[-90.2066,37.0208],[-90.204,37.0251],[-90.2052,37.0337],[-90.2212,37.0392],[-90.189,37.046],[-90.1872,37.0416],[-90.1915,37.0326],[-90.1834,37.025],[-90.1727,37.0365],[-90.1784,37.0402],[-90.1723,37.0471],[-90.1705,37.0412],[-90.1666,37.0403],[-90.1523,37.0495],[-90.1441,37.0504],[-90.1486,37.0658],[-90.1547,37.0708],[-90.1384,37.0722],[-90.1379,37.0639],[-90.1297,37.0675],[-90.1298,37.0741],[-90.1274,37.0755],[-90.1241,37.0751],[-90.1239,37.0693],[-90.1187,37.069],[-90.1178,37.0753],[-90.113,37.0797],[-90.1225,37.0805],[-90.129,37.087],[-90.1273,37.0918],[-90.1206,37.0926],[-90.1174,37.0869],[-90.1064,37.0832],[-90.1018,37.0853],[-90.1022,37.0918],[-90.0979,37.093],[-90.0869,37.0805],[-90.0782,37.0834],[-90.0789,37.0871],[-90.0841,37.0884],[-90.082,37.1004],[-90.073,37.0992],[-90.0714,37.0969],[-90.0747,37.0921],[-90.0697,37.0876],[-90.0537,37.0925],[-90.0408,37.102],[-90.0397,37.1042],[-90.0421,37.1043],[-90.0516,37.1006],[-90.0499,37.1067],[-90.0548,37.1113],[-90.0533,37.1194],[-90.0599,37.1211],[-90.0649,37.1175],[-90.0666,37.1205],[-90.078,37.1217],[-90.0701,37.1261],[-90.079,37.138],[-90.0758,37.1427],[-90.0788,37.1484],[-90.073,37.1512],[-90.0544,37.142],[-90.0511,37.1349],[-90.0522,37.1262],[-90.043,37.129],[-90.042,37.122],[-90.039,37.1221],[-90.0355,37.1272],[-90.0321,37.1268],[-90.0264,37.1201],[-90.0067,37.1337],[-90.012,37.1392],[-90.0065,37.1457],[-90.0079,37.1505],[-89.9921,37.1444],[-89.9871,37.1469],[-89.9851,37.1511],[-89.9941,37.1558],[-89.9965,37.1613],[-90.004,37.1618],[-90.0063,37.1592],[-90.0094,37.1635],[-90.0033,37.1678],[-89.9908,37.1668],[-89.9774,37.1601],[-89.9766,37.165],[-89.9801,37.1691],[-89.9697,37.1747],[-89.9769,37.1791],[-89.978,37.1826],[-89.9738,37.1861],[-89.9695,37.1864],[-89.9626,37.1804],[-89.9644,37.17],[-89.9587,37.1666],[-89.9538,37.166],[-89.9481,37.173],[-89.9379,37.1668],[-89.9016,37.1846],[-89.9095,37.19],[-89.9009,37.1919],[-89.8943,37.1883],[-89.8784,37.1946],[-89.8781,37.2014],[-89.8647,37.2015],[-89.8445,37.2116],[-89.8507,37.2207],[-89.842,37.2282],[-89.8528,37.2323],[-89.8497,37.2486],[-89.8194,37.25],[-89.8165,37.2473],[-89.8154,37.2439],[-89.833,37.2284],[-89.8333,37.2211],[-89.8063,37.229],[-89.8035,37.2315],[-89.8062,37.2464],[-89.7949,37.2588],[-89.7999,37.2648],[-89.7988,37.2716],[-89.7926,37.2787],[-89.786,37.2805],[-89.8035,37.2847],[-89.8094,37.2894],[-89.8046,37.3021],[-89.7966,37.3044],[-89.7896,37.2968],[-89.7887,37.2897],[-89.7798,37.2884],[-89.7715,37.2768],[-89.7729,37.2735],[-89.7764,37.2755],[-89.7901,37.2699],[-89.7771,37.256],[-89.7716,37.2547],[-89.7684,37.2595],[-89.7578,37.2602],[-89.749,37.2692],[-89.7466,37.2685],[-89.7485,37.2625],[-89.7463,37.2612],[-89.7224,37.263],[-89.7176,37.2667],[-89.7132,37.2603],[-89.6973,37.2558],[-89.6659,37.2524],[-89.6243,37.2555],[-89.6196,37.2522],[-89.582,37.256],[-89.5776,37.2588],[-89.5718,37.2658],[-89.5733,37.2734],[-89.5686,37.2747],[-89.5629,37.2713],[-89.5593,37.2772],[-89.5571,37.2859],[-89.5598,37.2936],[-89.5559,37.2996],[-89.5487,37.2957],[-89.537,37.2961],[-89.5336,37.285],[-89.5263,37.2887],[-89.5184,37.3088],[-89.5179,37.3194],[-89.5109,37.3125],[-89.5183,37.2855],[-89.5093,37.2714],[-89.4899,37.2513],[-89.4705,37.2534],[-89.4588,37.2487],[-89.4583,37.2404],[-89.4676,37.2182],[-89.4619,37.1995],[-89.4367,37.1565],[-89.4136,37.1665],[-89.3958,37.1674],[-89.394,37.1711],[-89.3986,37.1792],[-89.3811,37.1821],[-89.3752,37.1909],[-89.3594,37.1859],[-89.3517,37.176],[-89.3412,37.1783],[-89.3305,37.1967],[-89.3253,37.2151],[-89.327,37.2233],[-89.339,37.2339],[-89.339,37.2416],[-89.3159,37.2507],[-89.3114,37.2462],[-89.3155,37.2349],[-89.3061,37.2366],[-89.2806,37.2601],[-89.2768,37.2765],[-89.2733,37.2771],[-89.2707,37.2688],[-89.2839,37.2386],[-89.2938,37.2304],[-89.296,37.2088],[-89.294,37.2005],[-89.2686,37.1928],[-89.2475,37.1944],[-89.2412,37.1922],[-89.236,37.1947],[-89.2108,37.2191],[-89.1962,37.2386],[-89.1752,37.2496],[-89.1777,37.2547],[-89.1745,37.2606],[-89.163,37.266],[-89.1083,37.2707],[-89.1052,37.2605],[-89.115,37.2514],[-89.1171,37.2438],[-89.1041,37.2373],[-89.1051,37.2261],[-89.0999,37.2227],[-89.0898,37.243],[-89.0842,37.2475],[-89.0793,37.2442],[-89.0754,37.2349],[-89.0593,37.2343],[-89.0533,37.2371],[-89.0435,37.253],[-89.0274,37.2597],[-89.0295,37.264],[-89.0418,37.2679],[-89.0422,37.2716],[-89.0387,37.2736],[-89.0295,37.2727],[-89.0211,37.2758],[-89.012,37.266],[-88.9987,37.262],[-88.9949,37.255],[-88.9903,37.2544],[-88.9854,37.2626],[-88.9847,37.2778],[-88.9795,37.2812],[-88.955,37.2533],[-88.9399,37.2494],[-88.9273,37.2553],[-88.9154,37.2674],[-88.9066,37.2691],[-88.9105,37.2815],[-88.9042,37.2872],[-88.8968,37.286],[-88.8859,37.275],[-88.8653,37.2685],[-88.8545,37.2474],[-88.8247,37.2408],[-88.8086,37.2239],[-88.7957,37.2208],[-88.7873,37.2258],[-88.7883,37.2385],[-88.7837,37.2445],[-88.7771,37.2433],[-88.7624,37.2289],[-88.754,37.2309],[-88.7431,37.2495],[-88.7525,37.2543],[-88.7679,37.2555],[-88.7697,37.2589],[-88.7665,37.2617],[-88.7466,37.2574],[-88.7382,37.2597],[-88.7346,37.2746],[-88.7287,37.2788],[-88.7349,37.2865],[-88.7356,37.293],[-88.7321,37.2983],[-88.7139,37.3017],[-88.6981,37.3101],[-88.6858,37.3045],[-88.6784,37.318],[-88.6704,37.3214],[-88.6595,37.3228],[-88.6371,37.3171],[-88.6147,37.3198],[-88.5684,37.3112],[-88.5395,37.2843],[-88.5241,37.2758],[-88.5238,37.2727],[-88.5318,37.2679],[-88.5396,37.2518],[-88.5228,37.2447],[-88.5102,37.2532],[-88.502,37.2547],[-88.4873,37.2441],[-88.4718,37.2202],[-88.4478,37.2035],[-88.4338,37.1641],[-88.4244,37.1524],[-88.4435,37.1085],[-88.4301,37.1012],[-88.4285,37.094],[-88.4218,37.0922],[-88.4345,37.0864],[-88.4424,37.0746],[-88.4409,37.0638],[-88.4459,37.0675],[-88.4487,37.0651],[-88.4499,37.0526],[-88.4422,37.0516],[-88.4518,37.0392],[-88.449,37.0369],[-88.4427,37.0412],[-88.4372,37.0531],[-88.4186,37.0586],[-88.4256,37.0637],[-88.4236,37.0677],[-88.4126,37.0672],[-88.417,37.0811],[-88.4148,37.0837],[-88.4034,37.0657],[-88.3983,37.0681],[-88.3977,37.0784],[-88.3903,37.0664],[-88.3642,37.0693],[-88.3584,37.0744],[-88.3646,37.0812],[-88.3631,37.0869],[-88.3577,37.0814],[-88.3493,37.086],[-88.344,37.0945],[-88.3385,37.0972],[-88.3372,37.1062],[-88.3323,37.1096],[-88.3342,37.0968],[-88.3473,37.0824],[-88.3387,37.0786],[-88.3458,37.0747],[-88.3453,37.0718],[-88.3326,37.0671],[-88.3229,37.0702],[-88.3117,37.0803],[-88.2922,37.0816],[-88.3155,37.0731],[-88.3148,37.0622],[-88.3014,37.0549],[-88.2927,37.0671],[-88.2887,37.0665],[-88.2914,37.0584],[-88.2985,37.0517],[-88.2948,37.0465],[-88.2905,37.0479],[-88.2815,37.0601],[-88.2785,37.0594],[-88.2782,37.0543],[-88.2863,37.0451],[-88.2831,37.0342],[-88.2774,37.0369],[-88.2758,37.0298],[-88.2613,37.0251],[-88.2707,37.0254],[-88.2751,37.0224],[-88.2013,36.9612],[-88.197,36.9503],[-88.1908,36.9486],[-88.1915,36.9429],[-88.182,36.9302],[-88.1773,36.9307],[-88.1746,36.9427],[-88.1717,36.944],[-88.1683,36.9365],[-88.1539,36.9295],[-88.155,36.9268],[-88.1688,36.9316],[-88.1728,36.9298],[-88.1736,36.9251],[-88.165,36.9237],[-88.1699,36.9179],[-88.1671,36.9065],[-88.1583,36.9053],[-88.1352,36.9134],[-88.1418,36.9049],[-88.1608,36.8982],[-88.1595,36.884],[-88.1551,36.8817],[-88.1541,36.8876],[-88.1465,36.8867],[-88.1412,36.8923],[-88.1225,36.8912],[-88.1487,36.8799],[-88.152,36.8657],[-88.1497,36.8604],[-88.145,36.8595],[-88.1218,36.8662],[-88.1284,36.8615],[-88.1245,36.858],[-88.1262,36.8554],[-88.1406,36.8525],[-88.1418,36.8492],[-88.1366,36.8405],[-88.1207,36.8426],[-88.1264,36.8362],[-88.1356,36.8342],[-88.1309,36.8185],[-88.115,36.8255],[-88.1226,36.8141],[-88.1212,36.8007],[-88.1038,36.8045],[-88.1049,36.7989],[-88.1182,36.7916],[-88.1178,36.7878],[-88.1095,36.7893],[-88.108,36.7867],[-88.1145,36.7747],[-88.1084,36.7702],[-88.1066,36.7575],[-88.0999,36.7574],[-88.1035,36.7511],[-88.0974,36.7503],[-88.0987,36.7449],[-88.0852,36.7438],[-88.0905,36.7366],[-88.0876,36.7243],[-88.0771,36.7249],[-88.0789,36.7147],[-88.07,36.7126],[-88.0737,36.7087],[-88.0696,36.6994],[-88.0601,36.6984],[-88.0636,36.6896],[-88.0553,36.6706],[-88.0523,36.6693],[-88.0554,36.6655],[-88.0528,36.66],[-88.0362,36.6625],[-88.0377,36.6559],[-88.0463,36.6549],[-88.0491,36.6466],[-88.0466,36.6388],[-88.0415,36.6369],[-88.0465,36.6349],[-88.0471,36.6273],[-88.0298,36.6342],[-88.0317,36.6292],[-88.0346,36.6293],[-88.0338,36.6259],[-88.0423,36.6231],[-88.0434,36.6187],[-88.0394,36.6176],[-88.0444,36.6127],[-88.0276,36.6104],[-88.0426,36.6077],[-88.0416,36.6035],[-88.0374,36.6031],[-88.0412,36.6017],[-88.0366,36.5962],[-88.0271,36.5958],[-88.0356,36.5883],[-88.0345,36.5822],[-88.0308,36.5811],[-88.0327,36.5759],[-88.0098,36.5805],[-88.0135,36.5755],[-88.0284,36.5689],[-88.0292,36.5559],[-88.0142,36.5582],[-88.0259,36.5517],[-88.0283,36.5382],[-88.0238,36.5393],[-88.0255,36.5276],[-88.0214,36.5246],[-87.9984,36.5293],[-88.0108,36.5228],[-87.9954,36.5168],[-88.0142,36.5207],[-88.0174,36.5196],[-88.0151,36.5171],[-88.0202,36.5201],[-88.0266,36.5182],[-88.0299,36.5087],[-88.027,36.5083],[-88.0268,36.5034],[-88.0347,36.5006],[-88.0255,36.5016],[-88.0327,36.4958],[-88.024,36.493],[-88.0288,36.4908],[-88.0282,36.4883],[-88.0377,36.4913],[-88.037,36.4869],[-88.0407,36.4867],[-88.0413,36.4816],[-88.0361,36.4841],[-88.0358,36.4806],[-88.0423,36.4801],[-88.0422,36.4741],[-88.0292,36.4714],[-88.0314,36.4682],[-88.0384,36.4689],[-88.0444,36.4645],[-88.0462,36.4512],[-88.0521,36.4468],[-88.0512,36.4443],[-88.0469,36.445],[-88.0467,36.4349],[-88.0829,36.4251],[-88.0912,36.4201],[-88.096,36.4116],[-88.0853,36.4117],[-88.0922,36.401],[-88.0917,36.395],[-88.1006,36.3958],[-88.106,36.4],[-88.1073,36.3955],[-88.1029,36.3956],[-88.1018,36.392],[-88.097,36.3931],[-88.0948,36.3894],[-88.0891,36.3913],[-88.0915,36.3841],[-88.1166,36.3665],[-88.129,36.3712],[-88.1256,36.3637],[-88.1211,36.3643],[-88.1185,36.3597],[-88.126,36.3433],[-88.1272,36.3269],[-88.1252,36.3218],[-88.1204,36.3223],[-88.1185,36.3192],[-88.1164,36.3223],[-88.1121,36.3174],[-88.1025,36.3202],[-88.1056,36.3108],[-88.1022,36.3069],[-88.1044,36.3031],[-88.098,36.3009],[-88.1003,36.2895],[-88.0918,36.2825],[-88.0818,36.2798],[-88.0628,36.28],[-88.0526,36.2711],[-88.046,36.2803],[-88.0319,36.2772],[-88.0161,36.2784],[-88.0189,36.2722],[-88.0295,36.27],[-88.0337,36.2728],[-88.0347,36.2566],[-88.0213,36.2302],[-88.0045,36.2219],[-88.0013,36.2122],[-88.0111,36.1931],[-88.0157,36.192],[-88.0184,36.1999],[-88.0234,36.2004],[-88.0296,36.1856],[-88.0097,36.1475],[-88.0213,36.1436],[-88.0269,36.1242],[-88.0226,36.1243],[-88.0182,36.1312],[-88.0075,36.1261],[-88.0123,36.1207],[-88.024,36.1191],[-88.0246,36.1159],[-88.0114,36.1104],[-88.0133,36.0993],[-88.0033,36.1013],[-88.0014,36.0984],[-88.0074,36.0935],[-88.0109,36.0851],[-88.0168,36.0833],[-88.0238,36.089],[-88.0123,36.0945],[-88.0174,36.0962],[-88.0179,36.1],[-88.0244,36.0975],[-88.0253,36.1048],[-88.0404,36.0978],[-88.0426,36.1041],[-88.0503,36.1022],[-88.0552,36.1095],[-88.0583,36.1066],[-88.0457,36.0701],[-88.0164,36.048],[-88.0118,36.0501],[-88.011,36.048],[-88.0318,36.0378],[-88.0363,36.0423],[-88.0519,36.0447],[-88.0518,36.0345],[-88.0709,36.0436],[-88.0801,36.0425],[-88.1047,36.02],[-88.1162,36.0001],[-88.1264,35.9921],[-88.1232,35.9798],[-88.1265,35.9757],[-88.1105,35.9718],[-88.0845,35.9305],[-88.0903,35.9106],[-88.0965,35.9075],[-88.0963,35.8893],[-88.1008,35.8834],[-88.0895,35.868],[-88.0891,35.8472],[-88.0792,35.8418],[-88.0695,35.8435],[-88.0609,35.8493],[-88.0474,35.8476],[-88.0662,35.8258],[-88.0652,35.8023],[-88.0675,35.7988],[-88.0798,35.8043],[-88.0884,35.8003],[-88.0935,35.8028],[-88.0936,35.8136],[-88.0886,35.8247],[-88.0911,35.8282],[-88.0961,35.8293],[-88.1129,35.8184],[-88.109,35.8077],[-88.1078,35.8145],[-88.1023,35.8141],[-88.099,35.7942],[-88.0949,35.7876],[-88.0907,35.7885],[-88.0891,35.7967],[-88.0843,35.7953],[-88.0891,35.7783],[-88.0802,35.7887],[-88.0783,35.7874],[-88.0833,35.7735],[-88.083,35.7623],[-88.0786,35.7522],[-88.0846,35.7478],[-88.1194,35.7608],[-88.1156,35.7535],[-88.1133,35.7269],[-88.1085,35.7187],[-88.1028,35.7178],[-88.1113,35.7139],[-88.1189,35.6964],[-88.116,35.6944],[-88.1052,35.7023],[-88.1012,35.6983],[-88.1144,35.6811],[-88.114,35.6752],[-88.0984,35.6757],[-88.0943,35.6729],[-88.091,35.6543],[-88.0863,35.6502],[-88.0806,35.6541],[-88.0734,35.6763],[-88.0648,35.6821],[-88.0642,35.6575],[-88.0709,35.6398],[-88.0911,35.6361],[-88.0955,35.6382],[-88.101,35.6481],[-88.1068,35.6504],[-88.1193,35.6426],[-88.1117,35.623],[-88.0779,35.602],[-88.0761,35.5928],[-88.0811,35.5702],[-88.0774,35.5634],[-88.1025,35.4621],[-88.1006,35.4476],[-88.1054,35.4441],[-88.1014,35.4359],[-88.0927,35.4342],[-88.0883,35.4278],[-88.0932,35.368],[-88.0907,35.3642],[-88.0827,35.3638],[-88.0823,35.356],[-88.0771,35.3526],[-88.0745,35.3383],[-88.0773,35.3349],[-88.0883,35.3327],[-88.0899,35.326],[-88.0795,35.3099],[-88.0511,35.3094],[-88.0392,35.2947],[-88.0244,35.2898],[-88.0247,35.2848],[-88.0079,35.2825],[-87.989,35.2879],[-87.9521,35.272],[-87.9522,35.269],[-87.9615,35.2699],[-87.9621,35.2613],[-87.976,35.2743],[-87.9947,35.2781],[-88.0119,35.2757],[-88.0112,35.2597],[-88.0054,35.2479],[-87.9958,35.2457],[-87.989,35.2316],[-87.9798,35.2254],[-87.9714,35.2345],[-87.9675,35.2326],[-87.9695,35.225],[-87.9618,35.2238],[-87.9538,35.2277],[-87.9495,35.2387],[-87.9405,35.2344],[-87.9362,35.2576],[-87.9326,35.2516],[-87.9331,35.2422],[-87.9283,35.2359],[-87.9216,35.2386],[-87.9163,35.2592],[-87.9138,35.2569],[-87.9143,35.2442],[-87.9089,35.2405],[-87.8978,35.2503],[-87.8976,35.2425],[-87.8943,35.2413],[-87.8904,35.2495],[-87.8804,35.2576],[-87.8827,35.2407],[-87.8726,35.2425],[-87.8709,35.2346],[-87.8668,35.2331],[-87.8497,35.2467],[-87.8424,35.2484],[-87.841,35.2445],[-87.8467,35.2405],[-87.8421,35.236],[-87.8521,35.2325],[-87.83,35.2244],[-87.829,35.2172],[-87.8123,35.213],[-87.8046,35.2152],[-87.7921,35.2248],[-87.7923,35.2295],[-87.7789,35.2361],[-87.757,35.2339],[-87.7555,35.2314],[-87.7455,35.2361],[-87.7454,35.2406],[-87.7522,35.2485],[-87.7497,35.251],[-87.7406,35.2479],[-87.7337,35.241],[-87.7245,35.242],[-87.7178,35.2348],[-87.7099,35.2331],[-87.7076,35.242],[-87.7033,35.244],[-87.7071,35.2489],[-87.7053,35.2561],[-87.6994,35.2614],[-87.6963,35.2486],[-87.6794,35.2502],[-87.6755,35.2473],[-87.6765,35.2445],[-87.69,35.2422],[-87.6896,35.2377],[-87.6811,35.2371],[-87.6743,35.2306],[-87.6569,35.2232],[-87.6602,35.2186],[-87.6889,35.2259],[-87.6909,35.2238],[-87.6888,35.2204],[-87.6389,35.1964],[-87.6643,35.2005],[-87.6759,35.2061],[-87.6826,35.2143],[-87.6841,35.2114],[-87.6795,35.2017],[-87.6822,35.1992],[-87.6941,35.2126],[-87.6996,35.2261],[-87.7073,35.2252],[-87.7024,35.2154],[-87.7114,35.2116],[-87.7026,35.2065],[-87.7152,35.2009],[-87.716,35.1883],[-87.7106,35.1813],[-87.719,35.1799],[-87.7208,35.1753],[-87.7159,35.1681],[-87.6995,35.1705],[-87.6949,35.1657],[-87.6952,35.1588],[-87.7024,35.1592],[-87.7045,35.1566],[-87.7035,35.1428],[-87.712,35.1458],[-87.6966,35.1337],[-87.6942,35.124],[-87.7025,35.117],[-87.7133,35.1318],[-87.7237,35.1352],[-87.7246,35.1321],[-87.7184,35.1279],[-87.7166,35.1226],[-87.7321,35.1232],[-87.7371,35.1268],[-87.7419,35.1406],[-87.7469,35.1354],[-87.7446,35.1208],[-87.7185,35.0881],[-87.6799,35.0892],[-87.6741,35.0829],[-87.6661,35.0815],[-87.6666,35.0745],[-87.6595,35.0689],[-87.6612,35.0609],[-87.6575,35.0563],[-87.6657,35.0478],[-87.6636,35.0296],[-87.6681,35.0188],[-87.6653,35.0108],[-87.6715,34.9983],[-87.6811,34.9901],[-87.6968,34.9945],[-87.7112,34.9794],[-87.719,34.9811],[-87.7221,34.9927],[-87.728,34.996],[-87.758,34.9793],[-87.7981,34.9804],[-87.8252,34.9705],[-87.8319,34.9571],[-87.8521,34.9434],[-87.8588,34.9305],[-87.8586,34.9228],[-87.8486,34.9062],[-87.8515,34.9032],[-87.8836,34.8984],[-87.8996,34.8854],[-87.9184,34.8774],[-87.927,34.8699],[-87.956,34.8585],[-87.9656,34.8453],[-87.9917,34.8366],[-87.9945,34.8294],[-87.9865,34.8176],[-87.9893,34.8083],[-88.0138,34.7911],[-88.0198,34.7738],[-88.0346,34.7566],[-88.0153,34.74],[-88.0167,34.7039],[-88.0119,34.6967],[-87.9963,34.7053],[-87.9893,34.7036],[-87.9886,34.709],[-87.9955,34.717],[-87.9947,34.7245],[-87.9793,34.7348],[-87.9657,34.7346],[-87.9668,34.7436],[-87.961,34.7472],[-87.9366,34.74],[-87.9248,34.7327],[-87.9093,34.7359],[-87.9005,34.7309],[-87.8915,34.7158],[-87.8862,34.6881],[-87.8898,34.6731],[-87.9061,34.6587],[-87.906,34.6503],[-87.899,34.6379],[-87.8844,34.6336],[-87.8679,34.6379],[-87.8649,34.6344],[-87.8658,34.6233],[-87.853,34.6181],[-87.8528,34.6035],[-87.842,34.5919],[-87.8332,34.5932],[-87.8296,34.6073],[-87.8257,34.6112],[-87.8112,34.6128],[-87.7673,34.596],[-87.7614,34.5901],[-87.7602,34.5767],[-87.7223,34.5738],[-87.7124,34.5631],[-87.7177,34.5438],[-87.7448,34.5172],[-87.7513,34.4933],[-87.757,34.4854],[-87.7724,34.479],[-87.8084,34.4855],[-87.8132,34.4813],[-87.813,34.473],[-87.8061,34.4644],[-87.7945,34.4624],[-87.7817,34.453],[-87.7675,34.4256],[-87.7483,34.4222],[-87.7463,34.4158],[-87.7287,34.4031],[-87.7084,34.4048],[-87.6801,34.3883],[-87.6749,34.3621],[-87.6834,34.3481],[-87.6833,34.3415],[-87.6784,34.3329],[-87.6888,34.3176],[-87.712,34.3156],[-87.7244,34.2973],[-87.7282,34.2963],[-87.7379,34.298],[-87.7514,34.2931],[-87.7621,34.2987],[-87.7632,34.3038],[-87.771,34.3096],[-87.8009,34.3049],[-87.8086,34.297],[-87.7977,34.2808],[-87.7938,34.2775],[-87.7792,34.2756],[-87.7723,34.2667],[-87.7626,34.2626],[-87.7366,34.2706],[-87.718,34.252],[-87.6967,34.2531],[-87.6821,34.2458],[-87.6485,34.2607],[-87.6361,34.2775],[-87.6322,34.2787],[-87.6235,34.277],[-87.6185,34.2651],[-87.606,34.2661],[-87.5943,34.2585],[-87.5779,34.2625],[-87.5691,34.2608],[-87.5652,34.2563],[-87.568,34.2465],[-87.564,34.2361],[-87.5669,34.2316],[-87.5843,34.2302],[-87.5851,34.2189],[-87.5899,34.215],[-87.6054,34.2172],[-87.6256,34.2096],[-87.6409,34.1987],[-87.6494,34.1828],[-87.6648,34.1773],[-87.6656,34.1678],[-87.6685,34.1654],[-87.6822,34.1763],[-87.6946,34.169],[-87.7053,34.1695],[-87.7065,34.1868],[-87.7153,34.1969],[-87.7308,34.203],[-87.7675,34.1955],[-87.7878,34.1962],[-87.7945,34.1937],[-87.8203,34.1711],[-87.8152,34.1514],[-87.8275,34.1349],[-87.8329,34.1122],[-87.8201,34.0959],[-87.8115,34.0972],[-87.804,34.1122],[-87.7944,34.1153],[-87.7779,34.1124],[-87.7688,34.106],[-87.7705,34.0663],[-87.7787,34.0292],[-87.7756,34.0143],[-87.7675,33.9967],[-87.7589,33.9862],[-87.7087,33.9425],[-87.6884,33.9091],[-87.6816,33.8808],[-87.688,33.8367],[-87.6816,33.8094],[-87.6548,33.733],[-87.6501,33.7034],[-87.6541,33.6731],[-87.6684,33.6258],[-87.6672,33.5983],[-87.6626,33.5789],[-87.6521,33.5627],[-87.6317,33.5442],[-87.598,33.5235],[-87.5878,33.514],[-87.5707,33.486],[-87.539,33.3809],[-87.5195,33.3413],[-87.5036,33.3175],[-87.4908,33.2872],[-87.4718,33.2156],[-87.4547,33.2039],[-87.4391,33.1998],[-87.4231,33.1908],[-87.3974,33.163],[-87.3592,33.1513],[-87.3198,33.1532],[-87.2551,33.1379],[-87.2405,33.14],[-87.2283,33.1463],[-87.216,33.1583],[-87.1862,33.1778],[-87.1738,33.1735],[-87.1628,33.1579],[-87.1451,33.1057],[-87.1417,33.0503],[-87.1617,32.9995],[-87.1542,32.9789],[-87.1488,32.9727],[-87.1292,32.9653],[-87.1018,32.9777],[-87.0587,32.9856],[-87.0448,32.9872],[-87.0022,32.9816],[-86.9399,32.9889],[-86.8919,32.9864],[-86.8473,32.9736],[-86.8215,32.9706],[-86.7591,32.9834],[-86.7437,32.9841],[-86.7109,32.9789],[-86.6763,32.9662],[-86.6638,32.9538],[-86.6633,32.9143],[-86.6564,32.8989],[-86.6173,32.8826],[-86.5894,32.8622],[-86.5821,32.853],[-86.5793,32.8331],[-86.5753,32.829],[-86.5434,32.8169],[-86.5359,32.8097],[-86.5195,32.8081],[-86.5227,32.8024],[-86.5148,32.794],[-86.5154,32.7741],[-86.5036,32.7511],[-86.4915,32.7455],[-86.4646,32.7455],[-86.4677,32.7357],[-86.4543,32.7316],[-86.4445,32.7354],[-86.4377,32.7342],[-86.4308,32.7411],[-86.4129,32.7459],[-86.3903,32.7417],[-86.38,32.7255],[-86.3646,32.7126],[-86.3455,32.6882],[-86.3276,32.6602],[-86.3048,32.6399],[-86.2777,32.6237],[-86.2567,32.6174],[-86.2111,32.6373],[-86.182,32.6574],[-86.1589,32.6539],[-86.1446,32.6602],[-86.1254,32.663],[-86.1127,32.6607],[-86.102,32.6252],[-86.0891,32.6136],[-86.0795,32.6143],[-86.0342,32.6383],[-86.015,32.6421],[-86.0046,32.6398],[-86.004,32.6328],[-85.9528,32.6209],[-85.9238,32.6063],[-85.8931,32.559],[-85.8863,32.5382],[-85.8639,32.5358],[-85.846,32.5721],[-85.8268,32.5984],[-85.8161,32.6044],[-85.8058,32.606],[-85.7822,32.5935],[-85.7378,32.5903],[-85.6878,32.5724],[-85.6785,32.5728],[-85.6484,32.5764],[-85.625,32.5842],[-85.6038,32.5974],[-85.5523,32.6008],[-85.4874,32.6209],[-85.4697,32.6187],[-85.4579,32.6017],[-85.4624,32.5953],[-85.4899,32.5803],[-85.4947,32.5722],[-85.4942,32.5619],[-85.4825,32.5397],[-85.4727,32.5346],[-85.4414,32.5291],[-85.4135,32.5301],[-85.3805,32.5457],[-85.3726,32.5531],[-85.3562,32.5547],[-85.3358,32.5468],[-85.3221,32.5361],[-85.2923,32.5246],[-85.2697,32.5211],[-85.2487,32.5225],[-85.2182,32.5344],[-85.1703,32.5354],[-85.1363,32.5534],[-85.1241,32.554],[-85.082,32.5413],[-85.0712,32.541],[-85.0523,32.5465],[-85.0255,32.5309],[-85.0074,32.5075],[-84.9964,32.504],[-84.9743,32.5137],[-84.9413,32.5124],[-84.9066,32.5163],[-84.8414,32.5474],[-84.8272,32.563],[-84.8141,32.5676],[-84.7918,32.5619],[-84.7806,32.5429],[-84.7689,32.5454],[-84.749,32.5612],[-84.7425,32.5601],[-84.7292,32.542],[-84.7178,32.5359],[-84.7105,32.5366],[-84.7026,32.5461],[-84.6915,32.5396],[-84.6847,32.5397],[-84.663,32.5641],[-84.6361,32.5842],[-84.6238,32.587],[-84.6163,32.5847],[-84.6081,32.5767],[-84.5997,32.5787],[-84.5794,32.5911],[-84.5764,32.6059],[-84.5647,32.6103],[-84.5571,32.6205],[-84.5372,32.63],[-84.5292,32.6297],[-84.526,32.6257],[-84.5262,32.6192],[-84.5191,32.6175],[-84.4932,32.6322],[-84.4791,32.6479],[-84.4265,32.6515],[-84.4175,32.6576],[-84.4132,32.6557],[-84.4089,32.6432],[-84.4022,32.6429],[-84.3895,32.6546],[-84.3695,32.6624],[-84.3547,32.6764],[-84.3479,32.671],[-84.3341,32.6728],[-84.3312,32.6644],[-84.3274,32.6626],[-84.2931,32.6716],[-84.2538,32.6719],[-84.2314,32.6659],[-84.2164,32.6548],[-84.201,32.6613],[-84.1815,32.6595],[-84.1761,32.67],[-84.1572,32.6749],[-84.1466,32.6747],[-84.1337,32.6695],[-84.1126,32.6718],[-84.1015,32.6615],[-84.0934,32.6599],[-84.0879,32.6661],[-84.0992,32.6752],[-84.1016,32.6899],[-84.0991,32.6977],[-84.0768,32.706],[-84.0715,32.7163],[-84.0626,32.722],[-84.0538,32.7225],[-84.0394,32.7139],[-84.0332,32.715],[-84.0286,32.7203],[-84.0164,32.7607],[-83.9997,32.7767],[-83.9939,32.771],[-83.9975,32.7503],[-83.9962,32.7453],[-83.992,32.7436],[-83.9864,32.7451],[-83.9678,32.7618],[-83.9316,32.7719],[-83.9154,32.761],[-83.9057,32.7589],[-83.8844,32.7615],[-83.8658,32.7703],[-83.8477,32.7669],[-83.8409,32.78],[-83.8434,32.7923],[-83.8411,32.7974],[-83.8112,32.8044],[-83.7894,32.8132],[-83.7752,32.8118],[-83.766,32.7971],[-83.749,32.7948],[-83.7464,32.7969],[-83.7486,32.8143],[-83.7395,32.8232],[-83.7357,32.837],[-83.7297,32.8393],[-83.7234,32.8334],[-83.7158,32.8336],[-83.7021,32.8281],[-83.6922,32.8575],[-83.686,32.8639],[-83.6639,32.8557],[-83.6454,32.8573],[-83.6158,32.8475],[-83.582,32.856],[-83.585,32.8878],[-83.5776,32.8988],[-83.5754,32.9084],[-83.5319,32.925],[-83.52,32.9583],[-83.512,32.9635],[-83.4796,32.9608],[-83.4707,32.9574],[-83.4569,32.9645],[-83.4244,32.9696],[-83.3904,32.9591],[-83.3851,32.9599],[-83.3847,32.9695],[-83.396,32.9841],[-83.3973,33.0002],[-83.3882,33.0079],[-83.377,33.0113],[-83.3648,33.0225],[-83.3413,33.0185],[-83.3062,33.0062],[-83.2857,33.0035],[-83.2656,33.0067],[-83.255,33.013],[-83.2461,33.0239],[-83.232,33.029],[-83.2008,33.0275],[-83.1645,33.0328],[-83.152,33.0525],[-83.1558,33.0828],[-83.1545,33.1128],[-83.137,33.1335],[-83.147,33.1408],[-83.1373,33.1466],[-83.1331,33.1551],[-83.1237,33.1631],[-83.1255,33.1734],[-83.1377,33.1699],[-83.1413,33.1763],[-83.1466,33.1788],[-83.1323,33.197],[-83.1236,33.1932],[-83.1116,33.1791],[-83.1049,33.1606],[-83.1051,33.1528],[-83.1212,33.1293],[-83.1267,33.1099],[-83.1232,33.0871],[-83.11,33.0587],[-83.1024,33.0578],[-83.0883,33.0722],[-83.0663,33.0761],[-83.0464,33.0849],[-83.045,33.0917],[-83.0626,33.103],[-83.067,33.1113],[-83.0909,33.1093],[-83.0861,33.1224],[-83.0681,33.1355],[-83.0659,33.1462],[-83.0714,33.1507],[-83.0834,33.153],[-83.0813,33.1765],[-83.094,33.1792],[-83.0959,33.194],[-83.1044,33.1935],[-83.1127,33.2],[-83.1301,33.2261],[-83.1371,33.2317],[-83.1302,33.2418],[-83.1225,33.2466],[-83.1249,33.2565],[-83.112,33.2683],[-83.1105,33.2824],[-83.1024,33.2792],[-83.092,33.266],[-83.0931,33.2531],[-83.0841,33.2484],[-83.0789,33.2386],[-83.072,33.2341],[-83.0765,33.2277],[-83.0759,33.2235],[-83.0593,33.218],[-83.0509,33.21],[-83.047,33.1978],[-83.0553,33.1862],[-83.047,33.161],[-83.0419,33.1568],[-83.0212,33.1593],[-83.008,33.1567],[-83.0082,33.1508],[-83.0231,33.1491],[-83.024,33.144],[-83.0012,33.1112],[-82.9883,33.1064],[-82.9679,33.1126],[-82.9564,33.1052],[-82.9509,33.1053],[-82.9466,33.1118],[-82.9481,33.126],[-82.9317,33.1359],[-82.922,33.1469],[-82.9219,33.1524],[-82.9393,33.1596],[-82.9423,33.1672],[-82.9357,33.1785],[-82.9332,33.1934],[-82.9229,33.2064],[-82.9134,33.2108],[-82.909,33.2204],[-82.907,33.2294],[-82.9107,33.2509],[-82.9086,33.2545],[-82.8807,33.2536],[-82.8535,33.2589],[-82.8474,33.2625],[-82.8417,33.2717],[-82.8363,33.2736],[-82.8003,33.2565],[-82.7828,33.252],[-82.7661,33.2586],[-82.7529,33.2597],[-82.747,33.2547],[-82.7413,33.2382],[-82.7348,33.2364],[-82.7303,33.2432],[-82.7237,33.2451],[-82.7271,33.2652],[-82.7453,33.2776],[-82.7471,33.2861],[-82.7325,33.2996],[-82.7317,33.3129],[-82.7105,33.3164],[-82.6986,33.3373],[-82.691,33.3353],[-82.6768,33.3188],[-82.6345,33.3052],[-82.633,33.3011],[-82.6366,33.2939],[-82.6309,33.2859],[-82.6325,33.2745],[-82.6251,33.2691],[-82.6188,33.2549],[-82.6011,33.2437],[-82.6053,33.2593],[-82.6047,33.2722],[-82.5965,33.2971],[-82.5995,33.3017],[-82.612,33.3031],[-82.6136,33.3094],[-82.5986,33.3268],[-82.5969,33.3331],[-82.6035,33.3364],[-82.6203,33.3272],[-82.633,33.3278],[-82.6353,33.3328],[-82.6275,33.3555],[-82.6191,33.3628],[-82.6126,33.3813],[-82.5951,33.3896],[-82.5898,33.4006],[-82.5855,33.4024],[-82.5594,33.3908],[-82.5233,33.3845],[-82.4798,33.3671],[-82.4697,33.3669],[-82.4638,33.3705],[-82.4511,33.3947],[-82.4504,33.4028],[-82.4571,33.4064],[-82.4693,33.3942],[-82.4809,33.3896],[-82.4951,33.3954],[-82.4988,33.4059],[-82.4956,33.4416],[-82.4819,33.479],[-82.4497,33.4957],[-82.446,33.5012],[-82.4487,33.521],[-82.4393,33.5415],[-82.4424,33.5552],[-82.4393,33.5622],[-82.4323,33.5595],[-82.4225,33.5343],[-82.4098,33.5335],[-82.4105,33.5236],[-82.3894,33.5269],[-82.3908,33.4958],[-82.3791,33.4793],[-82.3938,33.4758],[-82.3981,33.4713],[-82.4015,33.435],[-82.3971,33.4295],[-82.3767,33.4295],[-82.3661,33.4241],[-82.3476,33.424],[-82.3521,33.4336],[-82.3508,33.4386],[-82.3342,33.427],[-82.3028,33.4274],[-82.2697,33.4182],[-82.2505,33.4296],[-82.2353,33.4303],[-82.2298,33.4351],[-82.2241,33.4542],[-82.2186,33.4591],[-82.2233,33.4665],[-82.2075,33.4706],[-82.1889,33.4917],[-82.1726,33.5031],[-82.165,33.5043],[-82.1553,33.4962],[-82.15,33.4966],[-82.1488,33.51],[-82.1374,33.5252],[-82.1293,33.5156],[-82.1193,33.5166],[-82.1186,33.5096],[-82.1143,33.5084],[-82.1047,33.522],[-82.0936,33.521],[-82.0716,33.5296],[-82.0593,33.5118],[-82.0612,33.5065],[-82.0743,33.4967],[-82.0737,33.493],[-82.0453,33.4826],[-82.0099,33.4882],[-81.9911,33.5059],[-81.9861,33.5153],[-81.9705,33.5672],[-81.971,33.6057],[-81.9767,33.6213],[-81.9734,33.6358],[-81.9483,33.6355],[-81.9264,33.6476],[-81.8964,33.6734],[-81.8872,33.6887],[-81.8936,33.6908],[-81.9146,33.6864],[-81.9169,33.6888],[-81.9149,33.6968],[-81.8974,33.7036],[-81.8929,33.7083],[-81.8914,33.7164],[-81.8759,33.7188],[-81.8681,33.727],[-81.8715,33.736],[-81.8871,33.7512],[-81.9045,33.7576],[-81.9036,33.7641],[-81.8916,33.7758],[-81.8916,33.7828],[-81.8991,33.7946],[-81.8942,33.8107],[-81.8434,33.8294],[-81.8245,33.8259],[-81.8089,33.8514],[-81.7643,33.8566],[-81.7401,33.8653],[-81.726,33.8751],[-81.6752,33.8617],[-81.6504,33.8652],[-81.6427,33.8727],[-81.6247,33.8773],[-81.5637,33.9171],[-81.5163,33.9402],[-81.4913,33.9457],[-81.4868,33.9405],[-81.4845,33.9305],[-81.4782,33.9297],[-81.4433,33.9613],[-81.404,33.9771],[-81.3958,33.9852],[-81.3535,33.9869],[-81.3305,33.9846],[-81.2934,34.001],[-81.2799,34.0116],[-81.2758,34.0129],[-81.2648,34.0082],[-81.2528,34.0132],[-81.2342,34.0094],[-81.2396,33.9982],[-81.22,33.9951],[-81.2387,33.9724],[-81.238,33.9679],[-81.2222,33.9661],[-81.2029,33.9783],[-81.1889,33.981],[-81.1788,33.9917],[-81.167,33.991],[-81.1503,34.0067],[-81.1347,34.0094],[-81.1122,34.0078],[-81.0877,34.0167],[-81.0627,34.0343],[-81.0466,34.0543],[-81.0294,34.0638],[-81.02,34.0766],[-80.9987,34.0956],[-80.9549,34.1155],[-80.9521,34.121],[-80.9554,34.1265],[-80.964,34.1286],[-80.9741,34.1283],[-80.9863,34.1222],[-80.9946,34.1245],[-80.981,34.1603],[-80.9814,34.1795],[-80.9829,34.1844],[-80.9888,34.188],[-81.0116,34.1899],[-81.0155,34.1949],[-81.0097,34.2095],[-80.9966,34.2158],[-80.9711,34.2214],[-80.9479,34.2175],[-80.9446,34.2086],[-80.9188,34.2079],[-80.9065,34.1965],[-80.8918,34.1925],[-80.8774,34.1838],[-80.8714,34.1855],[-80.8661,34.1958],[-80.8566,34.2012],[-80.8181,34.2045],[-80.7954,34.1983],[-80.7485,34.2198],[-80.7443,34.2233],[-80.7419,34.2338],[-80.7493,34.2386],[-80.7861,34.2421],[-80.7919,34.2364],[-80.7919,34.2258],[-80.7955,34.2224],[-80.8265,34.2333],[-80.836,34.2417],[-80.8357,34.2661],[-80.8731,34.274],[-80.872,34.2821],[-80.8582,34.2869],[-80.8208,34.2789],[-80.7972,34.2796],[-80.7757,34.2892],[-80.7419,34.3144],[-80.7328,34.3176],[-80.7214,34.3163],[-80.7067,34.3032],[-80.6904,34.2989],[-80.6608,34.3054],[-80.6474,34.3128],[-80.6349,34.3294],[-80.6138,34.3677],[-80.5874,34.3913],[-80.5762,34.4129],[-80.5751,34.4352],[-80.5779,34.4412],[-80.5937,34.4302],[-80.604,34.4326],[-80.6127,34.4306],[-80.6172,34.4344],[-80.6109,34.4557],[-80.5966,34.4824],[-80.6007,34.4998],[-80.5757,34.505],[-80.5702,34.5127],[-80.5761,34.5331],[-80.5901,34.5571],[-80.59,34.5657],[-80.5765,34.5724],[-80.5672,34.5577],[-80.5413,34.5319],[-80.5335,34.5325],[-80.5289,34.5362],[-80.522,34.5512],[-80.5228,34.5579],[-80.5313,34.5703],[-80.5579,34.587],[-80.5563,34.6004],[-80.574,34.6061],[-80.5756,34.6149],[-80.5709,34.627],[-80.5716,34.6392],[-80.5493,34.6357],[-80.5351,34.6477],[-80.5246,34.6504],[-80.4625,34.6306],[-80.4468,34.6325],[-80.4256,34.6299],[-80.4168,34.6386],[-80.4161,34.6464],[-80.4096,34.6571],[-80.4123,34.668],[-80.4331,34.6952],[-80.4516,34.7109],[-80.4609,34.724],[-80.4593,34.7382],[-80.4518,34.7467],[-80.3895,34.7759],[-80.3725,34.7791],[-80.3289,34.778],[-80.3154,34.7767],[-80.2996,34.7605],[-80.2887,34.7621],[-80.2672,34.7725],[-80.2491,34.7688],[-80.2438,34.7525],[-80.2348,34.745],[-80.2258,34.7422],[-80.1468,34.7362],[-80.1258,34.7371],[-80.0961,34.729],[-80.0812,34.7313],[-80.0669,34.7392],[-80.0784,34.7771],[-80.0921,34.7898],[-80.1125,34.799],[-80.1165,34.8062],[-80.1059,34.831],[-80.1249,34.8387],[-80.1274,34.8434],[-80.0991,34.8462],[-80.054,34.8566],[-80.0452,34.8603],[-80.0393,34.867],[-80.0261,34.8693],[-80.0189,34.8788],[-80.0111,34.8809],[-79.9983,34.8802],[-79.9849,34.8715],[-79.982,34.8661],[-79.9816,34.8498],[-79.9689,34.8339],[-79.9665,34.8175],[-79.956,34.8118],[-79.945,34.8131],[-79.937,34.8184],[-79.9295,34.8339],[-79.9352,34.8432],[-79.9365,34.853],[-79.929,34.8732],[-79.9341,34.8833],[-79.9231,34.9011],[-79.9235,34.9146],[-79.9513,34.9284],[-79.9579,34.9477],[-79.9582,34.9653],[-79.9515,34.9646],[-79.9382,34.9742],[-79.913,34.9841],[-79.8738,34.9775],[-79.8428,34.984],[-79.8077,34.981],[-79.7992,34.9864],[-79.7929,34.9957],[-79.7989,35.0135],[-79.772,35.0174],[-79.767,35.0231],[-79.7737,35.0345],[-79.7837,35.0315],[-79.7857,35.0445],[-79.7974,35.0431],[-79.808,35.0372],[-79.8102,35.047],[-79.8079,35.0526],[-79.8175,35.0563],[-79.818,35.063],[-79.8236,35.071],[-79.8216,35.0755],[-79.8078,35.0723],[-79.8018,35.0827],[-79.7949,35.0802],[-79.7821,35.0831],[-79.7814,35.0897],[-79.7684,35.0918],[-79.7609,35.1065],[-79.7481,35.1083],[-79.7595,35.1148],[-79.7612,35.1256],[-79.7647,35.1267],[-79.7757,35.1175],[-79.7905,35.1132],[-79.7931,35.1151],[-79.7832,35.1273],[-79.776,35.1487],[-79.7591,35.1622],[-79.762,35.1734],[-79.7578,35.1862],[-79.7705,35.1957],[-79.7528,35.2226],[-79.7526,35.227],[-79.7587,35.23],[-79.7764,35.2146],[-79.7834,35.2281],[-79.7798,35.2443],[-79.7678,35.2539],[-79.7696,35.2606],[-79.764,35.2666],[-79.7652,35.269],[-79.7849,35.2684],[-79.7895,35.2713],[-79.7889,35.2745],[-79.7747,35.2809],[-79.7919,35.2855],[-79.7886,35.2915],[-79.7786,35.2971],[-79.7802,35.3011],[-79.7887,35.3023],[-79.7783,35.3145],[-79.7491,35.3111],[-79.7421,35.3153],[-79.7311,35.3291],[-79.7041,35.3239],[-79.6863,35.3286],[-79.6679,35.3378],[-79.6497,35.3347],[-79.6406,35.3281],[-79.623,35.3385],[-79.6203,35.3512],[-79.612,35.3551],[-79.6098,35.3601],[-79.5978,35.3637],[-79.5847,35.3547],[-79.5644,35.357],[-79.5574,35.3478],[-79.5646,35.3344],[-79.562,35.3261],[-79.564,35.3208],[-79.6004,35.2989],[-79.6052,35.2924],[-79.6022,35.2839],[-79.5994,35.2828],[-79.5651,35.2978],[-79.5421,35.3138],[-79.5257,35.3121],[-79.5263,35.3061],[-79.5369,35.2948],[-79.5334,35.29],[-79.5272,35.2902],[-79.4989,35.2977],[-79.4944,35.3076],[-79.4827,35.3158],[-79.4846,35.32],[-79.4824,35.3236],[-79.4747,35.3244],[-79.4664,35.3297],[-79.4609,35.3194],[-79.4515,35.3227],[-79.4373,35.3216],[-79.4239,35.3309],[-79.4221,35.3351],[-79.4328,35.3393],[-79.4334,35.3489],[-79.4404,35.3556],[-79.4396,35.3594],[-79.4344,35.3598],[-79.4292,35.3654],[-79.4108,35.3471],[-79.4043,35.3483],[-79.4034,35.356],[-79.3996,35.3585],[-79.3645,35.3555],[-79.3588,35.3525],[-79.348,35.3339],[-79.3387,35.3562],[-79.3417,35.3612],[-79.3521,35.3622],[-79.3546,35.3675],[-79.3472,35.3747],[-79.3198,35.3719],[-79.2996,35.3778],[-79.2958,35.3826],[-79.3064,35.3875],[-79.3122,35.3959],[-79.305,35.4012],[-79.2883,35.4054],[-79.2799,35.3909],[-79.274,35.3883],[-79.2142,35.4104],[-79.1987,35.4077],[-79.1934,35.4028],[-79.2023,35.3875],[-79.2001,35.3803],[-79.1917,35.3816],[-79.1699,35.3935],[-79.1445,35.3926],[-79.1405,35.3899],[-79.1402,35.3772],[-79.1322,35.372],[-79.1261,35.375],[-79.1216,35.3864],[-79.1062,35.3937],[-79.0929,35.4051],[-79.0872,35.4054],[-79.0775,35.397],[-79.0671,35.4002],[-79.052,35.3995],[-79.0114,35.3791],[-78.9982,35.3658],[-79.021,35.3547],[-79.0476,35.3513],[-79.046,35.3409],[-79.0291,35.3397],[-78.9748,35.3478],[-78.9653,35.3587],[-78.9649,35.367],[-78.9767,35.3739],[-78.981,35.3892],[-78.9949,35.3903],[-79.0015,35.4029],[-79.0122,35.4024],[-79.0136,35.41],[-79.0224,35.4146],[-79.0334,35.4164],[-79.0403,35.4211],[-79.0474,35.4193],[-79.0675,35.4427],[-79.082,35.4495],[-79.0898,35.4488],[-79.0933,35.4385],[-79.1014,35.4302],[-79.107,35.4299],[-79.1149,35.4377],[-79.1236,35.4221],[-79.1294,35.4231],[-79.1433,35.4334],[-79.1523,35.4336],[-79.148,35.4186],[-79.1517,35.4123],[-79.1674,35.4164],[-79.1796,35.4148],[-79.1964,35.43],[-79.2263,35.425],[-79.2313,35.4284],[-79.233,35.4351],[-79.2254,35.4473],[-79.2063,35.4449],[-79.1828,35.4479],[-79.1452,35.4703],[-79.1054,35.4684],[-79.108,35.4799],[-79.1032,35.4824],[-79.0878,35.4797],[-79.0645,35.4995],[-79.0593,35.4938],[-79.058,35.4839],[-79.0496,35.4833],[-79.0469,35.4781],[-79.0395,35.4808],[-79.0295,35.4926],[-79.0211,35.4927],[-79.0253,35.4815],[-79.02,35.4739],[-79.0297,35.458],[-79.0303,35.4455],[-79.023,35.447],[-79.0101,35.4579],[-79.0001,35.4526],[-78.989,35.4569],[-78.9903,35.4475],[-78.9876,35.446],[-78.9667,35.4493],[-78.9617,35.4465],[-78.9743,35.4371],[-78.9747,35.4332],[-78.9562,35.4345],[-78.9466,35.4302],[-78.9367,35.4383],[-78.9321,35.4371],[-78.9292,35.4396],[-78.9307,35.4497],[-78.9186,35.4516],[-78.9149,35.4586],[-78.9108,35.4599],[-78.9071,35.4336],[-78.9087,35.4207],[-78.8725,35.4398],[-78.8644,35.438],[-78.8366,35.4203],[-78.82,35.4209],[-78.8094,35.4324],[-78.8062,35.4425],[-78.7968,35.4524],[-78.7889,35.4693],[-78.7818,35.4758],[-78.7783,35.4875],[-78.7639,35.5121],[-78.7664,35.5168],[-78.7796,35.5176],[-78.7949,35.5279],[-78.797,35.5238],[-78.7901,35.5035],[-78.8071,35.4813],[-78.809,35.4697],[-78.8278,35.4455],[-78.8329,35.4434],[-78.8442,35.4505],[-78.8461,35.4573],[-78.8405,35.476],[-78.8292,35.4894],[-78.8311,35.5035],[-78.8209,35.5171],[-78.8234,35.5342],[-78.8327,35.5534],[-78.8393,35.5525],[-78.8445,35.5447],[-78.845,35.5268],[-78.8576,35.511],[-78.8553,35.4976],[-78.8645,35.4912],[-78.8659,35.4764],[-78.8848,35.4833],[-78.8898,35.4961],[-78.8886,35.5037],[-78.8745,35.5117],[-78.8788,35.5222],[-78.8764,35.5378],[-78.8798,35.5402],[-78.8893,35.537],[-78.8997,35.5215],[-78.9099,35.5169],[-78.9181,35.5171],[-78.9278,35.5066],[-78.9356,35.51],[-78.9383,35.5175],[-78.9002,35.5477],[-78.8979,35.5524],[-78.9005,35.5598],[-78.9125,35.562],[-78.9159,35.564],[-78.9139,35.5667],[-78.867,35.5822],[-78.8585,35.5895],[-78.8544,35.6029],[-78.8668,35.6177],[-78.8542,35.6399],[-78.8405,35.6505],[-78.8319,35.6464],[-78.8238,35.6243],[-78.8162,35.6212],[-78.7817,35.6415],[-78.7504,35.6315],[-78.7496,35.6285],[-78.7685,35.6202],[-78.7751,35.6098],[-78.7751,35.6032],[-78.7455,35.6098],[-78.7391,35.6088],[-78.7303,35.6018],[-78.7024,35.6016],[-78.6743,35.5895],[-78.6658,35.5888],[-78.6617,35.5924],[-78.6752,35.6298],[-78.6943,35.659],[-78.6884,35.6615],[-78.6595,35.6599],[-78.6147,35.6375],[-78.5969,35.6222],[-78.562,35.61],[-78.5312,35.5747],[-78.4444,35.5505],[-78.4327,35.5569],[-78.4313,35.5645],[-78.4467,35.6047],[-78.4415,35.6236],[-78.4568,35.6369],[-78.4502,35.6477],[-78.4248,35.6493],[-78.4229,35.6425],[-78.4259,35.6359],[-78.4191,35.6286],[-78.4002,35.6301],[-78.3885,35.6144],[-78.3553,35.5947],[-78.3411,35.5886],[-78.3301,35.588],[-78.3255,35.5922],[-78.3237,35.6017],[-78.3367,35.6313],[-78.3315,35.6376],[-78.3168,35.6321],[-78.3136,35.6359],[-78.3248,35.6659],[-78.3243,35.6828],[-78.3152,35.6971],[-78.2975,35.6914],[-78.294,35.6864],[-78.2954,35.6703],[-78.2627,35.663],[-78.2506,35.6558],[-78.2317,35.6521],[-78.2253,35.6523],[-78.2224,35.6575],[-78.248,35.6765],[-78.2507,35.6885],[-78.2321,35.7011],[-78.2244,35.7109],[-78.2114,35.7146],[-78.2042,35.7249],[-78.1906,35.7198],[-78.1869,35.7089],[-78.1712,35.7038],[-78.171,35.6964],[-78.1819,35.6865],[-78.1613,35.674],[-78.1567,35.6618],[-78.1491,35.6617],[-78.1136,35.687],[-78.1068,35.6994],[-78.1057,35.7201],[-78.0914,35.7269],[-78.0883,35.7346],[-78.0904,35.7379],[-78.1155,35.7475],[-78.1026,35.7719],[-78.1263,35.7759],[-78.1189,35.8199],[-78.1364,35.8342],[-78.1393,35.845],[-78.1287,35.8626],[-78.1118,35.8721],[-78.061,35.8765],[-78.0551,35.8816],[-78.0582,35.8889],[-78.0677,35.8969],[-78.0931,35.9033],[-78.1012,35.9141],[-78.1288,35.9221],[-78.132,35.9313],[-78.1257,35.9471],[-78.1121,35.9592],[-78.0802,35.977],[-78.0462,36.0022],[-78.028,36.0338],[-78.0162,36.0382],[-78.003,36.0563],[-77.9893,36.0886],[-77.9436,36.1135],[-77.9438,36.1186],[-77.962,36.1407],[-77.9624,36.1615],[-77.9509,36.1646],[-77.8994,36.1541],[-77.875,36.1604],[-77.8689,36.1852],[-77.8583,36.206],[-77.858,36.2399],[-77.8536,36.2475],[-77.8403,36.2489],[-77.8287,36.2451],[-77.8257,36.237],[-77.8268,36.2212],[-77.8238,36.2163],[-77.8122,36.2188],[-77.8083,36.223],[-77.8063,36.2314],[-77.8126,36.2809],[-77.8085,36.2889],[-77.787,36.3028],[-77.7815,36.3314],[-77.782,36.3348],[-77.7878,36.3367],[-77.8035,36.3284],[-77.8172,36.3334],[-77.8186,36.3437],[-77.8116,36.3705],[-77.8089,36.3756],[-77.8008,36.3792],[-77.7888,36.3745],[-77.766,36.3757],[-77.7461,36.3876],[-77.7424,36.3935],[-77.746,36.4],[-77.7815,36.4276],[-77.7818,36.4367],[-77.77,36.4485],[-77.7493,36.4523],[-77.7278,36.4689],[-77.6624,36.4729],[-77.6508,36.4771],[-77.6508,36.4835],[-77.6565,36.4912],[-77.6948,36.5091],[-77.699,36.5118],[-77.6998,36.5187],[-77.6909,36.5301],[-77.6688,36.5476],[-77.6484,36.5911],[-77.6251,36.6261],[-77.5955,36.6893],[-77.5912,36.7152],[-77.5932,36.754],[-77.5785,36.7931],[-77.5668,36.8494],[-77.5682,36.8622],[-77.5893,36.9164],[-77.59,36.932],[-77.5831,36.9568],[-77.5777,37.0064],[-77.5481,37.0531],[-77.5523,37.0852],[-77.5506,37.0934],[-77.5293,37.1464],[-77.5219,37.1701],[-77.5199,37.1902],[-77.5414,37.2876],[-77.5367,37.3043],[-77.5131,37.3246],[-77.5035,37.3534],[-77.5062,37.3716],[-77.5275,37.391],[-77.5345,37.405],[-77.5304,37.4221],[-77.5096,37.4472],[-77.5068,37.4659],[-77.5122,37.4881],[-77.5313,37.5219],[-77.5444,37.5592],[-77.5406,37.5773],[-77.5241,37.62],[-77.5157,37.6577],[-77.5197,37.6943],[-77.5394,37.7453],[-77.5398,37.7629],[-77.5209,37.8045],[-77.5146,37.8271],[-77.5242,38.0029],[-77.5314,38.0392],[-77.5352,38.0861],[-77.5431,38.1289],[-77.5623,38.185],[-77.5675,38.2105],[-77.5664,38.2591],[-77.5613,38.2819],[-77.5472,38.3156],[-77.5246,38.3519],[-77.4902,38.3886],[-77.4817,38.3751],[-77.4774,38.3781],[-77.4712,38.3955],[-77.4698,38.4106],[-77.4623,38.4238],[-77.4461,38.4401],[-77.4195,38.4594],[-77.3989,38.482],[-77.3882,38.4978],[-77.3853,38.5162],[-77.3749,38.522],[-77.3625,38.5229],[-77.3595,38.5297],[-77.3636,38.5552],[-77.3581,38.5617],[-77.3405,38.563],[-77.3347,38.5678],[-77.3316,38.5777],[-77.3337,38.5968],[-77.3217,38.6033],[-77.2993,38.6008],[-77.2919,38.6054],[-77.2874,38.624],[-77.2774,38.6454],[-77.2621,38.6601],[-77.2272,38.6816],[-77.2135,38.7175],[-77.1936,38.7352],[-77.1816,38.7616],[-77.1712,38.7757],[-77.1196,38.8268],[-77.0941,38.877],[-77.0814,38.894],[-77.0713,38.8987],[-77.0431,38.8755],[-77.032,38.8544],[-77.0335,38.8435],[-77.0426,38.8369],[-77.0377,38.8074],[-77.041,38.7616],[-77.0398,38.7276],[-77.0443,38.7154],[-77.0546,38.7079],[-77.0776,38.7084],[-77.0908,38.7023],[-77.1044,38.7008],[-77.123,38.7102],[-77.126,38.7071],[-77.1194,38.6924],[-77.1245,38.683],[-77.1293,38.6777],[-77.1424,38.6738],[-77.1563,38.6814],[-77.1583,38.6954],[-77.167,38.6974],[-77.1625,38.6919],[-77.1657,38.6842],[-77.1787,38.6822],[-77.1782,38.6799],[-77.1585,38.6692],[-77.1506,38.6572],[-77.135,38.6497],[-77.1306,38.6382],[-77.1325,38.6347],[-77.1502,38.6345],[-77.1606,38.6397],[-77.1666,38.6367],[-77.1682,38.6249],[-77.2014,38.6165],[-77.2155,38.6367],[-77.2095,38.6425],[-77.1982,38.6432],[-77.198,38.6478],[-77.1939,38.649],[-77.1961,38.6558],[-77.2226,38.6554],[-77.236,38.6606],[-77.2269,38.6505],[-77.2272,38.6419],[-77.2314,38.6388],[-77.2414,38.6385],[-77.2475,38.6332],[-77.2511,38.6283],[-77.2449,38.6191],[-77.2481,38.611],[-77.2575,38.612],[-77.2594,38.608],[-77.2502,38.602],[-77.2481,38.5919],[-77.256,38.5844],[-77.2713,38.5869],[-77.2737,38.5847],[-77.2627,38.5781],[-77.2567,38.5608],[-77.2749,38.5453],[-77.2768,38.5403],[-77.2827,38.5409],[-77.3086,38.5586],[-77.3032,38.5435],[-77.2974,38.5407],[-77.2844,38.5228],[-77.3089,38.4901],[-77.3186,38.4608],[-77.3196,38.4268],[-77.3121,38.404],[-77.3134,38.3982],[-77.3164,38.3964],[-77.3279,38.4061],[-77.3368,38.4222],[-77.3461,38.4237],[-77.3466,38.4296],[-77.3732,38.4414],[-77.3676,38.4318],[-77.3577,38.4298],[-77.3563,38.418],[-77.3495,38.4083],[-77.3414,38.405],[-77.3386,38.3986],[-77.3154,38.3891],[-77.3138,38.3837],[-77.2983,38.3725],[-77.2865,38.3564],[-77.2972,38.3525],[-77.3028,38.3604],[-77.3077,38.3523],[-77.3248,38.3503],[-77.3358,38.3569],[-77.3465,38.3512],[-77.3593,38.3541],[-77.3653,38.3501],[-77.3514,38.344],[-77.3373,38.3465],[-77.3269,38.3399],[-77.3057,38.3427],[-77.2793,38.3413],[-77.2643,38.3329],[-77.2385,38.3325],[-77.2077,38.3414],[-77.1676,38.3461],[-77.1453,38.3656],[-77.1352,38.369],[-77.0894,38.37],[-77.0732,38.3783],[-77.0567,38.3992],[-77.0419,38.4017],[-77.0134,38.3771],[-77.0155,38.3318],[-77.0241,38.3215],[-77.0269,38.3238],[-77.0382,38.3204],[-77.0538,38.3262],[-77.0645,38.3219],[-77.0692,38.3065],[-77.0615,38.3087],[-77.0559,38.3158],[-77.0397,38.3091],[-77.0303,38.3108],[-76.9985,38.2797],[-76.9811,38.2748],[-76.9673,38.2655],[-76.9584,38.2508],[-76.9571,38.2394],[-76.9615,38.23],[-76.9685,38.2492],[-76.9732,38.2479],[-76.9719,38.2352],[-76.9625,38.2178],[-76.9657,38.2111],[-76.9772,38.2172],[-76.9874,38.2106],[-76.9997,38.209],[-76.9992,38.2068],[-76.9877,38.2034],[-76.9798,38.2086],[-76.9724,38.2039],[-76.9595,38.2046],[-76.9476,38.2093],[-76.9157,38.1996],[-76.9136,38.1937],[-76.9178,38.1883],[-76.9194,38.1779],[-76.9093,38.1813],[-76.9036,38.193],[-76.8779,38.1748],[-76.8373,38.1644],[-76.7955,38.1702],[-76.7692,38.1692],[-76.7732,38.1566],[-76.7644,38.1555],[-76.7618,38.1487],[-76.7549,38.1453],[-76.7506,38.1339],[-76.7307,38.1334],[-76.7202,38.116],[-76.7222,38.1106],[-76.7486,38.1098],[-76.7533,38.1072],[-76.7529,38.1045],[-76.7349,38.0995],[-76.7381,38.091],[-76.734,38.0777],[-76.7045,38.068],[-76.6992,38.0697],[-76.726,38.0875],[-76.728,38.0962],[-76.7261,38.1007],[-76.7077,38.1084],[-76.7057,38.1147],[-76.7065,38.1243],[-76.7177,38.1372],[-76.7163,38.1426],[-76.6928,38.1294],[-76.6869,38.1311],[-76.6868,38.1342],[-76.7007,38.1382],[-76.7027,38.1455],[-76.7091,38.1475],[-76.703,38.1555],[-76.7021,38.1618],[-76.6899,38.1611],[-76.6842,38.1551],[-76.6664,38.1474],[-76.6586,38.1368],[-76.6448,38.1288],[-76.6418,38.1169],[-76.6383,38.1159],[-76.6369,38.1367],[-76.642,38.1423],[-76.6428,38.1514],[-76.613,38.1484],[-76.6144,38.1439],[-76.603,38.121],[-76.6186,38.1109],[-76.6092,38.1125],[-76.5374,38.0777],[-76.5316,38.0626],[-76.5194,38.0473],[-76.5207,38.0437],[-76.5287,38.048],[-76.5346,38.0468],[-76.5371,38.0414],[-76.5462,38.0629],[-76.5514,38.0653],[-76.5555,38.0514],[-76.5643,38.0484],[-76.5489,38.0394],[-76.5592,38.0265],[-76.5559,38.0246],[-76.5465,38.0276],[-76.5432,38.0216],[-76.5475,38.0163],[-76.5659,38.0103],[-76.5732,38.0033],[-76.5692,38.0009],[-76.5471,38.0113],[-76.5457,38.0026],[-76.5344,37.9924],[-76.5344,38.0091],[-76.5243,38.013],[-76.5323,38.0163],[-76.5355,38.0246],[-76.5336,38.0273],[-76.5244,38.0239],[-76.5131,38.0277],[-76.475,38.0172],[-76.4643,38.0083],[-76.4628,38.0015],[-76.4658,37.9984],[-76.4711,37.9981],[-76.4767,38.0032],[-76.507,37.9917],[-76.5001,37.9893],[-76.5008,37.9852],[-76.5091,37.984],[-76.5069,37.979],[-76.5,37.9779],[-76.4927,37.985],[-76.4737,37.9909],[-76.4718,37.9804],[-76.4667,37.9775],[-76.4709,37.9736],[-76.4785,37.9747],[-76.4836,37.9635],[-76.4902,37.9609],[-76.4847,37.9521],[-76.4857,37.9408],[-76.4811,37.9403],[-76.4767,37.9474],[-76.4749,37.9628],[-76.4583,37.9696],[-76.454,37.9745],[-76.4544,37.9786],[-76.4639,37.9884],[-76.4417,37.9892],[-76.439,37.9832],[-76.447,37.9725],[-76.4454,37.9707],[-76.4377,37.9736],[-76.433,37.9722],[-76.4328,37.9785],[-76.4259,37.9756],[-76.4169,37.9659],[-76.3887,37.957],[-76.3888,37.9543],[-76.4014,37.9464],[-76.3975,37.9427],[-76.3881,37.9443],[-76.3864,37.942],[-76.3893,37.9284],[-76.3865,37.9256],[-76.3824,37.9256],[-76.3751,37.9344],[-76.3803,37.9482],[-76.3787,37.9585],[-76.3544,37.952],[-76.3581,37.9494],[-76.3596,37.9417],[-76.3561,37.9403],[-76.347,37.9491],[-76.3304,37.9419],[-76.3317,37.9374],[-76.3246,37.9395],[-76.2577,37.9078],[-76.255,37.9031],[-76.257,37.8978],[-76.2771,37.9051],[-76.2657,37.8971],[-76.2682,37.894],[-76.2762,37.8988],[-76.2843,37.899],[-76.2876,37.904],[-76.2947,37.902],[-76.296,37.9124],[-76.3116,37.9174],[-76.3239,37.9163],[-76.3113,37.9106],[-76.3122,37.9024],[-76.2939,37.8942],[-76.2949,37.8838],[-76.2862,37.8827],[-76.2783,37.8897],[-76.2762,37.8842],[-76.2836,37.8749],[-76.2708,37.8755],[-76.2659,37.8807],[-76.2661,37.889],[-76.253,37.895],[-76.2491,37.8908],[-76.2489,37.8813],[-76.2431,37.8829],[-76.2431,37.8956],[-76.2364,37.8886],[-76.2536,37.8292],[-76.2591,37.8357],[-76.2632,37.8345],[-76.265,37.8204],[-76.2769,37.8153],[-76.2833,37.8164],[-76.2819,37.8214],[-76.2705,37.8288],[-76.2743,37.8352],[-76.2703,37.846],[-76.282,37.8581],[-76.2908,37.8574],[-76.2837,37.8477],[-76.2867,37.8442],[-76.2843,37.8341],[-76.2863,37.8274],[-76.2905,37.8248],[-76.2955,37.8299],[-76.2957,37.8399],[-76.3044,37.8392],[-76.307,37.8465],[-76.3169,37.8486],[-76.313,37.8575],[-76.3375,37.8555],[-76.3402,37.8628],[-76.3437,37.8629],[-76.3486,37.8567],[-76.3532,37.8577],[-76.3589,37.861],[-76.3626,37.8693],[-76.3747,37.8746],[-76.3805,37.8738],[-76.386,37.8816],[-76.4084,37.8777],[-76.4299,37.8796],[-76.4332,37.8833],[-76.4407,37.8844],[-76.4426,37.8813],[-76.4417,37.8749],[-76.3822,37.8634],[-76.3818,37.8575],[-76.3981,37.8552],[-76.3956,37.8479],[-76.368,37.8526],[-76.3629,37.8502],[-76.362,37.8429],[-76.3555,37.8468],[-76.3482,37.8376],[-76.3407,37.8506],[-76.3355,37.8491],[-76.3282,37.8435],[-76.3277,37.8402],[-76.3326,37.8358],[-76.3218,37.8297],[-76.3277,37.828],[-76.3297,37.8213],[-76.3211,37.8169],[-76.3145,37.8222],[-76.3099,37.8198],[-76.3124,37.8027],[-76.3374,37.8051],[-76.3511,37.8109],[-76.3585,37.8029],[-76.3422,37.8012],[-76.3407,37.7948],[-76.3232,37.7957],[-76.3165,37.7882],[-76.311,37.7963],[-76.2896,37.7925],[-76.2847,37.7842],[-76.2848,37.7815],[-76.298,37.7855],[-76.3057,37.7839],[-76.3094,37.7785],[-76.3057,37.7685],[-76.3098,37.7681],[-76.3165,37.776],[-76.3225,37.7712],[-76.3108,37.7604],[-76.3133,37.7546],[-76.301,37.7448],[-76.3035,37.7389],[-76.3133,37.7419],[-76.3273,37.7545],[-76.3334,37.7746],[-76.338,37.7779],[-76.3415,37.7766],[-76.3403,37.7644],[-76.3433,37.7622],[-76.339,37.753],[-76.3482,37.7433],[-76.3466,37.7405],[-76.3283,37.7441],[-76.3227,37.7399],[-76.3339,37.737],[-76.3358,37.7321],[-76.3186,37.728],[-76.3205,37.724],[-76.3176,37.7221],[-76.3111,37.726],[-76.2988,37.7012],[-76.3031,37.6949],[-76.3087,37.701],[-76.3091,37.6915],[-76.3121,37.6879],[-76.3184,37.6922],[-76.3225,37.7036],[-76.324,37.695],[-76.3414,37.6964],[-76.3443,37.6987],[-76.3412,37.715],[-76.3458,37.7174],[-76.3498,37.7043],[-76.3594,37.6991],[-76.3595,37.6955],[-76.3292,37.6843],[-76.3225,37.6777],[-76.3226,37.6741],[-76.3262,37.6719],[-76.3364,37.6781],[-76.3469,37.6766],[-76.3485,37.6807],[-76.3624,37.6829],[-76.3632,37.6779],[-76.356,37.6719],[-76.3364,37.6645],[-76.3354,37.6608],[-76.3622,37.6602],[-76.3329,37.6522],[-76.3321,37.6422],[-76.3467,37.6412],[-76.3492,37.6376],[-76.3388,37.6346],[-76.3289,37.6362],[-76.3238,37.6329],[-76.309,37.6402],[-76.3137,37.624],[-76.3227,37.6179],[-76.332,37.6181],[-76.333,37.6209],[-76.3288,37.6258],[-76.3327,37.6277],[-76.3555,37.6264],[-76.358,37.6224],[-76.3517,37.6186],[-76.3514,37.6136],[-76.3602,37.6098],[-76.3844,37.6295],[-76.4065,37.63],[-76.4172,37.6394],[-76.4299,37.6415],[-76.436,37.6471],[-76.4217,37.6554],[-76.4137,37.6524],[-76.409,37.6546],[-76.4121,37.6624],[-76.4277,37.665],[-76.4278,37.6777],[-76.4393,37.6662],[-76.439,37.6594],[-76.4493,37.6497],[-76.4597,37.6522],[-76.4581,37.6608],[-76.4702,37.6643],[-76.4699,37.6706],[-76.4545,37.6788],[-76.4512,37.6874],[-76.4593,37.6903],[-76.4566,37.6984],[-76.4622,37.704],[-76.441,37.7107],[-76.4174,37.7323],[-76.4335,37.7364],[-76.4404,37.7234],[-76.4586,37.7211],[-76.4638,37.7081],[-76.4697,37.7064],[-76.475,37.7188],[-76.4837,37.7181],[-76.4978,37.7298],[-76.4947,37.7483],[-76.5087,37.7491],[-76.5154,37.7543],[-76.5179,37.7516],[-76.5106,37.7433],[-76.5153,37.7284],[-76.5084,37.7273],[-76.5001,37.7158],[-76.4885,37.7151],[-76.4792,37.7003],[-76.4898,37.6983],[-76.4786,37.6872],[-76.4776,37.6826],[-76.4877,37.6783],[-76.4906,37.6639],[-76.4991,37.6668],[-76.503,37.6592],[-76.5009,37.6542],[-76.4916,37.6526],[-76.4918,37.6494],[-76.5019,37.6428],[-76.5106,37.6435],[-76.5174,37.6469],[-76.5381,37.6678],[-76.5392,37.7],[-76.5445,37.7128],[-76.5503,37.7121],[-76.5554,37.7153],[-76.5748,37.7398],[-76.5787,37.7608],[-76.5853,37.7691],[-76.5719,37.7838],[-76.5819,37.7817],[-76.5916,37.7729],[-76.5978,37.7767],[-76.5998,37.7722],[-76.6061,37.7737],[-76.6203,37.7836],[-76.6022,37.7859],[-76.6044,37.7877],[-76.6283,37.7887],[-76.6332,37.7952],[-76.6219,37.8058],[-76.6226,37.8144],[-76.6401,37.8144],[-76.6405,37.8189],[-76.644,37.8195],[-76.6444,37.8091],[-76.6524,37.7975],[-76.6596,37.8076],[-76.6755,37.8179],[-76.6771,37.823],[-76.6657,37.8304],[-76.662,37.8362],[-76.6629,37.8416],[-76.6749,37.8338],[-76.6842,37.8331],[-76.6797,37.8307],[-76.6893,37.8233],[-76.7032,37.824],[-76.7179,37.8362],[-76.7307,37.8383],[-76.732,37.8501],[-76.7428,37.8567],[-76.7443,37.8644],[-76.7406,37.8684],[-76.7481,37.8722],[-76.7377,37.8842],[-76.7188,37.8915],[-76.72,37.906],[-76.7311,37.8895],[-76.748,37.8903],[-76.7483,37.8822],[-76.7525,37.8777],[-76.7653,37.8798],[-76.7698,37.8994],[-76.7809,37.9146],[-76.8031,37.9301],[-76.8142,37.9294],[-76.8244,37.9392],[-76.8407,37.9391],[-76.8429,37.9455],[-76.8542,37.9557],[-76.8504,37.9629],[-76.8547,37.972],[-76.854,37.9775],[-76.8469,37.9796],[-76.8485,37.9841],[-76.8554,37.987],[-76.8673,37.9791],[-76.8734,37.9892],[-76.8914,37.9914],[-76.897,38.0002],[-76.8977,38.0138],[-76.9021,38.0193],[-76.9099,38.0467],[-76.9086,38.0525],[-76.9217,38.0769],[-76.9303,38.0834],[-76.9545,38.0929],[-76.9819,38.0976],[-76.9889,38.115],[-77.0106,38.1131],[-77.0179,38.1038],[-77.0297,38.1031],[-77.0428,38.1115],[-77.0484,38.1193],[-77.0489,38.1579],[-77.054,38.1616],[-77.0656,38.1659],[-77.0771,38.1557],[-77.0843,38.1686],[-77.0941,38.1724],[-77.1056,38.1599],[-77.1139,38.1569],[-77.1202,38.1607],[-77.1209,38.1752],[-77.1316,38.1704],[-77.1531,38.1758],[-77.169,38.1725],[-77.2031,38.1872],[-77.1998,38.1808],[-77.1758,38.1626],[-77.176,38.1572],[-77.1725,38.1558],[-77.1493,38.168],[-77.1389,38.1624],[-77.1343,38.1591],[-77.1263,38.1367],[-77.1158,38.1338],[-77.1087,38.1369],[-77.1084,38.1455],[-77.0994,38.1544],[-77.0906,38.1533],[-77.0932,38.1452],[-77.0866,38.1337],[-77.0719,38.1361],[-77.0646,38.1432],[-77.0649,38.1514],[-77.0603,38.15],[-77.0571,38.1408],[-77.0631,38.1178],[-77.06,38.106],[-77.0456,38.0993],[-77.0348,38.0896],[-77.0173,38.0892],[-77.0036,38.0962],[-77.0039,38.1039],[-76.9997,38.1079],[-76.9962,38.107],[-76.9921,38.0905],[-76.936,38.0713],[-76.9193,38.031],[-76.92,38.0274],[-76.9259,38.0243],[-76.9245,38.0152],[-76.9161,38.0046],[-76.9226,38.0021],[-76.9222,37.998],[-76.9301,37.9891],[-76.9136,37.976],[-76.8885,37.9768],[-76.8821,37.9744],[-76.8898,37.9556],[-76.8743,37.9489],[-76.8472,37.922],[-76.8228,37.9178],[-76.819,37.9119],[-76.8266,37.9107],[-76.8239,37.9056],[-76.8084,37.8976],[-76.7961,37.8978],[-76.7964,37.8901],[-76.787,37.8758],[-76.7851,37.8649],[-76.7726,37.8555],[-76.7668,37.84],[-76.7356,37.7998],[-76.7198,37.7877],[-76.6942,37.7871],[-76.6816,37.7814],[-76.6846,37.7628],[-76.6796,37.7573],[-76.6692,37.7534],[-76.6338,37.7503],[-76.6258,37.7465],[-76.6242,37.7442],[-76.6272,37.7415],[-76.6211,37.7332],[-76.6254,37.7274],[-76.612,37.7271],[-76.6035,37.7219],[-76.5987,37.7091],[-76.6056,37.6984],[-76.5998,37.696],[-76.5927,37.6999],[-76.5898,37.6849],[-76.5775,37.6732],[-76.5781,37.6705],[-76.5822,37.6706],[-76.6018,37.6765],[-76.6096,37.6854],[-76.6177,37.686],[-76.6161,37.6823],[-76.6221,37.6761],[-76.6042,37.6734],[-76.5774,37.6596],[-76.5954,37.6601],[-76.5996,37.657],[-76.5869,37.6544],[-76.571,37.6445],[-76.5678,37.6376],[-76.5587,37.6338],[-76.539,37.6156],[-76.5333,37.6137],[-76.5038,37.6111],[-76.4897,37.6149],[-76.4526,37.6112],[-76.4439,37.6115],[-76.4367,37.6163],[-76.431,37.6148],[-76.4282,37.6102],[-76.4336,37.6062],[-76.4345,37.5999],[-76.4265,37.597],[-76.4286,37.5884],[-76.3856,37.5737],[-76.3438,37.5735],[-76.3273,37.564],[-76.3191,37.5665],[-76.2943,37.5623],[-76.2945,37.5582],[-76.3003,37.5565],[-76.3043,37.5457],[-76.3085,37.5436],[-76.3154,37.5433],[-76.3285,37.5514],[-76.332,37.5501],[-76.3253,37.5431],[-76.3264,37.5318],[-76.3312,37.5274],[-76.334,37.5297],[-76.333,37.5401],[-76.3393,37.5426],[-76.3418,37.539],[-76.3586,37.5395],[-76.3651,37.5364],[-76.3723,37.5434],[-76.3842,37.5387],[-76.3916,37.5417],[-76.3959,37.5363],[-76.4038,37.542],[-76.4084,37.5416],[-76.4204,37.5193],[-76.4242,37.5262],[-76.4304,37.529],[-76.4453,37.5217],[-76.4751,37.5442],[-76.4961,37.5411],[-76.5001,37.543],[-76.5028,37.5494],[-76.508,37.5505],[-76.5134,37.5588],[-76.5195,37.5517],[-76.5246,37.5508],[-76.5221,37.5467],[-76.506,37.5414],[-76.5069,37.5346],[-76.4847,37.5363],[-76.4747,37.5274],[-76.4643,37.5249],[-76.4611,37.5167],[-76.4496,37.5155],[-76.4457,37.5122],[-76.4339,37.5155],[-76.4289,37.5099],[-76.4202,37.5097],[-76.4108,37.5136],[-76.4071,37.5189],[-76.3995,37.5192],[-76.3959,37.5218],[-76.3973,37.53],[-76.3783,37.5268],[-76.3721,37.5226],[-76.3622,37.5232],[-76.3565,37.5072],[-76.3373,37.5071],[-76.3243,37.4991],[-76.3217,37.4927],[-76.327,37.4896],[-76.3455,37.4919],[-76.3485,37.4888],[-76.3463,37.487],[-76.3105,37.4824],[-76.2998,37.4889],[-76.2892,37.4791],[-76.2782,37.4779],[-76.279,37.473],[-76.2866,37.4709],[-76.2846,37.4645],[-76.3187,37.4681],[-76.3076,37.4565],[-76.3096,37.4493],[-76.3062,37.4474],[-76.3006,37.4554],[-76.2848,37.4595],[-76.2809,37.4567],[-76.2812,37.4481],[-76.2743,37.447],[-76.2724,37.4506],[-76.2758,37.467],[-76.2723,37.4669],[-76.2622,37.458],[-76.2667,37.4491],[-76.2651,37.4467],[-76.254,37.4469],[-76.2543,37.4678],[-76.2497,37.4663],[-76.2429,37.4489],[-76.2489,37.4322],[-76.2421,37.4012],[-76.2459,37.3809],[-76.249,37.3756],[-76.2589,37.3876],[-76.2792,37.3882],[-76.2799,37.3854],[-76.2588,37.3772],[-76.2529,37.3675],[-76.2554,37.3626],[-76.2585,37.3581],[-76.2701,37.3702],[-76.2773,37.3659],[-76.2915,37.3708],[-76.2872,37.3643],[-76.2662,37.3533],[-76.2734,37.3354],[-76.2697,37.3144],[-76.2778,37.3006],[-76.2851,37.3062],[-76.2755,37.3128],[-76.2759,37.3178],[-76.28,37.317],[-76.2836,37.3261],[-76.289,37.3226],[-76.2968,37.3301],[-76.3043,37.3298],[-76.311,37.3364],[-76.3095,37.3431],[-76.2986,37.3542],[-76.3198,37.347],[-76.3358,37.3647],[-76.331,37.3818],[-76.3268,37.3853],[-76.3278,37.3903],[-76.3235,37.3948],[-76.3343,37.4],[-76.3385,37.411],[-76.3332,37.4141],[-76.3306,37.4203],[-76.3328,37.4227],[-76.3434,37.4193],[-76.3471,37.4262],[-76.3569,37.4274],[-76.3558,37.4405],[-76.3597,37.4419],[-76.3647,37.4366],[-76.3673,37.429],[-76.3602,37.4198],[-76.3476,37.4163],[-76.3522,37.4032],[-76.341,37.3939],[-76.3421,37.3803],[-76.3569,37.3739],[-76.3648,37.3777],[-76.3627,37.3863],[-76.3679,37.3873],[-76.375,37.3838],[-76.3836,37.3868],[-76.3914,37.3942],[-76.3958,37.412],[-76.3895,37.4246],[-76.3917,37.4283],[-76.4002,37.4312],[-76.4044,37.4427],[-76.4078,37.4446],[-76.4126,37.4411],[-76.4092,37.4246],[-76.4325,37.4239],[-76.437,37.4408],[-76.4343,37.4502],[-76.4455,37.4585],[-76.4479,37.4569],[-76.4465,37.4347],[-76.4503,37.4284],[-76.4638,37.4224],[-76.4634,37.4192],[-76.4459,37.4224],[-76.4432,37.4155],[-76.4266,37.411],[-76.4167,37.4121],[-76.4134,37.408],[-76.4173,37.3985],[-76.4087,37.397],[-76.4097,37.3852],[-76.4033,37.3732],[-76.4102,37.3743],[-76.4277,37.3852],[-76.444,37.3842],[-76.4607,37.401],[-76.4682,37.4003],[-76.4761,37.4064],[-76.4814,37.4029],[-76.484,37.4124],[-76.4895,37.4176],[-76.4919,37.4158],[-76.4911,37.4067],[-76.4953,37.4032],[-76.4931,37.4009],[-76.4766,37.3941],[-76.4638,37.3938],[-76.4628,37.3906],[-76.4734,37.3732],[-76.4781,37.3719],[-76.4825,37.3766],[-76.4849,37.3748],[-76.487,37.3649],[-76.479,37.3624],[-76.476,37.366],[-76.4672,37.3671],[-76.4622,37.3629],[-76.4524,37.3623],[-76.4498,37.3694],[-76.4457,37.3711],[-76.4415,37.3597],[-76.4261,37.3539],[-76.4224,37.3456],[-76.4062,37.3447],[-76.404,37.342],[-76.4071,37.3375],[-76.4145,37.3395],[-76.4103,37.3285],[-76.418,37.3246],[-76.4284,37.3258],[-76.4317,37.33],[-76.4422,37.328],[-76.4426,37.3325],[-76.4494,37.3354],[-76.4595,37.3311],[-76.459,37.3275],[-76.4654,37.3267],[-76.4706,37.3287],[-76.4759,37.3401],[-76.4851,37.3413],[-76.4875,37.34],[-76.4797,37.3312],[-76.4791,37.318],[-76.467,37.3168],[-76.4453,37.3222],[-76.4458,37.3113],[-76.454,37.3083],[-76.4649,37.3113],[-76.4696,37.3101],[-76.4715,37.3051],[-76.4585,37.298],[-76.4565,37.2903],[-76.4505,37.2942],[-76.4519,37.3028],[-76.4426,37.3048],[-76.4377,37.3115],[-76.4157,37.311],[-76.4055,37.3198],[-76.393,37.3127],[-76.3944,37.3086],[-76.4031,37.3088],[-76.401,37.302],[-76.3953,37.3],[-76.3847,37.3043],[-76.3807,37.3028],[-76.3864,37.2925],[-76.3797,37.2851],[-76.385,37.2843],[-76.3917,37.2763],[-76.4061,37.2785],[-76.4051,37.2735],[-76.3886,37.2672],[-76.4193,37.2671],[-76.4283,37.2727],[-76.4264,37.2627],[-76.4358,37.2589],[-76.4609,37.2541],[-76.4765,37.2549],[-76.4721,37.2616],[-76.4681,37.2619],[-76.4685,37.2647],[-76.4749,37.2648],[-76.4836,37.2632],[-76.488,37.2565],[-76.5027,37.2496],[-76.5105,37.2712],[-76.524,37.2815],[-76.536,37.2849],[-76.5307,37.3007],[-76.534,37.3049],[-76.5362,37.2949],[-76.545,37.2906],[-76.5551,37.299],[-76.5609,37.3001],[-76.5635,37.3074],[-76.5484,37.3106],[-76.547,37.3133],[-76.5638,37.3137],[-76.571,37.3221],[-76.5748,37.314],[-76.5904,37.3298],[-76.5934,37.3412],[-76.5975,37.339],[-76.6093,37.3493],[-76.6393,37.3836],[-76.6555,37.3976],[-76.6579,37.4108],[-76.6618,37.4154],[-76.6718,37.4115],[-76.69,37.4224],[-76.6914,37.431],[-76.7,37.4335],[-76.7043,37.4427],[-76.7134,37.4461],[-76.7207,37.453],[-76.7292,37.4741],[-76.742,37.4893],[-76.7799,37.5156],[-76.7806,37.5279],[-76.7876,37.5416],[-76.7954,37.5368],[-76.7938,37.5327],[-76.7986,37.5287],[-76.8099,37.5512],[-76.8214,37.5555],[-76.8354,37.5531],[-76.8473,37.5452],[-76.8577,37.5309],[-76.8697,37.5366],[-76.851,37.5562],[-76.8505,37.5698],[-76.8564,37.5848],[-76.8755,37.5866],[-76.8873,37.5814],[-76.881,37.5627],[-76.8835,37.5573],[-76.8934,37.5571],[-76.8995,37.564],[-76.8998,37.5731],[-76.9095,37.5756],[-76.9442,37.5631],[-76.9506,37.547],[-76.9553,37.5457],[-76.965,37.5495],[-76.9573,37.5548],[-76.9548,37.5606],[-76.9577,37.5784],[-76.9654,37.589],[-76.9905,37.5863],[-76.9941,37.5819],[-76.9909,37.5741],[-77.0031,37.5734],[-77.0106,37.5763],[-77.0133,37.5818],[-77.0057,37.5848],[-77.0048,37.5934],[-77.0198,37.5955],[-77.0206,37.5892],[-77.0272,37.5844],[-77.0257,37.5753],[-77.0173,37.5674],[-77.0017,37.5648],[-76.988,37.5577],[-76.9827,37.5599],[-76.976,37.5688],[-76.9796,37.5816],[-76.9675,37.5809],[-76.9639,37.5667],[-76.9783,37.5525],[-76.9763,37.5439],[-76.95,37.5306],[-76.9454,37.5301],[-76.94,37.5345],[-76.9299,37.5579],[-76.9198,37.5644],[-76.914,37.5643],[-76.9052,37.5492],[-76.8879,37.5456],[-76.8815,37.5473],[-76.8731,37.5562],[-76.8729,37.577],[-76.8705,37.5793],[-76.8618,37.5777],[-76.8617,37.5641],[-76.868,37.5511],[-76.8825,37.5364],[-76.8776,37.5268],[-76.8522,37.5231],[-76.8353,37.539],[-76.8304,37.548],[-76.8164,37.55],[-76.8117,37.5335],[-76.804,37.5238],[-76.8078,37.5144],[-76.8066,37.5003],[-76.7671,37.4854],[-76.7607,37.4689],[-76.7496,37.4564],[-76.7443,37.4427],[-76.6948,37.4021],[-76.6728,37.3699],[-76.6608,37.3668],[-76.6556,37.3495],[-76.6439,37.3383],[-76.6275,37.3121],[-76.6179,37.3064],[-76.6257,37.2989],[-76.6101,37.2994],[-76.6,37.2901],[-76.5835,37.2834],[-76.5819,37.2793],[-76.5856,37.2739],[-76.5506,37.2672],[-76.5507,37.264],[-76.5272,37.2448],[-76.5055,37.237],[-76.4915,37.2267],[-76.4693,37.2171],[-76.4233,37.225],[-76.4181,37.2239],[-76.4132,37.2166],[-76.4364,37.2158],[-76.439,37.21],[-76.4367,37.2081],[-76.431,37.2061],[-76.4136,37.2084],[-76.4075,37.2019],[-76.4023,37.2018],[-76.4024,37.2136],[-76.3939,37.2093],[-76.3899,37.1946],[-76.3916,37.182],[-76.3957,37.1803],[-76.4062,37.1923],[-76.4164,37.1958],[-76.4321,37.1939],[-76.4474,37.1879],[-76.4417,37.1855],[-76.4191,37.1877],[-76.4094,37.1834],[-76.4067,37.1787],[-76.4069,37.1738],[-76.416,37.1645],[-76.4261,37.1724],[-76.4289,37.1712],[-76.4259,37.1615],[-76.427,37.1493],[-76.4442,37.152],[-76.4468,37.1448],[-76.4297,37.1399],[-76.4256,37.1407],[-76.4147,37.154],[-76.4091,37.1493],[-76.4049,37.1519],[-76.4058,37.1601],[-76.4003,37.1668],[-76.4019,37.1691],[-76.3966,37.173],[-76.3951,37.1653],[-76.3813,37.1649],[-76.3734,37.1602],[-76.3816,37.1441],[-76.3764,37.143],[-76.36,37.1485],[-76.3667,37.1546],[-76.3619,37.1576],[-76.3491,37.16],[-76.3536,37.1647],[-76.3657,37.165],[-76.3649,37.17],[-76.3509,37.1723],[-76.3378,37.1683],[-76.341,37.1612],[-76.3379,37.1525],[-76.3247,37.1358],[-76.3146,37.1292],[-76.3154,37.1378],[-76.3101,37.1404],[-76.2938,37.1295],[-76.2993,37.1229],[-76.2855,37.1221],[-76.2839,37.1179],[-76.2916,37.1141],[-76.3154,37.1111],[-76.3211,37.1135],[-76.3253,37.1104],[-76.3316,37.111],[-76.3353,37.1043],[-76.34,37.1035],[-76.343,37.1141],[-76.3511,37.1138],[-76.3577,37.1203],[-76.3769,37.1181],[-76.3792,37.1046],[-76.374,37.1049],[-76.3709,37.1089],[-76.3675,37.1074],[-76.3672,37.1011],[-76.3637,37.1032],[-76.358,37.0999],[-76.3509,37.1038],[-76.3491,37.0933],[-76.3383,37.0903],[-76.3372,37.0871],[-76.3439,37.0791],[-76.3581,37.0718],[-76.362,37.0592],[-76.3602,37.0478],[-76.3569,37.0464],[-76.3481,37.062],[-76.3356,37.0694],[-76.3351,37.083],[-76.3276,37.0833],[-76.3232,37.0918],[-76.3241,37.0959],[-76.316,37.097],[-76.3036,37.0767],[-76.3016,37.0835],[-76.3058,37.0931],[-76.277,37.1037],[-76.2689,37.0921],[-76.2698,37.0844],[-76.2959,37.013],[-76.3045,37.0019],[-76.3167,36.9995],[-76.3178,37.0018],[-76.2984,37.0231],[-76.3016,37.03],[-76.3201,37.0146],[-76.3271,37.0125],[-76.3413,37.0169],[-76.3505,37.0054],[-76.3885,36.9928],[-76.4139,36.9644],[-76.4197,36.9632],[-76.4298,36.9689],[-76.4473,36.9911],[-76.4452,37.0024],[-76.4568,37.014],[-76.4621,37.0255],[-76.4817,37.0391],[-76.5213,37.0583],[-76.5285,37.0675],[-76.5202,37.0877],[-76.5253,37.0883],[-76.5279,37.0825],[-76.5325,37.0821],[-76.5421,37.0864],[-76.5441,37.0942],[-76.5509,37.0975],[-76.5601,37.115],[-76.5669,37.1165],[-76.57,37.113],[-76.5685,37.1052],[-76.551,37.0803],[-76.5535,37.0763],[-76.5616,37.0769],[-76.5684,37.0803],[-76.5748,37.0927],[-76.6,37.1128],[-76.612,37.1149],[-76.6193,37.1205],[-76.6192,37.1246],[-76.6271,37.1279],[-76.619,37.1441],[-76.6063,37.1574],[-76.6036,37.1682],[-76.6116,37.1711],[-76.6211,37.1954],[-76.6348,37.2129],[-76.6496,37.221],[-76.6905,37.2238],[-76.699,37.2276],[-76.705,37.2223],[-76.6989,37.2181],[-76.7028,37.2159],[-76.7492,37.216],[-76.7505,37.2129],[-76.7391,37.2077],[-76.7364,37.203],[-76.746,37.1919],[-76.7536,37.1912],[-76.7749,37.2076],[-76.7809,37.2186],[-76.801,37.2385],[-76.8268,37.2441],[-76.8673,37.2432],[-76.8711,37.2505],[-76.8646,37.2549],[-76.8719,37.2773],[-76.8698,37.2867],[-76.8611,37.2875],[-76.8528,37.2945],[-76.8703,37.3049],[-76.8708,37.3081],[-76.8643,37.3111],[-76.8759,37.3265],[-76.8774,37.3196],[-76.8851,37.312],[-76.8837,37.3043],[-76.8775,37.3005],[-76.8838,37.2834],[-76.8843,37.2694],[-76.8789,37.2602],[-76.8843,37.2544],[-76.8953,37.2524],[-76.8984,37.2461],[-76.9112,37.245],[-76.916,37.2415],[-76.9173,37.2352],[-76.9397,37.2397],[-76.9601,37.2519],[-76.9835,37.2792],[-76.9847,37.2946],[-76.9902,37.3043],[-77.01,37.3174],[-77.0377,37.3034],[-77.0679,37.2809],[-77.0731,37.281],[-77.0766,37.282],[-77.0781,37.287],[-77.0763,37.3078],[-77.0805,37.3202],[-77.0741,37.3223],[-77.071,37.3286],[-77.098,37.3182],[-77.1165,37.3177],[-77.1271,37.312],[-77.1317,37.3121],[-77.1419,37.3196],[-77.1398,37.3123],[-77.1433,37.3114],[-77.1826,37.314],[-77.203,37.328],[-77.2302,37.3271],[-77.26,37.3195],[-77.2656,37.326],[-77.2613,37.3332],[-77.2643,37.3512],[-77.2701,37.3483],[-77.2758,37.3343],[-77.2927,37.3283],[-77.2926,37.3124],[-77.2739,37.3184],[-77.2713,37.3098],[-77.2577,37.2986],[-77.2545,37.2913],[-77.2474,37.2971],[-77.2322,37.3009],[-77.2274,37.3067],[-77.2266,37.3144],[-77.2237,37.3143],[-77.2175,37.3079],[-77.2066,37.3058],[-77.2018,37.2912],[-77.184,37.2868],[-77.1717,37.292],[-77.164,37.2991],[-77.1606,37.295],[-77.1453,37.3024],[-77.1252,37.2984],[-77.1031,37.3038],[-77.0965,37.311],[-77.0931,37.3086],[-77.0945,37.3014],[-77.089,37.2913],[-77.0872,37.2745],[-77.0678,37.2664],[-77.0674,37.2605],[-77.0528,37.2661],[-77.0329,37.2906],[-77.0147,37.2984],[-77.0151,37.3043],[-77.0024,37.3018],[-76.9973,37.2994],[-76.9995,37.285],[-76.9919,37.2712],[-76.9852,37.247],[-77.0068,37.2389],[-77.0135,37.2304],[-77.0155,37.2204],[-77.0042,37.2302],[-76.9784,37.241],[-76.9475,37.2313],[-76.9167,37.209],[-76.9006,37.2012],[-76.8726,37.2079],[-76.8166,37.2062],[-76.802,37.2091],[-76.8001,37.1991],[-76.8039,37.1905],[-76.7915,37.1915],[-76.7811,37.1805],[-76.7619,37.1696],[-76.747,37.1507],[-76.7339,37.1459],[-76.717,37.1477],[-76.695,37.1808],[-76.6922,37.193],[-76.6857,37.1983],[-76.6651,37.1778],[-76.67,37.1689],[-76.6728,37.1422],[-76.6666,37.1375],[-76.658,37.1069],[-76.659,37.0951],[-76.6704,37.0677],[-76.6654,37.0472],[-76.6382,37.0352],[-76.5979,37.0329],[-76.5815,37.0234],[-76.5799,37.0202],[-76.5845,37.0072],[-76.599,37.0039],[-76.6116,37.0065],[-76.6206,36.9985],[-76.6208,36.9935],[-76.6022,36.9976],[-76.586,36.9972],[-76.569,37.0041],[-76.5587,37.0034],[-76.5476,36.9913],[-76.5273,36.9808],[-76.5275,36.9759],[-76.5225,36.9721],[-76.4945,36.9646],[-76.4907,36.9604],[-76.4846,36.9394],[-76.4905,36.9364],[-76.4974,36.9492],[-76.5118,36.951],[-76.5131,36.9465],[-76.504,36.9426],[-76.5007,36.9266],[-76.502,36.9221],[-76.5167,36.913],[-76.51,36.9087],[-76.5042,36.91],[-76.4911,36.9214],[-76.4859,36.9209],[-76.4858,36.8954],[-76.5108,36.8879],[-76.5124,36.8789],[-76.5193,36.8768],[-76.5302,36.8652],[-76.5323,36.8544],[-76.5387,36.8536],[-76.5488,36.8439],[-76.5598,36.8419],[-76.5626,36.8311],[-76.558,36.8169],[-76.5637,36.8016],[-76.5605,36.7957],[-76.5559,36.7969],[-76.5559,36.8096],[-76.548,36.8217],[-76.5512,36.8276],[-76.5498,36.8344],[-76.5266,36.8388],[-76.5148,36.8472],[-76.5129,36.8498],[-76.5179,36.8559],[-76.5068,36.8592],[-76.5064,36.8696],[-76.4921,36.8675],[-76.4892,36.881],[-76.4857,36.8832],[-76.4806,36.8817],[-76.4556,36.8865],[-76.4516,36.9018],[-76.4468,36.9049],[-76.4393,36.9065],[-76.4074,36.8984],[-76.3878,36.8984],[-76.3805,36.9068],[-76.3769,36.924],[-76.374,36.9257],[-76.3488,36.9228],[-76.3463,36.8996],[-76.3426,36.8918],[-76.3517,36.8802],[-76.3403,36.864],[-76.3435,36.8573],[-76.3619,36.8578],[-76.3641,36.8465],[-76.3676,36.8439],[-76.3763,36.8423],[-76.383,36.8475],[-76.3887,36.8476],[-76.3903,36.8377],[-76.4002,36.8352],[-76.4031,36.8203],[-76.4009,36.8171],[-76.3981,36.8174],[-76.3917,36.8313],[-76.387,36.8349],[-76.3628,36.836],[-76.3589,36.8455],[-76.3542,36.849],[-76.3337,36.8566],[-76.3239,36.8577],[-76.3177,36.8548],[-76.3175,36.8457],[-76.3018,36.8481],[-76.2885,36.8382],[-76.2407,36.8391],[-76.2405,36.8432],[-76.2824,36.8462],[-76.2986,36.8561],[-76.3067,36.8559],[-76.3057,36.8654],[-76.3237,36.8745],[-76.3264,36.8805],[-76.317,36.8847],[-76.3126,36.8919],[-76.3133,36.9042],[-76.2961,36.901],[-76.2919,36.8922],[-76.2779,36.8842],[-76.2738,36.8845],[-76.2691,36.9003],[-76.2854,36.8971],[-76.2863,36.9016],[-76.2815,36.9069],[-76.2959,36.9073],[-76.303,36.9157],[-76.3055,36.9117],[-76.3123,36.9146],[-76.3245,36.9103],[-76.3324,36.9146],[-76.3352,36.9433],[-76.3319,36.9677],[-76.3295,36.969],[-76.3151,36.9564],[-76.3063,36.9589],[-76.3053,36.9561],[-76.2984,36.9555],[-76.2958,36.9491],[-76.2895,36.9489],[-76.2738,36.9525],[-76.2705,36.9606],[-76.2992,36.9637],[-76.3026,36.9656],[-76.3024,36.9705],[-76.2788,36.9695],[-76.2635,36.9636],[-76.2327,36.9433],[-76.1819,36.931],[-76.181,36.9251],[-76.1875,36.9112],[-76.1994,36.9129],[-76.2147,36.9069],[-76.204,36.9012],[-76.1813,36.9065],[-76.1745,36.9049],[-76.168,36.8957],[-76.1601,36.8914],[-76.1565,36.8818],[-76.1451,36.8801],[-76.1398,36.8827],[-76.1503,36.892],[-76.1571,36.9058],[-76.1788,36.9119],[-76.1756,36.9181],[-76.159,36.9158],[-76.1708,36.9225],[-76.1688,36.9284],[-76.1442,36.9259],[-76.0993,36.9119],[-76.0985,36.9046],[-76.1081,36.8945],[-76.1103,36.8973],[-76.1133,36.896],[-76.1207,36.8848],[-76.1202,36.8822],[-76.1077,36.879],[-76.1219,36.8572],[-76.1021,36.8616],[-76.0945,36.8782],[-76.0992,36.8883],[-76.0967,36.8928],[-76.0886,36.8944],[-76.0702,36.8807],[-76.079,36.8764],[-76.0748,36.8677],[-76.0776,36.8578],[-76.066,36.8588],[-76.0566,36.8513],[-76.0496,36.8524],[-76.0506,36.857],[-76.0579,36.8608],[-76.0633,36.8687],[-76.0536,36.8784],[-76.0641,36.8882],[-76.0642,36.8987],[-76.0848,36.9015],[-76.0908,36.909],[-76.0895,36.9125],[-76.0656,36.9173],[-76.0402,36.9316],[-76.0211,36.9328],[-75.9957,36.9221],[-75.9855,36.8937],[-75.9514,36.7629],[-75.8786,36.6042],[-75.8569,36.4939],[-75.7942,36.2734],[-75.7237,36.1256],[-75.7014,36.0871],[-75.6458,36.0042],[-75.5918,35.9132],[-75.5351,35.7953],[-75.5411,35.7905],[-75.5506,35.7932],[-75.55,35.8027],[-75.5567,35.8052],[-75.5607,35.7949],[-75.5634,35.7959],[-75.5667,35.7983],[-75.5668,35.8065],[-75.572,35.8058],[-75.5716,35.8121],[-75.5811,35.8143],[-75.5748,35.8254],[-75.5819,35.8393],[-75.591,35.8401],[-75.5925,35.8433],[-75.6011,35.8714],[-75.6021,35.8927],[-75.6093,35.8962],[-75.6082,35.9157],[-75.6397,35.9609],[-75.6697,35.9742],[-75.6672,35.9778],[-75.6857,36.0016],[-75.682,36.0183],[-75.6957,36.0565],[-75.7225,36.0465],[-75.7379,36.0553],[-75.7404,36.0817],[-75.7505,36.1252],[-75.7498,36.1274],[-75.7477,36.1255],[-75.7403,36.1053],[-75.7384,36.1084],[-75.7599,36.1827],[-75.7794,36.2306],[-75.7958,36.2348],[-75.796,36.2408],[-75.7881,36.2396],[-75.7862,36.2431],[-75.7995,36.249],[-75.8087,36.2589],[-75.8054,36.267],[-75.81,36.2866],[-75.8234,36.2926],[-75.8194,36.3038],[-75.8253,36.3212],[-75.8264,36.3417],[-75.8338,36.3519],[-75.8365,36.3666],[-75.8428,36.3768],[-75.8429,36.3945],[-75.8557,36.4008],[-75.8447,36.4045],[-75.8498,36.4147],[-75.8482,36.4237],[-75.8575,36.4213],[-75.8599,36.43],[-75.8669,36.4262],[-75.8729,36.4432],[-75.8709,36.4476],[-75.8642,36.4456],[-75.8601,36.4468],[-75.8599,36.45],[-75.8653,36.4556],[-75.8676,36.4661],[-75.8809,36.4743],[-75.8796,36.4983],[-75.8837,36.5071],[-75.873,36.5135],[-75.8713,36.5248],[-75.879,36.5401],[-75.8842,36.5393],[-75.8852,36.5426],[-75.8929,36.5387],[-75.8941,36.5474],[-75.8866,36.5581],[-75.887,36.5604],[-75.8957,36.5589],[-75.8978,36.5639],[-75.897,36.5793],[-75.8921,36.5746],[-75.8869,36.5749],[-75.8924,36.591],[-75.8849,36.5921],[-75.8864,36.5976],[-75.9073,36.6169],[-75.918,36.6689],[-75.9416,36.7159],[-75.9468,36.7151],[-75.9499,36.7216],[-75.9589,36.7137],[-75.9663,36.7153],[-75.9739,36.6751],[-75.9709,36.6668],[-75.9776,36.6471],[-75.9889,36.6383],[-75.9835,36.6314],[-75.9868,36.6215],[-75.9806,36.619],[-75.9854,36.6137],[-75.9809,36.5873],[-75.9887,36.5807],[-75.9908,36.5721],[-75.984,36.5506],[-75.9708,36.5391],[-75.9617,36.5374],[-75.9575,36.5418],[-75.9636,36.5532],[-75.9534,36.5633],[-75.9286,36.5658],[-75.9224,36.576],[-75.9161,36.5749],[-75.9243,36.5593],[-75.9164,36.5391],[-75.9113,36.5475],[-75.9079,36.547],[-75.9103,36.5339],[-75.907,36.5002],[-75.9092,36.4912],[-75.8991,36.4867],[-75.9004,36.4845],[-75.9101,36.4853],[-75.9179,36.4792],[-75.923,36.4794],[-75.9345,36.4889],[-75.9511,36.4899],[-75.9568,36.501],[-75.9692,36.4937],[-75.9691,36.4859],[-75.9727,36.4829],[-75.9867,36.4988],[-75.9803,36.5117],[-75.9713,36.5182],[-75.9717,36.5228],[-75.9937,36.529],[-76.013,36.5505],[-76.016,36.5597],[-76.0139,36.5678],[-76.0305,36.581],[-76.0374,36.5812],[-76.0482,36.5965],[-76.0616,36.6037],[-76.0662,36.6029],[-76.0681,36.5989],[-76.0525,36.5889],[-76.0528,36.5835],[-76.0444,36.5782],[-76.0442,36.5696],[-76.0359,36.5648],[-76.0352,36.5471],[-76.0287,36.5383],[-76.0327,36.5275],[-76.0249,36.525],[-76.0264,36.5178],[-76.0351,36.5154],[-76.0454,36.5266],[-76.0478,36.524],[-76.0435,36.5184],[-76.0552,36.5142],[-76.0607,36.5198],[-76.0733,36.5184],[-76.0811,36.5128],[-76.0767,36.509],[-76.0812,36.4996],[-76.0682,36.4969],[-76.042,36.5033],[-76.0129,36.447],[-75.9917,36.4372],[-75.9809,36.4355],[-75.9716,36.4393],[-75.9619,36.4172],[-75.9648,36.4163],[-75.9824,36.4296],[-75.999,36.4288],[-76.001,36.4235],[-75.9949,36.4205],[-75.9916,36.4068],[-75.9876,36.4067],[-75.9697,36.3884],[-75.9586,36.3816],[-75.9574,36.373],[-75.9515,36.366],[-75.9412,36.3656],[-75.9414,36.372],[-75.9484,36.3808],[-75.9493,36.3963],[-75.9366,36.3868],[-75.9296,36.3902],[-75.9319,36.3998],[-75.9369,36.4027],[-75.9343,36.4076],[-75.9439,36.4106],[-75.9331,36.4207],[-75.9334,36.4244],[-75.9453,36.4279],[-75.936,36.4299],[-75.9215,36.4235],[-75.9221,36.4004],[-75.9158,36.3811],[-75.9299,36.3634],[-75.9199,36.3576],[-75.9114,36.3451],[-75.908,36.3336],[-75.8962,36.3205],[-75.8838,36.2856],[-75.8726,36.2816],[-75.8723,36.277],[-75.8783,36.2704],[-75.8691,36.2515],[-75.8712,36.2447],[-75.862,36.2249],[-75.8516,36.2159],[-75.8423,36.1988],[-75.8405,36.1796],[-75.8355,36.1663],[-75.8237,36.1627],[-75.8275,36.1456],[-75.8219,36.1445],[-75.811,36.1355],[-75.8089,36.1222],[-75.7988,36.1192],[-75.7974,36.1137],[-75.8032,36.1002],[-75.7862,36.0792],[-75.7956,36.0727],[-75.8461,36.099],[-75.8653,36.1219],[-75.8678,36.1397],[-75.8645,36.1578],[-75.8663,36.1669],[-75.8888,36.1931],[-75.8999,36.1999],[-75.9006,36.2067],[-75.9096,36.2093],[-75.9103,36.2179],[-75.9173,36.225],[-75.9201,36.2373],[-75.9135,36.2448],[-75.9344,36.2469],[-75.9454,36.2559],[-75.9452,36.2804],[-75.9327,36.2886],[-75.9361,36.2901],[-75.9375,36.296],[-75.9469,36.2905],[-75.9602,36.2886],[-75.9645,36.2924],[-75.9658,36.3115],[-75.9701,36.3162],[-75.9887,36.3109],[-75.9954,36.3139],[-75.9994,36.3249],[-76.005,36.3264],[-76.0037,36.3182],[-76.0079,36.3157],[-75.9987,36.3054],[-75.9765,36.3042],[-75.9743,36.3018],[-75.987,36.2991],[-75.9962,36.2885],[-75.9826,36.2962],[-75.9775,36.296],[-75.9712,36.2858],[-75.9645,36.2824],[-75.9548,36.283],[-75.9552,36.2748],[-75.966,36.2766],[-75.9689,36.2744],[-75.9657,36.2711],[-75.97,36.2654],[-75.9686,36.2594],[-75.9596,36.2464],[-75.971,36.2463],[-75.9718,36.2414],[-75.9587,36.2414],[-75.9459,36.2241],[-75.9514,36.2071],[-75.9568,36.2027],[-75.9687,36.2145],[-75.9734,36.2114],[-75.9776,36.2184],[-75.9866,36.2205],[-75.9843,36.2104],[-75.994,36.2003],[-75.9794,36.2071],[-75.968,36.2072],[-75.9627,36.1988],[-75.9576,36.1987],[-75.9538,36.1944],[-75.957,36.1873],[-75.9513,36.188],[-75.9476,36.1924],[-75.9326,36.1756],[-75.9349,36.1738],[-75.9217,36.1752],[-75.9145,36.1722],[-75.9115,36.1644],[-75.9195,36.1642],[-75.9912,36.1771],[-76.0153,36.1861],[-76.0214,36.1895],[-76.0264,36.2019],[-76.0414,36.2105],[-76.05,36.2308],[-76.0635,36.2362],[-76.08,36.2368],[-76.0856,36.2497],[-76.1012,36.2579],[-76.1051,36.2703],[-76.1298,36.2902],[-76.1419,36.2883],[-76.1646,36.2913],[-76.1714,36.3024],[-76.1846,36.301],[-76.1929,36.2967],[-76.2019,36.2984],[-76.2052,36.3017],[-76.1976,36.3055],[-76.1998,36.3174],[-76.2052,36.3134],[-76.2044,36.3066],[-76.2094,36.3077],[-76.2196,36.298],[-76.2062,36.2935],[-76.2019,36.287],[-76.1894,36.2862],[-76.1848,36.2751],[-76.1739,36.2652],[-76.1456,36.2602],[-76.1353,36.2486],[-76.1351,36.2418],[-76.1237,36.23],[-76.1237,36.2196],[-76.1416,36.2256],[-76.1534,36.2196],[-76.1548,36.2129],[-76.1498,36.2118],[-76.146,36.2176],[-76.1397,36.2183],[-76.1247,36.2101],[-76.1172,36.2126],[-76.1053,36.2104],[-76.0797,36.1977],[-76.0766,36.1926],[-76.0792,36.1864],[-76.0898,36.1804],[-76.0809,36.1755],[-76.0748,36.1821],[-76.0726,36.1698],[-76.0671,36.1665],[-76.0588,36.1512],[-76.0608,36.1449],[-76.099,36.1344],[-76.1135,36.1403],[-76.1149,36.1458],[-76.1283,36.1412],[-76.1316,36.1427],[-76.1302,36.1481],[-76.1355,36.1555],[-76.1471,36.1523],[-76.1509,36.156],[-76.16,36.1568],[-76.153,36.1475],[-76.1433,36.1485],[-76.14,36.1461],[-76.143,36.143],[-76.1416,36.138],[-76.1197,36.1314],[-76.1425,36.1312],[-76.1668,36.1234],[-76.1883,36.1263],[-76.2043,36.1364],[-76.2162,36.1504],[-76.2272,36.1575],[-76.2315,36.164],[-76.227,36.1739],[-76.2317,36.1831],[-76.2338,36.1746],[-76.2492,36.1746],[-76.2487,36.185],[-76.2662,36.1887],[-76.2697,36.1975],[-76.2748,36.1994],[-76.2756,36.2054],[-76.2864,36.2179],[-76.2918,36.2127],[-76.2871,36.2039],[-76.2832,36.2024],[-76.2851,36.1989],[-76.2774,36.1918],[-76.278,36.1809],[-76.2941,36.1765],[-76.2696,36.1766],[-76.2687,36.1716],[-76.2599,36.1649],[-76.246,36.159],[-76.2369,36.1469],[-76.2357,36.1365],[-76.2286,36.1304],[-76.2277,36.1244],[-76.1927,36.1065],[-76.2172,36.0964],[-76.2272,36.1008],[-76.2387,36.0998],[-76.2475,36.1055],[-76.2539,36.1035],[-76.2841,36.1148],[-76.2945,36.1233],[-76.307,36.1242],[-76.3235,36.1351],[-76.3305,36.1335],[-76.3366,36.1369],[-76.3375,36.1415],[-76.3491,36.1382],[-76.3598,36.1408],[-76.3724,36.1384],[-76.3886,36.1575],[-76.3921,36.1672],[-76.3912,36.1744],[-76.3955,36.1682],[-76.4007,36.1679],[-76.4211,36.1812],[-76.4268,36.1814],[-76.4389,36.1926],[-76.4457,36.1924],[-76.4461,36.1956],[-76.4531,36.1926],[-76.4576,36.1946],[-76.4561,36.2013],[-76.4651,36.193],[-76.4629,36.1911],[-76.4643,36.1843],[-76.4569,36.1859],[-76.452,36.179],[-76.4426,36.1741],[-76.4357,36.163],[-76.4018,36.1443],[-76.3954,36.135],[-76.3723,36.1167],[-76.3653,36.1201],[-76.3488,36.1205],[-76.3391,36.1088],[-76.3138,36.1003],[-76.3025,36.1],[-76.3051,36.0932],[-76.3178,36.09],[-76.3231,36.0852],[-76.3361,36.0888],[-76.4032,36.0795],[-76.4089,36.0901],[-76.4147,36.0889],[-76.4223,36.1086],[-76.4259,36.1042],[-76.4226,36.0905],[-76.4284,36.0879],[-76.4149,36.0839],[-76.4169,36.0785],[-76.4436,36.0798],[-76.4641,36.0926],[-76.4828,36.0936],[-76.486,36.0869],[-76.4801,36.0899],[-76.4741,36.0852],[-76.4678,36.0859],[-76.4474,36.0722],[-76.4342,36.0727],[-76.4293,36.0689],[-76.4116,36.0697],[-76.4129,36.0652],[-76.4187,36.0645],[-76.4535,36.0378],[-76.4627,36.024],[-76.5036,36.0134],[-76.5136,36.006],[-76.5481,36.0116],[-76.5772,36.0092],[-76.6027,36.0367],[-76.6059,36.0545],[-76.6136,36.0602],[-76.6217,36.0586],[-76.6249,36.0623],[-76.643,36.0651],[-76.6343,36.0572],[-76.6286,36.0574],[-76.6248,36.0528],[-76.6186,36.0517],[-76.6246,36.0442],[-76.6386,36.0364],[-76.6545,36.0364],[-76.6774,36.0466],[-76.6914,36.0665],[-76.6915,36.0755],[-76.6885,36.0805],[-76.6926,36.091],[-76.6878,36.0954],[-76.6871,36.1113],[-76.7037,36.1104],[-76.7127,36.1401],[-76.7223,36.1549],[-76.7146,36.2137],[-76.7036,36.2302],[-76.693,36.2367],[-76.6909,36.2462],[-76.6715,36.2715],[-76.6722,36.2829],[-76.6806,36.2985],[-76.6749,36.3015],[-76.6844,36.3041],[-76.6879,36.3019],[-76.6989,36.3109],[-76.701,36.3168],[-76.706,36.3188],[-76.7047,36.3101],[-76.7014,36.3073],[-76.7049,36.3056],[-76.732,36.3258],[-76.7362,36.3336],[-76.7565,36.3533],[-76.7667,36.3558],[-76.7755,36.3642],[-76.7944,36.3629],[-76.8177,36.3658],[-76.8362,36.3767],[-76.881,36.3847],[-76.8916,36.3918],[-76.9189,36.3957],[-76.9156,36.3911],[-76.9077,36.3881],[-76.8934,36.3878],[-76.8829,36.3811],[-76.8726,36.3809],[-76.8353,36.3699],[-76.8264,36.3633],[-76.7924,36.3561],[-76.7774,36.3593],[-76.7709,36.3528],[-76.7607,36.3488],[-76.7412,36.3238],[-76.7262,36.3157],[-76.7187,36.3041],[-76.7008,36.2946],[-76.6983,36.2723],[-76.706,36.2661],[-76.7088,36.2553],[-76.7218,36.2457],[-76.7247,36.2308],[-76.733,36.2369],[-76.7377,36.2343],[-76.7438,36.2245],[-76.746,36.2132],[-76.7501,36.2106],[-76.7515,36.2043],[-76.7478,36.1974],[-76.7532,36.1921],[-76.7547,36.1844],[-76.7519,36.1693],[-76.7553,36.1554],[-76.7495,36.1307],[-76.7271,36.0965],[-76.7305,36.0698],[-76.7264,36.0593],[-76.7151,36.0453],[-76.7066,36.0428],[-76.7034,36.0114],[-76.7128,36.0053],[-76.709,36.0025],[-76.6956,36.0085],[-76.6877,36.0074],[-76.6834,36.0009],[-76.6828,35.9895],[-76.6952,35.9776],[-76.7174,35.966],[-76.7252,35.9566],[-76.7269,35.9422],[-76.7368,35.9379],[-76.7352,35.9342],[-76.7215,35.9361],[-76.7139,35.9414],[-76.7106,35.9381],[-76.7075,35.9453],[-76.6985,35.9432],[-76.6977,35.9339],[-76.6905,35.943],[-76.6631,35.9322],[-76.6368,35.9369],[-76.6095,35.9357],[-76.6065,35.9397],[-76.5945,35.9416],[-76.5576,35.9406],[-76.533,35.9435],[-76.5134,35.9484],[-76.4895,35.9608],[-76.4794,35.9592],[-76.4244,35.9789],[-76.4009,35.9831],[-76.3849,35.9731],[-76.3824,35.9644],[-76.3733,35.9542],[-76.3843,35.9495],[-76.3728,35.9405],[-76.3861,35.935],[-76.3834,35.9331],[-76.3755,35.9311],[-76.3679,35.9354],[-76.3658,35.9326],[-76.3639,35.9362],[-76.3565,35.9368],[-76.3499,35.9426],[-76.3139,35.9351],[-76.3171,35.9279],[-76.3093,35.9249],[-76.2887,35.9284],[-76.284,35.9183],[-76.2645,35.9217],[-76.2556,35.9192],[-76.2632,35.9262],[-76.277,35.9226],[-76.2778,35.9294],[-76.2854,35.9369],[-76.3018,35.9397],[-76.3145,35.946],[-76.312,35.9505],[-76.2892,35.9647],[-76.2717,35.9724],[-76.2235,35.9817],[-76.2182,35.9852],[-76.1816,35.9886],[-76.1665,35.9949],[-76.1569,35.9932],[-76.1499,35.9957],[-76.1309,35.9897],[-76.1137,35.9923],[-76.0803,35.9894],[-76.0625,35.991],[-76.0195,35.9655],[-76.0131,35.9572],[-76.0176,35.9464],[-76.0284,35.9468],[-76.0315,35.9419],[-76.0501,35.9557],[-76.0558,35.9559],[-76.0568,35.9595],[-76.0614,35.9579],[-76.0671,35.9367],[-76.0532,35.9299],[-76.0672,35.9226],[-76.0723,35.9228],[-76.0742,35.9301],[-76.0924,35.9412],[-76.0982,35.9386],[-76.1089,35.9517],[-76.1216,35.9489],[-76.1183,35.9457],[-76.1092,35.9472],[-76.1046,35.9361],[-76.0962,35.9345],[-76.0885,35.9283],[-76.0881,35.9247],[-76.0689,35.9123],[-76.0708,35.9078],[-76.0658,35.9062],[-76.0596,35.916],[-76.0433,35.9241],[-76.0406,35.9313],[-76.0301,35.925],[-76.0249,35.9267],[-76.0206,35.9338],[-76.0125,35.9249],[-76.0199,35.9143],[-76.0286,35.9118],[-76.0284,35.9045],[-76.0422,35.8891],[-76.0467,35.8684],[-76.0584,35.862],[-76.0658,35.8627],[-76.0707,35.8674],[-76.0748,35.8643],[-76.09,35.8671],[-76.0931,35.8722],[-76.0983,35.8719],[-76.0934,35.8785],[-76.0977,35.8832],[-76.0963,35.8773],[-76.1016,35.8725],[-76.0958,35.8641],[-76.0836,35.8582],[-76.0728,35.8579],[-76.0608,35.8489],[-76.0651,35.8318],[-76.0619,35.828],[-76.0618,35.8198],[-76.051,35.8077],[-76.0502,35.8008],[-76.055,35.7965],[-76.0528,35.7728],[-76.0548,35.7687],[-76.061,35.7694],[-76.0645,35.7663],[-76.066,35.77],[-76.0592,35.7816],[-76.062,35.7826],[-76.0703,35.7747],[-76.0702,35.767],[-76.0756,35.7717],[-76.082,35.7687],[-76.0892,35.7831],[-76.1007,35.7902],[-76.1015,35.798],[-76.107,35.8004],[-76.1233,35.7924],[-76.1196,35.7877],[-76.1229,35.7787],[-76.1186,35.7731],[-76.1102,35.7715],[-76.1038,35.7745],[-76.0962,35.7678],[-76.0894,35.7681],[-76.0775,35.7563],[-76.0691,35.7647],[-76.0636,35.7627],[-76.0588,35.7675],[-76.058,35.7611],[-76.0473,35.7476],[-76.0536,35.7247],[-76.0608,35.7176],[-76.0601,35.7085],[-76.0574,35.7071],[-76.0589,35.7003],[-76.0501,35.705],[-76.0424,35.7007],[-76.0367,35.69],[-76.0382,35.6828],[-76.0416,35.672],[-76.0462,35.6717],[-76.0644,35.6814],[-76.0731,35.6776],[-76.0871,35.6804],[-76.0941,35.6774],[-76.1017,35.6836],[-76.1165,35.6822],[-76.1126,35.6925],[-76.1209,35.6964],[-76.1301,35.6931],[-76.1332,35.6996],[-76.1376,35.7006],[-76.1368,35.6947],[-76.1298,35.6872],[-76.1223,35.6897],[-76.1256,35.6803],[-76.1208,35.6756],[-76.1153,35.6727],[-76.1072,35.6742],[-76.1053,35.6687],[-76.0943,35.6624],[-76.0879,35.664],[-76.0854,35.6698],[-76.0826,35.6693],[-76.0817,35.6643],[-76.0688,35.6625],[-76.0598,35.6708],[-76.0485,35.6591],[-76.0451,35.659],[-76.0476,35.6554],[-76.0445,35.6485],[-76.0368,35.646],[-76.0211,35.6523],[-76.0126,35.6629],[-76.0139,35.6706],[-76.0094,35.671],[-76.0051,35.6763],[-76.005,35.6903],[-75.9996,35.6951],[-76.0014,35.7052],[-75.998,35.7142],[-76.0028,35.7202],[-75.9948,35.7327],[-75.9962,35.7382],[-75.9889,35.7475],[-75.9902,35.7557],[-75.9831,35.7722],[-75.984,35.7859],[-75.9908,35.7979],[-75.9939,35.8144],[-75.9773,35.8393],[-75.989,35.8646],[-75.9808,35.8689],[-75.9841,35.8926],[-75.9643,35.901],[-75.9506,35.9133],[-75.9485,35.9205],[-75.9374,35.9264],[-75.9294,35.9262],[-75.9199,35.9236],[-75.9184,35.9203],[-75.9266,35.9156],[-75.9285,35.9112],[-75.9236,35.9069],[-75.9176,35.9131],[-75.9065,35.909],[-75.9035,35.8912],[-75.9073,35.8832],[-75.8974,35.8869],[-75.8897,35.883],[-75.8855,35.8879],[-75.8746,35.8789],[-75.8673,35.8777],[-75.8632,35.868],[-75.8599,35.8761],[-75.8623,35.8844],[-75.8522,35.8935],[-75.856,35.8973],[-75.864,35.8962],[-75.8729,35.8888],[-75.8794,35.8954],[-75.8918,35.8967],[-75.894,35.8982],[-75.8932,35.9122],[-75.9091,35.9241],[-75.9105,35.9296],[-75.8925,35.9367],[-75.8793,35.9272],[-75.8703,35.9264],[-75.8609,35.9206],[-75.8561,35.9264],[-75.8491,35.9284],[-75.8443,35.9237],[-75.8351,35.9256],[-75.8336,35.9206],[-75.8285,35.9204],[-75.8266,35.924],[-75.8108,35.9221],[-75.8167,35.9286],[-75.8472,35.9433],[-75.8655,35.9403],[-75.8728,35.9428],[-75.8733,35.9451],[-75.8602,35.9442],[-75.8554,35.9486],[-75.8567,35.9568],[-75.8496,35.9616],[-75.8563,35.975],[-75.8088,35.9588],[-75.8045,35.9545],[-75.8104,35.9507],[-75.8131,35.9526],[-75.815,35.9399],[-75.8042,35.9382],[-75.8007,35.9408],[-75.8033,35.945],[-75.7829,35.9338],[-75.7826,35.9188],[-75.7777,35.9136],[-75.7682,35.9124],[-75.7709,35.9034],[-75.7655,35.8987],[-75.7652,35.8941],[-75.762,35.8895],[-75.7487,35.8835],[-75.7542,35.8774],[-75.7482,35.8626],[-75.7512,35.8591],[-75.7506,35.85],[-75.7397,35.8419],[-75.7394,35.8378],[-75.735,35.8349],[-75.7353,35.8295],[-75.7282,35.8247],[-75.7331,35.8176],[-75.7257,35.8078],[-75.7343,35.7967],[-75.7326,35.7863],[-75.7413,35.7729],[-75.734,35.7613],[-75.7369,35.7505],[-75.7228,35.7382],[-75.7255,35.731],[-75.7212,35.7159],[-75.7155,35.7075],[-75.7152,35.6929],[-75.7282,35.683],[-75.7396,35.682],[-75.7372,35.6933],[-75.7404,35.6975],[-75.7497,35.7033],[-75.7666,35.7061],[-75.7797,35.6848],[-75.772,35.6791],[-75.7613,35.6778],[-75.7679,35.6717],[-75.7672,35.6635],[-75.7516,35.6488],[-75.7419,35.6503],[-75.7297,35.6258],[-75.736,35.6251],[-75.749,35.6156],[-75.75,35.6065],[-75.7793,35.5994],[-75.7846,35.595],[-75.7823,35.5859],[-75.7747,35.5802],[-75.7771,35.5784],[-75.8375,35.5701],[-75.8339,35.5741],[-75.8259,35.5752],[-75.8251,35.5801],[-75.813,35.5829],[-75.8132,35.5901],[-75.8179,35.5976],[-75.82,35.5904],[-75.8272,35.5934],[-75.8354,35.5878],[-75.8554,35.5844],[-75.8581,35.5876],[-75.8571,35.5958],[-75.868,35.6039],[-75.8621,35.6082],[-75.8695,35.6071],[-75.8732,35.6118],[-75.87,35.6176],[-75.8706,35.6281],[-75.868,35.6248],[-75.8614,35.63],[-75.8672,35.6284],[-75.872,35.6335],[-75.8828,35.6335],[-75.8885,35.6427],[-75.8947,35.6434],[-75.8908,35.6415],[-75.8917,35.636],[-75.8871,35.6363],[-75.8827,35.6244],[-75.8869,35.62],[-75.8913,35.6015],[-75.8948,35.5989],[-75.9025,35.6033],[-75.8826,35.5835],[-75.8808,35.5753],[-75.8927,35.5757],[-75.9014,35.5719],[-75.9046,35.5643],[-75.9182,35.5634],[-75.9248,35.5468],[-75.9148,35.5533],[-75.9086,35.5531],[-75.9134,35.5487],[-75.9125,35.5446],[-75.9315,35.5375],[-75.9445,35.5384],[-75.958,35.528],[-75.9544,35.5224],[-75.9615,35.5163],[-75.9775,35.5227],[-75.9757,35.5149],[-75.9798,35.5128],[-75.9887,35.5154],[-75.9919,35.5078],[-75.9705,35.5061],[-75.9672,35.5037],[-75.9714,35.4989],[-75.964,35.5009],[-75.9627,35.494],[-75.9879,35.4867],[-75.9971,35.473],[-76.0111,35.4762],[-76.0035,35.4691],[-75.9973,35.4689],[-75.9971,35.4621],[-76.0035,35.4595],[-75.9991,35.4576],[-76.0016,35.4522],[-76.0191,35.4415],[-76.0193,35.4387],[-76.0142,35.4372],[-76.0133,35.4235],[-76.0204,35.4174],[-76.0218,35.4111],[-76.0319,35.4124],[-76.0338,35.4188],[-76.0276,35.4299],[-76.0357,35.4261],[-76.0444,35.4328],[-76.0612,35.4365],[-76.0585,35.4332],[-76.0671,35.4303],[-76.0622,35.427],[-76.0581,35.4296],[-76.0518,35.4207],[-76.0666,35.4194],[-76.0613,35.412],[-76.0763,35.4057],[-76.085,35.3914],[-76.0773,35.3866],[-76.0792,35.3826],[-76.0695,35.3854],[-76.0611,35.3838],[-76.0697,35.37],[-76.0791,35.3735],[-76.0906,35.3689],[-76.0967,35.3609],[-76.104,35.3607],[-76.1123,35.3542],[-76.1219,35.3531],[-76.1212,35.3563],[-76.1306,35.3602],[-76.1391,35.3587],[-76.144,35.3516],[-76.136,35.3431],[-76.1503,35.3372],[-76.1516,35.3341],[-76.1468,35.3289],[-76.1543,35.3256],[-76.1638,35.3281],[-76.158,35.3302],[-76.1549,35.3365],[-76.1602,35.343],[-76.1774,35.3481],[-76.188,35.3407],[-76.1964,35.3414],[-76.2016,35.338],[-76.2049,35.3399],[-76.204,35.3467],[-76.2091,35.3478],[-76.2213,35.3391],[-76.2217,35.3441],[-76.2297,35.3534],[-76.2248,35.3601],[-76.2311,35.3594],[-76.241,35.3633],[-76.2414,35.367],[-76.2526,35.3687],[-76.2534,35.3764],[-76.2485,35.3835],[-76.24,35.3851],[-76.2358,35.3895],[-76.2444,35.3875],[-76.2537,35.3919],[-76.2527,35.3891],[-76.2606,35.378],[-76.26,35.368],[-76.2629,35.3667],[-76.259,35.3643],[-76.2626,35.3608],[-76.2529,35.3505],[-76.2583,35.3443],[-76.2698,35.3402],[-76.2876,35.3462],[-76.2929,35.3532],[-76.3025,35.3516],[-76.3061,35.3599],[-76.3011,35.3575],[-76.2858,35.3593],[-76.2873,35.363],[-76.2814,35.3678],[-76.2924,35.3636],[-76.3023,35.3675],[-76.3037,35.3739],[-76.3085,35.3691],[-76.3197,35.3694],[-76.3229,35.3745],[-76.322,35.3809],[-76.3208,35.3831],[-76.3118,35.3819],[-76.3124,35.3919],[-76.3172,35.3866],[-76.3318,35.3884],[-76.3331,35.3967],[-76.3457,35.4057],[-76.3455,35.4098],[-76.3503,35.4149],[-76.3548,35.4155],[-76.3576,35.4147],[-76.3513,35.4063],[-76.3641,35.409],[-76.3622,35.4012],[-76.3582,35.4033],[-76.3472,35.398],[-76.3547,35.3937],[-76.3446,35.3929],[-76.3597,35.3834],[-76.3507,35.3718],[-76.3571,35.3661],[-76.3518,35.3595],[-76.3477,35.3639],[-76.3443,35.3511],[-76.3537,35.3564],[-76.3566,35.3547],[-76.3494,35.3508],[-76.3569,35.3483],[-76.3665,35.3586],[-76.3779,35.3572],[-76.3849,35.3628],[-76.3936,35.3595],[-76.3926,35.3558],[-76.3962,35.3509],[-76.4009,35.3479],[-76.4042,35.3493],[-76.4046,35.3539],[-76.3989,35.3546],[-76.3986,35.361],[-76.4031,35.3602],[-76.4063,35.3648],[-76.4132,35.3614],[-76.4113,35.3654],[-76.4141,35.3669],[-76.4228,35.3613],[-76.4249,35.365],[-76.4174,35.3679],[-76.4218,35.3708],[-76.4205,35.3744],[-76.4142,35.3764],[-76.4117,35.3705],[-76.407,35.3739],[-76.4016,35.3683],[-76.4009,35.371],[-76.3819,35.3682],[-76.3786,35.3667],[-76.3821,35.3636],[-76.3703,35.3615],[-76.3618,35.3635],[-76.3621,35.368],[-76.3655,35.369],[-76.3607,35.3734],[-76.3731,35.3856],[-76.3804,35.3877],[-76.3845,35.3846],[-76.387,35.3915],[-76.3835,35.3937],[-76.3967,35.4018],[-76.397,35.4072],[-76.3905,35.4016],[-76.3804,35.3999],[-76.3807,35.4049],[-76.3884,35.4088],[-76.3838,35.4114],[-76.383,35.415],[-76.3879,35.4201],[-76.3856,35.4214],[-76.3919,35.4307],[-76.4139,35.4436],[-76.4154,35.4478],[-76.4053,35.4452],[-76.4008,35.4569],[-76.3858,35.4528],[-76.3873,35.4565],[-76.4034,35.462],[-76.4072,35.4543],[-76.4124,35.4522],[-76.4304,35.4646],[-76.4295,35.46],[-76.442,35.4586],[-76.4399,35.4562],[-76.4234,35.4571],[-76.4219,35.4534],[-76.4308,35.4446],[-76.4359,35.4448],[-76.4356,35.4379],[-76.4252,35.444],[-76.4177,35.4342],[-76.4207,35.4311],[-76.4083,35.4298],[-76.4198,35.4252],[-76.4283,35.4259],[-76.4309,35.4296],[-76.4356,35.4266],[-76.4296,35.4214],[-76.432,35.4183],[-76.4235,35.4185],[-76.4231,35.4158],[-76.432,35.406],[-76.4422,35.4063],[-76.444,35.4037],[-76.4354,35.3934],[-76.4374,35.3885],[-76.4402,35.389],[-76.4415,35.3963],[-76.4505,35.3966],[-76.4492,35.3888],[-76.4562,35.3959],[-76.4527,35.3985],[-76.4555,35.3999],[-76.4546,35.4058],[-76.4483,35.4093],[-76.4474,35.4147],[-76.4507,35.418],[-76.4471,35.4228],[-76.4544,35.4226],[-76.4552,35.4304],[-76.458,35.4314],[-76.4617,35.4237],[-76.457,35.4163],[-76.4725,35.4218],[-76.4711,35.4163],[-76.4577,35.4123],[-76.4573,35.4095],[-76.4629,35.4101],[-76.4603,35.4051],[-76.467,35.4057],[-76.4668,35.3998],[-76.4755,35.4051],[-76.4749,35.4073],[-76.4801,35.4052],[-76.481,35.4098],[-76.4843,35.4103],[-76.4875,35.4023],[-76.477,35.3974],[-76.4822,35.3944],[-76.4764,35.3869],[-76.4777,35.3838],[-76.4731,35.3846],[-76.4744,35.381],[-76.4705,35.379],[-76.4692,35.3722],[-76.4782,35.372],[-76.4774,35.377],[-76.4838,35.3735],[-76.4953,35.3807],[-76.4886,35.38],[-76.4943,35.3893],[-76.4956,35.3866],[-76.5017,35.3877],[-76.5037,35.3941],[-76.4953,35.3925],[-76.4986,35.3958],[-76.4906,35.3969],[-76.4992,35.4071],[-76.5021,35.405],[-76.4989,35.4012],[-76.5012,35.4004],[-76.5071,35.4069],[-76.5162,35.4058],[-76.5089,35.4038],[-76.5079,35.4006],[-76.5173,35.3941],[-76.5327,35.4013],[-76.5342,35.4073],[-76.5318,35.4095],[-76.5357,35.41],[-76.5376,35.4069],[-76.5402,35.4106],[-76.5328,35.4258],[-76.5244,35.4224],[-76.527,35.4275],[-76.5207,35.4305],[-76.5133,35.4194],[-76.5092,35.4224],[-76.5015,35.4181],[-76.5013,35.4222],[-76.5133,35.4321],[-76.5136,35.438],[-76.5215,35.4364],[-76.5197,35.4404],[-76.5268,35.4452],[-76.5301,35.4467],[-76.5315,35.4417],[-76.5261,35.4365],[-76.5279,35.4339],[-76.5363,35.4355],[-76.54,35.4406],[-76.5419,35.4356],[-76.5531,35.4373],[-76.5656,35.4482],[-76.5632,35.4526],[-76.5545,35.4565],[-76.5565,35.4506],[-76.5452,35.4494],[-76.5495,35.4545],[-76.5415,35.457],[-76.5447,35.4621],[-76.5372,35.4641],[-76.5375,35.47],[-76.5329,35.4731],[-76.5291,35.4689],[-76.5174,35.4663],[-76.5188,35.459],[-76.5135,35.4639],[-76.4942,35.4533],[-76.4908,35.4537],[-76.4957,35.457],[-76.4944,35.461],[-76.5138,35.4693],[-76.5097,35.4729],[-76.5243,35.4746],[-76.5195,35.4822],[-76.5269,35.4806],[-76.5278,35.4852],[-76.5366,35.4895],[-76.5389,35.4896],[-76.5326,35.4785],[-76.5366,35.4773],[-76.5454,35.4825],[-76.5412,35.4761],[-76.5481,35.4726],[-76.5455,35.4694],[-76.5519,35.4641],[-76.5564,35.466],[-76.5638,35.4753],[-76.562,35.4907],[-76.578,35.4998],[-76.5768,35.5021],[-76.5678,35.4995],[-76.5738,35.5042],[-76.5835,35.5032],[-76.5873,35.5069],[-76.5861,35.5091],[-76.5629,35.5098],[-76.5562,35.5074],[-76.5368,35.51],[-76.5084,35.5023],[-76.4981,35.5038],[-76.4887,35.4881],[-76.4858,35.4885],[-76.4885,35.4913],[-76.4891,35.5036],[-76.4791,35.511],[-76.4754,35.5068],[-76.4641,35.5065],[-76.4453,35.4977],[-76.4406,35.5012],[-76.4728,35.514],[-76.4646,35.5187],[-76.4695,35.5239],[-76.4663,35.5315],[-76.4677,35.5379],[-76.4643,35.5383],[-76.4617,35.5459],[-76.4578,35.544],[-76.4552,35.5525],[-76.4706,35.5616],[-76.4692,35.5666],[-76.4761,35.565],[-76.4769,35.5713],[-76.4846,35.5757],[-76.4843,35.5702],[-76.4883,35.5694],[-76.4891,35.564],[-76.4865,35.5594],[-76.4736,35.5567],[-76.4788,35.555],[-76.4846,35.5393],[-76.4939,35.5341],[-76.5096,35.5369],[-76.5201,35.5299],[-76.5313,35.5325],[-76.5283,35.5488],[-76.5329,35.5466],[-76.5366,35.5286],[-76.5488,35.5335],[-76.5527,35.5336],[-76.5557,35.5296],[-76.5655,35.5381],[-76.5846,35.5413],[-76.5851,35.5441],[-76.5774,35.5507],[-76.5928,35.5488],[-76.5937,35.5402],[-76.6078,35.5425],[-76.6101,35.5407],[-76.6071,35.5329],[-76.6144,35.5327],[-76.6292,35.5444],[-76.6399,35.5456],[-76.658,35.558],[-76.6505,35.575],[-76.6574,35.5702],[-76.6612,35.5626],[-76.6656,35.5645],[-76.6659,35.5582],[-76.6605,35.5526],[-76.663,35.5468],[-76.669,35.551],[-76.6777,35.5476],[-76.6855,35.5501],[-76.692,35.5571],[-76.6939,35.5526],[-76.6807,35.5427],[-76.671,35.5443],[-76.6612,35.5367],[-76.6572,35.5371],[-76.6557,35.5452],[-76.6519,35.5414],[-76.6391,35.5384],[-76.6248,35.5271],[-76.6238,35.5243],[-76.6291,35.5195],[-76.6369,35.5224],[-76.6518,35.5187],[-76.6555,35.5116],[-76.6624,35.509],[-76.6696,35.512],[-76.6704,35.5075],[-76.6767,35.5045],[-76.6723,35.5021],[-76.6798,35.4986],[-76.692,35.5031],[-76.7101,35.5031],[-76.7224,35.5207],[-76.7246,35.5226],[-76.7264,35.519],[-76.7176,35.4997],[-76.7116,35.4959],[-76.6985,35.4969],[-76.6914,35.4908],[-76.6846,35.492],[-76.6854,35.4861],[-76.6821,35.4846],[-76.6782,35.4845],[-76.6808,35.4878],[-76.6739,35.4912],[-76.672,35.4971],[-76.6554,35.5011],[-76.6391,35.512],[-76.635,35.501],[-76.6308,35.5072],[-76.6226,35.5002],[-76.6164,35.4882],[-76.5975,35.4818],[-76.603,35.4715],[-76.6016,35.466],[-76.6075,35.4594],[-76.6317,35.4623],[-76.6217,35.457],[-76.6236,35.4521],[-76.6083,35.4535],[-76.6059,35.4443],[-76.5932,35.4371],[-76.5951,35.4322],[-76.5875,35.4261],[-76.5894,35.422],[-76.5997,35.4305],[-76.6,35.4255],[-76.6056,35.4266],[-76.6119,35.4231],[-76.6031,35.4193],[-76.6001,35.4214],[-76.594,35.4194],[-76.5925,35.4167],[-76.6035,35.4102],[-76.5956,35.4091],[-76.5984,35.3982],[-76.5858,35.4129],[-76.5831,35.4105],[-76.5803,35.3973],[-76.5739,35.3889],[-76.5768,35.3881],[-76.5948,35.389],[-76.6114,35.3963],[-76.6534,35.4057],[-76.6605,35.4105],[-76.6598,35.4127],[-76.6498,35.4097],[-76.6502,35.4138],[-76.659,35.419],[-76.6519,35.4257],[-76.6305,35.4241],[-76.6359,35.4302],[-76.6449,35.4309],[-76.6487,35.4478],[-76.6534,35.4425],[-76.6521,35.4338],[-76.6589,35.4349],[-76.6586,35.4281],[-76.6642,35.4278],[-76.6634,35.4342],[-76.6804,35.446],[-76.6807,35.4392],[-76.6715,35.4303],[-76.6739,35.4267],[-76.6695,35.4239],[-76.6696,35.4212],[-76.6819,35.4238],[-76.6743,35.4163],[-76.7045,35.4235],[-76.7044,35.4398],[-76.7129,35.4396],[-76.7096,35.4359],[-76.7134,35.4283],[-76.7225,35.4258],[-76.7456,35.4278],[-76.7463,35.4238],[-76.7589,35.4186],[-76.7665,35.4266],[-76.7575,35.4268],[-76.7585,35.4295],[-76.7713,35.434],[-76.7764,35.4323],[-76.776,35.4282],[-76.8121,35.4432],[-76.8164,35.4493],[-76.8113,35.4628],[-76.8043,35.468],[-76.786,35.4739],[-76.7898,35.4776],[-76.796,35.4773],[-76.8121,35.4719],[-76.8122,35.4814],[-76.8028,35.5038],[-76.8054,35.5094],[-76.8141,35.5032],[-76.815,35.4955],[-76.8242,35.479],[-76.8225,35.4658],[-76.8253,35.4527],[-76.8317,35.4483],[-76.8491,35.4506],[-76.8636,35.4551],[-76.8646,35.4569],[-76.8559,35.4626],[-76.8638,35.4632],[-76.872,35.458],[-76.8921,35.4617],[-76.9058,35.4589],[-76.9258,35.4676],[-76.9291,35.47],[-76.925,35.4726],[-76.9294,35.4754],[-76.9136,35.4764],[-76.91,35.4799],[-76.9332,35.4796],[-76.9408,35.4725],[-76.9508,35.4769],[-76.9482,35.4873],[-76.9605,35.503],[-76.9573,35.4848],[-76.9693,35.4819],[-76.9788,35.4844],[-77.0002,35.5008],[-77.0093,35.5138],[-77.0396,35.5336],[-77.0361,35.5372],[-77.0463,35.5361],[-77.069,35.5489],[-77.0735,35.5504],[-77.0758,35.5477],[-77.0895,35.5594],[-77.0898,35.5526],[-77.1024,35.5519],[-77.0961,35.5491],[-77.0882,35.5503],[-77.08,35.5433],[-77.0709,35.5435],[-77.0598,35.5378],[-77.0502,35.5244],[-77.0434,35.5242],[-77.0237,35.5064],[-77.0218,35.4982],[-77.0389,35.5082],[-77.0435,35.5069],[-77.0512,35.5107],[-77.0539,35.5145],[-77.0725,35.5163],[-77.0715,35.5131],[-77.0627,35.5079],[-77.0553,35.5077],[-77.0035,35.4755],[-76.9844,35.4705],[-76.9753,35.4584],[-76.9692,35.4415],[-76.9762,35.4358],[-76.9741,35.4325],[-76.9766,35.4249],[-76.9733,35.4248],[-76.973,35.4157],[-76.9635,35.4136],[-76.9663,35.4005],[-76.9568,35.4135],[-76.9655,35.4219],[-76.9625,35.4245],[-76.9627,35.435],[-76.9254,35.449],[-76.914,35.4378],[-76.9095,35.4372],[-76.9085,35.4331],[-76.904,35.4343],[-76.8756,35.4245],[-76.8451,35.4241],[-76.8265,35.4105],[-76.8218,35.3995],[-76.8235,35.3859],[-76.8345,35.3803],[-76.848,35.3802],[-76.847,35.3783],[-76.8567,35.3759],[-76.858,35.3723],[-76.8273,35.376],[-76.8222,35.3781],[-76.8226,35.3818],[-76.816,35.3771],[-76.8135,35.3838],[-76.8145,35.3988],[-76.8008,35.3903],[-76.7731,35.3909],[-76.775,35.385],[-76.7439,35.3751],[-76.719,35.3748],[-76.7048,35.364],[-76.6947,35.3624],[-76.7,35.3593],[-76.7225,35.36],[-76.7238,35.3564],[-76.7357,35.3553],[-76.7434,35.3455],[-76.7496,35.3471],[-76.7497,35.343],[-76.7653,35.3348],[-76.7697,35.3254],[-76.7786,35.3279],[-76.7959,35.3193],[-76.7753,35.2987],[-76.7859,35.3154],[-76.7841,35.3181],[-76.7749,35.3214],[-76.765,35.3148],[-76.7565,35.3305],[-76.7467,35.3347],[-76.7434,35.3333],[-76.7398,35.3382],[-76.7343,35.3344],[-76.7253,35.3473],[-76.7099,35.3501],[-76.6977,35.3456],[-76.7094,35.3369],[-76.7056,35.3204],[-76.7004,35.3353],[-76.6941,35.3383],[-76.6848,35.3312],[-76.6828,35.3375],[-76.6905,35.3423],[-76.6817,35.3497],[-76.6495,35.3388],[-76.6442,35.3437],[-76.6279,35.3428],[-76.6225,35.3367],[-76.6273,35.3305],[-76.6506,35.3261],[-76.6384,35.3231],[-76.6409,35.3159],[-76.631,35.3238],[-76.6226,35.3226],[-76.6234,35.3167],[-76.6303,35.3138],[-76.6237,35.3104],[-76.625,35.3063],[-76.6388,35.3008],[-76.6478,35.3006],[-76.6462,35.2974],[-76.6264,35.3],[-76.62,35.2921],[-76.6219,35.2881],[-76.6332,35.287],[-76.6401,35.2822],[-76.6473,35.287],[-76.6542,35.2836],[-76.6592,35.2842],[-76.6596,35.2896],[-76.6644,35.2938],[-76.6701,35.2926],[-76.6747,35.2905],[-76.6653,35.2875],[-76.6666,35.2835],[-76.6595,35.2769],[-76.6471,35.2784],[-76.6416,35.2755],[-76.6199,35.2803],[-76.6152,35.2729],[-76.6123,35.2755],[-76.6068,35.2713],[-76.5883,35.2685],[-76.601,35.2748],[-76.6102,35.2841],[-76.6105,35.2891],[-76.6047,35.294],[-76.5971,35.2878],[-76.5969,35.2905],[-76.5872,35.2934],[-76.5783,35.2918],[-76.5843,35.297],[-76.5939,35.295],[-76.6067,35.299],[-76.6113,35.2964],[-76.6151,35.3011],[-76.612,35.3064],[-76.6142,35.3088],[-76.6091,35.3086],[-76.6067,35.3126],[-76.5983,35.311],[-76.6048,35.3176],[-76.6099,35.3154],[-76.6119,35.3219],[-76.6082,35.329],[-76.5985,35.331],[-76.5709,35.3302],[-76.5503,35.3255],[-76.5555,35.3221],[-76.5688,35.327],[-76.5792,35.3223],[-76.5759,35.3204],[-76.5662,35.3219],[-76.5573,35.3194],[-76.5536,35.3147],[-76.5528,35.3197],[-76.5471,35.3204],[-76.5428,35.3158],[-76.5361,35.3151],[-76.5391,35.3098],[-76.5523,35.3061],[-76.5457,35.3009],[-76.5416,35.3057],[-76.5332,35.3041],[-76.5323,35.2996],[-76.5387,35.2948],[-76.5354,35.2919],[-76.5389,35.2898],[-76.5301,35.285],[-76.5322,35.2891],[-76.528,35.3058],[-76.5246,35.3066],[-76.5184,35.2955],[-76.5164,35.3009],[-76.5114,35.2994],[-76.5196,35.306],[-76.5172,35.3078],[-76.5266,35.3126],[-76.5291,35.319],[-76.4931,35.317],[-76.4832,35.3131],[-76.4811,35.3094],[-76.4835,35.3067],[-76.4919,35.3079],[-76.4917,35.3124],[-76.499,35.3131],[-76.4964,35.3071],[-76.5005,35.3041],[-76.5014,35.2973],[-76.4948,35.2925],[-76.495,35.288],[-76.499,35.2877],[-76.4969,35.2835],[-76.5052,35.2751],[-76.4984,35.2758],[-76.4966,35.279],[-76.494,35.273],[-76.4887,35.2787],[-76.4815,35.2758],[-76.4784,35.2816],[-76.481,35.2867],[-76.477,35.287],[-76.4683,35.2809],[-76.4764,35.2761],[-76.467,35.2613],[-76.4753,35.2643],[-76.4784,35.2693],[-76.4979,35.2631],[-76.4851,35.2591],[-76.4875,35.2564],[-76.4789,35.2471],[-76.4928,35.2507],[-76.4971,35.2422],[-76.503,35.2487],[-76.504,35.2401],[-76.5128,35.2436],[-76.5142,35.2504],[-76.5232,35.2507],[-76.5194,35.2483],[-76.5208,35.2415],[-76.5127,35.2336],[-76.5055,35.2311],[-76.4992,35.2336],[-76.5018,35.2269],[-76.4913,35.2211],[-76.4949,35.2162],[-76.502,35.2214],[-76.5188,35.2247],[-76.5264,35.2313],[-76.546,35.2323],[-76.551,35.2347],[-76.5518,35.2411],[-76.5561,35.2339],[-76.5587,35.2377],[-76.5788,35.2419],[-76.5879,35.2399],[-76.5626,35.226],[-76.5611,35.2232],[-76.5656,35.222],[-76.5681,35.217],[-76.5732,35.2167],[-76.5699,35.2144],[-76.5654,35.2151],[-76.5629,35.2196],[-76.5546,35.2166],[-76.5545,35.2198],[-76.5499,35.222],[-76.5388,35.2175],[-76.5395,35.2144],[-76.5308,35.2082],[-76.5309,35.2046],[-76.5213,35.2057],[-76.5181,35.2024],[-76.521,35.1993],[-76.5278,35.199],[-76.523,35.1939],[-76.5274,35.1836],[-76.5363,35.1857],[-76.5327,35.1901],[-76.5361,35.1902],[-76.5391,35.198],[-76.5436,35.1991],[-76.5432,35.1945],[-76.5501,35.1906],[-76.5592,35.2022],[-76.561,35.2005],[-76.5573,35.194],[-76.5657,35.1947],[-76.5806,35.2024],[-76.5787,35.2078],[-76.5848,35.208],[-76.5929,35.2177],[-76.5958,35.2156],[-76.6085,35.2196],[-76.5959,35.2128],[-76.5967,35.2074],[-76.5874,35.2021],[-76.6075,35.2055],[-76.5977,35.1984],[-76.6028,35.1976],[-76.6239,35.2032],[-76.6235,35.1996],[-76.6184,35.1994],[-76.6214,35.1954],[-76.6129,35.1979],[-76.5981,35.1879],[-76.6092,35.1919],[-76.6122,35.1888],[-76.6044,35.1854],[-76.6068,35.1832],[-76.6168,35.1848],[-76.6125,35.1802],[-76.6286,35.1743],[-76.6469,35.1789],[-76.6557,35.1841],[-76.6431,35.1901],[-76.6464,35.192],[-76.6451,35.1952],[-76.652,35.204],[-76.6606,35.2011],[-76.6661,35.2035],[-76.6624,35.1984],[-76.6539,35.2],[-76.6502,35.1931],[-76.6588,35.1897],[-76.6621,35.1916],[-76.662,35.1816],[-76.6668,35.1758],[-76.6774,35.1775],[-76.6709,35.1709],[-76.6808,35.1644],[-76.6804,35.1589],[-76.7026,35.1546],[-76.7035,35.1464],[-76.7107,35.1493],[-76.7154,35.1572],[-76.7168,35.1504],[-76.7142,35.1463],[-76.7182,35.1455],[-76.7235,35.152],[-76.728,35.1521],[-76.7394,35.1479],[-76.7413,35.1438],[-76.7593,35.1434],[-76.7454,35.1389],[-76.7386,35.1401],[-76.7356,35.1459],[-76.726,35.1461],[-76.7238,35.1442],[-76.7338,35.1359],[-76.7329,35.1286],[-76.7375,35.1269],[-76.7302,35.1263],[-76.7215,35.1192],[-76.7284,35.1298],[-76.7282,35.1348],[-76.7184,35.14],[-76.7107,35.1362],[-76.7077,35.1406],[-76.6894,35.1342],[-76.6906,35.1456],[-76.6826,35.1485],[-76.6675,35.1454],[-76.6701,35.1505],[-76.668,35.1595],[-76.6536,35.1682],[-76.65,35.159],[-76.6465,35.1625],[-76.6348,35.1613],[-76.6418,35.1551],[-76.6382,35.1468],[-76.6345,35.1554],[-76.631,35.1575],[-76.6254,35.1555],[-76.6258,35.1597],[-76.6133,35.1625],[-76.6038,35.1604],[-76.6057,35.1559],[-76.6158,35.1566],[-76.6132,35.1548],[-76.6156,35.1494],[-76.6092,35.1528],[-76.6083,35.1496],[-76.5963,35.152],[-76.5966,35.1456],[-76.6052,35.1427],[-76.6112,35.1347],[-76.6106,35.1229],[-76.6053,35.1273],[-76.6056,35.1336],[-76.6009,35.1385],[-76.5937,35.1351],[-76.5928,35.1432],[-76.5835,35.1489],[-76.5791,35.1469],[-76.5822,35.1402],[-76.5775,35.1333],[-76.5706,35.1358],[-76.5733,35.1367],[-76.5747,35.1445],[-76.5728,35.1504],[-76.5666,35.1511],[-76.5698,35.1539],[-76.5668,35.1579],[-76.5749,35.1541],[-76.585,35.1548],[-76.5811,35.1647],[-76.5878,35.1667],[-76.579,35.1747],[-76.5719,35.1699],[-76.5695,35.1739],[-76.5656,35.1724],[-76.5643,35.1638],[-76.5555,35.1594],[-76.548,35.1501],[-76.5394,35.1549],[-76.5362,35.1511],[-76.546,35.1451],[-76.5439,35.1423],[-76.5515,35.1352],[-76.5589,35.12],[-76.5587,35.1136],[-76.5675,35.1175],[-76.5715,35.1154],[-76.5836,35.1212],[-76.5823,35.1134],[-76.5679,35.108],[-76.5695,35.0981],[-76.5756,35.0996],[-76.5893,35.0955],[-76.5862,35.1008],[-76.5878,35.104],[-76.5843,35.1062],[-76.5903,35.1109],[-76.5943,35.1097],[-76.5934,35.1042],[-76.5982,35.0984],[-76.6017,35.1076],[-76.6064,35.1032],[-76.6049,35.0977],[-76.6083,35.0983],[-76.6091,35.1042],[-76.6188,35.1013],[-76.6123,35.0957],[-76.6136,35.0934],[-76.623,35.0969],[-76.6259,35.0947],[-76.6346,35.1004],[-76.6381,35.1114],[-76.6419,35.1011],[-76.6356,35.0918],[-76.6556,35.0833],[-76.6359,35.085],[-76.6354,35.0818],[-76.628,35.0857],[-76.6227,35.0773],[-76.6229,35.0864],[-76.6111,35.0847],[-76.6091,35.0801],[-76.6059,35.0887],[-76.6009,35.0862],[-76.5957,35.0902],[-76.592,35.086],[-76.594,35.0779],[-76.6086,35.0665],[-76.6376,35.0587],[-76.6452,35.0639],[-76.6508,35.0636],[-76.6476,35.0612],[-76.6489,35.0576],[-76.6412,35.052],[-76.663,35.0417],[-76.6739,35.0506],[-76.6752,35.0457],[-76.6644,35.0363],[-76.6788,35.0285],[-76.6822,35.04],[-76.6847,35.0346],[-76.6869,35.0355],[-76.6832,35.03],[-76.6953,35.0226],[-76.6974,35.0263],[-76.6954,35.0335],[-76.7011,35.0319],[-76.7007,35.0414],[-76.7063,35.0411],[-76.7116,35.0485],[-76.7124,35.0431],[-76.7076,35.0384],[-76.7063,35.0275],[-76.7136,35.029],[-76.7239,35.0384],[-76.7267,35.038],[-76.721,35.0261],[-76.7306,35.025],[-76.7389,35.0288],[-76.7385,35.0243],[-76.7315,35.0182],[-76.7161,35.0227],[-76.7151,35.02],[-76.71,35.0217],[-76.7045,35.0183],[-76.7059,35.0115],[-76.7117,35.0085],[-76.7124,35.0045],[-76.7345,35.0005],[-76.7516,34.9933],[-76.7518,35.0019],[-76.7587,35.0116],[-76.7657,35.0046],[-76.7757,35.0085],[-76.7788,35.0149],[-76.7854,35.0183],[-76.7821,35.0037],[-76.7609,34.9994],[-76.7595,34.9917],[-76.772,34.9766],[-76.7997,34.9701],[-76.8039,34.9643],[-76.8077,34.968],[-76.8205,34.9711],[-76.8504,34.9951],[-76.8532,34.9938],[-76.8637,34.9995],[-76.8653,35.0014],[-76.8623,35.0045],[-76.866,35.0118],[-76.861,35.0244],[-76.8692,35.0283],[-76.8672,35.0232],[-76.8726,35.0138],[-76.8725,35.0025],[-76.8971,35.0195],[-76.9013,35.0264],[-76.9265,35.028],[-76.9341,35.0354],[-76.9279,35.0357],[-76.9304,35.0435],[-76.9189,35.0496],[-76.9141,35.0567],[-76.9168,35.0595],[-76.9245,35.0515],[-76.9375,35.0478],[-76.9411,35.0438],[-76.9461,35.0444],[-76.9477,35.0476],[-76.9426,35.0484],[-76.9411,35.0574],[-76.9371,35.0601],[-76.9355,35.07],[-76.9381,35.0764],[-76.9447,35.0657],[-76.9539,35.06],[-76.9529,35.0573],[-76.9585,35.0565],[-76.9663,35.0594],[-76.967,35.0694],[-76.9825,35.0771],[-76.9719,35.061],[-76.972,35.0573],[-76.9792,35.0598],[-76.9988,35.0762],[-77.0067,35.0909],[-77.0052,35.0986],[-77.0151,35.1043],[-77.0186,35.1026],[-77.0166,35.1111],[-77.0384,35.1426],[-77.0418,35.1418],[-77.0639,35.1528],[-77.0695,35.152],[-77.0798,35.1632],[-77.0813,35.1523],[-77.0921,35.1662],[-77.0949,35.1644],[-77.0914,35.1534],[-77.0771,35.1463],[-77.0806,35.1409],[-77.0715,35.1448],[-77.0604,35.1409],[-77.0572,35.1358],[-77.0532,35.1371],[-77.0506,35.132],[-77.0531,35.1262],[-77.0453,35.1228],[-77.0345,35.1116],[-77.0343,35.1039],[-77.0511,35.1038],[-77.0485,35.0979],[-77.0528,35.0898],[-77.0557,35.0867],[-77.0585,35.0881],[-77.0587,35.0827],[-77.0697,35.0752],[-77.0827,35.0728],[-77.1032,35.0792],[-77.124,35.0798],[-77.1232,35.0852],[-77.1365,35.0773],[-77.132,35.0754],[-77.1311,35.0692],[-77.1264,35.0766],[-77.1224,35.077],[-77.1057,35.072],[-77.1009,35.0669],[-77.1002,35.071],[-77.094,35.0704],[-77.0795,35.0678],[-77.0785,35.0646],[-77.0664,35.0724],[-77.0706,35.0662],[-77.0662,35.0633],[-77.0666,35.067],[-77.0558,35.0708],[-77.0554,35.0794],[-77.0396,35.0972],[-77.0368,35.0967],[-77.0346,35.0939],[-77.037,35.0912],[-77.0308,35.0906],[-77.0255,35.0837],[-77.0177,35.0807],[-77.0138,35.067],[-76.9894,35.0428],[-76.9769,35.0034],[-76.9517,34.9877],[-76.9344,34.9718],[-76.9183,34.9678],[-76.8963,34.9568],[-76.9086,34.9575],[-76.9084,34.9494],[-76.9179,34.9482],[-76.93,34.9413],[-76.9245,34.9389],[-76.9125,34.9426],[-76.911,34.9403],[-76.9163,34.9337],[-76.9136,34.9309],[-76.9185,34.906],[-76.9153,34.9014],[-76.9091,34.9158],[-76.9039,34.9193],[-76.906,34.9234],[-76.9004,34.9232],[-76.9049,34.9365],[-76.9018,34.9451],[-76.8973,34.9454],[-76.8965,34.9509],[-76.8905,34.948],[-76.8691,34.9479],[-76.857,34.9425],[-76.856,34.9398],[-76.8639,34.9382],[-76.8617,34.9377],[-76.8636,34.9323],[-76.8579,34.9344],[-76.8552,34.9311],[-76.8539,34.9234],[-76.8604,34.9136],[-76.8649,34.9128],[-76.8628,34.91],[-76.8649,34.9014],[-76.862,34.9013],[-76.8636,34.8918],[-76.857,34.9012],[-76.859,34.9062],[-76.8547,34.9157],[-76.8507,34.9187],[-76.8372,34.9066],[-76.8418,34.9167],[-76.8489,34.9223],[-76.8468,34.9304],[-76.8489,34.936],[-76.8273,34.9408],[-76.8122,34.9404],[-76.8107,34.9354],[-76.8045,34.9357],[-76.761,34.9163],[-76.7618,34.9104],[-76.7721,34.9062],[-76.7826,34.896],[-76.7822,34.8928],[-76.7765,34.8945],[-76.765,34.9028],[-76.7694,34.8902],[-76.7687,34.8802],[-76.7641,34.8696],[-76.7672,34.8633],[-76.7612,34.8591],[-76.7597,34.8677],[-76.7551,34.8698],[-76.7615,34.8795],[-76.7613,34.8972],[-76.7589,34.9008],[-76.7528,34.8979],[-76.757,34.9044],[-76.7524,34.9224],[-76.7331,34.9278],[-76.7306,34.9186],[-76.7281,34.9267],[-76.7111,34.9431],[-76.7078,34.9543],[-76.6993,34.9573],[-76.6853,34.956],[-76.6888,34.9525],[-76.6814,34.9541],[-76.6784,34.9467],[-76.6728,34.9465],[-76.6593,34.9343],[-76.6628,34.9317],[-76.663,34.9254],[-76.6686,34.9269],[-76.6671,34.9223],[-76.6637,34.9218],[-76.6702,34.916],[-76.667,34.9119],[-76.6825,34.9023],[-76.6838,34.8987],[-76.6793,34.8995],[-76.6766,34.8962],[-76.6715,34.8979],[-76.6702,34.9024],[-76.6675,34.9005],[-76.6604,34.9076],[-76.6516,34.9051],[-76.6506,34.9014],[-76.6355,34.9],[-76.6403,34.907],[-76.6602,34.913],[-76.647,34.9317],[-76.6389,34.9256],[-76.6401,34.9361],[-76.6502,34.9373],[-76.6593,34.9462],[-76.6525,34.9491],[-76.6614,34.9499],[-76.6611,34.9576],[-76.6651,34.9545],[-76.6713,34.9551],[-76.6774,34.9685],[-76.6642,34.9754],[-76.6583,34.982],[-76.6425,34.9839],[-76.6422,34.9784],[-76.6322,34.989],[-76.6143,34.9876],[-76.5911,34.9787],[-76.5893,34.9691],[-76.5953,34.9602],[-76.5873,34.9632],[-76.5826,34.9544],[-76.5867,34.9509],[-76.594,34.9507],[-76.5919,34.9479],[-76.5881,34.9441],[-76.5857,34.9481],[-76.5795,34.9498],[-76.5763,34.9456],[-76.5718,34.9464],[-76.5592,34.9392],[-76.561,34.9351],[-76.5522,34.9317],[-76.5511,34.9203],[-76.5694,34.9118],[-76.5615,34.9134],[-76.5577,34.9105],[-76.5496,34.9157],[-76.5446,34.9133],[-76.5396,34.8995],[-76.5302,34.8974],[-76.5183,34.8889],[-76.5271,34.9033],[-76.5338,34.9039],[-76.5376,34.9081],[-76.5318,34.912],[-76.5379,34.9145],[-76.5405,34.9177],[-76.5376,34.919],[-76.5442,34.9233],[-76.5433,34.9305],[-76.5254,34.9291],[-76.5174,34.9325],[-76.5419,34.9373],[-76.5484,34.9407],[-76.5509,34.948],[-76.5653,34.9525],[-76.5696,34.9568],[-76.5672,34.9617],[-76.5732,34.965],[-76.58,34.9752],[-76.5776,34.9793],[-76.5811,34.9889],[-76.5639,34.9961],[-76.5552,34.99],[-76.5534,34.994],[-76.5576,34.9991],[-76.5513,35.0012],[-76.5108,35.0036],[-76.5184,34.9966],[-76.5096,34.9941],[-76.5047,34.9889],[-76.5195,34.9848],[-76.5221,34.9767],[-76.5112,34.9832],[-76.5098,34.9759],[-76.4971,34.9841],[-76.4933,34.9818],[-76.4932,34.9708],[-76.5006,34.9684],[-76.501,34.9606],[-76.5007,34.9538],[-76.4944,34.9559],[-76.4757,34.9853],[-76.4834,34.9878],[-76.4798,34.9941],[-76.486,34.9943],[-76.4898,34.9971],[-76.4879,35.0011],[-76.4966,35.0064],[-76.493,35.0126],[-76.4849,35.0165],[-76.4774,35.0104],[-76.4761,35.0144],[-76.4765,35.0176],[-76.4853,35.0215],[-76.4915,35.0203],[-76.4931,35.0236],[-76.489,35.0271],[-76.4861,35.0406],[-76.4808,35.045],[-76.4786,35.0331],[-76.4742,35.0307],[-76.4696,35.0333],[-76.4595,35.0212],[-76.4585,35.0307],[-76.4526,35.0355],[-76.4599,35.0362],[-76.4696,35.0442],[-76.4539,35.0442],[-76.4548,35.0492],[-76.468,35.056],[-76.4677,35.061],[-76.478,35.0581],[-76.4704,35.0756],[-76.4632,35.0745],[-76.4448,35.058],[-76.437,35.0578],[-76.4323,35.0499],[-76.4366,35.0409],[-76.4341,35.0341],[-76.4194,35.0254],[-76.4327,35.0276],[-76.4385,35.0246],[-76.437,35.0201],[-76.4418,35.0138],[-76.4361,35.0046],[-76.4408,34.9993],[-76.4375,34.9969],[-76.4239,35.001],[-76.4265,34.992],[-76.4214,34.9814],[-76.4227,34.9778],[-76.4293,34.9807],[-76.4344,34.9791],[-76.4308,34.9722],[-76.4346,34.9632],[-76.4536,34.9647],[-76.4579,34.9698],[-76.4673,34.9605],[-76.4546,34.9547],[-76.4544,34.9488],[-76.4646,34.9455],[-76.467,34.9415],[-76.4571,34.9389],[-76.4464,34.9272],[-76.4421,34.9102],[-76.4375,34.9256],[-76.4475,34.939],[-76.4387,34.9474],[-76.4309,34.9458],[-76.4228,34.9515],[-76.4172,34.9504],[-76.4105,34.9629],[-76.4042,34.9645],[-76.4016,34.9604],[-76.4055,34.9487],[-76.3995,34.9458],[-76.4128,34.9371],[-76.396,34.9366],[-76.3936,34.9397],[-76.3831,34.9366],[-76.3807,34.9402],[-76.3908,34.9519],[-76.3895,34.955],[-76.3853,34.9612],[-76.3704,34.9558],[-76.382,34.9725],[-76.3833,34.9798],[-76.3793,34.9806],[-76.3785,34.9746],[-76.368,34.9711],[-76.3635,34.9719],[-76.362,34.9782],[-76.3556,34.9726],[-76.346,34.9732],[-76.3368,34.9665],[-76.3342,34.9724],[-76.3303,34.9727],[-76.3306,34.9672],[-76.3263,34.9621],[-76.3191,34.9601],[-76.3181,34.9705],[-76.3575,35.0258],[-76.3507,35.0274],[-76.3481,35.0228],[-76.3295,35.0126],[-76.3313,35.0232],[-76.3367,35.0261],[-76.3372,35.0288],[-76.3344,35.0292],[-76.3008,35.0145],[-76.297,35.0003],[-76.301,34.9977],[-76.3071,35.0124],[-76.3134,35.009],[-76.316,35.0136],[-76.3189,35.0123],[-76.2937,34.9738],[-76.2769,34.9633],[-76.2773,34.9533],[-76.2954,34.9512],[-76.2928,34.9479],[-76.2837,34.9485],[-76.2841,34.9413],[-76.2994,34.939],[-76.2941,34.9316],[-76.2983,34.9258],[-76.315,34.9281],[-76.3303,34.9368],[-76.3508,34.9311],[-76.3563,34.9331],[-76.3688,34.9303],[-76.3585,34.9222],[-76.3448,34.9268],[-76.3354,34.9238],[-76.3468,34.9096],[-76.3321,34.9109],[-76.3143,34.9072],[-76.331,34.8882],[-76.3541,34.8735],[-76.3702,34.8762],[-76.3767,34.8696],[-76.381,34.8743],[-76.3834,34.8694],[-76.3806,34.8588],[-76.3902,34.8578],[-76.3968,34.8593],[-76.3993,34.8662],[-76.3931,34.8792],[-76.4014,34.8926],[-76.4097,34.8834],[-76.4077,34.8792],[-76.4188,34.8437],[-76.4137,34.8349],[-76.4156,34.8295],[-76.4207,34.8287],[-76.4314,34.8381],[-76.4311,34.8327],[-76.4395,34.8202],[-76.4441,34.819],[-76.4456,34.8231],[-76.4609,34.8313],[-76.4648,34.8305],[-76.4623,34.825],[-76.4531,34.8188],[-76.4506,34.8123],[-76.4767,34.7668],[-76.4807,34.766],[-76.4816,34.771],[-76.4849,34.7716],[-76.4878,34.7685],[-76.4931,34.7755],[-76.4939,34.7823],[-76.4822,34.7938],[-76.4743,34.7958],[-76.4739,34.8031],[-76.481,34.8074],[-76.5009,34.7884],[-76.512,34.7906],[-76.501,34.7748],[-76.5145,34.7743],[-76.5013,34.7675],[-76.5016,34.7621],[-76.5196,34.759],[-76.5159,34.7539],[-76.5189,34.7508],[-76.5109,34.7419],[-76.5111,34.7378],[-76.5072,34.7377],[-76.504,34.7326],[-76.5106,34.7228],[-76.5174,34.7216],[-76.5207,34.7231],[-76.522,34.7309],[-76.526,34.7305],[-76.5257,34.7233],[-76.5437,34.722],[-76.5513,34.7267],[-76.5521,34.7336],[-76.5564,34.7246],[-76.5755,34.7238],[-76.5807,34.7321],[-76.5763,34.7434],[-76.5897,34.7451],[-76.5893,34.7538],[-76.5873,34.7601],[-76.5777,34.7616],[-76.5764,34.767],[-76.5668,34.7676],[-76.5717,34.771],[-76.5721,34.7878],[-76.5779,34.7839],[-76.5782,34.7762],[-76.5857,34.7714],[-76.5934,34.7748],[-76.6018,34.7873],[-76.6061,34.8038],[-76.6106,34.8048],[-76.618,34.8141],[-76.6236,34.8138],[-76.6259,34.8112],[-76.6169,34.7873],[-76.6169,34.7741],[-76.6212,34.7652],[-76.62,34.7565],[-76.628,34.7262],[-76.637,34.7247],[-76.6199,34.7187],[-76.6174,34.7114],[-76.6198,34.7092],[-76.6498,34.7128],[-76.6701,34.7106],[-76.6761,34.7144],[-76.6712,34.7375],[-76.6609,34.7408],[-76.6587,34.753],[-76.6758,34.7721],[-76.6733,34.778],[-76.68,34.78],[-76.6786,34.7868],[-76.6861,34.8061],[-76.6921,34.7981],[-76.6924,34.7776],[-76.7168,34.7824],[-76.7337,34.7806],[-76.7485,34.7746],[-76.7722,34.7567],[-76.763,34.7491],[-76.7524,34.7479],[-76.738,34.7571],[-76.735,34.7634],[-76.7199,34.7625],[-76.7064,34.7521],[-76.7066,34.7462],[-76.7082,34.7363],[-76.7246,34.744],[-76.7248,34.7394],[-76.721,34.7362],[-76.7219,34.7294],[-76.7036,34.7257],[-76.695,34.7286],[-76.6931,34.7213],[-76.6972,34.7182],[-76.8466,34.731],[-76.8988,34.7278],[-76.902,34.7311],[-76.9175,34.722],[-76.9321,34.7187],[-76.9468,34.7291],[-76.9486,34.7278],[-76.9417,34.7176],[-76.948,34.7132],[-76.9667,34.7087],[-76.9727,34.7125],[-76.9757,34.7067],[-76.9984,34.6973],[-77.0179,34.6991],[-77.0176,34.6927],[-77.0266,34.6925],[-77.0296,34.6862],[-77.0364,34.6846],[-77.0401,34.691],[-77.0469,34.688],[-77.058,34.6906],[-77.0548,34.6855],[-77.0605,34.682],[-77.0994,34.6739],[-77.1108,34.6828],[-77.0911,34.6882],[-77.0908,34.696],[-77.0969,34.6975],[-77.0902,34.7118],[-77.0802,34.7093],[-77.075,34.7128],[-77.0823,34.7139],[-77.0882,34.7204],[-77.095,34.7179],[-77.0994,34.7198],[-77.1014,34.7258],[-77.1129,34.7329],[-77.1126,34.741],[-77.1175,34.7434],[-77.1098,34.7541],[-77.112,34.7574],[-77.1177,34.7534],[-77.1263,34.7632],[-77.1368,34.7662],[-77.1385,34.7636],[-77.1463,34.7674],[-77.1476,34.7623],[-77.1345,34.753],[-77.1323,34.7365],[-77.1353,34.7316],[-77.1145,34.7193],[-77.1125,34.7133],[-77.1167,34.6902],[-77.1359,34.6848],[-77.1394,34.6813],[-77.1362,34.6766],[-77.1476,34.6715],[-77.1767,34.7003],[-77.1906,34.7025],[-77.1744,34.6862],[-77.1673,34.6837],[-77.1652,34.6805],[-77.1726,34.6761],[-77.1672,34.6715],[-77.1604,34.6718],[-77.158,34.6617],[-77.2025,34.6378],[-77.1999,34.6464],[-77.2165,34.6522],[-77.2167,34.6454],[-77.2063,34.6415],[-77.2065,34.6338],[-77.2299,34.6207],[-77.2296,34.613],[-77.2802,34.5724],[-77.3195,34.5515],[-77.3243,34.5561],[-77.3372,34.5564],[-77.3396,34.566],[-77.3372,34.5719],[-77.341,34.5765],[-77.354,34.5718],[-77.3606,34.5733],[-77.361,34.5779],[-77.372,34.5836],[-77.3678,34.5907],[-77.3711,34.5922],[-77.3763,34.5878],[-77.3776,34.581],[-77.3907,34.5913],[-77.4022,34.5824],[-77.406,34.5843],[-77.4057,34.5948],[-77.3993,34.601],[-77.392,34.6036],[-77.3764,34.6018],[-77.3638,34.6111],[-77.3584,34.6223],[-77.3445,34.6343],[-77.3418,34.6324],[-77.3406,34.6365],[-77.3154,34.6373],[-77.3214,34.6419],[-77.3392,34.6433],[-77.3433,34.6534],[-77.3548,34.6609],[-77.3638,34.6747],[-77.3772,34.6764],[-77.3759,34.6813],[-77.3598,34.6796],[-77.3516,34.6881],[-77.3669,34.6839],[-77.3762,34.7045],[-77.3989,34.7137],[-77.3948,34.7195],[-77.375,34.7236],[-77.3693,34.7271],[-77.3686,34.7316],[-77.4049,34.7329],[-77.4102,34.7262],[-77.4199,34.7214],[-77.4218,34.7305],[-77.4288,34.7384],[-77.429,34.7489],[-77.4329,34.7494],[-77.4372,34.7396],[-77.4297,34.7271],[-77.4318,34.7145],[-77.4283,34.7034],[-77.4382,34.6932],[-77.4373,34.6841],[-77.4306,34.6844],[-77.4183,34.7018],[-77.4144,34.7008],[-77.41,34.683],[-77.3872,34.6634],[-77.383,34.6529],[-77.3727,34.6454],[-77.3723,34.6408],[-77.3763,34.6382],[-77.3743,34.6304],[-77.3767,34.6268],[-77.4012,34.6128],[-77.4137,34.6208],[-77.4276,34.623],[-77.4462,34.6179],[-77.4544,34.6081],[-77.4534,34.6049],[-77.4489,34.6057],[-77.4437,34.6101],[-77.4382,34.5918],[-77.4181,34.5746],[-77.4199,34.5687],[-77.4172,34.5673],[-77.4102,34.5758],[-77.3973,34.5778],[-77.3975,34.5719],[-77.3754,34.565],[-77.3701,34.5576],[-77.3618,34.5542],[-77.3627,34.5447],[-77.3889,34.5458],[-77.3912,34.5431],[-77.3921,34.5345],[-77.373,34.5377],[-77.3757,34.5218],[-77.3977,34.5151],[-77.4072,34.5171],[-77.4234,34.5138],[-77.4231,34.5074],[-77.4389,34.5032],[-77.4508,34.4962],[-77.4597,34.4955],[-77.4708,34.4999],[-77.4739,34.489],[-77.4998,34.4828],[-77.496,34.479],[-77.4977,34.4777],[-77.5365,34.4605],[-77.561,34.4327],[-77.5721,34.4348],[-77.5742,34.4389],[-77.5785,34.4253],[-77.592,34.4206],[-77.5997,34.4249],[-77.6055,34.4354],[-77.6094,34.4351],[-77.6121,34.4215],[-77.6,34.4163],[-77.6023,34.4127],[-77.6221,34.4035],[-77.67,34.3663],[-77.6793,34.3719],[-77.6791,34.3774],[-77.6831,34.3766],[-77.6869,34.3603],[-77.6843,34.3548],[-77.7006,34.3474],[-77.7128,34.3299],[-77.732,34.3207],[-77.7447,34.306],[-77.753,34.3089],[-77.7636,34.3077],[-77.7566,34.2994],[-77.7471,34.2997],[-77.7634,34.2754],[-77.8033,34.2403],[-77.8217,34.2188],[-77.8279,34.2176],[-77.8393,34.2232],[-77.8287,34.2071],[-77.8431,34.1901],[-77.8574,34.1949],[-77.864,34.1928],[-77.8484,34.1789],[-77.8496,34.173],[-77.8577,34.1631],[-77.8667,34.1596],[-77.8673,34.1574],[-77.8619,34.155],[-77.883,34.1104],[-77.8881,34.0859],[-77.8952,34.0697],[-77.9014,34.0662],[-77.9232,34.0597],[-77.9265,34.0621],[-77.9289,34.0739],[-77.9269,34.1071],[-77.9306,34.1349],[-77.9414,34.1473],[-77.9433,34.1601],[-77.9575,34.1885],[-77.967,34.1869],[-77.9725,34.1679],[-77.9619,34.1495],[-77.9522,34.1175],[-77.9431,34.0642],[-77.9479,34.0502],[-77.9471,34.0361],[-77.9564,34.0208],[-77.9551,33.9848],[-77.9575,33.9803],[-77.9732,33.9701],[-77.9867,33.9436],[-77.9992,33.9288],[-78.0318,33.9107],[-78.0336,33.9043],[-78.0155,33.8986],[-78.0167,33.894],[-78.0212,33.8919],[-78.0421,33.8959],[-78.0971,33.9104],[-78.1534,33.9163],[-78.1789,33.9172],[-78.2266,33.9125],[-78.231,33.9139],[-78.2309,33.9171],[-78.1977,33.9184],[-78.1926,33.9224],[-78.2113,33.9263],[-78.2067,33.9331],[-78.2071,33.9394],[-78.2173,33.9542],[-78.2289,33.9557],[-78.2301,33.953],[-78.2176,33.9414],[-78.2183,33.9351],[-78.234,33.9276],[-78.2407,33.9222],[-78.242,33.9172],[-78.3723,33.9051],[-78.375,33.9078],[-78.3605,33.914],[-78.3631,33.9199],[-78.3585,33.9276],[-78.3457,33.9329],[-78.359,33.9335],[-78.3614,33.9508],[-78.3658,33.9518],[-78.371,33.9423],[-78.3688,33.9405],[-78.3723,33.9305],[-78.3696,33.9287],[-78.3737,33.9192],[-78.3787,33.9161],[-78.392,33.9181],[-78.3877,33.9094],[-78.4571,33.8971],[-78.5472,33.8733],[-78.5511,33.8715],[-78.5574,33.8589],[-78.5645,33.8609],[-78.5675,33.871],[-78.5729,33.8761],[-78.5698,33.8818],[-78.5492,33.8856],[-78.5469,33.8887],[-78.569,33.8899],[-78.5817,33.879],[-78.5928,33.876],[-78.5946,33.8715],[-78.622,33.8652],[-78.6086,33.8625],[-78.5825,33.8713],[-78.5781,33.8685],[-78.5741,33.8556],[-78.5537,33.8539],[-78.5543,33.8516],[-78.6715,33.8185],[-78.7392,33.7889],[-78.7915,33.7586],[-78.8653,33.7045],[-78.8869,33.6821],[-78.9297,33.6488],[-79.0085,33.5665],[-79.0304,33.5342],[-79.0341,33.5348],[-79.0506,33.514],[-79.0821,33.4858],[-79.1209,33.431],[-79.1455,33.3877],[-79.1537,33.3437],[-79.1594,33.3351],[-79.1633,33.3334],[-79.1638,33.337],[-79.1569,33.3483],[-79.163,33.3484],[-79.1709,33.338],[-79.173,33.3426],[-79.1701,33.3503],[-79.1742,33.3608],[-79.1781,33.3604],[-79.1811,33.3464],[-79.178,33.3381],[-79.1829,33.336],[-79.1705,33.3312],[-79.1707,33.3239],[-79.1641,33.3211],[-79.1831,33.2399],[-79.1728,33.2074],[-79.1805,33.2067],[-79.1981,33.252],[-79.2002,33.2807],[-79.1951,33.2884],[-79.1998,33.2994],[-79.2041,33.3031],[-79.2415,33.3023],[-79.2537,33.2966],[-79.2652,33.2995],[-79.2722,33.3032],[-79.2748,33.311],[-79.2679,33.3227],[-79.2766,33.3274],[-79.2704,33.3364],[-79.264,33.3281],[-79.259,33.3289],[-79.2375,33.3823],[-79.2139,33.4029],[-79.2093,33.4142],[-79.1902,33.4276],[-79.1806,33.4419],[-79.1866,33.4429],[-79.2023,33.4314],[-79.2266,33.4017],[-79.2412,33.3901],[-79.253,33.3753],[-79.2545,33.3603],[-79.2573,33.3571],[-79.2617,33.3586],[-79.2632,33.3631],[-79.2604,33.3886],[-79.2615,33.3922],[-79.2648,33.3918],[-79.2697,33.3673],[-79.2782,33.3538],[-79.2858,33.3589],[-79.2875,33.3562],[-79.2844,33.3466],[-79.2943,33.3249],[-79.2902,33.3103],[-79.2943,33.2981],[-79.2917,33.2898],[-79.2806,33.2715],[-79.2655,33.2585],[-79.2213,33.246],[-79.2051,33.2353],[-79.2026,33.2229],[-79.2075,33.2044],[-79.2049,33.197],[-79.1963,33.1905],[-79.2054,33.1743],[-79.2016,33.172],[-79.1927,33.18],[-79.1869,33.194],[-79.1815,33.1898],[-79.1855,33.1799],[-79.1979,33.166],[-79.2251,33.1496],[-79.2367,33.1243],[-79.239,33.1684],[-79.2476,33.1749],[-79.258,33.1774],[-79.2698,33.1894],[-79.2942,33.1775],[-79.3106,33.1773],[-79.3112,33.1746],[-79.2885,33.1619],[-79.2676,33.1616],[-79.2473,33.1376],[-79.2498,33.1258],[-79.2724,33.1189],[-79.2651,33.1279],[-79.2649,33.1379],[-79.2881,33.1514],[-79.3057,33.1508],[-79.3264,33.1556],[-79.3506,33.1546],[-79.3316,33.1443],[-79.2977,33.1388],[-79.2804,33.1281],[-79.28,33.1231],[-79.2968,33.1074],[-79.2924,33.1051],[-79.3013,33.0993],[-79.3195,33.0927],[-79.3349,33.0939],[-79.3516,33.0804],[-79.3803,33.0672],[-79.3756,33.0567],[-79.3773,33.0521],[-79.3899,33.0555],[-79.4003,33.0525],[-79.3699,33.0397],[-79.3667,33.0365],[-79.3713,33.0261],[-79.3832,33.0331],[-79.3975,33.0301],[-79.4023,33.037],[-79.4099,33.0389],[-79.4402,33.0302],[-79.4408,33.0271],[-79.437,33.0252],[-79.4271,33.026],[-79.43,33.021],[-79.424,33.0195],[-79.4183,33.0286],[-79.4112,33.0317],[-79.4003,33.0247],[-79.3785,33.023],[-79.3694,33.0147],[-79.3716,33.0111],[-79.4033,33.0165],[-79.4121,33.0126],[-79.4582,33.0064],[-79.4962,32.9928],[-79.4983,32.9946],[-79.4927,33.0018],[-79.4767,33.0084],[-79.4726,33.0243],[-79.4758,33.0275],[-79.481,33.0126],[-79.4866,33.0099],[-79.4904,33.0109],[-79.4919,33.0177],[-79.5064,33.0298],[-79.509,33.0394],[-79.5173,33.0358],[-79.5408,33.0343],[-79.5354,33.0301],[-79.5503,33.0258],[-79.5829,33.0061],[-79.5852,33.0007],[-79.5814,32.9975],[-79.5843,32.9921],[-79.6048,32.9764],[-79.6066,32.9655],[-79.6145,32.9515],[-79.613,32.9428],[-79.6251,32.9411],[-79.624,32.9375],[-79.6115,32.9359],[-79.6062,32.9277],[-79.6084,32.9236],[-79.6195,32.9187],[-79.6184,32.9146],[-79.6146,32.9137],[-79.5986,32.9262],[-79.5821,32.9278],[-79.5815,32.9306],[-79.5684,32.9336],[-79.5664,32.924],[-79.5727,32.9072],[-79.6194,32.8932],[-79.6431,32.8808],[-79.661,32.8865],[-79.6508,32.8731],[-79.6883,32.8535],[-79.7041,32.8537],[-79.6972,32.8459],[-79.6978,32.8413],[-79.7134,32.8247],[-79.7226,32.8266],[-79.7163,32.8142],[-79.7213,32.8061],[-79.7723,32.7921],[-79.8078,32.7757],[-79.8185,32.7671],[-79.8473,32.7559],[-79.8553,32.7571],[-79.8647,32.7651],[-79.8629,32.7677],[-79.849,32.7609],[-79.847,32.7644],[-79.8499,32.7778],[-79.8566,32.7717],[-79.8616,32.7715],[-79.8804,32.7892],[-79.9024,32.7855],[-79.9066,32.7876],[-79.9054,32.8147],[-79.8938,32.8253],[-79.8907,32.8352],[-79.8849,32.8395],[-79.886,32.8465],[-79.8928,32.8522],[-79.8933,32.8563],[-79.8859,32.8629],[-79.8552,32.8708],[-79.8458,32.8775],[-79.8287,32.922],[-79.8178,32.9196],[-79.8041,32.9249],[-79.7822,32.927],[-79.7816,32.9324],[-79.8172,32.926],[-79.8286,32.9279],[-79.8358,32.9243],[-79.8424,32.918],[-79.8427,32.9021],[-79.8557,32.8808],[-79.8595,32.8771],[-79.875,32.8767],[-79.88,32.8719],[-79.8861,32.8719],[-79.8977,32.8621],[-79.9007,32.853],[-79.8987,32.8356],[-79.9094,32.8228],[-79.9164,32.8209],[-79.9232,32.825],[-79.9281,32.8506],[-79.9503,32.864],[-79.9598,32.8868],[-79.9536,32.9],[-79.9245,32.9143],[-79.9244,32.9202],[-79.932,32.9239],[-79.9313,32.9312],[-79.9252,32.9398],[-79.9362,32.9331],[-79.9342,32.9208],[-79.9365,32.9153],[-79.9617,32.906],[-79.9676,32.8787],[-79.9634,32.865],[-79.9537,32.8531],[-79.9364,32.8415],[-79.9334,32.8192],[-79.9363,32.8092],[-79.924,32.7891],[-79.9247,32.7759],[-79.9297,32.7714],[-79.9411,32.7733],[-79.9583,32.7912],[-79.9626,32.8017],[-79.9617,32.8217],[-79.973,32.8378],[-79.9904,32.8429],[-80.0096,32.8358],[-80.0243,32.8378],[-80.0135,32.8272],[-79.9927,32.8302],[-79.9764,32.8282],[-79.9683,32.8177],[-79.9712,32.8045],[-79.9751,32.8],[-79.973,32.7918],[-79.9612,32.7799],[-79.9494,32.7615],[-79.9242,32.7535],[-79.895,32.7542],[-79.8945,32.7482],[-79.8897,32.7441],[-79.891,32.7314],[-79.8823,32.7272],[-79.8768,32.7299],[-79.8729,32.7385],[-79.8669,32.7361],[-79.881,32.7026],[-79.8926,32.6954],[-79.8845,32.6844],[-79.9641,32.6405],[-79.9718,32.6401],[-79.9579,32.6541],[-79.9584,32.6573],[-79.9826,32.6439],[-79.9875,32.6444],[-79.9897,32.6407],[-80.0028,32.6381],[-80.011,32.64],[-80.0136,32.6437],[-80.0097,32.6569],[-80.0003,32.6618],[-79.9959,32.6709],[-80.0001,32.6795],[-79.9994,32.6914],[-80.0033,32.6891],[-80.0061,32.6832],[-80.0051,32.6709],[-80.0251,32.6456],[-80.0474,32.6426],[-80.0013,32.6285],[-79.9927,32.6216],[-79.9916,32.6166],[-79.9983,32.6076],[-80.007,32.6058],[-80.014,32.6104],[-80.0445,32.6093],[-80.1035,32.5966],[-80.1412,32.5819],[-80.1439,32.5833],[-80.1659,32.562],[-80.1768,32.5593],[-80.2037,32.5869],[-80.1982,32.5946],[-80.2058,32.5937],[-80.2092,32.5855],[-80.2119,32.5856],[-80.22,32.5911],[-80.2285,32.6107],[-80.2551,32.6173],[-80.2621,32.6242],[-80.2594,32.6273],[-80.253,32.626],[-80.2495,32.6355],[-80.2494,32.65],[-80.2357,32.66],[-80.236,32.6773],[-80.2126,32.6744],[-80.2082,32.6798],[-80.2152,32.6899],[-80.1824,32.7051],[-80.1795,32.7156],[-80.1937,32.718],[-80.1997,32.7107],[-80.2057,32.7153],[-80.209,32.7144],[-80.2101,32.7067],[-80.214,32.7031],[-80.2227,32.7027],[-80.2244,32.6986],[-80.2217,32.6922],[-80.2321,32.6873],[-80.2397,32.6887],[-80.2507,32.6851],[-80.2557,32.6724],[-80.2525,32.6701],[-80.2459,32.6755],[-80.2421,32.6719],[-80.2432,32.6678],[-80.2493,32.6591],[-80.269,32.6511],[-80.2839,32.6302],[-80.2899,32.6298],[-80.2904,32.6348],[-80.2996,32.6321],[-80.3148,32.6377],[-80.3204,32.6223],[-80.3057,32.6199],[-80.2998,32.6153],[-80.2932,32.6221],[-80.2747,32.6238],[-80.2666,32.6119],[-80.2509,32.6072],[-80.2428,32.5994],[-80.2395,32.6017],[-80.2245,32.5793],[-80.2098,32.5742],[-80.2088,32.5696],[-80.1979,32.57],[-80.1942,32.5627],[-80.2089,32.5546],[-80.2276,32.5374],[-80.2483,32.5307],[-80.2729,32.5176],[-80.3047,32.4937],[-80.3309,32.4784],[-80.3363,32.477],[-80.347,32.4949],[-80.3438,32.4953],[-80.3443,32.5035],[-80.3636,32.5277],[-80.3782,32.5397],[-80.4037,32.5485],[-80.4042,32.5517],[-80.3824,32.5689],[-80.3882,32.5825],[-80.3887,32.5921],[-80.3831,32.6149],[-80.3841,32.6181],[-80.3928,32.6213],[-80.401,32.6213],[-80.4136,32.6095],[-80.4223,32.6183],[-80.4239,32.6219],[-80.4196,32.6295],[-80.4075,32.6282],[-80.4015,32.6309],[-80.3872,32.6481],[-80.3871,32.6527],[-80.4072,32.6619],[-80.4121,32.6706],[-80.4159,32.6692],[-80.4165,32.6651],[-80.4116,32.6574],[-80.397,32.6487],[-80.4068,32.6437],[-80.4069,32.6364],[-80.4243,32.6369],[-80.4293,32.6219],[-80.4234,32.6073],[-80.4164,32.6032],[-80.4087,32.6041],[-80.3989,32.6172],[-80.394,32.6149],[-80.3929,32.6113],[-80.3984,32.6013],[-80.3959,32.5739],[-80.4079,32.5694],[-80.4222,32.5518],[-80.4092,32.5367],[-80.3826,32.5301],[-80.3606,32.5022],[-80.3737,32.4882],[-80.3863,32.4855],[-80.3885,32.4764],[-80.4103,32.4711],[-80.4173,32.4734],[-80.4189,32.4825],[-80.4085,32.4925],[-80.4035,32.5066],[-80.4121,32.5235],[-80.416,32.503],[-80.4226,32.4975],[-80.4416,32.5027],[-80.4672,32.4973],[-80.4867,32.4983],[-80.5094,32.523],[-80.5316,32.5331],[-80.5337,32.5468],[-80.5412,32.5632],[-80.5478,32.566],[-80.5511,32.5601],[-80.5425,32.5359],[-80.522,32.514],[-80.5269,32.5094],[-80.5519,32.51],[-80.5696,32.5469],[-80.575,32.5524],[-80.5832,32.5538],[-80.5821,32.5429],[-80.5843,32.5388],[-80.5909,32.537],[-80.5752,32.5283],[-80.5644,32.5137],[-80.5698,32.5059],[-80.5834,32.5055],[-80.6013,32.5134],[-80.6214,32.5171],[-80.6339,32.5171],[-80.6492,32.5117],[-80.7018,32.5328],[-80.7171,32.5328],[-80.7073,32.5255],[-80.6747,32.515],[-80.6731,32.509],[-80.6835,32.4995],[-80.6819,32.4963],[-80.6623,32.5022],[-80.6155,32.5025],[-80.6063,32.5002],[-80.6014,32.4906],[-80.5949,32.4865],[-80.5569,32.4868],[-80.5477,32.4717],[-80.5619,32.4626],[-80.6,32.4518],[-80.6039,32.4423],[-80.5826,32.4509],[-80.5582,32.4562],[-80.5316,32.4484],[-80.5158,32.4515],[-80.5077,32.4511],[-80.5028,32.4469],[-80.4843,32.4473],[-80.4724,32.4404],[-80.4633,32.4189],[-80.4553,32.4093],[-80.4596,32.403],[-80.4678,32.3971],[-80.4743,32.4017],[-80.4803,32.3944],[-80.4906,32.3963],[-80.5037,32.3941],[-80.5102,32.3886],[-80.5059,32.3813],[-80.5076,32.3777],[-80.5326,32.3728],[-80.5565,32.3601],[-80.5592,32.3551],[-80.5533,32.3514],[-80.5512,32.3428],[-80.5463,32.3432],[-80.5414,32.3505],[-80.5278,32.3504],[-80.499,32.3631],[-80.4979,32.3713],[-80.4875,32.3753],[-80.4804,32.3848],[-80.4646,32.3848],[-80.4472,32.4029],[-80.4411,32.4138],[-80.433,32.4124],[-80.4288,32.3942],[-80.4332,32.3737],[-80.4497,32.3414],[-80.4584,32.341],[-80.4838,32.3562],[-80.4844,32.3489],[-80.4747,32.3406],[-80.4639,32.3374],[-80.4499,32.3236],[-80.451,32.3195],[-80.4694,32.3178],[-80.4955,32.3061],[-80.501,32.307],[-80.5635,32.2726],[-80.5792,32.27],[-80.5825,32.2732],[-80.5786,32.285],[-80.5634,32.2991],[-80.5546,32.3123],[-80.5584,32.3223],[-80.5671,32.3046],[-80.5802,32.2941],[-80.5988,32.2714],[-80.6221,32.256],[-80.6378,32.2592],[-80.6454,32.2634],[-80.6448,32.2684],[-80.6361,32.2711],[-80.6421,32.2761],[-80.6366,32.282],[-80.6431,32.2848],[-80.642,32.3053],[-80.6467,32.3454],[-80.6444,32.3586],[-80.6346,32.3677],[-80.6341,32.3727],[-80.6384,32.3745],[-80.6438,32.3709],[-80.6542,32.355],[-80.6726,32.3637],[-80.6666,32.3837],[-80.6719,32.3955],[-80.6686,32.4079],[-80.6724,32.4206],[-80.6593,32.4352],[-80.6631,32.4484],[-80.6782,32.4576],[-80.6869,32.453],[-80.6744,32.4494],[-80.6761,32.443],[-80.6696,32.4352],[-80.6702,32.4325],[-80.687,32.428],[-80.6876,32.4252],[-80.6849,32.412],[-80.6784,32.4029],[-80.6806,32.3965],[-80.678,32.3783],[-80.6856,32.3692],[-80.6862,32.3633],[-80.684,32.3578],[-80.6727,32.3541],[-80.664,32.3436],[-80.6619,32.3331],[-80.6642,32.2985],[-80.6707,32.2962],[-80.6891,32.3027],[-80.7059,32.3241],[-80.7302,32.3479],[-80.7275,32.3561],[-80.7454,32.3561],[-80.7573,32.3625],[-80.7648,32.3712],[-80.8032,32.4387],[-80.8042,32.4615],[-80.8091,32.4679],[-80.7901,32.4788],[-80.7841,32.4955],[-80.7846,32.5052],[-80.7889,32.5066],[-80.7944,32.4929],[-80.8167,32.4939],[-80.8248,32.5021],[-80.8237,32.5135],[-80.8389,32.5203],[-80.8405,32.5276],[-80.8557,32.5308],[-80.8655,32.5367],[-80.865,32.5286],[-80.8411,32.5108],[-80.8368,32.493],[-80.8287,32.4775],[-80.8287,32.4684],[-80.8385,32.4638],[-80.8379,32.4606],[-80.8314,32.4552],[-80.8211,32.436],[-80.8158,32.4119],[-80.8283,32.4064],[-80.8277,32.4037],[-80.8131,32.3941],[-80.8093,32.3854],[-80.8012,32.3859],[-80.7963,32.3822],[-80.7866,32.3549],[-80.7997,32.3412],[-80.8186,32.3626],[-80.8343,32.3622],[-80.8289,32.3567],[-80.8148,32.3513],[-80.81,32.3385],[-80.7992,32.3266],[-80.8062,32.3113],[-80.8084,32.2957],[-80.8171,32.2934],[-80.828,32.2961],[-80.8485,32.3098],[-80.8691,32.3149],[-80.8789,32.3308],[-80.8816,32.329],[-80.8827,32.3185],[-80.8897,32.3204],[-80.8892,32.3126],[-80.8762,32.2989],[-80.8513,32.2994],[-80.8302,32.282],[-80.8199,32.2807],[-80.7987,32.2874],[-80.7965,32.3111],[-80.7932,32.317],[-80.784,32.317],[-80.7646,32.2865],[-80.7678,32.2842],[-80.7602,32.2769],[-80.7652,32.27],[-80.7548,32.2728],[-80.7457,32.2659],[-80.7435,32.2582],[-80.7305,32.27],[-80.7223,32.2704],[-80.6737,32.2338],[-80.6667,32.2201],[-80.67,32.2133],[-80.6966,32.1888],[-80.7113,32.1674],[-80.733,32.1465],[-80.7764,32.1265],[-80.8138,32.1047],[-80.8192,32.1047],[-80.8251,32.1084],[-80.8273,32.1166],[-80.8115,32.1384],[-80.7936,32.1525],[-80.7915,32.1603],[-80.8012,32.1516],[-80.8055,32.1521],[-80.7833,32.184],[-80.7772,32.2104],[-80.7755,32.245],[-80.7793,32.2519],[-80.782,32.2473],[-80.7913,32.2191],[-80.7886,32.2109],[-80.7908,32.2045],[-80.8179,32.2054],[-80.8357,32.215],[-80.8628,32.2096],[-80.8661,32.2123],[-80.8563,32.2205],[-80.8574,32.2315],[-80.8693,32.2342],[-80.879,32.2274],[-80.8709,32.2233],[-80.8834,32.2046],[-80.8845,32.1991],[-80.8802,32.1955],[-80.8677,32.1968],[-80.8493,32.2073],[-80.793,32.1908],[-80.7974,32.1794],[-80.8124,32.1731],[-80.8304,32.1558],[-80.8543,32.1503],[-80.8738,32.133],[-80.8721,32.1308],[-80.8673,32.1321],[-80.8413,32.1462],[-80.8342,32.1444],[-80.8321,32.1357],[-80.8364,32.1321],[-80.8462,32.1084],[-80.8684,32.0838],[-80.8755,32.0811],[-80.8803,32.0879],[-80.8847,32.0729],[-80.9052,32.0519],[-80.9177,32.0583],[-80.9225,32.0565],[-80.9156,32.0451],[-80.9016,32.0421],[-80.8918,32.0446],[-80.8884,32.0386],[-80.8905,32.0377],[-80.9228,32.0445],[-80.9579,32.0742],[-80.9773,32.0801],[-80.9982,32.101],[-81.0126,32.1031],[-81.0334,32.0884],[-81.0478,32.0882],[-81.1095,32.1156],[-81.1138,32.1289],[-81.119,32.1334],[-81.113,32.116],[-81.0966,32.1033],[-81.0779,32.0984],[-81.0589,32.0883],[-81.0446,32.0857],[-81.0299,32.0882],[-81.014,32.101],[-81.0057,32.102],[-80.9951,32.0959],[-80.9792,32.0781],[-80.9536,32.0678],[-80.9277,32.0439],[-80.8873,32.0357],[-80.8833,32.0189],[-80.8731,32.0187],[-80.8512,32.0261],[-80.8427,32.0222],[-80.8428,31.9999],[-80.8457,31.9927],[-80.8501,31.9886],[-80.853,31.9996],[-80.8606,32.0002],[-80.853,31.98],[-80.8554,31.9728],[-80.8818,31.955],[-80.8948,31.9507],[-80.9094,31.9505],[-80.9231,31.9421],[-80.9273,31.9463],[-80.9223,31.9531],[-80.9324,31.9615],[-80.9218,31.9736],[-80.9256,32.0156],[-80.9394,32.0217],[-80.9452,32.0301],[-80.9708,32.0438],[-80.964,32.0327],[-80.9464,32.0228],[-80.9483,32.0142],[-80.9328,32.0062],[-80.9343,31.9907],[-80.9304,31.9751],[-80.9365,31.9665],[-80.942,31.9644],[-80.9618,31.9711],[-80.964,31.9689],[-80.9486,31.9608],[-80.9487,31.9572],[-80.9691,31.9402],[-80.9812,31.9509],[-81.001,31.9581],[-81.004,31.9687],[-80.9971,31.9863],[-81.0014,32.0065],[-81.0237,32.0224],[-81.0346,32.0217],[-81.0223,32.0155],[-81.0197,32.0109],[-81.021,32.0004],[-81.0139,32.0031],[-81.007,31.9984],[-81.0078,31.9879],[-81.0163,31.9725],[-81.0155,31.963],[-81.0108,31.9551],[-80.9906,31.9434],[-80.9843,31.9364],[-80.9871,31.9314],[-80.9759,31.9262],[-80.967,31.9169],[-80.9568,31.9126],[-80.9395,31.9141],[-80.9288,31.9098],[-80.9878,31.8603],[-80.9986,31.8596],[-80.9995,31.8683],[-81.0043,31.8692],[-81.0211,31.8664],[-81.0371,31.8748],[-81.071,31.8763],[-81.0736,31.8823],[-81.0957,31.9032],[-81.1024,31.9202],[-81.0985,31.9238],[-81.1113,31.9299],[-81.1143,31.9396],[-81.1326,31.9435],[-81.133,31.949],[-81.1251,31.9644],[-81.136,31.9577],[-81.1423,31.9446],[-81.1376,31.9386],[-81.122,31.9342],[-81.1189,31.9305],[-81.1054,31.9076],[-81.1035,31.896],[-81.1154,31.894],[-81.1292,31.9024],[-81.1444,31.925],[-81.1473,31.936],[-81.164,31.9395],[-81.1707,31.9542],[-81.1869,31.9531],[-81.1848,31.948],[-81.1685,31.9327],[-81.1583,31.9289],[-81.1675,31.9277],[-81.1895,31.9321],[-81.1891,31.928],[-81.1795,31.9233],[-81.1466,31.9196],[-81.1381,31.8921],[-81.1178,31.8844],[-81.0956,31.885],[-81.0873,31.8721],[-81.0918,31.8639],[-81.1069,31.8678],[-81.1253,31.8608],[-81.1334,31.8614],[-81.1515,31.874],[-81.1687,31.9008],[-81.1879,31.9079],[-81.2075,31.9],[-81.1963,31.9204],[-81.2042,31.9283],[-81.2107,31.9265],[-81.2371,31.9028],[-81.2398,31.9033],[-81.2423,31.912],[-81.2622,31.9173],[-81.2571,31.9264],[-81.2597,31.931],[-81.2715,31.9352],[-81.2734,31.9476],[-81.2885,31.9492],[-81.2806,31.9409],[-81.2792,31.9294],[-81.2679,31.927],[-81.2699,31.912],[-81.2462,31.9093],[-81.2449,31.8947],[-81.2395,31.8914],[-81.2286,31.8976],[-81.2065,31.9205],[-81.2028,31.9177],[-81.204,31.9146],[-81.2188,31.9025],[-81.2201,31.8929],[-81.2131,31.8919],[-81.1989,31.899],[-81.1752,31.8968],[-81.164,31.8669],[-81.1582,31.8623],[-81.1401,31.8529],[-81.1024,31.85],[-81.0626,31.8219],[-81.0535,31.8195],[-81.0507,31.824],[-81.0453,31.8239],[-81.038,31.8151],[-81.065,31.769],[-81.0933,31.7572],[-81.135,31.7228],[-81.1404,31.7238],[-81.1548,31.7509],[-81.165,31.7552],[-81.1702,31.7621],[-81.1628,31.7803],[-81.1663,31.7913],[-81.1768,31.801],[-81.1796,31.7969],[-81.1708,31.7822],[-81.1779,31.7769],[-81.1758,31.7736],[-81.1777,31.7632],[-81.1647,31.7415],[-81.1677,31.7311],[-81.1752,31.7298],[-81.2036,31.7389],[-81.2237,31.752],[-81.2559,31.7598],[-81.2664,31.7714],[-81.2645,31.7846],[-81.2697,31.7938],[-81.2831,31.799],[-81.3089,31.7985],[-81.3158,31.8068],[-81.3161,31.8164],[-81.3216,31.8128],[-81.3228,31.8078],[-81.3128,31.7926],[-81.2816,31.7908],[-81.2774,31.7875],[-81.2788,31.7693],[-81.2764,31.7583],[-81.2625,31.7513],[-81.247,31.7492],[-81.232,31.743],[-81.2235,31.7361],[-81.2205,31.7292],[-81.1965,31.716],[-81.1886,31.7081],[-81.1927,31.6959],[-81.2048,31.6833],[-81.2108,31.6816],[-81.2326,31.6897],[-81.2391,31.6889],[-81.2527,31.6822],[-81.2656,31.682],[-81.2716,31.6784],[-81.2697,31.6697],[-81.2607,31.6636],[-81.2413,31.6611],[-81.2021,31.6609],[-81.1885,31.6675],[-81.1761,31.6664],[-81.1679,31.6718],[-81.1927,31.6731],[-81.1953,31.6763],[-81.1908,31.6817],[-81.1745,31.691],[-81.1583,31.693],[-81.1571,31.6976],[-81.1517,31.7007],[-81.1393,31.7005],[-81.1329,31.6954],[-81.1365,31.6808],[-81.1311,31.657],[-81.1342,31.6424],[-81.1428,31.6408],[-81.1381,31.6338],[-81.1306,31.6319],[-81.1313,31.6264],[-81.1503,31.5957],[-81.1611,31.5708],[-81.1748,31.5569],[-81.1786,31.5578],[-81.1873,31.5749],[-81.1872,31.5822],[-81.1816,31.5926],[-81.185,31.6059],[-81.1923,31.6178],[-81.2002,31.6239],[-81.2057,31.6194],[-81.2116,31.6213],[-81.2215,31.6334],[-81.2423,31.6424],[-81.2414,31.6351],[-81.2307,31.6331],[-81.2233,31.6247],[-81.2239,31.6202],[-81.2006,31.6047],[-81.1981,31.5983],[-81.2009,31.5911],[-81.199,31.581],[-81.2156,31.5616],[-81.2353,31.566],[-81.2375,31.5638],[-81.235,31.556],[-81.2474,31.5557],[-81.2527,31.5576],[-81.2594,31.5737],[-81.2637,31.5715],[-81.2598,31.5532],[-81.2647,31.5524],[-81.2746,31.5626],[-81.2869,31.5655],[-81.3092,31.5553],[-81.3118,31.5595],[-81.3115,31.5732],[-81.3168,31.5773],[-81.3234,31.5688],[-81.3227,31.5519],[-81.3382,31.5544],[-81.3512,31.5477],[-81.3657,31.5484],[-81.3669,31.5434],[-81.3602,31.5328],[-81.3505,31.5322],[-81.3422,31.5444],[-81.3335,31.5475],[-81.3266,31.5446],[-81.3273,31.5392],[-81.3202,31.5418],[-81.3112,31.5385],[-81.2949,31.5209],[-81.282,31.5243],[-81.2759,31.5274],[-81.2742,31.5324],[-81.2672,31.5346],[-81.2597,31.5313],[-81.2643,31.519],[-81.2937,31.5003],[-81.2982,31.4899],[-81.2637,31.498],[-81.2544,31.5052],[-81.2399,31.5296],[-81.235,31.5314],[-81.22,31.5288],[-81.2267,31.5198],[-81.216,31.5178],[-81.2141,31.5301],[-81.1972,31.5394],[-81.1735,31.5222],[-81.1844,31.5146],[-81.2095,31.4707],[-81.2222,31.4568],[-81.2271,31.4536],[-81.2313,31.4551],[-81.2311,31.4414],[-81.2514,31.4193],[-81.2655,31.3903],[-81.2736,31.3831],[-81.2832,31.3874],[-81.2994,31.4096],[-81.2997,31.4169],[-81.3066,31.4234],[-81.3073,31.4407],[-81.3105,31.4426],[-81.3165,31.4359],[-81.323,31.4346],[-81.3346,31.4411],[-81.3424,31.4531],[-81.3479,31.4477],[-81.3343,31.4302],[-81.33,31.4306],[-81.3222,31.419],[-81.3198,31.409],[-81.3056,31.3955],[-81.3041,31.3873],[-81.3079,31.3841],[-81.2952,31.3757],[-81.2938,31.3693],[-81.2858,31.3646],[-81.2828,31.3294],[-81.2851,31.3244],[-81.3102,31.3271],[-81.3276,31.3424],[-81.3357,31.3352],[-81.3747,31.3422],[-81.4369,31.3426],[-81.4401,31.3445],[-81.4409,31.3582],[-81.4515,31.3602],[-81.4557,31.3662],[-81.4716,31.3755],[-81.477,31.3729],[-81.4782,31.366],[-81.4842,31.3625],[-81.4843,31.3588],[-81.4839,31.3524],[-81.4786,31.3455],[-81.4576,31.3516],[-81.4578,31.3443],[-81.4493,31.3378],[-81.4407,31.3386],[-81.4109,31.329],[-81.3915,31.3333],[-81.3809,31.33],[-81.3778,31.3231],[-81.4054,31.3102],[-81.4142,31.2962],[-81.4132,31.2934],[-81.4036,31.2924],[-81.3946,31.285],[-81.395,31.264],[-81.387,31.2643],[-81.3825,31.2743],[-81.3871,31.2871],[-81.3955,31.2969],[-81.386,31.3141],[-81.3443,31.3116],[-81.3347,31.3065],[-81.3166,31.3044],[-81.3029,31.2923],[-81.2858,31.2902],[-81.2783,31.2924],[-81.2778,31.2896],[-81.2859,31.2838],[-81.2868,31.2692],[-81.2798,31.2686],[-81.2805,31.2618],[-81.2691,31.2708],[-81.2622,31.2652],[-81.2823,31.2541],[-81.2825,31.2422],[-81.2897,31.2323],[-81.2926,31.22],[-81.3103,31.2216],[-81.3306,31.2493],[-81.3255,31.2629],[-81.3141,31.2683],[-81.3335,31.2644],[-81.3376,31.2458],[-81.3286,31.2383],[-81.322,31.2232],[-81.311,31.2134],[-81.3376,31.1905],[-81.3617,31.1626],[-81.3696,31.1727],[-81.3713,31.1663],[-81.3662,31.1521],[-81.369,31.1471],[-81.3847,31.1364],[-81.396,31.1343],[-81.4114,31.14],[-81.4166,31.1455],[-81.4196,31.1588],[-81.4113,31.1706],[-81.4116,31.1815],[-81.4173,31.1926],[-81.4166,31.204],[-81.43,31.2224],[-81.459,31.1932],[-81.4619,31.1827],[-81.4605,31.1732],[-81.4511,31.162],[-81.4486,31.1478],[-81.4402,31.1436],[-81.4382,31.1376],[-81.4443,31.1222],[-81.4514,31.1159],[-81.4632,31.1133],[-81.4801,31.1218],[-81.4928,31.1329],[-81.4962,31.1485],[-81.5175,31.1547],[-81.5249,31.1895],[-81.5508,31.2072],[-81.5548,31.2237],[-81.5917,31.2191],[-81.5983,31.2133],[-81.6164,31.2108],[-81.6176,31.2076],[-81.6054,31.2042],[-81.571,31.2125],[-81.5619,31.2128],[-81.5587,31.21],[-81.5537,31.1935],[-81.5352,31.181],[-81.5337,31.1723],[-81.5359,31.1431],[-81.5526,31.1511],[-81.5514,31.1442],[-81.5398,31.1326],[-81.5239,31.1269],[-81.5107,31.1149],[-81.5104,31.1021],[-81.5206,31.099],[-81.5203,31.0858],[-81.5062,31.0728],[-81.496,31.0726],[-81.4677,31.0453],[-81.479,31.0395],[-81.4849,31.041],[-81.493,31.0612],[-81.4994,31.0649],[-81.5239,31.0671],[-81.5355,31.0773],[-81.5362,31.0659],[-81.5315,31.0603],[-81.5103,31.0523],[-81.5025,31.0412],[-81.4866,31.0337],[-81.4848,31.0154],[-81.4801,31.0098],[-81.4726,31.0088],[-81.4592,31.0155],[-81.4571,31.0136],[-81.4637,31.0005],[-81.4875,30.9848],[-81.4902,30.9848],[-81.4921,30.9936],[-81.4964,30.995],[-81.4961,30.9822],[-81.4994,30.9763],[-81.5084,30.9773],[-81.5226,30.9903],[-81.5353,30.995],[-81.5471,30.9915],[-81.5626,30.9931],[-81.5793,30.9842],[-81.5953,30.9817],[-81.6006,30.9826],[-81.6138,30.9938],[-81.641,30.9955],[-81.648,30.9905],[-81.6503,30.9787],[-81.6461,30.9782],[-81.6384,30.9895],[-81.6192,30.9874],[-81.6065,30.9751],[-81.5912,30.9729],[-81.5807,30.9664],[-81.5572,30.9638],[-81.5399,30.9759],[-81.5271,30.9758],[-81.5199,30.9624],[-81.4928,30.957],[-81.4842,30.9587],[-81.4766,30.97],[-81.4659,30.9713],[-81.4558,30.9661],[-81.4526,30.9674],[-81.4465,30.9509],[-81.4677,30.9288],[-81.4747,30.9271],[-81.4743,30.9225],[-81.4824,30.9135],[-81.4959,30.9077],[-81.503,30.8982],[-81.5159,30.8892],[-81.5156,30.8769],[-81.4884,30.8487],[-81.4875,30.8436],[-81.4902,30.8414],[-81.4939,30.8405],[-81.5028,30.847],[-81.5156,30.8463],[-81.5293,30.857],[-81.5383,30.8575],[-81.5432,30.8521],[-81.5576,30.8496],[-81.5617,30.8601],[-81.5583,30.8747],[-81.5641,30.8766],[-81.5839,30.8719],[-81.5861,30.8669],[-81.5857,30.8582],[-81.5794,30.854],[-81.577,30.8681],[-81.5653,30.8702],[-81.5681,30.8589],[-81.562,30.846],[-81.5428,30.8466],[-81.5392,30.8347],[-81.5345,30.8328],[-81.5195,30.8358],[-81.5121,30.8348],[-81.509,30.8311],[-81.5096,30.8261],[-81.523,30.8217],[-81.5259,30.8094],[-81.5097,30.7941],[-81.5022,30.7922],[-81.4944,30.7852],[-81.4895,30.7614],[-81.4902,30.7536],[-81.5003,30.7524],[-81.4991,30.729],[-81.5295,30.7249],[-81.524,30.7353],[-81.5265,30.7459],[-81.5397,30.7497],[-81.5393,30.7456],[-81.5303,30.7441],[-81.5273,30.7335],[-81.5321,30.7304],[-81.5376,30.7218],[-81.5382,30.714],[-81.5415,30.7127],[-81.5467,30.7183],[-81.5616,30.7162],[-81.5658,30.7217],[-81.5651,30.7276],[-81.572,30.7296],[-81.5724,30.7346],[-81.5777,30.7351],[-81.5794,30.7324],[-81.5689,30.7259],[-81.5891,30.7261],[-81.5939,30.7234],[-81.5949,30.7308],[-81.6055,30.7323],[-81.6098,30.73],[-81.6115,30.7241],[-81.6058,30.7209],[-81.6021,30.7229],[-81.5959,30.7159],[-81.5889,30.719],[-81.5735,30.7177],[-81.5847,30.7161],[-81.5871,30.7075],[-81.5851,30.7033],[-81.5596,30.7032],[-81.5578,30.6922],[-81.5482,30.6929],[-81.5368,30.6831],[-81.5257,30.6814],[-81.5195,30.6731],[-81.4878,30.6865],[-81.4859,30.6783],[-81.5256,30.6663],[-81.5271,30.6513],[-81.5223,30.6521],[-81.5173,30.6607],[-81.4871,30.6742],[-81.4922,30.6473],[-81.4966,30.641],[-81.5052,30.6366],[-81.4989,30.636],[-81.4848,30.6444],[-81.4827,30.6613],[-81.4742,30.6624],[-81.4687,30.6678],[-81.4575,30.6854],[-81.456,30.7009],[-81.442,30.7047],[-81.4267,30.7011],[-81.4252,30.6965],[-81.4428,30.5977],[-81.4439,30.5758],[-81.4392,30.5404],[-81.4324,30.5179],[-81.4415,30.5167],[-81.461,30.5396],[-81.4701,30.5686],[-81.4625,30.5762],[-81.4631,30.589],[-81.4783,30.5967],[-81.4786,30.604],[-81.4921,30.6148],[-81.4969,30.614],[-81.4975,30.6104],[-81.4966,30.6072],[-81.4892,30.6042],[-81.4878,30.5987],[-81.498,30.5948],[-81.5019,30.589],[-81.5048,30.5822],[-81.5019,30.5716],[-81.5184,30.5711],[-81.5259,30.5671],[-81.5295,30.5535],[-81.5234,30.546],[-81.5355,30.5326],[-81.5445,30.5319],[-81.5493,30.5493],[-81.5524,30.5517],[-81.5609,30.5514],[-81.5766,30.5413],[-81.5848,30.5501],[-81.5819,30.5606],[-81.5869,30.5708],[-81.5922,30.5709],[-81.5962,30.5618],[-81.5887,30.5635],[-81.5918,30.5489],[-81.5815,30.5382],[-81.5725,30.5352],[-81.558,30.5418],[-81.5554,30.5403],[-81.5556,30.5335],[-81.5501,30.5242],[-81.5678,30.5177],[-81.5694,30.515],[-81.5663,30.5127],[-81.5532,30.5073],[-81.5435,30.4961],[-81.5332,30.5019],[-81.5195,30.4988],[-81.5154,30.4951],[-81.5041,30.4994],[-81.493,30.4973],[-81.4912,30.4877],[-81.4955,30.4845],[-81.4882,30.483],[-81.4836,30.4774],[-81.4813,30.498],[-81.4963,30.5125],[-81.4929,30.5197],[-81.4974,30.5267],[-81.4971,30.5367],[-81.5006,30.545],[-81.5084,30.5493],[-81.5165,30.5472],[-81.5198,30.5597],[-81.4999,30.5519],[-81.4892,30.5352],[-81.4741,30.5261],[-81.4764,30.502],[-81.4663,30.4862],[-81.4652,30.4706],[-81.4521,30.4502],[-81.4622,30.4316],[-81.4585,30.4123],[-81.4633,30.3964],[-81.4686,30.3947],[-81.4806,30.4],[-81.4993,30.395],[-81.503,30.3969],[-81.5033,30.4037],[-81.5,30.4087],[-81.492,30.409],[-81.4784,30.4206],[-81.4752,30.4214],[-81.4691,30.4144],[-81.4688,30.4062],[-81.4639,30.4088],[-81.4662,30.4226],[-81.4729,30.4264],[-81.4862,30.4258],[-81.4848,30.4367],[-81.4943,30.4369],[-81.4857,30.4422],[-81.4861,30.4468],[-81.5059,30.44],[-81.5084,30.4441],[-81.519,30.4471],[-81.514,30.436],[-81.503,30.4298],[-81.5079,30.4084],[-81.5149,30.4072],[-81.5274,30.413],[-81.5284,30.4167],[-81.524,30.4202],[-81.5107,30.4227],[-81.5185,30.4274],[-81.527,30.4258],[-81.5497,30.4116],[-81.5576,30.394],[-81.5701,30.4011],[-81.5757,30.409],[-81.5691,30.4199],[-81.578,30.4223],[-81.5823,30.4389],[-81.5867,30.4331],[-81.5871,30.4184],[-81.5909,30.4149],[-81.6013,30.4215],[-81.6078,30.4376],[-81.6337,30.4396],[-81.6348,30.4364],[-81.6206,30.4324],[-81.6125,30.4204],[-81.6031,30.4156],[-81.6032,30.4115],[-81.6317,30.3979],[-81.6591,30.4017],[-81.6654,30.4064],[-81.6672,30.4179],[-81.675,30.4221],[-81.7253,30.4223],[-81.7306,30.4215],[-81.7313,30.4187],[-81.725,30.4163],[-81.6804,30.4168],[-81.6747,30.4139],[-81.6821,30.3948],[-81.6704,30.3983],[-81.6352,30.387],[-81.6321,30.3837],[-81.6314,30.3723],[-81.6225,30.3689],[-81.6208,30.3524],[-81.6261,30.3365],[-81.6253,30.3277],[-81.629,30.3251],[-81.6328,30.3229],[-81.664,30.3254],[-81.6787,30.3106],[-81.6893,30.3071],[-81.6976,30.2977],[-81.713,30.2944],[-81.7067,30.2736],[-81.6928,30.2788],[-81.6931,30.2674],[-81.6871,30.254],[-81.6711,30.24],[-81.6575,30.236],[-81.6574,30.2204],[-81.6728,30.1983],[-81.6875,30.1849],[-81.6872,30.157],[-81.6926,30.1534],[-81.7041,30.1587],[-81.7125,30.1589],[-81.7239,30.1495],[-81.7323,30.1488],[-81.7432,30.1398],[-81.7483,30.1262],[-81.7586,30.1145],[-81.7457,30.1065],[-81.7386,30.0944],[-81.7359,30.0948],[-81.7349,30.1145],[-81.7304,30.1249],[-81.7155,30.1292],[-81.7136,30.1383],[-81.7054,30.1482],[-81.697,30.148],[-81.6882,30.1396],[-81.6829,30.1235],[-81.688,30.0741],[-81.713,30.0476],[-81.6885,30.0348],[-81.688,30.0169],[-81.6731,30.0033],[-81.6661,29.9871],[-81.6488,29.9863],[-81.6379,29.9783],[-81.6165,29.9719],[-81.6067,29.9634],[-81.599,29.9394],[-81.6104,29.9287],[-81.6105,29.9062],[-81.6196,29.9005],[-81.6058,29.8883],[-81.6083,29.8718],[-81.6028,29.8621],[-81.6013,29.841],[-81.5816,29.8154],[-81.5803,29.8057],[-81.5699,29.8014],[-81.5687,29.7871],[-81.5562,29.7827],[-81.5498,29.7702],[-81.559,29.758],[-81.5775,29.7195],[-81.586,29.7169],[-81.6212,29.7173],[-81.6376,29.714],[-81.6462,29.7073],[-81.6438,29.6797],[-81.6243,29.6646],[-81.6236,29.6522],[-81.6281,29.6427],[-81.6262,29.6358],[-81.5974,29.6329],[-81.6012,29.6087],[-81.6188,29.5985],[-81.6507,29.6038],[-81.6845,29.5963],[-81.6859,29.5821],[-81.6945,29.5745],[-81.6974,29.5461],[-81.6858,29.5312],[-81.6817,29.5091],[-81.6861,29.5],[-81.684,29.483],[-81.6947,29.4736],[-81.6906,29.4529],[-81.6946,29.4397],[-81.6875,29.4304],[-81.6652,29.4221],[-81.6638,29.4161],[-81.6682,29.4089],[-81.6644,29.395],[-81.6796,29.3954],[-81.682,29.3844],[-81.6766,29.3728],[-81.6582,29.3568],[-81.6553,29.3481],[-81.656,29.3407],[-81.6722,29.3429],[-81.6764,29.3407],[-81.6769,29.3242],[-81.6705,29.3099],[-81.6623,29.3023],[-81.6499,29.2979],[-81.6309,29.2663],[-81.6296,29.259],[-81.6378,29.2463],[-81.6115,29.2324],[-81.6136,29.2146],[-81.6034,29.2052],[-81.5726,29.2045],[-81.5682,29.1939],[-81.5583,29.1936],[-81.5548,29.189],[-81.545,29.1864],[-81.5476,29.203],[-81.5662,29.2099],[-81.5259,29.2305],[-81.5231,29.236],[-81.5262,29.2558],[-81.5407,29.2763],[-81.5298,29.2939],[-81.5275,29.3012],[-81.5305,29.3063],[-81.5521,29.3178],[-81.5716,29.349],[-81.5852,29.3662],[-81.5975,29.3761],[-81.6118,29.3691],[-81.617,29.3715],[-81.626,29.3859],[-81.6497,29.397],[-81.6527,29.4044],[-81.6452,29.4267],[-81.6763,29.4384],[-81.6733,29.4516],[-81.6642,29.4592],[-81.6641,29.4624],[-81.675,29.4668],[-81.6698,29.4832],[-81.6767,29.4975],[-81.6721,29.513],[-81.6734,29.5227],[-81.6911,29.5474],[-81.6756,29.5768],[-81.6741,29.5905],[-81.6636,29.5917],[-81.6503,29.5983],[-81.6385,29.5898],[-81.6269,29.5909],[-81.6197,29.588],[-81.594,29.6039],[-81.5943,29.6117],[-81.5893,29.6203],[-81.591,29.6341],[-81.5956,29.6397],[-81.6118,29.6419],[-81.6041,29.6559],[-81.6184,29.6677],[-81.6268,29.6881],[-81.6265,29.699],[-81.6185,29.7012],[-81.6034,29.6985],[-81.5911,29.7051],[-81.5685,29.7042],[-81.5518,29.7176],[-81.5402,29.7201],[-81.5399,29.732],[-81.5354,29.7387],[-81.54,29.7443],[-81.5402,29.7567],[-81.5353,29.7621],[-81.5189,29.7654],[-81.5167,29.7685],[-81.5307,29.7931],[-81.5466,29.804],[-81.557,29.8464],[-81.5476,29.8618],[-81.5668,29.87],[-81.5728,29.882],[-81.5795,29.8845],[-81.591,29.9086],[-81.5847,29.9254],[-81.568,29.936],[-81.5657,29.9424],[-81.5728,29.9521],[-81.5678,29.9625],[-81.544,29.9629],[-81.5444,29.9698],[-81.5511,29.9745],[-81.5558,29.9916],[-81.5584,29.9935],[-81.5625,29.9807],[-81.5673,29.9772],[-81.5771,29.9847],[-81.5986,29.9893],[-81.6017,29.9908],[-81.605,30.0041],[-81.6126,30.0157],[-81.6346,30.0226],[-81.6438,30.032],[-81.6549,30.0313],[-81.659,30.0351],[-81.6623,30.0498],[-81.6558,30.0725],[-81.6351,30.0941],[-81.6382,30.1166],[-81.6194,30.1262],[-81.603,30.1295],[-81.6002,30.1345],[-81.6153,30.1403],[-81.6441,30.1309],[-81.6603,30.1376],[-81.6644,30.1423],[-81.6629,30.1583],[-81.648,30.163],[-81.6399,30.1692],[-81.6308,30.1906],[-81.6369,30.1999],[-81.6223,30.211],[-81.6183,30.22],[-81.621,30.2375],[-81.6412,30.2521],[-81.6445,30.2641],[-81.6631,30.2796],[-81.6542,30.2972],[-81.6589,30.3157],[-81.6509,30.3182],[-81.6294,30.3118],[-81.6246,30.3149],[-81.6098,30.3132],[-81.5986,30.3166],[-81.597,30.2997],[-81.5875,30.2967],[-81.5914,30.3073],[-81.59,30.3219],[-81.5957,30.3244],[-81.6054,30.3195],[-81.6121,30.3243],[-81.6094,30.3457],[-81.6199,30.3835],[-81.6155,30.3888],[-81.6087,30.3882],[-81.5831,30.3758],[-81.5636,30.3726],[-81.5354,30.3569],[-81.5237,30.3612],[-81.52,30.3785],[-81.5302,30.3888],[-81.53,30.3966],[-81.5012,30.3854],[-81.4825,30.3918],[-81.4735,30.3912],[-81.4616,30.3808],[-81.4633,30.3786],[-81.4731,30.3866],[-81.4779,30.3862],[-81.4728,30.3783],[-81.4738,30.3651],[-81.4603,30.373],[-81.4489,30.3641],[-81.443,30.3488],[-81.445,30.3365],[-81.4429,30.3195],[-81.4268,30.3077],[-81.4256,30.2962],[-81.4197,30.2838],[-81.4147,30.2887],[-81.4199,30.3094],[-81.4229,30.3163],[-81.4337,30.3253],[-81.4324,30.3509],[-81.4453,30.3791],[-81.4188,30.3954],[-81.3917,30.3976],[-81.3958,30.3857],[-81.3956,30.3248],[-81.3477,30.1516],[-81.3256,30.0526],[-81.3098,30.0023],[-81.3036,29.966],[-81.2862,29.9174],[-81.289,29.9143],[-81.2958,29.9145],[-81.3023,29.9426],[-81.3192,29.9714],[-81.3223,29.9925],[-81.3302,30.0074],[-81.343,30.021],[-81.3458,30.0316],[-81.3559,30.0456],[-81.3571,30.0566],[-81.3533,30.0592],[-81.3521,30.0661],[-81.3602,30.075],[-81.3571,30.0906],[-81.3638,30.1099],[-81.3769,30.1308],[-81.3821,30.1323],[-81.3844,30.1273],[-81.3711,30.0963],[-81.3756,30.0891],[-81.3723,30.0776],[-81.3731,30.0524],[-81.3684,30.033],[-81.3593,30.0209],[-81.3606,30.0127],[-81.347,30.0083],[-81.3335,29.985],[-81.3332,29.9809],[-81.3422,29.9775],[-81.3338,29.9621],[-81.3255,29.9578],[-81.3144,29.9429],[-81.3124,29.9387],[-81.317,29.9274],[-81.3077,29.9216],[-81.3068,29.918],[-81.312,29.903],[-81.308,29.8804],[-81.3097,29.8763],[-81.3186,29.8779],[-81.3218,29.8757],[-81.3127,29.8654],[-81.3135,29.8567],[-81.3072,29.841],[-81.31,29.8342],[-81.3165,29.8293],[-81.303,29.8235],[-81.2956,29.8082],[-81.2853,29.8029],[-81.2771,29.7798],[-81.2704,29.7746],[-81.2706,29.7672],[-81.2617,29.7661],[-81.2595,29.7716],[-81.2755,29.8104],[-81.2758,29.8187],[-81.2837,29.818],[-81.2934,29.8283],[-81.2958,29.8329],[-81.2951,29.8563],[-81.305,29.8597],[-81.2974,29.8841],[-81.3033,29.8945],[-81.3015,29.9023],[-81.275,29.875],[-81.2763,29.8824],[-81.2911,29.896],[-81.2945,29.9067],[-81.2902,29.9084],[-81.2818,29.9086],[-81.2765,29.8938],[-81.2629,29.8747],[-81.2605,29.8206],[-81.2533,29.7838],[-81.2245,29.7166],[-81.2295,29.7094],[-81.2336,29.71],[-81.2317,29.7062],[-81.2187,29.7022],[-81.2122,29.6929],[-81.2048,29.662],[-81.1728,29.5837],[-81.1129,29.4657],[-81.0499,29.3218],[-81.0177,29.2558],[-80.9761,29.1798],[-80.9689,29.1613],[-80.9329,29.1033],[-80.9188,29.0887],[-80.9171,29.0799],[-80.9203,29.0773],[-80.9301,29.0808],[-80.9595,29.1192],[-80.9516,29.1195],[-80.9525,29.1232],[-80.9724,29.1508],[-80.9979,29.197],[-81.0525,29.3063],[-81.0724,29.3504],[-81.0751,29.3647],[-81.0846,29.375],[-81.0927,29.3693],[-81.0969,29.352],[-81.0928,29.3505],[-81.0864,29.3549],[-81.0823,29.3525],[-81.0207,29.2164],[-81.0077,29.2004],[-80.9851,29.1461],[-80.9692,29.1237],[-80.9718,29.1095],[-80.9662,29.1066],[-80.9635,29.1102],[-80.9593,29.1096],[-80.9598,29.0945],[-80.9723,29.0962],[-80.9773,29.089],[-80.9696,29.0846],[-80.9479,29.0928],[-80.9293,29.0734],[-80.926,29.0637],[-80.9198,29.063],[-80.9082,29.0393],[-80.9205,29.0286],[-80.9174,29.0161],[-80.8968,28.9793],[-80.8867,28.9854],[-80.8936,28.9957],[-80.8835,29.0028],[-80.9036,29.0089],[-80.91,29.0169],[-80.9117,29.0279],[-80.903,29.0369],[-80.9033,29.0442],[-80.9168,29.0726],[-80.911,29.0752],[-80.9075,29.0719],[-80.8656,28.9917],[-80.8298,28.947],[-80.7204,28.7747],[-80.6145,28.6304],[-80.5861,28.6028],[-80.5721,28.5766],[-80.5572,28.5219],[-80.5242,28.4556],[-80.5286,28.4493],[-80.5648,28.4371],[-80.5877,28.4093],[-80.6067,28.4132],[-80.6115,28.4101],[-80.6044,28.4044],[-80.5926,28.4017],[-80.6054,28.3556],[-80.6073,28.3336],[-80.5996,28.2547],[-80.5848,28.1737],[-80.5552,28.0771],[-80.5216,28.0023],[-80.5104,27.9881],[-80.4939,27.9503],[-80.4445,27.8639],[-80.4561,27.857],[-80.457,27.8731],[-80.4638,27.8715],[-80.471,27.8823],[-80.469,27.8938],[-80.4815,27.9154],[-80.492,27.9231],[-80.4943,27.9172],[-80.4988,27.9196],[-80.5,27.928],[-80.5046,27.9286],[-80.4993,27.9325],[-80.5007,27.9353],[-80.5089,27.9361],[-80.5126,27.9468],[-80.5094,27.9494],[-80.5028,27.9474],[-80.5136,27.9606],[-80.5175,27.9773],[-80.5266,27.9832],[-80.5225,27.9931],[-80.5368,28.0097],[-80.5568,28.049],[-80.5638,28.0562],[-80.5747,28.0777],[-80.5768,28.0897],[-80.5847,28.1001],[-80.5938,28.1285],[-80.6018,28.1365],[-80.6009,28.1443],[-80.6044,28.1472],[-80.6081,28.145],[-80.621,28.1597],[-80.6342,28.1896],[-80.6536,28.2219],[-80.693,28.3244],[-80.7042,28.3408],[-80.7095,28.364],[-80.7211,28.3855],[-80.7195,28.413],[-80.7235,28.4297],[-80.7199,28.4696],[-80.7346,28.4898],[-80.7297,28.5108],[-80.7267,28.5479],[-80.7201,28.5574],[-80.7176,28.555],[-80.7198,28.5381],[-80.7158,28.5333],[-80.7139,28.5443],[-80.7091,28.5465],[-80.7088,28.5285],[-80.7021,28.5394],[-80.7041,28.5684],[-80.7001,28.5775],[-80.6885,28.5817],[-80.6807,28.5709],[-80.675,28.5702],[-80.6726,28.5789],[-80.6601,28.5808],[-80.6557,28.5853],[-80.6568,28.5972],[-80.6541,28.6008],[-80.6449,28.5969],[-80.6401,28.5995],[-80.6337,28.5919],[-80.6248,28.5944],[-80.6188,28.5754],[-80.6103,28.5797],[-80.6082,28.5544],[-80.6197,28.5147],[-80.6283,28.5053],[-80.6388,28.5034],[-80.6468,28.4714],[-80.6587,28.4442],[-80.6617,28.4075],[-80.6667,28.3879],[-80.6586,28.3049],[-80.6603,28.2994],[-80.6675,28.3401],[-80.6708,28.3476],[-80.6766,28.3464],[-80.6747,28.3155],[-80.6573,28.2575],[-80.6471,28.2305],[-80.6145,28.1659],[-80.6133,28.1829],[-80.619,28.2098],[-80.618,28.2461],[-80.6099,28.2684],[-80.6152,28.2897],[-80.6136,28.3044],[-80.6206,28.3106],[-80.6145,28.3205],[-80.6314,28.3371],[-80.6255,28.3425],[-80.6189,28.3395],[-80.6117,28.3407],[-80.6137,28.3545],[-80.6183,28.356],[-80.6121,28.3683],[-80.6151,28.3831],[-80.6253,28.3862],[-80.6257,28.3908],[-80.6137,28.3932],[-80.614,28.3982],[-80.6216,28.4012],[-80.6204,28.4196],[-80.6041,28.425],[-80.5979,28.4506],[-80.6006,28.4612],[-80.5931,28.4684],[-80.5901,28.4765],[-80.5774,28.5488],[-80.5801,28.5571],[-80.5903,28.563],[-80.5849,28.5665],[-80.5852,28.5729],[-80.5956,28.5861],[-80.6027,28.5896],[-80.6031,28.5928],[-80.5937,28.5939],[-80.5941,28.5971],[-80.607,28.6109],[-80.6253,28.6211],[-80.6274,28.6202],[-80.6245,28.6146],[-80.6155,28.6056],[-80.6151,28.6033],[-80.6203,28.6021],[-80.6296,28.6047],[-80.6431,28.6157],[-80.6506,28.6099],[-80.6601,28.6185],[-80.6711,28.6041],[-80.6644,28.5897],[-80.6919,28.5882],[-80.7017,28.5904],[-80.7065,28.5988],[-80.7134,28.5958],[-80.7268,28.598],[-80.7343,28.6056],[-80.7405,28.6049],[-80.7438,28.6004],[-80.7648,28.6065],[-80.7742,28.6197],[-80.7805,28.619],[-80.7828,28.6241],[-80.79,28.6261],[-80.7866,28.6357],[-80.7862,28.6587],[-80.7788,28.6612],[-80.7701,28.6733],[-80.7788,28.6745],[-80.7858,28.6701],[-80.7883,28.6725],[-80.785,28.6899],[-80.7781,28.6929],[-80.7778,28.6878],[-80.7733,28.6835],[-80.7698,28.6926],[-80.7652,28.6929],[-80.7613,28.6859],[-80.7591,28.7029],[-80.743,28.701],[-80.7378,28.7022],[-80.735,28.7067],[-80.7406,28.7115],[-80.749,28.7085],[-80.7511,28.7205],[-80.7699,28.7441],[-80.7875,28.7469],[-80.7893,28.7543],[-80.7869,28.762],[-80.7915,28.764],[-80.8011,28.7593],[-80.8144,28.7642],[-80.8162,28.768],[-80.8121,28.7702],[-80.8038,28.7676],[-80.8011,28.7712],[-80.8277,28.7826],[-80.8402,28.7972],[-80.8529,28.804],[-80.8571,28.8041],[-80.8587,28.8005],[-80.85,28.7841],[-80.847,28.7519],[-80.8369,28.7176],[-80.8295,28.6517],[-80.8189,28.6307],[-80.8044,28.6178],[-80.8089,28.6065],[-80.8005,28.5832],[-80.7978,28.5579],[-80.7925,28.5476],[-80.7805,28.5362],[-80.7846,28.5097],[-80.7634,28.47],[-80.7608,28.4428],[-80.7512,28.4232],[-80.7486,28.4084],[-80.7321,28.3674],[-80.7243,28.3566],[-80.7169,28.3325],[-80.6901,28.2792],[-80.6573,28.1926],[-80.6276,28.1364],[-80.5803,28.03],[-80.5679,28.0167],[-80.5386,27.9651],[-80.5294,27.94],[-80.4903,27.8632],[-80.4912,27.854],[-80.5098,27.826],[-80.5048,27.824],[-80.49,27.8461],[-80.4858,27.8483],[-80.4818,27.8458],[-80.4571,27.7976],[-80.4229,27.7435],[-80.4212,27.7351],[-80.3857,27.6754],[-80.3735,27.6238],[-80.3634,27.5963],[-80.3648,27.5885],[-80.3511,27.5484],[-80.3416,27.507],[-80.3327,27.4887],[-80.3273,27.4597],[-80.3111,27.4197],[-80.251,27.2959],[-80.1872,27.181],[-80.1875,27.1736],[-80.1905,27.1737],[-80.2122,27.2151],[-80.2258,27.2193],[-80.2372,27.2156],[-80.2509,27.2156],[-80.2637,27.204],[-80.2654,27.2129],[-80.2764,27.2179],[-80.2775,27.2262],[-80.2907,27.241],[-80.3095,27.2426],[-80.3204,27.2503],[-80.3266,27.2483],[-80.3194,27.2383],[-80.2979,27.2274],[-80.2805,27.2046],[-80.2698,27.2043],[-80.2666,27.1968],[-80.2715,27.1882],[-80.2665,27.1861],[-80.2546,27.1562],[-80.2497,27.1629],[-80.258,27.1821],[-80.2586,27.1923],[-80.2553,27.1968],[-80.2388,27.2022],[-80.2281,27.2014],[-80.2254,27.2054],[-80.2173,27.2038],[-80.2084,27.1845],[-80.1915,27.1627],[-80.1838,27.1638],[-80.165,27.14],[-80.1598,27.1421],[-80.1605,27.1505],[-80.1706,27.1638],[-80.1543,27.1636],[-80.1523,27.1516],[-80.1391,27.1271],[-80.1352,27.1108],[-80.1083,27.0632],[-80.0904,27.021],[-80.0851,26.9917],[-80.0763,26.9715],[-80.0714,26.9459],[-80.0961,26.9514],[-80.1014,26.9581],[-80.1006,26.9641],[-80.108,26.9699],[-80.1056,26.9546],[-80.109,26.956],[-80.1468,26.9893],[-80.1472,26.9806],[-80.1255,26.9636],[-80.1228,26.9557],[-80.1154,26.9531],[-80.114,26.9484],[-80.1234,26.9437],[-80.0974,26.9455],[-80.0721,26.9408],[-80.0574,26.908],[-80.029,26.8053],[-80.0318,26.779],[-80.0335,26.7749],[-80.041,26.7757],[-80.0385,26.8093],[-80.0544,26.8506],[-80.0564,26.852],[-80.057,26.8479],[-80.057,26.8165],[-80.0507,26.7973],[-80.0525,26.7595],[-80.0491,26.6771],[-80.0497,26.5865],[-80.0547,26.5534],[-80.0506,26.5436],[-80.0459,26.5476],[-80.0404,26.5469],[-80.0574,26.4495],[-80.0673,26.3435],[-80.0736,26.3391],[-80.0719,26.3307],[-80.0766,26.2707],[-80.0884,26.2226],[-80.1037,26.1051],[-80.1067,26.0951],[-80.1162,26.0964],[-80.1208,26.1067],[-80.1245,26.1027],[-80.1177,26.0853],[-80.1099,26.0924],[-80.1069,26.0914],[-80.1196,25.895],[-80.1169,25.8199],[-80.1277,25.7934],[-80.1322,25.7704],[-80.1396,25.7725],[-80.1445,25.788],[-80.1418,25.8032],[-80.1375,25.8095],[-80.139,25.8198],[-80.133,25.8316],[-80.132,25.8427],[-80.1212,25.8488],[-80.1306,25.8751],[-80.1271,25.886],[-80.1285,25.8991],[-80.1256,25.9078],[-80.1246,25.9425],[-80.1258,25.9485],[-80.1289,25.9473],[-80.1328,25.9381],[-80.1352,25.9067],[-80.1487,25.8966],[-80.1547,25.8857],[-80.1614,25.8822],[-80.1784,25.8388],[-80.1792,25.8199],[-80.1848,25.8071],[-80.1836,25.776],[-80.1888,25.7619],[-80.2028,25.7517],[-80.2087,25.7417],[-80.2233,25.7404],[-80.2293,25.729],[-80.2421,25.7235],[-80.246,25.7148],[-80.2479,25.6945],[-80.2675,25.6929],[-80.2652,25.6882],[-80.2506,25.689],[-80.2674,25.6605],[-80.2704,25.6471],[-80.2797,25.6294],[-80.2863,25.6384],[-80.2907,25.6307],[-80.2973,25.6286],[-80.2986,25.6217],[-80.3053,25.6155],[-80.3091,25.5966],[-80.3027,25.5709],[-80.3132,25.5471],[-80.3126,25.5378],[-80.3216,25.5386],[-80.3278,25.5328],[-80.3341,25.514],[-80.3329,25.5084],[-80.3397,25.5003],[-80.3399,25.4711],[-80.3342,25.4635],[-80.3358,25.4617],[-80.3277,25.441],[-80.3202,25.4393],[-80.3199,25.436],[-80.3296,25.4304],[-80.3253,25.4135],[-80.3299,25.4002],[-80.3164,25.3867],[-80.312,25.3857],[-80.3112,25.3926],[-80.3068,25.3896],[-80.311,25.3726],[-80.3235,25.362],[-80.3401,25.3333],[-80.3689,25.3251],[-80.3742,25.3174],[-80.3786,25.2971],[-80.3921,25.2952],[-80.4009,25.2872],[-80.3954,25.2763],[-80.3971,25.2722],[-80.4077,25.2675],[-80.4151,25.2705],[-80.4255,25.2607],[-80.4315,25.246],[-80.4277,25.2417],[-80.4193,25.2396],[-80.4256,25.2338],[-80.4253,25.2277],[-80.4229,25.2253],[-80.4158,25.2283],[-80.4082,25.2058],[-80.3989,25.2022],[-80.3873,25.2046],[-80.3914,25.1903],[-80.3945,25.1872],[-80.4028,25.1921],[-80.4137,25.193],[-80.4171,25.1959],[-80.4219,25.2127],[-80.4297,25.2177],[-80.4328,25.2271],[-80.4491,25.2304],[-80.4495,25.2327],[-80.4388,25.2398],[-80.4382,25.243],[-80.4411,25.2441],[-80.4622,25.2402],[-80.464,25.2319],[-80.4695,25.2325],[-80.4812,25.2273],[-80.4916,25.2282],[-80.486,25.2201],[-80.4798,25.225],[-80.4584,25.2229],[-80.4526,25.2073],[-80.4448,25.201],[-80.4358,25.2026],[-80.4387,25.1799],[-80.4492,25.178],[-80.4515,25.1831],[-80.4483,25.19],[-80.4669,25.2092],[-80.4667,25.2152],[-80.4822,25.2153],[-80.49,25.2068],[-80.4974,25.2084],[-80.5006,25.2039],[-80.5103,25.2214],[-80.5298,25.2216],[-80.526,25.228],[-80.5121,25.2279],[-80.4983,25.2228],[-80.4981,25.2418],[-80.5087,25.2376],[-80.522,25.2413],[-80.5237,25.2372],[-80.5328,25.2328],[-80.5334,25.2431],[-80.5368,25.2455],[-80.5409,25.2447],[-80.5426,25.2373],[-80.5638,25.2455],[-80.5733,25.2439],[-80.5731,25.237],[-80.5808,25.2307],[-80.5822,25.2215],[-80.5698,25.2192],[-80.5615,25.2273],[-80.5561,25.2239],[-80.549,25.2273],[-80.5478,25.2208],[-80.535,25.2157],[-80.5367,25.2111],[-80.532,25.204],[-80.5336,25.1999],[-80.5386,25.2001],[-80.553,25.2136],[-80.5565,25.2137],[-80.5519,25.2047],[-80.5617,25.1962],[-80.5746,25.199],[-80.5733,25.205],[-80.5668,25.2071],[-80.5686,25.2104],[-80.5791,25.2116],[-80.5927,25.1945],[-80.6165,25.1836],[-80.6209,25.1866],[-80.6193,25.1902],[-80.6066,25.1959],[-80.6061,25.2088],[-80.6336,25.1944],[-80.654,25.1946],[-80.6627,25.1875],[-80.6635,25.1801],[-80.6501,25.1792],[-80.6405,25.183],[-80.636,25.1824],[-80.6342,25.1773],[-80.6489,25.1703],[-80.6563,25.1474],[-80.6758,25.1457],[-80.6725,25.1525],[-80.6597,25.1619],[-80.6575,25.1678],[-80.6727,25.1744],[-80.679,25.1662],[-80.6816,25.1765],[-80.6878,25.1702],[-80.6979,25.1664],[-80.6957,25.1579],[-80.7023,25.1544],[-80.7032,25.1442],[-80.7103,25.1542],[-80.7216,25.1597],[-80.7228,25.1667],[-80.7278,25.1682],[-80.7344,25.1624],[-80.7433,25.1664],[-80.7463,25.1647],[-80.746,25.16],[-80.7402,25.1538],[-80.7234,25.15],[-80.7246,25.1459],[-80.7436,25.1441],[-80.7571,25.1553],[-80.7573,25.1636],[-80.7672,25.1658],[-80.7666,25.1551],[-80.776,25.1442],[-80.7783,25.1476],[-80.7745,25.1581],[-80.7758,25.1628],[-80.7882,25.1655],[-80.7991,25.1533],[-80.801,25.1562],[-80.8003,25.1747],[-80.7945,25.1843],[-80.8148,25.1872],[-80.8164,25.184],[-80.8098,25.1741],[-80.814,25.1663],[-80.8236,25.1629],[-80.8381,25.1773],[-80.8549,25.1801],[-80.8729,25.1788],[-80.8848,25.1671],[-80.8907,25.1682],[-80.8988,25.1648],[-80.8995,25.1444],[-80.9026,25.1431],[-80.9175,25.144],[-80.9317,25.1374],[-80.9477,25.1351],[-80.9721,25.1359],[-80.9989,25.1246],[-81.038,25.1313],[-81.0868,25.1174]],[[-89.6149,37.0506],[-89.5691,37.0815],[-89.535,37.1093],[-89.5264,37.11],[-89.5107,37.1186],[-89.4916,37.1363],[-89.4805,37.1342],[-89.4802,37.1377],[-89.4446,37.1552],[-89.4443,37.164],[-89.4622,37.1885],[-89.4753,37.2246],[-89.4899,37.2274],[-89.4779,37.2332],[-89.466,37.2485],[-89.4769,37.2503],[-89.5027,37.2413],[-89.5139,37.2422],[-89.5276,37.2367],[-89.543,37.2249],[-89.5786,37.2252],[-89.6287,37.2131],[-89.6433,37.2062],[-89.6674,37.1851],[-89.6736,37.166],[-89.6926,37.1525],[-89.7005,37.1294],[-89.6989,37.1265],[-89.7055,37.1176],[-89.6965,37.1212],[-89.6874,37.1196],[-89.6826,37.102],[-89.6753,37.0937],[-89.6567,37.082],[-89.6454,37.0795],[-89.6408,37.0591],[-89.6363,37.0536],[-89.6149,37.0506]]],[[[-80.6386,25.1152],[-80.6424,25.1186],[-80.6386,25.1268],[-80.6445,25.1307],[-80.6408,25.1348],[-80.6306,25.1289],[-80.6334,25.1197],[-80.6386,25.1152]]],[[[-80.8837,25.1137],[-80.884,25.1188],[-80.8784,25.1233],[-80.8745,25.119],[-80.8837,25.1137]]],[[[-80.5932,25.1021],[-80.5946,25.1068],[-80.5919,25.1109],[-80.5813,25.1147],[-80.5836,25.1069],[-80.5932,25.1021]]],[[[-80.6496,25.1012],[-80.6592,25.1098],[-80.6661,25.111],[-80.6689,25.1171],[-80.6589,25.1177],[-80.6525,25.1147],[-80.644,25.1042],[-80.6496,25.1012]]],[[[-80.4947,25.0997],[-80.4996,25.1026],[-80.4867,25.1138],[-80.4828,25.1248],[-80.4772,25.1265],[-80.478,25.1191],[-80.4743,25.1129],[-80.4849,25.1086],[-80.4947,25.0997]]],[[[-80.7284,25.0954],[-80.7292,25.1033],[-80.7215,25.1077],[-80.7212,25.1016],[-80.7284,25.0954]]],[[[-80.6414,25.0809],[-80.6521,25.0864],[-80.6448,25.0959],[-80.6367,25.0854],[-80.6414,25.0809]]],[[[-80.7285,25.0661],[-80.7391,25.0757],[-80.7282,25.0754],[-80.7258,25.0721],[-80.7285,25.0661]]],[[[-80.6966,25.0558],[-80.7034,25.0583],[-80.6956,25.0688],[-80.6884,25.0602],[-80.6966,25.0558]]],[[[-80.4488,25.0526],[-80.4572,25.0552],[-80.4505,25.0587],[-80.4401,25.0574],[-80.4488,25.0526]]],[[[-81.0153,25.0359],[-81.0212,25.0528],[-81.0157,25.0522],[-81.0087,25.0404],[-81.0098,25.0367],[-81.0153,25.0359]]],[[[-80.7532,25.0312],[-80.7611,25.0342],[-80.7592,25.0448],[-80.7524,25.0409],[-80.7532,25.0312]]],[[[-80.7276,24.9974],[-80.7334,25.0013],[-80.726,25.0122],[-80.7227,25.0079],[-80.7276,24.9974]]],[[[-80.5812,24.9498],[-80.5913,24.9594],[-80.5902,24.9622],[-80.5737,24.963],[-80.5589,24.9723],[-80.5454,24.9997],[-80.5462,25.0174],[-80.5368,25.0161],[-80.5317,25.0192],[-80.5239,25.0152],[-80.5184,25.0164],[-80.5149,25.0302],[-80.5099,25.031],[-80.5021,25.0386],[-80.5019,25.0442],[-80.4845,25.0566],[-80.4626,25.0805],[-80.4614,25.0864],[-80.4777,25.1014],[-80.4731,25.104],[-80.4672,25.102],[-80.4533,25.0894],[-80.4452,25.0938],[-80.434,25.1106],[-80.4343,25.1157],[-80.4425,25.1225],[-80.437,25.1232],[-80.4253,25.1168],[-80.4217,25.1199],[-80.4176,25.1337],[-80.4229,25.1399],[-80.4188,25.1425],[-80.4115,25.1386],[-80.4034,25.1406],[-80.3966,25.1496],[-80.393,25.1625],[-80.3763,25.1828],[-80.3754,25.1921],[-80.3827,25.1965],[-80.3816,25.1997],[-80.3693,25.2072],[-80.3578,25.2082],[-80.3524,25.2047],[-80.3364,25.2315],[-80.3303,25.2578],[-80.3314,25.2666],[-80.3374,25.2664],[-80.3439,25.2778],[-80.3549,25.2791],[-80.3651,25.2845],[-80.3645,25.2878],[-80.3461,25.2866],[-80.3369,25.2919],[-80.3315,25.2875],[-80.3245,25.2891],[-80.306,25.301],[-80.2889,25.3175],[-80.288,25.3259],[-80.275,25.3384],[-80.2721,25.3485],[-80.2649,25.3529],[-80.2529,25.352],[-80.2506,25.3486],[-80.2523,25.3431],[-80.2595,25.3383],[-80.2568,25.3322],[-80.2585,25.3266],[-80.2697,25.3215],[-80.2751,25.3129],[-80.2804,25.2922],[-80.2936,25.2759],[-80.3147,25.2372],[-80.3187,25.2355],[-80.3389,25.2066],[-80.3539,25.1802],[-80.3656,25.1745],[-80.363,25.167],[-80.3519,25.1694],[-80.3506,25.1657],[-80.356,25.1556],[-80.3687,25.1487],[-80.3755,25.128],[-80.416,25.1007],[-80.4195,25.1003],[-80.4188,25.104],[-80.4085,25.1134],[-80.4062,25.1212],[-80.4092,25.1204],[-80.4258,25.1047],[-80.4444,25.0756],[-80.4543,25.076],[-80.4594,25.0729],[-80.4911,25.0401],[-80.49,25.0303],[-80.4968,25.0213],[-80.5079,25.017],[-80.5322,24.9955],[-80.562,24.958],[-80.5812,24.9498]]],[[[-80.6084,24.941],[-80.6095,24.9498],[-80.6016,24.9505],[-80.5938,24.9572],[-80.5902,24.9482],[-80.6084,24.941]]],[[[-80.8289,24.9323],[-80.8363,24.9353],[-80.8324,24.9454],[-80.8289,24.9471],[-80.8235,24.9437],[-80.8289,24.9323]]],[[[-80.697,24.8979],[-80.7014,24.898],[-80.7062,24.9047],[-80.7024,24.9115],[-80.698,24.91],[-80.6929,24.901],[-80.697,24.8979]]],[[[-80.6558,24.8965],[-80.6606,24.9009],[-80.6569,24.9073],[-80.6322,24.9287],[-80.6257,24.942],[-80.6202,24.9441],[-80.6163,24.9412],[-80.6126,24.9341],[-80.6374,24.9089],[-80.6558,24.8965]]],[[[-80.7396,24.8458],[-80.7436,24.8464],[-80.7386,24.8597],[-80.7174,24.8688],[-80.709,24.8806],[-80.7024,24.8841],[-80.6891,24.8828],[-80.7143,24.858],[-80.7396,24.8458]]],[[[-80.7614,24.8335],[-80.7648,24.8364],[-80.7636,24.8419],[-80.7561,24.8436],[-80.7519,24.8365],[-80.7614,24.8335]]],[[[-80.847,24.8],[-80.8503,24.8052],[-80.8326,24.8144],[-80.8156,24.8329],[-80.7948,24.8453],[-80.7809,24.8443],[-80.7822,24.8356],[-80.7947,24.8336],[-80.8049,24.8251],[-80.8051,24.8205],[-80.7976,24.8202],[-80.793,24.8261],[-80.7875,24.8264],[-80.7888,24.8167],[-80.7961,24.8095],[-80.8124,24.811],[-80.847,24.8]]],[[[-81.2842,24.7689],[-81.2934,24.7766],[-81.2942,24.7813],[-81.2906,24.7849],[-81.2815,24.7744],[-81.2812,24.7693],[-81.2842,24.7689]]],[[[-80.9123,24.7639],[-80.9211,24.7669],[-80.9094,24.7768],[-80.9062,24.7669],[-80.9123,24.7639]]],[[[-81.4434,24.7521],[-81.4486,24.7606],[-81.457,24.7622],[-81.4537,24.7724],[-81.4425,24.767],[-81.4388,24.7576],[-81.4434,24.7521]]],[[[-81.3747,24.7448],[-81.3893,24.7535],[-81.3936,24.7606],[-81.389,24.7638],[-81.3777,24.7598],[-81.3725,24.7522],[-81.3747,24.7448]]],[[[-81.4845,24.7388],[-81.4971,24.7479],[-81.4949,24.7548],[-81.4914,24.7561],[-81.4861,24.7518],[-81.4845,24.7388]]],[[[-81.4091,24.7378],[-81.4321,24.7477],[-81.4298,24.7583],[-81.4072,24.7521],[-81.4039,24.7446],[-81.4091,24.7378]]],[[[-81.0224,24.7202],[-81.0259,24.7203],[-81.0272,24.724],[-81.003,24.7364],[-81.0069,24.7374],[-81.019,24.7322],[-81.0213,24.7397],[-81.0172,24.7428],[-80.9851,24.7516],[-80.9792,24.7505],[-80.9437,24.7755],[-80.9352,24.7771],[-80.9391,24.7647],[-80.972,24.7443],[-80.9896,24.7378],[-81.0013,24.727],[-81.0224,24.7202]]],[[[-81.2996,24.7177],[-81.3075,24.7212],[-81.3122,24.7292],[-81.3196,24.7303],[-81.3274,24.7505],[-81.3234,24.7509],[-81.303,24.7364],[-81.2979,24.7251],[-81.2996,24.7177]]],[[[-81.5893,24.7106],[-81.5906,24.7181],[-81.5865,24.7254],[-81.5824,24.7277],[-81.5736,24.7242],[-81.5808,24.7137],[-81.5893,24.7106]]],[[[-81.4237,24.6963],[-81.4276,24.6974],[-81.4423,24.7214],[-81.4496,24.7258],[-81.447,24.7295],[-81.451,24.7454],[-81.4392,24.7423],[-81.4357,24.7268],[-81.4219,24.7079],[-81.4237,24.6963]]],[[[-81.4525,24.6952],[-81.4596,24.7056],[-81.4564,24.713],[-81.4485,24.7118],[-81.4457,24.708],[-81.447,24.6969],[-81.4525,24.6952]]],[[[-81.1037,24.6909],[-81.1155,24.6936],[-81.1173,24.6974],[-81.1143,24.701],[-81.1024,24.6983],[-81.0944,24.7014],[-81.0961,24.6949],[-81.1037,24.6909]]],[[[-81.0845,24.6876],[-81.0883,24.691],[-81.0815,24.7015],[-81.0842,24.709],[-81.1225,24.705],[-81.1289,24.7065],[-81.1253,24.7125],[-81.0899,24.7194],[-81.0812,24.7261],[-81.0638,24.7284],[-81.0512,24.7345],[-81.0303,24.7372],[-81.032,24.7298],[-81.0401,24.724],[-81.0692,24.7132],[-81.0773,24.6944],[-81.0845,24.6876]]],[[[-81.6643,24.6868],[-81.6678,24.6869],[-81.6696,24.693],[-81.6774,24.6997],[-81.6728,24.7028],[-81.6645,24.7003],[-81.6612,24.6923],[-81.6643,24.6868]]],[[[-81.4686,24.6868],[-81.4798,24.6936],[-81.4807,24.6973],[-81.4771,24.7009],[-81.4819,24.7076],[-81.4802,24.7126],[-81.4724,24.7096],[-81.4633,24.6978],[-81.4686,24.6868]]],[[[-81.3124,24.6739],[-81.3201,24.6806],[-81.3203,24.6885],[-81.3279,24.6836],[-81.3408,24.7012],[-81.3407,24.7053],[-81.316,24.701],[-81.3126,24.6832],[-81.3096,24.6817],[-81.3124,24.6739]]],[[[-81.4001,24.6725],[-81.4119,24.6932],[-81.4158,24.6947],[-81.4165,24.705],[-81.4125,24.7058],[-81.4063,24.6991],[-81.4001,24.6725]]],[[[-81.6335,24.6698],[-81.6498,24.673],[-81.6599,24.6835],[-81.6304,24.6777],[-81.628,24.6739],[-81.6335,24.6698]]],[[[-81.2763,24.6534],[-81.2807,24.6554],[-81.2755,24.6627],[-81.2629,24.6712],[-81.2409,24.6771],[-81.2456,24.6693],[-81.2763,24.6534]]],[[[-81.3878,24.6531],[-81.3946,24.6584],[-81.3947,24.6881],[-81.3852,24.6735],[-81.3832,24.6586],[-81.3878,24.6531]]],[[[-82.8099,24.6501],[-82.8118,24.6557],[-82.8039,24.656],[-82.8099,24.6501]]],[[[-81.4746,24.6479],[-81.4821,24.6634],[-81.4974,24.6647],[-81.5035,24.6593],[-81.5189,24.6782],[-81.511,24.6934],[-81.5178,24.6996],[-81.5156,24.707],[-81.4825,24.6866],[-81.4757,24.679],[-81.4707,24.6636],[-81.4746,24.6479]]],[[[-81.3132,24.6474],[-81.3171,24.6494],[-81.3124,24.6562],[-81.295,24.6586],[-81.2921,24.6548],[-81.2962,24.6512],[-81.3132,24.6474]]],[[[-82.8337,24.6462],[-82.8381,24.6476],[-82.8386,24.6513],[-82.8307,24.6517],[-82.8337,24.6462]]],[[[-81.446,24.6453],[-81.4516,24.6571],[-81.4594,24.66],[-81.4652,24.6667],[-81.4551,24.6739],[-81.4473,24.6853],[-81.4395,24.6805],[-81.4328,24.6566],[-81.4374,24.6493],[-81.446,24.6453]]],[[[-81.4168,24.645],[-81.4212,24.6451],[-81.425,24.6527],[-81.4206,24.6679],[-81.414,24.6728],[-81.4062,24.6675],[-81.4011,24.6562],[-81.4038,24.6484],[-81.4168,24.645]]],[[[-82.8541,24.639],[-82.8565,24.6446],[-82.8486,24.6449],[-82.8541,24.639]]],[[[-81.3537,24.6345],[-81.3576,24.6347],[-81.3579,24.6407],[-81.3403,24.6509],[-81.346,24.6585],[-81.3539,24.6606],[-81.3664,24.6572],[-81.3687,24.661],[-81.3655,24.6693],[-81.3677,24.6777],[-81.3854,24.7014],[-81.3908,24.7201],[-81.3989,24.7315],[-81.3961,24.743],[-81.3921,24.7439],[-81.3882,24.7405],[-81.3769,24.7207],[-81.369,24.7196],[-81.3697,24.7121],[-81.362,24.705],[-81.3501,24.7042],[-81.3482,24.7004],[-81.3515,24.6898],[-81.3362,24.6713],[-81.3347,24.6554],[-81.3285,24.6478],[-81.3286,24.6437],[-81.3537,24.6345]]],[[[-82.931,24.6226],[-82.934,24.625],[-82.928,24.6328],[-82.9235,24.6369],[-82.918,24.6369],[-82.9211,24.629],[-82.931,24.6226]]],[[[-82.8746,24.6201],[-82.8796,24.6206],[-82.8805,24.6276],[-82.8721,24.628],[-82.8716,24.6224],[-82.8746,24.6201]]],[[[-82.8901,24.6119],[-82.8935,24.6143],[-82.8925,24.6203],[-82.8875,24.6175],[-82.8901,24.6119]]],[[[-81.4624,24.6085],[-81.4781,24.6135],[-81.4779,24.621],[-81.4738,24.6232],[-81.4624,24.6085]]],[[[-81.9231,24.5981],[-81.9254,24.6037],[-81.9175,24.604],[-81.9231,24.5981]]],[[[-81.6106,24.5851],[-81.6145,24.5852],[-81.6154,24.589],[-81.5989,24.596],[-81.5988,24.5997],[-81.6111,24.6],[-81.6244,24.5869],[-81.6327,24.5898],[-81.6341,24.5936],[-81.6195,24.6021],[-81.6118,24.6131],[-81.6137,24.6164],[-81.6216,24.618],[-81.6234,24.6217],[-81.6184,24.6262],[-81.6242,24.632],[-81.6136,24.6373],[-81.6017,24.6384],[-81.5991,24.6421],[-81.602,24.6463],[-81.6163,24.6462],[-81.6143,24.6499],[-81.5858,24.6598],[-81.5862,24.6445],[-81.5898,24.6372],[-81.5882,24.6246],[-81.6065,24.626],[-81.6076,24.6223],[-81.598,24.6113],[-81.5939,24.6145],[-81.5856,24.6101],[-81.5809,24.6193],[-81.5722,24.6131],[-81.5641,24.618],[-81.5639,24.625],[-81.5546,24.6238],[-81.5534,24.6284],[-81.566,24.6408],[-81.5633,24.6486],[-81.5579,24.6476],[-81.5468,24.6352],[-81.537,24.6322],[-81.5322,24.6265],[-81.5196,24.6322],[-81.518,24.6364],[-81.5253,24.6445],[-81.5205,24.6555],[-81.5229,24.6593],[-81.5268,24.6603],[-81.533,24.6507],[-81.5405,24.6662],[-81.5469,24.6673],[-81.5478,24.6715],[-81.565,24.6747],[-81.5652,24.6863],[-81.5627,24.6881],[-81.5542,24.6912],[-81.514,24.6581],[-81.507,24.6426],[-81.5085,24.6245],[-81.5539,24.6108],[-81.5606,24.6026],[-81.567,24.6046],[-81.5799,24.6007],[-81.6106,24.5851]]],[[[-81.9518,24.5768],[-81.9536,24.5824],[-81.9457,24.5823],[-81.9518,24.5768]]],[[[-81.9187,24.5738],[-81.9205,24.5794],[-81.9126,24.5797],[-81.9187,24.5738]]],[[[-81.7926,24.5711],[-81.7984,24.5764],[-81.7979,24.595],[-81.7901,24.5906],[-81.7887,24.5864],[-81.7885,24.5738],[-81.7926,24.5711]]],[[[-82.1514,24.5677],[-82.1508,24.5741],[-82.1468,24.5755],[-82.1449,24.5717],[-82.1514,24.5677]]],[[[-81.8632,24.5573],[-81.863,24.5638],[-81.8566,24.5632],[-81.8632,24.5573]]],[[[-81.8894,24.5569],[-81.8897,24.5635],[-81.8838,24.5629],[-81.8894,24.5569]]],[[[-81.7064,24.5553],[-81.7162,24.5588],[-81.7124,24.5698],[-81.7049,24.5748],[-81.7042,24.5794],[-81.711,24.5847],[-81.7032,24.5998],[-81.6992,24.6007],[-81.6946,24.5903],[-81.6897,24.587],[-81.6835,24.5961],[-81.6746,24.5973],[-81.6667,24.5944],[-81.6652,24.598],[-81.6714,24.6038],[-81.6487,24.6042],[-81.6453,24.6004],[-81.6459,24.5967],[-81.6589,24.59],[-81.6714,24.5875],[-81.6734,24.5838],[-81.6661,24.5809],[-81.6452,24.5869],[-81.6453,24.5822],[-81.6618,24.5733],[-81.668,24.5646],[-81.6806,24.5579],[-81.7064,24.5553]]],[[[-82.1454,24.5475],[-82.1448,24.5526],[-82.1403,24.5526],[-82.1454,24.5475]]],[[[-82.1162,24.547],[-82.1192,24.548],[-82.1186,24.5522],[-82.1085,24.5603],[-82.1033,24.5714],[-82.1042,24.5793],[-82.1307,24.5877],[-82.1262,24.5909],[-82.1301,24.5924],[-82.1446,24.5847],[-82.1395,24.5939],[-82.1265,24.5979],[-82.1064,24.5919],[-82.0986,24.5857],[-82.0964,24.5694],[-82.1001,24.5597],[-82.1077,24.5506],[-82.1162,24.547]]],[[[-82.1306,24.5454],[-82.1315,24.5492],[-82.124,24.5513],[-82.1306,24.5454]]],[[[-82.1494,24.5453],[-82.1607,24.5506],[-82.161,24.5581],[-82.1569,24.565],[-82.1525,24.5626],[-82.1527,24.5547],[-82.1488,24.5527],[-82.1494,24.5453]]],[[[-81.7996,24.5453],[-81.81,24.5473],[-81.8113,24.5539],[-81.7911,24.5683],[-81.7827,24.5677],[-81.7784,24.562],[-81.7654,24.5673],[-81.7603,24.5742],[-81.7524,24.574],[-81.7398,24.5811],[-81.732,24.5786],[-81.7229,24.5668],[-81.729,24.559],[-81.737,24.5578],[-81.7409,24.5588],[-81.7368,24.5657],[-81.7396,24.5695],[-81.7476,24.5697],[-81.755,24.5494],[-81.7703,24.5507],[-81.7996,24.5453]]],[[[-81.9229,24.54],[-81.9223,24.5465],[-81.9164,24.5463],[-81.9229,24.54]]],[[[-82.0019,24.5276],[-82.0068,24.5291],[-82.0081,24.5366],[-81.9992,24.535],[-81.9983,24.5313],[-82.0019,24.5276]]],[[[-81.9188,24.5255],[-81.9207,24.5311],[-81.9128,24.5309],[-81.9188,24.5255]]],[[[-81.9268,24.5214],[-81.9312,24.5229],[-81.9317,24.5271],[-81.9237,24.527],[-81.9268,24.5214]]],[[[-81.9738,24.521],[-81.9758,24.522],[-81.9732,24.5284],[-81.9683,24.5269],[-81.9738,24.521]]],[[[-81.9566,24.5183],[-81.962,24.5198],[-81.9599,24.5235],[-81.955,24.522],[-81.9566,24.5183]]]]},"properties":{"name":"Atlantic and Gulf Coastal Plain","mlra_name":"Southern Coastal Plain","lrr_name":"South Atlantic and Gulf Slope Cash Crops, Forest, and Livestock Region","supplement_url":"https://usace.contentdm.oclc.org/digital/collection/p266001coll1/id/7605/","layer":"wetland_regions"}},{"type":"Feature","geometry":{"type":"Polygon","coordinates":[[[-88.8275,37.1162],[-88.8278,37.1162],[-88.8277,37.1163],[-88.8275,37.1162]]]},"properties":{"name":"Unnamed Reservoir (41059390)","layer":"nhd_reservoirs","waterbody_type":"Reservoir","area_acres":null,"elevation":null,"fcode":43624}},{"type":"Feature","geometry":{"type":"Polygon","coordinates":[[[-88.8264,37.115],[-88.8264,37.1142],[-88.8269,37.1143],[-88.8264,37.115]]]},"properties":{"name":"Unnamed Reservoir (41059419)","layer":"nhd_reservoirs","waterbody_type":"Reservoir","area_acres":0.74,"elevation":null,"fcode":43624}},{"type":"Feature","geometry":{"type":"Polygon","coordinates":[[[-88.8269,37.1159],[-88.8269,37.1151],[-88.8273,37.1151],[-88.8269,37.1159]]]},"properties":{"name":"Unnamed Reservoir (41059402)","layer":"nhd_reservoirs","waterbody_type":"Reservoir","area_acres":0.74,"elevation":null,"fcode":43624}},{"type":"Feature","geometry":{"type":"Polygon","coordinates":[[[-88.7595,37.1706],[-88.7595,37.1712],[-88.7589,37.1705],[-88.7595,37.1706]]]},"properties":{"name":"Unnamed Reservoir (41058405)","layer":"nhd_reservoirs","waterbody_type":"Reservoir","area_acres":0.99,"elevation":null,"fcode":43624}},{"type":"Feature","geometry":{"type":"Polygon","coordinates":[[[-88.8264,37.1159],[-88.8264,37.1151],[-88.8268,37.1151],[-88.8264,37.1159]]]},"properties":{"name":"Unnamed Reservoir (41059400)","layer":"nhd_reservoirs","waterbody_type":"Reservoir","area_acres":0.74,"elevation":null,"fcode":43624}},{"type":"Feature","geometry":{"type":"Polygon","coordinates":[[[-88.827,37.115],[-88.8269,37.1143],[-88.8273,37.1143],[-88.827,37.115]]]},"properties":{"name":"Unnamed Reservoir (41059421)","layer":"nhd_reservoirs","waterbody_type":"Reservoir","area_acres":0.74,"elevation":null,"fcode":43624}},{"type":"Feature","geometry":{"type":"Polygon","coordinates":[[[-88.7606,37.1704],[-88.7587,37.1698],[-88.7593,37.1693],[-88.7606,37.1704]]]},"properties":{"name":"Unnamed Reservoir (41058417)","layer":"nhd_reservoirs","waterbody_type":"Reservoir","area_acres":2.97,"elevation":null,"fcode":43624}},{"type":"Feature","geometry":{"type":"Polygon","coordinates":[[[-88.7401,37.1545],[-88.7403,37.1546],[-88.7401,37.1546],[-88.7401,37.1545]]]},"properties":{"name":"Unnamed Reservoir (41058667)","layer":"nhd_reservoirs","waterbody_type":"Reservoir","area_acres":null,"elevation":null,"fcode":43624}},{"type":"Feature","geometry":{"type":"Polygon","coordinates":[[[-88.7584,37.1709],[-88.7595,37.1712],[-88.7591,37.1715],[-88.7584,37.1709]]]},"properties":{"name":"Unnamed Reservoir (41058397)","layer":"nhd_reservoirs","waterbody_type":"Reservoir","area_acres":0.99,"elevation":null,"fcode":43624}},{"type":"Feature","geometry":{"type":"Polygon","coordinates":[[[-88.8262,37.1161],[-88.8263,37.116],[-88.8265,37.1161],[-88.8262,37.1161]]]},"properties":{"name":"Unnamed Reservoir (41059395)","layer":"nhd_reservoirs","waterbody_type":"Reservoir","area_acres":null,"elevation":null,"fcode":43624}},{"type":"Feature","geometry":{"type":"Polygon","coordinates":[[[-88.74,37.1544],[-88.7401,37.1543],[-88.7401,37.1544],[-88.74,37.1544]]]},"properties":{"name":"Unnamed Reservoir (41058671)","layer":"nhd_reservoirs","waterbody_type":"Reservoir","area_acres":null,"elevation":null,"fcode":43624}},{"type":"Feature","geometry":{"type":"Polygon","coordinates":[[[-88.8104,37.1224],[-88.8144,37.124],[-88.81,37.1231],[-88.8104,37.1224]]]},"properties":{"name":"Unnamed Reservoir (41059255)","layer":"nhd_reservoirs","waterbody_type":"Reservoir","area_acres":8.65,"elevation":null,"fcode":43624}},{"type":"Feature","geometry":{"type":"Polygon","coordinates":[[[-88.8196,37.1216],[-88.8202,37.1218],[-88.8195,37.1225],[-88.8196,37.1216]]]},"properties":{"name":"Unnamed Reservoir (5b573b77)","layer":"nhd_reservoirs","waterbody_type":"Reservoir","area_acres":0.99,"elevation":null,"fcode":43619}},{"type":"Feature","geometry":{"type":"Polygon","coordinates":[[[-88.7399,37.1545],[-88.7399,37.1544],[-88.74,37.1546],[-88.7399,37.1545]]]},"properties":{"name":"Unnamed Reservoir (41058666)","layer":"nhd_reservoirs","waterbody_type":"Reservoir","area_acres":null,"elevation":null,"fcode":43624}},{"type":"Feature","geometry":{"type":"Polygon","coordinates":[[[-88.8115,37.1236],[-88.8091,37.1233],[-88.8096,37.1222],[-88.8115,37.1236]]]},"properties":{"name":"Unnamed Reservoir (41059263)","layer":"nhd_reservoirs","waterbody_type":"Reservoir","area_acres":4.94,"elevation":null,"fcode":43624}},{"type":"Feature","geometry":{"type":"Polygon","coordinates":[[[-88.7395,37.1543],[-88.7397,37.1543],[-88.7397,37.1545],[-88.7395,37.1543]]]},"properties":{"name":"Unnamed Reservoir (41058669)","layer":"nhd_reservoirs","waterbody_type":"Reservoir","area_acres":null,"elevation":null,"fcode":43624}},{"type":"Feature","geometry":{"type":"Polygon","coordinates":[[[-88.7763,37.157],[-88.7738,37.1565],[-88.7759,37.1541],[-88.7763,37.157]]]},"properties":{"name":"Unnamed Reservoir (41058648)","layer":"nhd_reservoirs","waterbody_type":"Reservoir","area_acres":14.58,"elevation":null,"fcode":43624}},{"type":"Feature","geometry":{"type":"Polygon","coordinates":[[[-88.8113,37.1216],[-88.8114,37.1218],[-88.8111,37.1218],[-88.8113,37.1216]]]},"properties":{"name":"Unnamed Reservoir (d76db177)","layer":"nhd_reservoirs","waterbody_type":"Reservoir","area_acres":0.25,"elevation":null,"fcode":43624}},{"type":"Feature","geometry":{"type":"Polygon","coordinates":[[[-88.8212,37.1143],[-88.8213,37.1142],[-88.8215,37.1143],[-88.8212,37.1143]]]},"properties":{"name":"Unnamed Reservoir (41059426)","layer":"nhd_reservoirs","waterbody_type":"Reservoir","area_acres":null,"elevation":null,"fcode":43624}},{"type":"Feature","geometry":{"type":"Polygon","coordinates":[[[-88.7964,37.1631],[-88.7947,37.1667],[-88.7805,37.1599],[-88.7806,37.1565],[-88.7921,37.1641],[-88.7964,37.1631]]]},"properties":{"name":"Unnamed Reservoir (41058524)","layer":"nhd_reservoirs","waterbody_type":"Reservoir","area_acres":127.75,"elevation":null,"fcode":43624}},{"type":"Feature","geometry":{"type":"Polygon","coordinates":[[[-88.7581,37.1702],[-88.7587,37.1698],[-88.7591,37.1702],[-88.7581,37.1702]]]},"properties":{"name":"Unnamed Reservoir (41058420)","layer":"nhd_reservoirs","waterbody_type":"Reservoir","area_acres":0.99,"elevation":null,"fcode":43624}},{"type":"Feature","geometry":{"type":"Polygon","coordinates":[[[-88.7404,37.1545],[-88.7406,37.1544],[-88.7406,37.1546],[-88.7404,37.1545]]]},"properties":{"name":"Unnamed Reservoir (41058668)","layer":"nhd_reservoirs","waterbody_type":"Reservoir","area_acres":null,"elevation":null,"fcode":43624}},{"type":"Feature","geometry":{"type":"Polygon","coordinates":[[[-88.7402,37.1547],[-88.7403,37.1547],[-88.7402,37.1548],[-88.7402,37.1547]]]},"properties":{"name":"Unnamed Reservoir (41058659)","layer":"nhd_reservoirs","waterbody_type":"Reservoir","area_acres":null,"elevation":null,"fcode":43624}},{"type":"Feature","geometry":{"type":"Polygon","coordinates":[[[-88.7836,37.1571],[-88.7827,37.1567],[-88.7841,37.1552],[-88.7836,37.1571]]]},"properties":{"name":"Unnamed Reservoir (41058675)","layer":"nhd_reservoirs","waterbody_type":"Reservoir","area_acres":4.2,"elevation":null,"fcode":43624}},{"type":"Feature","geometry":{"type":"Polygon","coordinates":[[[-88.8106,37.1217],[-88.8105,37.1215],[-88.8107,37.1214],[-88.8106,37.1217]]]},"properties":{"name":"Unnamed Reservoir (68a07562)","layer":"nhd_reservoirs","waterbody_type":"Reservoir","area_acres":0.25,"elevation":null,"fcode":43624}},{"type":"Feature","geometry":{"type":"Polygon","coordinates":[[[-88.7399,37.1547],[-88.74,37.1547],[-88.7399,37.1548],[-88.7399,37.1547]]]},"properties":{"name":"Unnamed Reservoir (41058660)","layer":"nhd_reservoirs","waterbody_type":"Reservoir","area_acres":null,"elevation":null,"fcode":43624}},{"type":"Feature","geometry":{"type":"Polygon","coordinates":[[[-88.7815,37.1559],[-88.7821,37.1563],[-88.78,37.1554],[-88.7815,37.1559]]]},"properties":{"name":"Unnamed Reservoir (41058679)","layer":"nhd_reservoirs","waterbody_type":"Reservoir","area_acres":1.48,"elevation":null,"fcode":43624}},{"type":"Feature","geometry":{"type":"LineString","coordinates":[[-88.7965,37.0338],[-88.8008,37.0442]]},"properties":{"name":"Unnamed Stream","layer":"nhd_perennial_streams","stream_type":"Perennial Stream","length_miles":null,"flow_direction":"","reach_code":""}},{"type":"Feature","geometry":{"type":"LineString","coordinates":[[-88.8217,37.1077],[-88.822,37.1099]]},"properties":{"name":"Unnamed Stream","layer":"nhd_perennial_streams","stream_type":"Perennial Stream","length_miles":null,"flow_direction":"","reach_code":""}},{"type":"Feature","geometry":{"type":"LineString","coordinates":[[-88.8185,37.0544],[-88.8164,37.0551]]},"properties":{"name":"Unnamed Stream","layer":"nhd_perennial_streams","stream_type":"Perennial Stream","length_miles":null,"flow_direction":"","reach_code":""}},{"type":"Feature","geometry":{"type":"LineString","coordinates":[[-88.7923,37.1104],[-88.7883,37.112]]},"properties":{"name":"Unnamed Stream","layer":"nhd_perennial_streams","stream_type":"Perennial Stream","length_miles":null,"flow_direction":"","reach_code":""}},{"type":"Feature","geometry":{"type":"LineString","coordinates":[[-88.7999,37.0536],[-88.7983,37.0602]]},"properties":{"name":"Unnamed Stream","layer":"nhd_perennial_streams","stream_type":"Perennial Stream","length_miles":null,"flow_direction":"","reach_code":""}},{"type":"Feature","geometry":{"type":"LineString","coordinates":[[-88.8263,37.0386],[-88.8254,37.0452]]},"properties":{"name":"Unnamed Stream","layer":"nhd_perennial_streams","stream_type":"Perennial Stream","length_miles":null,"flow_direction":"","reach_code":""}},{"type":"Feature","geometry":{"type":"LineString","coordinates":[[-88.7875,37.0712],[-88.7877,37.0718]]},"properties":{"name":"Unnamed Stream","layer":"nhd_perennial_streams","stream_type":"Perennial Stream","length_miles":null,"flow_direction":"","reach_code":""}},{"type":"Feature","geometry":{"type":"LineString","coordinates":[[-88.8555,37.1605],[-88.8553,37.1707],[-88.8597,37.1773],[-88.8559,37.1868]]},"properties":{"name":"Unnamed Stream","layer":"nhd_perennial_streams","stream_type":"Perennial Stream","length_miles":null,"flow_direction":"","reach_code":""}},{"type":"Feature","geometry":{"type":"LineString","coordinates":[[-88.7877,37.0718],[-88.788,37.0728]]},"properties":{"name":"Unnamed Stream","layer":"nhd_perennial_streams","stream_type":"Perennial Stream","length_miles":null,"flow_direction":"","reach_code":""}},{"type":"Feature","geometry":{"type":"LineString","coordinates":[[-88.7179,37.0776],[-88.7286,37.0802]]},"properties":{"name":"Unnamed Stream","layer":"nhd_perennial_streams","stream_type":"Perennial Stream","length_miles":null,"flow_direction":"","reach_code":""}},{"type":"Feature","geometry":{"type":"LineString","coordinates":[[-88.759,37.089],[-88.7579,37.0885]]},"properties":{"name":"Unnamed Stream","layer":"nhd_perennial_streams","stream_type":"Perennial Stream","length_miles":null,"flow_direction":"","reach_code":""}},{"type":"Feature","geometry":{"type":"LineString","coordinates":[[-88.8219,37.1052],[-88.8217,37.1077]]},"properties":{"name":"Unnamed Stream","layer":"nhd_perennial_streams","stream_type":"Perennial Stream","length_miles":null,"flow_direction":"","reach_code":""}},{"type":"Feature","geometry":{"type":"LineString","coordinates":[[-88.788,37.0728],[-88.7863,37.0736]]},"properties":{"name":"Unnamed Stream","layer":"nhd_perennial_streams","stream_type":"Perennial Stream","length_miles":null,"flow_direction":"","reach_code":""}},{"type":"Feature","geometry":{"type":"LineString","coordinates":[[-88.7528,37.0624],[-88.744,37.0656]]},"properties":{"name":"Unnamed Stream","layer":"nhd_perennial_streams","stream_type":"Perennial Stream","length_miles":null,"flow_direction":"","reach_code":""}},{"type":"Feature","geometry":{"type":"LineString","coordinates":[[-88.8492,37.1307],[-88.847,37.1348],[-88.8399,37.1365]]},"properties":{"name":"Unnamed Stream","layer":"nhd_perennial_streams","stream_type":"Perennial Stream","length_miles":null,"flow_direction":"","reach_code":""}},{"type":"Feature","geometry":{"type":"LineString","coordinates":[[-88.8241,37.1237],[-88.8241,37.1253]]},"properties":{"name":"Unnamed Stream","layer":"nhd_perennial_streams","stream_type":"Perennial Stream","length_miles":null,"flow_direction":"","reach_code":""}},{"type":"Feature","geometry":{"type":"LineString","coordinates":[[-88.8002,37.1687],[-88.7988,37.1714]]},"properties":{"name":"Unnamed Stream","layer":"nhd_perennial_streams","stream_type":"Perennial Stream","length_miles":null,"flow_direction":"","reach_code":""}},{"type":"Feature","geometry":{"type":"LineString","coordinates":[[-88.7334,37.106],[-88.7327,37.106]]},"properties":{"name":"Unnamed Stream","layer":"nhd_perennial_streams","stream_type":"Perennial Stream","length_miles":null,"flow_direction":"","reach_code":""}},{"type":"Feature","geometry":{"type":"LineString","coordinates":[[-88.8242,37.1227],[-88.8241,37.1237]]},"properties":{"name":"Unnamed Stream","layer":"nhd_perennial_streams","stream_type":"Perennial Stream","length_miles":null,"flow_direction":"","reach_code":""}},{"type":"Feature","geometry":{"type":"LineString","coordinates":[[-88.7298,37.0811],[-88.7298,37.0871]]},"properties":{"name":"Unnamed Stream","layer":"nhd_perennial_streams","stream_type":"Perennial Stream","length_miles":null,"flow_direction":"","reach_code":""}},{"type":"Feature","geometry":{"type":"LineString","coordinates":[[-88.8281,37.0924],[-88.8243,37.0994]]},"properties":{"name":"Unnamed Stream","layer":"nhd_perennial_streams","stream_type":"Perennial Stream","length_miles":null,"flow_direction":"","reach_code":""}},{"type":"Feature","geometry":{"type":"LineString","coordinates":[[-88.7435,37.0938],[-88.732,37.0933]]},"properties":{"name":"Unnamed Stream","layer":"nhd_perennial_streams","stream_type":"Perennial Stream","length_miles":null,"flow_direction":"","reach_code":""}},{"type":"Feature","geometry":{"type":"LineString","coordinates":[[-88.7841,37.0747],[-88.781,37.0804]]},"properties":{"name":"Unnamed Stream","layer":"nhd_perennial_streams","stream_type":"Perennial Stream","length_miles":null,"flow_direction":"","reach_code":""}},{"type":"Feature","geometry":{"type":"LineString","coordinates":[[-88.7853,37.1299],[-88.7858,37.1305]]},"properties":{"name":"Unnamed Stream","layer":"nhd_perennial_streams","stream_type":"Perennial Stream","length_miles":null,"flow_direction":"","reach_code":""}},{"type":"Feature","geometry":{"type":"LineString","coordinates":[[-88.8201,37.0538],[-88.8185,37.0544]]},"properties":{"name":"Unnamed Stream","layer":"nhd_perennial_streams","stream_type":"Perennial Stream","length_miles":null,"flow_direction":"","reach_code":""}},{"type":"Feature","geometry":{"type":"LineString","coordinates":[[-88.7901,37.1436],[-88.788,37.147]]},"properties":{"name":"Unnamed Stream","layer":"nhd_perennial_streams","stream_type":"Perennial Stream","length_miles":null,"flow_direction":"","reach_code":""}},{"type":"Feature","geometry":{"type":"LineString","coordinates":[[-88.7319,37.1059],[-88.7303,37.1097]]},"properties":{"name":"Unnamed Stream","layer":"nhd_perennial_streams","stream_type":"Perennial Stream","length_miles":null,"flow_direction":"","reach_code":""}},{"type":"Feature","geometry":{"type":"LineString","coordinates":[[-88.7334,37.106],[-88.7327,37.106]]},"properties":{"name":"Unnamed Stream","layer":"nhd_perennial_streams","stream_type":"Perennial Stream","length_miles":null,"flow_direction":"","reach_code":""}},{"type":"Feature","geometry":{"type":"LineString","coordinates":[[-88.7846,37.1202],[-88.7854,37.1263]]},"properties":{"name":"Unnamed Stream","layer":"nhd_perennial_streams","stream_type":"Perennial Stream","length_miles":null,"flow_direction":"","reach_code":""}},{"type":"Feature","geometry":{"type":"LineString","coordinates":[[-88.7469,37.0947],[-88.7435,37.0938]]},"properties":{"name":"Unnamed Stream","layer":"nhd_perennial_streams","stream_type":"Perennial Stream","length_miles":null,"flow_direction":"","reach_code":""}},{"type":"Feature","geometry":{"type":"LineString","coordinates":[[-88.8203,37.171],[-88.8184,37.1737],[-88.8101,37.1733],[-88.8068,37.1713],[-88.8084,37.1698],[-88.8002,37.1687]]},"properties":{"name":"Unnamed Stream","layer":"nhd_perennial_streams","stream_type":"Perennial Stream","length_miles":null,"flow_direction":"","reach_code":""}},{"type":"Feature","geometry":{"type":"LineString","coordinates":[[-88.8008,37.0447],[-88.7996,37.0515]]},"properties":{"name":"Unnamed Stream","layer":"nhd_perennial_streams","stream_type":"Perennial Stream","length_miles":null,"flow_direction":"","reach_code":""}},{"type":"Feature","geometry":{"type":"LineString","coordinates":[[-88.8234,37.0511],[-88.8201,37.0538]]},"properties":{"name":"Unnamed Stream","layer":"nhd_perennial_streams","stream_type":"Perennial Stream","length_miles":null,"flow_direction":"","reach_code":""}},{"type":"Feature","geometry":{"type":"LineString","coordinates":[[-88.7947,37.0643],[-88.7875,37.0712]]},"properties":{"name":"Unnamed Stream","layer":"nhd_perennial_streams","stream_type":"Perennial Stream","length_miles":null,"flow_direction":"","reach_code":""}},{"type":"Feature","geometry":{"type":"LineString","coordinates":[[-88.8241,37.1502],[-88.8244,37.1549]]},"properties":{"name":"Unnamed Stream","layer":"nhd_perennial_streams","stream_type":"Perennial Stream","length_miles":null,"flow_direction":"","reach_code":""}},{"type":"Feature","geometry":{"type":"LineString","coordinates":[[-88.7909,37.1519],[-88.7939,37.1584]]},"properties":{"name":"Unnamed Stream","layer":"nhd_perennial_streams","stream_type":"Perennial Stream","length_miles":null,"flow_direction":"","reach_code":""}},{"type":"Feature","geometry":{"type":"LineString","coordinates":[[-88.8254,37.0452],[-88.8234,37.0511]]},"properties":{"name":"Unnamed Stream","layer":"nhd_perennial_streams","stream_type":"Perennial Stream","length_miles":null,"flow_direction":"","reach_code":""}},{"type":"Feature","geometry":{"type":"LineString","coordinates":[[-88.7751,37.0854],[-88.7645,37.0899]]},"properties":{"name":"Unnamed Stream","layer":"nhd_perennial_streams","stream_type":"Perennial Stream","length_miles":null,"flow_direction":"","reach_code":""}},{"type":"Feature","geometry":{"type":"LineString","coordinates":[[-88.8618,37.1494],[-88.8555,37.1605]]},"properties":{"name":"Unnamed Stream","layer":"nhd_perennial_streams","stream_type":"Perennial Stream","length_miles":null,"flow_direction":"","reach_code":""}},{"type":"Feature","geometry":{"type":"LineString","coordinates":[[-88.799,37.107],[-88.7956,37.1076]]},"properties":{"name":"Unnamed Stream","layer":"nhd_perennial_streams","stream_type":"Perennial Stream","length_miles":null,"flow_direction":"","reach_code":""}},{"type":"Feature","geometry":{"type":"LineString","coordinates":[[-88.8285,37.0921],[-88.8281,37.0924]]},"properties":{"name":"Unnamed Stream","layer":"nhd_perennial_streams","stream_type":"Perennial Stream","length_miles":null,"flow_direction":"","reach_code":""}},{"type":"Feature","geometry":{"type":"LineString","coordinates":[[-88.8244,37.1549],[-88.8196,37.1617]]},"properties":{"name":"Unnamed Stream","layer":"nhd_perennial_streams","stream_type":"Perennial Stream","length_miles":null,"flow_direction":"","reach_code":""}},{"type":"Feature","geometry":{"type":"LineString","coordinates":[[-88.8231,37.15],[-88.8187,37.158]]},"properties":{"name":"Unnamed Stream","layer":"nhd_perennial_streams","stream_type":"Perennial Stream","length_miles":null,"flow_direction":"","reach_code":""}},{"type":"Feature","geometry":{"type":"LineString","coordinates":[[-88.7327,37.106],[-88.7319,37.1059]]},"properties":{"name":"Unnamed Stream","layer":"nhd_perennial_streams","stream_type":"Perennial Stream","length_miles":null,"flow_direction":"","reach_code":""}},{"type":"Feature","geometry":{"type":"LineString","coordinates":[[-88.8011,37.1051],[-88.799,37.107]]},"properties":{"name":"Unnamed Stream","layer":"nhd_perennial_streams","stream_type":"Perennial Stream","length_miles":null,"flow_direction":"","reach_code":""}},{"type":"Feature","geometry":{"type":"LineString","coordinates":[[-88.8285,37.0921],[-88.826,37.0985]]},"properties":{"name":"Unnamed Stream","layer":"nhd_perennial_streams","stream_type":"Perennial Stream","length_miles":null,"flow_direction":"","reach_code":""}},{"type":"Feature","geometry":{"type":"LineString","coordinates":[[-88.8358,37.0822],[-88.8343,37.0857]]},"properties":{"name":"Unnamed Stream","layer":"nhd_perennial_streams","stream_type":"Perennial Stream","length_miles":null,"flow_direction":"","reach_code":""}},{"type":"Feature","geometry":{"type":"LineString","coordinates":[[-88.7875,37.0712],[-88.7877,37.0718]]},"properties":{"name":"Unnamed Stream","layer":"nhd_perennial_streams","stream_type":"Perennial Stream","length_miles":null,"flow_direction":"","reach_code":""}},{"type":"Feature","geometry":{"type":"LineString","coordinates":[[-88.7996,37.0515],[-88.7997,37.0517]]},"properties":{"name":"Unnamed Stream","layer":"nhd_perennial_streams","stream_type":"Perennial Stream","length_miles":null,"flow_direction":"","reach_code":""}},{"type":"Feature","geometry":{"type":"LineString","coordinates":[[-88.7263,37.0741],[-88.7286,37.0802]]},"properties":{"name":"Unnamed Stream","layer":"nhd_perennial_streams","stream_type":"Perennial Stream","length_miles":null,"flow_direction":"","reach_code":""}},{"type":"Feature","geometry":{"type":"LineString","coordinates":[[-88.8237,37.1118],[-88.8242,37.1227]]},"properties":{"name":"Unnamed Stream","layer":"nhd_perennial_streams","stream_type":"Perennial Stream","length_miles":null,"flow_direction":"","reach_code":""}},{"type":"Feature","geometry":{"type":"LineString","coordinates":[[-88.781,37.0804],[-88.7751,37.0854]]},"properties":{"name":"Unnamed Stream","layer":"nhd_perennial_streams","stream_type":"Perennial Stream","length_miles":null,"flow_direction":"","reach_code":""}},{"type":"Feature","geometry":{"type":"LineString","coordinates":[[-88.8243,37.0994],[-88.8219,37.1052]]},"properties":{"name":"Unnamed Stream","layer":"nhd_perennial_streams","stream_type":"Perennial Stream","length_miles":null,"flow_direction":"","reach_code":""}},{"type":"Feature","geometry":{"type":"LineString","coordinates":[[-88.8517,37.1056],[-88.8468,37.1112],[-88.8332,37.1117]]},"properties":{"name":"Unnamed Stream","layer":"nhd_perennial_streams","stream_type":"Perennial Stream","length_miles":null,"flow_direction":"","reach_code":""}},{"type":"Feature","geometry":{"type":"LineString","coordinates":[[-88.8241,37.1502],[-88.8231,37.15]]},"properties":{"name":"Unnamed Stream","layer":"nhd_perennial_streams","stream_type":"Perennial Stream","length_miles":null,"flow_direction":"","reach_code":""}},{"type":"Feature","geometry":{"type":"LineString","coordinates":[[-88.7303,37.1097],[-88.7272,37.1112],[-88.7292,37.1134]]},"properties":{"name":"Unnamed Stream","layer":"nhd_perennial_streams","stream_type":"Perennial Stream","length_miles":null,"flow_direction":"","reach_code":""}},{"type":"Feature","geometry":{"type":"LineString","coordinates":[[-88.8275,37.1433],[-88.8241,37.1502]]},"properties":{"name":"Unnamed Stream","layer":"nhd_perennial_streams","stream_type":"Perennial Stream","length_miles":null,"flow_direction":"","reach_code":""}},{"type":"Feature","geometry":{"type":"LineString","coordinates":[[-88.826,37.0985],[-88.8243,37.0994]]},"properties":{"name":"Unnamed Stream","layer":"nhd_perennial_streams","stream_type":"Perennial Stream","length_miles":null,"flow_direction":"","reach_code":""}},{"type":"Feature","geometry":{"type":"LineString","coordinates":[[-88.7286,37.0802],[-88.7298,37.0811]]},"properties":{"name":"Unnamed Stream","layer":"nhd_perennial_streams","stream_type":"Perennial Stream","length_miles":null,"flow_direction":"","reach_code":""}},{"type":"Feature","geometry":{"type":"LineString","coordinates":[[-88.7299,37.0884],[-88.7294,37.093],[-88.732,37.0933]]},"properties":{"name":"Unnamed Stream","layer":"nhd_perennial_streams","stream_type":"Perennial Stream","length_miles":null,"flow_direction":"","reach_code":""}},{"type":"Feature","geometry":{"type":"LineString","coordinates":[[-88.8139,37.1519],[-88.8187,37.158]]},"properties":{"name":"Unnamed Stream","layer":"nhd_perennial_streams","stream_type":"Perennial Stream","length_miles":null,"flow_direction":"","reach_code":""}},{"type":"Feature","geometry":{"type":"LineString","coordinates":[[-88.8241,37.1253],[-88.8264,37.1299]]},"properties":{"name":"Unnamed Stream","layer":"nhd_perennial_streams","stream_type":"Perennial Stream","length_miles":null,"flow_direction":"","reach_code":""}},{"type":"Feature","geometry":{"type":"LineString","coordinates":[[-88.8164,37.0551],[-88.7983,37.0602]]},"properties":{"name":"Unnamed Stream","layer":"nhd_perennial_streams","stream_type":"Perennial Stream","length_miles":null,"flow_direction":"","reach_code":""}},{"type":"Feature","geometry":{"type":"LineString","coordinates":[[-88.7579,37.0885],[-88.755,37.0892]]},"properties":{"name":"Unnamed Stream","layer":"nhd_perennial_streams","stream_type":"Perennial Stream","length_miles":null,"flow_direction":"","reach_code":""}},{"type":"Feature","geometry":{"type":"LineString","coordinates":[[-88.7815,37.185],[-88.7859,37.1794]]},"properties":{"name":"Unnamed Stream","layer":"nhd_perennial_streams","stream_type":"Perennial Stream","length_miles":null,"flow_direction":"","reach_code":""}},{"type":"Feature","geometry":{"type":"LineString","coordinates":[[-88.7292,37.1134],[-88.7239,37.1193]]},"properties":{"name":"Unnamed Stream","layer":"nhd_perennial_streams","stream_type":"Perennial Stream","length_miles":null,"flow_direction":"","reach_code":""}},{"type":"Feature","geometry":{"type":"LineString","coordinates":[[-88.7854,37.1263],[-88.7853,37.1299]]},"properties":{"name":"Unnamed Stream","layer":"nhd_perennial_streams","stream_type":"Perennial Stream","length_miles":null,"flow_direction":"","reach_code":""}},{"type":"Feature","geometry":{"type":"LineString","coordinates":[[-88.8343,37.0857],[-88.8334,37.0877]]},"properties":{"name":"Unnamed Stream","layer":"nhd_perennial_streams","stream_type":"Perennial Stream","length_miles":null,"flow_direction":"","reach_code":""}},{"type":"Feature","geometry":{"type":"LineString","coordinates":[[-88.7956,37.1076],[-88.7923,37.1104]]},"properties":{"name":"Unnamed Stream","layer":"nhd_perennial_streams","stream_type":"Perennial Stream","length_miles":null,"flow_direction":"","reach_code":""}},{"type":"Feature","geometry":{"type":"LineString","coordinates":[[-88.7298,37.0871],[-88.7299,37.0884]]},"properties":{"name":"Unnamed Stream","layer":"nhd_perennial_streams","stream_type":"Perennial Stream","length_miles":null,"flow_direction":"","reach_code":""}},{"type":"Feature","geometry":{"type":"LineString","coordinates":[[-88.7863,37.0736],[-88.7841,37.0747]]},"properties":{"name":"Unnamed Stream","layer":"nhd_perennial_streams","stream_type":"Perennial Stream","length_miles":null,"flow_direction":"","reach_code":""}},{"type":"Feature","geometry":{"type":"LineString","coordinates":[[-88.797,37.0625],[-88.7947,37.0643]]},"properties":{"name":"Unnamed Stream","layer":"nhd_perennial_streams","stream_type":"Perennial Stream","length_miles":null,"flow_direction":"","reach_code":""}},{"type":"Feature","geometry":{"type":"LineString","coordinates":[[-88.8332,37.1117],[-88.8237,37.1118]]},"properties":{"name":"Unnamed Stream","layer":"nhd_perennial_streams","stream_type":"Perennial Stream","length_miles":null,"flow_direction":"","reach_code":""}},{"type":"Feature","geometry":{"type":"LineString","coordinates":[[-88.7297,37.1001],[-88.7296,37.1002]]},"properties":{"name":"Unnamed Stream","layer":"nhd_perennial_streams","stream_type":"Perennial Stream","length_miles":null,"flow_direction":"","reach_code":""}},{"type":"Feature","geometry":{"type":"LineString","coordinates":[[-88.7469,37.0945],[-88.7435,37.0938]]},"properties":{"name":"Unnamed Stream","layer":"nhd_perennial_streams","stream_type":"Perennial Stream","length_miles":null,"flow_direction":"","reach_code":""}},{"type":"Feature","geometry":{"type":"LineString","coordinates":[[-88.8187,37.158],[-88.8196,37.1617]]},"properties":{"name":"Unnamed Stream","layer":"nhd_perennial_streams","stream_type":"Perennial Stream","length_miles":null,"flow_direction":"","reach_code":""}},{"type":"Feature","geometry":{"type":"LineString","coordinates":[[-88.8196,37.1617],[-88.8206,37.164]]},"properties":{"name":"Unnamed Stream","layer":"nhd_perennial_streams","stream_type":"Perennial Stream","length_miles":null,"flow_direction":"","reach_code":""}},{"type":"Feature","geometry":{"type":"LineString","coordinates":[[-88.754,37.0893],[-88.7515,37.0918]]},"properties":{"name":"Unnamed Stream","layer":"nhd_perennial_streams","stream_type":"Perennial Stream","length_miles":null,"flow_direction":"","reach_code":""}},{"type":"Feature","geometry":{"type":"LineString","coordinates":[[-88.7549,37.111],[-88.7334,37.106]]},"properties":{"name":"Unnamed Stream","layer":"nhd_perennial_streams","stream_type":"Perennial Stream","length_miles":null,"flow_direction":"","reach_code":""}},{"type":"Feature","geometry":{"type":"LineString","coordinates":[[-88.7901,37.1344],[-88.7903,37.1372]]},"properties":{"name":"Unnamed Stream","layer":"nhd_perennial_streams","stream_type":"Perennial Stream","length_miles":null,"flow_direction":"","reach_code":""}},{"type":"Feature","geometry":{"type":"LineString","coordinates":[[-88.7296,37.1002],[-88.7303,37.1097]]},"properties":{"name":"Unnamed Stream","layer":"nhd_perennial_streams","stream_type":"Perennial Stream","length_miles":null,"flow_direction":"","reach_code":""}},{"type":"Feature","geometry":{"type":"LineString","coordinates":[[-88.822,37.1099],[-88.8237,37.1118]]},"properties":{"name":"Unnamed Stream","layer":"nhd_perennial_streams","stream_type":"Perennial Stream","length_miles":null,"flow_direction":"","reach_code":""}},{"type":"Feature","geometry":{"type":"LineString","coordinates":[[-88.7862,37.1144],[-88.7846,37.1202]]},"properties":{"name":"Unnamed Stream","layer":"nhd_perennial_streams","stream_type":"Perennial Stream","length_miles":null,"flow_direction":"","reach_code":""}},{"type":"Feature","geometry":{"type":"LineString","coordinates":[[-88.8399,37.1365],[-88.8275,37.1433]]},"properties":{"name":"Unnamed Stream","layer":"nhd_perennial_streams","stream_type":"Perennial Stream","length_miles":null,"flow_direction":"","reach_code":""}},{"type":"Feature","geometry":{"type":"LineString","coordinates":[[-88.7883,37.112],[-88.7862,37.1144]]},"properties":{"name":"Unnamed Stream","layer":"nhd_perennial_streams","stream_type":"Perennial Stream","length_miles":null,"flow_direction":"","reach_code":""}},{"type":"Feature","geometry":{"type":"LineString","coordinates":[[-88.7515,37.0918],[-88.7469,37.0945]]},"properties":{"name":"Unnamed Stream","layer":"nhd_perennial_streams","stream_type":"Perennial Stream","length_miles":null,"flow_direction":"","reach_code":""}},{"type":"Feature","geometry":{"type":"LineString","coordinates":[[-88.755,37.0892],[-88.754,37.0893]]},"properties":{"name":"Unnamed Stream","layer":"nhd_perennial_streams","stream_type":"Perennial Stream","length_miles":null,"flow_direction":"","reach_code":""}},{"type":"Feature","geometry":{"type":"LineString","coordinates":[[-88.8031,37.1009],[-88.8023,37.1025]]},"properties":{"name":"Unnamed Stream","layer":"nhd_perennial_streams","stream_type":"Perennial Stream","length_miles":null,"flow_direction":"","reach_code":""}},{"type":"Feature","geometry":{"type":"LineString","coordinates":[[-88.744,37.0656],[-88.7363,37.0691],[-88.7298,37.0811]]},"properties":{"name":"Unnamed Stream","layer":"nhd_perennial_streams","stream_type":"Perennial Stream","length_miles":null,"flow_direction":"","reach_code":""}},{"type":"Feature","geometry":{"type":"LineString","coordinates":[[-88.7858,37.1305],[-88.7901,37.1344]]},"properties":{"name":"Unnamed Stream","layer":"nhd_perennial_streams","stream_type":"Perennial Stream","length_miles":null,"flow_direction":"","reach_code":""}},{"type":"Feature","geometry":{"type":"LineString","coordinates":[[-88.732,37.0933],[-88.7297,37.1001]]},"properties":{"name":"Unnamed Stream","layer":"nhd_perennial_streams","stream_type":"Perennial Stream","length_miles":null,"flow_direction":"","reach_code":""}},{"type":"Feature","geometry":{"type":"LineString","coordinates":[[-88.8264,37.1299],[-88.8242,37.1374],[-88.8275,37.1433]]},"properties":{"name":"Unnamed Stream","layer":"nhd_perennial_streams","stream_type":"Perennial Stream","length_miles":null,"flow_direction":"","reach_code":""}},{"type":"Feature","geometry":{"type":"LineString","coordinates":[[-88.7903,37.1372],[-88.7906,37.14]]},"properties":{"name":"Unnamed Stream","layer":"nhd_perennial_streams","stream_type":"Perennial Stream","length_miles":null,"flow_direction":"","reach_code":""}},{"type":"Feature","geometry":{"type":"LineString","coordinates":[[-88.788,37.147],[-88.7909,37.1519]]},"properties":{"name":"Unnamed Stream","layer":"nhd_perennial_streams","stream_type":"Perennial Stream","length_miles":null,"flow_direction":"","reach_code":""}},{"type":"Feature","geometry":{"type":"LineString","coordinates":[[-88.7327,37.106],[-88.7319,37.1059]]},"properties":{"name":"Unnamed Stream","layer":"nhd_perennial_streams","stream_type":"Perennial Stream","length_miles":null,"flow_direction":"","reach_code":""}},{"type":"Feature","geometry":{"type":"LineString","coordinates":[[-88.8023,37.1025],[-88.8011,37.1051]]},"properties":{"name":"Unnamed Stream","layer":"nhd_perennial_streams","stream_type":"Perennial Stream","length_miles":null,"flow_direction":"","reach_code":""}},{"type":"Feature","geometry":{"type":"LineString","coordinates":[[-88.7645,37.0899],[-88.759,37.089]]},"properties":{"name":"Unnamed Stream","layer":"nhd_perennial_streams","stream_type":"Perennial Stream","length_miles":null,"flow_direction":"","reach_code":""}},{"type":"Feature","geometry":{"type":"LineString","coordinates":[[-88.8061,37.093],[-88.8031,37.1009]]},"properties":{"name":"Unnamed Stream","layer":"nhd_perennial_streams","stream_type":"Perennial Stream","length_miles":null,"flow_direction":"","reach_code":""}},{"type":"Feature","geometry":{"type":"LineString","coordinates":[[-88.7939,37.1584],[-88.8002,37.1687]]},"properties":{"name":"Unnamed Stream","layer":"nhd_perennial_streams","stream_type":"Perennial Stream","length_miles":null,"flow_direction":"","reach_code":""}},{"type":"Feature","geometry":{"type":"LineString","coordinates":[[-88.7997,37.0517],[-88.7999,37.0536]]},"properties":{"name":"Unnamed Stream","layer":"nhd_perennial_streams","stream_type":"Perennial Stream","length_miles":null,"flow_direction":"","reach_code":""}},{"type":"Feature","geometry":{"type":"LineString","coordinates":[[-88.8206,37.164],[-88.8237,37.1701],[-88.8203,37.171]]},"properties":{"name":"Unnamed Stream","layer":"nhd_perennial_streams","stream_type":"Perennial Stream","length_miles":null,"flow_direction":"","reach_code":""}},{"type":"Feature","geometry":{"type":"LineString","coordinates":[[-88.8535,37.1257],[-88.8492,37.1307]]},"properties":{"name":"Unnamed Stream","layer":"nhd_perennial_streams","stream_type":"Perennial Stream","length_miles":null,"flow_direction":"","reach_code":""}},{"type":"Feature","geometry":{"type":"LineString","coordinates":[[-88.7469,37.0945],[-88.7469,37.0947]]},"properties":{"name":"Unnamed Stream","layer":"nhd_perennial_streams","stream_type":"Perennial Stream","length_miles":null,"flow_direction":"","reach_code":""}},{"type":"Feature","geometry":{"type":"LineString","coordinates":[[-88.8334,37.0877],[-88.8285,37.0921]]},"properties":{"name":"Unnamed Stream","layer":"nhd_perennial_streams","stream_type":"Perennial Stream","length_miles":null,"flow_direction":"","reach_code":""}},{"type":"Feature","geometry":{"type":"LineString","coordinates":[[-88.7906,37.14],[-88.7901,37.1436]]},"properties":{"name":"Unnamed Stream","layer":"nhd_perennial_streams","stream_type":"Perennial Stream","length_miles":null,"flow_direction":"","reach_code":""}},{"type":"Feature","geometry":{"type":"LineString","coordinates":[[-88.8008,37.0442],[-88.8008,37.0447]]},"properties":{"name":"Unnamed Stream","layer":"nhd_perennial_streams","stream_type":"Perennial Stream","length_miles":null,"flow_direction":"","reach_code":""}},{"type":"Feature","geometry":{"type":"LineString","coordinates":[[-88.7983,37.0602],[-88.797,37.0625]]},"properties":{"name":"Unnamed Stream","layer":"nhd_perennial_streams","stream_type":"Perennial Stream","length_miles":null,"flow_direction":"","reach_code":""}},{"type":"Feature","geometry":{"type":"Polygon","coordinates":[[[-88.9539,37.3759],[-88.9484,37.3762],[-88.9504,37.3732],[-88.9465,37.3677],[-88.9318,37.3666],[-88.9244,37.3707],[-88.9211,37.3678],[-88.9249,37.3657],[-88.9238,37.3629],[-88.9147,37.3576],[-88.9191,37.3527],[-88.9152,37.3527],[-88.9162,37.3451],[-88.9188,37.3445],[-88.9172,37.3478],[-88.9202,37.3453],[-88.9205,37.3479],[-88.9232,37.3455],[-88.9244,37.3478],[-88.9298,37.3409],[-88.923,37.3327],[-88.9233,37.313],[-88.9483,37.2979],[-88.9267,37.3032],[-88.9087,37.3139],[-88.888,37.3209],[-88.9087,37.3138],[-88.9267,37.303],[-88.9482,37.2977],[-88.9521,37.2928],[-88.9524,37.2582],[-88.9594,37.2435],[-88.9582,37.2305],[-88.9171,37.2262],[-88.8031,37.1882],[-88.7286,37.1429],[-88.7185,37.141],[-88.7034,37.1447],[-88.6515,37.1259],[-88.627,37.1207],[-88.6187,37.1223],[-88.6267,37.1205],[-88.5921,37.1022],[-88.5766,37.086],[-88.5523,37.0728],[-88.5278,37.0668],[-88.4868,37.0672],[-88.4707,37.0744],[-88.4334,37.1252],[-88.4282,37.1396],[-88.4246,37.1412],[-88.4269,37.1324],[-88.4219,37.1348],[-88.4292,37.1199],[-88.4067,37.1429],[-88.423,37.1138],[-88.433,37.1058],[-88.4408,37.0898],[-88.4598,37.0683],[-88.4765,37.0603],[-88.4955,37.0558],[-88.5258,37.0561],[-88.5713,37.0714],[-88.6102,37.1009],[-88.6344,37.1113],[-88.7117,37.1334],[-88.7188,37.134],[-88.7147,37.1285],[-88.7202,37.1247],[-88.7155,37.1219],[-88.7239,37.1193],[-88.7158,37.1219],[-88.7205,37.1246],[-88.7151,37.128],[-88.7193,37.1339],[-88.7468,37.142],[-88.772,37.1567],[-88.7749,37.1528],[-88.7726,37.1571],[-88.7777,37.16],[-88.7772,37.1542],[-88.7782,37.1603],[-88.806,37.1753],[-88.858,37.1961],[-88.9352,37.2162],[-88.9901,37.2151],[-89.0245,37.2002],[-89.076,37.1653],[-89.0884,37.1434],[-89.081,37.1492],[-89.0835,37.141],[-89.0807,37.1365],[-89.072,37.1375],[-89.0806,37.1363],[-89.0837,37.1408],[-89.0818,37.1489],[-89.0887,37.1425],[-89.0987,37.1213],[-89.1175,37.1016],[-89.1459,37.0798],[-89.1644,37.0587],[-89.1711,37.0418],[-89.1712,37.0234],[-89.1507,37.0002],[-89.1201,36.9891],[-89.125,36.9825],[-89.1394,36.9839],[-89.171,37.0071],[-89.1802,37.0226],[-89.1827,37.0423],[-89.1731,37.0693],[-89.176,37.0696],[-89.1767,37.0661],[-89.1772,37.0691],[-89.1727,37.0692],[-89.1481,37.0988],[-89.1281,37.1081],[-89.1163,37.1186],[-89.1058,37.132],[-89.0896,37.1632],[-89.0364,37.2076],[-89.0031,37.2243],[-88.9578,37.2315],[-88.9597,37.243],[-88.9529,37.2579],[-88.9535,37.2912],[-88.9457,37.3012],[-88.9235,37.313],[-88.9232,37.3325],[-88.9301,37.3409],[-88.9248,37.3479],[-88.9233,37.3458],[-88.9202,37.348],[-88.9202,37.3455],[-88.9172,37.3479],[-88.9182,37.3443],[-88.9144,37.3478],[-88.9155,37.3528],[-88.9193,37.3526],[-88.9153,37.3586],[-88.9241,37.3628],[-88.925,37.3659],[-88.9212,37.3679],[-88.9245,37.3706],[-88.9317,37.3665],[-88.9347,37.3687],[-88.937,37.3661],[-88.9464,37.3675],[-88.9496,37.369],[-88.9486,37.3761],[-88.955,37.378],[-88.9539,37.3759]],[[-89.1443,37.0989],[-89.1483,37.0981],[-89.1513,37.0918],[-89.1443,37.0989]],[[-89.1536,37.0906],[-89.1538,37.09],[-89.1534,37.0903],[-89.1536,37.0906]],[[-89.1545,37.0895],[-89.1542,37.0895],[-89.1541,37.0897],[-89.1545,37.0895]],[[-88.6078,37.1078],[-88.6077,37.1079],[-88.6086,37.1084],[-88.6078,37.1078]],[[-88.6057,37.1065],[-88.6056,37.1065],[-88.6061,37.1068],[-88.6057,37.1065]],[[-88.492,37.0651],[-88.4862,37.066],[-88.4962,37.0664],[-88.492,37.0651]],[[-88.4847,37.0658],[-88.4688,37.0724],[-88.4605,37.0858],[-88.4679,37.0757],[-88.4847,37.0658]],[[-88.4256,37.117],[-88.4326,37.1093],[-88.4255,37.1144],[-88.4256,37.117]]]},"properties":{"name":"Unnamed Stream Area","layer":"nhd_stream_areas","waterbody_type":"River/Stream Area","area_acres":26646.91,"fcode":46006}}],"metadata":{"site_id":"paducah-ai-campus","retrieved_at":"2026-08-24T20:41:40.544003Z","nepa_mcp_version":"0.1.1","buffer_miles":5.0,"layers":{"roi":{"status":"ok","feature_count":2,"warnings":[],"query_buffer_miles":5.0},"tribal_lands":{"status":"empty","feature_count":0,"warnings":[],"query_buffer_miles":5.0},"critical_habitat":{"status":"ok","feature_count":1,"warnings":[],"query_buffer_miles":5.0},"wildlife_refuges":{"status":"empty","feature_count":0,"warnings":[],"query_buffer_miles":5.0},"usace_districts":{"status":"ok","feature_count":1,"warnings":[],"query_buffer_miles":5.0},"wetland_regions":{"status":"ok","feature_count":1,"warnings":[],"query_buffer_miles":5.0},"nhd_lakes":{"status":"failed","feature_count":0,"warnings":["source query exceeded 40 seconds"],"query_buffer_miles":5.0},"nhd_reservoirs":{"status":"ok","feature_count":27,"warnings":[],"query_buffer_miles":5.0},"nhd_perennial_streams":{"status":"ok","feature_count":107,"warnings":[],"query_buffer_miles":5.0},"nhd_stream_areas":{"status":"ok","feature_count":1,"warnings":[],"query_buffer_miles":5.0},"federal_lands":{"status":"empty","feature_count":0,"warnings":[],"query_buffer_miles":0.1},"nps_boundaries":{"status":"empty","feature_count":0,"warnings":[],"query_buffer_miles":5.0},"fire_perimeters":{"status":"empty","feature_count":0,"warnings":[],"query_buffer_miles":5.0},"eis_boundaries":{"status":"empty","feature_count":0,"warnings":[],"query_buffer_miles":5.0}},"limitations":"Representative-point screening only; parcel boundary unknown. Unavailable layers are not no-hit findings."}}