{"type":"FeatureCollection","features":[{"type":"Feature","geometry":{"type":"Point","coordinates":[-119.6011,46.4436]},"properties":{"type":"Project Location","latitude":46.4436,"longitude":-119.6011}},{"type":"Feature","geometry":{"type":"Polygon","coordinates":[[[-119.59781507399998,46.371246427000074],[-119.60109999999997,46.37121075500005],[-119.60438492599997,46.371246427000074],[-119.60766662299994,46.37135341000004],[-119.61094186499997,46.371531599000036],[-119.61420743299999,46.37178081700006],[-119.61746011599996,46.37210082100006],[-119.62069671699999,46.37249129500003],[-119.62391405399995,46.37295185500005],[-119.62710896299996,46.373482050000064],[-119.63027830199997,46.37408135700008],[-119.63341895599996,46.37474918700008],[-119.63652783499998,46.37548488500005],[-119.63960188099998,46.376287726000044],[-119.64263807099996,46.37715692000006],[-119.64563341599995,46.37809161500007],[-119.64858496999994,46.379090889000054],[-119.65148982799997,46.38015376100003],[-119.65434512899998,46.38127918500004],[-119.65714806399995,46.382466055000066],[-119.65989586999996,46.38371320300007],[-119.66258584299999,46.38501940200007],[-119.66521533099996,46.386383367000064],[-119.66778174299998,46.38780375600004],[-119.67028254999997,46.389279173000034],[-119.67271528499998,46.39080816500007],[-119.67507754899998,46.39238922800007],[-119.67736700999995,46.39402080600007],[-119.67958140999997,46.39570129300006],[-119.68171856099997,46.39742903400003],[-119.68377635299998,46.399202331000026],[-119.68575275199998,46.40101943500008],[-119.68764580399994,46.402878559000044],[-119.68945363599994,46.40477787300006],[-119.69117445999996,46.40671550500008],[-119.69280657099995,46.40868954700005],[-119.69434835199996,46.41069805500007],[-119.69579827399997,46.412739051000074],[-119.69715489799995,46.41481052300003],[-119.69841687799999,46.416910431000076],[-119.69958295899994,46.41903670600004],[-119.70065197999998,46.42118725200004],[-119.70162287599999,46.423359950000076],[-119.70249467899998,46.425552657000026],[-119.70326651599999,46.42776321200006],[-119.70393761599996,46.42998943600003],[-119.70450730299996,46.43222913400007],[-119.70497500399995,46.43448009600007],[-119.70534024399996,46.436740102000044],[-119.70560265099999,46.43900692300008],[-119.70576195199999,46.44127832300006],[-119.70581797799997,46.44355206000006],[-119.70577066099997,46.44582589100003],[-119.70562003399999,46.44809757200005],[-119.70536623399994,46.450364860000036],[-119.70500949699999,46.45262551600007],[-119.70455016399995,46.45487731000003],[-119.70398867499995,46.457118018000074],[-119.70332557199998,46.45934542700007],[-119.70256149799997,46.461557336000055],[-119.70169719499995,46.46375156200003],[-119.70073350599995,46.465925936000076],[-119.69967136999998,46.46807831000007],[-119.69851182499997,46.47020655700004],[-119.69725600599998,46.472308575000056],[-119.695905144,46.47438228500005],[-119.69446056199996,46.476425637000034],[-119.69292367899999,46.47843661200005],[-119.69129600399998,46.48041322200004],[-119.68957913599996,46.48235351100004],[-119.68777476399998,46.484255562000044],[-119.68588466399996,46.48611749300005],[-119.68391069599994,46.48793746200005],[-119.68185480499994,46.489713669000025],[-119.67971901599998,46.491444357000034],[-119.67750543699998,46.49312781300006],[-119.67521624899996,46.494762372000025],[-119.67285371099996,46.49634641600005],[-119.67042015699997,46.49787837700006],[-119.66791798699995,46.49935674000005],[-119.66534967399997,46.50078004100004],[-119.66271775499996,46.50214687000005],[-119.66002483099999,46.50345587600003],[-119.65727356299999,46.504705761000025],[-119.65446667299994,46.50589528800003],[-119.65160693599995,46.507023280000055],[-119.64869718099999,46.508088619000034],[-119.64574028699997,46.50909025000004],[-119.64273917899999,46.510027182000044],[-119.63969682799996,46.51089848500004],[-119.63661624599996,46.51170329900003],[-119.63350048199999,46.512440824000066],[-119.63035262199998,46.513110331000064],[-119.627175782,46.513711157000046],[-119.62397310899996,46.51424270500007],[-119.62074777599997,46.51470445100006],[-119.61750297699996,46.51509593500003],[-119.61424192699997,46.51541677100005],[-119.61096785499996,46.51566664000006],[-119.60768400699999,46.51584529500008],[-119.60439363499995,46.51595255900003],[-119.60109999999997,46.51598832500008],[-119.59780636499994,46.51595255900003],[-119.59451599299996,46.51584529500008],[-119.59123214499999,46.51566664000006],[-119.58795807299998,46.51541677100005],[-119.58469702299999,46.51509593500003],[-119.58145222399997,46.51470445100006],[-119.57822689099999,46.51424270500007],[-119.57502421799995,46.513711157000046],[-119.57184737799997,46.513110331000064],[-119.56869951799996,46.512440824000066],[-119.56558375399999,46.51170329900003],[-119.56250317199999,46.51089848500004],[-119.55946082099996,46.510027182000044],[-119.55645971299998,46.50909025000004],[-119.55350281899996,46.508088619000034],[-119.55059306399994,46.507023280000055],[-119.54773332699995,46.50589528800003],[-119.54492643699996,46.504705761000025],[-119.54217516899996,46.50345587600003],[-119.53948224499999,46.50214687000005],[-119.53685032599998,46.50078004100004],[-119.53428201299994,46.49935674000005],[-119.53177984299998,46.49787837700006],[-119.52934628899999,46.49634641600005],[-119.52698375099999,46.494762372000025],[-119.52469456299997,46.49312781300006],[-119.52248098399997,46.491444357000034],[-119.52034519499995,46.489713669000025],[-119.51828930399995,46.48793746200005],[-119.51631533599999,46.48611749300005],[-119.51442523599997,46.484255562000044],[-119.51262086399998,46.48235351100004],[-119.51090399599997,46.48041322200004],[-119.50927632099996,46.47843661200005],[-119.50773943799999,46.476425637000034],[-119.50629485599995,46.47438228500005],[-119.50494399399997,46.472308575000056],[-119.50368817499998,46.47020655700004],[-119.50252862999997,46.46807831000007],[-119.50146649399994,46.465925936000076],[-119.50050280499994,46.46375156200003],[-119.49963850199998,46.461557336000055],[-119.49887442799997,46.45934542700007],[-119.49821132499994,46.457118018000074],[-119.497649836,46.45487731000003],[-119.49719050299996,46.45262551600007],[-119.49683376599995,46.450364860000036],[-119.49657996599996,46.44809757200005],[-119.49642933899997,46.44582589100003],[-119.49638202199998,46.44355206000006],[-119.49643804799996,46.44127832300006],[-119.49659734899996,46.43900692300008],[-119.49685975599999,46.436740102000044],[-119.49722499599994,46.43448009600007],[-119.49769269699999,46.43222913400007],[-119.49826238399999,46.42998943600003],[-119.49893348399996,46.42776321200006],[-119.49970532099996,46.425552657000026],[-119.50057712399996,46.423359950000076],[-119.50154801999997,46.42118725200004],[-119.50261704099995,46.41903670600004],[-119.50378312199996,46.416910431000076],[-119.50504510199994,46.41481052300003],[-119.50640172599998,46.412739051000074],[-119.50785164799998,46.41069805500007],[-119.50939342899994,46.40868954700005],[-119.51102553999999,46.40671550500008],[-119.51274636399995,46.40477787300006],[-119.51455419599995,46.402878559000044],[-119.51644724799996,46.40101943500008],[-119.51842364699996,46.399202331000026],[-119.52048143899998,46.39742903400003],[-119.52261858999998,46.39570129300006],[-119.52483299,46.39402080600007],[-119.52712245099997,46.39238922800007],[-119.52948471499997,46.39080816500007],[-119.53191744999998,46.389279173000034],[-119.53441825699997,46.38780375600004],[-119.53698466899999,46.386383367000064],[-119.53961415699996,46.38501940200007],[-119.54230412999999,46.38371320300007],[-119.545051936,46.382466055000066],[-119.54785487099997,46.38127918500004],[-119.55071017199998,46.38015376100003],[-119.55361502999995,46.379090889000054],[-119.55656658399994,46.37809161500007],[-119.55956192899998,46.37715692000006],[-119.56259811899997,46.376287726000044],[-119.56567216499997,46.37548488500005],[-119.56878104399999,46.37474918700008],[-119.57192169799998,46.37408135700008],[-119.57509103699999,46.373482050000064],[-119.578285946,46.37295185500005],[-119.58150328299996,46.37249129500003],[-119.58473988399999,46.37210082100006],[-119.58799256699996,46.37178081700006],[-119.59125813499998,46.371531599000036],[-119.59453337699995,46.37135341000004],[-119.59781507399998,46.371246427000074]]]},"properties":{"type":"Region of Interest","buffer_miles":5.0,"center_lat":46.4436,"center_lon":-119.6011}},{"type":"Feature","geometry":{"type":"MultiPolygon","coordinates":[[[[-119.6327,46.4827],[-119.6051,46.4787],[-119.5864,46.4879],[-119.4987,46.4467],[-119.4515,46.409],[-119.4369,46.3912],[-119.4234,46.3832],[-119.4416,46.3806],[-119.4494,46.3652],[-119.4962,46.3663],[-119.4962,46.3736],[-119.5305,46.374],[-119.5332,46.3668],[-119.5543,46.3672],[-119.554,46.3745],[-119.581,46.3746],[-119.5809,46.3782],[-119.5863,46.3783],[-119.5861,46.3855],[-119.5971,46.3857],[-119.5971,46.3893],[-119.6027,46.3894],[-119.6023,46.3964],[-119.6079,46.3965],[-119.6077,46.4001],[-119.6183,46.4003],[-119.6183,46.4038],[-119.6235,46.4038],[-119.6236,46.4074],[-119.6289,46.4075],[-119.629,46.411],[-119.6392,46.411],[-119.6393,46.4217],[-119.7027,46.4219],[-119.7028,46.4184],[-119.7403,46.4181],[-119.7403,46.4218],[-119.7505,46.4217],[-119.7505,46.4254],[-119.7612,46.4252],[-119.7612,46.4288],[-119.7664,46.4287],[-119.7664,46.4323],[-119.7769,46.4323],[-119.7775,46.4467],[-119.7881,46.4468],[-119.7853,46.4614],[-119.7894,46.4764],[-119.7916,46.5689],[-119.7286,46.5771],[-119.7255,46.5686],[-119.6914,46.5471],[-119.6789,46.5257],[-119.6585,46.5106],[-119.6634,46.5016],[-119.6431,46.5009],[-119.6327,46.4827]]],[[[-119.4332,46.7956],[-119.4333,46.7883],[-119.4121,46.7882],[-119.4122,46.7808],[-119.4015,46.7809],[-119.4015,46.7736],[-119.3908,46.7737],[-119.3908,46.7665],[-119.3801,46.7666],[-119.3802,46.7593],[-119.3695,46.7594],[-119.3695,46.7521],[-119.357,46.7519],[-119.3569,46.7295],[-119.3457,46.7295],[-119.3457,46.6927],[-119.3351,46.6928],[-119.3351,46.6638],[-119.3246,46.6639],[-119.3267,46.5795],[-119.3251,46.5768],[-119.2987,46.5767],[-119.2985,46.5659],[-119.2932,46.5659],[-119.2932,46.5623],[-119.2812,46.5623],[-119.2807,46.5418],[-119.2752,46.5419],[-119.275,46.5347],[-119.2695,46.5348],[-119.2697,46.5313],[-119.2592,46.5279],[-119.2595,46.5168],[-119.2649,46.5169],[-119.2832,46.5398],[-119.2787,46.5303],[-119.3003,46.539],[-119.3245,46.5655],[-119.3723,46.5891],[-119.4005,46.6145],[-119.4059,46.6297],[-119.4051,46.6419],[-119.4131,46.6548],[-119.4539,46.6732],[-119.4508,46.6766],[-119.4525,46.678],[-119.4465,46.6791],[-119.4437,46.6845],[-119.4477,46.6973],[-119.4627,46.7045],[-119.4689,46.7146],[-119.5065,46.7272],[-119.518,46.7289],[-119.5292,46.7262],[-119.5375,46.7099],[-119.6058,46.6551],[-119.6216,46.6486],[-119.6542,46.6419],[-119.6823,46.649],[-119.7123,46.6505],[-119.7334,46.6438],[-119.7356,46.6465],[-119.7581,46.6419],[-119.7579,46.6368],[-119.8007,46.6323],[-119.8007,46.6361],[-119.7902,46.6361],[-119.7904,46.6507],[-119.7691,46.6501],[-119.7691,46.6646],[-119.7587,46.6646],[-119.7585,46.6718],[-119.7481,46.6718],[-119.7479,46.679],[-119.7376,46.679],[-119.7375,46.6862],[-119.727,46.6862],[-119.7269,46.6934],[-119.7164,46.6934],[-119.7163,46.7006],[-119.6953,46.7008],[-119.6952,46.708],[-119.6743,46.7081],[-119.6742,46.7153],[-119.6637,46.7154],[-119.6636,46.7226],[-119.6532,46.7226],[-119.653,46.7298],[-119.6426,46.7299],[-119.6424,46.7372],[-119.6319,46.7372],[-119.6321,46.7446],[-119.6217,46.7447],[-119.6219,46.7521],[-119.612,46.7521],[-119.612,46.7595],[-119.5907,46.7594],[-119.5906,46.7666],[-119.58,46.7666],[-119.58,46.7739],[-119.5693,46.7738],[-119.5693,46.7811],[-119.5586,46.781],[-119.5588,46.7883],[-119.5372,46.7881],[-119.5379,46.7954],[-119.4332,46.7956]]]]},"properties":{"name":"HANFORD REACH NATIONAL MONUMENT/SADDLE MOUNTAIN NATIONAL WILDLIFE REFUGE","type":"NWR","fws_region":"1","layer":"wildlife_refuges"}},{"type":"Feature","geometry":{"type":"Polygon","coordinates":[[[-124.8125,48.4106],[-124.7886,48.4322],[-124.7459,48.4457],[-124.7653,48.4606],[-124.7723,48.4738],[-124.7721,48.4861],[-124.7684,48.4954],[-124.763,48.4998],[-124.7498,48.4998],[-124.7276,48.4936],[-124.7275,48.4963],[-124.0121,48.2967],[-123.6877,48.2415],[-123.5498,48.2255],[-123.2506,48.2839],[-123.1159,48.424],[-123.1649,48.4582],[-123.219,48.5476],[-123.2675,48.6931],[-123.011,48.7691],[-123.0112,48.825],[-123.3255,49.0036],[-122.0937,49.0024],[-121.7506,48.9972],[-121.3312,49.0009],[-114.3903,49.001],[-114.0682,48.9987],[-114.0652,48.9921],[-114.0564,48.9858],[-114.0577,48.9765],[-114.0521,48.9706],[-114.0504,48.9635],[-114.0279,48.9648],[-114.0213,48.9614],[-114.0426,48.9458],[-114.0422,48.94],[-114.0476,48.9369],[-114.0455,48.9335],[-114.0364,48.9314],[-114.0248,48.9334],[-114.0149,48.925],[-114.0167,48.9159],[-114.0136,48.9091],[-114.018,48.9037],[-114.0385,48.8952],[-114.0546,48.895],[-114.0581,48.889],[-114.0329,48.8811],[-114.0174,48.8649],[-114.0065,48.865],[-113.9931,48.8541],[-113.9895,48.841],[-113.9991,48.8391],[-114.0042,48.8331],[-114.0018,48.8315],[-113.9811,48.8258],[-113.9736,48.8188],[-113.9707,48.8233],[-113.966,48.8238],[-113.9569,48.8175],[-113.9179,48.8355],[-113.9115,48.8501],[-113.8754,48.8373],[-113.8736,48.8418],[-113.8637,48.8481],[-113.8407,48.8561],[-113.8371,48.8507],[-113.8187,48.8482],[-113.8179,48.8422],[-113.8138,48.8392],[-113.8055,48.8389],[-113.7906,48.8456],[-113.7855,48.8329],[-113.757,48.8183],[-113.7638,48.8038],[-113.7729,48.8007],[-113.7717,48.7878],[-113.7664,48.785],[-113.7619,48.7735],[-113.743,48.7654],[-113.7372,48.7507],[-113.7139,48.7418],[-113.7071,48.7311],[-113.7097,48.7243],[-113.7027,48.7178],[-113.7147,48.6983],[-113.725,48.6937],[-113.741,48.6928],[-113.7314,48.6751],[-113.726,48.6717],[-113.7389,48.6633],[-113.7456,48.6523],[-113.7468,48.6399],[-113.7422,48.6356],[-113.7467,48.6313],[-113.7472,48.6242],[-113.7542,48.6189],[-113.7502,48.6142],[-113.7091,48.5949],[-113.6816,48.5939],[-113.6642,48.5858],[-113.6523,48.5908],[-113.642,48.6005],[-113.6328,48.599],[-113.6174,48.5882],[-113.6124,48.5787],[-113.6012,48.5751],[-113.5924,48.5773],[-113.5857,48.5838],[-113.578,48.5842],[-113.572,48.579],[-113.5436,48.5876],[-113.5351,48.5772],[-113.5168,48.5729],[-113.5103,48.5597],[-113.4941,48.5527],[-113.4737,48.5525],[-113.4674,48.5475],[-113.4737,48.5051],[-113.4662,48.4986],[-113.4719,48.4871],[-113.4666,48.475],[-113.4807,48.46],[-113.4792,48.4532],[-113.4646,48.4455],[-113.4517,48.4458],[-113.4384,48.4345],[-113.4249,48.4307],[-113.4107,48.4194],[-113.3868,48.4163],[-113.373,48.4219],[-113.356,48.4239],[-113.3484,48.4133],[-113.3511,48.4055],[-113.3471,48.3947],[-113.3333,48.3878],[-113.3338,48.3827],[-113.3406,48.3699],[-113.3872,48.342],[-113.3744,48.3319],[-113.3744,48.324],[-113.3536,48.3163],[-113.3482,48.3115],[-113.348,48.3033],[-113.3338,48.2981],[-113.3274,48.2893],[-113.298,48.2843],[-113.2885,48.2697],[-113.2892,48.2651],[-113.2581,48.2551],[-113.2498,48.2552],[-113.2436,48.2488],[-113.2367,48.2471],[-113.2346,48.239],[-113.226,48.2327],[-113.2289,48.2287],[-113.2259,48.2251],[-113.2368,48.2182],[-113.2376,48.2105],[-113.2306,48.1822],[-113.2355,48.1774],[-113.2312,48.1706],[-113.2267,48.1718],[-113.2088,48.1642],[-113.2028,48.169],[-113.1961,48.1684],[-113.1914,48.1757],[-113.1855,48.1716],[-113.1823,48.1751],[-113.166,48.1654],[-113.1637,48.1599],[-113.1522,48.1512],[-113.1419,48.1533],[-113.1347,48.1492],[-113.1309,48.1455],[-113.1309,48.1402],[-113.1348,48.1382],[-113.1298,48.1354],[-113.1126,48.1388],[-113.0966,48.1392],[-113.0909,48.1365],[-113.0687,48.1478],[-113.0702,48.153],[-113.053,48.1409],[-113.0563,48.1341],[-113.0537,48.1281],[-113.0557,48.1244],[-113.051,48.1213],[-113.041,48.1248],[-113.0394,48.1296],[-113.0315,48.1332],[-113.0262,48.1298],[-113.0171,48.1324],[-113.0103,48.1284],[-113.0006,48.1307],[-112.9836,48.1179],[-112.9932,48.1149],[-112.991,48.1076],[-112.9962,48.1061],[-112.9939,48.0981],[-112.979,48.0888],[-112.9828,48.0864],[-112.9784,48.0806],[-112.9817,48.0738],[-112.9637,48.0749],[-112.9527,48.0654],[-112.9374,48.0604],[-112.9369,48.0558],[-112.9509,48.0499],[-112.9498,48.0327],[-112.9461,48.031],[-112.9366,48.0353],[-112.9161,48.0287],[-112.908,48.0299],[-112.8966,48.019],[-112.8881,47.9927],[-112.8785,47.9759],[-112.8923,47.9763],[-112.8976,47.9727],[-112.9006,47.9645],[-112.9061,47.9622],[-112.9077,47.9511],[-112.9127,47.9464],[-112.9348,47.9443],[-112.9465,47.947],[-112.9514,47.9447],[-112.9583,47.9516],[-112.9823,47.9552],[-112.9986,47.9441],[-113.0134,47.942],[-113.0213,47.9274],[-113.0658,47.9266],[-113.0863,47.9184],[-113.0867,47.9106],[-113.0934,47.9078],[-113.0906,47.893],[-113.0768,47.8917],[-113.0632,47.8856],[-113.0653,47.8769],[-113.0583,47.8707],[-113.0608,47.8563],[-113.0579,47.8537],[-113.0582,47.8425],[-113.0664,47.838],[-113.0693,47.8291],[-113.0624,47.8222],[-113.0642,47.8137],[-113.0602,47.8078],[-113.0669,47.7991],[-113.0615,47.788],[-113.0674,47.781],[-113.0678,47.7754],[-113.0829,47.773],[-113.0845,47.7685],[-113.0811,47.7638],[-113.0833,47.7604],[-113.0799,47.758],[-113.0811,47.75],[-113.0942,47.7435],[-113.1211,47.7415],[-113.1388,47.7459],[-113.1551,47.7322],[-113.1643,47.73],[-113.1659,47.7213],[-113.1581,47.6959],[-113.1493,47.687],[-113.1466,47.6766],[-113.1357,47.6635],[-113.1286,47.6608],[-113.1302,47.6419],[-113.1448,47.6371],[-113.1443,47.6262],[-113.1358,47.6203],[-113.1441,47.6116],[-113.1474,47.6023],[-113.1427,47.5933],[-113.131,47.5877],[-113.1271,47.5761],[-113.1179,47.5707],[-113.1182,47.5605],[-113.1247,47.5578],[-113.1226,47.5456],[-113.1259,47.5415],[-113.1184,47.5206],[-113.123,47.516],[-113.1166,47.5091],[-113.115,47.5011],[-113.1185,47.4985],[-113.1147,47.4903],[-113.0914,47.4804],[-113.0802,47.4855],[-113.0628,47.4823],[-113.057,47.4913],[-113.0421,47.4905],[-113.0388,47.4941],[-113.0204,47.4892],[-113.0125,47.4761],[-113.0138,47.4662],[-113,47.4622],[-113.0017,47.456],[-112.9916,47.4487],[-112.9954,47.442],[-112.9802,47.4292],[-112.9799,47.4224],[-112.964,47.418],[-112.9611,47.4123],[-112.9466,47.4053],[-112.9465,47.3947],[-112.9368,47.3887],[-112.9246,47.3877],[-112.9195,47.3813],[-112.9193,47.3694],[-112.9335,47.3459],[-112.9283,47.3401],[-112.9127,47.3394],[-112.9012,47.3317],[-112.8983,47.3263],[-112.8824,47.3266],[-112.8713,47.3185],[-112.8643,47.3082],[-112.8304,47.3106],[-112.8251,47.3022],[-112.8086,47.3001],[-112.8017,47.2907],[-112.7763,47.2933],[-112.76,47.288],[-112.7341,47.2887],[-112.7262,47.2851],[-112.7245,47.2825],[-112.7295,47.271],[-112.7283,47.2633],[-112.7467,47.2469],[-112.7399,47.2382],[-112.7135,47.2379],[-112.6723,47.2296],[-112.6659,47.2359],[-112.6549,47.2335],[-112.6465,47.2371],[-112.6308,47.2239],[-112.6139,47.2229],[-112.6054,47.2291],[-112.601,47.2281],[-112.5988,47.2213],[-112.5946,47.2193],[-112.5997,47.2157],[-112.601,47.2083],[-112.5954,47.2003],[-112.5972,47.1936],[-112.5738,47.188],[-112.57,47.1787],[-112.5505,47.1679],[-112.5446,47.1669],[-112.5241,47.1737],[-112.5064,47.1712],[-112.4814,47.1747],[-112.4776,47.1743],[-112.4756,47.1674],[-112.4667,47.1643],[-112.4426,47.1629],[-112.43,47.1529],[-112.4281,47.1451],[-112.4312,47.1334],[-112.4216,47.1252],[-112.4166,47.1122],[-112.418,47.108],[-112.4012,47.1051],[-112.3913,47.0988],[-112.3873,47.0911],[-112.3815,47.0901],[-112.3782,47.0792],[-112.3707,47.0768],[-112.365,47.0805],[-112.3548,47.0794],[-112.3458,47.0648],[-112.326,47.0604],[-112.3216,47.0455],[-112.3132,47.0384],[-112.3169,47.0327],[-112.3171,47.024],[-112.3118,47.018],[-112.3171,47.0152],[-112.3267,47.0164],[-112.3319,47.01],[-112.3253,46.9982],[-112.3374,46.9864],[-112.337,46.9824],[-112.354,46.9793],[-112.3599,46.9748],[-112.3613,46.969],[-112.3727,46.9684],[-112.3834,46.9603],[-112.3921,46.9594],[-112.3954,46.9522],[-112.4226,46.9527],[-112.4403,46.9594],[-112.4414,46.9541],[-112.4495,46.9509],[-112.4494,46.9427],[-112.458,46.9391],[-112.4552,46.9356],[-112.4578,46.931],[-112.4756,46.9238],[-112.4776,46.9174],[-112.4866,46.9192],[-112.4945,46.9148],[-112.4874,46.9042],[-112.4929,46.8951],[-112.5015,46.8894],[-112.5004,46.8825],[-112.4817,46.8756],[-112.4825,46.8671],[-112.4653,46.8633],[-112.4622,46.8592],[-112.4896,46.8419],[-112.5,46.8399],[-112.5051,46.8333],[-112.5194,46.8324],[-112.5149,46.8145],[-112.5186,46.8107],[-112.5116,46.8024],[-112.5225,46.798],[-112.5267,46.7909],[-112.5235,46.7789],[-112.5369,46.771],[-112.5282,46.7657],[-112.5257,46.7589],[-112.5123,46.7507],[-112.509,46.744],[-112.5146,46.7376],[-112.5025,46.7329],[-112.4775,46.7317],[-112.4739,46.7291],[-112.4744,46.7241],[-112.4648,46.7195],[-112.4463,46.727],[-112.4106,46.723],[-112.3877,46.7249],[-112.3854,46.7212],[-112.3773,46.7189],[-112.3596,46.7245],[-112.3537,46.734],[-112.3435,46.737],[-112.3427,46.7304],[-112.3257,46.7261],[-112.3216,46.7192],[-112.3093,46.7143],[-112.3157,46.71],[-112.3151,46.6906],[-112.3203,46.6817],[-112.3308,46.674],[-112.3215,46.6674],[-112.3208,46.6551],[-112.3069,46.6371],[-112.3107,46.6336],[-112.2983,46.6256],[-112.2986,46.6143],[-112.2933,46.605],[-112.3009,46.5986],[-112.2995,46.5914],[-112.3053,46.5887],[-112.3095,46.5805],[-112.3168,46.575],[-112.3092,46.5651],[-112.3083,46.5502],[-112.2938,46.5308],[-112.297,46.526],[-112.2933,46.518],[-112.3028,46.5167],[-112.3062,46.5119],[-112.3031,46.5014],[-112.3053,46.4943],[-112.3018,46.49],[-112.309,46.4812],[-112.3052,46.4769],[-112.3046,46.4614],[-112.309,46.4547],[-112.3044,46.4503],[-112.3212,46.4435],[-112.3235,46.4338],[-112.3168,46.4225],[-112.3107,46.4212],[-112.3366,46.4043],[-112.3504,46.385],[-112.3742,46.3871],[-112.3861,46.3833],[-112.4036,46.3867],[-112.4173,46.3772],[-112.4147,46.3715],[-112.4262,46.3689],[-112.4285,46.3647],[-112.4261,46.3575],[-112.4365,46.3509],[-112.451,46.3508],[-112.4496,46.334],[-112.4543,46.329],[-112.4647,46.3289],[-112.4719,46.3406],[-112.4922,46.3425],[-112.5005,46.3407],[-112.4994,46.3353],[-112.5043,46.3302],[-112.5134,46.3329],[-112.5231,46.33],[-112.5328,46.3352],[-112.5335,46.331],[-112.5565,46.3074],[-112.5704,46.3049],[-112.5722,46.2964],[-112.5622,46.2884],[-112.5577,46.278],[-112.5604,46.2616],[-112.5796,46.2419],[-112.5981,46.2364],[-112.5926,46.232],[-112.5929,46.2254],[-112.5797,46.2213],[-112.5738,46.2142],[-112.5821,46.1987],[-112.5765,46.1785],[-112.5581,46.1755],[-112.5523,46.1793],[-112.5401,46.1749],[-112.526,46.1851],[-112.5051,46.1841],[-112.5169,46.1665],[-112.5127,46.1549],[-112.5203,46.1368],[-112.5137,46.1284],[-112.5145,46.1249],[-112.5014,46.1208],[-112.5021,46.1126],[-112.4664,46.093],[-112.4708,46.0824],[-112.4619,46.076],[-112.4713,46.0609],[-112.4706,46.0568],[-112.4771,46.0518],[-112.4724,46.0479],[-112.4724,46.0391],[-112.4625,46.0395],[-112.4536,46.034],[-112.4451,46.0338],[-112.4421,46.0296],[-112.4436,46.0255],[-112.4358,46.0137],[-112.4434,46.0091],[-112.4456,45.9981],[-112.4382,45.9676],[-112.4299,45.9588],[-112.4336,45.952],[-112.4304,45.9451],[-112.4363,45.939],[-112.4313,45.9294],[-112.4163,45.9221],[-112.4214,45.9112],[-112.4151,45.9083],[-112.4155,45.9037],[-112.4092,45.9018],[-112.4043,45.8876],[-112.4111,45.8838],[-112.4093,45.8795],[-112.4116,45.8744],[-112.4368,45.8609],[-112.4386,45.8567],[-112.4493,45.8558],[-112.4559,45.8484],[-112.4558,45.8428],[-112.4469,45.8356],[-112.4502,45.8319],[-112.4473,45.8278],[-112.4514,45.8202],[-112.4703,45.8124],[-112.5038,45.8241],[-112.5035,45.8204],[-112.512,45.8112],[-112.5089,45.7942],[-112.5285,45.7927],[-112.5311,45.797],[-112.526,45.8035],[-112.5313,45.8091],[-112.5472,45.8132],[-112.5507,45.8092],[-112.5546,45.8099],[-112.5572,45.8147],[-112.5544,45.8178],[-112.5608,45.8261],[-112.5684,45.8267],[-112.572,45.8333],[-112.5812,45.8332],[-112.589,45.8388],[-112.5923,45.8575],[-112.5966,45.8574],[-112.597,45.8624],[-112.6045,45.8608],[-112.6026,45.8718],[-112.5944,45.8832],[-112.6015,45.89],[-112.6005,45.8939],[-112.6113,45.8973],[-112.6125,45.9013],[-112.6199,45.896],[-112.6491,45.8942],[-112.6509,45.8888],[-112.6623,45.8829],[-112.6832,45.8849],[-112.6888,45.8819],[-112.6931,45.8847],[-112.71,45.8854],[-112.7142,45.8826],[-112.726,45.8877],[-112.7344,45.9004],[-112.7547,45.9077],[-112.7586,45.9136],[-112.7538,45.9147],[-112.7592,45.9212],[-112.7603,45.9295],[-112.7845,45.9248],[-112.7976,45.9266],[-112.8079,45.9341],[-112.841,45.9301],[-112.8907,45.934],[-112.8994,45.933],[-112.9024,45.9221],[-112.9142,45.9242],[-112.9136,45.9287],[-112.9231,45.9341],[-112.9313,45.9505],[-112.932,45.9629],[-112.9384,45.9683],[-112.9358,45.9723],[-112.9385,45.9765],[-112.9371,45.9813],[-112.942,45.9863],[-112.9389,45.9933],[-112.9278,45.9972],[-112.9229,46.005],[-112.9293,46.0121],[-112.9475,46.0099],[-112.9552,46.0125],[-112.9546,46.0202],[-112.9592,46.0223],[-112.9569,46.0265],[-112.9743,46.0264],[-112.9827,46.0198],[-113.0045,46.0189],[-113.0057,46.0225],[-113.013,46.0241],[-113.0146,46.0298],[-113.0252,46.0393],[-113.0626,46.0441],[-113.0667,46.0482],[-113.0883,46.0553],[-113.1027,46.0555],[-113.107,46.0593],[-113.1346,46.0578],[-113.1558,46.0652],[-113.1676,46.0622],[-113.1681,46.0572],[-113.1721,46.0552],[-113.1902,46.0502],[-113.2057,46.0541],[-113.2161,46.048],[-113.2392,46.05],[-113.2527,46.0559],[-113.2743,46.0593],[-113.2808,46.0572],[-113.2779,46.0455],[-113.2854,46.0382],[-113.3097,46.0257],[-113.3175,46.0184],[-113.3285,46.0153],[-113.3358,46.0054],[-113.3527,46.0103],[-113.3624,46.0071],[-113.3794,46.0185],[-113.3969,46.0143],[-113.3944,46.0072],[-113.3992,46.0005],[-113.4113,45.9995],[-113.4151,45.9898],[-113.4351,45.9862],[-113.4416,45.9811],[-113.4583,45.9844],[-113.4627,45.9743],[-113.4682,45.9713],[-113.4682,45.9681],[-113.4593,45.9623],[-113.4634,45.956],[-113.4722,45.9525],[-113.4801,45.9396],[-113.5003,45.9485],[-113.514,45.9452],[-113.517,45.9418],[-113.5157,45.9359],[-113.5232,45.9304],[-113.535,45.9134],[-113.5368,45.8944],[-113.5324,45.8922],[-113.5331,45.8844],[-113.5286,45.8812],[-113.5401,45.8768],[-113.5593,45.8762],[-113.5676,45.872],[-113.5792,45.873],[-113.5911,45.8634],[-113.5949,45.8549],[-113.5922,45.8502],[-113.6097,45.8508],[-113.6269,45.84],[-113.6544,45.8404],[-113.6677,45.8352],[-113.6743,45.8407],[-113.6864,45.8387],[-113.7016,45.8432],[-113.7062,45.8382],[-113.713,45.8382],[-113.7153,45.8308],[-113.7294,45.8256],[-113.7295,45.8194],[-113.7441,45.8151],[-113.7581,45.8022],[-113.771,45.8009],[-113.7787,45.7919],[-113.792,45.7923],[-113.7923,45.7835],[-113.7871,45.7785],[-113.8008,45.7725],[-113.8043,45.7631],[-113.8114,45.7575],[-113.83,45.7507],[-113.8492,45.7525],[-113.8483,45.7574],[-113.855,45.7734],[-113.8692,45.7815],[-113.8773,45.7752],[-113.8964,45.7701],[-113.8987,45.7636],[-113.9163,45.746],[-113.91,45.7418],[-113.9044,45.7311],[-113.9094,45.7267],[-113.9031,45.7216],[-113.9111,45.7129],[-113.9061,45.7069],[-113.91,45.6996],[-113.9225,45.704],[-113.9382,45.6958],[-113.9637,45.6899],[-113.9694,45.6929],[-113.9709,45.703],[-113.9805,45.7023],[-113.9885,45.7061],[-113.9938,45.7035],[-113.9969,45.6968],[-114.008,45.6939],[-114.0159,45.6958],[-114.0192,45.6925],[-114.0144,45.6836],[-114.0283,45.6753],[-114.0155,45.6639],[-114.0154,45.6527],[-114.019,45.6484],[-114.034,45.648],[-114.0455,45.6367],[-114.067,45.6281],[-114.0738,45.615],[-114.0818,45.6111],[-114.0823,45.5967],[-114.086,45.5915],[-114.1013,45.5861],[-114.121,45.5848],[-114.1314,45.5744],[-114.1292,45.5657],[-114.1354,45.5574],[-114.1504,45.558],[-114.1547,45.5525],[-114.1803,45.5513],[-114.1926,45.5367],[-114.2056,45.5361],[-114.2269,45.5461],[-114.2484,45.5459],[-114.2518,45.538],[-114.2488,45.5343],[-114.2494,45.5204],[-114.2585,45.5117],[-114.2606,45.4968],[-114.2703,45.4908],[-114.2698,45.4846],[-114.281,45.4797],[-114.2959,45.4791],[-114.3035,45.4715],[-114.3242,45.4658],[-114.3303,45.4598],[-114.3444,45.4597],[-114.352,45.4714],[-114.3611,45.4745],[-114.3602,45.478],[-114.3678,45.4922],[-114.3887,45.503],[-114.424,45.5096],[-114.4295,45.5175],[-114.4303,45.529],[-114.4374,45.5309],[-114.4394,45.5366],[-114.4489,45.5391],[-114.4508,45.5425],[-114.4637,45.5452],[-114.4625,45.5544],[-114.4561,45.5622],[-114.4657,45.5607],[-114.4721,45.565],[-114.4982,45.5554],[-114.5158,45.5678],[-114.5277,45.5708],[-114.5529,45.5571],[-114.5648,45.5578],[-114.5654,45.5627],[-114.5584,45.5662],[-114.5531,45.576],[-114.5584,45.5844],[-114.5475,45.5999],[-114.5384,45.6065],[-114.5449,45.617],[-114.5543,45.6194],[-114.5633,45.6318],[-114.5639,45.6375],[-114.5506,45.6426],[-114.5419,45.6413],[-114.5402,45.6505],[-114.5296,45.6524],[-114.5226,45.6493],[-114.5079,45.6574],[-114.4995,45.6686],[-114.5022,45.6742],[-114.4993,45.6797],[-114.5008,45.6823],[-114.5152,45.6849],[-114.5013,45.6942],[-114.495,45.7041],[-114.5049,45.7223],[-114.5153,45.7274],[-114.5266,45.7277],[-114.5357,45.7391],[-114.5478,45.7433],[-114.5447,45.7593],[-114.5578,45.7645],[-114.5664,45.7729],[-114.5555,45.7867],[-114.544,45.7905],[-114.5453,45.7976],[-114.5312,45.8095],[-114.531,45.819],[-114.5116,45.8295],[-114.5174,45.8354],[-114.5096,45.8455],[-114.5035,45.846],[-114.499,45.8507],[-114.4871,45.8517],[-114.4749,45.8466],[-114.4703,45.8515],[-114.4378,45.8626],[-114.4096,45.8515],[-114.4061,45.87],[-114.3963,45.8711],[-114.388,45.884],[-114.3876,45.89],[-114.3937,45.893],[-114.3952,45.9014],[-114.4047,45.9038],[-114.4136,45.9115],[-114.4152,45.9225],[-114.4314,45.936],[-114.425,45.9439],[-114.4027,45.9578],[-114.4014,45.9636],[-114.4121,45.9781],[-114.4292,45.9867],[-114.4486,45.9878],[-114.4575,45.9975],[-114.4803,45.993],[-114.4879,46.0039],[-114.473,46.0145],[-114.4805,46.0304],[-114.4965,46.0278],[-114.5076,46.0314],[-114.5065,46.0387],[-114.4973,46.0425],[-114.4934,46.0526],[-114.4789,46.056],[-114.4682,46.0629],[-114.4724,46.0768],[-114.4619,46.0786],[-114.4595,46.0941],[-114.4744,46.1131],[-114.4887,46.1131],[-114.5212,46.1252],[-114.5176,46.1357],[-114.5212,46.1363],[-114.5273,46.1465],[-114.5142,46.1544],[-114.515,46.1677],[-114.5066,46.1646],[-114.4892,46.1676],[-114.4755,46.1606],[-114.4576,46.1702],[-114.4442,46.1691],[-114.4435,46.2031],[-114.4518,46.2142],[-114.4457,46.2197],[-114.4481,46.2321],[-114.452,46.2412],[-114.4678,46.2479],[-114.465,46.2524],[-114.4708,46.2655],[-114.465,46.2731],[-114.444,46.2728],[-114.4271,46.2839],[-114.4255,46.2878],[-114.4334,46.3056],[-114.4228,46.3235],[-114.4221,46.3301],[-114.4139,46.3357],[-114.4102,46.3611],[-114.4225,46.3872],[-114.4101,46.3963],[-114.4084,46.4008],[-114.4013,46.4016],[-114.3937,46.4092],[-114.3849,46.4113],[-114.3829,46.4324],[-114.3685,46.437],[-114.3725,46.443],[-114.3846,46.4471],[-114.3794,46.4602],[-114.3832,46.4662],[-114.3945,46.4694],[-114.4009,46.4781],[-114.4033,46.499],[-114.4002,46.5022],[-114.384,46.5052],[-114.3753,46.5017],[-114.3585,46.5052],[-114.3484,46.5102],[-114.342,46.5196],[-114.3493,46.5299],[-114.3439,46.5413],[-114.348,46.5516],[-114.3429,46.555],[-114.3298,46.5766],[-114.3442,46.59],[-114.3336,46.5958],[-114.3299,46.6043],[-114.3226,46.6108],[-114.3281,46.6198],[-114.3222,46.6255],[-114.3203,46.6384],[-114.3229,46.6417],[-114.3216,46.6489],[-114.3331,46.6608],[-114.3525,46.6634],[-114.3582,46.671],[-114.3781,46.6671],[-114.3837,46.6625],[-114.3921,46.6652],[-114.404,46.6596],[-114.4097,46.6622],[-114.4117,46.657],[-114.4246,46.6607],[-114.4535,46.6492],[-114.4526,46.6417],[-114.4671,46.6318],[-114.4867,46.633],[-114.501,46.6413],[-114.5242,46.6407],[-114.542,46.65],[-114.5467,46.6448],[-114.563,46.6409],[-114.5706,46.6433],[-114.5833,46.6333],[-114.6113,46.6378],[-114.6161,46.6431],[-114.6116,46.648],[-114.6147,46.6553],[-114.6357,46.6594],[-114.6399,46.6657],[-114.6334,46.672],[-114.6422,46.6733],[-114.6418,46.6793],[-114.6234,46.6911],[-114.6248,46.6959],[-114.6209,46.7075],[-114.6447,46.7228],[-114.65,46.7332],[-114.6659,46.7393],[-114.688,46.7364],[-114.698,46.7406],[-114.7026,46.7298],[-114.7087,46.7271],[-114.7078,46.7235],[-114.7127,46.7157],[-114.7402,46.7119],[-114.7516,46.6973],[-114.7666,46.6969],[-114.7696,46.6999],[-114.7687,46.7047],[-114.7816,46.7068],[-114.7879,46.7118],[-114.7821,46.7196],[-114.783,46.7262],[-114.7699,46.7351],[-114.7654,46.7452],[-114.7684,46.7478],[-114.766,46.7585],[-114.7736,46.7621],[-114.7746,46.7659],[-114.7833,46.7682],[-114.7849,46.7801],[-114.7874,46.7826],[-114.7897,46.779],[-114.7996,46.776],[-114.8091,46.7824],[-114.8294,46.7827],[-114.8365,46.7923],[-114.8562,46.8009],[-114.8655,46.8144],[-114.8871,46.8095],[-114.8908,46.8029],[-114.8959,46.8019],[-114.8987,46.8093],[-114.8951,46.8173],[-114.8984,46.8218],[-114.9214,46.8268],[-114.9288,46.8355],[-114.9287,46.8437],[-114.924,46.8482],[-114.9288,46.8548],[-114.9484,46.8601],[-114.9448,46.8678],[-114.9319,46.8767],[-114.9367,46.8977],[-114.9297,46.9096],[-114.9214,46.9129],[-114.9249,46.9187],[-114.936,46.9199],[-114.961,46.93],[-114.9591,46.9339],[-114.9864,46.9499],[-114.9857,46.954],[-114.9994,46.9657],[-115.0015,46.9719],[-115.0282,46.9754],[-115.0315,46.9717],[-115.0488,46.9697],[-115.0519,46.9749],[-115.0502,46.9809],[-115.0676,46.9951],[-115.0656,47.0005],[-115.0728,47.0139],[-115.0968,47.0119],[-115.1158,47.0041],[-115.1233,46.9967],[-115.142,47.0021],[-115.1463,47.0064],[-115.1606,47.007],[-115.1839,46.9946],[-115.2048,46.9689],[-115.2129,46.9666],[-115.2241,46.9719],[-115.2433,46.96],[-115.2603,46.9616],[-115.2768,46.9512],[-115.2759,46.9481],[-115.2802,46.9435],[-115.2951,46.9439],[-115.2976,46.9496],[-115.3061,46.9525],[-115.3152,46.9506],[-115.3345,46.9583],[-115.3449,46.9571],[-115.3577,46.9615],[-115.3654,46.9525],[-115.3638,46.9476],[-115.3686,46.943],[-115.3913,46.9439],[-115.3936,46.9486],[-115.4133,46.9467],[-115.4329,46.9582],[-115.4311,46.9801],[-115.4421,46.9874],[-115.4686,46.9905],[-115.4635,47.0056],[-115.4524,47.009],[-115.4489,47.0145],[-115.4537,47.0174],[-115.454,47.0229],[-115.4791,47.0294],[-115.4795,47.0395],[-115.4849,47.048],[-115.481,47.0522],[-115.4862,47.0646],[-115.4827,47.0727],[-115.4957,47.0802],[-115.5017,47.0904],[-115.5157,47.0986],[-115.5308,47.0926],[-115.5424,47.0943],[-115.5652,47.0794],[-115.5747,47.0781],[-115.5818,47.0857],[-115.5976,47.0943],[-115.6261,47.0993],[-115.6295,47.1048],[-115.6394,47.1054],[-115.6495,47.1004],[-115.6562,47.1054],[-115.6646,47.1036],[-115.6723,47.1084],[-115.6898,47.11],[-115.7091,47.1243],[-115.7239,47.1223],[-115.7311,47.1259],[-115.7501,47.1225],[-115.7631,47.1165],[-115.7948,47.1201],[-115.7991,47.1241],[-115.8111,47.1149],[-115.8388,47.1101],[-115.853,47.1119],[-115.8627,47.1083],[-115.8734,47.099],[-115.8928,47.1055],[-115.9042,47.116],[-115.9173,47.1099],[-115.9358,47.1096],[-115.948,47.1127],[-115.9539,47.1091],[-115.9701,47.1074],[-115.9729,47.106],[-115.9723,47.0889],[-115.9633,47.077],[-115.9641,47.0717],[-115.9538,47.0689],[-115.9488,47.0602],[-115.9548,47.0477],[-115.9702,47.0407],[-115.9993,47.0204],[-116.0097,47.0173],[-116.0196,47.0153],[-116.0288,47.0174],[-116.033,47.0242],[-116.0434,47.0274],[-116.0544,47.0257],[-116.0637,47.0167],[-116.0751,47.0148],[-116.0872,46.9968],[-116.1139,46.9902],[-116.1111,46.9698],[-116.1214,46.9664],[-116.1258,46.9572],[-116.1458,46.952],[-116.1476,46.9478],[-116.155,46.945],[-116.1577,46.9398],[-116.1553,46.9318],[-116.1654,46.928],[-116.1681,46.9238],[-116.1668,46.9203],[-116.1555,46.9163],[-116.1744,46.9107],[-116.2019,46.9131],[-116.2127,46.9183],[-116.2271,46.9175],[-116.2318,46.9208],[-116.2584,46.9221],[-116.2685,46.9179],[-116.2886,46.9227],[-116.3313,46.9112],[-116.3408,46.9278],[-116.339,46.9407],[-116.3441,46.9491],[-116.3515,46.9538],[-116.3568,46.9654],[-116.3706,46.9597],[-116.3802,46.9654],[-116.4066,46.9679],[-116.4226,46.9728],[-116.447,46.9722],[-116.4529,46.9773],[-116.4505,46.9882],[-116.4713,46.9954],[-116.4763,47.0081],[-116.4824,47.0143],[-116.4779,47.0254],[-116.486,47.027],[-116.4866,47.0328],[-116.4974,47.0345],[-116.5078,47.0308],[-116.5175,47.0404],[-116.5246,47.0422],[-116.5375,47.0363],[-116.557,47.0379],[-116.5722,47.032],[-116.5821,47.0337],[-116.5924,47.0374],[-116.6079,47.0529],[-116.6156,47.0534],[-116.6165,47.0629],[-116.6233,47.068],[-116.6585,47.0639],[-116.6603,47.0673],[-116.6938,47.071],[-116.7095,47.0788],[-116.7084,47.0847],[-116.7197,47.0926],[-116.729,47.0864],[-116.7344,47.0773],[-116.7392,47.0761],[-116.7355,47.0677],[-116.7403,47.0607],[-116.7515,47.0617],[-116.7586,47.0577],[-116.7637,47.0601],[-116.7637,47.0563],[-116.7767,47.0505],[-116.8009,47.0463],[-116.8156,47.0396],[-116.8414,47.0491],[-116.8505,47.0478],[-116.8583,47.0522],[-116.8582,47.0556],[-116.8723,47.0592],[-116.8833,47.0668],[-116.8845,47.0714],[-116.8959,47.0778],[-116.9251,47.0817],[-116.9441,47.0674],[-116.9551,47.0689],[-116.9634,47.0804],[-116.9772,47.0889],[-116.9764,47.0982],[-116.9681,47.1146],[-116.9708,47.1196],[-116.9849,47.1264],[-117.0155,47.1307],[-117.0206,47.1363],[-117.019,47.1438],[-117.0075,47.1518],[-117.0048,47.1658],[-117.0312,47.1599],[-117.0387,47.1633],[-117.0466,47.1617],[-117.0531,47.1645],[-117.0533,47.1767],[-117.0605,47.1787],[-117.0639,47.1844],[-117.0743,47.1803],[-117.0751,47.1868],[-117.0869,47.187],[-117.0905,47.1921],[-117.0976,47.1881],[-117.0994,47.1968],[-117.1072,47.1998],[-117.1042,47.2053],[-117.1088,47.2084],[-117.1073,47.2109],[-117.1144,47.2105],[-117.1171,47.2157],[-117.1342,47.2182],[-117.1319,47.2202],[-117.1372,47.2224],[-117.1407,47.2338],[-117.1505,47.2342],[-117.1518,47.239],[-117.1577,47.2406],[-117.1528,47.2472],[-117.1653,47.2563],[-117.1709,47.2541],[-117.1799,47.2561],[-117.1781,47.2612],[-117.1854,47.2627],[-117.1835,47.267],[-117.1888,47.27],[-117.1881,47.2732],[-117.1929,47.2786],[-117.2229,47.2892],[-117.2292,47.2932],[-117.2291,47.2977],[-117.238,47.2975],[-117.2389,47.3032],[-117.2426,47.3052],[-117.2496,47.3051],[-117.2565,47.3099],[-117.2668,47.3071],[-117.2666,47.3138],[-117.2767,47.3231],[-117.2729,47.3405],[-117.2938,47.3404],[-117.2869,47.3465],[-117.2923,47.349],[-117.2868,47.3605],[-117.2945,47.3715],[-117.2936,47.3767],[-117.2979,47.3759],[-117.2994,47.3711],[-117.3139,47.368],[-117.3341,47.3758],[-117.3374,47.3799],[-117.3481,47.3788],[-117.3492,47.3853],[-117.3723,47.3816],[-117.3798,47.383],[-117.3826,47.3867],[-117.3904,47.3851],[-117.3955,47.3903],[-117.3937,47.397],[-117.3996,47.3986],[-117.3988,47.4015],[-117.4033,47.4035],[-117.4009,47.4078],[-117.4049,47.4116],[-117.3912,47.4192],[-117.3897,47.4265],[-117.4107,47.4213],[-117.4112,47.4163],[-117.4141,47.4153],[-117.4337,47.4151],[-117.435,47.4172],[-117.4293,47.4184],[-117.4265,47.4214],[-117.4286,47.4221],[-117.4208,47.4237],[-117.4205,47.4302],[-117.4255,47.4319],[-117.4172,47.4371],[-117.4143,47.4434],[-117.4183,47.4468],[-117.4253,47.44],[-117.43,47.4488],[-117.4401,47.4503],[-117.4397,47.4755],[-117.4433,47.4768],[-117.4521,47.4722],[-117.4538,47.4746],[-117.4637,47.4662],[-117.4701,47.4699],[-117.4638,47.4791],[-117.4698,47.4825],[-117.4737,47.4799],[-117.4815,47.4809],[-117.489,47.4761],[-117.508,47.475],[-117.5031,47.489],[-117.4979,47.4931],[-117.4982,47.4976],[-117.5065,47.4996],[-117.5128,47.4885],[-117.5168,47.4889],[-117.524,47.4812],[-117.5291,47.4814],[-117.5389,47.4694],[-117.5378,47.4668],[-117.5531,47.4602],[-117.5504,47.4578],[-117.5542,47.4535],[-117.5683,47.4502],[-117.5684,47.4551],[-117.5638,47.4576],[-117.5746,47.4573],[-117.5778,47.456],[-117.5782,47.4497],[-117.5961,47.4465],[-117.6086,47.4359],[-117.6155,47.435],[-117.6168,47.4384],[-117.6091,47.4437],[-117.6159,47.4478],[-117.6494,47.4387],[-117.6585,47.4434],[-117.6516,47.4504],[-117.6422,47.448],[-117.6176,47.4596],[-117.6247,47.4627],[-117.6261,47.4711],[-117.6182,47.4778],[-117.6005,47.484],[-117.5845,47.5021],[-117.5886,47.5091],[-117.6016,47.5074],[-117.602,47.5153],[-117.6088,47.5132],[-117.6237,47.5199],[-117.6204,47.5286],[-117.6069,47.5392],[-117.6111,47.5559],[-117.6086,47.5664],[-117.6016,47.5676],[-117.5896,47.5784],[-117.5968,47.5887],[-117.5839,47.5985],[-117.5835,47.6074],[-117.5753,47.6064],[-117.574,47.6125],[-117.5798,47.6186],[-117.579,47.6226],[-117.5898,47.6207],[-117.5964,47.625],[-117.6154,47.6283],[-117.6238,47.6263],[-117.6337,47.6325],[-117.6786,47.6271],[-117.6785,47.6199],[-117.6839,47.6152],[-117.6835,47.6119],[-117.6717,47.6167],[-117.6598,47.6147],[-117.6574,47.6125],[-117.6584,47.6006],[-117.6663,47.592],[-117.6738,47.5722],[-117.6795,47.5724],[-117.6823,47.5794],[-117.689,47.5804],[-117.6918,47.5841],[-117.702,47.5804],[-117.6977,47.5767],[-117.7005,47.5732],[-117.6969,47.5655],[-117.6986,47.5609],[-117.6904,47.5557],[-117.6861,47.5567],[-117.6889,47.5512],[-117.6837,47.5431],[-117.6728,47.5468],[-117.6751,47.5377],[-117.6821,47.5368],[-117.6866,47.5311],[-117.6845,47.5243],[-117.6906,47.5216],[-117.6899,47.516],[-117.699,47.499],[-117.7091,47.492],[-117.7174,47.4913],[-117.7201,47.4853],[-117.7379,47.4743],[-117.7384,47.4682],[-117.7677,47.4464],[-117.7754,47.4342],[-117.7832,47.4335],[-117.7937,47.4271],[-117.8112,47.4248],[-117.831,47.412],[-117.8451,47.4148],[-117.8489,47.4192],[-117.8567,47.4167],[-117.864,47.4209],[-117.8669,47.4177],[-117.8722,47.4194],[-117.8981,47.4146],[-117.9002,47.422],[-117.9125,47.4191],[-117.9352,47.4241],[-117.9368,47.4259],[-117.9333,47.429],[-117.9382,47.4325],[-117.956,47.4306],[-117.9686,47.4337],[-117.978,47.4291],[-117.9815,47.4314],[-117.9918,47.4291],[-117.9973,47.4229],[-118.0117,47.4217],[-118.0183,47.4156],[-118.0162,47.4078],[-118.0201,47.4029],[-118.0194,47.3959],[-118.0316,47.3904],[-118.0418,47.3788],[-118.0373,47.3742],[-118.0292,47.3726],[-118.0312,47.3621],[-118.0268,47.3555],[-118.0205,47.3546],[-118.0222,47.3502],[-118.0154,47.3487],[-118.0278,47.3439],[-118.0272,47.3337],[-118.0367,47.3287],[-118.0332,47.3236],[-118.0435,47.3208],[-118.0475,47.3127],[-118.0528,47.3107],[-118.0516,47.299],[-118.0626,47.2986],[-118.0702,47.2927],[-118.0715,47.2833],[-118.0814,47.2788],[-118.0855,47.2674],[-118.1051,47.2608],[-118.1067,47.2585],[-118.1022,47.2514],[-118.1085,47.2462],[-118.1364,47.2375],[-118.1375,47.2339],[-118.1439,47.2369],[-118.1452,47.2324],[-118.1418,47.2317],[-118.1407,47.2263],[-118.1478,47.2219],[-118.1522,47.2117],[-118.1503,47.2075],[-118.1653,47.2144],[-118.194,47.2157],[-118.1979,47.2233],[-118.2293,47.2284],[-118.2432,47.213],[-118.256,47.2121],[-118.2612,47.2087],[-118.2645,47.1975],[-118.2729,47.1936],[-118.2899,47.1763],[-118.2955,47.1582],[-118.3036,47.1553],[-118.3107,47.1432],[-118.3027,47.1251],[-118.2986,47.1211],[-118.2923,47.1219],[-118.2893,47.1158],[-118.2786,47.1106],[-118.2814,47.1],[-118.2977,47.0797],[-118.2891,47.0733],[-118.2893,47.0693],[-118.2986,47.0651],[-118.3159,47.0501],[-118.3163,47.0423],[-118.3113,47.0365],[-118.2998,47.0335],[-118.3011,47.0271],[-118.2982,47.0235],[-118.2796,47.0236],[-118.2742,47.0174],[-118.2824,47.0028],[-118.2964,46.9944],[-118.2962,46.9867],[-118.3016,46.981],[-118.3144,46.9759],[-118.3231,46.9791],[-118.3453,46.9741],[-118.3514,46.9653],[-118.3741,46.9591],[-118.3968,46.9477],[-118.397,46.9421],[-118.4058,46.9357],[-118.4046,46.9326],[-118.427,46.9231],[-118.4359,46.9154],[-118.4488,46.913],[-118.4535,46.9222],[-118.505,46.8986],[-118.5076,46.9007],[-118.506,46.9032],[-118.5132,46.9064],[-118.5311,46.8959],[-118.5448,46.893],[-118.5577,46.8826],[-118.563,46.886],[-118.5704,46.8847],[-118.5657,46.9031],[-118.5687,46.9051],[-118.5627,46.9115],[-118.5634,46.9165],[-118.5661,46.917],[-118.5631,46.9242],[-118.5664,46.9281],[-118.5636,46.932],[-118.5644,46.937],[-118.5735,46.9417],[-118.5819,46.9401],[-118.5905,46.945],[-118.5988,46.9399],[-118.6103,46.9416],[-118.6387,46.93],[-118.6458,46.9334],[-118.6498,46.9443],[-118.6635,46.9422],[-118.6699,46.9364],[-118.6733,46.9388],[-118.6959,46.9392],[-118.7061,46.9268],[-118.7216,46.9205],[-118.7339,46.9098],[-118.7482,46.9072],[-118.7727,46.9148],[-118.78,46.9096],[-118.8007,46.9066],[-118.8036,46.9007],[-118.8176,46.8968],[-118.8308,46.8878],[-118.8346,46.8775],[-118.843,46.8739],[-118.8424,46.8683],[-118.8492,46.8662],[-118.8536,46.8562],[-118.8645,46.8487],[-118.8756,46.8325],[-118.9044,46.8316],[-118.9123,46.8226],[-118.9179,46.8216],[-118.9208,46.8156],[-118.9361,46.8073],[-118.9358,46.8002],[-118.9193,46.8018],[-118.9181,46.7956],[-118.9366,46.7881],[-118.9359,46.7786],[-118.9544,46.7724],[-118.9719,46.7726],[-118.9807,46.7653],[-118.9773,46.7581],[-118.9909,46.7673],[-118.9997,46.7665],[-119.0075,46.7595],[-119.0057,46.7493],[-119.0119,46.7469],[-119.0059,46.7271],[-118.9963,46.7169],[-118.9812,46.7177],[-118.9715,46.7083],[-118.9692,46.6971],[-118.9629,46.6906],[-118.9855,46.6901],[-118.9939,46.6848],[-119.0022,46.6731],[-119.0061,46.6726],[-119.0036,46.6573],[-119.0064,46.6474],[-118.9983,46.6475],[-118.9965,46.6394],[-119.0486,46.6082],[-119.0507,46.5904],[-119.0846,46.576],[-119.0861,46.5725],[-119.0819,46.5681],[-119.0903,46.5674],[-119.0877,46.5619],[-119.0943,46.5502],[-119.0992,46.5504],[-119.1067,46.5413],[-119.108,46.5332],[-119.1167,46.5328],[-119.1213,46.525],[-119.132,46.5205],[-119.1514,46.5223],[-119.1546,46.5095],[-119.1652,46.5156],[-119.1711,46.5142],[-119.1815,46.5066],[-119.1955,46.4878],[-119.1953,46.4763],[-119.2125,46.4762],[-119.2125,46.4727],[-119.1954,46.4622],[-119.1953,46.4583],[-119.1902,46.4546],[-119.1964,46.4482],[-119.1981,46.4351],[-119.1887,46.4287],[-119.1939,46.419],[-119.1912,46.4116],[-119.1977,46.4072],[-119.2063,46.4117],[-119.2066,46.4163],[-119.2303,46.4176],[-119.224,46.4068],[-119.2254,46.4042],[-119.2396,46.3964],[-119.248,46.4002],[-119.2509,46.3898],[-119.2571,46.3848],[-119.2576,46.3794],[-119.2624,46.3777],[-119.2849,46.3778],[-119.2867,46.3848],[-119.2976,46.3857],[-119.2939,46.3893],[-119.2945,46.3941],[-119.3082,46.3884],[-119.3123,46.3907],[-119.319,46.3877],[-119.3168,46.3905],[-119.3237,46.3964],[-119.3621,46.3784],[-119.3577,46.3764],[-119.3571,46.3718],[-119.3693,46.364],[-119.3384,46.3549],[-119.3386,46.3508],[-119.3442,46.347],[-119.3429,46.3434],[-119.3289,46.3465],[-119.3267,46.3428],[-119.3219,46.3449],[-119.3141,46.3429],[-119.3153,46.3252],[-119.3117,46.3191],[-119.3147,46.3012],[-119.2992,46.2968],[-119.3013,46.2899],[-119.2992,46.2749],[-119.2914,46.2672],[-119.2907,46.2626],[-119.282,46.2603],[-119.278,46.2702],[-119.2726,46.2725],[-119.2665,46.2602],[-119.2597,46.2573],[-119.2536,46.2589],[-119.2416,46.2496],[-119.2693,46.2293],[-119.2766,46.2289],[-119.3301,46.2434],[-119.3326,46.2394],[-119.3301,46.2257],[-119.335,46.1697],[-119.3446,46.1653],[-119.3644,46.1677],[-119.3721,46.1578],[-119.3978,46.1618],[-119.4037,46.1657],[-119.4243,46.1627],[-119.4597,46.1659],[-119.4762,46.1858],[-119.4755,46.1948],[-119.491,46.2038],[-119.4889,46.2135],[-119.4764,46.2232],[-119.5253,46.2484],[-119.5406,46.253],[-119.5676,46.2446],[-119.5927,46.2431],[-119.5996,46.2407],[-119.6032,46.2322],[-119.6267,46.2273],[-119.6412,46.2193],[-119.6607,46.2183],[-119.677,46.2106],[-119.7014,46.2111],[-119.7175,46.1931],[-119.7343,46.1884],[-119.7464,46.1891],[-119.7823,46.1779],[-119.7935,46.1702],[-119.8174,46.1646],[-119.8256,46.1577],[-119.8507,46.1608],[-119.861,46.1588],[-119.878,46.1492],[-119.8913,46.1501],[-119.8946,46.1556],[-119.9278,46.1517],[-119.9408,46.1456],[-119.9431,46.1409],[-119.9621,46.1351],[-120.0037,46.13],[-120.005,46.1273],[-120.0333,46.1272],[-120.052,46.121],[-120.0763,46.1209],[-120.0821,46.1184],[-120.0859,46.123],[-120.0979,46.1222],[-120.1038,46.1249],[-120.1082,46.1198],[-120.1221,46.1165],[-120.1217,46.1004],[-120.152,46.1034],[-120.1678,46.0865],[-120.1804,46.0863],[-120.2013,46.078],[-120.2156,46.0837],[-120.2386,46.075],[-120.2841,46.0493],[-120.3002,46.05],[-120.3105,46.0447],[-120.3151,46.0497],[-120.32,46.0493],[-120.3282,46.0421],[-120.3384,46.0425],[-120.3532,46.034],[-120.3683,46.0299],[-120.3728,46.0312],[-120.43,46.0183],[-120.4562,46.0188],[-120.4642,46.0071],[-120.4612,45.9996],[-120.4629,45.9933],[-120.4842,45.9927],[-120.4982,45.987],[-120.5149,45.9857],[-120.5301,45.9897],[-120.5845,45.9897],[-120.5919,45.9936],[-120.6056,45.9949],[-120.6399,45.9828],[-120.6528,45.9851],[-120.6741,45.995],[-120.7042,46.0007],[-120.752,46.006],[-120.7564,46.0016],[-120.7627,46.0009],[-120.811,46.011],[-120.8186,46.0082],[-120.821,45.9943],[-120.839,45.9978],[-120.8421,45.9997],[-120.8414,46.0039],[-120.8524,46.0133],[-120.8558,46.0319],[-120.8524,46.0455],[-120.8551,46.052],[-120.871,46.0567],[-120.8744,46.071],[-120.8846,46.0771],[-120.8881,46.0873],[-120.8823,46.0969],[-120.8884,46.0991],[-120.8915,46.1046],[-120.8864,46.1092],[-120.8879,46.1201],[-120.8832,46.1259],[-120.8876,46.137],[-120.8761,46.1526],[-120.8789,46.1676],[-120.8981,46.1712],[-120.9017,46.1791],[-120.9142,46.1849],[-120.9222,46.1946],[-120.9249,46.2053],[-120.9358,46.2105],[-120.9488,46.2074],[-120.991,46.2151],[-121.0092,46.2102],[-121.0145,46.2122],[-121.0562,46.209],[-121.0733,46.2128],[-121.0721,46.2196],[-121.0806,46.2219],[-121.085,46.2284],[-121.0947,46.2322],[-121.1062,46.2435],[-121.1274,46.248],[-121.1328,46.2548],[-121.1417,46.2576],[-121.1408,46.2634],[-121.1272,46.2708],[-121.1693,46.2975],[-121.1661,46.3107],[-121.1756,46.3141],[-121.1821,46.3265],[-121.171,46.3423],[-121.1348,46.356],[-121.124,46.3649],[-121.1161,46.3774],[-121.0846,46.3877],[-121.0876,46.3984],[-121.0835,46.4026],[-121.0958,46.416],[-121.1172,46.4188],[-121.0967,46.4333],[-121.1047,46.4401],[-121.121,46.4454],[-121.1263,46.4702],[-121.1335,46.4697],[-121.1411,46.4737],[-121.1518,46.4905],[-121.1728,46.4981],[-121.1922,46.5007],[-121.1972,46.5051],[-121.1962,46.5074],[-121.2088,46.5118],[-121.254,46.4961],[-121.2722,46.4778],[-121.2655,46.4703],[-121.2959,46.4575],[-121.3187,46.4551],[-121.3341,46.4615],[-121.3501,46.4617],[-121.3588,46.4675],[-121.3677,46.4679],[-121.3702,46.4636],[-121.3762,46.4628],[-121.3816,46.4692],[-121.4062,46.483],[-121.408,46.4884],[-121.4231,46.4926],[-121.4304,46.4985],[-121.4441,46.5011],[-121.4527,46.5069],[-121.4563,46.5144],[-121.4504,46.5308],[-121.4524,46.5364],[-121.4414,46.5356],[-121.4192,46.5447],[-121.4168,46.548],[-121.4206,46.5511],[-121.4195,46.5546],[-121.4125,46.5583],[-121.4214,46.5647],[-121.4235,46.57],[-121.42,46.5762],[-121.4071,46.5811],[-121.4018,46.5931],[-121.408,46.6022],[-121.3871,46.6198],[-121.3896,46.6278],[-121.3865,46.6352],[-121.3977,46.6412],[-121.3951,46.6463],[-121.4113,46.648],[-121.4169,46.6531],[-121.416,46.661],[-121.4113,46.6658],[-121.4132,46.676],[-121.4085,46.6837],[-121.3993,46.688],[-121.3767,46.6863],[-121.3745,46.6914],[-121.3799,46.7021],[-121.3602,46.7119],[-121.353,46.7122],[-121.3689,46.726],[-121.3815,46.7285],[-121.4067,46.7272],[-121.4128,46.7358],[-121.4293,46.7392],[-121.4308,46.742],[-121.4238,46.7527],[-121.4248,46.757],[-121.4425,46.7585],[-121.4387,46.7626],[-121.4469,46.7681],[-121.4553,46.7804],[-121.4536,46.7889],[-121.4436,46.7941],[-121.4556,46.8025],[-121.4581,46.8121],[-121.4743,46.8203],[-121.4709,46.8294],[-121.4758,46.8344],[-121.4836,46.8348],[-121.4829,46.8391],[-121.4952,46.8551],[-121.4956,46.8627],[-121.507,46.8653],[-121.514,46.8717],[-121.5281,46.8744],[-121.5427,46.8655],[-121.5543,46.8726],[-121.5587,46.8696],[-121.5729,46.8715],[-121.5728,46.8653],[-121.5779,46.8591],[-121.596,46.866],[-121.6019,46.857],[-121.6183,46.8501],[-121.6296,46.8563],[-121.6502,46.8545],[-121.6658,46.8467],[-121.6998,46.8507],[-121.7272,46.8482],[-121.7538,46.8509],[-121.7285,46.8326],[-121.7278,46.8263],[-121.7219,46.8185],[-121.7204,46.8063],[-121.7103,46.7988],[-121.7222,46.7878],[-121.7237,46.7817],[-121.741,46.7731],[-121.7331,46.7695],[-121.7327,46.7578],[-121.7393,46.7542],[-121.7451,46.7578],[-121.7547,46.7577],[-121.7757,46.741],[-121.7755,46.737],[-121.7808,46.7337],[-121.7734,46.7208],[-121.7771,46.7153],[-121.8026,46.7164],[-121.8167,46.7206],[-121.8282,46.7149],[-121.8307,46.7104],[-121.8413,46.7134],[-121.8324,46.6993],[-121.8225,46.6937],[-121.8311,46.6884],[-121.8287,46.6744],[-121.8434,46.6637],[-121.8468,46.653],[-121.8812,46.6568],[-121.8902,46.6518],[-121.9107,46.6564],[-121.914,46.6619],[-121.9258,46.6634],[-121.931,46.6686],[-121.9432,46.6701],[-121.9624,46.6636],[-121.9636,46.6583],[-121.98,46.6554],[-121.9774,46.6505],[-121.9866,46.6423],[-121.9865,46.6325],[-121.9983,46.6224],[-121.9873,46.6053],[-121.9988,46.5969],[-122.0139,46.5984],[-122.0193,46.5945],[-122.0335,46.5956],[-122.0406,46.5931],[-122.0707,46.597],[-122.0816,46.6022],[-122.0912,46.6158],[-122.1037,46.621],[-122.1105,46.6297],[-122.1262,46.6251],[-122.1533,46.631],[-122.1706,46.6223],[-122.1768,46.6322],[-122.1674,46.6365],[-122.1589,46.6483],[-122.1637,46.6541],[-122.1917,46.6574],[-122.2144,46.6652],[-122.2315,46.6602],[-122.2365,46.6676],[-122.2476,46.6695],[-122.2556,46.6791],[-122.2731,46.6785],[-122.2832,46.6703],[-122.289,46.6707],[-122.2981,46.6653],[-122.3139,46.6678],[-122.3282,46.6545],[-122.3401,46.6611],[-122.3573,46.6604],[-122.366,46.6566],[-122.3715,46.6623],[-122.3703,46.6701],[-122.3612,46.6831],[-122.369,46.6903],[-122.3906,46.6857],[-122.405,46.6875],[-122.4146,46.6823],[-122.4398,46.6773],[-122.4459,46.683],[-122.4576,46.6748],[-122.471,46.6774],[-122.474,46.6749],[-122.4731,46.6704],[-122.4677,46.6641],[-122.4711,46.6565],[-122.4946,46.6568],[-122.4977,46.6554],[-122.4976,46.649],[-122.5052,46.6474],[-122.5269,46.6493],[-122.5264,46.646],[-122.5332,46.6378],[-122.5298,46.6284],[-122.5367,46.6197],[-122.5377,46.6091],[-122.5732,46.597],[-122.6126,46.5957],[-122.6114,46.5889],[-122.6277,46.5782],[-122.6649,46.5647],[-122.6977,46.5589],[-122.7107,46.561],[-122.7172,46.5558],[-122.7305,46.5527],[-122.7537,46.5557],[-122.7697,46.5453],[-122.7796,46.5435],[-122.8083,46.5509],[-122.8108,46.5564],[-122.8201,46.5563],[-122.8266,46.5636],[-122.8519,46.5638],[-122.8694,46.5606],[-122.8743,46.5548],[-122.9024,46.5522],[-122.928,46.5438],[-122.9369,46.5366],[-122.9375,46.5324],[-122.9516,46.5327],[-122.9596,46.5259],[-122.9716,46.5383],[-122.9819,46.5428],[-122.9914,46.5405],[-123.0075,46.5448],[-123.0337,46.5433],[-123.0412,46.5378],[-123.0426,46.5323],[-123.0338,46.5202],[-123.0205,46.5166],[-123.02,46.5081],[-123.0091,46.5024],[-123.0046,46.4903],[-123.0224,46.4786],[-123.034,46.4782],[-123.0476,46.4729],[-123.0464,46.4685],[-123.0406,46.4673],[-123.04,46.4621],[-123.0525,46.4609],[-123.0556,46.4551],[-123.0674,46.4482],[-123.066,46.4404],[-123.0737,46.4301],[-123.0734,46.4191],[-123.0684,46.418],[-123.0642,46.4106],[-123.0653,46.4055],[-123.0726,46.4081],[-123.0795,46.4052],[-123.086,46.3971],[-123.0808,46.3879],[-123.0946,46.3882],[-123.1008,46.3849],[-123.1136,46.3875],[-123.1194,46.384],[-123.1197,46.3796],[-123.1357,46.3738],[-123.1375,46.3689],[-123.134,46.3561],[-123.1251,46.3435],[-123.1544,46.3326],[-123.1711,46.332],[-123.186,46.3364],[-123.1772,46.3506],[-123.1849,46.3664],[-123.1795,46.372],[-123.1718,46.3737],[-123.1708,46.3776],[-123.1856,46.39],[-123.2079,46.397],[-123.213,46.4034],[-123.2438,46.3994],[-123.2612,46.3927],[-123.271,46.3922],[-123.2754,46.3953],[-123.2804,46.3935],[-123.2868,46.3825],[-123.3012,46.3858],[-123.3124,46.3818],[-123.3272,46.3841],[-123.336,46.393],[-123.3536,46.3975],[-123.3554,46.3997],[-123.3468,46.4039],[-123.3475,46.4162],[-123.3525,46.422],[-123.3604,46.4247],[-123.361,46.4285],[-123.3534,46.442],[-123.3618,46.4423],[-123.3641,46.4528],[-123.3725,46.4575],[-123.3714,46.4625],[-123.3777,46.4667],[-123.377,46.4709],[-123.3866,46.4818],[-123.3979,46.4851],[-123.4049,46.4814],[-123.4142,46.4833],[-123.4204,46.4865],[-123.4168,46.4954],[-123.4223,46.4977],[-123.4457,46.4931],[-123.4739,46.4816],[-123.4975,46.4831],[-123.4962,46.4797],[-123.5034,46.4774],[-123.5139,46.4647],[-123.524,46.4592],[-123.5501,46.4609],[-123.556,46.4663],[-123.5682,46.4679],[-123.5714,46.4587],[-123.5835,46.4545],[-123.5786,46.4457],[-123.5947,46.4388],[-123.6087,46.421],[-123.6175,46.4158],[-123.6196,46.4086],[-123.6173,46.4015],[-123.623,46.3986],[-123.6222,46.3935],[-123.6275,46.3878],[-123.6337,46.3849],[-123.6364,46.3794],[-123.6347,46.3763],[-123.6426,46.3737],[-123.6539,46.3828],[-123.6858,46.384],[-123.6889,46.3814],[-123.686,46.3785],[-123.6884,46.373],[-123.7212,46.3562],[-123.7264,46.3479],[-123.7595,46.3373],[-123.7612,46.3279],[-123.7507,46.321],[-123.7583,46.3145],[-123.7556,46.307],[-123.7983,46.2873],[-123.8143,46.2838],[-123.8245,46.287],[-123.8252,46.2817],[-123.8356,46.2873],[-123.8459,46.2787],[-123.8803,46.2773],[-123.8847,46.2846],[-123.901,46.2907],[-123.9036,46.3035],[-123.9131,46.3066],[-123.916,46.3114],[-123.9315,46.3153],[-123.9429,46.3262],[-123.9608,46.3311],[-123.9661,46.3354],[-123.9644,46.3391],[-123.9747,46.3467],[-123.998,46.3419],[-124.0053,46.3465],[-124.0207,46.3482],[-124.0261,46.3246],[-124.0347,46.3213],[-124.0286,46.3149],[-124.0373,46.3113],[-124.0479,46.3161],[-124.1438,46.3243],[-124.1335,46.3615],[-124.13,46.427],[-124.1353,46.5423],[-124.142,46.587],[-124.1433,46.6312],[-124.1497,46.6501],[-124.1453,46.6705],[-124.1685,46.7304],[-124.1751,46.7937],[-124.1812,46.7937],[-124.1946,46.8441],[-124.2095,46.8748],[-124.2344,46.8912],[-124.2467,46.9178],[-124.2497,46.9563],[-124.2416,46.9998],[-124.2441,47.0587],[-124.2513,47.0967],[-124.2737,47.1481],[-124.2737,47.1651],[-124.2959,47.2125],[-124.3064,47.2481],[-124.3361,47.2616],[-124.3513,47.2764],[-124.3591,47.2928],[-124.3597,47.3093],[-124.3914,47.3298],[-124.4136,47.3687],[-124.4217,47.3933],[-124.4217,47.4069],[-124.4194,47.4145],[-124.4066,47.428],[-124.4206,47.456],[-124.4217,47.4687],[-124.4171,47.4815],[-124.44,47.569],[-124.4532,47.5867],[-124.4551,47.6066],[-124.4614,47.625],[-124.487,47.6212],[-124.5149,47.6237],[-124.5376,47.6319],[-124.5546,47.6444],[-124.5656,47.6619],[-124.5666,47.6802],[-124.5594,47.6958],[-124.5403,47.7165],[-124.5562,47.729],[-124.5759,47.7564],[-124.5991,47.7716],[-124.6081,47.7849],[-124.6332,47.8068],[-124.6419,47.8194],[-124.6906,47.8443],[-124.7042,47.8547],[-124.7122,47.8657],[-124.7172,47.879],[-124.7144,47.879],[-124.7209,47.8883],[-124.7397,47.8976],[-124.7538,47.9105],[-124.7606,47.9273],[-124.7582,47.944],[-124.7876,47.9589],[-124.7991,47.9725],[-124.8034,47.9887],[-124.797,48.0179],[-124.8012,48.0378],[-124.7967,48.0495],[-124.7861,48.0613],[-124.788,48.076],[-124.7852,48.0871],[-124.7949,48.097],[-124.8039,48.1143],[-124.8241,48.1293],[-124.8327,48.1477],[-124.8431,48.1584],[-124.8486,48.174],[-124.8483,48.1882],[-124.8382,48.204],[-124.8215,48.2176],[-124.805,48.2243],[-124.7805,48.2286],[-124.7903,48.2464],[-124.7888,48.2664],[-124.7769,48.2836],[-124.7614,48.2957],[-124.7712,48.316],[-124.7705,48.3235],[-124.7862,48.3319],[-124.7967,48.3441],[-124.8038,48.3569],[-124.8034,48.363],[-124.8125,48.3748],[-124.8179,48.3944],[-124.8125,48.4106]]]},"properties":{"name":"US Army Engineer District, Seattle","abbreviation":"CENWS","division_name":"Northwestern Division","division_abbreviation":null,"website_url":"","phone":"","address":"","layer":"usace_districts"}},{"type":"Feature","geometry":{"type":"MultiPolygon","coordinates":[[[[-115.9339,45.9586],[-115.9447,45.9604],[-115.9549,45.9833],[-115.9454,46.009],[-115.9473,46.016],[-115.9597,46.0311],[-115.961,46.0383],[-115.9552,46.0503],[-115.9483,46.0527],[-115.9646,46.0663],[-115.9568,46.0749],[-115.9609,46.0812],[-115.9526,46.0806],[-115.9511,46.0835],[-115.9706,46.114],[-115.9623,46.1163],[-115.9473,46.1027],[-115.9386,46.0891],[-115.901,46.0695],[-115.884,46.0521],[-115.8785,46.0501],[-115.8715,46.0577],[-115.8734,46.0673],[-115.8849,46.0785],[-115.9171,46.0899],[-115.9321,46.1011],[-115.9341,46.1054],[-115.9272,46.1063],[-115.9024,46.0994],[-115.9003,46.1018],[-115.9009,46.107],[-115.9338,46.1247],[-115.9311,46.1287],[-115.9206,46.1321],[-115.9307,46.1404],[-115.9056,46.1377],[-115.8849,46.1267],[-115.8714,46.1251],[-115.8649,46.1069],[-115.8464,46.0792],[-115.8439,46.0623],[-115.8651,46.027],[-115.8664,46.0151],[-115.8721,46.0031],[-115.9036,45.9808],[-115.9218,45.9619],[-115.9339,45.9586]]],[[[-118.1233,45.2458],[-118.1616,45.2849],[-118.1648,45.2835],[-118.1625,45.2723],[-118.1646,45.2694],[-118.1839,45.2807],[-118.1882,45.2777],[-118.1796,45.2673],[-118.1845,45.2645],[-118.1944,45.2668],[-118.2368,45.3179],[-118.2428,45.3161],[-118.2278,45.2859],[-118.2309,45.2728],[-118.2359,45.2742],[-118.2469,45.2942],[-118.2544,45.2925],[-118.2503,45.2788],[-118.2528,45.2702],[-118.2894,45.2886],[-118.3017,45.3026],[-118.2951,45.3123],[-118.2663,45.3267],[-118.2598,45.3468],[-118.2261,45.3332],[-118.1954,45.3064],[-118.1784,45.3109],[-118.1762,45.3161],[-118.2053,45.325],[-118.211,45.3314],[-118.206,45.3372],[-118.1916,45.3375],[-118.1793,45.3299],[-118.1803,45.3422],[-118.1768,45.3433],[-118.1533,45.3255],[-118.135,45.3305],[-118.1321,45.3271],[-118.1394,45.3125],[-118.132,45.2993],[-118.1066,45.2802],[-118.0926,45.2648],[-118.0949,45.2614],[-118.1013,45.2627],[-118.1277,45.2767],[-118.118,45.2589],[-118.1212,45.2566],[-118.121,45.2466],[-118.1233,45.2458]]],[[[-118.436,45.1764],[-118.4454,45.1933],[-118.4719,45.1915],[-118.4775,45.1954],[-118.4816,45.2098],[-118.4805,45.2208],[-118.5006,45.2158],[-118.5134,45.2234],[-118.5107,45.2425],[-118.5035,45.2443],[-118.4787,45.2408],[-118.4751,45.243],[-118.477,45.2478],[-118.5381,45.2698],[-118.5445,45.2759],[-118.5248,45.2719],[-118.5027,45.276],[-118.4862,45.2627],[-118.4728,45.2705],[-118.4609,45.2585],[-118.4572,45.2582],[-118.4548,45.2611],[-118.4555,45.2754],[-118.4529,45.2775],[-118.4223,45.2719],[-118.4182,45.2735],[-118.4228,45.2804],[-118.444,45.2906],[-118.4421,45.2952],[-118.411,45.2977],[-118.3953,45.2912],[-118.3927,45.2809],[-118.3943,45.2706],[-118.4073,45.2603],[-118.4083,45.2529],[-118.3976,45.2402],[-118.3967,45.2236],[-118.4116,45.194],[-118.436,45.1764]]],[[[-118.7802,45.0864],[-118.8088,45.0975],[-118.8114,45.0958],[-118.8015,45.0917],[-118.8034,45.0892],[-118.8285,45.0988],[-118.8357,45.1181],[-118.8521,45.1051],[-118.8616,45.1099],[-118.8726,45.1061],[-118.8815,45.1117],[-118.8912,45.1132],[-118.8985,45.108],[-118.9257,45.1248],[-118.9448,45.1251],[-118.9647,45.131],[-118.9734,45.1426],[-118.992,45.1391],[-119.0042,45.1328],[-119.011,45.1333],[-119.0145,45.1397],[-118.9992,45.1433],[-118.9966,45.1513],[-119.0123,45.1651],[-119.0099,45.1677],[-118.999,45.1667],[-119.029,45.1799],[-119.0339,45.1871],[-119.0106,45.1791],[-119.008,45.1826],[-119.0367,45.1962],[-119.0091,45.1973],[-119.0076,45.2015],[-119.0119,45.2111],[-119.0028,45.2177],[-118.999,45.2297],[-119.0193,45.2294],[-119.0225,45.2322],[-119.0331,45.23],[-119.0337,45.2337],[-119.0268,45.2413],[-119.0025,45.2492],[-118.9866,45.2457],[-118.9636,45.246],[-118.9544,45.2417],[-118.9387,45.2268],[-118.9082,45.2189],[-118.8973,45.2112],[-118.8841,45.2075],[-118.8836,45.2028],[-118.8934,45.1956],[-118.9067,45.1914],[-118.9085,45.1901],[-118.9058,45.1879],[-118.8866,45.1882],[-118.8814,45.1971],[-118.8786,45.1957],[-118.879,45.1892],[-118.8742,45.1884],[-118.858,45.2001],[-118.8364,45.2007],[-118.8242,45.1967],[-118.8131,45.1831],[-118.7973,45.1751],[-118.7807,45.1785],[-118.7758,45.1637],[-118.7532,45.1375],[-118.7535,45.1258],[-118.7571,45.1205],[-118.7544,45.11],[-118.7562,45.1063],[-118.7715,45.1075],[-118.7922,45.1185],[-118.7792,45.0987],[-118.7802,45.0864]]],[[[-118.9458,45.0059],[-118.9765,45.0086],[-118.9817,45.0119],[-118.9784,45.0229],[-118.9652,45.0198],[-118.9638,45.027],[-118.9545,45.0316],[-118.9712,45.038],[-118.9731,45.044],[-118.9579,45.0558],[-118.9435,45.0536],[-118.9395,45.0478],[-118.9378,45.0308],[-118.9322,45.0282],[-118.9268,45.0336],[-118.9267,45.047],[-118.9143,45.0508],[-118.9141,45.0558],[-118.9535,45.0638],[-118.9576,45.0679],[-118.9535,45.076],[-118.9547,45.0803],[-118.9687,45.0719],[-118.9763,45.0746],[-118.9726,45.0869],[-118.9791,45.1011],[-118.9686,45.1113],[-118.9709,45.1195],[-118.9416,45.1094],[-118.9253,45.0937],[-118.9188,45.0953],[-118.9215,45.1015],[-118.9182,45.1036],[-118.8925,45.0982],[-118.8821,45.0745],[-118.9022,45.076],[-118.9078,45.0708],[-118.8849,45.0686],[-118.8781,45.062],[-118.8966,45.048],[-118.8841,45.0378],[-118.8763,45.0355],[-118.8862,45.0218],[-118.9205,45.01],[-118.9458,45.0059]]],[[[-118.0615,44.6575],[-118.0809,44.6644],[-118.1016,44.6636],[-118.123,44.6783],[-118.1573,44.6893],[-118.1884,44.7216],[-118.2051,44.7316],[-118.2109,44.74],[-118.2121,44.7495],[-118.2078,44.752],[-118.1977,44.7503],[-118.1655,44.7291],[-118.1144,44.7126],[-118.0979,44.71],[-118.0823,44.7141],[-118.0498,44.6928],[-117.9835,44.6754],[-117.9821,44.6734],[-117.9958,44.6685],[-118.0435,44.67],[-118.0506,44.6671],[-118.0557,44.6586],[-118.0615,44.6575]]],[[[-118.2901,44.6346],[-118.3041,44.6397],[-118.3163,44.6607],[-118.3949,44.663],[-118.3995,44.6662],[-118.3959,44.6717],[-118.3678,44.6777],[-118.3545,44.6878],[-118.3521,44.6943],[-118.3574,44.7073],[-118.3494,44.7269],[-118.3379,44.7266],[-118.3096,44.716],[-118.2513,44.7155],[-118.2388,44.7079],[-118.2262,44.6908],[-118.2078,44.6791],[-118.2015,44.6655],[-118.2088,44.6588],[-118.2405,44.647],[-118.2901,44.6346]]],[[[-119.1732,44.5645],[-119.1978,44.5691],[-119.2192,44.5666],[-119.2266,44.5701],[-119.2569,44.5738],[-119.2638,44.5777],[-119.2732,44.5753],[-119.2751,44.5793],[-119.2673,44.5845],[-119.2627,44.5967],[-119.2637,44.6084],[-119.2782,44.6149],[-119.2827,44.6234],[-119.285,44.6393],[-119.2976,44.6434],[-119.3111,44.6573],[-119.303,44.6601],[-119.2841,44.6523],[-119.2691,44.6521],[-119.2644,44.6566],[-119.2788,44.6642],[-119.2782,44.6671],[-119.263,44.6632],[-119.2568,44.6696],[-119.2437,44.6671],[-119.2222,44.6835],[-119.1633,44.6736],[-119.149,44.6604],[-119.1254,44.6518],[-119.1109,44.6496],[-119.0973,44.6516],[-119.0863,44.6484],[-119.0878,44.6455],[-119.0985,44.6433],[-119.0941,44.6326],[-119.0964,44.629],[-119.1144,44.6218],[-119.1353,44.6233],[-119.1228,44.6104],[-119.1279,44.6077],[-119.1259,44.6024],[-119.136,44.5982],[-119.127,44.5949],[-119.1251,44.5905],[-119.1334,44.5812],[-119.1352,44.5726],[-119.1407,44.5685],[-119.165,44.5685],[-119.1732,44.5645]]],[[[-120.2286,44.3017],[-120.2384,44.3054],[-120.2399,44.3466],[-120.2731,44.3535],[-120.2667,44.3724],[-120.282,44.3782],[-120.2809,44.3849],[-120.2557,44.4062],[-120.2294,44.4033],[-120.2207,44.3921],[-120.2099,44.3904],[-120.197,44.3943],[-120.1906,44.3825],[-120.1791,44.3864],[-120.1694,44.3965],[-120.1626,44.3964],[-120.1596,44.3949],[-120.1564,44.3812],[-120.1414,44.3714],[-120.1461,44.3581],[-120.1188,44.3554],[-120.1119,44.3502],[-120.1159,44.3449],[-120.1359,44.3332],[-120.1651,44.3302],[-120.1839,44.3243],[-120.1957,44.3131],[-120.2158,44.3131],[-120.2286,44.3017]]],[[[-118.6302,44.1276],[-118.636,44.1291],[-118.6525,44.1499],[-118.6669,44.1856],[-118.664,44.1987],[-118.6532,44.2053],[-118.6503,44.2153],[-118.6016,44.1895],[-118.596,44.1657],[-118.5964,44.1599],[-118.6035,44.1537],[-118.6041,44.1458],[-118.5882,44.1395],[-118.5836,44.1321],[-118.5866,44.13],[-118.611,44.1359],[-118.6147,44.1282],[-118.6302,44.1276]]],[[[-119.0159,44.0979],[-119.024,44.1014],[-119.0178,44.1136],[-119.0424,44.1083],[-119.0587,44.1131],[-119.0593,44.1219],[-119.0475,44.1289],[-119.0505,44.1364],[-119.1007,44.1442],[-119.1203,44.1554],[-119.1287,44.1845],[-119.122,44.1921],[-119.1135,44.1885],[-119.1069,44.1896],[-119.1075,44.1954],[-119.1151,44.205],[-119.1111,44.2156],[-119.1374,44.2131],[-119.1456,44.2216],[-119.1579,44.2251],[-119.1544,44.2297],[-119.1412,44.2336],[-119.1392,44.2375],[-119.1288,44.2393],[-119.1275,44.2442],[-119.1324,44.2492],[-119.1318,44.2532],[-119.1181,44.2548],[-119.1018,44.2422],[-119.081,44.2368],[-119.0362,44.2385],[-119.0444,44.2219],[-119.0431,44.2162],[-119.0223,44.2177],[-119.0088,44.2131],[-118.9858,44.224],[-118.9848,44.2195],[-118.9902,44.212],[-118.9858,44.197],[-118.9617,44.1982],[-118.9338,44.2108],[-118.9029,44.2015],[-118.8848,44.2044],[-118.8785,44.2008],[-118.9131,44.1749],[-118.9154,44.1662],[-118.8924,44.1596],[-118.8752,44.1635],[-118.8727,44.17],[-118.844,44.1627],[-118.8451,44.159],[-118.8658,44.1512],[-118.896,44.153],[-118.9389,44.1391],[-118.955,44.1455],[-118.9672,44.1326],[-118.9673,44.1257],[-118.982,44.12],[-118.994,44.1068],[-119.0159,44.0979]]],[[[-118.8872,43.7794],[-118.8925,43.7803],[-118.8989,43.7872],[-118.906,43.8088],[-118.9287,43.825],[-118.9362,43.8358],[-118.9378,43.8527],[-118.9483,43.8617],[-118.938,43.8949],[-118.9435,43.9121],[-118.9543,43.9164],[-118.9741,43.9161],[-119.0035,43.9085],[-119.0081,43.9101],[-119.0062,43.9165],[-118.9861,43.9234],[-118.9718,43.9349],[-118.9715,43.9472],[-118.9657,43.9522],[-118.9655,43.9561],[-118.9675,43.9661],[-118.978,43.9828],[-118.9895,43.9885],[-119.004,44.0083],[-119.0408,44.0094],[-119.045,44.0212],[-119.0417,44.0248],[-119.0201,44.0288],[-119.0213,44.0328],[-119.0389,44.0395],[-119.0407,44.0436],[-119.0359,44.0479],[-119.0115,44.0502],[-118.993,44.0619],[-118.9713,44.0607],[-118.9686,44.0644],[-118.9747,44.0725],[-118.9697,44.0761],[-118.9156,44.0752],[-118.9147,44.0786],[-118.9238,44.0847],[-118.9209,44.0884],[-118.9005,44.0871],[-118.8814,44.0701],[-118.876,44.0599],[-118.8906,44.0527],[-118.8797,44.0435],[-118.8877,44.036],[-118.8882,44.0296],[-118.8702,44.0258],[-118.8673,44.0195],[-118.868,44.0049],[-118.882,43.9762],[-118.8769,43.9515],[-118.8856,43.9476],[-118.8826,43.9313],[-118.8864,43.9284],[-118.9053,43.9274],[-118.9058,43.9191],[-118.9007,43.9129],[-118.8873,43.9095],[-118.8806,43.9113],[-118.8744,43.9192],[-118.8614,43.9162],[-118.8198,43.8632],[-118.8205,43.8577],[-118.8344,43.8471],[-118.8449,43.8473],[-118.8506,43.8546],[-118.8669,43.85],[-118.8686,43.8437],[-118.8764,43.8359],[-118.8773,43.8199],[-118.8678,43.8126],[-118.8653,43.8035],[-118.8681,43.7997],[-118.8808,43.7989],[-118.8823,43.7831],[-118.8872,43.7794]]],[[[-107.5731,43.527],[-107.58,43.5285],[-107.5849,43.5344],[-107.5787,43.5538],[-107.5826,43.5616],[-107.6057,43.5726],[-107.6318,43.5768],[-107.6569,43.6066],[-107.6751,43.615],[-107.7001,43.6136],[-107.7484,43.5935],[-107.766,43.5892],[-107.7948,43.5886],[-107.8386,43.5957],[-107.8776,43.5802],[-107.889,43.5802],[-107.8968,43.5838],[-107.9268,43.6167],[-107.9752,43.6563],[-107.9694,43.658],[-107.9346,43.6419],[-107.9188,43.6397],[-107.9096,43.6421],[-107.9067,43.6469],[-107.9177,43.6592],[-107.9781,43.6787],[-108.0033,43.6803],[-108.0622,43.6975],[-108.1173,43.6956],[-108.143,43.7054],[-108.198,43.6989],[-108.2157,43.7009],[-108.2559,43.6806],[-108.2797,43.6768],[-108.2908,43.6698],[-108.328,43.6755],[-108.345,43.6736],[-108.3591,43.6663],[-108.3892,43.6421],[-108.4049,43.6376],[-108.4278,43.6443],[-108.4488,43.6547],[-108.4472,43.6602],[-108.4267,43.6647],[-108.4399,43.6744],[-108.475,43.6827],[-108.4998,43.6981],[-108.5374,43.7047],[-108.5628,43.7194],[-108.5905,43.717],[-108.6068,43.7045],[-108.6189,43.7017],[-108.6988,43.7133],[-108.7116,43.7074],[-108.7493,43.6782],[-108.7666,43.6718],[-108.7822,43.6724],[-108.754,43.6891],[-108.7393,43.7025],[-108.7472,43.7065],[-108.7508,43.7176],[-108.748,43.7238],[-108.7539,43.7347],[-108.7503,43.7442],[-108.7704,43.7451],[-108.7912,43.7393],[-108.8259,43.7533],[-108.8279,43.7588],[-108.792,43.7741],[-108.7591,43.7701],[-108.7433,43.7806],[-108.7237,43.8],[-108.696,43.8048],[-108.6955,43.808],[-108.7004,43.8128],[-108.718,43.8189],[-108.7261,43.8267],[-108.738,43.832],[-108.7372,43.8345],[-108.687,43.8439],[-108.6875,43.8498],[-108.7056,43.8454],[-108.7139,43.8503],[-108.7103,43.8548],[-108.6902,43.8643],[-108.6891,43.8674],[-108.6944,43.8741],[-108.6922,43.8781],[-108.6827,43.8791],[-108.6668,43.8703],[-108.6507,43.8686],[-108.6284,43.8778],[-108.6253,43.8833],[-108.6335,43.8874],[-108.6624,43.8918],[-108.6823,43.8905],[-108.6846,43.8963],[-108.6828,43.9026],[-108.6635,43.9075],[-108.661,43.9116],[-108.6634,43.9199],[-108.6724,43.9264],[-108.7082,43.9377],[-108.7109,43.9414],[-108.7378,43.9285],[-108.739,43.9335],[-108.7304,43.9469],[-108.7301,43.9557],[-108.7232,43.9579],[-108.7077,43.9509],[-108.7049,43.9539],[-108.7064,43.9586],[-108.7192,43.9718],[-108.7319,43.9772],[-108.7418,43.9755],[-108.7552,43.962],[-108.761,43.9612],[-108.7674,43.9817],[-108.7806,43.9911],[-108.7721,44],[-108.7754,44.0123],[-108.7526,44.0106],[-108.7331,44.0149],[-108.7214,44.0213],[-108.7161,44.0356],[-108.7194,44.0484],[-108.7362,44.0672],[-108.7621,44.0775],[-108.7715,44.0866],[-108.7798,44.1165],[-108.7852,44.1232],[-108.8289,44.1436],[-108.8475,44.1599],[-108.8543,44.1715],[-108.8499,44.1881],[-108.8412,44.1989],[-108.8048,44.2281],[-108.8084,44.2331],[-108.8171,44.2376],[-108.8581,44.2423],[-108.8864,44.2588],[-108.9062,44.2616],[-108.9214,44.2798],[-108.9455,44.2971],[-108.9855,44.3491],[-109.0138,44.4042],[-109.0249,44.4338],[-109.0385,44.4559],[-109.039,44.4789],[-109.0348,44.4943],[-109.0616,44.5045],[-109.0715,44.504],[-109.0786,44.4988],[-109.0907,44.477],[-109.1263,44.5025],[-109.1267,44.5124],[-109.1353,44.5317],[-109.1614,44.5595],[-109.1719,44.5657],[-109.1434,44.5916],[-109.1435,44.6365],[-109.1459,44.642],[-109.1067,44.6571],[-109.1006,44.6676],[-109.1062,44.6762],[-109.1403,44.6874],[-109.1618,44.7081],[-109.1648,44.7175],[-109.1634,44.7245],[-109.1413,44.754],[-109.1436,44.7602],[-109.159,44.7673],[-109.1766,44.7703],[-109.1877,44.762],[-109.1977,44.7488],[-109.2135,44.7535],[-109.2279,44.7628],[-109.2442,44.7809],[-109.2528,44.7941],[-109.2538,44.8032],[-109.2878,44.8455],[-109.3026,44.8512],[-109.2977,44.8638],[-109.306,44.8773],[-109.3012,44.8919],[-109.3038,44.9015],[-109.2936,44.9266],[-109.3026,44.9413],[-109.2784,44.9582],[-109.2659,44.9759],[-109.2667,44.9871],[-109.2474,44.9859],[-109.2134,45.0334],[-109.1993,45.0847],[-109.2021,45.102],[-109.2107,45.1148],[-109.2104,45.1209],[-109.1801,45.1199],[-109.1517,45.1273],[-109.1048,45.0897],[-109.0552,45.0845],[-109.0168,45.125],[-109.0171,45.1324],[-109.0246,45.1372],[-109.0929,45.1504],[-109.1222,45.1643],[-109.1183,45.1698],[-109.1059,45.1703],[-109.0253,45.1475],[-109.0187,45.1518],[-109.0246,45.169],[-109.0069,45.1721],[-109.0138,45.1814],[-109.0365,45.1978],[-109.0758,45.215],[-109.0799,45.225],[-109.0618,45.2292],[-109.0595,45.2329],[-109.0855,45.2347],[-109.0925,45.2392],[-109.0907,45.2436],[-109.0754,45.2463],[-109.0572,45.2445],[-109.0051,45.2164],[-108.9862,45.2133],[-108.9774,45.2176],[-108.9713,45.2346],[-108.9417,45.274],[-108.9347,45.2769],[-108.9307,45.272],[-108.9223,45.2759],[-108.9134,45.2739],[-108.8807,45.2474],[-108.8866,45.244],[-108.9063,45.2471],[-108.9072,45.2347],[-108.9025,45.2264],[-108.9033,45.2202],[-108.8945,45.2094],[-108.8767,45.2011],[-108.8636,45.1898],[-108.8562,45.1724],[-108.84,45.155],[-108.8044,45.1373],[-108.7895,45.1236],[-108.7564,45.1076],[-108.737,45.092],[-108.6673,45.0507],[-108.6594,45.0433],[-108.5685,45.0166],[-108.5279,45.0141],[-108.5006,45.0205],[-108.4719,45.0132],[-108.4495,45.0217],[-108.4317,45.0163],[-108.4227,45.0229],[-108.4254,45.0382],[-108.4203,45.0443],[-108.4138,45.0458],[-108.3875,45.0403],[-108.3657,45.0507],[-108.3332,45.0449],[-108.3271,45.0395],[-108.3077,45.0447],[-108.2913,45.0314],[-108.2805,45.029],[-108.2695,45.0332],[-108.2434,45.0158],[-108.2326,45.0183],[-108.1957,45.0113],[-108.1556,45.0121],[-108.1443,45.0058],[-108.1398,44.9989],[-108.1579,44.9962],[-108.1725,44.9872],[-108.1817,44.9733],[-108.1851,44.9578],[-108.1706,44.9434],[-108.1176,44.9106],[-108.0759,44.8681],[-108.0726,44.8616],[-108.0742,44.8482],[-108.0541,44.8361],[-108.017,44.8019],[-107.9905,44.7828],[-107.9513,44.7788],[-107.9381,44.773],[-107.9213,44.7606],[-107.9031,44.7392],[-107.8671,44.716],[-107.8707,44.7067],[-107.8781,44.7029],[-107.8995,44.6963],[-107.9174,44.6961],[-107.9283,44.6886],[-107.9308,44.6741],[-107.9256,44.6469],[-107.8967,44.6313],[-107.8443,44.6094],[-107.8347,44.5892],[-107.8264,44.5808],[-107.8106,44.5525],[-107.7815,44.5673],[-107.7782,44.5641],[-107.78,44.5476],[-107.7349,44.5631],[-107.7307,44.5616],[-107.7299,44.5572],[-107.7342,44.5517],[-107.7537,44.543],[-107.769,44.5242],[-107.7736,44.5224],[-107.8316,44.5209],[-107.8876,44.505],[-107.9077,44.5077],[-107.9052,44.5012],[-107.8742,44.4838],[-107.8147,44.4593],[-107.785,44.4287],[-107.7238,44.3884],[-107.7116,44.3827],[-107.6835,44.3776],[-107.6274,44.3416],[-107.6041,44.3324],[-107.5624,44.3091],[-107.5449,44.2753],[-107.5449,44.2567],[-107.5542,44.2332],[-107.5825,44.2115],[-107.6191,44.1996],[-107.6424,44.1884],[-107.6584,44.1755],[-107.6613,44.1673],[-107.6479,44.1605],[-107.6277,44.1568],[-107.5994,44.1416],[-107.5936,44.1423],[-107.5882,44.1543],[-107.5806,44.1601],[-107.5602,44.1623],[-107.5499,44.1586],[-107.542,44.1505],[-107.5457,44.1383],[-107.5368,44.1372],[-107.5411,44.1254],[-107.5393,44.1187],[-107.5222,44.0992],[-107.5166,44.0966],[-107.504,44.0977],[-107.5074,44.0858],[-107.4729,44.0675],[-107.4638,44.0507],[-107.453,44.0422],[-107.4237,44.0548],[-107.3964,44.0623],[-107.3869,44.0608],[-107.3848,44.0568],[-107.3876,44.0511],[-107.413,44.0452],[-107.4216,44.039],[-107.4222,44.0352],[-107.4134,44.0302],[-107.3833,44.0274],[-107.3723,44.0225],[-107.3692,44.0124],[-107.3742,43.9913],[-107.3736,43.9711],[-107.3528,43.9568],[-107.3477,43.9496],[-107.3468,43.9426],[-107.355,43.9282],[-107.3568,43.9184],[-107.3533,43.9107],[-107.3413,43.8989],[-107.3397,43.892],[-107.3458,43.8912],[-107.3627,43.9018],[-107.3778,43.9042],[-107.3703,43.8959],[-107.3528,43.8873],[-107.3401,43.8766],[-107.3419,43.8721],[-107.3645,43.8825],[-107.3685,43.879],[-107.3549,43.86],[-107.354,43.84],[-107.3582,43.8276],[-107.3628,43.8244],[-107.3408,43.8106],[-107.3269,43.7886],[-107.3313,43.7778],[-107.3273,43.7702],[-107.3274,43.7534],[-107.3206,43.7441],[-107.3302,43.7288],[-107.3227,43.7137],[-107.3279,43.699],[-107.3393,43.6829],[-107.351,43.6726],[-107.3767,43.6702],[-107.3873,43.6638],[-107.4632,43.5883],[-107.4882,43.5833],[-107.4957,43.5766],[-107.4987,43.5651],[-107.5036,43.56],[-107.5423,43.5472],[-107.5494,43.5401],[-107.5487,43.5345],[-107.5731,43.527]]],[[[-121.2077,42.6574],[-121.2319,42.6629],[-121.2432,42.6786],[-121.2418,42.6839],[-121.2333,42.6881],[-121.1994,42.6879],[-121.1954,42.6917],[-121.194,42.7027],[-121.1825,42.7113],[-121.1752,42.7107],[-121.1634,42.6974],[-121.1517,42.6975],[-121.1448,42.7021],[-121.1315,42.7261],[-121.1361,42.7372],[-121.1471,42.7471],[-121.1258,42.7641],[-121.0889,42.7873],[-121.0604,42.7989],[-121.0505,42.8083],[-121.0401,42.8403],[-121.0517,42.8621],[-121.0429,42.8617],[-121.0208,42.8508],[-121.0113,42.8528],[-120.9978,42.8616],[-120.9825,42.8619],[-120.9601,42.8504],[-120.9601,42.8374],[-120.9686,42.8204],[-120.9621,42.79],[-120.9746,42.767],[-120.9766,42.7499],[-120.974,42.7264],[-120.9833,42.7128],[-121.0002,42.7015],[-121.0476,42.6807],[-121.0573,42.6814],[-121.0851,42.6924],[-121.1001,42.6939],[-121.1248,42.681],[-121.1562,42.6784],[-121.1736,42.6666],[-121.2077,42.6574]]],[[[-111.3762,41.7827],[-111.3801,41.784],[-111.3831,41.7933],[-111.392,41.8019],[-111.3928,41.808],[-111.3865,41.8151],[-111.3978,41.8173],[-111.3947,41.8283],[-111.4043,41.8368],[-111.4059,41.8469],[-111.4129,41.8576],[-111.4081,41.8608],[-111.3914,41.8562],[-111.381,41.8642],[-111.3706,41.8557],[-111.3636,41.8603],[-111.3629,41.8669],[-111.3643,41.8916],[-111.3718,41.8917],[-111.3783,41.8844],[-111.3914,41.8779],[-111.3929,41.8896],[-111.4009,41.892],[-111.4036,41.8963],[-111.3988,41.914],[-111.3924,41.9169],[-111.3959,41.9262],[-111.3904,41.9412],[-111.4038,41.981],[-111.4128,41.9926],[-111.4088,42.0006],[-111.4117,42.0085],[-111.4002,42.0289],[-111.3942,42.0481],[-111.3935,42.0757],[-111.3962,42.1097],[-111.4081,42.1574],[-111.4146,42.2605],[-111.4179,42.2723],[-111.45,42.3074],[-111.4486,42.3121],[-111.4437,42.3138],[-111.4235,42.3109],[-111.4093,42.3034],[-111.4039,42.3038],[-111.3992,42.3086],[-111.3916,42.3284],[-111.3573,42.3779],[-111.3538,42.3911],[-111.3572,42.4015],[-111.3593,42.4446],[-111.3528,42.4583],[-111.3403,42.4628],[-111.3182,42.4559],[-111.3088,42.4171],[-111.2841,42.395],[-111.2782,42.384],[-111.2737,42.3678],[-111.2762,42.3542],[-111.2896,42.3307],[-111.291,42.3207],[-111.2902,42.3045],[-111.2809,42.2749],[-111.2726,42.2626],[-111.2316,42.2348],[-111.2294,42.2248],[-111.2317,42.2164],[-111.2772,42.2079],[-111.2827,42.2011],[-111.2809,42.1554],[-111.2716,42.1118],[-111.2663,42.1089],[-111.2636,42.093],[-111.2552,42.0755],[-111.2414,42.0256],[-111.239,42.0041],[-111.2423,41.9945],[-111.266,41.9785],[-111.2759,41.9532],[-111.2778,41.9375],[-111.2892,41.9286],[-111.2923,41.9175],[-111.2883,41.9125],[-111.2859,41.9],[-111.2989,41.8756],[-111.2922,41.87],[-111.2911,41.8631],[-111.2944,41.8558],[-111.3057,41.8428],[-111.3255,41.8317],[-111.336,41.8198],[-111.3469,41.8158],[-111.3558,41.8055],[-111.3632,41.7884],[-111.3762,41.7827]]],[[[-122.4142,41.3679],[-122.4347,41.3753],[-122.435,41.3876],[-122.4496,41.3992],[-122.4447,41.4056],[-122.4491,41.4266],[-122.4537,41.4344],[-122.4639,41.4334],[-122.4781,41.4266],[-122.4894,41.4289],[-122.4995,41.4266],[-122.5007,41.4358],[-122.4712,41.4387],[-122.465,41.442],[-122.4774,41.4464],[-122.476,41.4592],[-122.4784,41.4615],[-122.5017,41.4674],[-122.5126,41.4851],[-122.527,41.4946],[-122.5532,41.4862],[-122.5566,41.4902],[-122.5546,41.4962],[-122.5589,41.4956],[-122.5612,41.5002],[-122.573,41.4993],[-122.587,41.5036],[-122.5869,41.5101],[-122.537,41.5115],[-122.5362,41.516],[-122.5419,41.5181],[-122.5448,41.5249],[-122.5572,41.5295],[-122.5707,41.529],[-122.5744,41.5333],[-122.5716,41.5382],[-122.5867,41.5389],[-122.6011,41.5323],[-122.6067,41.5341],[-122.6079,41.547],[-122.5826,41.5481],[-122.57,41.5535],[-122.5676,41.5603],[-122.5699,41.5644],[-122.5454,41.6064],[-122.5508,41.6164],[-122.5444,41.629],[-122.5509,41.6421],[-122.5572,41.6383],[-122.5586,41.627],[-122.5713,41.6205],[-122.5667,41.6334],[-122.5731,41.635],[-122.5754,41.6405],[-122.5882,41.6412],[-122.5924,41.6472],[-122.601,41.6477],[-122.6062,41.6529],[-122.6166,41.6549],[-122.633,41.6461],[-122.6255,41.6636],[-122.6386,41.6635],[-122.6421,41.6701],[-122.6605,41.6668],[-122.6598,41.6713],[-122.6449,41.6853],[-122.6516,41.6901],[-122.6634,41.6867],[-122.6828,41.6743],[-122.6924,41.6728],[-122.6839,41.6809],[-122.6904,41.687],[-122.6888,41.6924],[-122.6761,41.6959],[-122.6724,41.7009],[-122.6633,41.7039],[-122.6627,41.7071],[-122.7019,41.7173],[-122.7057,41.7242],[-122.6992,41.7344],[-122.6502,41.7524],[-122.6302,41.7684],[-122.6206,41.796],[-122.6306,41.8206],[-122.6317,41.8439],[-122.6243,41.8763],[-122.6146,41.8871],[-122.5952,41.8811],[-122.5806,41.8852],[-122.5513,41.8772],[-122.5483,41.8634],[-122.5282,41.8273],[-122.5218,41.7942],[-122.5077,41.7982],[-122.4902,41.8128],[-122.4764,41.8148],[-122.472,41.8218],[-122.4764,41.8336],[-122.4622,41.8531],[-122.4494,41.8541],[-122.4467,41.8577],[-122.4485,41.8633],[-122.4334,41.8636],[-122.4297,41.855],[-122.4303,41.8468],[-122.4263,41.8414],[-122.4192,41.8389],[-122.4141,41.8324],[-122.4017,41.8291],[-122.3993,41.8229],[-122.3923,41.8198],[-122.3967,41.8123],[-122.3925,41.804],[-122.3955,41.7985],[-122.4206,41.7808],[-122.4219,41.7773],[-122.4162,41.7695],[-122.4351,41.7452],[-122.4368,41.7374],[-122.4187,41.74],[-122.4039,41.7488],[-122.3958,41.7496],[-122.3926,41.7467],[-122.3936,41.7383],[-122.3896,41.7346],[-122.3717,41.7321],[-122.3584,41.7374],[-122.342,41.7339],[-122.3471,41.7241],[-122.3441,41.7208],[-122.3371,41.7202],[-122.3322,41.7117],[-122.3382,41.703],[-122.3406,41.6909],[-122.3302,41.6862],[-122.3289,41.6828],[-122.3337,41.6774],[-122.3498,41.6731],[-122.3431,41.666],[-122.3311,41.6665],[-122.3314,41.6552],[-122.3392,41.6421],[-122.3304,41.6369],[-122.3237,41.6376],[-122.3191,41.6296],[-122.3107,41.6267],[-122.3067,41.621],[-122.2445,41.603],[-122.2374,41.5972],[-122.2399,41.5913],[-122.2337,41.5866],[-122.2373,41.5787],[-122.2336,41.5725],[-122.2274,41.5726],[-122.2195,41.5675],[-122.2073,41.5733],[-122.1984,41.5865],[-122.1913,41.5848],[-122.1952,41.5722],[-122.2306,41.5405],[-122.2411,41.5364],[-122.2637,41.5367],[-122.2781,41.5271],[-122.313,41.5137],[-122.3107,41.5075],[-122.2996,41.5002],[-122.3169,41.4853],[-122.3218,41.4721],[-122.3595,41.4665],[-122.3588,41.4565],[-122.3705,41.4501],[-122.3876,41.4482],[-122.4188,41.4526],[-122.4243,41.4493],[-122.4265,41.4447],[-122.4251,41.4291],[-122.4219,41.4052],[-122.4135,41.3843],[-122.4142,41.3679]]],[[[-111.1961,41.2887],[-111.2245,41.294],[-111.2424,41.3148],[-111.2458,41.3329],[-111.2371,41.359],[-111.2454,41.3905],[-111.2454,41.4087],[-111.2546,41.4186],[-111.2473,41.4159],[-111.2437,41.419],[-111.2425,41.4544],[-111.2247,41.4718],[-111.2261,41.4773],[-111.2344,41.4846],[-111.2311,41.4964],[-111.2328,41.4995],[-111.244,41.5005],[-111.2454,41.5052],[-111.2415,41.5104],[-111.2117,41.5227],[-111.2344,41.5226],[-111.2391,41.5253],[-111.2433,41.5375],[-111.249,41.5422],[-111.2416,41.552],[-111.242,41.5584],[-111.2795,41.5602],[-111.293,41.5526],[-111.3043,41.556],[-111.3054,41.5728],[-111.2963,41.5875],[-111.3217,41.6037],[-111.3226,41.6153],[-111.3151,41.6206],[-111.2849,41.6209],[-111.2823,41.6299],[-111.2851,41.6327],[-111.275,41.642],[-111.2619,41.649],[-111.2509,41.6476],[-111.2409,41.6583],[-111.2392,41.6657],[-111.2302,41.6704],[-111.2227,41.6696],[-111.2257,41.6747],[-111.2195,41.679],[-111.2315,41.6804],[-111.2357,41.6878],[-111.2341,41.694],[-111.2246,41.6975],[-111.2212,41.7032],[-111.222,41.7128],[-111.2295,41.7273],[-111.2271,41.7353],[-111.2145,41.7488],[-111.2137,41.7533],[-111.2057,41.7522],[-111.187,41.7647],[-111.1855,41.7712],[-111.1739,41.7776],[-111.1725,41.7825],[-111.1785,41.7926],[-111.1797,41.8014],[-111.1756,41.8072],[-111.165,41.8129],[-111.1584,41.8232],[-111.1503,41.8277],[-111.1188,41.8385],[-111.1192,41.8537],[-111.1248,41.8582],[-111.1262,41.8638],[-111.1214,41.8674],[-111.103,41.8642],[-111.1048,41.871],[-111.1147,41.8766],[-111.1151,41.8805],[-111.0843,41.8888],[-111.0787,41.8979],[-111.0732,41.9237],[-111.0475,41.9143],[-111.0303,41.9206],[-111.0089,41.9704],[-110.9869,42.043],[-110.9805,42.0555],[-110.9661,42.0697],[-110.9705,42.0834],[-110.9624,42.0905],[-110.941,42.0947],[-110.9228,42.094],[-110.9107,42.101],[-110.9,42.1172],[-110.8971,42.1272],[-110.8854,42.1415],[-110.8878,42.1595],[-110.8821,42.1695],[-110.8849,42.1812],[-110.8794,42.1935],[-110.8725,42.2379],[-110.8539,42.2349],[-110.8371,42.2384],[-110.8324,42.2284],[-110.8344,42.2001],[-110.8532,42.1578],[-110.8471,42.0877],[-110.8541,42.0779],[-110.8635,42.0511],[-110.8816,42.0268],[-110.8879,42.0021],[-110.9029,41.9747],[-110.9168,41.9149],[-110.9246,41.8969],[-110.934,41.8943],[-110.9358,41.8839],[-110.9531,41.8526],[-110.9536,41.8367],[-110.9582,41.8213],[-110.9711,41.8157],[-110.9802,41.818],[-110.987,41.8069],[-110.9849,41.8063],[-110.9968,41.7707],[-111.0008,41.7661],[-111.0121,41.7616],[-111.0292,41.7602],[-111.0341,41.7552],[-111.0386,41.7444],[-111.0376,41.7102],[-111.0586,41.7131],[-111.0709,41.7225],[-111.0837,41.6969],[-111.112,41.6685],[-111.1371,41.6312],[-111.1313,41.6115],[-111.1273,41.6076],[-111.1018,41.6125],[-111.0918,41.6092],[-111.0876,41.6103],[-111.0778,41.6226],[-111.046,41.6283],[-111.0315,41.6434],[-111.0278,41.6301],[-111.0124,41.635],[-111.0051,41.6319],[-111.0129,41.6135],[-110.9883,41.5917],[-110.9789,41.5896],[-110.9566,41.5986],[-110.9499,41.5963],[-110.9762,41.5556],[-110.9795,41.5238],[-110.9926,41.5118],[-111.0021,41.51],[-111.0083,41.5035],[-111.0039,41.4609],[-111.0105,41.4445],[-111.0131,41.4253],[-111.0112,41.3751],[-111.0263,41.3742],[-111.0485,41.3595],[-111.0549,41.3588],[-111.0599,41.3642],[-111.0719,41.366],[-111.0812,41.3546],[-111.0884,41.3386],[-111.1155,41.3195],[-111.1323,41.3031],[-111.1461,41.3052],[-111.1603,41.2982],[-111.178,41.2959],[-111.1961,41.2887]]],[[[-122.8346,41.2856],[-122.841,41.2865],[-122.8452,41.2914],[-122.8494,41.3029],[-122.8454,41.3085],[-122.8587,41.3121],[-122.8552,41.3202],[-122.8496,41.3226],[-122.8599,41.3352],[-122.862,41.3432],[-122.8772,41.3531],[-122.8968,41.3802],[-122.9028,41.4014],[-122.9015,41.429],[-122.9129,41.4433],[-122.9085,41.4581],[-122.9134,41.4776],[-122.9118,41.4825],[-122.9261,41.4983],[-122.9509,41.5174],[-122.9645,41.5332],[-122.982,41.5437],[-122.9915,41.5852],[-122.9968,41.5925],[-122.9988,41.6034],[-122.9957,41.6222],[-123.001,41.6326],[-122.9973,41.6388],[-122.9605,41.6318],[-122.9546,41.6379],[-122.9288,41.6492],[-122.9085,41.6626],[-122.9018,41.6609],[-122.9025,41.6584],[-122.9157,41.6468],[-122.9159,41.6426],[-122.8995,41.6376],[-122.8878,41.6528],[-122.8856,41.6651],[-122.8793,41.656],[-122.885,41.6427],[-122.8845,41.6353],[-122.8747,41.6441],[-122.8668,41.6458],[-122.8655,41.6418],[-122.8691,41.6354],[-122.8583,41.629],[-122.8525,41.6158],[-122.8454,41.6248],[-122.849,41.6301],[-122.8386,41.6367],[-122.8363,41.6564],[-122.8313,41.6579],[-122.8303,41.6517],[-122.8241,41.6446],[-122.8238,41.6299],[-122.8434,41.6064],[-122.8332,41.5974],[-122.8323,41.5842],[-122.8174,41.5793],[-122.8025,41.5796],[-122.795,41.5813],[-122.7768,41.5937],[-122.7611,41.5924],[-122.7733,41.5837],[-122.779,41.5606],[-122.788,41.5611],[-122.7947,41.5553],[-122.8029,41.5617],[-122.818,41.5585],[-122.8204,41.554],[-122.8125,41.5425],[-122.8206,41.5405],[-122.8254,41.5317],[-122.8372,41.5333],[-122.8418,41.5285],[-122.8361,41.5241],[-122.8347,41.5118],[-122.8303,41.5087],[-122.7951,41.5158],[-122.8021,41.5105],[-122.7972,41.5055],[-122.8118,41.5013],[-122.8145,41.4949],[-122.8104,41.4899],[-122.7909,41.4861],[-122.7884,41.4827],[-122.8106,41.4819],[-122.8145,41.4685],[-122.8311,41.4616],[-122.8361,41.4506],[-122.8285,41.4451],[-122.8374,41.4252],[-122.8325,41.421],[-122.8293,41.4119],[-122.8242,41.4102],[-122.7922,41.4304],[-122.776,41.4487],[-122.7625,41.4554],[-122.7743,41.441],[-122.777,41.4312],[-122.7683,41.4253],[-122.7894,41.4203],[-122.7901,41.4159],[-122.786,41.4131],[-122.7876,41.4107],[-122.8002,41.4121],[-122.8067,41.4049],[-122.8032,41.4026],[-122.8042,41.3993],[-122.8224,41.388],[-122.8195,41.384],[-122.8124,41.3822],[-122.8159,41.3771],[-122.8114,41.3735],[-122.8198,41.3649],[-122.8156,41.3589],[-122.8181,41.3509],[-122.8011,41.3198],[-122.8005,41.3094],[-122.7886,41.3047],[-122.8042,41.2889],[-122.8346,41.2856]]],[[[-121.0148,40.2876],[-121.0188,40.288],[-121.0163,40.2913],[-121.0109,40.2905],[-121.0148,40.2876]]],[[[-120.3923,39.56],[-120.4019,39.5733],[-120.4055,39.5717],[-120.4046,39.5664],[-120.4159,39.5742],[-120.4125,39.5818],[-120.4212,39.586],[-120.4269,39.6016],[-120.4411,39.6189],[-120.4429,39.6347],[-120.4554,39.6449],[-120.4629,39.6571],[-120.4607,39.6618],[-120.4456,39.666],[-120.4455,39.676],[-120.4372,39.6829],[-120.4402,39.6905],[-120.4361,39.6939],[-120.4155,39.6922],[-120.4089,39.6991],[-120.4037,39.7156],[-120.3915,39.7268],[-120.3855,39.7391],[-120.3881,39.7532],[-120.3968,39.7621],[-120.4032,39.7797],[-120.3925,39.7838],[-120.3841,39.7932],[-120.3904,39.8007],[-120.41,39.8121],[-120.413,39.8085],[-120.4074,39.7998],[-120.4077,39.7942],[-120.4251,39.8055],[-120.4273,39.8084],[-120.4244,39.8136],[-120.4321,39.8163],[-120.4289,39.8225],[-120.4391,39.8279],[-120.4356,39.8341],[-120.4211,39.8222],[-120.3892,39.8249],[-120.3807,39.8305],[-120.376,39.8406],[-120.3836,39.8587],[-120.36,39.8595],[-120.343,39.8493],[-120.3388,39.8378],[-120.3354,39.8361],[-120.3268,39.8381],[-120.3314,39.8456],[-120.3292,39.8499],[-120.3132,39.8403],[-120.2903,39.8447],[-120.2813,39.8399],[-120.266,39.8428],[-120.2585,39.8321],[-120.2473,39.8339],[-120.2438,39.8448],[-120.2409,39.8459],[-120.2348,39.8406],[-120.2318,39.831],[-120.2206,39.8279],[-120.2168,39.8471],[-120.2129,39.847],[-120.2011,39.8357],[-120.1983,39.8224],[-120.1857,39.8168],[-120.1684,39.8216],[-120.1478,39.8331],[-120.1418,39.8308],[-120.1418,39.8254],[-120.147,39.8188],[-120.1587,39.8161],[-120.1617,39.8124],[-120.1593,39.803],[-120.1479,39.8012],[-120.1429,39.7961],[-120.1419,39.7563],[-120.1511,39.7575],[-120.1525,39.762],[-120.1595,39.7645],[-120.1617,39.7688],[-120.1692,39.7706],[-120.1594,39.7782],[-120.1593,39.7819],[-120.1741,39.7849],[-120.1945,39.7694],[-120.1782,39.744],[-120.1875,39.7405],[-120.1924,39.7349],[-120.1915,39.7278],[-120.2038,39.7169],[-120.2135,39.7202],[-120.2194,39.711],[-120.2182,39.7052],[-120.2075,39.707],[-120.2098,39.6948],[-120.1975,39.695],[-120.1873,39.6908],[-120.1877,39.6806],[-120.1792,39.6783],[-120.1761,39.6742],[-120.1839,39.6701],[-120.1899,39.6713],[-120.209,39.6618],[-120.211,39.6592],[-120.2037,39.6567],[-120.2115,39.6545],[-120.2135,39.651],[-120.2052,39.6487],[-120.1935,39.6353],[-120.173,39.625],[-120.197,39.6268],[-120.2066,39.6307],[-120.2202,39.6076],[-120.2287,39.6081],[-120.2304,39.6109],[-120.2233,39.6184],[-120.2217,39.6294],[-120.226,39.6334],[-120.2336,39.6259],[-120.2372,39.6273],[-120.2271,39.6441],[-120.2387,39.6511],[-120.2484,39.6714],[-120.2565,39.6689],[-120.265,39.671],[-120.273,39.6673],[-120.2831,39.6735],[-120.2857,39.681],[-120.2938,39.6738],[-120.2987,39.6732],[-120.3105,39.6785],[-120.3309,39.6792],[-120.3397,39.6704],[-120.3538,39.6673],[-120.3507,39.6607],[-120.3542,39.6472],[-120.3712,39.6483],[-120.3783,39.6458],[-120.3667,39.6409],[-120.3479,39.6249],[-120.3482,39.6215],[-120.3542,39.6178],[-120.3536,39.6121],[-120.3418,39.5931],[-120.3252,39.5829],[-120.3313,39.5798],[-120.3385,39.5815],[-120.337,39.5698],[-120.3435,39.5678],[-120.3527,39.5742],[-120.3656,39.5698],[-120.3805,39.5789],[-120.3883,39.575],[-120.3886,39.572],[-120.3605,39.5628],[-120.3923,39.56]]],[[[-109.7216,39.477],[-109.7332,39.4859],[-109.7393,39.509],[-109.7512,39.5327],[-109.7385,39.5463],[-109.7443,39.553],[-109.7433,39.5616],[-109.754,39.5728],[-109.7525,39.5781],[-109.7439,39.5855],[-109.7497,39.6079],[-109.7702,39.6115],[-109.7904,39.6276],[-109.8031,39.6335],[-109.817,39.6351],[-109.8552,39.6309],[-109.8972,39.6422],[-109.9193,39.6524],[-109.9296,39.6645],[-109.9314,39.6712],[-109.9151,39.6804],[-109.9398,39.6951],[-109.9357,39.6973],[-109.9361,39.7027],[-109.9281,39.7135],[-109.9416,39.735],[-109.9384,39.75],[-109.9425,39.7552],[-109.9745,39.7565],[-110,39.7643],[-110.0162,39.7606],[-110.0336,39.7699],[-110.0451,39.796],[-110.0571,39.8006],[-110.0652,39.8011],[-110.103,39.7889],[-110.1178,39.7878],[-110.1475,39.7944],[-110.1662,39.8097],[-110.2301,39.8096],[-110.2467,39.813],[-110.2686,39.8089],[-110.2813,39.814],[-110.2958,39.8137],[-110.3184,39.8197],[-110.3206,39.8278],[-110.311,39.8497],[-110.3163,39.8645],[-110.3054,39.876],[-110.258,39.8776],[-110.2422,39.8824],[-110.2369,39.8726],[-110.2198,39.8754],[-110.2127,39.8671],[-110.1944,39.8659],[-110.1866,39.8524],[-110.172,39.8642],[-110.159,39.8653],[-110.1442,39.8761],[-110.112,39.866],[-110.0741,39.8637],[-110.0661,39.8668],[-110.062,39.8918],[-110.0706,39.9007],[-110.0681,39.9119],[-110.0789,39.9316],[-110.0918,39.9373],[-110.1006,39.9471],[-110.1063,39.9695],[-110.1465,39.976],[-110.1511,39.9816],[-110.1554,40.0018],[-110.1613,40.0053],[-110.185,40.0019],[-110.2121,40.0042],[-110.2332,40.0108],[-110.2528,40.0232],[-110.2771,40.0162],[-110.2962,40.024],[-110.3315,40.0282],[-110.3516,40.0271],[-110.3608,40.0363],[-110.4056,40.0607],[-110.4401,40.0865],[-110.4501,40.0892],[-110.4712,40.0884],[-110.4847,40.0938],[-110.4883,40.0997],[-110.4824,40.1121],[-110.4836,40.1176],[-110.4951,40.1183],[-110.5135,40.1264],[-110.5588,40.1289],[-110.5655,40.1412],[-110.5873,40.1439],[-110.5912,40.1514],[-110.6041,40.1579],[-110.6042,40.1609],[-110.597,40.1654],[-110.6149,40.1857],[-110.6132,40.1959],[-110.6035,40.2053],[-110.6014,40.2135],[-110.5844,40.2206],[-110.576,40.2283],[-110.5749,40.2344],[-110.5853,40.2395],[-110.5794,40.2452],[-110.5546,40.251],[-110.5128,40.2432],[-110.472,40.258],[-110.4743,40.2638],[-110.5204,40.2684],[-110.5241,40.2703],[-110.5221,40.2723],[-110.4887,40.2735],[-110.4717,40.2872],[-110.4425,40.2811],[-110.4019,40.2778],[-110.3405,40.2577],[-110.3232,40.2602],[-110.3107,40.2565],[-110.295,40.2584],[-110.2748,40.2523],[-110.2593,40.2622],[-110.2449,40.2803],[-110.2622,40.2887],[-110.2811,40.3039],[-110.3056,40.3131],[-110.319,40.3267],[-110.3428,40.3365],[-110.3477,40.3362],[-110.347,40.3283],[-110.3521,40.3252],[-110.3917,40.3232],[-110.4284,40.3246],[-110.4453,40.3362],[-110.4607,40.3384],[-110.4662,40.3444],[-110.4701,40.356],[-110.4661,40.3649],[-110.4674,40.3721],[-110.4408,40.3887],[-110.4519,40.395],[-110.4611,40.4078],[-110.4599,40.4132],[-110.4551,40.4141],[-110.4329,40.4058],[-110.4237,40.398],[-110.4153,40.3958],[-110.3967,40.4048],[-110.4044,40.4109],[-110.4042,40.4157],[-110.3882,40.4177],[-110.3684,40.4099],[-110.3607,40.3974],[-110.3491,40.3925],[-110.3404,40.3991],[-110.3458,40.4254],[-110.3351,40.4329],[-110.2923,40.4312],[-110.2753,40.4206],[-110.2576,40.4251],[-110.2327,40.4186],[-110.2178,40.4241],[-110.2076,40.4392],[-110.193,40.4388],[-110.1786,40.4443],[-110.173,40.4415],[-110.172,40.4362],[-110.186,40.418],[-110.1856,40.4121],[-110.174,40.406],[-110.1565,40.4136],[-110.146,40.4008],[-110.1368,40.3992],[-110.1315,40.4025],[-110.1242,40.4149],[-110.1173,40.4155],[-110.1251,40.4267],[-110.1234,40.4315],[-110.1055,40.4323],[-110.0973,40.4281],[-110.0851,40.4324],[-110.0736,40.4274],[-110.0637,40.429],[-110.062,40.4321],[-110.0675,40.4387],[-110.0675,40.4447],[-110.0594,40.4637],[-110.0511,40.4685],[-110.0237,40.4715],[-110.0102,40.4542],[-109.9916,40.4432],[-109.9541,40.4532],[-109.953,40.46],[-109.9728,40.4785],[-109.9769,40.4887],[-109.9757,40.4987],[-109.9668,40.5125],[-109.9644,40.5254],[-109.9523,40.5169],[-109.9582,40.5059],[-109.9676,40.4997],[-109.9653,40.4867],[-109.9495,40.4727],[-109.9293,40.4632],[-109.9212,40.4618],[-109.9082,40.4651],[-109.9056,40.4707],[-109.9077,40.4884],[-109.9056,40.4943],[-109.9166,40.5377],[-109.9159,40.5487],[-109.9003,40.5524],[-109.8707,40.5716],[-109.8634,40.5733],[-109.8478,40.5661],[-109.8266,40.5655],[-109.8087,40.5584],[-109.7903,40.5572],[-109.772,40.5497],[-109.751,40.5664],[-109.7344,40.5565],[-109.7288,40.5694],[-109.717,40.5742],[-109.688,40.5676],[-109.644,40.5729],[-109.6252,40.5673],[-109.6013,40.5549],[-109.5856,40.5531],[-109.5802,40.5581],[-109.562,40.5925],[-109.5518,40.5991],[-109.5382,40.6006],[-109.4779,40.5936],[-109.4662,40.5952],[-109.4548,40.6027],[-109.4444,40.6033],[-109.4305,40.6092],[-109.395,40.6086],[-109.4006,40.6234],[-109.3994,40.6382],[-109.4024,40.6523],[-109.3969,40.6608],[-109.3831,40.6703],[-109.3745,40.6607],[-109.345,40.6485],[-109.3143,40.6239],[-109.3108,40.6178],[-109.3103,40.604],[-109.2998,40.6006],[-109.29,40.5899],[-109.2828,40.589],[-109.2744,40.5932],[-109.2536,40.5919],[-109.2367,40.6028],[-109.1917,40.6137],[-109.158,40.5981],[-109.141,40.6062],[-109.1248,40.6045],[-109.1059,40.5927],[-109.0811,40.5868],[-109.0755,40.5714],[-109.0627,40.5635],[-109.0682,40.553],[-109.082,40.546],[-109.0954,40.532],[-109.1114,40.5219],[-109.1204,40.5097],[-109.1301,40.5048],[-109.1546,40.5016],[-109.1757,40.4927],[-109.206,40.496],[-109.2574,40.4951],[-109.3028,40.4894],[-109.3132,40.4855],[-109.3136,40.4816],[-109.3012,40.4715],[-109.2988,40.459],[-109.2928,40.4514],[-109.266,40.4437],[-109.2377,40.4419],[-109.2324,40.4373],[-109.2258,40.4213],[-109.2293,40.4096],[-109.2615,40.3917],[-109.2741,40.3747],[-109.276,40.3624],[-109.2719,40.34],[-109.2592,40.3282],[-109.2444,40.3271],[-109.1946,40.3362],[-109.1643,40.337],[-109.1434,40.3459],[-109.1268,40.3435],[-109.1097,40.3474],[-109.0967,40.3445],[-109.0777,40.3486],[-109.071,40.3441],[-109.0685,40.3346],[-109.0567,40.3206],[-109.0474,40.3169],[-109.0436,40.3086],[-109.022,40.3107],[-109.0059,40.3067],[-109.0075,40.3013],[-109.0235,40.2956],[-109.0371,40.2956],[-109.0395,40.2907],[-109.033,40.2687],[-109.0084,40.25],[-108.9896,40.2465],[-108.9405,40.2485],[-108.9004,40.2462],[-108.8467,40.2642],[-108.8171,40.2694],[-108.7892,40.2653],[-108.7601,40.251],[-108.744,40.254],[-108.7344,40.2603],[-108.7296,40.2842],[-108.7124,40.2827],[-108.7069,40.2726],[-108.6724,40.2774],[-108.6666,40.2881],[-108.6745,40.3049],[-108.6748,40.31],[-108.6711,40.314],[-108.6555,40.3106],[-108.6478,40.3038],[-108.6428,40.2937],[-108.6448,40.2853],[-108.6625,40.2714],[-108.6607,40.2644],[-108.6531,40.2712],[-108.6311,40.2701],[-108.616,40.2744],[-108.6102,40.2815],[-108.6059,40.297],[-108.6089,40.3133],[-108.6215,40.3326],[-108.6421,40.3491],[-108.6271,40.3531],[-108.6249,40.362],[-108.6185,40.3668],[-108.6056,40.3688],[-108.5858,40.3631],[-108.575,40.3682],[-108.5761,40.3865],[-108.5858,40.4068],[-108.5992,40.4198],[-108.5982,40.4253],[-108.5871,40.4268],[-108.5717,40.4114],[-108.5612,40.4094],[-108.5572,40.4167],[-108.5648,40.4315],[-108.5506,40.4471],[-108.5495,40.458],[-108.5112,40.4562],[-108.4849,40.4619],[-108.4797,40.47],[-108.4796,40.4886],[-108.4671,40.4942],[-108.4468,40.5203],[-108.4474,40.542],[-108.4661,40.5756],[-108.4711,40.5791],[-108.4795,40.5777],[-108.5094,40.5559],[-108.534,40.5564],[-108.5452,40.5491],[-108.5859,40.5415],[-108.6066,40.559],[-108.6249,40.5575],[-108.6801,40.566],[-108.6754,40.576],[-108.6771,40.5817],[-108.7023,40.5787],[-108.7229,40.5859],[-108.7455,40.5992],[-108.7715,40.601],[-108.7901,40.6128],[-108.8002,40.6099],[-108.8115,40.6114],[-108.8272,40.6317],[-108.8653,40.6583],[-108.8573,40.6665],[-108.8705,40.6745],[-108.8671,40.6839],[-108.8726,40.6952],[-108.8868,40.7067],[-108.9006,40.7096],[-108.9095,40.7523],[-108.9228,40.7751],[-108.9358,40.7744],[-108.9454,40.7775],[-108.9503,40.7842],[-108.9599,40.779],[-108.9668,40.789],[-108.9752,40.7878],[-108.9842,40.7805],[-108.9906,40.7815],[-108.9966,40.79],[-109.0089,40.788],[-109.0091,40.8127],[-109.0347,40.8238],[-109.0504,40.8344],[-109.0716,40.832],[-109.0807,40.8451],[-109.1232,40.838],[-109.1456,40.8573],[-109.1685,40.8572],[-109.1913,40.8774],[-109.2423,40.8947],[-109.237,40.9126],[-109.2272,40.9222],[-109.1822,40.9215],[-109.1514,40.9269],[-109.1281,40.9109],[-109.0633,40.9047],[-109.0351,40.8814],[-108.978,40.873],[-108.918,40.8481],[-108.8558,40.8012],[-108.8441,40.772],[-108.8128,40.7601],[-108.7877,40.767],[-108.7788,40.7748],[-108.7787,40.7833],[-108.7646,40.7881],[-108.7478,40.7878],[-108.7299,40.7739],[-108.723,40.7751],[-108.7183,40.7815],[-108.7081,40.7834],[-108.7031,40.7898],[-108.7096,40.8129],[-108.7154,40.8207],[-108.7375,40.8333],[-108.7436,40.8427],[-108.754,40.843],[-108.7594,40.8477],[-108.7734,40.8756],[-108.7744,40.8938],[-108.7829,40.9039],[-108.7944,40.9072],[-108.8015,40.903],[-108.8098,40.9032],[-108.8551,40.9145],[-108.8553,40.9192],[-108.8403,40.9374],[-108.8416,40.9538],[-108.8479,40.9638],[-108.8696,40.9775],[-108.8906,40.9762],[-108.8925,40.9875],[-108.9144,40.984],[-108.9224,40.9953],[-108.9414,40.9988],[-108.944,41.0138],[-108.9372,41.0237],[-108.9242,41.0264],[-108.886,41.0209],[-108.8728,41.0254],[-108.8706,41.0413],[-108.8825,41.0588],[-108.9097,41.0761],[-108.9366,41.0859],[-109.0191,41.0964],[-109.0496,41.1041],[-109.0682,41.1873],[-109.0642,41.1883],[-109.0597,41.1957],[-109.0569,41.2102],[-109.0633,41.2171],[-109.0764,41.217],[-109.0843,41.2209],[-109.0869,41.2251],[-109.0852,41.2352],[-109.0928,41.2563],[-109.1077,41.2712],[-109.0772,41.3139],[-109.0866,41.3182],[-109.0957,41.307],[-109.1032,41.3059],[-109.1124,41.3195],[-109.103,41.3357],[-109.1188,41.3348],[-109.1225,41.3427],[-109.1204,41.3573],[-109.1285,41.3622],[-109.1317,41.3701],[-109.1427,41.3718],[-109.1098,41.3915],[-109.1058,41.3902],[-109.103,41.383],[-109.0961,41.385],[-109.0926,41.3916],[-109.0838,41.3869],[-109.0771,41.3881],[-109.0744,41.3935],[-109.0849,41.4028],[-109.0807,41.4066],[-109.064,41.402],[-109.0645,41.3817],[-109.0543,41.3683],[-109.022,41.3844],[-109.0144,41.4126],[-109.0141,41.4281],[-109.0182,41.4348],[-109.0429,41.4514],[-109.0491,41.4686],[-109.0553,41.4733],[-109.069,41.4762],[-109.0797,41.4748],[-109.0959,41.4694],[-109.1287,41.4504],[-109.1562,41.4506],[-109.1756,41.4398],[-109.1771,41.4364],[-109.1703,41.4269],[-109.1848,41.4256],[-109.185,41.4176],[-109.1903,41.414],[-109.1897,41.4105],[-109.1674,41.4124],[-109.1591,41.4012],[-109.1489,41.4144],[-109.1414,41.4168],[-109.1392,41.4143],[-109.1463,41.3971],[-109.1632,41.392],[-109.1635,41.3898],[-109.1535,41.389],[-109.1695,41.3745],[-109.1733,41.3759],[-109.1701,41.3848],[-109.1726,41.3871],[-109.1818,41.3836],[-109.1857,41.3863],[-109.1807,41.3945],[-109.1893,41.406],[-109.1968,41.4091],[-109.208,41.4049],[-109.2038,41.3887],[-109.2034,41.367],[-109.1951,41.3609],[-109.1724,41.3631],[-109.1688,41.3588],[-109.1811,41.3529],[-109.1818,41.3441],[-109.2031,41.3526],[-109.2101,41.3467],[-109.1857,41.3271],[-109.1546,41.3296],[-109.154,41.3246],[-109.1612,41.3174],[-109.1766,41.3195],[-109.1853,41.313],[-109.2075,41.3103],[-109.2242,41.3151],[-109.2283,41.3211],[-109.2443,41.3266],[-109.2535,41.3369],[-109.264,41.3368],[-109.2657,41.3615],[-109.2814,41.3709],[-109.2869,41.3683],[-109.28,41.3544],[-109.2858,41.3474],[-109.2773,41.3387],[-109.2709,41.326],[-109.2615,41.3189],[-109.2843,41.308],[-109.3019,41.3218],[-109.3048,41.3204],[-109.3022,41.3102],[-109.3055,41.3087],[-109.3126,41.3173],[-109.3327,41.3138],[-109.3342,41.3207],[-109.3508,41.3144],[-109.3593,41.3209],[-109.3692,41.314],[-109.3868,41.3187],[-109.3841,41.3278],[-109.3931,41.3362],[-109.3983,41.3362],[-109.4024,41.3297],[-109.4234,41.3332],[-109.4248,41.3297],[-109.4199,41.3252],[-109.3997,41.3161],[-109.4051,41.3082],[-109.4013,41.3038],[-109.3865,41.307],[-109.3521,41.3049],[-109.3391,41.295],[-109.3487,41.2722],[-109.3551,41.271],[-109.3667,41.2591],[-109.3825,41.2522],[-109.3787,41.2488],[-109.3605,41.2487],[-109.3557,41.2447],[-109.3537,41.2392],[-109.3615,41.232],[-109.3611,41.2262],[-109.3403,41.2164],[-109.3387,41.1924],[-109.3222,41.1677],[-109.3247,41.1625],[-109.3389,41.1666],[-109.3552,41.1811],[-109.373,41.1904],[-109.3805,41.187],[-109.3829,41.1814],[-109.379,41.1703],[-109.3737,41.1654],[-109.3433,41.1589],[-109.3369,41.1548],[-109.3449,41.1074],[-109.3124,41.0503],[-109.3122,41.0413],[-109.3199,41.0287],[-109.3463,41.0102],[-109.3416,41.0057],[-109.3309,41.0029],[-109.2762,41.0089],[-109.2626,41.0044],[-109.2722,40.9949],[-109.3622,40.9649],[-109.4132,40.9711],[-109.4503,40.9579],[-109.5103,40.9555],[-109.5582,40.94],[-109.5913,40.955],[-109.6273,40.9764],[-109.6757,40.9567],[-109.7285,40.9292],[-109.753,40.9397],[-109.7696,40.9399],[-109.7855,40.9621],[-109.8244,40.9662],[-109.8256,40.9546],[-109.807,40.9457],[-109.8366,40.9458],[-109.8814,40.9332],[-109.865,40.9533],[-109.8614,40.9862],[-109.9306,40.9934],[-109.9772,40.9778],[-109.9794,40.9668],[-109.9881,40.9744],[-110.0682,40.939],[-110.0177,41],[-110.0168,41.0084],[-110.0405,41.0274],[-110.0613,41.0352],[-110.0681,41.0436],[-110.063,41.0509],[-110.0728,41.0624],[-110.0445,41.0644],[-109.9917,41.076],[-109.9399,41.0933],[-109.9179,41.1075],[-109.905,41.1293],[-109.9055,41.1676],[-109.9018,41.1758],[-109.8945,41.1819],[-109.8838,41.2143],[-109.8948,41.2404],[-109.9028,41.2469],[-109.9131,41.2442],[-109.9736,41.1964],[-110.0357,41.1351],[-110.0514,41.1255],[-110.0711,41.1201],[-110.0795,41.1289],[-110.0614,41.1594],[-110.0575,41.1811],[-110.06,41.1865],[-110.0712,41.1871],[-110.1136,41.1748],[-110.1172,41.1829],[-110.1091,41.201],[-110.1143,41.2022],[-110.1321,41.1956],[-110.1518,41.1788],[-110.1748,41.1703],[-110.1781,41.1639],[-110.1835,41.1635],[-110.2344,41.1323],[-110.2368,41.1322],[-110.2328,41.1428],[-110.2605,41.1322],[-110.2738,41.1242],[-110.2823,41.1133],[-110.2978,41.1062],[-110.3021,41.0977],[-110.3021,41.0885],[-110.3107,41.0889],[-110.324,41.0781],[-110.3324,41.0761],[-110.3375,41.0887],[-110.3483,41.0956],[-110.3536,41.0949],[-110.3567,41.09],[-110.3467,41.0782],[-110.3561,41.068],[-110.36,41.0476],[-110.3653,41.0432],[-110.3716,41.0534],[-110.3766,41.055],[-110.383,41.0676],[-110.4249,41.1021],[-110.4285,41.1133],[-110.4432,41.1116],[-110.4709,41.0597],[-110.4899,41.052],[-110.5012,41.0554],[-110.5075,41.0621],[-110.5138,41.0868],[-110.531,41.1091],[-110.5462,41.1106],[-110.5729,41.0701],[-110.5754,41.0814],[-110.5905,41.0914],[-110.5951,41.098],[-110.5914,41.1405],[-110.583,41.1681],[-110.5604,41.1859],[-110.5535,41.2049],[-110.5554,41.2131],[-110.5755,41.2436],[-110.5757,41.2826],[-110.5634,41.3128],[-110.5449,41.3355],[-110.5009,41.3737],[-110.4887,41.3921],[-110.4921,41.3977],[-110.5266,41.4071],[-110.5572,41.4019],[-110.5794,41.3881],[-110.5779,41.3922],[-110.5926,41.3918],[-110.62,41.3661],[-110.6264,41.3532],[-110.6455,41.3406],[-110.6671,41.3328],[-110.7006,41.3305],[-110.707,41.3221],[-110.7101,41.3022],[-110.715,41.2954],[-110.7319,41.2973],[-110.7427,41.2902],[-110.7491,41.2908],[-110.748,41.3069],[-110.7267,41.341],[-110.7175,41.3768],[-110.7188,41.4022],[-110.7081,41.4602],[-110.7138,41.5097],[-110.6846,41.5592],[-110.6742,41.587],[-110.6765,41.5964],[-110.664,41.6163],[-110.6672,41.6282],[-110.664,41.639],[-110.6645,41.6524],[-110.6464,41.6746],[-110.6441,41.6824],[-110.6381,41.7281],[-110.643,41.7431],[-110.6393,41.784],[-110.6252,41.8008],[-110.6243,41.8111],[-110.6071,41.8382],[-110.6116,41.8482],[-110.6123,41.8617],[-110.6298,41.8902],[-110.6225,41.9044],[-110.6136,41.9105],[-110.6159,41.9155],[-110.615,41.9344],[-110.5903,41.9774],[-110.5902,41.9882],[-110.5855,42],[-110.5916,42.0183],[-110.5897,42.0467],[-110.5558,42.0302],[-110.5532,42.0343],[-110.5317,42.0186],[-110.5035,42.0062],[-110.4866,42.0056],[-110.443,42.0143],[-110.4341,42.0226],[-110.4393,42.052],[-110.4311,42.0627],[-110.4286,42.077],[-110.4168,42.0883],[-110.4199,42.0958],[-110.4288,42.1012],[-110.424,42.1038],[-110.3875,42.1053],[-110.3844,42.114],[-110.3858,42.1307],[-110.4076,42.1436],[-110.4333,42.1706],[-110.4241,42.1839],[-110.4188,42.1992],[-110.4214,42.2389],[-110.4167,42.2628],[-110.4183,42.2739],[-110.4121,42.294],[-110.3997,42.3039],[-110.3727,42.3073],[-110.3645,42.3412],[-110.3876,42.4093],[-110.4229,42.4716],[-110.425,42.5062],[-110.4208,42.5235],[-110.4492,42.5981],[-110.4522,42.6318],[-110.4514,42.6407],[-110.4265,42.6978],[-110.4275,42.7351],[-110.439,42.7644],[-110.4605,42.7837],[-110.4659,42.7962],[-110.4254,42.8704],[-110.4125,42.8998],[-110.3898,42.9267],[-110.3672,42.9349],[-110.3633,42.9395],[-110.3654,42.9439],[-110.3894,42.9566],[-110.3931,42.9619],[-110.3924,42.9853],[-110.3828,42.9953],[-110.3816,43.0074],[-110.3873,43.0117],[-110.4031,43.0149],[-110.4093,43.0206],[-110.3846,43.0422],[-110.3755,43.0586],[-110.3465,43.0704],[-110.3224,43.0706],[-110.2593,43.0651],[-110.2312,43.0561],[-110.2017,43.0563],[-110.1815,43.0497],[-110.165,43.0599],[-110.1647,43.0628],[-110.167,43.0715],[-110.178,43.0846],[-110.1802,43.1117],[-110.1537,43.1282],[-110.1443,43.129],[-110.1436,43.125],[-110.1598,43.1043],[-110.162,43.0889],[-110.1525,43.0659],[-110.1363,43.0452],[-110.1136,43.0329],[-110.0976,43.0453],[-110.0919,43.045],[-110.0632,43.024],[-110.0474,43.0179],[-110.0314,43.0057],[-110.0246,42.9966],[-110.0007,42.993],[-109.9957,42.9892],[-109.993,42.9938],[-109.9838,42.9956],[-109.9476,42.9741],[-109.9377,42.9751],[-109.935,42.9783],[-109.9429,42.9886],[-109.9427,42.9931],[-109.9347,42.9956],[-109.9276,42.9931],[-109.9065,42.9696],[-109.9132,42.9513],[-109.9145,42.9261],[-109.9054,42.9076],[-109.8917,42.8915],[-109.8828,42.8855],[-109.8552,42.8808],[-109.8513,42.8756],[-109.8505,42.8623],[-109.8063,42.8347],[-109.7992,42.838],[-109.7947,42.8469],[-109.7895,42.8762],[-109.7785,42.8897],[-109.7705,42.89],[-109.7637,42.8642],[-109.7509,42.8596],[-109.7299,42.8584],[-109.7246,42.8542],[-109.7243,42.8493],[-109.7293,42.8448],[-109.7628,42.8334],[-109.7732,42.8268],[-109.7762,42.8207],[-109.7742,42.8136],[-109.7604,42.8037],[-109.7447,42.7851],[-109.7347,42.7834],[-109.7254,42.7959],[-109.7111,42.8032],[-109.6944,42.8028],[-109.6681,42.7964],[-109.6546,42.8019],[-109.6484,42.7941],[-109.6441,42.7734],[-109.6377,42.7663],[-109.6267,42.7607],[-109.6145,42.7606],[-109.601,42.7537],[-109.5865,42.7532],[-109.5761,42.7455],[-109.5597,42.7242],[-109.5302,42.7181],[-109.4986,42.7036],[-109.4839,42.6892],[-109.4823,42.6811],[-109.4888,42.6673],[-109.4895,42.6574],[-109.484,42.6458],[-109.4722,42.6344],[-109.4723,42.6208],[-109.4661,42.6093],[-109.4401,42.5921],[-109.4297,42.5892],[-109.4147,42.5899],[-109.39,42.5994],[-109.379,42.5973],[-109.3686,42.5832],[-109.3552,42.5776],[-109.3442,42.5597],[-109.3394,42.5444],[-109.3098,42.5063],[-109.2925,42.4934],[-109.243,42.4717],[-109.205,42.463],[-109.1619,42.4395],[-109.137,42.4395],[-109.0988,42.4324],[-109.0684,42.4154],[-109.034,42.4052],[-109.0053,42.3817],[-108.989,42.3792],[-108.9965,42.4152],[-108.9914,42.4195],[-108.9674,42.4097],[-108.9525,42.3985],[-108.9365,42.3949],[-108.9233,42.3861],[-108.9199,42.3885],[-108.9213,42.4097],[-108.913,42.4248],[-108.9069,42.4455],[-108.8904,42.441],[-108.876,42.4445],[-108.8719,42.4389],[-108.863,42.4419],[-108.8526,42.4369],[-108.8281,42.4384],[-108.8252,42.4526],[-108.8119,42.4647],[-108.8066,42.4831],[-108.7836,42.4758],[-108.7468,42.4868],[-108.7228,42.4837],[-108.6988,42.4851],[-108.672,42.4739],[-108.6573,42.4599],[-108.6405,42.4519],[-108.6274,42.4508],[-108.6199,42.4424],[-108.6074,42.4403],[-108.5786,42.4427],[-108.5689,42.4393],[-108.549,42.4523],[-108.5388,42.4517],[-108.5259,42.446],[-108.5122,42.4584],[-108.5008,42.4614],[-108.4953,42.4693],[-108.4535,42.4883],[-108.4422,42.4907],[-108.4417,42.4983],[-108.4528,42.503],[-108.4529,42.5116],[-108.4648,42.5232],[-108.4611,42.5403],[-108.4631,42.5426],[-108.48,42.5308],[-108.4938,42.5356],[-108.5244,42.5267],[-108.5534,42.5278],[-108.5534,42.5331],[-108.5576,42.5349],[-108.5564,42.5401],[-108.5608,42.5426],[-108.5518,42.5524],[-108.5632,42.5708],[-108.5604,42.5819],[-108.5693,42.5868],[-108.5789,42.6008],[-108.6028,42.6017],[-108.6043,42.6116],[-108.5999,42.6234],[-108.6131,42.6351],[-108.6469,42.6795],[-108.651,42.6954],[-108.6497,42.7033],[-108.6559,42.7026],[-108.654,42.7083],[-108.7117,42.7384],[-108.7305,42.7541],[-108.738,42.7654],[-108.7492,42.7634],[-108.7568,42.7912],[-108.7705,42.7761],[-108.777,42.7735],[-108.7787,42.7783],[-108.7652,42.7957],[-108.7702,42.8041],[-108.7939,42.8246],[-108.8015,42.8381],[-108.8311,42.8634],[-108.8467,42.8823],[-108.8528,42.8821],[-108.8619,42.8743],[-108.8615,42.8823],[-108.8705,42.8872],[-108.8719,42.8944],[-108.8692,42.9002],[-108.8534,42.9121],[-108.8536,42.9186],[-108.8777,42.9367],[-108.907,42.941],[-108.9363,42.9546],[-108.9553,42.9501],[-108.9702,42.9516],[-108.9735,42.9486],[-108.9726,42.9438],[-108.9179,42.8995],[-108.8961,42.8705],[-108.934,42.8748],[-108.9512,42.8819],[-108.9787,42.9064],[-109.0344,42.9688],[-109.0424,42.9842],[-109.047,43.0022],[-109.04,43.0382],[-109.047,43.0544],[-109.0959,43.0981],[-109.1881,43.1663],[-109.2092,43.186],[-109.2268,43.2088],[-109.2455,43.2554],[-109.2738,43.2905],[-109.3217,43.3347],[-109.3548,43.36],[-109.3613,43.3604],[-109.3787,43.3506],[-109.4087,43.346],[-109.4158,43.3518],[-109.4059,43.3567],[-109.3802,43.3601],[-109.3716,43.3694],[-109.3781,43.4005],[-109.3842,43.4035],[-109.4158,43.402],[-109.4223,43.4049],[-109.4181,43.4139],[-109.436,43.4204],[-109.4478,43.4466],[-109.4423,43.4529],[-109.4364,43.4536],[-109.4293,43.439],[-109.4216,43.4369],[-109.4064,43.4598],[-109.3879,43.4803],[-109.3882,43.49],[-109.4079,43.5015],[-109.413,43.5141],[-109.4253,43.5282],[-109.4283,43.5391],[-109.424,43.5522],[-109.3989,43.5756],[-109.382,43.5841],[-109.3697,43.582],[-109.3678,43.5699],[-109.3743,43.5526],[-109.3726,43.5366],[-109.379,43.5219],[-109.376,43.517],[-109.348,43.5026],[-109.3399,43.4895],[-109.2876,43.4881],[-109.1802,43.4609],[-109.1555,43.4611],[-109.0987,43.4684],[-109.033,43.4675],[-109.0115,43.47],[-108.9331,43.4565],[-108.9271,43.4582],[-108.9223,43.4649],[-108.9132,43.4922],[-108.8944,43.5021],[-108.8596,43.5074],[-108.8362,43.5069],[-108.7792,43.5181],[-108.7655,43.5176],[-108.6906,43.5038],[-108.5885,43.4713],[-108.5495,43.4404],[-108.4983,43.4548],[-108.4353,43.4601],[-108.3309,43.4379],[-108.2339,43.4327],[-108.2313,43.4263],[-108.2228,43.4244],[-108.2152,43.4174],[-108.191,43.4172],[-108.1911,43.4056],[-108.1847,43.4022],[-108.1808,43.402],[-108.1846,43.4062],[-108.1799,43.4105],[-108.1837,43.4166],[-108.1794,43.417],[-108.1757,43.4123],[-108.1752,43.4031],[-108.1535,43.3847],[-108.145,43.3879],[-108.091,43.3834],[-108.0728,43.3846],[-108.0381,43.3759],[-107.998,43.3837],[-107.9536,43.381],[-107.9127,43.3897],[-107.8914,43.3869],[-107.8621,43.377],[-107.8415,43.3852],[-107.8076,43.383],[-107.7743,43.3851],[-107.76,43.3954],[-107.7371,43.3769],[-107.7278,43.3751],[-107.702,43.3899],[-107.6954,43.4064],[-107.6778,43.4215],[-107.6751,43.4344],[-107.6633,43.4423],[-107.6571,43.442],[-107.6538,43.4352],[-107.6385,43.4316],[-107.6278,43.4393],[-107.6201,43.4392],[-107.6096,43.4308],[-107.5546,43.4421],[-107.5263,43.4306],[-107.5302,43.4235],[-107.5249,43.4159],[-107.503,43.4214],[-107.4962,43.4186],[-107.4886,43.4101],[-107.4932,43.4022],[-107.4926,43.3746],[-107.4963,43.3724],[-107.4951,43.37],[-107.4576,43.3642],[-107.4505,43.3494],[-107.4362,43.3434],[-107.4308,43.3373],[-107.4267,43.3182],[-107.4184,43.305],[-107.4192,43.3006],[-107.4246,43.2976],[-107.4534,43.3254],[-107.4738,43.3396],[-107.4901,43.3434],[-107.5074,43.3394],[-107.505,43.3313],[-107.4918,43.316],[-107.4596,43.2852],[-107.4468,43.2774],[-107.4142,43.2673],[-107.365,43.2756],[-107.3267,43.2608],[-107.2868,43.2545],[-107.2669,43.2457],[-107.2477,43.2449],[-107.2219,43.2315],[-107.2083,43.2059],[-107.1371,43.195],[-107.1186,43.1859],[-107.1112,43.1741],[-107.0811,43.159],[-107.053,43.1533],[-107.0496,43.15],[-107.0519,43.1482],[-107.1035,43.1468],[-107.0981,43.1396],[-107.0782,43.1427],[-107.0688,43.1371],[-107.0865,43.1342],[-107.0792,43.1299],[-107.0895,43.1261],[-107.0887,43.1226],[-107.0635,43.1282],[-107.0134,43.1255],[-107.0111,43.1206],[-107.0283,43.1143],[-107.0232,43.1082],[-106.9988,43.1072],[-106.9843,43.1006],[-106.9326,43.1002],[-106.9364,43.0912],[-106.9417,43.0886],[-106.9726,43.0966],[-106.9782,43.0952],[-106.9787,43.0911],[-106.96,43.0842],[-106.9853,43.0793],[-106.9849,43.0754],[-106.9641,43.0715],[-106.9821,43.0574],[-106.9802,43.0454],[-106.9854,43.0339],[-106.9552,43.0373],[-106.933,43.0298],[-106.8734,43.0386],[-106.8558,43.0326],[-106.8732,43.0239],[-106.913,43.0186],[-106.9365,43.0069],[-106.9406,43],[-106.9503,42.9963],[-106.9605,42.9879],[-106.9602,42.9822],[-106.9511,42.9839],[-106.9116,43.0106],[-106.9016,43.0134],[-106.8478,43.0114],[-106.8292,43.0054],[-106.8165,42.9943],[-106.8142,42.9854],[-106.8467,43.0024],[-106.8722,43.0063],[-106.8907,43.0009],[-106.906,42.9909],[-106.9161,42.9782],[-106.9114,42.9511],[-106.8911,42.9283],[-106.8354,42.9005],[-106.8236,42.8853],[-106.7969,42.8642],[-106.7479,42.8358],[-106.7904,42.8391],[-106.8186,42.8367],[-106.8172,42.8229],[-106.8121,42.8178],[-106.8136,42.8103],[-106.7477,42.7817],[-106.7125,42.7558],[-106.7054,42.7373],[-106.673,42.7143],[-106.66,42.6821],[-106.6668,42.6756],[-106.6703,42.6647],[-106.6859,42.6589],[-106.7046,42.6614],[-106.7593,42.6442],[-106.7652,42.6308],[-106.7823,42.6131],[-106.7844,42.5991],[-106.7942,42.5882],[-106.7974,42.5733],[-106.825,42.5572],[-106.83,42.5439],[-106.8076,42.531],[-106.8097,42.5183],[-106.8,42.51],[-106.7966,42.4853],[-106.7858,42.4865],[-106.7862,42.4944],[-106.779,42.4967],[-106.7835,42.5009],[-106.7838,42.5059],[-106.7707,42.5143],[-106.765,42.511],[-106.7616,42.4876],[-106.7485,42.4836],[-106.7422,42.4745],[-106.7159,42.4732],[-106.6809,42.4774],[-106.6592,42.4752],[-106.6573,42.4677],[-106.6443,42.4641],[-106.6378,42.4536],[-106.6041,42.4468],[-106.5946,42.4413],[-106.5796,42.4446],[-106.5734,42.443],[-106.563,42.4338],[-106.556,42.4173],[-106.5389,42.4072],[-106.5325,42.4168],[-106.5211,42.4213],[-106.4842,42.4212],[-106.4619,42.4148],[-106.4446,42.416],[-106.4309,42.4092],[-106.4289,42.4214],[-106.4166,42.4222],[-106.4081,42.4116],[-106.3938,42.4096],[-106.3804,42.3997],[-106.3871,42.3921],[-106.4245,42.3697],[-106.4466,42.3303],[-106.4429,42.3246],[-106.3979,42.3384],[-106.3891,42.3433],[-106.377,42.3568],[-106.356,42.3594],[-106.3498,42.3674],[-106.3123,42.3934],[-106.3196,42.4009],[-106.3143,42.4126],[-106.3152,42.43],[-106.3069,42.4342],[-106.2911,42.4355],[-106.2853,42.4419],[-106.3054,42.4502],[-106.3062,42.4539],[-106.2734,42.4648],[-106.2714,42.4678],[-106.2762,42.4797],[-106.2648,42.4816],[-106.24,42.4982],[-106.234,42.512],[-106.2268,42.512],[-106.2162,42.5053],[-106.1978,42.5111],[-106.1663,42.5045],[-106.1348,42.5063],[-106.1262,42.5022],[-106.116,42.5031],[-106.0945,42.4973],[-106.0849,42.4926],[-106.0838,42.4765],[-106.0538,42.4696],[-106.0596,42.4627],[-106.0792,42.4521],[-106.0822,42.4388],[-106.0701,42.4321],[-106.0441,42.4282],[-106.0318,42.4223],[-106.0424,42.4102],[-106.0266,42.3986],[-106.0243,42.3921],[-106.0299,42.3826],[-106.0483,42.3652],[-106.0463,42.3551],[-106.0292,42.3546],[-106.0091,42.3769],[-105.9987,42.3799],[-105.984,42.3791],[-105.9735,42.3848],[-105.9689,42.3917],[-105.9709,42.4016],[-105.9655,42.4086],[-105.9557,42.4075],[-105.947,42.3937],[-105.9312,42.3981],[-105.9231,42.3939],[-105.909,42.3749],[-105.8867,42.3569],[-105.8884,42.3481],[-105.884,42.3417],[-105.8846,42.3332],[-105.8755,42.3286],[-105.8719,42.3183],[-105.8603,42.3148],[-105.8548,42.3072],[-105.8493,42.3068],[-105.8457,42.3122],[-105.846,42.3262],[-105.8518,42.3315],[-105.8527,42.3368],[-105.8435,42.3387],[-105.8368,42.3473],[-105.8283,42.3439],[-105.8338,42.3212],[-105.8284,42.3097],[-105.8315,42.2991],[-105.8292,42.2899],[-105.8321,42.2675],[-105.8423,42.2645],[-105.8496,42.251],[-105.8469,42.2447],[-105.8336,42.2436],[-105.8159,42.2349],[-105.8046,42.2366],[-105.738,42.1855],[-105.7057,42.1886],[-105.7012,42.184],[-105.7008,42.1768],[-105.6856,42.1855],[-105.6789,42.183],[-105.6804,42.1719],[-105.6712,42.1617],[-105.6686,42.1536],[-105.6698,42.1445],[-105.6756,42.1362],[-105.6759,42.1274],[-105.6569,42.103],[-105.6573,42.0873],[-105.6432,42.0698],[-105.6501,42.0619],[-105.6486,42.0531],[-105.6764,42.053],[-105.6857,42.0458],[-105.6842,42.0377],[-105.6772,42.0359],[-105.6489,42.046],[-105.6485,42.0405],[-105.6587,42.0277],[-105.6603,42.0166],[-105.6823,42.0178],[-105.7062,42.0144],[-105.7364,42.0169],[-105.7645,42.0142],[-105.7919,42.0051],[-105.8035,42.0057],[-105.8163,42.0108],[-105.833,42.0097],[-105.8456,42.0059],[-105.8516,41.999],[-105.8743,41.9854],[-105.89,41.9688],[-105.883,41.9589],[-105.8396,41.9547],[-105.8479,41.942],[-105.8421,41.9351],[-105.8227,41.9375],[-105.7993,41.9499],[-105.7874,41.949],[-105.7846,41.9454],[-105.7867,41.9351],[-105.784,41.9294],[-105.7648,41.9211],[-105.7519,41.9216],[-105.7361,41.9096],[-105.7099,41.9197],[-105.6788,41.9234],[-105.6622,41.921],[-105.6275,41.9092],[-105.6197,41.9121],[-105.6134,41.9229],[-105.6053,41.9256],[-105.5954,41.9232],[-105.5631,41.929],[-105.5513,41.9068],[-105.5497,41.8899],[-105.5414,41.8682],[-105.532,41.8602],[-105.5154,41.856],[-105.5117,41.8513],[-105.5123,41.8448],[-105.5265,41.8321],[-105.5248,41.8227],[-105.5134,41.8198],[-105.4877,41.8357],[-105.479,41.8314],[-105.48,41.824],[-105.4911,41.8133],[-105.5054,41.7841],[-105.5051,41.7683],[-105.5136,41.7385],[-105.5275,41.7229],[-105.5274,41.6907],[-105.5357,41.6435],[-105.53,41.6034],[-105.5411,41.5655],[-105.5414,41.5403],[-105.5526,41.5175],[-105.5502,41.5089],[-105.5366,41.4894],[-105.5373,41.4782],[-105.5288,41.4603],[-105.5352,41.4352],[-105.5269,41.403],[-105.5363,41.3792],[-105.5331,41.3648],[-105.5357,41.3411],[-105.5316,41.323],[-105.5213,41.3038],[-105.5258,41.2908],[-105.52,41.2751],[-105.5419,41.2134],[-105.5424,41.1917],[-105.5493,41.1699],[-105.5478,41.1433],[-105.5832,41.0883],[-105.6089,41.0951],[-105.6157,41.1043],[-105.628,41.1091],[-105.6409,41.1214],[-105.6574,41.1232],[-105.6663,41.1199],[-105.6674,41.1107],[-105.6585,41.0865],[-105.6471,41.0683],[-105.646,41.0606],[-105.6518,41.0594],[-105.6622,41.0654],[-105.6698,41.0413],[-105.6914,41.0324],[-105.6962,41.0113],[-105.7061,41.0227],[-105.7176,41.0173],[-105.7308,41.0168],[-105.7376,41.0268],[-105.7464,41.0313],[-105.7932,41.011],[-105.8288,41.0058],[-105.8934,41.0085],[-105.9412,41.0216],[-105.9627,41.0223],[-105.9465,41.027],[-105.9199,41.0265],[-105.9091,41.0319],[-105.9071,41.0359],[-105.9106,41.0387],[-105.9214,41.0356],[-105.9282,41.0403],[-105.9251,41.0655],[-105.9302,41.0741],[-105.9361,41.0718],[-105.9388,41.0543],[-105.9445,41.0513],[-105.9598,41.0754],[-105.9663,41.0783],[-105.974,41.0762],[-105.975,41.0843],[-105.9595,41.1129],[-105.9609,41.1262],[-105.9829,41.1232],[-106.0059,41.1095],[-106.0106,41.1106],[-106.0137,41.1161],[-106.0196,41.1488],[-106.0035,41.1843],[-105.9974,41.1913],[-105.9901,41.2196],[-105.9957,41.2393],[-106.0006,41.2445],[-106.021,41.2586],[-106.0283,41.2718],[-106.0426,41.2808],[-106.0594,41.2707],[-106.0661,41.2627],[-106.0774,41.2239],[-106.0773,41.2082],[-106.0821,41.1968],[-106.0955,41.2028],[-106.1081,41.1908],[-106.1216,41.1988],[-106.1308,41.2174],[-106.1751,41.2377],[-106.179,41.2457],[-106.1753,41.2555],[-106.171,41.2608],[-106.1627,41.2602],[-106.154,41.2716],[-106.1561,41.2919],[-106.1497,41.3054],[-106.1509,41.324],[-106.1329,41.3265],[-106.1204,41.3381],[-106.1418,41.3522],[-106.1613,41.3757],[-106.1808,41.3802],[-106.1817,41.3835],[-106.1752,41.3893],[-106.175,41.3941],[-106.1877,41.4106],[-106.1797,41.4185],[-106.174,41.4167],[-106.1688,41.4016],[-106.1649,41.3991],[-106.1406,41.4023],[-106.1055,41.4005],[-106.101,41.3968],[-106.0932,41.3991],[-106.0874,41.405],[-106.0872,41.4097],[-106.1034,41.4285],[-106.0912,41.4628],[-106.1003,41.4739],[-106.1306,41.4883],[-106.1364,41.4977],[-106.1277,41.5122],[-106.1093,41.5229],[-106.1095,41.5364],[-106.117,41.541],[-106.1566,41.5457],[-106.1905,41.5764],[-106.2045,41.5786],[-106.2256,41.5748],[-106.2262,41.581],[-106.211,41.5943],[-106.2135,41.5998],[-106.2198,41.6028],[-106.26,41.5946],[-106.2633,41.5978],[-106.2588,41.6096],[-106.2686,41.6125],[-106.302,41.5948],[-106.3104,41.5931],[-106.3495,41.612],[-106.3634,41.6123],[-106.3752,41.6059],[-106.3779,41.59],[-106.3964,41.5807],[-106.4,41.5705],[-106.3966,41.553],[-106.3996,41.5464],[-106.4533,41.5405],[-106.4633,41.5349],[-106.4754,41.5195],[-106.4961,41.5162],[-106.5098,41.5092],[-106.5213,41.509],[-106.5383,41.5198],[-106.545,41.5348],[-106.5529,41.544],[-106.5548,41.5593],[-106.5398,41.5787],[-106.5053,41.5973],[-106.4882,41.6115],[-106.4833,41.6315],[-106.4851,41.6513],[-106.5009,41.6814],[-106.5174,41.6896],[-106.5382,41.6905],[-106.5629,41.6782],[-106.5707,41.6668],[-106.5727,41.6279],[-106.5797,41.5989],[-106.5835,41.5937],[-106.59,41.5917],[-106.5939,41.5782],[-106.6067,41.5608],[-106.6358,41.5067],[-106.6863,41.4363],[-106.6803,41.4321],[-106.6778,41.4233],[-106.6828,41.3898],[-106.6705,41.3739],[-106.675,41.3512],[-106.6734,41.341],[-106.6695,41.3316],[-106.6594,41.321],[-106.6542,41.3064],[-106.6571,41.2874],[-106.6534,41.2715],[-106.6585,41.2722],[-106.663,41.2792],[-106.6785,41.2844],[-106.7156,41.2718],[-106.7093,41.2606],[-106.7201,41.2537],[-106.7157,41.2406],[-106.7173,41.2363],[-106.7365,41.2329],[-106.7626,41.2211],[-106.7698,41.211],[-106.7709,41.1951],[-106.8466,41.2049],[-106.8671,41.2119],[-106.8904,41.2386],[-106.909,41.2873],[-106.95,41.3381],[-106.9889,41.3568],[-107.0359,41.3669],[-107.0736,41.3829],[-107.0838,41.3947],[-107.0872,41.4246],[-107.1076,41.4486],[-107.1269,41.4542],[-107.1488,41.4541],[-107.1992,41.4407],[-107.228,41.4398],[-107.2521,41.4459],[-107.2861,41.464],[-107.3063,41.4837],[-107.3089,41.4983],[-107.2899,41.5346],[-107.2895,41.5448],[-107.2956,41.5527],[-107.3611,41.5632],[-107.3764,41.5682],[-107.3784,41.5729],[-107.4754,41.5608],[-107.5272,41.5324],[-107.5463,41.5004],[-107.5581,41.4908],[-107.5819,41.43],[-107.5997,41.4087],[-107.6077,41.3803],[-107.6274,41.362],[-107.6303,41.355],[-107.6782,41.2965],[-107.6766,41.2798],[-107.6632,41.259],[-107.6729,41.2258],[-107.6742,41.2029],[-107.66,41.161],[-107.6474,41.1435],[-107.6314,41.1285],[-107.6254,41.1113],[-107.6105,41.0955],[-107.6084,41.0852],[-107.6191,41.0603],[-107.6183,41.0481],[-107.5936,41.0424],[-107.5649,41.0485],[-107.5322,41.0473],[-107.4932,41.025],[-107.4764,41.0214],[-107.4531,41.0236],[-107.4248,41.041],[-107.3586,41.0515],[-107.368,41.0425],[-107.3675,41.0307],[-107.351,41.0192],[-107.3176,41.0052],[-107.306,40.9958],[-107.3091,40.9894],[-107.3249,40.9833],[-107.3529,40.9831],[-107.375,40.9709],[-107.3788,40.9555],[-107.3853,40.9513],[-107.4018,40.9505],[-107.4064,40.9563],[-107.4133,40.9578],[-107.4153,40.9627],[-107.4228,40.9618],[-107.438,40.9679],[-107.4586,40.9576],[-107.4761,40.955],[-107.4909,40.9449],[-107.4899,40.9373],[-107.4951,40.9319],[-107.4953,40.9273],[-107.4832,40.9146],[-107.4765,40.9021],[-107.4608,40.8886],[-107.4608,40.8716],[-107.471,40.8585],[-107.4891,40.8547],[-107.4936,40.842],[-107.5069,40.8327],[-107.5078,40.8182],[-107.4904,40.7978],[-107.4991,40.787],[-107.4985,40.7748],[-107.504,40.7586],[-107.5012,40.7461],[-107.4965,40.7396],[-107.4555,40.7112],[-107.4445,40.6963],[-107.4327,40.6974],[-107.4227,40.6852],[-107.4024,40.6877],[-107.3924,40.6757],[-107.3765,40.6783],[-107.3551,40.677],[-107.3484,40.665],[-107.339,40.6623],[-107.3106,40.6693],[-107.2959,40.6555],[-107.2847,40.6505],[-107.2717,40.6509],[-107.2551,40.6585],[-107.2423,40.6534],[-107.218,40.6509],[-107.1871,40.6373],[-107.1732,40.6242],[-107.1651,40.625],[-107.1625,40.6385],[-107.1543,40.6441],[-107.1403,40.6413],[-107.1363,40.6326],[-107.1394,40.6111],[-107.1494,40.5999],[-107.1536,40.5879],[-107.1489,40.5777],[-107.1533,40.5603],[-107.1523,40.5424],[-107.1459,40.5277],[-107.1482,40.5182],[-107.1421,40.5046],[-107.1537,40.4678],[-107.1383,40.4272],[-107.1385,40.4134],[-107.1581,40.3982],[-107.1639,40.404],[-107.1727,40.4069],[-107.1953,40.4037],[-107.1996,40.4062],[-107.2061,40.4225],[-107.2172,40.4356],[-107.2327,40.4351],[-107.2412,40.4317],[-107.2591,40.4117],[-107.2711,40.4037],[-107.2822,40.3845],[-107.2884,40.3812],[-107.2964,40.3817],[-107.3225,40.3924],[-107.3345,40.3918],[-107.3427,40.4022],[-107.3604,40.405],[-107.3638,40.4183],[-107.3778,40.4309],[-107.4066,40.4375],[-107.4343,40.4634],[-107.4443,40.4656],[-107.4955,40.4644],[-107.5022,40.4603],[-107.4937,40.4476],[-107.503,40.4393],[-107.5273,40.4399],[-107.5518,40.4325],[-107.5639,40.4341],[-107.5756,40.4278],[-107.5957,40.4266],[-107.62,40.4189],[-107.6373,40.4178],[-107.6459,40.4103],[-107.6546,40.4178],[-107.6506,40.4253],[-107.6517,40.432],[-107.6667,40.4359],[-107.6731,40.4338],[-107.6831,40.4232],[-107.6833,40.4008],[-107.7052,40.4022],[-107.722,40.3971],[-107.7302,40.3998],[-107.7375,40.4078],[-107.7516,40.406],[-107.7553,40.4113],[-107.7525,40.4226],[-107.7571,40.4268],[-107.772,40.4252],[-107.7845,40.428],[-107.7927,40.439],[-107.7986,40.4409],[-107.8167,40.4378],[-107.8222,40.4397],[-107.8246,40.4442],[-107.8226,40.4566],[-107.8291,40.4625],[-107.8343,40.4626],[-107.8721,40.4476],[-107.8793,40.4398],[-107.8595,40.4224],[-107.8158,40.3934],[-107.8018,40.3805],[-107.7942,40.3638],[-107.7841,40.3558],[-107.7736,40.3521],[-107.7589,40.3534],[-107.7336,40.3429],[-107.6705,40.3399],[-107.6584,40.333],[-107.6556,40.328],[-107.6591,40.32],[-107.6691,40.3105],[-107.693,40.3025],[-107.7352,40.2966],[-107.7545,40.2834],[-107.7684,40.2915],[-107.8013,40.2883],[-107.809,40.2953],[-107.8179,40.2961],[-107.8226,40.3053],[-107.8352,40.3049],[-107.8635,40.3166],[-107.8746,40.3173],[-107.8785,40.3239],[-107.8909,40.3277],[-107.898,40.334],[-107.9299,40.3317],[-107.941,40.3221],[-107.9503,40.3325],[-107.9777,40.3373],[-107.9807,40.3469],[-107.9959,40.3456],[-108.0051,40.3485],[-108.0212,40.3645],[-108.0355,40.365],[-108.0415,40.3683],[-108.0611,40.3667],[-108.0612,40.3786],[-108.0659,40.3807],[-108.0838,40.3796],[-108.1025,40.3829],[-108.1065,40.3771],[-108.106,40.3635],[-108.1193,40.3588],[-108.1386,40.3633],[-108.1562,40.3805],[-108.1676,40.3806],[-108.1748,40.3757],[-108.1796,40.3804],[-108.1863,40.3808],[-108.2541,40.3538],[-108.2449,40.3502],[-108.2274,40.3219],[-108.2205,40.2955],[-108.2252,40.2777],[-108.2195,40.263],[-108.1936,40.2532],[-108.1783,40.2505],[-108.1648,40.2545],[-108.1543,40.2499],[-108.1652,40.2401],[-108.166,40.2334],[-108.1614,40.2234],[-108.1648,40.2086],[-108.183,40.1954],[-108.1829,40.1887],[-108.1792,40.1846],[-108.1619,40.1824],[-108.1483,40.192],[-108.1347,40.1821],[-108.1143,40.1873],[-108.1047,40.1757],[-108.0886,40.1814],[-108.0739,40.1778],[-108.0661,40.1893],[-108.0881,40.215],[-108.0892,40.2219],[-108.0816,40.2259],[-108.0519,40.2074],[-108.0472,40.2148],[-108.0654,40.2302],[-108.0734,40.2504],[-108.0864,40.2644],[-108.0871,40.2667],[-108.0732,40.2669],[-108.0466,40.2511],[-108.0259,40.245],[-108.008,40.2153],[-107.9529,40.1922],[-107.9493,40.1794],[-107.9434,40.1742],[-107.9245,40.1718],[-107.9201,40.1558],[-107.9143,40.1485],[-107.8945,40.1453],[-107.8575,40.1497],[-107.8502,40.1374],[-107.8295,40.1235],[-107.8249,40.1103],[-107.8157,40.1063],[-107.7742,40.1068],[-107.765,40.1132],[-107.7554,40.127],[-107.746,40.1297],[-107.7255,40.103],[-107.719,40.0873],[-107.7321,40.0757],[-107.7574,40.0725],[-107.7712,40.0798],[-107.7625,40.064],[-107.7496,40.0548],[-107.7427,40.0295],[-107.7626,40.0177],[-107.7736,40.0162],[-107.782,40.0023],[-107.7946,40.0004],[-107.8211,39.9837],[-107.8358,39.9881],[-107.849,39.9833],[-107.86,39.9883],[-107.8678,39.9869],[-107.8989,39.992],[-107.9121,39.9853],[-107.9221,39.974],[-107.9245,39.9559],[-107.9195,39.9111],[-107.9257,39.9055],[-107.9321,39.9125],[-107.9342,39.9063],[-107.9244,39.86],[-107.9138,39.8279],[-107.9092,39.7585],[-107.9009,39.7265],[-107.869,39.6819],[-107.8822,39.6885],[-107.9135,39.7127],[-107.9383,39.716],[-107.9299,39.7021],[-107.9331,39.6854],[-107.9624,39.7264],[-107.9795,39.7263],[-108.0116,39.7377],[-108.0281,39.7314],[-108.0411,39.7315],[-108.0565,39.7378],[-108.0703,39.7385],[-108.0801,39.7451],[-108.1082,39.7389],[-108.1224,39.7438],[-108.1413,39.7335],[-108.1568,39.7346],[-108.1769,39.7227],[-108.1996,39.7251],[-108.2201,39.7162],[-108.2531,39.7266],[-108.2829,39.7167],[-108.3103,39.7234],[-108.3338,39.7174],[-108.3545,39.7237],[-108.3897,39.715],[-108.4155,39.7254],[-108.4457,39.727],[-108.4608,39.733],[-108.4626,39.7298],[-108.5244,39.7311],[-108.555,39.7174],[-108.5692,39.7075],[-108.5788,39.7045],[-108.5959,39.7053],[-108.6035,39.6972],[-108.6273,39.6834],[-108.6354,39.6857],[-108.6303,39.7023],[-108.6316,39.7105],[-108.6424,39.7117],[-108.6659,39.7051],[-108.6696,39.701],[-108.6731,39.6865],[-108.6869,39.6792],[-108.6958,39.6665],[-108.7054,39.6656],[-108.7108,39.6692],[-108.7116,39.6948],[-108.7276,39.6948],[-108.7314,39.7008],[-108.7117,39.7365],[-108.7084,39.7505],[-108.7141,39.759],[-108.7295,39.7639],[-108.7424,39.7479],[-108.7545,39.7396],[-108.7558,39.7353],[-108.7505,39.7234],[-108.7537,39.692],[-108.7665,39.6736],[-108.7815,39.6693],[-108.8017,39.6726],[-108.8088,39.682],[-108.8131,39.6988],[-108.8236,39.701],[-108.8282,39.699],[-108.8381,39.6719],[-108.8471,39.6654],[-108.8527,39.6651],[-108.8569,39.6696],[-108.8554,39.6908],[-108.8616,39.7029],[-108.8625,39.7156],[-108.8424,39.7533],[-108.8371,39.7695],[-108.8402,39.7847],[-108.8565,39.7919],[-108.8625,39.7882],[-108.8667,39.7805],[-108.868,39.7725],[-108.8736,39.7653],[-108.8735,39.7516],[-108.8794,39.7441],[-108.8928,39.7413],[-108.9011,39.7354],[-108.9122,39.7413],[-108.9193,39.7383],[-108.9199,39.7324],[-108.9142,39.7245],[-108.8811,39.708],[-108.8781,39.7034],[-108.8799,39.699],[-108.89,39.6953],[-108.8951,39.6883],[-108.9116,39.6852],[-108.9323,39.6749],[-108.9831,39.6785],[-108.9918,39.6743],[-108.9939,39.6612],[-108.9902,39.6451],[-108.9708,39.6171],[-108.9639,39.6118],[-108.9552,39.6123],[-108.9654,39.6277],[-108.9566,39.6283],[-108.9445,39.6104],[-108.928,39.6],[-108.9278,39.5889],[-108.9418,39.5914],[-108.9495,39.584],[-108.9819,39.5668],[-108.98,39.5847],[-108.9896,39.5933],[-108.9917,39.5998],[-108.9982,39.6033],[-109.0001,39.6114],[-109.0046,39.6109],[-109.0067,39.6019],[-109.0174,39.6001],[-109.0216,39.6045],[-109.0225,39.6187],[-109.0272,39.6288],[-109.0345,39.6302],[-109.0413,39.6225],[-109.0445,39.6235],[-109.0641,39.6515],[-109.0793,39.6583],[-109.0877,39.6539],[-109.0944,39.6372],[-109.118,39.6237],[-109.1315,39.6109],[-109.148,39.5621],[-109.2016,39.556],[-109.2084,39.5533],[-109.2217,39.539],[-109.2936,39.523],[-109.3081,39.5127],[-109.3178,39.4962],[-109.3588,39.5671],[-109.3629,39.5765],[-109.3621,39.5845],[-109.398,39.5709],[-109.4134,39.5783],[-109.4389,39.6019],[-109.4668,39.6027],[-109.4844,39.5963],[-109.4644,39.5771],[-109.4731,39.5667],[-109.4856,39.5603],[-109.4998,39.5616],[-109.5285,39.5875],[-109.5411,39.5835],[-109.5548,39.5702],[-109.5774,39.5678],[-109.5953,39.5702],[-109.6077,39.5814],[-109.6265,39.5814],[-109.6328,39.5769],[-109.6416,39.5626],[-109.6741,39.5556],[-109.6796,39.5613],[-109.6858,39.5783],[-109.7082,39.61],[-109.7199,39.6151],[-109.7276,39.6111],[-109.7291,39.6071],[-109.7167,39.5863],[-109.7192,39.5729],[-109.7079,39.5587],[-109.7199,39.5458],[-109.688,39.5349],[-109.6825,39.5222],[-109.6934,39.5143],[-109.6929,39.5067],[-109.7076,39.505],[-109.7054,39.4951],[-109.7152,39.4932],[-109.7143,39.4797],[-109.7216,39.477]]],[[[-121.7242,38.0827],[-121.7348,38.0853],[-121.7125,38.1025],[-121.7144,38.0879],[-121.7242,38.0827]]],[[[-122.0134,38.0731],[-122.0246,38.0765],[-122.0261,38.0842],[-122.0308,38.0868],[-122.0395,38.0843],[-122.0428,38.0933],[-122.0399,38.0948],[-122.0032,38.0833],[-122.0013,38.0779],[-122.0035,38.0747],[-122.0134,38.0731]]],[[[-121.843,38.0293],[-121.8759,38.0355],[-121.8814,38.0413],[-121.8617,38.0467],[-121.8568,38.0603],[-121.8521,38.0572],[-121.8413,38.0311],[-121.843,38.0293]]],[[[-121.7884,38.0199],[-121.8159,38.0221],[-121.8236,38.0261],[-121.8347,38.0435],[-121.84,38.062],[-121.8011,38.0528],[-121.8167,38.047],[-121.8222,38.0379],[-121.8203,38.0334],[-121.814,38.0348],[-121.7997,38.0288],[-121.7845,38.0281],[-121.7785,38.0237],[-121.7884,38.0199]]],[[[-122.431,37.852],[-122.4481,37.8571],[-122.4466,37.8626],[-122.4341,37.8719],[-122.4293,37.8702],[-122.4219,37.8591],[-122.4263,37.8526],[-122.431,37.852]]],[[[-122.3697,37.805],[-122.3763,37.8098],[-122.3828,37.8274],[-122.38,37.8306],[-122.3736,37.8321],[-122.365,37.8201],[-122.3729,37.8144],[-122.3723,37.8122],[-122.3613,37.8143],[-122.3633,37.806],[-122.3697,37.805]]],[[[-123.1722,37.7799],[-123.1781,37.7819],[-123.1807,37.7869],[-123.1676,37.7827],[-123.1722,37.7799]]],[[[-123.1065,37.7709],[-123.1089,37.7731],[-123.1026,37.7751],[-123.1013,37.772],[-123.1065,37.7709]]],[[[-123.1001,37.7607],[-123.1015,37.7638],[-123.095,37.7631],[-123.1001,37.7607]]],[[[-122.2418,37.7499],[-122.2765,37.7604],[-122.2856,37.7697],[-122.3037,37.7702],[-122.3028,37.7793],[-122.3122,37.78],[-122.3132,37.7755],[-122.3367,37.7813],[-122.3361,37.7953],[-122.2764,37.7885],[-122.2715,37.7828],[-122.2616,37.7812],[-122.2343,37.7682],[-122.2286,37.7565],[-122.2331,37.7519],[-122.2418,37.7499]]],[[[-123.004,37.6991],[-123.0088,37.7017],[-123.0072,37.704],[-123.004,37.6991]]],[[[-122.997,37.6979],[-122.9989,37.7024],[-122.9943,37.703],[-122.997,37.6979]]],[[[-120.3321,34.0601],[-120.3371,34.0628],[-120.3333,34.067],[-120.3272,34.067],[-120.3255,34.0611],[-120.3321,34.0601]]],[[[-120.3599,34.0177],[-120.3677,34.0181],[-120.385,34.0275],[-120.4133,34.0355],[-120.4232,34.0299],[-120.4299,34.0294],[-120.4405,34.0343],[-120.4532,34.0324],[-120.4494,34.0361],[-120.45,34.0402],[-120.4383,34.0421],[-120.4285,34.0521],[-120.4153,34.0595],[-120.403,34.0537],[-120.3914,34.0556],[-120.3716,34.069],[-120.3684,34.0794],[-120.3588,34.0686],[-120.3571,34.0613],[-120.362,34.0567],[-120.3581,34.0522],[-120.3503,34.05],[-120.3309,34.0515],[-120.313,34.0398],[-120.3085,34.029],[-120.2979,34.0263],[-120.3178,34.0216],[-120.3505,34.0223],[-120.3572,34.0213],[-120.3599,34.0177]]],[[[-119.3741,34.014],[-119.3757,34.0158],[-119.3668,34.019],[-119.358,34.0199],[-119.3569,34.0167],[-119.3741,34.014]]],[[[-119.4217,34.0081],[-119.4406,34.0168],[-119.4217,34.0186],[-119.4084,34.0099],[-119.4217,34.0081]]],[[[-119.3924,34.0049],[-119.404,34.0095],[-119.3779,34.0131],[-119.3924,34.0049]]],[[[-119.8194,33.9604],[-119.8288,33.9699],[-119.8443,33.9717],[-119.8476,33.9681],[-119.8649,33.9803],[-119.8776,33.9821],[-119.8771,33.9884],[-119.8877,34.0066],[-119.8872,34.0116],[-119.8795,34.0198],[-119.8767,34.0321],[-119.8947,34.0489],[-119.9085,34.057],[-119.9174,34.061],[-119.9296,34.0601],[-119.9312,34.0632],[-119.9196,34.066],[-119.9241,34.0705],[-119.9202,34.0796],[-119.8609,34.0739],[-119.8342,34.0649],[-119.8192,34.0545],[-119.7965,34.0591],[-119.7682,34.0574],[-119.7621,34.0601],[-119.7355,34.0484],[-119.7299,34.0502],[-119.7127,34.0452],[-119.7038,34.0357],[-119.695,34.0321],[-119.6877,34.0225],[-119.67,34.0185],[-119.655,34.0217],[-119.6518,34.0181],[-119.6417,34.019],[-119.634,34.0153],[-119.6195,34.0185],[-119.6063,34.0322],[-119.6096,34.0376],[-119.6085,34.0422],[-119.5858,34.0558],[-119.5747,34.0517],[-119.5736,34.0549],[-119.5642,34.0577],[-119.5564,34.0508],[-119.5303,34.044],[-119.522,34.0368],[-119.5292,34.0286],[-119.5425,34.0254],[-119.5536,34.0013],[-119.5724,33.999],[-119.5902,33.9917],[-119.6577,33.9899],[-119.6765,33.9798],[-119.6992,33.9725],[-119.7009,33.9684],[-119.7064,33.9711],[-119.7213,33.9611],[-119.7463,33.9661],[-119.759,33.9615],[-119.7734,33.9646],[-119.7889,33.9614],[-119.7983,33.9655],[-119.8116,33.9645],[-119.8194,33.9604]]],[[[-120.1173,33.896],[-120.1373,33.9036],[-120.154,33.9145],[-120.1579,33.9135],[-120.1629,33.9185],[-120.169,33.9189],[-120.1818,33.9275],[-120.1897,33.9488],[-120.1992,33.9537],[-120.2093,33.9737],[-120.2227,33.9845],[-120.2239,33.99],[-120.2517,34.0052],[-120.2445,34.0066],[-120.2402,34.0117],[-120.2296,34.0127],[-120.1986,34.0074],[-120.167,34.0103],[-120.1488,34.0259],[-120.1428,34.0277],[-120.1161,34.0224],[-120.0818,34.024],[-120.0542,34.0395],[-120.0453,34.0378],[-120.0452,34.0273],[-120.0512,34.0159],[-120.0478,34.0009],[-120.04,33.9946],[-120.0067,33.9811],[-119.9801,33.9849],[-119.9783,33.959],[-119.9727,33.9535],[-119.9699,33.9435],[-120.0081,33.942],[-120.0412,33.9255],[-120.0511,33.9164],[-120.0809,33.9099],[-120.0992,33.9098],[-120.1113,33.9024],[-120.1124,33.897],[-120.1173,33.896]]],[[[-118.2676,33.722],[-118.2745,33.7398],[-118.2571,33.761],[-118.2249,33.7679],[-118.2191,33.7542],[-118.2235,33.7524],[-118.2273,33.757],[-118.2451,33.7517],[-118.2408,33.7439],[-118.2198,33.7437],[-118.2298,33.7406],[-118.2414,33.7417],[-118.2478,33.7513],[-118.2512,33.75],[-118.2524,33.7445],[-118.2624,33.7383],[-118.263,33.7337],[-118.2668,33.7379],[-118.2696,33.737],[-118.2649,33.7224],[-118.2676,33.722]]],[[[-119.0387,33.4666],[-119.0491,33.4852],[-119.0408,33.4848],[-119.0303,33.4911],[-119.0293,33.4806],[-119.0354,33.4675],[-119.0387,33.4666]]],[[[-118.327,33.3],[-118.3504,33.3093],[-118.3547,33.3153],[-118.3619,33.3176],[-118.3838,33.3188],[-118.3925,33.3225],[-118.4272,33.3178],[-118.4563,33.3199],[-118.4617,33.3231],[-118.4916,33.3543],[-118.492,33.3612],[-118.4848,33.3684],[-118.4864,33.3743],[-118.4758,33.3824],[-118.4844,33.3979],[-118.488,33.418],[-118.4934,33.423],[-118.5028,33.4231],[-118.5088,33.4282],[-118.5015,33.4349],[-118.5203,33.4283],[-118.5461,33.434],[-118.5626,33.4327],[-118.5757,33.4415],[-118.574,33.4478],[-118.5816,33.4502],[-118.5947,33.4621],[-118.6061,33.4781],[-118.5626,33.4755],[-118.5406,33.4776],[-118.5346,33.4743],[-118.5303,33.467],[-118.5231,33.4661],[-118.5248,33.4629],[-118.5079,33.455],[-118.5003,33.4427],[-118.4777,33.4475],[-118.4745,33.4424],[-118.44,33.4271],[-118.423,33.4274],[-118.3923,33.418],[-118.3814,33.4093],[-118.3688,33.4091],[-118.3733,33.3965],[-118.3566,33.3763],[-118.3349,33.3606],[-118.3279,33.3473],[-118.3154,33.3399],[-118.3058,33.3221],[-118.3076,33.3098],[-118.3142,33.3094],[-118.3154,33.3035],[-118.327,33.3]]],[[[-119.4757,33.215],[-119.4938,33.2209],[-119.5158,33.2232],[-119.5207,33.2286],[-119.5531,33.2373],[-119.5734,33.2573],[-119.5751,33.2673],[-119.5822,33.2805],[-119.5641,33.2723],[-119.5575,33.275],[-119.5542,33.2805],[-119.541,33.2819],[-119.5361,33.2864],[-119.5262,33.2837],[-119.5004,33.2673],[-119.4911,33.2673],[-119.4647,33.2591],[-119.4423,33.2368],[-119.428,33.2309],[-119.4362,33.2268],[-119.4412,33.2186],[-119.4757,33.215]]],[[[-118.6084,33.0363],[-118.6143,33.04],[-118.6127,33.0427],[-118.6056,33.0399],[-118.6084,33.0363]]],[[[-118.4282,32.7989],[-118.433,32.8112],[-118.4378,32.8149],[-118.447,32.82],[-118.4514,32.8187],[-118.4795,32.8435],[-118.4926,32.8441],[-118.4931,32.8495],[-118.5001,32.8515],[-118.5081,32.8679],[-118.5075,32.8752],[-118.5221,32.8858],[-118.5344,32.9059],[-118.541,32.9051],[-118.548,32.917],[-118.5531,32.9448],[-118.5752,32.97],[-118.5783,32.986],[-118.5895,33.0088],[-118.5979,33.0148],[-118.6075,33.0149],[-118.6073,33.0317],[-118.5925,33.0339],[-118.5904,33.0289],[-118.5766,33.0342],[-118.5663,33.0264],[-118.5631,33.0236],[-118.567,33.0196],[-118.56,33.0049],[-118.5497,33.0008],[-118.5428,32.9816],[-118.5201,32.9618],[-118.5018,32.9362],[-118.484,32.9205],[-118.465,32.9103],[-118.3812,32.8431],[-118.3682,32.8361],[-118.358,32.8228],[-118.3499,32.8182],[-118.3516,32.8145],[-118.3668,32.8211],[-118.3745,32.8193],[-118.3853,32.8258],[-118.3941,32.8241],[-118.4045,32.8178],[-118.403,32.8105],[-118.415,32.8088],[-118.4282,32.7989]]],[[[-117.2144,32.7655],[-117.2198,32.7702],[-117.2236,32.768],[-117.229,32.7704],[-117.2154,32.7888],[-117.2147,32.7764],[-117.2191,32.7756],[-117.2116,32.7705],[-117.2144,32.7655]]],[[[-103.1604,28.9703],[-103.1682,28.9714],[-103.1722,28.9796],[-103.1911,28.985],[-103.2278,28.9889],[-103.2509,28.9804],[-103.2681,28.9955],[-103.2735,28.9862],[-103.2857,28.9789],[-103.288,28.9839],[-103.2864,28.9963],[-103.2903,29.0017],[-103.2998,29.006],[-103.316,29.0074],[-103.3163,29.0138],[-103.3092,29.0195],[-103.3115,29.0254],[-103.3321,29.0179],[-103.3433,29.0249],[-103.3419,29.03],[-103.3295,29.0327],[-103.3304,29.0414],[-103.3472,29.0445],[-103.3578,29.0222],[-103.3661,29.0205],[-103.3882,29.0258],[-103.3895,29.0331],[-103.4036,29.0336],[-103.409,29.0389],[-103.4322,29.0446],[-103.4364,29.0578],[-103.4475,29.0625],[-103.4515,29.0711],[-103.4599,29.0722],[-103.4685,29.0641],[-103.4748,29.0653],[-103.4714,29.0851],[-103.4901,29.0951],[-103.4948,29.1069],[-103.5027,29.1103],[-103.5035,29.1167],[-103.5152,29.1223],[-103.5236,29.1224],[-103.5269,29.1393],[-103.5392,29.1458],[-103.5486,29.1464],[-103.5554,29.1586],[-103.5838,29.1512],[-103.5964,29.1531],[-103.6131,29.1649],[-103.6343,29.1601],[-103.6412,29.1617],[-103.6493,29.1578],[-103.6594,29.1716],[-103.7221,29.1847],[-103.7402,29.2042],[-103.7451,29.2206],[-103.7577,29.222],[-103.7598,29.2329],[-103.766,29.2313],[-103.7712,29.221],[-103.7798,29.2258],[-103.7821,29.2409],[-103.7753,29.2521],[-103.7832,29.2661],[-103.7992,29.26],[-103.8088,29.2652],[-103.8118,29.2738],[-103.8327,29.273],[-103.8477,29.2817],[-103.8697,29.2818],[-103.8788,29.2852],[-103.8916,29.281],[-103.9003,29.2876],[-103.9175,29.2861],[-103.9284,29.2953],[-103.9367,29.2941],[-103.9668,29.2994],[-103.9745,29.2973],[-104.0481,29.3262],[-104.0694,29.3443],[-104.0885,29.35],[-104.0916,29.3599],[-104.1086,29.3749],[-104.12,29.3717],[-104.1251,29.3807],[-104.1436,29.3841],[-104.1556,29.3942],[-104.1661,29.3947],[-104.1687,29.4043],[-104.1808,29.4153],[-104.1824,29.4276],[-104.1922,29.435],[-104.1958,29.4431],[-104.2147,29.4543],[-104.2166,29.4602],[-104.2097,29.4798],[-104.2125,29.4838],[-104.2313,29.4821],[-104.2374,29.4984],[-104.2504,29.5071],[-104.261,29.509],[-104.2667,29.5165],[-104.2741,29.519],[-104.2873,29.5198],[-104.298,29.5249],[-104.3085,29.5245],[-104.3131,29.533],[-104.3189,29.5324],[-104.3232,29.5248],[-104.3361,29.5211],[-104.3402,29.5278],[-104.3523,29.5296],[-104.355,29.5405],[-104.3627,29.5375],[-104.3719,29.5431],[-104.3824,29.5431],[-104.3855,29.5522],[-104.3946,29.5559],[-104.3984,29.5722],[-104.4652,29.6099],[-104.4695,29.6208],[-104.4851,29.6284],[-104.4902,29.6346],[-104.496,29.6353],[-104.4973,29.6393],[-104.508,29.6343],[-104.5134,29.6355],[-104.5124,29.646],[-104.5263,29.6601],[-104.5267,29.6688],[-104.5367,29.668],[-104.5443,29.6823],[-104.5414,29.687],[-104.5317,29.6916],[-104.5463,29.6997],[-104.5511,29.7302],[-104.5609,29.7362],[-104.5528,29.7411],[-104.5697,29.7523],[-104.5711,29.7592],[-104.5668,29.7671],[-104.5711,29.7784],[-104.5804,29.7845],[-104.5837,29.7962],[-104.589,29.7974],[-104.5889,29.8043],[-104.5929,29.8091],[-104.5976,29.8099],[-104.6011,29.8161],[-104.6098,29.8204],[-104.6087,29.8291],[-104.6198,29.8296],[-104.6195,29.8337],[-104.6108,29.8387],[-104.6115,29.8423],[-104.6249,29.8459],[-104.6225,29.8505],[-104.6307,29.8561],[-104.6342,29.8707],[-104.6468,29.8788],[-104.6521,29.8892],[-104.6585,29.8912],[-104.6603,29.9039],[-104.6777,29.9032],[-104.6861,29.9216],[-104.6896,29.9375],[-104.6759,29.9551],[-104.684,29.9584],[-104.6838,29.974],[-104.6934,29.9763],[-104.6877,29.9867],[-104.6934,29.9951],[-104.6889,29.9981],[-104.6946,30.0056],[-104.6908,30.014],[-104.6916,30.0177],[-104.7057,30.0248],[-104.7046,30.0331],[-104.6971,30.0412],[-104.707,30.0486],[-104.7078,30.0522],[-104.7031,30.0634],[-104.6901,30.0759],[-104.6879,30.0843],[-104.6898,30.0892],[-104.6866,30.0972],[-104.693,30.0996],[-104.6943,30.1032],[-104.6902,30.1139],[-104.6975,30.132],[-104.6875,30.142],[-104.6916,30.1487],[-104.6874,30.1672],[-104.691,30.184],[-104.7056,30.2086],[-104.705,30.2159],[-104.7091,30.2226],[-104.7083,30.2364],[-104.7325,30.2619],[-104.7511,30.263],[-104.7496,30.2731],[-104.7636,30.2771],[-104.7609,30.2955],[-104.7656,30.3031],[-104.7796,30.3066],[-104.7816,30.3148],[-104.7909,30.3199],[-104.7951,30.3275],[-104.812,30.3354],[-104.8124,30.3428],[-104.822,30.3529],[-104.8148,30.3568],[-104.8125,30.362],[-104.8192,30.3681],[-104.8191,30.375],[-104.8366,30.3751],[-104.8569,30.3875],[-104.8544,30.3995],[-104.8568,30.4122],[-104.8487,30.4181],[-104.8603,30.4263],[-104.8587,30.4355],[-104.8676,30.4429],[-104.8706,30.4753],[-104.8685,30.4932],[-104.8742,30.4994],[-104.8749,30.5122],[-104.8844,30.5191],[-104.8817,30.5284],[-104.8914,30.5385],[-104.8902,30.5459],[-104.8983,30.5565],[-104.9013,30.571],[-104.9124,30.5865],[-104.9209,30.5884],[-104.922,30.6053],[-104.9279,30.606],[-104.935,30.6015],[-104.938,30.606],[-104.9459,30.6047],[-104.9751,30.6135],[-104.9798,30.621],[-104.9887,30.6618],[-105.0016,30.6732],[-105.0044,30.6845],[-105.0115,30.6869],[-105.0314,30.6823],[-105.0457,30.6895],[-105.0479,30.682],[-105.0566,30.6839],[-105.0574,30.6889],[-105.0648,30.6886],[-105.0644,30.6987],[-105.0715,30.7025],[-105.0848,30.7019],[-105.0814,30.7075],[-105.0892,30.7131],[-105.0884,30.7173],[-105.0996,30.7176],[-105.1058,30.7311],[-105.1139,30.733],[-105.1137,30.7468],[-105.122,30.7436],[-105.1225,30.7509],[-105.1436,30.7554],[-105.1616,30.7537],[-105.1584,30.7708],[-105.1668,30.7781],[-105.17,30.7775],[-105.1743,30.7691],[-105.178,30.7698],[-105.1965,30.7919],[-105.2125,30.7838],[-105.2196,30.7862],[-105.2204,30.7907],[-105.2123,30.798],[-105.2176,30.8055],[-105.2285,30.8009],[-105.2441,30.8029],[-105.2565,30.7964],[-105.2608,30.7971],[-105.2684,30.8081],[-105.2776,30.81],[-105.283,30.8184],[-105.29,30.8195],[-105.2925,30.8262],[-105.301,30.8254],[-105.304,30.8138],[-105.3082,30.8122],[-105.31,30.8158],[-105.3192,30.8176],[-105.3209,30.8285],[-105.3299,30.8272],[-105.3315,30.8344],[-105.3374,30.836],[-105.3421,30.8421],[-105.353,30.8379],[-105.3561,30.8442],[-105.3661,30.8497],[-105.3839,30.8534],[-105.3993,30.8522],[-105.4013,30.8576],[-105.3959,30.8652],[-105.3948,30.873],[-105.3972,30.8774],[-105.4038,30.8794],[-105.4017,30.8887],[-105.4138,30.8931],[-105.417,30.9012],[-105.4454,30.9112],[-105.4475,30.9185],[-105.4559,30.9171],[-105.455,30.9268],[-105.4683,30.9266],[-105.4799,30.9397],[-105.4912,30.9419],[-105.4989,30.9521],[-105.4961,30.9582],[-105.5014,30.9661],[-105.5196,30.9662],[-105.5224,30.9756],[-105.5336,30.9838],[-105.5603,30.992],[-105.5668,31.0009],[-105.5711,31.0167],[-105.5814,31.0262],[-105.5862,31.0566],[-105.5954,31.0662],[-105.6018,31.0815],[-105.6177,31.0944],[-105.6416,31.1005],[-105.648,31.1157],[-105.6542,31.1191],[-105.7139,31.1393],[-105.7247,31.1553],[-105.7359,31.1625],[-105.7722,31.1674],[-105.7794,31.1785],[-105.7857,31.1997],[-105.7967,31.2041],[-105.8693,31.2882],[-105.8727,31.2912],[-105.897,31.2931],[-105.9087,31.314],[-105.9312,31.3132],[-105.9396,31.3183],[-105.947,31.3316],[-105.9494,31.3571],[-105.9548,31.3641],[-105.9767,31.3698],[-106.0046,31.3916],[-106.0771,31.3978],[-106.0929,31.4074],[-106.1102,31.4234],[-106.1429,31.4298],[-106.1697,31.4499],[-106.1734,31.4556],[-106.2048,31.4653],[-106.2212,31.4836],[-106.2276,31.5029],[-106.2414,31.5213],[-106.2503,31.546],[-106.2805,31.5603],[-106.3026,31.6098],[-106.3062,31.6279],[-106.3367,31.6664],[-106.35,31.6981],[-106.3749,31.7132],[-106.3851,31.7332],[-106.4255,31.7519],[-106.4562,31.7515],[-106.48,31.7455],[-106.4889,31.7478],[-106.5277,31.7743],[-106.529,31.7845],[-108.209,31.7845],[-108.2091,31.334],[-110.156,31.3341],[-111.0728,31.3292],[-111.7003,31.5309],[-112.6049,31.8155],[-114.1258,32.2856],[-114.8134,32.4947],[-114.8119,32.4975],[-114.8154,32.5056],[-114.8025,32.5086],[-114.8127,32.5225],[-114.8034,32.5337],[-114.8033,32.5478],[-114.7894,32.5559],[-114.7947,32.5649],[-114.808,32.5573],[-114.813,32.5594],[-114.8126,32.5654],[-114.8038,32.5756],[-114.8005,32.5921],[-114.808,32.6051],[-114.809,32.6165],[-114.8021,32.6221],[-114.7911,32.6197],[-114.7825,32.6226],[-114.7563,32.6515],[-114.7192,32.7181],[-116.0077,32.6241],[-117.1254,32.5304],[-117.1338,32.5611],[-117.1357,32.6076],[-117.1499,32.6417],[-117.1682,32.6676],[-117.1847,32.6816],[-117.2063,32.6866],[-117.2239,32.6814],[-117.2286,32.6888],[-117.2222,32.7055],[-117.2062,32.7125],[-117.1974,32.7128],[-117.1874,32.7021],[-117.1696,32.6963],[-117.1628,32.6861],[-117.1679,32.678],[-117.167,32.6734],[-117.1581,32.6769],[-117.1555,32.6741],[-117.1616,32.6711],[-117.1355,32.6295],[-117.1307,32.6294],[-117.1326,32.6203],[-117.1291,32.6089],[-117.1233,32.6019],[-117.1131,32.5971],[-117.0985,32.6119],[-117.1003,32.6242],[-117.1093,32.6331],[-117.1147,32.6341],[-117.1198,32.6634],[-117.1246,32.6671],[-117.1191,32.6688],[-117.1312,32.6827],[-117.1511,32.6918],[-117.1763,32.7092],[-117.1743,32.721],[-117.1812,32.7261],[-117.2079,32.7271],[-117.2151,32.725],[-117.2191,32.7178],[-117.2284,32.7171],[-117.2385,32.7077],[-117.2406,32.6895],[-117.2353,32.6826],[-117.2387,32.6794],[-117.2397,32.6653],[-117.2462,32.6655],[-117.2557,32.6966],[-117.2588,32.7218],[-117.2547,32.7485],[-117.2513,32.7549],[-117.2431,32.7552],[-117.243,32.7597],[-117.2348,32.7591],[-117.2342,32.7614],[-117.2407,32.7633],[-117.24,32.7669],[-117.21,32.7659],[-117.2124,32.7791],[-117.2093,32.7923],[-117.2119,32.796],[-117.217,32.7915],[-117.2245,32.7949],[-117.2306,32.7895],[-117.2353,32.7787],[-117.2402,32.7806],[-117.2427,32.7893],[-117.2509,32.7895],[-117.2506,32.779],[-117.2468,32.7775],[-117.2508,32.7744],[-117.2486,32.7721],[-117.2453,32.7743],[-117.2427,32.7679],[-117.2456,32.7625],[-117.2477,32.7666],[-117.2494,32.7648],[-117.2463,32.7584],[-117.2539,32.7581],[-117.2562,32.7923],[-117.2609,32.8024],[-117.28,32.8201],[-117.2816,32.8406],[-117.2748,32.8487],[-117.2595,32.8511],[-117.2543,32.8597],[-117.2511,32.8751],[-117.26,32.9285],[-117.2817,33.0123],[-117.2948,33.0349],[-117.3116,33.0803],[-117.3433,33.1437],[-117.4017,33.214],[-117.3967,33.2148],[-117.3999,33.2194],[-117.4033,33.2149],[-117.4751,33.3036],[-117.5316,33.3519],[-117.5532,33.3664],[-117.5907,33.3825],[-117.6217,33.4203],[-117.6563,33.4477],[-117.6846,33.4613],[-117.7032,33.463],[-117.7094,33.4594],[-117.7154,33.4604],[-117.7265,33.4825],[-117.7389,33.4904],[-117.7426,33.4991],[-117.7835,33.5402],[-117.8055,33.546],[-117.8092,33.5519],[-117.8142,33.5506],[-117.8196,33.5539],[-117.8227,33.5617],[-117.8461,33.5766],[-117.8712,33.591],[-117.8773,33.5907],[-117.8809,33.6003],[-117.8901,33.6104],[-117.9044,33.6102],[-117.906,33.6129],[-117.9009,33.6188],[-117.8965,33.6192],[-117.8949,33.615],[-117.8921,33.6173],[-117.8931,33.6218],[-117.8853,33.6285],[-117.8873,33.6386],[-117.8838,33.6454],[-117.8755,33.6471],[-117.8788,33.6507],[-117.887,33.6518],[-117.8915,33.6491],[-117.8925,33.6277],[-117.897,33.6228],[-117.9099,33.6134],[-117.9278,33.62],[-117.9253,33.6118],[-117.9297,33.6132],[-117.9248,33.6086],[-117.9056,33.6061],[-117.8864,33.5994],[-117.8821,33.5948],[-117.9255,33.6045],[-117.9433,33.6225],[-117.9973,33.6505],[-118.0262,33.6705],[-118.0647,33.7091],[-118.093,33.73],[-118.0935,33.735],[-118.0841,33.7349],[-118.0569,33.7127],[-118.0552,33.714],[-118.0709,33.7297],[-118.0765,33.7293],[-118.0736,33.7375],[-118.0786,33.7348],[-118.0846,33.7376],[-118.099,33.7359],[-118.1127,33.7416],[-118.1142,33.7493],[-118.1075,33.7542],[-118.1304,33.7718],[-118.1305,33.7672],[-118.1245,33.7631],[-118.1295,33.76],[-118.1296,33.7559],[-118.1181,33.7462],[-118.14,33.7574],[-118.156,33.7612],[-118.1791,33.7646],[-118.2035,33.7626],[-118.2013,33.7585],[-118.1909,33.7539],[-118.1856,33.7388],[-118.2039,33.739],[-118.1955,33.7407],[-118.1922,33.7448],[-118.1965,33.7516],[-118.2025,33.7522],[-118.2026,33.7458],[-118.206,33.7458],[-118.2059,33.7513],[-118.212,33.7477],[-118.2071,33.7408],[-118.2159,33.7459],[-118.2153,33.7509],[-118.2074,33.7577],[-118.2162,33.7582],[-118.22,33.7655],[-118.2088,33.7722],[-118.2199,33.7724],[-118.2104,33.7777],[-118.2487,33.765],[-118.2503,33.7682],[-118.2436,33.7763],[-118.2458,33.7767],[-118.2582,33.7623],[-118.2592,33.7664],[-118.2636,33.766],[-118.261,33.7596],[-118.2666,33.7533],[-118.2659,33.7624],[-118.2698,33.7561],[-118.2732,33.7566],[-118.2708,33.7679],[-118.2758,33.7671],[-118.2779,33.7707],[-118.277,33.7593],[-118.2876,33.754],[-118.2743,33.7539],[-118.2784,33.7384],[-118.2715,33.7202],[-118.2775,33.7252],[-118.2749,33.7147],[-118.2809,33.7239],[-118.2809,33.718],[-118.2849,33.7153],[-118.2833,33.7103],[-118.2889,33.7049],[-118.2938,33.7054],[-118.2965,33.7104],[-118.3493,33.7278],[-118.3612,33.7397],[-118.3745,33.7376],[-118.3767,33.7417],[-118.3811,33.7422],[-118.3972,33.7369],[-118.4098,33.7411],[-118.4156,33.7616],[-118.4205,33.7644],[-118.4204,33.7703],[-118.4265,33.7749],[-118.4186,33.7858],[-118.4058,33.7929],[-118.4057,33.7979],[-118.3918,33.8055],[-118.3902,33.8369],[-118.3962,33.8447],[-118.3956,33.8483],[-118.3984,33.8483],[-118.4068,33.8734],[-118.4338,33.9264],[-118.4625,33.9726],[-118.4887,34.0033],[-118.5227,34.0299],[-118.5442,34.0374],[-118.5703,34.0399],[-118.6091,34.0356],[-118.6712,34.0379],[-118.6818,34.0302],[-118.6934,34.0326],[-118.7084,34.0295],[-118.7389,34.0311],[-118.7844,34.0205],[-118.7939,34.0083],[-118.8068,33.9997],[-118.8282,34.0194],[-118.8552,34.0341],[-118.9128,34.0412],[-118.9239,34.0453],[-118.9383,34.0431],[-118.9516,34.0464],[-118.9737,34.0574],[-119.0086,34.0662],[-119.0362,34.0818],[-119.0634,34.085],[-119.0899,34.0988],[-119.0827,34.096],[-119.0805,34.0983],[-119.0938,34.1065],[-119.0987,34.1074],[-119.1037,34.1034],[-119.1182,34.1066],[-119.1264,34.1144],[-119.1304,34.1085],[-119.1387,34.1076],[-119.0943,34.0997],[-119.1105,34.0952],[-119.1282,34.0998],[-119.1924,34.1418],[-119.2101,34.145],[-119.2095,34.1478],[-119.2034,34.1487],[-119.2106,34.1546],[-119.2123,34.1478],[-119.2179,34.1469],[-119.225,34.1569],[-119.2217,34.1664],[-119.2256,34.1673],[-119.2289,34.1605],[-119.2626,34.2251],[-119.2692,34.2479],[-119.2686,34.2501],[-119.2664,34.2483],[-119.2642,34.2411],[-119.2609,34.2456],[-119.2653,34.252],[-119.2697,34.2515],[-119.2819,34.2702],[-119.2897,34.2738],[-119.3103,34.2743],[-119.3353,34.2862],[-119.3724,34.3166],[-119.3942,34.3176],[-119.4286,34.3508],[-119.4475,34.3567],[-119.4609,34.3712],[-119.4826,34.3735],[-119.4859,34.3808],[-119.4948,34.3849],[-119.518,34.3875],[-119.5305,34.3962],[-119.5388,34.3962],[-119.5628,34.413],[-119.5773,34.4126],[-119.6113,34.4193],[-119.6358,34.4161],[-119.6759,34.4165],[-119.6909,34.4106],[-119.6937,34.4083],[-119.6926,34.4033],[-119.7092,34.3956],[-119.7276,34.396],[-119.7873,34.4177],[-119.8001,34.419],[-119.8324,34.4176],[-119.8391,34.4153],[-119.8457,34.4057],[-119.8602,34.4098],[-119.8791,34.4083],[-119.8864,34.4179],[-119.9177,34.4314],[-119.9578,34.4371],[-120.0081,34.4601],[-120.0265,34.4587],[-120.0433,34.4631],[-120.0978,34.4601],[-120.1197,34.4691],[-120.1425,34.4726],[-120.2819,34.4672],[-120.2964,34.4721],[-120.3042,34.468],[-120.3431,34.46],[-120.406,34.4572],[-120.4271,34.4512],[-120.4444,34.4524],[-120.4522,34.45],[-120.4555,34.4446],[-120.4639,34.4509],[-120.4723,34.4512],[-120.4782,34.4766],[-120.4997,34.4996],[-120.5117,34.5222],[-120.5213,34.5308],[-120.5555,34.5436],[-120.5797,34.558],[-120.6014,34.5596],[-120.6254,34.5562],[-120.6395,34.5651],[-120.639,34.5715],[-120.6441,34.5787],[-120.6519,34.5782],[-120.6459,34.5828],[-120.6465,34.5891],[-120.641,34.5965],[-120.6429,34.6069],[-120.6114,34.6721],[-120.6013,34.7063],[-120.6145,34.7298],[-120.6275,34.7397],[-120.6311,34.7542],[-120.6373,34.7609],[-120.6153,34.8215],[-120.6111,34.8406],[-120.6114,34.8624],[-120.6182,34.8705],[-120.6391,34.8844],[-120.6398,34.8935],[-120.6478,34.9039],[-120.6708,34.9046],[-120.6634,34.9282],[-120.6662,34.9332],[-120.6613,34.9405],[-120.6377,35.0148],[-120.631,35.0516],[-120.629,35.0739],[-120.6311,35.1025],[-120.6401,35.136],[-120.6544,35.1513],[-120.6758,35.1542],[-120.6986,35.1726],[-120.7116,35.177],[-120.7493,35.1789],[-120.7565,35.1729],[-120.7569,35.162],[-120.7642,35.1629],[-120.7893,35.1803],[-120.8267,35.1971],[-120.8368,35.1988],[-120.846,35.2064],[-120.8573,35.21],[-120.8636,35.2194],[-120.8716,35.222],[-120.8768,35.2311],[-120.898,35.249],[-120.8947,35.2536],[-120.8987,35.2589],[-120.8943,35.2644],[-120.8934,35.2754],[-120.8878,35.2781],[-120.8884,35.2822],[-120.8683,35.3238],[-120.8606,35.3633],[-120.8618,35.3692],[-120.8584,35.3697],[-120.8561,35.3648],[-120.8588,35.3575],[-120.8584,35.337],[-120.8659,35.3152],[-120.8424,35.3259],[-120.8465,35.3326],[-120.8364,35.3332],[-120.8297,35.3382],[-120.845,35.3436],[-120.8422,35.3463],[-120.8539,35.3707],[-120.8591,35.3738],[-120.868,35.3687],[-120.8692,35.3705],[-120.8636,35.3756],[-120.8639,35.3928],[-120.8704,35.4091],[-120.8884,35.4379],[-120.9027,35.4491],[-120.9473,35.4477],[-120.9502,35.4526],[-120.9662,35.4601],[-120.9923,35.4648],[-121.0012,35.4606],[-121.0243,35.4848],[-121.0357,35.4906],[-121.0484,35.5049],[-121.0575,35.5094],[-121.1025,35.5515],[-121.1038,35.5596],[-121.1272,35.5956],[-121.1427,35.6067],[-121.1469,35.6157],[-121.1526,35.6188],[-121.1625,35.6323],[-121.1842,35.6424],[-121.1927,35.6423],[-121.1937,35.6355],[-121.2144,35.6506],[-121.2422,35.6543],[-121.2589,35.6649],[-121.2645,35.6639],[-121.2788,35.6692],[-121.285,35.6664],[-121.2834,35.6732],[-121.2919,35.6935],[-121.3145,35.7154],[-121.3123,35.7195],[-121.3202,35.7425],[-121.3188,35.753],[-121.3285,35.7596],[-121.3265,35.7701],[-121.3354,35.7831],[-121.3556,35.8014],[-121.3903,35.8236],[-121.4155,35.8554],[-121.4407,35.8663],[-121.4622,35.8841],[-121.4656,35.9058],[-121.4756,35.9197],[-121.4706,35.9262],[-121.4776,35.9306],[-121.4772,35.9383],[-121.4838,35.95],[-121.4926,35.9825],[-121.505,36],[-121.5338,36.015],[-121.5739,36.0233],[-121.5829,36.0404],[-121.5922,36.0489],[-121.5907,36.0544],[-121.5944,36.0652],[-121.6077,36.0722],[-121.6194,36.0856],[-121.625,36.1027],[-121.6352,36.1203],[-121.6462,36.1273],[-121.6792,36.163],[-121.7001,36.1758],[-121.7119,36.1901],[-121.7815,36.2283],[-121.8011,36.2352],[-121.8153,36.2353],[-121.8357,36.2494],[-121.8544,36.2795],[-121.8641,36.2816],[-121.8752,36.2895],[-121.8882,36.3038],[-121.9014,36.3044],[-121.9049,36.308],[-121.9004,36.309],[-121.8971,36.3145],[-121.895,36.3372],[-121.897,36.3449],[-121.9077,36.3574],[-121.9045,36.3661],[-121.9076,36.3728],[-121.904,36.3847],[-121.906,36.3951],[-121.916,36.4044],[-121.9187,36.4166],[-121.9168,36.4275],[-121.9312,36.4508],[-121.9281,36.459],[-121.9382,36.4724],[-121.9458,36.4932],[-121.9397,36.4992],[-121.9416,36.5059],[-121.9459,36.514],[-121.9571,36.5238],[-121.948,36.5253],[-121.9399,36.5228],[-121.9291,36.5271],[-121.9306,36.537],[-121.9353,36.5424],[-121.9323,36.5538],[-121.9342,36.5605],[-121.9411,36.5617],[-121.943,36.5658],[-121.9482,36.5675],[-121.9538,36.5624],[-121.9729,36.5706],[-121.9796,36.5827],[-121.9678,36.5875],[-121.9616,36.609],[-121.9594,36.6126],[-121.9502,36.6124],[-121.9464,36.617],[-121.9385,36.6389],[-121.9263,36.636],[-121.9006,36.6193],[-121.892,36.6036],[-121.8766,36.6043],[-121.8519,36.622],[-121.8288,36.6538],[-121.8154,36.684],[-121.8089,36.7154],[-121.8088,36.7508],[-121.8065,36.7517],[-121.8035,36.745],[-121.8012,36.7464],[-121.805,36.7581],[-121.7921,36.8037],[-121.7723,36.8154],[-121.7917,36.8105],[-121.8089,36.8456],[-121.8075,36.856],[-121.8126,36.8546],[-121.8161,36.8572],[-121.8657,36.9343],[-121.8878,36.957],[-121.9096,36.9715],[-121.9375,36.98],[-121.9585,36.9696],[-121.9747,36.9566],[-121.9882,36.9622],[-122.0165,36.9657],[-122.0245,36.9624],[-122.0288,36.9527],[-122.0725,36.9505],[-122.0813,36.9548],[-122.1085,36.9588],[-122.1371,36.9695],[-122.1472,36.9783],[-122.1547,36.9782],[-122.1625,36.9875],[-122.1837,36.9988],[-122.2204,37.0257],[-122.2262,37.0269],[-122.2325,37.0417],[-122.2362,37.0436],[-122.2273,37.0409],[-122.2053,37.0205],[-122.1883,37.0095],[-122.1523,36.9935],[-122.1343,36.9818],[-122.0869,36.9748],[-122.0661,36.9796],[-122.036,37.0015],[-122.0241,37.0012],[-122.001,36.9947],[-121.9623,36.9983],[-121.9548,37.0121],[-121.9539,37.0278],[-121.9584,37.0368],[-121.956,37.0385],[-121.9523,37.0376],[-121.9422,37.0232],[-121.9232,37.0134],[-121.909,36.9908],[-121.9049,36.9922],[-121.9044,37],[-121.8949,37.0131],[-121.896,37.0191],[-121.8935,37.0231],[-121.8387,37.0159],[-121.8137,37.0161],[-121.7725,37.018],[-121.7479,37.0267],[-121.74,37.0306],[-121.7498,37.0408],[-121.7515,37.0528],[-121.7758,37.0567],[-121.8129,37.0733],[-121.8244,37.0908],[-121.9142,37.121],[-121.9368,37.1356],[-121.9645,37.1573],[-121.9817,37.1754],[-121.9886,37.1966],[-121.9878,37.2236],[-122.0011,37.2269],[-122.0498,37.26],[-122.055,37.2824],[-122.0673,37.2949],[-122.0679,37.3033],[-122.0974,37.3345],[-122.1327,37.3556],[-122.1503,37.3553],[-122.1707,37.3607],[-122.1907,37.3576],[-122.2048,37.3601],[-122.2099,37.3708],[-122.2403,37.3877],[-122.2753,37.4204],[-122.278,37.4286],[-122.266,37.4261],[-122.263,37.4286],[-122.2732,37.4433],[-122.3072,37.4609],[-122.3209,37.4824],[-122.3333,37.4882],[-122.3422,37.4995],[-122.3523,37.5037],[-122.3728,37.5273],[-122.3803,37.5303],[-122.373,37.531],[-122.3735,37.5335],[-122.399,37.5613],[-122.4102,37.5785],[-122.4087,37.582],[-122.4359,37.6105],[-122.445,37.618],[-122.4528,37.6177],[-122.4596,37.6265],[-122.4686,37.6269],[-122.4711,37.6324],[-122.4666,37.638],[-122.4781,37.6448],[-122.4897,37.6431],[-122.4881,37.6371],[-122.4787,37.6347],[-122.4844,37.6232],[-122.497,37.6283],[-122.4972,37.6745],[-122.5078,37.7191],[-122.5162,37.7833],[-122.5083,37.7885],[-122.4897,37.7899],[-122.481,37.8055],[-122.4818,37.8109],[-122.467,37.8045],[-122.4118,37.8081],[-122.39,37.7882],[-122.3839,37.7525],[-122.3884,37.7479],[-122.3843,37.7461],[-122.3773,37.7318],[-122.368,37.732],[-122.3603,37.7281],[-122.3686,37.7161],[-122.3791,37.7186],[-122.3794,37.7245],[-122.3886,37.722],[-122.3913,37.7161],[-122.3882,37.712],[-122.3927,37.7097],[-122.3857,37.6794],[-122.3928,37.6652],[-122.3858,37.6663],[-122.3884,37.6576],[-122.3824,37.6537],[-122.3939,37.6493],[-122.3958,37.6393],[-122.3876,37.6386],[-122.3821,37.6306],[-122.3697,37.625],[-122.3712,37.6199],[-122.3687,37.6164],[-122.3721,37.6127],[-122.3773,37.6125],[-122.3771,37.6062],[-122.352,37.5895],[-122.3369,37.5876],[-122.3236,37.5907],[-122.3181,37.5822],[-122.299,37.5713],[-122.2918,37.5637],[-122.2884,37.5656],[-122.2943,37.5687],[-122.2927,37.5714],[-122.2636,37.5716],[-122.2497,37.5574],[-122.2496,37.5529],[-122.2564,37.5496],[-122.2566,37.5387],[-122.252,37.5406],[-122.2533,37.5447],[-122.246,37.5516],[-122.2333,37.5515],[-122.2279,37.5475],[-122.2333,37.5365],[-122.2231,37.5435],[-122.2178,37.5405],[-122.2038,37.5403],[-122.1976,37.5305],[-122.2102,37.5252],[-122.216,37.5083],[-122.2093,37.5144],[-122.1912,37.5138],[-122.2054,37.519],[-122.2009,37.5227],[-122.1908,37.5179],[-122.1845,37.5208],[-122.1789,37.5096],[-122.1675,37.4985],[-122.1576,37.4974],[-122.1586,37.4937],[-122.155,37.4897],[-122.1469,37.4908],[-122.1545,37.4943],[-122.1523,37.4975],[-122.1542,37.5006],[-122.1411,37.5081],[-122.1364,37.5064],[-122.1285,37.4971],[-122.1267,37.4772],[-122.1229,37.4695],[-122.1011,37.4582],[-122.0974,37.4529],[-122.0688,37.4489],[-122.0646,37.4449],[-122.0394,37.4514],[-122.0312,37.4493],[-122.0395,37.455],[-122.0287,37.462],[-122.024,37.4603],[-122.0202,37.4522],[-122.0211,37.459],[-122.0171,37.4618],[-121.995,37.4614],[-121.9917,37.4628],[-121.9923,37.4664],[-121.997,37.4686],[-122.0423,37.469],[-122.0515,37.4661],[-122.0558,37.4746],[-122.0543,37.4805],[-122.0568,37.4868],[-122.0535,37.4928],[-122.0823,37.5012],[-122.0871,37.5057],[-122.0968,37.5014],[-122.1113,37.5029],[-122.1132,37.5237],[-122.1202,37.5408],[-122.149,37.5828],[-122.1506,37.5941],[-122.1474,37.6019],[-122.1655,37.6686],[-122.1823,37.6827],[-122.1929,37.7034],[-122.1981,37.7023],[-122.204,37.7058],[-122.2008,37.7127],[-122.2124,37.7111],[-122.216,37.6992],[-122.2219,37.7],[-122.2447,37.7185],[-122.2377,37.7205],[-122.2333,37.7269],[-122.2504,37.732],[-122.2564,37.7378],[-122.2554,37.7423],[-122.2518,37.7374],[-122.2442,37.7367],[-122.2387,37.7468],[-122.2318,37.7478],[-122.2218,37.7453],[-122.2126,37.7328],[-122.2109,37.7352],[-122.2178,37.7468],[-122.2136,37.7433],[-122.2107,37.7451],[-122.2194,37.7585],[-122.2212,37.7608],[-122.2264,37.7593],[-122.2319,37.7682],[-122.245,37.7757],[-122.2488,37.7833],[-122.256,37.7872],[-122.2617,37.7848],[-122.2889,37.796],[-122.2999,37.793],[-122.3268,37.7965],[-122.3271,37.8042],[-122.3354,37.809],[-122.3256,37.811],[-122.3183,37.8189],[-122.3131,37.8194],[-122.3329,37.819],[-122.3342,37.8221],[-122.3187,37.8284],[-122.303,37.8301],[-122.3074,37.8377],[-122.3041,37.8423],[-122.3074,37.854],[-122.3125,37.8639],[-122.3184,37.8674],[-122.3121,37.8707],[-122.321,37.89],[-122.3141,37.8911],[-122.3154,37.8942],[-122.3243,37.8981],[-122.3233,37.9026],[-122.3299,37.9079],[-122.3497,37.9075],[-122.3521,37.9083],[-122.35,37.9134],[-122.3535,37.9146],[-122.3615,37.909],[-122.3704,37.9138],[-122.3677,37.9048],[-122.3766,37.9073],[-122.3744,37.9114],[-122.3826,37.9126],[-122.3906,37.9088],[-122.3868,37.9152],[-122.3887,37.9197],[-122.3941,37.9232],[-122.3955,37.9282],[-122.4137,37.9314],[-122.4147,37.9427],[-122.4242,37.947],[-122.4227,37.9534],[-122.4319,37.964],[-122.4149,37.9622],[-122.4112,37.9564],[-122.3994,37.9539],[-122.3983,37.9562],[-122.4013,37.9573],[-122.3905,37.965],[-122.3896,37.9727],[-122.3734,37.9754],[-122.3645,37.9865],[-122.363,37.9938],[-122.3672,37.9959],[-122.3716,38.0054],[-122.3695,38.0104],[-122.3536,38.0076],[-122.3416,38.0011],[-122.3346,38.0012],[-122.3198,38.0093],[-122.3052,38.0101],[-122.2938,38.0171],[-122.2922,38.0217],[-122.2875,38.0223],[-122.2782,38.037],[-122.2678,38.0413],[-122.2635,38.0509],[-122.2415,38.0582],[-122.1898,38.0517],[-122.1691,38.029],[-122.1508,38.0226],[-122.1328,38.0271],[-122.1144,38.039],[-122.0757,38.0487],[-122.0735,38.0528],[-122.0547,38.0505],[-122.0287,38.0578],[-122.0063,38.0528],[-121.994,38.0535],[-121.9804,38.0475],[-121.9494,38.049],[-121.9111,38.0393],[-121.8878,38.0416],[-121.8877,38.0371],[-121.8728,38.0301],[-121.8558,38.0291],[-121.8199,38.0189],[-121.7818,38.0141],[-121.7551,38.0201],[-121.7243,38.0084],[-121.7149,38.0072],[-121.7098,38.0109],[-121.7015,38.0065],[-121.6854,38.0159],[-121.6939,38.0253],[-121.7033,38.0274],[-121.7131,38.0222],[-121.7261,38.027],[-121.7233,38.0315],[-121.7087,38.0341],[-121.6955,38.042],[-121.6837,38.0554],[-121.6755,38.0564],[-121.6787,38.0863],[-121.6643,38.0924],[-121.6447,38.0842],[-121.6273,38.0867],[-121.6246,38.0968],[-121.6095,38.1002],[-121.5811,38.0902],[-121.5809,38.0812],[-121.5766,38.0736],[-121.5835,38.0698],[-121.5845,38.0634],[-121.5956,38.0642],[-121.6141,38.0575],[-121.6195,38.0624],[-121.6236,38.0614],[-121.6303,38.0509],[-121.6383,38.0453],[-121.6352,38.0394],[-121.63,38.0391],[-121.6066,38.0177],[-121.5968,38.0252],[-121.5847,38.029],[-121.5861,38.0389],[-121.5825,38.0562],[-121.5782,38.069],[-121.5753,38.0699],[-121.5653,38.0665],[-121.5615,38.0575],[-121.5568,38.0553],[-121.5392,38.0538],[-121.5384,38.0452],[-121.5268,38.0295],[-121.5284,38.0227],[-121.5225,38.0192],[-121.5217,38.011],[-121.5193,38.011],[-121.5166,38.0197],[-121.5045,38.0249],[-121.5243,38.0227],[-121.526,38.0431],[-121.5169,38.0523],[-121.5104,38.0497],[-121.509,38.0393],[-121.5025,38.0358],[-121.505,38.043],[-121.4884,38.0356],[-121.4631,38.0496],[-121.4417,38.0372],[-121.4196,38.0412],[-121.4108,38.0395],[-121.4103,38.0427],[-121.4197,38.0453],[-121.4319,38.0428],[-121.4495,38.0444],[-121.4538,38.0515],[-121.4621,38.0546],[-121.4868,38.0388],[-121.5039,38.0467],[-121.51,38.0538],[-121.5317,38.0566],[-121.5331,38.0661],[-121.5361,38.0679],[-121.5552,38.0599],[-121.5566,38.0689],[-121.5698,38.0809],[-121.5687,38.0855],[-121.573,38.0931],[-121.5655,38.0964],[-121.6056,38.1075],[-121.6306,38.1021],[-121.6352,38.0993],[-121.6373,38.0902],[-121.6402,38.0892],[-121.6621,38.0979],[-121.6783,38.0935],[-121.6885,38.082],[-121.6863,38.0648],[-121.6919,38.0584],[-121.7016,38.0501],[-121.7449,38.0307],[-121.7612,38.029],[-121.7866,38.0376],[-121.7898,38.0466],[-121.7865,38.0526],[-121.7929,38.0543],[-121.7861,38.0612],[-121.7429,38.082],[-121.7194,38.0797],[-121.7068,38.0871],[-121.7066,38.1012],[-121.6927,38.1232],[-121.683,38.1519],[-121.6678,38.1717],[-121.6597,38.1755],[-121.6705,38.1778],[-121.6885,38.1605],[-121.71,38.1166],[-121.7432,38.0906],[-121.749,38.09],[-121.7927,38.0661],[-121.8066,38.0622],[-121.8456,38.0737],[-121.8596,38.0734],[-121.8654,38.0724],[-121.8744,38.0604],[-121.9021,38.0495],[-121.9332,38.0516],[-121.9362,38.0547],[-121.9223,38.0581],[-121.9214,38.0686],[-121.91,38.0756],[-121.9137,38.081],[-121.9248,38.0817],[-121.9556,38.0752],[-121.9615,38.0782],[-121.9754,38.0739],[-121.9887,38.0849],[-121.9986,38.0856],[-122.02,38.0947],[-121.9946,38.1048],[-121.9938,38.1087],[-121.9838,38.1136],[-121.9847,38.1226],[-122.0016,38.1395],[-122.0605,38.1338],[-122.0603,38.1433],[-122.0406,38.1677],[-122.0243,38.1685],[-122.0064,38.1766],[-122.0019,38.1826],[-122.0027,38.1871],[-122.0249,38.1703],[-122.0355,38.1719],[-122.0465,38.1667],[-122.065,38.1427],[-122.0638,38.1251],[-122.0747,38.1203],[-122.0681,38.1155],[-122.0752,38.1008],[-122.1202,38.0657],[-122.134,38.0438],[-122.1644,38.0431],[-122.1664,38.0508],[-122.1843,38.0613],[-122.1893,38.0684],[-122.1945,38.0683],[-122.1989,38.0601],[-122.2103,38.0666],[-122.2318,38.0639],[-122.2402,38.0696],[-122.2744,38.1092],[-122.2801,38.1199],[-122.2699,38.1433],[-122.2813,38.1507],[-122.2937,38.1536],[-122.2852,38.1765],[-122.2972,38.1848],[-122.3112,38.1836],[-122.3157,38.1926],[-122.3086,38.2072],[-122.3115,38.2212],[-122.2909,38.2339],[-122.2861,38.2467],[-122.289,38.2471],[-122.2944,38.2339],[-122.3139,38.2225],[-122.3127,38.2062],[-122.3188,38.1979],[-122.3207,38.1857],[-122.3265,38.1851],[-122.3132,38.1749],[-122.299,38.1707],[-122.3013,38.1548],[-122.2994,38.1499],[-122.2867,38.1402],[-122.2885,38.1252],[-122.2846,38.1148],[-122.2559,38.0824],[-122.2527,38.0766],[-122.2543,38.0702],[-122.2584,38.0714],[-122.2617,38.0673],[-122.271,38.0657],[-122.2743,38.0734],[-122.3126,38.1115],[-122.361,38.138],[-122.4078,38.1528],[-122.4125,38.1377],[-122.4352,38.1208],[-122.4526,38.1154],[-122.4558,38.1222],[-122.4632,38.1165],[-122.4986,38.1107],[-122.4907,38.1041],[-122.4915,38.0936],[-122.4879,38.0906],[-122.4866,38.0738],[-122.5019,38.0326],[-122.4996,38.02],[-122.4845,38.0086],[-122.4632,38.0005],[-122.4535,37.9916],[-122.4521,37.9858],[-122.4588,37.9802],[-122.4719,37.9844],[-122.4796,37.9733],[-122.497,37.9702],[-122.4992,37.9674],[-122.5007,37.961],[-122.4942,37.9589],[-122.4903,37.9481],[-122.482,37.9451],[-122.4818,37.9406],[-122.4945,37.9367],[-122.5111,37.944],[-122.5075,37.9404],[-122.504,37.9265],[-122.4868,37.9201],[-122.4808,37.9157],[-122.4774,37.9035],[-122.4612,37.8939],[-122.4524,37.8937],[-122.4415,37.8822],[-122.4539,37.8714],[-122.465,37.8712],[-122.4666,37.868],[-122.4617,37.8626],[-122.4737,37.8696],[-122.4762,37.8745],[-122.4741,37.8814],[-122.4904,37.8941],[-122.506,37.891],[-122.5009,37.8789],[-122.5084,37.8778],[-122.5094,37.8742],[-122.4807,37.8563],[-122.4821,37.8472],[-122.4752,37.836],[-122.4803,37.8323],[-122.4806,37.825],[-122.49,37.827],[-122.5061,37.8203],[-122.5109,37.8243],[-122.5232,37.8253],[-122.5306,37.8206],[-122.5309,37.8151],[-122.5391,37.8304],[-122.5498,37.8342],[-122.5645,37.8515],[-122.5776,37.8584],[-122.5864,37.8582],[-122.6051,37.875],[-122.6299,37.8811],[-122.6325,37.8874],[-122.6476,37.8993],[-122.6794,37.9062],[-122.7034,37.8937],[-122.7271,37.9026],[-122.7344,37.9219],[-122.7542,37.9341],[-122.7659,37.9361],[-122.7721,37.9427],[-122.7779,37.943],[-122.7799,37.9479],[-122.7851,37.9478],[-122.7867,37.9573],[-122.8005,37.9769],[-122.8102,37.9848],[-122.8148,37.9851],[-122.8302,38.0006],[-122.8726,38.0216],[-122.9321,38.0318],[-122.9209,38.0289],[-122.8929,38.0301],[-122.8961,38.0364],[-122.8999,38.0313],[-122.9106,38.0337],[-122.9083,38.0474],[-122.9119,38.05],[-122.9182,38.0335],[-122.9329,38.0354],[-122.9343,38.0417],[-122.9397,38.0442],[-122.9349,38.0544],[-122.91,38.0723],[-122.9147,38.0731],[-122.9215,38.0683],[-122.9257,38.0705],[-122.929,38.0645],[-122.9347,38.0625],[-122.9376,38.0747],[-122.9337,38.0902],[-122.9388,38.0869],[-122.9463,38.0604],[-122.9551,38.061],[-122.9562,38.0719],[-122.9593,38.075],[-122.9592,38.0605],[-122.9532,38.0566],[-122.9517,38.0503],[-122.9636,38.054],[-122.9387,38.0338],[-122.968,38.0244],[-122.9842,38.0072],[-122.9837,37.9981],[-122.9689,37.9931],[-122.9669,37.9891],[-122.9782,37.9928],[-123.0245,37.9942],[-123.0229,37.9983],[-123.0126,38.0041],[-122.995,38.0377],[-122.9685,38.0974],[-122.9506,38.1514],[-122.9558,38.1753],[-122.9684,38.1822],[-122.9693,38.2012],[-122.9816,38.2131],[-122.9832,38.2212],[-122.9968,38.2372],[-122.9958,38.2408],[-122.9838,38.2348],[-122.9781,38.2255],[-122.9494,38.2013],[-122.9474,38.1964],[-122.952,38.1931],[-122.9438,38.1933],[-122.9347,38.1868],[-122.9176,38.1605],[-122.9098,38.1562],[-122.9114,38.1516],[-122.8991,38.1393],[-122.8988,38.1338],[-122.8905,38.1309],[-122.8399,38.0874],[-122.8317,38.0862],[-122.8295,38.0895],[-122.8449,38.1063],[-122.8537,38.1065],[-122.854,38.1142],[-122.8659,38.1179],[-122.8645,38.1252],[-122.873,38.1314],[-122.8762,38.139],[-122.8913,38.1485],[-122.8984,38.1619],[-122.9032,38.1645],[-122.9153,38.186],[-122.9214,38.1903],[-122.9273,38.2042],[-122.9257,38.2201],[-122.9352,38.2113],[-122.9473,38.2195],[-122.9547,38.2144],[-122.9561,38.2315],[-122.9743,38.2329],[-122.9702,38.2445],[-122.9713,38.2542],[-122.9796,38.2685],[-122.9967,38.283],[-123.0032,38.2964],[-123.0291,38.3116],[-123.0362,38.3127],[-123.0479,38.3119],[-123.06,38.3066],[-123.0539,38.3027],[-123.0561,38.2985],[-123.0663,38.3023],[-123.071,38.3153],[-123.0807,38.3223],[-123.0761,38.3229],[-123.0739,38.327],[-123.0705,38.353],[-123.074,38.3651],[-123.0887,38.3897],[-123.0948,38.3936],[-123.0988,38.3925],[-123.1045,38.4114],[-123.1235,38.4285],[-123.1251,38.4371],[-123.1305,38.4388],[-123.1316,38.4496],[-123.146,38.4551],[-123.1879,38.4839],[-123.1856,38.4951],[-123.1728,38.4937],[-123.157,38.4813],[-123.148,38.4838],[-123.1414,38.482],[-123.134,38.472],[-123.1307,38.4602],[-123.1252,38.4576],[-123.1028,38.4552],[-123.0788,38.459],[-123.0622,38.4547],[-123.0624,38.4476],[-123.0727,38.4441],[-123.0901,38.4503],[-123.0973,38.4496],[-123.1015,38.4368],[-123.0907,38.4365],[-123.0859,38.4301],[-123.0544,38.4132],[-123.0536,38.3852],[-123.05,38.3778],[-123.0249,38.3742],[-123.011,38.365],[-122.9904,38.3592],[-122.9868,38.3526],[-122.9625,38.3594],[-122.9424,38.3769],[-122.9338,38.3702],[-122.9293,38.3704],[-122.9273,38.3755],[-122.8572,38.3686],[-122.849,38.3749],[-122.844,38.3862],[-122.8485,38.4044],[-122.8461,38.4234],[-122.8576,38.4507],[-122.8544,38.4621],[-122.8435,38.4661],[-122.8451,38.4729],[-122.8599,38.4884],[-122.8653,38.5141],[-122.8719,38.51],[-122.8755,38.4981],[-122.8955,38.4996],[-122.8963,38.5028],[-122.8893,38.5083],[-122.9034,38.5276],[-122.8996,38.5297],[-122.8858,38.5212],[-122.8725,38.525],[-122.8756,38.5703],[-122.8854,38.5885],[-122.8978,38.6235],[-122.8731,38.6482],[-122.8775,38.6524],[-122.883,38.6771],[-122.8925,38.6967],[-122.969,38.7426],[-123.0095,38.7752],[-123.0154,38.7725],[-123.0202,38.7766],[-123.0711,38.7937],[-123.0991,38.7864],[-123.1087,38.7877],[-123.0848,38.7949],[-123.0913,38.8408],[-123.0863,38.8401],[-123.1004,38.8772],[-123.1145,38.9015],[-123.1676,38.9591],[-123.1772,38.9716],[-123.1857,38.9937],[-123.1973,38.9989],[-123.1951,39.0016],[-123.2005,39.0111],[-123.2068,39.0404],[-123.2271,39.0801],[-123.2366,39.1048],[-123.2401,39.1247],[-123.2506,39.1271],[-123.2489,39.1376],[-123.2539,39.1672],[-123.2719,39.2199],[-123.2719,39.2683],[-123.2696,39.2868],[-123.2545,39.3319],[-123.2311,39.3248],[-123.2315,39.3378],[-123.2221,39.3442],[-123.2156,39.3406],[-123.2159,39.3246],[-123.2101,39.3154],[-123.1898,39.3056],[-123.1793,39.2842],[-123.1703,39.2747],[-123.1486,39.2734],[-123.1151,39.2843],[-123.1096,39.2797],[-123.1091,39.2664],[-123.078,39.2635],[-123.0746,39.2674],[-123.076,39.274],[-123.0714,39.2794],[-123.0564,39.288],[-123.0407,39.293],[-123.0337,39.2923],[-123.0169,39.278],[-123.0201,39.2586],[-123.011,39.2468],[-123.0106,39.2355],[-122.9967,39.2321],[-122.9779,39.2177],[-122.9596,39.2132],[-122.9328,39.1954],[-122.9287,39.1894],[-122.9332,39.1714],[-122.9313,39.168],[-122.9245,39.1663],[-122.9082,39.194],[-122.9151,39.2053],[-122.9266,39.2099],[-122.9256,39.2147],[-122.9378,39.2307],[-122.9413,39.2435],[-122.9494,39.2567],[-122.9424,39.2583],[-122.9194,39.2393],[-122.8975,39.2352],[-122.8623,39.2034],[-122.8254,39.2022],[-122.8175,39.1985],[-122.8154,39.1904],[-122.8268,39.1801],[-122.8262,39.1673],[-122.7945,39.1578],[-122.7905,39.1422],[-122.7829,39.1346],[-122.7936,39.1246],[-122.792,39.1172],[-122.7629,39.0861],[-122.7615,39.0786],[-122.7671,39.0724],[-122.7616,39.0681],[-122.7619,39.0623],[-122.7526,39.0554],[-122.7341,39.0525],[-122.7292,39.0576],[-122.7076,39.0582],[-122.6912,39.0628],[-122.6525,39.0539],[-122.6444,39.0562],[-122.6438,39.0612],[-122.6341,39.0614],[-122.6561,39.0849],[-122.6981,39.1122],[-122.727,39.1301],[-122.7366,39.1339],[-122.7486,39.1339],[-122.7642,39.1546],[-122.763,39.1621],[-122.7461,39.1696],[-122.7617,39.1771],[-122.7653,39.1856],[-122.7593,39.1902],[-122.7412,39.1921],[-122.7424,39.208],[-122.77,39.2287],[-122.8158,39.2476],[-122.8049,39.256],[-122.8326,39.2729],[-122.8338,39.2814],[-122.8567,39.287],[-122.8531,39.2945],[-122.8386,39.2926],[-122.8386,39.2992],[-122.8639,39.3133],[-122.8748,39.333],[-122.9098,39.3659],[-122.9158,39.3762],[-122.9291,39.3818],[-122.946,39.3997],[-122.9472,39.41],[-122.9375,39.4015],[-122.9266,39.3987],[-122.9122,39.3874],[-122.9037,39.3856],[-122.9145,39.4006],[-122.9132,39.4101],[-122.8878,39.4188],[-122.8861,39.4251],[-122.892,39.4327],[-122.8634,39.4419],[-122.8636,39.4493],[-122.8582,39.4612],[-122.8499,39.4672],[-122.8434,39.4653],[-122.8334,39.4686],[-122.8105,39.4625],[-122.7991,39.4669],[-122.7918,39.4658],[-122.7901,39.4639],[-122.7972,39.4577],[-122.8137,39.4492],[-122.8167,39.4417],[-122.8226,39.4389],[-122.8292,39.4281],[-122.8423,39.4251],[-122.8494,39.4154],[-122.8449,39.4066],[-122.8587,39.4036],[-122.8602,39.3926],[-122.8386,39.3787],[-122.8377,39.3707],[-122.8295,39.3654],[-122.8128,39.3724],[-122.8048,39.3714],[-122.7816,39.3462],[-122.7802,39.3417],[-122.7848,39.3366],[-122.8058,39.3349],[-122.8124,39.3309],[-122.8107,39.3279],[-122.7968,39.3241],[-122.7978,39.3177],[-122.8219,39.3203],[-122.8263,39.3147],[-122.8117,39.3077],[-122.7781,39.3039],[-122.7796,39.2987],[-122.7997,39.2918],[-122.802,39.2823],[-122.7996,39.2785],[-122.7559,39.2781],[-122.7161,39.2518],[-122.7148,39.245],[-122.7179,39.2394],[-122.7144,39.2349],[-122.7183,39.23],[-122.7087,39.2258],[-122.7174,39.2212],[-122.7129,39.2142],[-122.7098,39.2142],[-122.6945,39.2248],[-122.6866,39.2182],[-122.6682,39.2248],[-122.6492,39.2421],[-122.6373,39.2437],[-122.638,39.2483],[-122.6454,39.2532],[-122.6328,39.2555],[-122.6287,39.2621],[-122.6445,39.2708],[-122.6374,39.2736],[-122.615,39.2727],[-122.6141,39.2898],[-122.6038,39.3025],[-122.6044,39.3083],[-122.6121,39.3141],[-122.611,39.3241],[-122.6141,39.3267],[-122.6351,39.3267],[-122.6592,39.31],[-122.6752,39.3095],[-122.6843,39.3139],[-122.6719,39.3194],[-122.6736,39.3249],[-122.7008,39.3292],[-122.7041,39.338],[-122.7087,39.3411],[-122.723,39.3348],[-122.729,39.3363],[-122.7192,39.3464],[-122.7022,39.3542],[-122.6788,39.3534],[-122.6747,39.3562],[-122.6745,39.3739],[-122.6889,39.3785],[-122.7167,39.3777],[-122.7152,39.3832],[-122.6762,39.384],[-122.6578,39.3766],[-122.6564,39.3873],[-122.6398,39.4059],[-122.6422,39.4069],[-122.6399,39.4149],[-122.6605,39.4308],[-122.6652,39.4433],[-122.672,39.4457],[-122.6709,39.4538],[-122.6825,39.4571],[-122.6812,39.4634],[-122.6528,39.4496],[-122.6281,39.4517],[-122.6144,39.4482],[-122.6096,39.4442],[-122.6096,39.4382],[-122.6283,39.4359],[-122.6264,39.4316],[-122.576,39.4241],[-122.557,39.4136],[-122.5509,39.4134],[-122.5477,39.4182],[-122.5493,39.4225],[-122.5678,39.4349],[-122.5687,39.4445],[-122.5576,39.4421],[-122.5536,39.4492],[-122.5794,39.4785],[-122.5865,39.4669],[-122.5989,39.464],[-122.6214,39.4666],[-122.654,39.4766],[-122.6975,39.4771],[-122.6994,39.4872],[-122.685,39.4935],[-122.6985,39.5009],[-122.6969,39.5105],[-122.6829,39.5117],[-122.6617,39.5001],[-122.6491,39.4998],[-122.6403,39.5052],[-122.6395,39.5127],[-122.6538,39.5158],[-122.6676,39.5122],[-122.6714,39.5197],[-122.6645,39.526],[-122.6319,39.5223],[-122.6291,39.5372],[-122.6409,39.5392],[-122.6567,39.5361],[-122.6605,39.5393],[-122.6519,39.5477],[-122.6362,39.5493],[-122.6331,39.5637],[-122.6357,39.5675],[-122.6498,39.5644],[-122.6728,39.5685],[-122.6847,39.5665],[-122.6985,39.5719],[-122.696,39.5765],[-122.6831,39.5744],[-122.6789,39.5839],[-122.6695,39.5809],[-122.6477,39.5813],[-122.6483,39.5877],[-122.658,39.5939],[-122.6477,39.5984],[-122.6501,39.6019],[-122.6596,39.6039],[-122.652,39.6074],[-122.6527,39.6108],[-122.6857,39.6112],[-122.7057,39.5987],[-122.7132,39.602],[-122.7112,39.6053],[-122.7022,39.6075],[-122.695,39.6182],[-122.7127,39.6215],[-122.7158,39.6238],[-122.7144,39.6266],[-122.6546,39.6309],[-122.6519,39.6346],[-122.694,39.6428],[-122.7259,39.6403],[-122.736,39.6428],[-122.7306,39.6488],[-122.7104,39.6558],[-122.6762,39.6537],[-122.6754,39.6588],[-122.6911,39.666],[-122.6872,39.6688],[-122.6765,39.6678],[-122.6762,39.6802],[-122.689,39.6792],[-122.7018,39.6888],[-122.7103,39.6879],[-122.7185,39.6923],[-122.7229,39.6878],[-122.7216,39.6735],[-122.7246,39.6689],[-122.7604,39.6554],[-122.7795,39.659],[-122.7843,39.6668],[-122.7663,39.6766],[-122.7655,39.6854],[-122.7596,39.6899],[-122.7477,39.7116],[-122.7525,39.7139],[-122.7725,39.7072],[-122.7842,39.7075],[-122.7926,39.7134],[-122.7964,39.7254],[-122.789,39.7355],[-122.7827,39.7386],[-122.7508,39.7386],[-122.7508,39.7422],[-122.7609,39.7477],[-122.7601,39.7561],[-122.7715,39.7622],[-122.7791,39.757],[-122.7895,39.7587],[-122.8131,39.7527],[-122.8168,39.7542],[-122.8175,39.7585],[-122.7984,39.7706],[-122.8003,39.7764],[-122.8151,39.7769],[-122.8243,39.7805],[-122.838,39.778],[-122.8493,39.7906],[-122.8726,39.7911],[-122.8706,39.7956],[-122.8575,39.7963],[-122.8327,39.7899],[-122.8291,39.7942],[-122.8329,39.7982],[-122.847,39.8047],[-122.8667,39.8034],[-122.8839,39.8069],[-122.8926,39.8161],[-122.9094,39.8164],[-122.9142,39.8192],[-122.91,39.8262],[-122.8878,39.8336],[-122.8774,39.8309],[-122.8644,39.8173],[-122.8485,39.8276],[-122.8292,39.8299],[-122.8009,39.8177],[-122.7961,39.8085],[-122.7986,39.8016],[-122.7964,39.7969],[-122.7828,39.7981],[-122.7731,39.7924],[-122.7675,39.7932],[-122.7626,39.8005],[-122.7523,39.8051],[-122.7459,39.815],[-122.7406,39.8155],[-122.7282,39.8093],[-122.7266,39.8023],[-122.7169,39.7968],[-122.7105,39.7805],[-122.66,39.7527],[-122.6491,39.7551],[-122.6499,39.7637],[-122.6617,39.776],[-122.6601,39.7888],[-122.6766,39.7977],[-122.6732,39.811],[-122.6763,39.8165],[-122.695,39.822],[-122.715,39.842],[-122.7501,39.8402],[-122.7684,39.8572],[-122.7849,39.8567],[-122.8102,39.8657],[-122.8398,39.8677],[-122.8634,39.9055],[-122.8728,39.9155],[-122.872,39.9187],[-122.8497,39.9329],[-122.8454,39.9287],[-122.8496,39.9193],[-122.8417,39.9095],[-122.8423,39.8928],[-122.8363,39.8832],[-122.8214,39.8824],[-122.8019,39.8866],[-122.7738,39.8743],[-122.7653,39.8772],[-122.7595,39.8903],[-122.7481,39.8858],[-122.7286,39.8913],[-122.7257,39.8877],[-122.7329,39.8767],[-122.7305,39.8714],[-122.7023,39.869],[-122.6892,39.8648],[-122.6836,39.8845],[-122.6827,39.9216],[-122.6721,39.9722],[-122.674,39.9792],[-122.682,39.9882],[-122.6799,39.9999],[-122.6718,40.0144],[-122.6821,40.0418],[-122.6874,40.07],[-122.6991,40.0797],[-122.7062,40.0748],[-122.7123,40.0778],[-122.742,40.1137],[-122.7549,40.1337],[-122.7558,40.1399],[-122.7651,40.1457],[-122.7748,40.1641],[-122.7954,40.1647],[-122.8071,40.1782],[-122.8193,40.1761],[-122.8296,40.1804],[-122.8323,40.1862],[-122.8426,40.1894],[-122.8744,40.2149],[-122.8766,40.2209],[-122.8654,40.2366],[-122.8659,40.2458],[-122.8708,40.2468],[-122.8874,40.2362],[-122.8911,40.239],[-122.8894,40.2462],[-122.878,40.2603],[-122.8773,40.2747],[-122.8819,40.2809],[-122.8966,40.2805],[-122.8983,40.2739],[-122.9042,40.2705],[-122.9208,40.2711],[-122.9228,40.2675],[-122.9181,40.2592],[-122.9181,40.2519],[-122.9239,40.2455],[-122.932,40.2431],[-122.9369,40.2455],[-122.9401,40.2536],[-122.9406,40.263],[-122.9357,40.2742],[-122.9389,40.2795],[-122.971,40.2766],[-122.9911,40.2927],[-123.0115,40.2994],[-123.0296,40.3008],[-123.0329,40.3042],[-123.0255,40.3093],[-123.0093,40.3125],[-123.0074,40.317],[-123.0121,40.3253],[-123.0106,40.3286],[-122.9878,40.3176],[-122.9618,40.3109],[-122.9479,40.3089],[-122.941,40.3119],[-122.9375,40.3545],[-122.9218,40.3668],[-122.9189,40.3762],[-122.9197,40.3825],[-122.9256,40.3887],[-122.9195,40.3925],[-122.9202,40.3985],[-122.9328,40.4067],[-122.9176,40.4159],[-122.9279,40.4292],[-122.9279,40.4343],[-122.9223,40.4398],[-122.9015,40.4483],[-122.901,40.4524],[-122.9081,40.4612],[-122.8969,40.4622],[-122.8907,40.4661],[-122.8805,40.496],[-122.8684,40.4785],[-122.8623,40.4748],[-122.8476,40.4758],[-122.8191,40.484],[-122.7928,40.4796],[-122.781,40.4674],[-122.7712,40.436],[-122.7614,40.4291],[-122.7334,40.434],[-122.7111,40.4481],[-122.6623,40.4712],[-122.6186,40.4852],[-122.5694,40.4905],[-122.5589,40.5004],[-122.5559,40.5102],[-122.5561,40.5327],[-122.5622,40.552],[-122.584,40.5888],[-122.5931,40.5946],[-122.5776,40.6031],[-122.5812,40.6115],[-122.5903,40.6196],[-122.5965,40.6209],[-122.6004,40.6179],[-122.6036,40.6074],[-122.6117,40.6065],[-122.6304,40.6269],[-122.6919,40.6536],[-122.719,40.6759],[-122.7483,40.6858],[-122.7488,40.6935],[-122.7438,40.6962],[-122.7249,40.6952],[-122.719,40.7085],[-122.7118,40.7113],[-122.7087,40.7163],[-122.685,40.6996],[-122.6783,40.6982],[-122.669,40.7018],[-122.6569,40.7217],[-122.6387,40.7298],[-122.635,40.741],[-122.6214,40.7607],[-122.6243,40.7725],[-122.6157,40.7926],[-122.6004,40.7868],[-122.5937,40.771],[-122.5869,40.7674],[-122.5681,40.7723],[-122.5357,40.795],[-122.5296,40.792],[-122.5274,40.7815],[-122.5294,40.7777],[-122.561,40.7595],[-122.5817,40.7519],[-122.6005,40.7367],[-122.5884,40.7339],[-122.5519,40.7502],[-122.5418,40.7466],[-122.5408,40.7423],[-122.545,40.7348],[-122.5556,40.7265],[-122.5788,40.7188],[-122.6205,40.7121],[-122.6269,40.7048],[-122.6232,40.6967],[-122.6094,40.6986],[-122.5643,40.7147],[-122.5557,40.7134],[-122.5513,40.7085],[-122.551,40.692],[-122.514,40.7145],[-122.4776,40.7243],[-122.4605,40.7251],[-122.4438,40.7344],[-122.4329,40.7368],[-122.4312,40.7306],[-122.426,40.7287],[-122.4253,40.721],[-122.4121,40.7133],[-122.3959,40.6968],[-122.3836,40.7014],[-122.3692,40.7123],[-122.3458,40.7147],[-122.3539,40.7254],[-122.3531,40.7289],[-122.3369,40.7246],[-122.3287,40.7343],[-122.3127,40.7395],[-122.3001,40.7318],[-122.3007,40.725],[-122.2871,40.7252],[-122.2931,40.7145],[-122.286,40.7066],[-122.2811,40.7086],[-122.2766,40.7187],[-122.2719,40.7169],[-122.2678,40.7082],[-122.2636,40.7074],[-122.2515,40.71],[-122.246,40.7192],[-122.2393,40.7233],[-122.2182,40.723],[-122.2008,40.7361],[-122.1962,40.7323],[-122.2088,40.7208],[-122.2083,40.7174],[-122.1921,40.7162],[-122.1783,40.7112],[-122.1615,40.7177],[-122.148,40.7119],[-122.1136,40.7063],[-122.1068,40.698],[-122.1128,40.6884],[-122.1121,40.6845],[-122.0945,40.6951],[-122.0819,40.6958],[-122.0796,40.6856],[-122.0833,40.6547],[-122.0636,40.6615],[-122.0489,40.675],[-121.9879,40.6991],[-121.9118,40.6735],[-121.9082,40.6691],[-121.9096,40.6514],[-121.9282,40.6344],[-121.9607,40.6135],[-121.9912,40.611],[-121.9977,40.6054],[-121.9924,40.5977],[-121.9655,40.5963],[-121.945,40.5982],[-121.9253,40.6101],[-121.9082,40.6115],[-121.9022,40.6101],[-121.8943,40.5993],[-121.873,40.597],[-121.8726,40.5903],[-121.891,40.5806],[-121.8934,40.5749],[-121.8909,40.5718],[-121.8776,40.5756],[-121.8757,40.5618],[-121.8928,40.5603],[-121.9041,40.5553],[-121.9012,40.5507],[-121.8783,40.5484],[-121.8814,40.5441],[-121.9099,40.5305],[-121.9177,40.5302],[-121.9135,40.524],[-121.9182,40.5204],[-121.9232,40.5214],[-121.9249,40.5271],[-121.9106,40.5412],[-121.9168,40.5425],[-121.935,40.5369],[-121.9444,40.5307],[-121.9537,40.5313],[-121.9583,40.5361],[-121.9843,40.5242],[-122.0132,40.534],[-122.0474,40.5263],[-122.0803,40.526],[-122.0873,40.5217],[-122.0854,40.5115],[-122.0788,40.5076],[-122.0503,40.5091],[-122.0162,40.5035],[-122.0119,40.498],[-122.0154,40.4864],[-122.0123,40.4753],[-122.0154,40.4631],[-122.0006,40.4524],[-121.9914,40.4548],[-121.9866,40.4599],[-121.9868,40.4708],[-121.9939,40.4802],[-121.9981,40.4944],[-121.996,40.5003],[-121.9907,40.503],[-121.9794,40.5057],[-121.9666,40.4971],[-121.9676,40.4862],[-121.9605,40.4705],[-121.9531,40.4666],[-121.9307,40.4696],[-121.8981,40.4813],[-121.885,40.482],[-121.8824,40.4808],[-121.883,40.4729],[-121.8785,40.4707],[-121.8799,40.4666],[-121.9265,40.4575],[-121.9304,40.4523],[-121.9246,40.4439],[-121.9093,40.4433],[-121.891,40.4495],[-121.8806,40.4492],[-121.8767,40.4442],[-121.8827,40.4227],[-121.8793,40.4167],[-121.8608,40.4108],[-121.8389,40.4098],[-121.8257,40.4026],[-121.7922,40.3927],[-121.7994,40.3841],[-121.7976,40.3787],[-121.7669,40.3662],[-121.7162,40.3708],[-121.7079,40.3681],[-121.7135,40.3621],[-121.7117,40.3561],[-121.7166,40.3512],[-121.7513,40.3525],[-121.7757,40.346],[-121.7673,40.3414],[-121.7683,40.3378],[-121.7964,40.3284],[-121.797,40.3248],[-121.7942,40.3238],[-121.7964,40.3179],[-121.8056,40.3173],[-121.8089,40.31],[-121.8142,40.3069],[-121.825,40.3058],[-121.8211,40.2969],[-121.7923,40.2724],[-121.7964,40.2644],[-121.7936,40.2579],[-121.7888,40.2574],[-121.779,40.2629],[-121.774,40.2612],[-121.793,40.2293],[-121.7683,40.2236],[-121.767,40.2172],[-121.7715,40.2094],[-121.7694,40.2065],[-121.7534,40.2097],[-121.7111,40.1997],[-121.6688,40.2173],[-121.6486,40.2307],[-121.6364,40.2302],[-121.6295,40.2254],[-121.6326,40.2195],[-121.6565,40.2059],[-121.6987,40.1881],[-121.7101,40.173],[-121.714,40.1585],[-121.7358,40.15],[-121.7299,40.1381],[-121.7135,40.1301],[-121.701,40.1343],[-121.6783,40.1484],[-121.6503,40.1474],[-121.6492,40.1401],[-121.6615,40.1214],[-121.6685,40.0947],[-121.6709,40.0901],[-121.6829,40.0857],[-121.6842,40.072],[-121.7014,40.0767],[-121.7152,40.0724],[-121.7351,40.0765],[-121.7624,40.0665],[-121.7732,40.0594],[-121.7684,40.0536],[-121.7447,40.0602],[-121.7334,40.0537],[-121.7377,40.0439],[-121.7346,40.019],[-121.746,40.0027],[-121.7534,39.9801],[-121.7525,39.964],[-121.7566,39.939],[-121.7469,39.9242],[-121.7472,39.9081],[-121.7561,39.8936],[-121.7446,39.8901],[-121.7501,39.8807],[-121.7423,39.8789],[-121.736,39.8857],[-121.7299,39.8808],[-121.7247,39.8931],[-121.721,39.8935],[-121.7202,39.8871],[-121.7278,39.8656],[-121.7262,39.8585],[-121.723,39.8589],[-121.7041,39.9018],[-121.6792,39.9226],[-121.6775,39.9485],[-121.6718,39.9638],[-121.6717,39.9234],[-121.6828,39.8988],[-121.6848,39.8768],[-121.6956,39.8617],[-121.6945,39.8527],[-121.6891,39.8501],[-121.6837,39.8661],[-121.6778,39.8628],[-121.6628,39.8734],[-121.6601,39.8723],[-121.6757,39.851],[-121.6706,39.8474],[-121.6836,39.8333],[-121.6801,39.8228],[-121.6688,39.8156],[-121.6544,39.8331],[-121.6322,39.8323],[-121.6249,39.839],[-121.625,39.8132],[-121.6364,39.7921],[-121.6148,39.8166],[-121.6121,39.8154],[-121.6136,39.7973],[-121.6102,39.7927],[-121.6008,39.797],[-121.5887,39.8106],[-121.5846,39.8084],[-121.5965,39.7873],[-121.6079,39.7795],[-121.6331,39.7717],[-121.643,39.7628],[-121.6473,39.7545],[-121.6366,39.7563],[-121.6346,39.7516],[-121.6493,39.7455],[-121.6461,39.7408],[-121.6513,39.7271],[-121.6452,39.7253],[-121.6393,39.7303],[-121.6381,39.7189],[-121.6345,39.7206],[-121.6305,39.7327],[-121.6192,39.7412],[-121.6099,39.7386],[-121.6044,39.7424],[-121.6011,39.7362],[-121.5892,39.7312],[-121.5805,39.7363],[-121.581,39.708],[-121.5775,39.705],[-121.5741,39.7064],[-121.5653,39.7787],[-121.5763,39.8122],[-121.5682,39.8257],[-121.565,39.8233],[-121.5646,39.8032],[-121.5543,39.7917],[-121.5557,39.7851],[-121.5502,39.7782],[-121.5492,39.7695],[-121.5424,39.7683],[-121.5416,39.7608],[-121.5305,39.767],[-121.5258,39.7616],[-121.5332,39.7467],[-121.5307,39.7421],[-121.5195,39.7369],[-121.5071,39.7371],[-121.4825,39.7543],[-121.4811,39.7594],[-121.4764,39.7579],[-121.4804,39.7361],[-121.4735,39.7198],[-121.4374,39.7082],[-121.4403,39.7053],[-121.462,39.7109],[-121.4739,39.7084],[-121.476,39.7003],[-121.4698,39.6853],[-121.4384,39.6772],[-121.4207,39.6818],[-121.4128,39.6953],[-121.4043,39.6957],[-121.4089,39.6906],[-121.4083,39.6835],[-121.4112,39.6796],[-121.4385,39.6601],[-121.4543,39.6597],[-121.4701,39.6665],[-121.4832,39.6625],[-121.4942,39.6454],[-121.4878,39.6321],[-121.4601,39.6172],[-121.4539,39.6107],[-121.4503,39.6111],[-121.4474,39.6171],[-121.4521,39.6246],[-121.4509,39.6312],[-121.4386,39.6391],[-121.4283,39.6521],[-121.4159,39.6585],[-121.4143,39.6242],[-121.3978,39.5989],[-121.3985,39.5952],[-121.4113,39.5867],[-121.4168,39.5782],[-121.416,39.5632],[-121.4121,39.5587],[-121.4235,39.5562],[-121.4207,39.5463],[-121.4076,39.54],[-121.397,39.5419],[-121.3855,39.5288],[-121.372,39.5337],[-121.3659,39.5302],[-121.3565,39.5321],[-121.3261,39.5161],[-121.3239,39.5125],[-121.3265,39.5108],[-121.3561,39.5133],[-121.3607,39.5109],[-121.3614,39.5062],[-121.3577,39.501],[-121.3584,39.4955],[-121.3403,39.5012],[-121.3306,39.4982],[-121.3281,39.4902],[-121.3206,39.4833],[-121.323,39.4748],[-121.3137,39.4596],[-121.3069,39.4595],[-121.2891,39.4757],[-121.2837,39.4772],[-121.2801,39.4742],[-121.2843,39.4473],[-121.3319,39.4275],[-121.3439,39.4079],[-121.33,39.3986],[-121.2924,39.4094],[-121.281,39.4029],[-121.2694,39.4099],[-121.2574,39.4264],[-121.255,39.4345],[-121.2582,39.4429],[-121.2446,39.4441],[-121.2374,39.44],[-121.2373,39.422],[-121.2251,39.4055],[-121.212,39.3993],[-121.2018,39.3815],[-121.1822,39.3681],[-121.1978,39.3545],[-121.1789,39.3405],[-121.1833,39.3324],[-121.1709,39.3144],[-121.1662,39.3],[-121.158,39.3021],[-121.1525,39.3081],[-121.1569,39.3313],[-121.1499,39.3373],[-121.1429,39.3355],[-121.1417,39.3285],[-121.1463,39.3163],[-121.1438,39.3019],[-121.1505,39.285],[-121.1597,39.2816],[-121.1735,39.2909],[-121.1807,39.2862],[-121.1728,39.2452],[-121.1424,39.2244],[-121.1438,39.2191],[-121.163,39.2062],[-121.1642,39.1883],[-121.1418,39.1974],[-121.1307,39.197],[-121.1302,39.1923],[-121.1485,39.1855],[-121.1535,39.1769],[-121.1362,39.1741],[-121.1407,39.163],[-121.133,39.1552],[-121.1267,39.1362],[-121.1093,39.1242],[-121.1018,39.113],[-121.0984,39.1111],[-121.0919,39.1179],[-121.0812,39.1363],[-121.0638,39.1162],[-121.0445,39.1176],[-121.0382,39.1076],[-121.0272,39.0999],[-121.0054,39.0647],[-121.015,38.9535],[-120.9802,38.9682],[-120.974,38.9654],[-120.9802,38.958],[-121.0165,38.9415],[-121.0174,38.9361],[-120.9867,38.9365],[-120.9754,38.9402],[-120.9672,38.9472],[-120.9567,38.9485],[-120.9523,38.9423],[-120.9497,38.9271],[-120.911,38.8947],[-120.9016,38.8729],[-120.8745,38.8506],[-120.834,38.8104],[-120.8186,38.7866],[-120.7976,38.7348],[-120.7989,38.7138],[-120.8171,38.7134],[-120.8274,38.7237],[-120.8331,38.7446],[-120.8439,38.7508],[-120.8537,38.7397],[-120.8681,38.7067],[-120.8715,38.6879],[-120.866,38.6654],[-120.8585,38.6556],[-120.8523,38.654],[-120.8492,38.6573],[-120.8549,38.6738],[-120.8549,38.6797],[-120.8497,38.6817],[-120.8437,38.6783],[-120.8363,38.66],[-120.8159,38.6449],[-120.8162,38.6391],[-120.8394,38.5973],[-120.8409,38.5815],[-120.8376,38.5641],[-120.8273,38.5564],[-120.8196,38.5616],[-120.8036,38.559],[-120.7859,38.5699],[-120.7598,38.5738],[-120.7551,38.5595],[-120.7439,38.549],[-120.7542,38.5381],[-120.7668,38.5436],[-120.7819,38.5367],[-120.7848,38.5156],[-120.7795,38.5162],[-120.7671,38.5284],[-120.7578,38.5224],[-120.758,38.5181],[-120.7626,38.5136],[-120.7817,38.5102],[-120.8133,38.4875],[-120.8124,38.4476],[-120.8059,38.4275],[-120.7921,38.411],[-120.8014,38.4072],[-120.7907,38.3948],[-120.7988,38.3894],[-120.7979,38.3774],[-120.7776,38.3819],[-120.7781,38.367],[-120.7722,38.3552],[-120.7517,38.3409],[-120.7439,38.3284],[-120.7339,38.3293],[-120.7206,38.3214],[-120.7143,38.3289],[-120.7051,38.3232],[-120.6898,38.3236],[-120.6843,38.318],[-120.6626,38.322],[-120.6526,38.3318],[-120.6338,38.3332],[-120.6206,38.3559],[-120.6158,38.3546],[-120.6125,38.3488],[-120.6137,38.3424],[-120.6107,38.3371],[-120.6283,38.3238],[-120.6429,38.3228],[-120.6679,38.3082],[-120.6868,38.3063],[-120.6892,38.3016],[-120.6825,38.2977],[-120.6804,38.2915],[-120.6902,38.2848],[-120.7067,38.26],[-120.715,38.2578],[-120.7188,38.2518],[-120.7179,38.2439],[-120.7124,38.2366],[-120.7024,38.2343],[-120.6777,38.2363],[-120.6565,38.2323],[-120.6373,38.2094],[-120.6112,38.1883],[-120.6084,38.1816],[-120.5904,38.1738],[-120.5916,38.1699],[-120.5848,38.1556],[-120.5764,38.1571],[-120.5731,38.1625],[-120.5664,38.1625],[-120.5244,38.1549],[-120.5171,38.1438],[-120.5209,38.1414],[-120.5183,38.1348],[-120.4986,38.1332],[-120.5048,38.1235],[-120.4987,38.1081],[-120.4868,38.1073],[-120.4785,38.112],[-120.4656,38.1267],[-120.4684,38.1382],[-120.4657,38.1393],[-120.453,38.1254],[-120.4537,38.1199],[-120.4373,38.1289],[-120.4226,38.1275],[-120.4295,38.1242],[-120.4352,38.1159],[-120.4341,38.1129],[-120.4205,38.1149],[-120.4181,38.1209],[-120.4133,38.1231],[-120.4072,38.1214],[-120.4098,38.1177],[-120.4028,38.1128],[-120.3889,38.1172],[-120.3908,38.1124],[-120.4054,38.103],[-120.4117,38.0824],[-120.4193,38.0761],[-120.4191,38.0714],[-120.4279,38.0699],[-120.4289,38.0626],[-120.4347,38.0583],[-120.4179,38.0455],[-120.4186,38.0412],[-120.4296,38.0352],[-120.4327,38.0285],[-120.4211,38.0273],[-120.4152,38.0233],[-120.4208,38.0054],[-120.412,37.9988],[-120.4016,37.9977],[-120.3933,37.992],[-120.3722,37.9494],[-120.3666,37.9441],[-120.361,37.9521],[-120.3658,37.9784],[-120.3441,37.9729],[-120.3128,37.9737],[-120.3074,37.9584],[-120.2976,37.9482],[-120.2937,37.9281],[-120.2847,37.925],[-120.268,37.9314],[-120.2613,37.9238],[-120.2705,37.9145],[-120.2788,37.9108],[-120.2792,37.9058],[-120.269,37.8935],[-120.2705,37.8878],[-120.2677,37.8837],[-120.2347,37.879],[-120.23,37.8735],[-120.2303,37.8609],[-120.2108,37.8528],[-120.2142,37.8482],[-120.2341,37.8463],[-120.2454,37.8367],[-120.2414,37.8338],[-120.2417,37.8301],[-120.2539,37.8147],[-120.2561,37.8062],[-120.2663,37.8064],[-120.2709,37.8025],[-120.2677,37.7925],[-120.253,37.7812],[-120.2503,37.7735],[-120.2457,37.7701],[-120.2264,37.7661],[-120.1998,37.7476],[-120.1869,37.741],[-120.1798,37.7434],[-120.1716,37.7373],[-120.1516,37.7117],[-120.1691,37.7194],[-120.161,37.7109],[-120.1623,37.7088],[-120.1842,37.7104],[-120.1765,37.6947],[-120.1356,37.6856],[-120.1219,37.6738],[-120.1053,37.6661],[-120.0965,37.6665],[-120.0954,37.6731],[-120.0784,37.6625],[-120.0641,37.6593],[-120.0423,37.6412],[-120.0481,37.636],[-120.0479,37.631],[-120.0287,37.6258],[-120.0298,37.6193],[-120.0341,37.6169],[-120.058,37.6133],[-120.068,37.6179],[-120.0689,37.623],[-120.0629,37.628],[-120.0658,37.6316],[-120.1182,37.6432],[-120.1183,37.64],[-120.1266,37.6399],[-120.1255,37.6329],[-120.1295,37.6215],[-120.1272,37.6072],[-120.1181,37.5921],[-120.1078,37.5869],[-120.101,37.596],[-120.0892,37.5953],[-120.0737,37.585],[-120.0585,37.5641],[-120.0232,37.5742],[-120.0132,37.5693],[-120.006,37.5604],[-119.9945,37.5615],[-119.9922,37.555],[-119.9766,37.5485],[-119.9777,37.5455],[-119.9956,37.5427],[-119.9816,37.5265],[-119.9498,37.5244],[-119.945,37.5214],[-119.9473,37.515],[-119.9609,37.5122],[-119.9641,37.5058],[-119.9592,37.4965],[-119.9399,37.4807],[-119.9154,37.4668],[-119.9247,37.4895],[-119.9244,37.4963],[-119.9174,37.5016],[-119.913,37.4787],[-119.8999,37.4655],[-119.8904,37.4648],[-119.8915,37.4704],[-119.8991,37.4747],[-119.8984,37.4794],[-119.8805,37.482],[-119.8844,37.4547],[-119.8824,37.4469],[-119.8776,37.443],[-119.8713,37.4456],[-119.8661,37.4622],[-119.8601,37.4668],[-119.8553,37.4789],[-119.8495,37.484],[-119.8478,37.4981],[-119.8422,37.4998],[-119.8365,37.4809],[-119.844,37.466],[-119.8401,37.4548],[-119.8495,37.4507],[-119.8532,37.4451],[-119.8498,37.4419],[-119.8253,37.4372],[-119.8152,37.4281],[-119.8175,37.4213],[-119.8151,37.4166],[-119.8008,37.4222],[-119.8054,37.4316],[-119.8041,37.4365],[-119.7865,37.4229],[-119.7814,37.4126],[-119.7746,37.4162],[-119.7661,37.4298],[-119.7648,37.4432],[-119.7563,37.4423],[-119.7463,37.4311],[-119.7326,37.4314],[-119.7309,37.4254],[-119.72,37.4199],[-119.719,37.4165],[-119.7302,37.4053],[-119.7317,37.3935],[-119.739,37.3944],[-119.7416,37.3919],[-119.741,37.3838],[-119.7332,37.3818],[-119.7241,37.3896],[-119.7214,37.3781],[-119.7097,37.3856],[-119.699,37.3787],[-119.687,37.3771],[-119.6825,37.3706],[-119.6747,37.3684],[-119.6656,37.3566],[-119.6634,37.348],[-119.6541,37.3399],[-119.6468,37.3423],[-119.6414,37.3562],[-119.6364,37.3534],[-119.6311,37.3416],[-119.628,37.3422],[-119.6248,37.3507],[-119.6187,37.3509],[-119.6197,37.3359],[-119.611,37.3083],[-119.5961,37.2998],[-119.5948,37.2953],[-119.6028,37.2913],[-119.6202,37.2913],[-119.6259,37.2945],[-119.6321,37.3046],[-119.6503,37.312],[-119.661,37.3222],[-119.6903,37.3331],[-119.7048,37.3298],[-119.7246,37.3336],[-119.747,37.3603],[-119.762,37.3917],[-119.7646,37.3917],[-119.7678,37.3825],[-119.766,37.368],[-119.7585,37.3578],[-119.7457,37.3505],[-119.742,37.3367],[-119.7257,37.3268],[-119.7097,37.3106],[-119.7033,37.3191],[-119.6962,37.3192],[-119.6583,37.2768],[-119.6352,37.2674],[-119.6266,37.253],[-119.603,37.2494],[-119.5733,37.233],[-119.5595,37.2172],[-119.5591,37.2023],[-119.5441,37.2043],[-119.548,37.1969],[-119.5395,37.1899],[-119.5355,37.1929],[-119.5342,37.2019],[-119.5256,37.2072],[-119.5155,37.2287],[-119.495,37.2301],[-119.4779,37.2069],[-119.459,37.1886],[-119.4458,37.1804],[-119.4373,37.1801],[-119.4219,37.1886],[-119.3829,37.1849],[-119.3922,37.1696],[-119.3905,37.1619],[-119.385,37.1582],[-119.374,37.1594],[-119.3654,37.1681],[-119.3617,37.1775],[-119.3514,37.1811],[-119.3504,37.1777],[-119.373,37.1447],[-119.3729,37.1401],[-119.3769,37.1387],[-119.4129,37.1481],[-119.4159,37.1445],[-119.4128,37.1383],[-119.4149,37.1342],[-119.4404,37.1335],[-119.447,37.1278],[-119.4534,37.1114],[-119.4746,37.1033],[-119.4635,37.0905],[-119.4623,37.0828],[-119.4547,37.0741],[-119.4532,37.063],[-119.4397,37.0505],[-119.4075,37.0296],[-119.3947,37.0112],[-119.3722,37.0078],[-119.3549,37.0124],[-119.3396,37.004],[-119.333,37.0042],[-119.3239,37.0123],[-119.3183,37.0133],[-119.3157,37.0109],[-119.3173,36.9988],[-119.3142,36.9892],[-119.2894,36.9861],[-119.2606,36.9731],[-119.2557,36.9744],[-119.2559,36.9779],[-119.2672,36.9916],[-119.2656,36.9941],[-119.2389,36.9928],[-119.2298,36.9865],[-119.2263,36.9895],[-119.1989,36.9871],[-119.1921,36.9811],[-119.1998,36.9651],[-119.2073,36.9659],[-119.2145,36.9617],[-119.2374,36.962],[-119.2268,36.9429],[-119.2128,36.9405],[-119.1738,36.9496],[-119.1703,36.9485],[-119.1696,36.9442],[-119.1779,36.9359],[-119.1634,36.925],[-119.1396,36.932],[-119.1446,36.9519],[-119.1369,36.9566],[-119.1313,36.9544],[-119.1221,36.9431],[-119.1125,36.9187],[-119.0934,36.9174],[-119.0931,36.9127],[-119.1104,36.9011],[-119.1077,36.8735],[-119.1098,36.8658],[-119.1166,36.8616],[-119.125,36.8702],[-119.119,36.8892],[-119.1213,36.9007],[-119.127,36.9059],[-119.1389,36.9065],[-119.1513,36.917],[-119.1631,36.8935],[-119.1773,36.8833],[-119.191,36.8658],[-119.2096,36.8584],[-119.2139,36.8595],[-119.2209,36.8695],[-119.227,36.8704],[-119.2342,36.8679],[-119.2344,36.8574],[-119.2255,36.8505],[-119.1937,36.8476],[-119.1818,36.8418],[-119.172,36.8409],[-119.1608,36.8471],[-119.1564,36.8328],[-119.1391,36.8182],[-119.1247,36.7808],[-119.0916,36.7527],[-119.0825,36.7548],[-119.0589,36.7362],[-119.0405,36.7449],[-119.0322,36.7464],[-119.0235,36.7432],[-119.0214,36.7171],[-119.0142,36.7098],[-119.0237,36.7009],[-119.0102,36.6923],[-119.0069,36.6827],[-118.9787,36.6835],[-118.9818,36.6643],[-118.9738,36.652],[-118.9848,36.6467],[-118.9829,36.6379],[-118.9773,36.6283],[-118.945,36.5954],[-118.9494,36.5896],[-118.951,36.5725],[-118.9682,36.5701],[-118.9731,36.5635],[-118.9707,36.559],[-118.9484,36.558],[-118.9338,36.5704],[-118.924,36.5731],[-118.8929,36.5597],[-118.8892,36.5564],[-118.8868,36.5381],[-118.8882,36.5167],[-118.875,36.4882],[-118.8653,36.4868],[-118.8569,36.4895],[-118.8404,36.5111],[-118.8295,36.5114],[-118.8146,36.5054],[-118.8228,36.4827],[-118.8188,36.4765],[-118.8061,36.4722],[-118.8024,36.4637],[-118.8091,36.4583],[-118.8221,36.4551],[-118.8337,36.4587],[-118.8439,36.4551],[-118.8393,36.447],[-118.8451,36.4294],[-118.8319,36.4104],[-118.8247,36.4104],[-118.824,36.3933],[-118.8129,36.3869],[-118.7981,36.3872],[-118.7853,36.379],[-118.7802,36.3698],[-118.7742,36.3686],[-118.7712,36.3536],[-118.7937,36.3401],[-118.7928,36.3361],[-118.7968,36.3312],[-118.8102,36.3286],[-118.8322,36.3051],[-118.8366,36.3066],[-118.8383,36.3161],[-118.8525,36.32],[-118.8513,36.3289],[-118.8564,36.3424],[-118.864,36.3469],[-118.8714,36.3369],[-118.8696,36.3321],[-118.8754,36.3195],[-118.8766,36.3054],[-118.8868,36.2847],[-118.8729,36.278],[-118.8673,36.2603],[-118.8615,36.2545],[-118.8546,36.255],[-118.8425,36.2669],[-118.8279,36.271],[-118.819,36.2796],[-118.7901,36.2807],[-118.7698,36.277],[-118.7605,36.2717],[-118.7503,36.2585],[-118.7372,36.2529],[-118.7362,36.248],[-118.7481,36.2345],[-118.7488,36.2296],[-118.7428,36.2175],[-118.7312,36.223],[-118.7231,36.2158],[-118.7368,36.2038],[-118.7403,36.1946],[-118.7519,36.1864],[-118.7521,36.1817],[-118.7471,36.1747],[-118.7371,36.176],[-118.7357,36.1685],[-118.7216,36.1713],[-118.7131,36.1685],[-118.7413,36.1514],[-118.7406,36.1467],[-118.7316,36.1445],[-118.739,36.137],[-118.7307,36.1289],[-118.7361,36.1272],[-118.7485,36.1304],[-118.7622,36.124],[-118.7712,36.1135],[-118.7703,36.106],[-118.7618,36.0908],[-118.7447,36.0742],[-118.7175,36.0798],[-118.7031,36.0873],[-118.6678,36.0732],[-118.6653,36.0596],[-118.6674,36.0547],[-118.6894,36.0433],[-118.6938,36.0379],[-118.6843,36.0298],[-118.6911,36.0191],[-118.6836,36.0065],[-118.6806,35.9876],[-118.6905,35.9871],[-118.7028,35.9931],[-118.7086,36],[-118.7081,36.0077],[-118.7142,36.0111],[-118.7219,36.0081],[-118.7291,35.9971],[-118.7277,35.9883],[-118.7218,35.97],[-118.7137,35.9633],[-118.7098,35.9411],[-118.6994,35.9308],[-118.6883,35.9259],[-118.6833,35.9159],[-118.6777,35.914],[-118.669,35.9196],[-118.6643,35.9371],[-118.659,35.9425],[-118.6463,35.9318],[-118.6429,35.9102],[-118.6279,35.9052],[-118.6416,35.8807],[-118.6356,35.8752],[-118.6363,35.8685],[-118.6488,35.864],[-118.6564,35.8426],[-118.6729,35.8274],[-118.6687,35.8197],[-118.659,35.8184],[-118.6842,35.7974],[-118.6856,35.7802],[-118.6748,35.7795],[-118.6585,35.7729],[-118.6216,35.7736],[-118.6177,35.7713],[-118.6214,35.7659],[-118.62,35.7631],[-118.6089,35.7643],[-118.6009,35.7562],[-118.5921,35.7643],[-118.5833,35.7656],[-118.5598,35.7621],[-118.5525,35.7505],[-118.5419,35.7441],[-118.5329,35.7472],[-118.5405,35.7602],[-118.5402,35.766],[-118.5342,35.7683],[-118.5039,35.7409],[-118.4993,35.7402],[-118.4905,35.7488],[-118.4877,35.724],[-118.4819,35.7194],[-118.4752,35.719],[-118.4524,35.7278],[-118.447,35.7379],[-118.446,35.7501],[-118.4499,35.7614],[-118.4545,35.7652],[-118.4762,35.7617],[-118.4801,35.7692],[-118.4724,35.7788],[-118.4576,35.7866],[-118.4567,35.7922],[-118.4465,35.7967],[-118.445,35.7817],[-118.433,35.7747],[-118.4232,35.7633],[-118.4143,35.7442],[-118.4034,35.7535],[-118.3928,35.7482],[-118.3861,35.7228],[-118.3723,35.7122],[-118.3786,35.697],[-118.3736,35.6946],[-118.3112,35.7165],[-118.3105,35.7292],[-118.3217,35.7312],[-118.3238,35.7342],[-118.3166,35.7445],[-118.3039,35.7472],[-118.2958,35.7451],[-118.2989,35.7318],[-118.2966,35.7277],[-118.2925,35.7289],[-118.2894,35.7423],[-118.2855,35.7398],[-118.2849,35.7289],[-118.2912,35.7226],[-118.2812,35.7041],[-118.2547,35.7062],[-118.2372,35.7027],[-118.2364,35.7144],[-118.2149,35.7218],[-118.1995,35.723],[-118.1965,35.7262],[-118.1966,35.7346],[-118.2091,35.7619],[-118.2076,35.769],[-118.2023,35.7703],[-118.1952,35.7656],[-118.1816,35.7679],[-118.1595,35.7616],[-118.1447,35.7705],[-118.1151,35.7743],[-118.0935,35.7963],[-118.0653,35.8025],[-118.0534,35.8137],[-118.0538,35.8188],[-118.0626,35.8218],[-118.0662,35.8295],[-118.0646,35.8464],[-118.074,35.8814],[-118.0926,35.89],[-118.0999,35.9026],[-118.1305,35.9122],[-118.1399,35.9224],[-118.1452,35.9236],[-118.1473,35.9448],[-118.1419,35.9559],[-118.1317,35.9631],[-118.1461,35.9734],[-118.1454,35.9803],[-118.1367,35.9887],[-118.1369,35.993],[-118.145,35.9961],[-118.1647,35.9945],[-118.1862,35.9823],[-118.1971,35.9801],[-118.2148,35.996],[-118.2095,36.0059],[-118.1931,36.0058],[-118.1591,36.0156],[-118.1569,36.0191],[-118.1586,36.0351],[-118.1764,36.0375],[-118.1759,36.0418],[-118.1447,36.0495],[-118.1484,36.0642],[-118.1437,36.073],[-118.1195,36.0891],[-118.1177,36.0857],[-118.1246,36.0725],[-118.1258,36.0629],[-118.1235,36.0597],[-118.118,36.0598],[-118.1023,36.0374],[-118.0929,36.0307],[-118.086,36.028],[-118.0765,36.0293],[-118.0618,36.048],[-118.0488,36.0113],[-118.0451,36.0065],[-118.0359,36.0035],[-118.0276,36.0075],[-118.0158,36.0302],[-118.0207,36.0469],[-118.0341,36.0487],[-118.0277,36.062],[-118.0396,36.0664],[-118.0398,36.0745],[-118.0224,36.0804],[-118.04,36.0921],[-118.0391,36.095],[-118.0333,36.094],[-118.0282,36.0984],[-118.0325,36.1071],[-118.0282,36.1174],[-118.042,36.122],[-118.0347,36.1321],[-118.0467,36.1427],[-118.0452,36.1487],[-118.0391,36.1522],[-118.0409,36.1587],[-118.0374,36.1659],[-118.038,36.1742],[-118.045,36.1855],[-118.0413,36.1902],[-118.0585,36.1973],[-118.0596,36.2095],[-118.0689,36.2201],[-118.068,36.2437],[-118.0617,36.2437],[-118.0573,36.2478],[-118.0484,36.2767],[-118.0487,36.3092],[-118.0325,36.3487],[-118.0359,36.3577],[-118.0337,36.3737],[-118.0441,36.4122],[-118.0534,36.4281],[-118.0529,36.4363],[-118.0439,36.4491],[-118.0442,36.4714],[-118.0467,36.4756],[-118.0635,36.4821],[-118.0749,36.5024],[-118.0793,36.5017],[-118.0799,36.4961],[-118.0843,36.4944],[-118.0988,36.5037],[-118.1032,36.5109],[-118.1285,36.5323],[-118.1376,36.5331],[-118.1409,36.5435],[-118.1484,36.5463],[-118.1471,36.5544],[-118.1694,36.5558],[-118.1705,36.5643],[-118.1753,36.5692],[-118.1757,36.5803],[-118.2057,36.5983],[-118.2098,36.6136],[-118.2321,36.6362],[-118.2346,36.6682],[-118.2324,36.6813],[-118.2438,36.6872],[-118.2481,36.6949],[-118.2492,36.7038],[-118.2456,36.7148],[-118.2631,36.7185],[-118.2658,36.7245],[-118.268,36.7411],[-118.2632,36.7561],[-118.282,36.7656],[-118.2839,36.7691],[-118.2791,36.7802],[-118.2626,36.7803],[-118.259,36.7889],[-118.2632,36.7931],[-118.272,36.7942],[-118.2722,36.8023],[-118.2976,36.8026],[-118.2823,36.8121],[-118.2678,36.816],[-118.26,36.8116],[-118.2544,36.8124],[-118.2424,36.8249],[-118.2468,36.8277],[-118.2536,36.8232],[-118.2636,36.8244],[-118.258,36.8453],[-118.2599,36.849],[-118.273,36.8378],[-118.2832,36.8439],[-118.2846,36.8523],[-118.2747,36.8653],[-118.2763,36.8679],[-118.3006,36.8646],[-118.289,36.8824],[-118.2871,36.9115],[-118.2972,36.9294],[-118.3072,36.9396],[-118.3336,36.9452],[-118.3386,36.9655],[-118.331,36.9794],[-118.3349,36.9884],[-118.3308,37.0041],[-118.3413,37.0071],[-118.3583,37.0313],[-118.3693,37.0394],[-118.3746,37.0497],[-118.3645,37.057],[-118.3638,37.0624],[-118.3185,37.1002],[-118.3194,37.1126],[-118.3258,37.1268],[-118.3173,37.1429],[-118.3143,37.1673],[-118.3263,37.1764],[-118.3243,37.1846],[-118.3365,37.1888],[-118.3545,37.2046],[-118.3589,37.2135],[-118.3551,37.2231],[-118.3579,37.2319],[-118.3647,37.2338],[-118.3795,37.2278],[-118.3851,37.2329],[-118.3855,37.2391],[-118.3735,37.2479],[-118.3755,37.2632],[-118.3958,37.2848],[-118.4022,37.2871],[-118.4016,37.3001],[-118.3974,37.3068],[-118.403,37.3155],[-118.4246,37.3187],[-118.4481,37.3154],[-118.4514,37.3216],[-118.4679,37.3174],[-118.4713,37.3279],[-118.4812,37.3315],[-118.4953,37.33],[-118.4955,37.3353],[-118.5009,37.3389],[-118.5188,37.3348],[-118.5207,37.3363],[-118.5145,37.3477],[-118.5084,37.3511],[-118.495,37.3501],[-118.4924,37.3543],[-118.5152,37.3665],[-118.5121,37.3737],[-118.5408,37.3859],[-118.5556,37.386],[-118.561,37.3695],[-118.5693,37.367],[-118.5717,37.3599],[-118.5884,37.3487],[-118.5917,37.3434],[-118.5828,37.3404],[-118.5944,37.3237],[-118.5979,37.3287],[-118.6049,37.3269],[-118.6141,37.3344],[-118.6218,37.3361],[-118.615,37.3489],[-118.6208,37.3647],[-118.6158,37.3773],[-118.6257,37.3816],[-118.6318,37.3904],[-118.6396,37.3949],[-118.6426,37.4006],[-118.6396,37.4062],[-118.6476,37.4094],[-118.6378,37.4592],[-118.646,37.475],[-118.6441,37.4834],[-118.6497,37.5015],[-118.6584,37.5133],[-118.645,37.5238],[-118.6197,37.5287],[-118.6204,37.5373],[-118.627,37.5424],[-118.6211,37.5509],[-118.639,37.5546],[-118.6527,37.5635],[-118.6876,37.5633],[-118.7094,37.5692],[-118.7253,37.5588],[-118.7371,37.5673],[-118.7527,37.5608],[-118.756,37.5655],[-118.7687,37.5701],[-118.7801,37.5856],[-118.7944,37.5893],[-118.815,37.6087],[-118.831,37.6089],[-118.8518,37.6182],[-118.8627,37.6186],[-118.8671,37.6115],[-118.8667,37.6032],[-118.8695,37.6015],[-118.8775,37.6068],[-118.8997,37.613],[-118.9075,37.6201],[-118.8976,37.6389],[-118.8832,37.6353],[-118.8903,37.6308],[-118.8868,37.6272],[-118.8745,37.6272],[-118.8537,37.6353],[-118.8391,37.6361],[-118.8353,37.6346],[-118.8296,37.6241],[-118.8256,37.6229],[-118.8159,37.6325],[-118.815,37.6568],[-118.8235,37.6677],[-118.8327,37.6686],[-118.8448,37.6472],[-118.8499,37.6432],[-118.8634,37.6398],[-118.8778,37.6468],[-118.8792,37.6545],[-118.858,37.6515],[-118.8559,37.6586],[-118.8632,37.674],[-118.8509,37.684],[-118.8731,37.6911],[-118.8734,37.7024],[-118.8675,37.7045],[-118.859,37.7017],[-118.8386,37.7018],[-118.8363,37.7043],[-118.8599,37.7129],[-118.8628,37.7231],[-118.8744,37.7298],[-118.8845,37.733],[-118.9065,37.7322],[-118.9186,37.7435],[-118.9174,37.7459],[-118.9021,37.7503],[-118.8484,37.74],[-118.8451,37.743],[-118.8562,37.761],[-118.8347,37.7653],[-118.7914,37.7569],[-118.7817,37.7622],[-118.7703,37.7533],[-118.7533,37.755],[-118.7233,37.7426],[-118.7037,37.7292],[-118.6862,37.7112],[-118.681,37.7129],[-118.6786,37.7219],[-118.6722,37.7277],[-118.6554,37.7316],[-118.6396,37.7271],[-118.6334,37.7329],[-118.6363,37.7414],[-118.6445,37.748],[-118.6468,37.7684],[-118.6575,37.7705],[-118.6572,37.7807],[-118.6747,37.7764],[-118.6747,37.782],[-118.6667,37.794],[-118.7054,37.8164],[-118.7627,37.8343],[-118.7888,37.827],[-118.8077,37.8302],[-118.7959,37.8335],[-118.7973,37.8362],[-118.7906,37.8427],[-118.7911,37.8458],[-118.8075,37.8501],[-118.8165,37.8604],[-118.8259,37.857],[-118.8307,37.8587],[-118.8312,37.8713],[-118.8357,37.8784],[-118.8537,37.879],[-118.8525,37.8899],[-118.8406,37.9027],[-118.8592,37.9423],[-118.8701,37.9462],[-118.8815,37.9398],[-118.8727,37.9263],[-118.8726,37.9171],[-118.8769,37.9132],[-118.8831,37.913],[-118.8895,37.9053],[-118.9011,37.9102],[-118.907,37.9197],[-118.8938,37.9351],[-118.8959,37.9368],[-118.9177,37.9342],[-118.9421,37.9238],[-118.953,37.9309],[-118.9658,37.9232],[-118.985,37.9226],[-118.9974,37.9243],[-119.0023,37.9301],[-119.0251,37.9284],[-119.0514,37.9374],[-119.054,37.9342],[-119.049,37.9186],[-119.0482,37.9035],[-119.0551,37.8906],[-119.0792,37.8819],[-119.1145,37.8795],[-119.1183,37.89],[-119.1153,37.9034],[-119.1253,37.9101],[-119.1353,37.9107],[-119.1398,37.9206],[-119.1351,37.9283],[-119.1208,37.9235],[-119.1204,37.9362],[-119.1401,37.9426],[-119.145,37.9574],[-119.1566,37.9688],[-119.1804,37.9725],[-119.1799,37.9785],[-119.175,37.984],[-119.1812,37.9937],[-119.1795,38.003],[-119.1691,38.0045],[-119.1642,38.0105],[-119.1683,38.0184],[-119.1602,38.027],[-119.1595,38.0345],[-119.1678,38.043],[-119.1785,38.0383],[-119.1813,38.0458],[-119.1927,38.0522],[-119.2219,38.0584],[-119.2357,38.0569],[-119.2376,38.0734],[-119.2447,38.0861],[-119.2442,38.0961],[-119.2566,38.1118],[-119.2557,38.1327],[-119.2761,38.1409],[-119.2892,38.1381],[-119.3094,38.1463],[-119.3196,38.1542],[-119.3393,38.1903],[-119.325,38.2112],[-119.3241,38.2388],[-119.312,38.2486],[-119.3322,38.251],[-119.35,38.2465],[-119.3589,38.2512],[-119.3729,38.2433],[-119.3807,38.2436],[-119.39,38.2365],[-119.4,38.2397],[-119.4123,38.2381],[-119.4271,38.2436],[-119.4387,38.2394],[-119.4573,38.2565],[-119.4486,38.2591],[-119.4416,38.2495],[-119.4257,38.2559],[-119.4208,38.2638],[-119.4256,38.2775],[-119.4187,38.2856],[-119.4192,38.2967],[-119.4142,38.2995],[-119.3992,38.2976],[-119.3885,38.3055],[-119.3869,38.31],[-119.394,38.3132],[-119.4028,38.3085],[-119.4114,38.3083],[-119.4157,38.3029],[-119.4349,38.2951],[-119.4433,38.2979],[-119.4466,38.3058],[-119.4455,38.3165],[-119.4291,38.3265],[-119.4232,38.3426],[-119.412,38.3509],[-119.4261,38.3556],[-119.4307,38.3751],[-119.4343,38.3792],[-119.4441,38.3786],[-119.4471,38.3715],[-119.4572,38.3807],[-119.4544,38.4116],[-119.4572,38.4345],[-119.4665,38.4405],[-119.4829,38.4401],[-119.4868,38.4448],[-119.4887,38.456],[-119.4995,38.4556],[-119.5019,38.4657],[-119.51,38.4684],[-119.5096,38.476],[-119.5017,38.4838],[-119.4958,38.4978],[-119.5037,38.5016],[-119.5163,38.4826],[-119.5218,38.4798],[-119.5325,38.4818],[-119.5373,38.4889],[-119.529,38.4961],[-119.5291,38.503],[-119.5407,38.5035],[-119.5738,38.5179],[-119.569,38.5213],[-119.5724,38.5267],[-119.571,38.5399],[-119.5641,38.5457],[-119.5539,38.5472],[-119.5582,38.5545],[-119.5659,38.5573],[-119.5731,38.5657],[-119.5766,38.5884],[-119.5834,38.6068],[-119.5869,38.6672],[-119.6051,38.7148],[-119.615,38.7225],[-119.6499,38.725],[-119.6557,38.7332],[-119.6566,38.7504],[-119.6672,38.7611],[-119.6914,38.7578],[-119.7035,38.7495],[-119.7066,38.7414],[-119.7185,38.7309],[-119.7228,38.7001],[-119.732,38.6912],[-119.7438,38.6981],[-119.7437,38.7167],[-119.7466,38.7208],[-119.7528,38.7202],[-119.7602,38.7123],[-119.7603,38.7005],[-119.7716,38.7047],[-119.774,38.7081],[-119.7735,38.7295],[-119.7939,38.7551],[-119.8003,38.7579],[-119.8051,38.7551],[-119.8146,38.7406],[-119.8265,38.7352],[-119.823,38.7484],[-119.8269,38.7563],[-119.8239,38.7621],[-119.8177,38.7653],[-119.8428,38.768],[-119.8214,38.7801],[-119.8122,38.7939],[-119.8092,38.8044],[-119.7987,38.8134],[-119.7968,38.8187],[-119.8043,38.8451],[-119.8156,38.8569],[-119.8206,38.8707],[-119.8438,38.8877],[-119.8456,38.9015],[-119.8414,38.9102],[-119.8509,38.9261],[-119.849,38.9459],[-119.8411,38.9704],[-119.8488,39.0083],[-119.8339,39.0395],[-119.8463,39.0796],[-119.8465,39.1018],[-119.8267,39.145],[-119.8118,39.1657],[-119.8094,39.1817],[-119.8167,39.2219],[-119.8218,39.2293],[-119.8421,39.2405],[-119.8483,39.2508],[-119.8443,39.2858],[-119.8146,39.3315],[-119.8109,39.3442],[-119.8138,39.3611],[-119.8335,39.4077],[-119.8299,39.4224],[-119.8325,39.4495],[-119.8374,39.4605],[-119.8488,39.4734],[-119.8687,39.4868],[-119.8829,39.4931],[-119.918,39.494],[-119.9469,39.5008],[-119.9625,39.509],[-119.9672,39.5147],[-119.9664,39.5263],[-119.9561,39.5383],[-119.9447,39.5435],[-119.8932,39.5558],[-119.8871,39.5603],[-119.8776,39.5712],[-119.8773,39.5759],[-119.8867,39.59],[-119.9331,39.6176],[-119.971,39.6285],[-120.0264,39.6322],[-120.0403,39.6218],[-120.0416,39.6329],[-120.0535,39.6332],[-120.0578,39.6437],[-120.0558,39.6613],[-120.0579,39.6696],[-120.0543,39.6883],[-120.0648,39.7023],[-120.0735,39.701],[-120.0602,39.7163],[-120.0714,39.7346],[-120.0777,39.7365],[-120.0863,39.7338],[-120.1018,39.7166],[-120.1044,39.7176],[-120.1,39.7249],[-120.1245,39.7228],[-120.1289,39.7255],[-120.1259,39.7314],[-120.11,39.736],[-120.1146,39.7434],[-120.1135,39.7492],[-120.1011,39.7502],[-120.1075,39.7653],[-120.0985,39.765],[-120.0948,39.7702],[-120.1019,39.7877],[-120.1055,39.812],[-120.1042,39.8379],[-120.1085,39.854],[-120.1064,39.861],[-120.0945,39.8729],[-120.0875,39.8734],[-120.0785,39.869],[-120.0747,39.8602],[-120.0829,39.8497],[-120.0759,39.8468],[-120.07,39.8496],[-120.0676,39.8813],[-120.0412,39.8937],[-120.0345,39.9006],[-120.0297,39.9152],[-120.0298,39.9272],[-120.0219,39.9316],[-120.0249,39.9467],[-120.0348,39.9544],[-120.0782,39.9557],[-120.0913,39.9794],[-120.093,39.9935],[-120.1067,39.9999],[-120.1156,40.0178],[-120.129,40.0323],[-120.1483,40.033],[-120.1611,40.0374],[-120.1728,40.0565],[-120.1776,40.0722],[-120.1864,40.0832],[-120.2058,40.0932],[-120.2223,40.0977],[-120.2954,40.1373],[-120.3389,40.1485],[-120.3838,40.1753],[-120.429,40.2093],[-120.49,40.2779],[-120.5207,40.3001],[-120.5404,40.3125],[-120.5616,40.3154],[-120.5877,40.3109],[-120.6024,40.3147],[-120.6044,40.3196],[-120.5997,40.3224],[-120.5681,40.3241],[-120.5619,40.3382],[-120.5991,40.3518],[-120.6117,40.3509],[-120.6348,40.3576],[-120.6766,40.3561],[-120.6893,40.3601],[-120.7081,40.3587],[-120.6701,40.3731],[-120.6594,40.3806],[-120.6571,40.3873],[-120.6758,40.4182],[-120.6752,40.4285],[-120.7138,40.4312],[-120.7266,40.4375],[-120.7285,40.4479],[-120.7174,40.4518],[-120.7136,40.4503],[-120.7134,40.4428],[-120.7101,40.4416],[-120.673,40.4428],[-120.619,40.4574],[-120.5908,40.4747],[-120.5868,40.4855],[-120.5887,40.4973],[-120.5809,40.5085],[-120.5878,40.5145],[-120.6055,40.5168],[-120.6168,40.531],[-120.6399,40.5235],[-120.6509,40.5234],[-120.6483,40.5267],[-120.6508,40.531],[-120.6774,40.5458],[-120.6854,40.5594],[-120.6933,40.5642],[-120.7091,40.5664],[-120.7105,40.5729],[-120.7057,40.5933],[-120.7211,40.6347],[-120.7333,40.6362],[-120.7308,40.6189],[-120.726,40.6119],[-120.7374,40.6141],[-120.7345,40.6114],[-120.7359,40.6054],[-120.7488,40.595],[-120.7474,40.5843],[-120.7564,40.5786],[-120.7621,40.5617],[-120.7664,40.5596],[-120.7718,40.5574],[-120.7856,40.5589],[-120.7866,40.5508],[-120.7971,40.5495],[-120.8215,40.5568],[-120.8453,40.5734],[-120.8524,40.5941],[-120.8415,40.6483],[-120.8364,40.6562],[-120.8198,40.6655],[-120.812,40.6767],[-120.7953,40.6786],[-120.8009,40.684],[-120.8018,40.6904],[-120.7842,40.7067],[-120.8024,40.7242],[-120.8037,40.7301],[-120.8436,40.7289],[-120.866,40.744],[-120.862,40.7976],[-120.8747,40.8088],[-120.8806,40.8357],[-120.8802,40.857],[-120.8943,40.8681],[-120.901,40.8847],[-120.9141,40.8783],[-120.9383,40.8781],[-120.9468,40.8722],[-120.9499,40.8583],[-120.9445,40.8435],[-120.977,40.8533],[-121.0069,40.8407],[-121.0068,40.8332],[-121.0099,40.8316],[-121.0263,40.8404],[-121.0315,40.8295],[-121.0357,40.8288],[-121.0941,40.8349],[-121.1214,40.8343],[-121.1274,40.8421],[-121.1399,40.8429],[-121.1451,40.8492],[-121.1586,40.8527],[-121.1777,40.8769],[-121.2027,40.8787],[-121.2119,40.8891],[-121.2193,40.8866],[-121.2545,40.8922],[-121.2676,40.8905],[-121.2769,40.8952],[-121.3023,40.897],[-121.3227,40.9044],[-121.3332,40.9177],[-121.3382,40.9474],[-121.347,40.9518],[-121.3474,40.9621],[-121.355,40.9788],[-121.3756,40.9953],[-121.384,40.9979],[-121.4139,40.9925],[-121.4145,40.987],[-121.4099,40.985],[-121.409,40.9775],[-121.4043,40.9739],[-121.412,40.9581],[-121.4223,40.9861],[-121.4371,40.9873],[-121.454,40.9821],[-121.4627,40.9888],[-121.4673,40.997],[-121.4671,41.004],[-121.5008,41.0336],[-121.5208,41.0307],[-121.5325,41.0328],[-121.5444,41.0309],[-121.5501,41.0336],[-121.5515,41.0508],[-121.5274,41.0693],[-121.5208,41.0865],[-121.5279,41.094],[-121.5538,41.0989],[-121.5568,41.103],[-121.5554,41.1066],[-121.5421,41.1111],[-121.5145,41.1069],[-121.5106,41.111],[-121.511,41.1206],[-121.5078,41.1225],[-121.4966,41.1202],[-121.4838,41.1119],[-121.4606,41.1187],[-121.4208,41.1125],[-121.41,41.1201],[-121.408,41.1329],[-121.4024,41.1262],[-121.3916,41.1218],[-121.3937,41.1095],[-121.3869,41.101],[-121.3543,41.0996],[-121.3499,41.1028],[-121.351,41.1111],[-121.3483,41.1133],[-121.3421,41.1117],[-121.3371,41.1054],[-121.3064,41.115],[-121.2732,41.095],[-121.2693,41.0871],[-121.2702,41.0644],[-121.2651,41.0513],[-121.2695,41.0251],[-121.2571,41.0127],[-121.2392,41.0021],[-121.2263,41.0014],[-121.214,41.0072],[-121.2106,41.0173],[-121.1961,41.0265],[-121.1795,41.0439],[-121.1932,41.0667],[-121.2008,41.0971],[-121.2152,41.1236],[-121.2153,41.1287],[-121.2082,41.1376],[-121.2113,41.1464],[-121.2002,41.1517],[-121.1993,41.1579],[-121.2224,41.2166],[-121.2328,41.2298],[-121.2352,41.2409],[-121.2645,41.2555],[-121.2953,41.2569],[-121.3065,41.2604],[-121.3093,41.2649],[-121.3068,41.2782],[-121.3081,41.2996],[-121.3319,41.3117],[-121.361,41.3433],[-121.3756,41.3526],[-121.3911,41.3575],[-121.401,41.3672],[-121.4409,41.3687],[-121.4681,41.3754],[-121.4836,41.3623],[-121.5111,41.3671],[-121.5126,41.3716],[-121.5151,41.3951],[-121.5103,41.4192],[-121.505,41.4305],[-121.476,41.43],[-121.4661,41.4346],[-121.4569,41.4321],[-121.4327,41.4511],[-121.4341,41.4593],[-121.427,41.4786],[-121.4276,41.4891],[-121.4102,41.5227],[-121.416,41.5553],[-121.4083,41.5601],[-121.3879,41.5644],[-121.3745,41.5724],[-121.3561,41.5607],[-121.3501,41.5611],[-121.3543,41.5739],[-121.3403,41.5932],[-121.3397,41.5988],[-121.3417,41.6039],[-121.3596,41.614],[-121.3532,41.6357],[-121.3584,41.6503],[-121.3645,41.6529],[-121.3717,41.6506],[-121.3889,41.6284],[-121.4076,41.6286],[-121.4207,41.6347],[-121.4233,41.6388],[-121.4171,41.6564],[-121.4205,41.6638],[-121.429,41.6639],[-121.4498,41.6538],[-121.4571,41.6537],[-121.4611,41.6717],[-121.4705,41.6814],[-121.4819,41.7031],[-121.4934,41.6983],[-121.5086,41.6979],[-121.5145,41.6924],[-121.5298,41.69],[-121.5358,41.692],[-121.5397,41.7014],[-121.554,41.7014],[-121.5704,41.7065],[-121.58,41.701],[-121.597,41.7265],[-121.5964,41.7339],[-121.6106,41.7399],[-121.6211,41.7383],[-121.6282,41.7299],[-121.6193,41.7246],[-121.62,41.7206],[-121.6469,41.729],[-121.6539,41.7257],[-121.6621,41.7111],[-121.6773,41.708],[-121.6834,41.7115],[-121.6789,41.7217],[-121.6807,41.726],[-121.6963,41.7316],[-121.7081,41.7427],[-121.7124,41.7429],[-121.7207,41.7334],[-121.7174,41.7207],[-121.7195,41.7116],[-121.733,41.7017],[-121.7445,41.7008],[-121.7509,41.7045],[-121.7591,41.7239],[-121.7655,41.7302],[-121.772,41.7309],[-121.7853,41.7227],[-121.8069,41.6997],[-121.8164,41.668],[-121.8249,41.654],[-121.8359,41.6444],[-121.8765,41.6244],[-121.8771,41.6099],[-121.8842,41.6004],[-121.8836,41.5873],[-121.8869,41.579],[-121.8923,41.5746],[-121.9165,41.5699],[-121.9223,41.5635],[-121.9224,41.5467],[-121.9331,41.5449],[-121.951,41.5698],[-121.9504,41.577],[-121.9579,41.5791],[-121.9667,41.5897],[-121.9766,41.5954],[-121.9767,41.6099],[-121.9899,41.6176],[-121.9869,41.6276],[-121.9741,41.6368],[-121.9744,41.6476],[-121.9553,41.6629],[-121.9529,41.669],[-121.9542,41.6768],[-121.9593,41.6836],[-121.9861,41.6889],[-121.9909,41.6929],[-121.9916,41.7094],[-121.9989,41.7206],[-121.9928,41.7351],[-122.0079,41.7429],[-122.029,41.7383],[-122.0482,41.7449],[-122.0592,41.7537],[-122.0794,41.7571],[-122.0882,41.7661],[-122.1004,41.7697],[-122.0932,41.7827],[-122.0996,41.814],[-122.0971,41.8191],[-122.0841,41.8254],[-122.086,41.8311],[-122.1035,41.8369],[-122.1131,41.8357],[-122.1207,41.8407],[-122.1261,41.8382],[-122.1382,41.851],[-122.1403,41.8521],[-122.1422,41.8469],[-122.1483,41.8488],[-122.1713,41.8704],[-122.1984,41.8844],[-122.2071,41.8996],[-122.2051,41.9093],[-122.209,41.9185],[-122.2227,41.9248],[-122.2305,41.9456],[-122.2439,41.9568],[-122.2324,41.9554],[-122.1987,41.9601],[-122.179,41.9559],[-122.176,41.9836],[-122.1636,41.9984],[-122.1259,42.002],[-122.0843,42.0189],[-122.0691,42.0415],[-122.0633,42.0739],[-122.0561,42.0789],[-122.0371,42.0833],[-122.044,42.1],[-122.0415,42.1101],[-122.0432,42.1168],[-122.0485,42.1183],[-122.0543,42.1145],[-122.0703,42.0881],[-122.0835,42.0758],[-122.0959,42.0406],[-122.1031,42.0328],[-122.145,42.0366],[-122.178,42.0494],[-122.1862,42.0473],[-122.1984,42.0371],[-122.2377,42.0243],[-122.2571,42.0299],[-122.2982,42.0311],[-122.3088,42.0344],[-122.3358,42.059],[-122.3369,42.0832],[-122.3551,42.0942],[-122.3672,42.1135],[-122.3605,42.1251],[-122.3261,42.1502],[-122.3205,42.1675],[-122.3235,42.1768],[-122.3437,42.1975],[-122.3505,42.2108],[-122.3509,42.2694],[-122.3369,42.2768],[-122.2993,42.2814],[-122.277,42.2895],[-122.2685,42.2948],[-122.2516,42.3148],[-122.2224,42.3317],[-122.2004,42.3283],[-122.1836,42.313],[-122.1477,42.2989],[-122.0998,42.2706],[-122.0636,42.2536],[-122.0516,42.2408],[-122.0432,42.2426],[-122.0281,42.2714],[-122.0257,42.2864],[-122.0331,42.3137],[-122.0328,42.3234],[-122.0256,42.3419],[-122.0278,42.3552],[-122.0503,42.3872],[-122.0933,42.4052],[-122.0978,42.4113],[-122.1089,42.4468],[-122.103,42.4663],[-122.0862,42.4921],[-122.0832,42.5078],[-122.0914,42.5514],[-122.088,42.564],[-122.0898,42.6071],[-122.0785,42.6394],[-122.0873,42.6643],[-122.0771,42.6962],[-122.0803,42.7145],[-122.0877,42.7229],[-122.0868,42.7367],[-122.0902,42.7487],[-122.0885,42.7549],[-122.0821,42.7577],[-122.039,42.7664],[-122.0062,42.7615],[-121.9927,42.7535],[-121.9816,42.7421],[-121.9712,42.7201],[-121.9615,42.7091],[-121.9592,42.7025],[-121.9633,42.6788],[-121.9615,42.6718],[-121.9358,42.6338],[-121.9275,42.5979],[-121.9189,42.5796],[-121.911,42.5355],[-121.9069,42.5313],[-121.884,42.5236],[-121.8748,42.5067],[-121.8684,42.5032],[-121.8606,42.5011],[-121.855,42.504],[-121.8384,42.5036],[-121.8207,42.4991],[-121.8129,42.4937],[-121.8131,42.4851],[-121.8357,42.4713],[-121.8346,42.4582],[-121.8299,42.4543],[-121.7969,42.4525],[-121.7839,42.4456],[-121.7741,42.4357],[-121.7547,42.4352],[-121.7505,42.4294],[-121.7479,42.4139],[-121.7287,42.3995],[-121.7225,42.3961],[-121.6979,42.3944],[-121.683,42.3856],[-121.6681,42.3813],[-121.6592,42.3827],[-121.6488,42.3947],[-121.6511,42.4097],[-121.6483,42.4232],[-121.653,42.4439],[-121.6491,42.4746],[-121.6452,42.4807],[-121.6197,42.4962],[-121.6159,42.5014],[-121.6152,42.5133],[-121.6284,42.5317],[-121.6409,42.5369],[-121.696,42.5209],[-121.7254,42.5272],[-121.7337,42.538],[-121.7329,42.5447],[-121.7249,42.5562],[-121.7171,42.5595],[-121.6834,42.5547],[-121.6471,42.556],[-121.6073,42.5435],[-121.5975,42.5512],[-121.5736,42.5358],[-121.5451,42.532],[-121.4945,42.5444],[-121.4733,42.5348],[-121.4591,42.5321],[-121.4447,42.5369],[-121.4308,42.5551],[-121.4019,42.5651],[-121.369,42.5847],[-121.3563,42.5858],[-121.345,42.5825],[-121.3206,42.5668],[-121.2976,42.5651],[-121.229,42.5506],[-121.224,42.5373],[-121.1911,42.5211],[-121.1833,42.5093],[-121.1834,42.497],[-121.2001,42.4753],[-121.1992,42.4669],[-121.1933,42.4642],[-121.1511,42.4655],[-121.1469,42.473],[-121.1537,42.4969],[-121.1507,42.5251],[-121.1463,42.5279],[-121.1176,42.5303],[-121.104,42.5435],[-121.0895,42.5471],[-121.0802,42.5444],[-121.0631,42.5319],[-121.0438,42.5291],[-120.9871,42.4848],[-120.977,42.4707],[-120.9502,42.4646],[-120.9391,42.4551],[-120.912,42.4448],[-120.8626,42.4448],[-120.8465,42.4421],[-120.8379,42.4433],[-120.8197,42.4547],[-120.7786,42.4544],[-120.7715,42.4581],[-120.7664,42.4692],[-120.7723,42.4901],[-120.7685,42.4954],[-120.7478,42.4936],[-120.7258,42.4807],[-120.7099,42.4803],[-120.7019,42.4837],[-120.6915,42.4978],[-120.6871,42.5157],[-120.6957,42.5406],[-120.6946,42.5532],[-120.6764,42.5601],[-120.6702,42.5717],[-120.6555,42.5786],[-120.6519,42.6039],[-120.6267,42.601],[-120.6213,42.6033],[-120.622,42.61],[-120.6326,42.6194],[-120.6687,42.6347],[-120.6815,42.6433],[-120.7032,42.6461],[-120.7419,42.6772],[-120.7891,42.7003],[-120.811,42.7335],[-120.8119,42.7557],[-120.8299,42.7631],[-120.8334,42.768],[-120.835,42.7762],[-120.8263,42.7937],[-120.8258,42.8015],[-120.8367,42.8215],[-120.8334,42.8626],[-120.8425,42.8787],[-120.845,42.8971],[-120.8351,42.9233],[-120.8171,42.9568],[-120.7898,42.9824],[-120.8005,43.0014],[-120.7969,43.0215],[-120.7993,43.0276],[-120.8054,43.0298],[-120.8448,43.0288],[-120.8709,43.0428],[-120.9123,43.0452],[-120.946,43.0624],[-120.958,43.0654],[-120.9896,43.0646],[-121.0174,43.0527],[-121.0407,43.0605],[-121.0595,43.0576],[-121.0868,43.0611],[-121.1142,43.0536],[-121.1444,43.0514],[-121.1683,43.0541],[-121.1917,43.0469],[-121.2087,43.0463],[-121.2182,43.0515],[-121.2254,43.0708],[-121.2316,43.0771],[-121.2801,43.0846],[-121.288,43.0883],[-121.3007,43.1017],[-121.3082,43.1191],[-121.3059,43.124],[-121.2933,43.1268],[-121.2581,43.1119],[-121.2492,43.1142],[-121.236,43.1297],[-121.2273,43.1314],[-121.2095,43.1273],[-121.2061,43.1326],[-121.2312,43.1552],[-121.2374,43.1635],[-121.2379,43.1713],[-121.2307,43.1792],[-121.2169,43.1824],[-121.2122,43.1871],[-121.2085,43.2011],[-121.1695,43.198],[-121.1612,43.2022],[-121.1823,43.2361],[-121.1884,43.2615],[-121.1835,43.2834],[-121.1891,43.3115],[-121.1822,43.3358],[-121.196,43.3605],[-121.1909,43.3841],[-121.2077,43.4036],[-121.2054,43.4132],[-121.196,43.4188],[-121.1705,43.4147],[-121.1513,43.4338],[-121.1166,43.4538],[-121.0818,43.4687],[-121.062,43.4887],[-121.0282,43.5145],[-120.9764,43.5461],[-120.8958,43.5448],[-120.8448,43.5338],[-120.8231,43.5407],[-120.7978,43.5428],[-120.791,43.5458],[-120.7778,43.5599],[-120.7639,43.567],[-120.7653,43.6024],[-120.762,43.6168],[-120.7644,43.6299],[-120.7721,43.6446],[-120.8037,43.6579],[-120.8158,43.6745],[-120.8134,43.6862],[-120.7901,43.6932],[-120.7819,43.7004],[-120.778,43.719],[-120.7812,43.7326],[-120.8007,43.755],[-120.8456,43.7667],[-120.8796,43.766],[-120.8945,43.7729],[-120.9097,43.7657],[-120.9387,43.761],[-120.9683,43.7755],[-120.9834,43.789],[-120.9973,43.8118],[-121.0346,43.8296],[-121.111,43.8866],[-121.1041,43.8902],[-121.1357,43.9049],[-121.1372,43.9153],[-121.128,43.9311],[-121.1271,43.9388],[-121.1491,43.9725],[-121.1537,43.9871],[-121.1499,43.9928],[-121.1169,44.0051],[-121.114,44.0108],[-121.1225,44.0258],[-121.1508,44.0295],[-121.1791,44.0476],[-121.1997,44.0515],[-121.2277,44.0492],[-121.2577,44.0367],[-121.2704,44.038],[-121.2876,44.0492],[-121.3138,44.0604],[-121.3189,44.0686],[-121.3212,44.0835],[-121.3538,44.1034],[-121.3755,44.1106],[-121.4024,44.133],[-121.4434,44.1422],[-121.4735,44.1788],[-121.4856,44.2216],[-121.5076,44.2534],[-121.5326,44.274],[-121.543,44.2909],[-121.5429,44.296],[-121.517,44.3033],[-121.4984,44.3223],[-121.4683,44.3393],[-121.4653,44.3565],[-121.4425,44.3902],[-121.4435,44.4051],[-121.4541,44.4222],[-121.4571,44.4335],[-121.4559,44.4453],[-121.4526,44.4521],[-121.421,44.4826],[-121.4114,44.5156],[-121.4138,44.5236],[-121.4255,44.5361],[-121.42,44.5646],[-121.4291,44.5899],[-121.457,44.6172],[-121.4584,44.6246],[-121.4416,44.6351],[-121.3893,44.6405],[-121.3805,44.6437],[-121.3703,44.6528],[-121.3679,44.6608],[-121.3694,44.6702],[-121.3822,44.6934],[-121.4045,44.7067],[-121.4164,44.721],[-121.4171,44.7412],[-121.4134,44.7599],[-121.4371,44.7862],[-121.438,44.8034],[-121.4313,44.8258],[-121.4298,44.8487],[-121.4357,44.8701],[-121.4446,44.8824],[-121.449,44.9049],[-121.4346,44.9149],[-121.4099,44.9239],[-121.3982,44.9325],[-121.3867,44.9478],[-121.3646,44.9583],[-121.3571,44.9725],[-121.3329,45.0018],[-121.2907,45.021],[-121.2865,45.0345],[-121.2688,45.0527],[-121.2619,45.0722],[-121.2638,45.0786],[-121.2692,45.0813],[-121.3302,45.0871],[-121.3671,45.1035],[-121.3694,45.1061],[-121.3657,45.124],[-121.3685,45.1415],[-121.3771,45.1457],[-121.4108,45.1449],[-121.4148,45.1469],[-121.4144,45.1557],[-121.4073,45.1619],[-121.3867,45.1685],[-121.3279,45.1732],[-121.3203,45.1798],[-121.3291,45.1887],[-121.3318,45.1973],[-121.324,45.2157],[-121.3176,45.2204],[-121.3004,45.225],[-121.2678,45.2255],[-121.2568,45.2288],[-121.2501,45.2473],[-121.2529,45.2538],[-121.2514,45.2606],[-121.2637,45.2862],[-121.2619,45.305],[-121.2417,45.3214],[-121.2291,45.3414],[-121.1933,45.3489],[-121.1932,45.3594],[-121.2159,45.3705],[-121.2163,45.3782],[-121.1982,45.4073],[-121.148,45.447],[-121.1484,45.4522],[-121.1737,45.4563],[-121.185,45.4644],[-121.2161,45.4669],[-121.2184,45.4712],[-121.2164,45.4767],[-121.1855,45.4927],[-121.1804,45.4974],[-121.1793,45.5038],[-121.1658,45.5141],[-121.1668,45.5201],[-121.1824,45.5321],[-121.1696,45.544],[-121.1632,45.562],[-121.1504,45.5646],[-121.1288,45.5635],[-121.1143,45.5732],[-121.1169,45.596],[-121.1103,45.6023],[-121.114,45.6044],[-121.1195,45.6063],[-121.167,45.597],[-121.191,45.5991],[-121.22,45.6232],[-121.2251,45.635],[-121.2236,45.6554],[-121.2194,45.6616],[-121.2024,45.67],[-121.1969,45.6804],[-121.1984,45.6849],[-121.2052,45.6892],[-121.2064,45.6954],[-121.1295,45.7072],[-121.0895,45.7208],[-121.0671,45.7613],[-121.0459,45.7704],[-121.0451,45.796],[-121.0528,45.8077],[-121.0546,45.8165],[-121.0537,45.823],[-121.0434,45.8306],[-121.0087,45.8261],[-120.9985,45.8128],[-120.9868,45.8055],[-120.9443,45.8046],[-120.9375,45.8092],[-120.9367,45.8188],[-120.9616,45.8284],[-120.9657,45.8316],[-120.9652,45.8393],[-120.9498,45.8488],[-120.9347,45.8676],[-120.9161,45.8734],[-120.8946,45.8925],[-120.882,45.8932],[-120.8736,45.8899],[-120.8528,45.8646],[-120.8233,45.8394],[-120.7911,45.8354],[-120.7162,45.8425],[-120.6974,45.8385],[-120.6729,45.8421],[-120.6441,45.8301],[-120.6106,45.7992],[-120.5872,45.7916],[-120.579,45.7913],[-120.5672,45.7974],[-120.5518,45.8176],[-120.5333,45.8255],[-120.514,45.8387],[-120.5001,45.856],[-120.4916,45.8554],[-120.4864,45.8473],[-120.4713,45.8419],[-120.4109,45.8401],[-120.4097,45.8478],[-120.423,45.8599],[-120.4253,45.8697],[-120.4188,45.8756],[-120.4047,45.8789],[-120.3947,45.8969],[-120.4027,45.9614],[-120.3968,45.9671],[-120.3666,45.9712],[-120.3541,45.9861],[-120.3504,46.0143],[-120.3525,46.0204],[-120.3734,46.0287],[-120.4373,46.0159],[-120.4575,46.0165],[-120.4774,46.0124],[-120.491,46.0196],[-120.4984,46.0349],[-120.5041,46.0392],[-120.5938,46.0419],[-120.6217,46.0394],[-120.6591,46.0534],[-120.6772,46.0777],[-120.6717,46.0881],[-120.6726,46.0941],[-120.686,46.1022],[-120.7093,46.1299],[-120.7094,46.143],[-120.7129,46.1486],[-120.7513,46.1454],[-120.7691,46.1628],[-120.7529,46.1696],[-120.7558,46.177],[-120.7862,46.1926],[-120.7928,46.1994],[-120.7887,46.2112],[-120.7729,46.2278],[-120.7696,46.2361],[-120.7713,46.2409],[-120.7937,46.2481],[-120.8373,46.2518],[-120.8471,46.2623],[-120.8568,46.2675],[-120.8833,46.2685],[-120.8864,46.2714],[-120.8694,46.2869],[-120.8853,46.2907],[-120.8877,46.2966],[-120.8681,46.3089],[-120.8643,46.3162],[-120.8656,46.3217],[-120.881,46.3307],[-120.9166,46.3659],[-120.9304,46.3822],[-120.9381,46.3994],[-120.9569,46.4056],[-120.9639,46.413],[-120.9815,46.4171],[-120.9856,46.4278],[-120.9812,46.4334],[-120.9639,46.4435],[-120.9267,46.454],[-120.9125,46.4627],[-120.9065,46.4851],[-120.9142,46.5059],[-120.9226,46.515],[-120.9474,46.5197],[-120.9479,46.5297],[-120.9309,46.5584],[-120.9141,46.5686],[-120.8955,46.5868],[-120.8717,46.5996],[-120.8716,46.6033],[-120.8781,46.6045],[-120.9182,46.6041],[-120.92,46.6076],[-120.914,46.6134],[-120.8856,46.6208],[-120.8838,46.6251],[-120.8877,46.6294],[-120.9343,46.6327],[-120.9609,46.6417],[-120.9629,46.6464],[-120.9333,46.6662],[-120.8869,46.6902],[-120.8838,46.6981],[-120.8851,46.7034],[-120.9415,46.6866],[-120.9478,46.6855],[-120.9541,46.6893],[-120.9303,46.7079],[-120.9219,46.7272],[-120.9002,46.7326],[-120.9032,46.7426],[-120.9148,46.7519],[-120.9136,46.7596],[-120.9028,46.7648],[-120.8537,46.7684],[-120.8529,46.7718],[-120.8564,46.775],[-120.8966,46.797],[-120.9053,46.8056],[-120.8913,46.8081],[-120.8666,46.8039],[-120.8332,46.7838],[-120.8264,46.783],[-120.8119,46.7832],[-120.8016,46.795],[-120.7641,46.7864],[-120.7454,46.7885],[-120.7433,46.7928],[-120.7475,46.806],[-120.7699,46.8209],[-120.7843,46.835],[-120.7809,46.8572],[-120.801,46.8801],[-120.798,46.8886],[-120.7825,46.9046],[-120.7863,46.9176],[-120.7796,46.9226],[-120.7561,46.926],[-120.7433,46.9321],[-120.7418,46.9357],[-120.7496,46.9455],[-120.7466,46.9475],[-120.6826,46.9508],[-120.674,46.9523],[-120.6714,46.9556],[-120.6845,46.9619],[-120.7376,46.9691],[-120.7737,46.9926],[-120.7782,47.0177],[-120.7716,47.0259],[-120.7647,47.0748],[-120.7732,47.0843],[-120.7758,47.0959],[-120.7855,47.1002],[-120.7925,47.109],[-120.7931,47.1268],[-120.789,47.1409],[-120.7936,47.1535],[-120.7746,47.1608],[-120.7372,47.1577],[-120.6957,47.1726],[-120.6454,47.1818],[-120.6052,47.1773],[-120.5684,47.1687],[-120.5399,47.1677],[-120.5151,47.172],[-120.4994,47.1607],[-120.4892,47.1579],[-120.4509,47.1658],[-120.443,47.16],[-120.4383,47.1469],[-120.4298,47.1444],[-120.4126,47.1433],[-120.3878,47.1493],[-120.373,47.1405],[-120.3565,47.1385],[-120.3363,47.1258],[-120.3167,47.1184],[-120.3057,47.1176],[-120.2745,47.1237],[-120.2652,47.1181],[-120.2546,47.1018],[-120.2428,47.1042],[-120.2314,47.1234],[-120.237,47.1389],[-120.2355,47.1425],[-120.2208,47.1518],[-120.2214,47.1573],[-120.2307,47.1681],[-120.2203,47.1864],[-120.2324,47.2134],[-120.2444,47.2244],[-120.2466,47.2304],[-120.2477,47.2554],[-120.2551,47.2687],[-120.2539,47.278],[-120.2575,47.2884],[-120.2533,47.3121],[-120.2618,47.3138],[-120.2714,47.31],[-120.3041,47.3142],[-120.3128,47.3182],[-120.3212,47.3281],[-120.3618,47.3347],[-120.3663,47.3477],[-120.3884,47.3528],[-120.3965,47.3586],[-120.3732,47.3753],[-120.3796,47.3799],[-120.4057,47.388],[-120.4222,47.3985],[-120.428,47.4237],[-120.4171,47.4371],[-120.4173,47.4413],[-120.4434,47.4532],[-120.4546,47.4622],[-120.4629,47.4725],[-120.4657,47.4825],[-120.4925,47.4917],[-120.4979,47.5036],[-120.5086,47.5112],[-120.5087,47.515],[-120.492,47.5226],[-120.4552,47.5307],[-120.417,47.5533],[-120.3666,47.5392],[-120.3371,47.5466],[-120.3311,47.5496],[-120.3272,47.5645],[-120.3235,47.5683],[-120.3033,47.576],[-120.2741,47.599],[-120.2635,47.6167],[-120.2686,47.6293],[-120.2662,47.6387],[-120.269,47.6515],[-120.3103,47.6592],[-120.3265,47.6727],[-120.3305,47.6805],[-120.3478,47.6844],[-120.3509,47.6883],[-120.3138,47.7032],[-120.2937,47.6935],[-120.2743,47.6893],[-120.2524,47.6919],[-120.248,47.6952],[-120.2447,47.699],[-120.2476,47.7251],[-120.2358,47.7514],[-120.2343,47.7617],[-120.2223,47.7678],[-120.2203,47.7723],[-120.1897,47.7788],[-120.1786,47.7999],[-120.1482,47.8009],[-120.1283,47.8185],[-120.127,47.8261],[-120.1465,47.8502],[-120.1448,47.8551],[-120.1237,47.853],[-120.0826,47.8372],[-120.0432,47.8366],[-120.0289,47.8331],[-120.0204,47.8381],[-120.0239,47.844],[-120.0425,47.8457],[-120.0602,47.8564],[-120.0955,47.8637],[-120.118,47.8754],[-120.141,47.8762],[-120.1775,47.8875],[-120.184,47.894],[-120.1962,47.9199],[-120.1896,47.9305],[-120.185,47.9494],[-120.1805,47.9511],[-120.1569,47.9461],[-120.1354,47.936],[-120.1112,47.9331],[-120.0878,47.9235],[-120.0596,47.9208],[-120.0438,47.9045],[-120.0449,47.8914],[-120.0398,47.8775],[-120.0151,47.8683],[-119.9929,47.8508],[-119.9752,47.8466],[-119.9674,47.8507],[-119.9664,47.8602],[-119.9797,47.8755],[-119.982,47.8866],[-119.9731,47.8895],[-119.9449,47.8844],[-119.939,47.8899],[-119.9394,47.902],[-119.9339,47.9083],[-119.9386,47.9156],[-119.953,47.9187],[-119.9785,47.9357],[-119.981,47.9486],[-119.9725,47.9511],[-119.9502,47.9484],[-119.9012,47.934],[-119.8933,47.9352],[-119.8857,47.9441],[-119.8852,47.9568],[-119.8945,47.9688],[-119.9248,47.9896],[-119.9353,48.0291],[-119.9441,48.0466],[-119.9541,48.0539],[-119.9788,48.0617],[-119.9967,48.0767],[-120.0093,48.0813],[-120.0271,48.0946],[-120.0586,48.1079],[-120.0649,48.117],[-120.0647,48.1388],[-120.0734,48.1495],[-120.0918,48.1598],[-120.0974,48.1756],[-120.1025,48.181],[-120.1219,48.1813],[-120.1329,48.1854],[-120.1229,48.1994],[-120.142,48.2246],[-120.1407,48.2459],[-120.1616,48.2567],[-120.2141,48.2684],[-120.2539,48.2836],[-120.2548,48.2916],[-120.2519,48.2966],[-120.2323,48.3076],[-120.2152,48.314],[-120.1887,48.3156],[-120.1516,48.3136],[-120.1449,48.2949],[-120.1273,48.2835],[-120.1119,48.2818],[-120.0984,48.2867],[-120.1032,48.2939],[-120.1341,48.3105],[-120.1344,48.315],[-120.1264,48.3185],[-120.1011,48.3151],[-120.099,48.3215],[-120.1183,48.3341],[-120.1357,48.3391],[-120.1435,48.3504],[-120.1496,48.3528],[-120.1784,48.3381],[-120.1967,48.3403],[-120.2145,48.349],[-120.251,48.329],[-120.2605,48.3269],[-120.2644,48.329],[-120.2653,48.3342],[-120.2602,48.3468],[-120.2369,48.3755],[-120.2646,48.3866],[-120.2687,48.4121],[-120.2635,48.4155],[-120.2505,48.4144],[-120.2448,48.4168],[-120.2441,48.4202],[-120.2616,48.4363],[-120.2608,48.4624],[-120.2788,48.4755],[-120.282,48.496],[-120.3107,48.5271],[-120.2992,48.5336],[-120.2526,48.548],[-120.228,48.5609],[-120.2092,48.5566],[-120.2063,48.5612],[-120.2074,48.5662],[-120.2483,48.5842],[-120.2563,48.5925],[-120.2534,48.5961],[-120.2257,48.6038],[-120.1943,48.5871],[-120.1674,48.5656],[-120.1627,48.5456],[-120.1446,48.5165],[-120.1374,48.5078],[-120.1169,48.4939],[-120.1122,48.4817],[-120.0891,48.4634],[-120.0694,48.458],[-120.0384,48.4368],[-120.0306,48.4256],[-119.9991,48.415],[-119.9948,48.4076],[-119.9959,48.4008],[-119.9914,48.3895],[-119.9823,48.3764],[-119.989,48.3549],[-119.9819,48.3335],[-119.9824,48.3265],[-119.9986,48.3059],[-120.0263,48.3001],[-120.0401,48.2799],[-120.0538,48.2668],[-120.0548,48.2547],[-120.0518,48.2428],[-120.033,48.2334],[-120.0555,48.2248],[-120.0604,48.2197],[-120.0585,48.2152],[-120.0071,48.2018],[-120.0437,48.1957],[-120.0479,48.1942],[-120.0493,48.1892],[-120.0019,48.1881],[-119.9923,48.1854],[-119.9691,48.1873],[-119.9507,48.1733],[-119.9254,48.172],[-119.8991,48.1582],[-119.8929,48.1582],[-119.8804,48.1667],[-119.8663,48.1691],[-119.8392,48.169],[-119.8099,48.1633],[-119.8023,48.1731],[-119.8008,48.1877],[-119.7825,48.2094],[-119.7721,48.2246],[-119.7721,48.2295],[-119.7748,48.2497],[-119.7786,48.2553],[-119.8156,48.2792],[-119.8091,48.2951],[-119.7932,48.3078],[-119.7712,48.3111],[-119.7598,48.309],[-119.7429,48.2975],[-119.7289,48.2981],[-119.7233,48.307],[-119.7279,48.3252],[-119.7233,48.3371],[-119.6925,48.3565],[-119.6596,48.3589],[-119.6491,48.3666],[-119.641,48.3866],[-119.638,48.4341],[-119.6228,48.4395],[-119.5868,48.4404],[-119.5814,48.4455],[-119.584,48.4547],[-119.5907,48.458],[-119.6426,48.4619],[-119.6617,48.4682],[-119.6841,48.4896],[-119.6878,48.4967],[-119.686,48.5122],[-119.692,48.5189],[-119.7199,48.5324],[-119.7703,48.5408],[-119.773,48.5496],[-119.7539,48.5611],[-119.7391,48.5771],[-119.7301,48.5786],[-119.7143,48.5751],[-119.7104,48.5706],[-119.7089,48.5603],[-119.6889,48.5557],[-119.6771,48.5478],[-119.6523,48.5488],[-119.638,48.5354],[-119.6029,48.5233],[-119.5645,48.5196],[-119.5472,48.5227],[-119.5414,48.5341],[-119.5449,48.5772],[-119.5566,48.5874],[-119.5927,48.5945],[-119.5833,48.6039],[-119.5814,48.6139],[-119.5767,48.6184],[-119.5538,48.6227],[-119.5375,48.6193],[-119.5267,48.625],[-119.5231,48.6317],[-119.5215,48.6507],[-119.5492,48.6998],[-119.5637,48.7361],[-119.5836,48.7645],[-119.5859,48.795],[-119.5896,48.8009],[-119.6148,48.8166],[-119.6173,48.8271],[-119.6103,48.837],[-119.5974,48.8435],[-119.5352,48.8671],[-119.5266,48.8657],[-119.4985,48.8446],[-119.4851,48.8463],[-119.4757,48.8434],[-119.4659,48.8254],[-119.4614,48.8233],[-119.4526,48.8275],[-119.4495,48.834],[-119.4514,48.847],[-119.4612,48.8593],[-119.4565,48.8749],[-119.4643,48.8827],[-119.4672,48.8973],[-119.5012,48.9143],[-119.5122,48.9283],[-119.5168,48.9506],[-119.4997,48.9654],[-119.5038,48.9704],[-119.5132,48.9731],[-119.5556,48.9737],[-119.5848,48.9792],[-119.5942,48.9779],[-119.6256,48.9656],[-119.6523,48.9385],[-119.6698,48.9337],[-119.6903,48.9394],[-119.7037,48.9485],[-119.7115,48.9583],[-119.7154,48.9778],[-119.7128,48.9999],[-119.3035,48.9999],[-119.308,48.9857],[-119.3318,48.9783],[-119.328,48.9513],[-119.3317,48.9419],[-119.3752,48.9349],[-119.4035,48.9235],[-119.4093,48.9135],[-119.4107,48.8906],[-119.3872,48.8535],[-119.3649,48.8386],[-119.361,48.8247],[-119.3518,48.8113],[-119.3491,48.7863],[-119.3153,48.7631],[-119.3117,48.7509],[-119.3065,48.7454],[-119.2965,48.7419],[-119.2737,48.7437],[-119.2708,48.736],[-119.2758,48.7249],[-119.272,48.7087],[-119.2554,48.6977],[-119.2231,48.6947],[-119.2152,48.6854],[-119.2154,48.677],[-119.2191,48.6697],[-119.2696,48.6531],[-119.284,48.6341],[-119.2894,48.6316],[-119.3193,48.6426],[-119.4028,48.6622],[-119.4045,48.6588],[-119.3975,48.6504],[-119.3458,48.6183],[-119.3433,48.6157],[-119.3439,48.6041],[-119.3871,48.6061],[-119.4241,48.6207],[-119.4536,48.6147],[-119.4595,48.611],[-119.464,48.6017],[-119.4577,48.5863],[-119.4473,48.5811],[-119.4276,48.5783],[-119.3881,48.5807],[-119.3637,48.5725],[-119.3376,48.5713],[-119.3056,48.5606],[-119.261,48.5286],[-119.2491,48.5101],[-119.2499,48.5008],[-119.2928,48.4932],[-119.3384,48.4953],[-119.3835,48.5106],[-119.3865,48.517],[-119.402,48.5215],[-119.4107,48.5321],[-119.4483,48.5486],[-119.4666,48.5531],[-119.4769,48.5486],[-119.4976,48.5171],[-119.4928,48.5066],[-119.4528,48.483],[-119.4323,48.4645],[-119.4298,48.4538],[-119.422,48.4446],[-119.3943,48.4315],[-119.3872,48.4203],[-119.3844,48.4062],[-119.3753,48.3959],[-119.308,48.383],[-119.2794,48.3683],[-119.2269,48.3647],[-119.203,48.3571],[-119.203,48.3503],[-119.2476,48.3476],[-119.2914,48.3307],[-119.3025,48.3295],[-119.3093,48.3315],[-119.3232,48.3449],[-119.3513,48.3586],[-119.3887,48.3574],[-119.4282,48.365],[-119.4318,48.3632],[-119.4334,48.3577],[-119.4269,48.3452],[-119.3683,48.2937],[-119.3383,48.255],[-119.3207,48.2472],[-119.2992,48.2299],[-119.2524,48.2117],[-119.2403,48.1996],[-119.242,48.1939],[-119.2733,48.1936],[-119.3131,48.1882],[-119.3289,48.1805],[-119.3236,48.1632],[-119.2974,48.1349],[-119.2823,48.1273],[-119.2683,48.1288],[-119.2569,48.1352],[-119.2375,48.1557],[-119.1944,48.1755],[-119.1869,48.1761],[-119.1572,48.1644],[-119.1249,48.1637],[-119.1021,48.1709],[-119.0805,48.1725],[-119.0543,48.1673],[-119.0206,48.1747],[-118.9951,48.1754],[-118.9863,48.2029],[-118.9793,48.2061],[-118.9537,48.1974],[-118.9341,48.1985],[-118.9231,48.2004],[-118.8836,48.222],[-118.8663,48.2207],[-118.8433,48.2237],[-118.8348,48.2196],[-118.8393,48.208],[-118.8329,48.2023],[-118.8383,48.1638],[-118.8552,48.1327],[-118.853,48.1086],[-118.8644,48.1003],[-118.8564,48.0873],[-118.8553,48.0785],[-118.8595,48.0642],[-118.8693,48.0476],[-118.8662,48.0285],[-118.871,48.0175],[-118.8876,48.006],[-118.9466,47.9878],[-118.9692,47.9752],[-118.9746,47.9703],[-118.9761,47.9621],[-118.9674,47.9566],[-118.9342,47.9535],[-118.8576,47.9686],[-118.8356,47.9681],[-118.8171,47.9601],[-118.7895,47.932],[-118.7602,47.9224],[-118.7413,47.9204],[-118.7308,47.9218],[-118.721,47.9277],[-118.7172,47.9371],[-118.701,47.9518],[-118.7067,47.9646],[-118.7047,47.9721],[-118.6974,47.9784],[-118.6887,47.978],[-118.6804,47.9728],[-118.6724,47.9545],[-118.6304,47.9391],[-118.5662,47.9384],[-118.5394,47.9328],[-118.5335,47.924],[-118.5258,47.9],[-118.5122,47.8863],[-118.4991,47.8818],[-118.4773,47.8827],[-118.456,47.879],[-118.4369,47.85],[-118.412,47.8427],[-118.4034,47.8435],[-118.3915,47.8496],[-118.3689,47.8715],[-118.3639,47.8808],[-118.3616,47.8971],[-118.3544,47.9074],[-118.3456,47.9106],[-118.3191,47.9106],[-118.2829,47.9338],[-118.2222,47.9516],[-118.2024,47.9455],[-118.1869,47.9349],[-118.1708,47.9137],[-118.1282,47.8807],[-118.0938,47.8412],[-118.0664,47.8223],[-118.0386,47.8138],[-118.024,47.8163],[-118.0073,47.8263],[-117.9819,47.8353],[-117.9637,47.8369],[-117.9292,47.8325],[-117.8966,47.8479],[-117.8628,47.8516],[-117.845,47.8618],[-117.8285,47.879],[-117.816,47.8839],[-117.8086,47.8826],[-117.7718,47.8535],[-117.7569,47.8469],[-117.7353,47.8467],[-117.6851,47.8675],[-117.6764,47.8625],[-117.6725,47.837],[-117.6678,47.8298],[-117.6396,47.8104],[-117.6319,47.8009],[-117.6101,47.7956],[-117.5877,47.7851],[-117.5561,47.7609],[-117.5566,47.7436],[-117.5444,47.7201],[-117.5254,47.7192],[-117.512,47.7117],[-117.4927,47.6861],[-117.473,47.6678],[-117.4391,47.6103],[-117.4179,47.5942],[-117.4047,47.5782],[-117.3883,47.568],[-117.3671,47.5396],[-117.3559,47.5355],[-117.332,47.5459],[-117.3169,47.5459],[-117.3145,47.5414],[-117.3212,47.5278],[-117.2767,47.5253],[-117.2782,47.5203],[-117.2926,47.5133],[-117.2832,47.5077],[-117.2606,47.503],[-117.2384,47.5077],[-117.2198,47.5228],[-117.1817,47.5221],[-117.1506,47.5258],[-117.12,47.5397],[-117.1082,47.5398],[-117.1025,47.5322],[-117.1061,47.5221],[-117.0768,47.5148],[-117.051,47.5],[-117.0353,47.4864],[-117.031,47.4797],[-117.0229,47.4448],[-117.0123,47.4312],[-116.9425,47.4188],[-116.9296,47.4103],[-116.9281,47.3995],[-116.9319,47.3949],[-116.9642,47.3872],[-116.9767,47.3807],[-116.9796,47.3723],[-116.975,47.3589],[-116.9624,47.3422],[-116.9615,47.3357],[-116.965,47.3316],[-116.9978,47.3219],[-117.0666,47.3167],[-117.0766,47.3067],[-117.0832,47.28],[-117.0919,47.2716],[-117.0918,47.2674],[-117.0817,47.2592],[-117.0682,47.2613],[-117.0639,47.2671],[-117.0559,47.3009],[-117.0431,47.3125],[-117.0213,47.3142],[-116.972,47.3094],[-116.9484,47.3112],[-116.9384,47.3079],[-116.93,47.2966],[-116.9103,47.2859],[-116.9065,47.2781],[-116.9046,47.2549],[-116.8635,47.2399],[-116.8641,47.2371],[-116.8821,47.2326],[-116.8811,47.2282],[-116.8645,47.2179],[-116.8651,47.2112],[-116.8782,47.1933],[-116.8773,47.1878],[-116.8012,47.1365],[-116.8054,47.1246],[-116.7998,47.1163],[-116.7788,47.1122],[-116.7781,47.0793],[-116.7834,47.0652],[-116.7943,47.0592],[-116.8511,47.0527],[-116.8624,47.0541],[-116.8696,47.0637],[-116.8679,47.0698],[-116.8493,47.0818],[-116.8448,47.0924],[-116.8804,47.0928],[-116.901,47.1105],[-116.9158,47.1165],[-116.9271,47.1104],[-116.9354,47.0942],[-116.945,47.0909],[-116.9575,47.1051],[-116.9502,47.1309],[-116.9511,47.1453],[-116.9701,47.1458],[-116.984,47.1339],[-117.0087,47.1305],[-117.0204,47.1242],[-117.0155,47.1151],[-116.9989,47.1074],[-116.9978,47.086],[-116.9826,47.066],[-116.9982,47.0556],[-117.0027,47.0392],[-117.0146,47.0205],[-117.0159,47.0134],[-117.0108,47.01],[-117.0024,47.0099],[-116.9897,47.0151],[-116.9844,47.0099],[-116.9751,47.0095],[-116.9321,47.029],[-116.8863,47.0328],[-116.8763,47.0268],[-116.8769,47.0142],[-116.8995,46.9914],[-116.9019,46.9861],[-116.8987,46.9802],[-116.8836,46.9828],[-116.8728,46.99],[-116.8585,46.9806],[-116.8404,46.9888],[-116.8347,46.9812],[-116.8428,46.9658],[-116.8402,46.9601],[-116.814,46.9547],[-116.7788,46.9385],[-116.7607,46.9387],[-116.7332,46.951],[-116.7087,46.9565],[-116.6859,46.9687],[-116.6735,46.967],[-116.658,46.9518],[-116.6562,46.9453],[-116.66,46.9404],[-116.6764,46.9362],[-116.6945,46.9184],[-116.726,46.9102],[-116.7655,46.9157],[-116.826,46.9119],[-116.8633,46.9114],[-116.8947,46.9154],[-116.912,46.9125],[-116.9334,46.8929],[-116.961,46.8832],[-116.9906,46.8799],[-117.0053,46.8735],[-117.0066,46.8663],[-116.9994,46.8557],[-116.9978,46.847],[-117.0005,46.8345],[-117.0104,46.8198],[-117.0298,46.8062],[-117.0295,46.801],[-117.0116,46.789],[-116.9804,46.7816],[-116.965,46.7599],[-116.9536,46.7515],[-116.9365,46.7454],[-116.9331,46.7422],[-116.927,46.7212],[-116.932,46.713],[-116.9448,46.7034],[-116.9905,46.6911],[-116.9974,46.6799],[-116.995,46.6674],[-116.9819,46.663],[-116.9552,46.6747],[-116.9131,46.672],[-116.9036,46.6685],[-116.8963,46.6427],[-116.8351,46.622],[-116.8188,46.6125],[-116.8028,46.5882],[-116.7965,46.5616],[-116.7684,46.5324],[-116.7675,46.5256],[-116.742,46.5204],[-116.7294,46.5124],[-116.7086,46.4803],[-116.6712,46.4441],[-116.666,46.4301],[-116.6667,46.4095],[-116.6625,46.4007],[-116.6363,46.39],[-116.6285,46.3837],[-116.6278,46.378],[-116.6341,46.369],[-116.663,46.3479],[-116.6947,46.3305],[-116.7229,46.3006],[-116.7302,46.2865],[-116.7335,46.2656],[-116.7428,46.2586],[-116.7474,46.2464],[-116.7452,46.2313],[-116.7498,46.2287],[-116.7543,46.2302],[-116.7663,46.2447],[-116.77,46.2414],[-116.7714,46.2322],[-116.7848,46.2269],[-116.7952,46.2316],[-116.8132,46.2226],[-116.8083,46.1996],[-116.8252,46.2004],[-116.8371,46.1857],[-116.8454,46.1985],[-116.8488,46.1987],[-116.8551,46.1915],[-116.8537,46.186],[-116.8579,46.1692],[-116.8501,46.1649],[-116.8414,46.1657],[-116.827,46.1511],[-116.8169,46.1518],[-116.8162,46.1485],[-116.8198,46.1411],[-116.8387,46.1393],[-116.8376,46.1331],[-116.8516,46.1329],[-116.8447,46.1211],[-116.8452,46.1121],[-116.8541,46.1034],[-116.8547,46.0898],[-116.8666,46.0881],[-116.8499,46.0418],[-116.8449,46.0394],[-116.8352,46.0425],[-116.8201,46.0268],[-116.8048,46.0219],[-116.7837,46.0352],[-116.7951,46.0557],[-116.7913,46.0676],[-116.7948,46.0789],[-116.7884,46.0818],[-116.7749,46.0754],[-116.7676,46.065],[-116.7602,46.0663],[-116.7492,46.0624],[-116.7442,46.0639],[-116.7441,46.0746],[-116.7354,46.0741],[-116.7245,46.0824],[-116.6988,46.0802],[-116.6863,46.0719],[-116.6652,46.0677],[-116.6626,46.0691],[-116.6702,46.0791],[-116.6696,46.0858],[-116.6346,46.0877],[-116.6201,46.0966],[-116.615,46.1083],[-116.6162,46.1184],[-116.6272,46.1376],[-116.629,46.1554],[-116.6566,46.1945],[-116.6644,46.2139],[-116.6787,46.2124],[-116.6906,46.2162],[-116.6853,46.2332],[-116.6618,46.2367],[-116.6259,46.2247],[-116.6178,46.2164],[-116.607,46.1938],[-116.5999,46.188],[-116.5703,46.1926],[-116.528,46.1849],[-116.524,46.187],[-116.5211,46.2031],[-116.5169,46.2091],[-116.5138,46.2326],[-116.5169,46.2465],[-116.5155,46.2647],[-116.5215,46.2899],[-116.517,46.2969],[-116.5072,46.2955],[-116.4995,46.2993],[-116.5069,46.3056],[-116.507,46.3156],[-116.4957,46.3124],[-116.4808,46.3177],[-116.4865,46.3324],[-116.483,46.3416],[-116.471,46.3451],[-116.4718,46.3295],[-116.4629,46.3239],[-116.4575,46.3049],[-116.4517,46.3009],[-116.444,46.3036],[-116.4426,46.3087],[-116.4453,46.3194],[-116.4575,46.3308],[-116.4486,46.3405],[-116.4294,46.3372],[-116.4226,46.332],[-116.4165,46.318],[-116.4008,46.321],[-116.405,46.3289],[-116.4043,46.3386],[-116.3961,46.3319],[-116.3604,46.3351],[-116.3492,46.325],[-116.3388,46.3303],[-116.3502,46.3548],[-116.3378,46.3529],[-116.333,46.3473],[-116.3163,46.3526],[-116.3468,46.3686],[-116.3499,46.3846],[-116.3397,46.3878],[-116.3575,46.4042],[-116.358,46.4199],[-116.3611,46.4244],[-116.3856,46.4396],[-116.3939,46.4516],[-116.3901,46.4585],[-116.3784,46.4595],[-116.3611,46.4428],[-116.3536,46.4396],[-116.3485,46.4438],[-116.3306,46.4305],[-116.3229,46.417],[-116.3215,46.3974],[-116.3162,46.3854],[-116.3106,46.3809],[-116.308,46.3655],[-116.295,46.3453],[-116.2892,46.3209],[-116.2897,46.2891],[-116.2858,46.2856],[-116.2769,46.2871],[-116.2763,46.3118],[-116.2732,46.3211],[-116.2834,46.3339],[-116.2823,46.3466],[-116.2973,46.3755],[-116.2949,46.3812],[-116.2872,46.381],[-116.2838,46.3854],[-116.2995,46.3904],[-116.3042,46.4007],[-116.3032,46.4066],[-116.2889,46.4016],[-116.2833,46.406],[-116.286,46.4175],[-116.3019,46.4215],[-116.3054,46.4269],[-116.3036,46.4339],[-116.2934,46.4357],[-116.2945,46.4444],[-116.3046,46.4495],[-116.3243,46.4501],[-116.3603,46.4706],[-116.4008,46.4798],[-116.4,46.4847],[-116.375,46.4875],[-116.3481,46.482],[-116.3439,46.4835],[-116.3249,46.474],[-116.3002,46.4682],[-116.2894,46.471],[-116.2774,46.4619],[-116.2743,46.4556],[-116.2597,46.4494],[-116.2465,46.4377],[-116.2433,46.4211],[-116.2534,46.4047],[-116.2438,46.4015],[-116.2306,46.4076],[-116.2193,46.4003],[-116.2136,46.3929],[-116.2082,46.3628],[-116.2131,46.3555],[-116.2212,46.3542],[-116.2491,46.3633],[-116.246,46.3533],[-116.2281,46.3392],[-116.2,46.3436],[-116.1853,46.3401],[-116.1777,46.3352],[-116.1723,46.3217],[-116.1748,46.3159],[-116.182,46.3139],[-116.193,46.304],[-116.2106,46.3038],[-116.2176,46.2778],[-116.2056,46.2879],[-116.1739,46.2934],[-116.1641,46.2797],[-116.1308,46.2708],[-116.1227,46.2619],[-116.1245,46.255],[-116.1211,46.2522],[-116.0736,46.2413],[-116.0696,46.2329],[-116.073,46.2281],[-116.1054,46.2297],[-116.1335,46.2404],[-116.151,46.2271],[-116.1727,46.2325],[-116.1758,46.2292],[-116.1646,46.2214],[-116.165,46.2173],[-116.1971,46.2178],[-116.1937,46.2093],[-116.1781,46.2063],[-116.1823,46.1988],[-116.1806,46.1948],[-116.2054,46.1893],[-116.2059,46.1796],[-116.2002,46.179],[-116.2022,46.1645],[-116.2047,46.1619],[-116.2316,46.165],[-116.2359,46.1615],[-116.2344,46.157],[-116.2015,46.147],[-116.1939,46.1487],[-116.18,46.1584],[-116.1794,46.1745],[-116.1662,46.1749],[-116.1553,46.1888],[-116.1497,46.1888],[-116.1374,46.2009],[-116.128,46.2029],[-116.1111,46.1956],[-116.081,46.1983],[-116.0815,46.1821],[-116.096,46.1789],[-116.0954,46.1715],[-116.0895,46.1692],[-116.094,46.1577],[-116.0912,46.1497],[-116.0862,46.1513],[-116.0765,46.1634],[-116.0595,46.1545],[-116.0506,46.161],[-116.0639,46.1705],[-116.0619,46.1934],[-116.0585,46.2001],[-116.0446,46.1946],[-116.0282,46.1666],[-116.0208,46.1621],[-116.0159,46.1403],[-116.0092,46.1315],[-116.0183,46.1076],[-116.0298,46.1049],[-116.0703,46.1185],[-116.0719,46.1163],[-116.0613,46.1047],[-116.0618,46.1005],[-116.0834,46.0958],[-116.0979,46.0848],[-116.1087,46.0806],[-116.1401,46.0767],[-116.1123,46.0477],[-116.0983,46.06],[-116.087,46.0642],[-116.0626,46.0807],[-116.0525,46.0831],[-116.0322,46.0776],[-116.0281,46.0613],[-116.0102,46.0664],[-116.0063,46.0542],[-116.0131,46.0462],[-116.0463,46.0303],[-116.0446,46.0126],[-116.0489,46.0001],[-116.0352,46.0031],[-116.0208,46.0205],[-115.9959,46.0194],[-115.9771,46.0097],[-115.9686,46.0013],[-115.9851,45.9843],[-115.9871,45.9738],[-115.9856,45.9713],[-115.9757,45.973],[-115.9703,45.96],[-115.9892,45.9526],[-116.0021,45.9632],[-116.0192,45.9614],[-116.0435,45.9459],[-116.0798,45.915],[-116.1074,45.9084],[-116.1355,45.8952],[-116.1615,45.8906],[-116.1884,45.8795],[-116.2253,45.877],[-116.2335,45.8723],[-116.239,45.863],[-116.2389,45.8394],[-116.2101,45.8435],[-116.2223,45.8218],[-116.2203,45.8161],[-116.2077,45.815],[-116.2008,45.8089],[-116.1673,45.8105],[-116.1524,45.8044],[-116.1616,45.7962],[-116.1938,45.786],[-116.1874,45.7825],[-116.1703,45.7809],[-116.1527,45.7682],[-116.1426,45.7665],[-116.1512,45.7592],[-116.1805,45.7619],[-116.2054,45.7517],[-116.2105,45.7314],[-116.1844,45.7356],[-116.1871,45.7279],[-116.1856,45.7169],[-116.1793,45.7101],[-116.2043,45.7011],[-116.213,45.6945],[-116.2137,45.687],[-116.2095,45.6834],[-116.226,45.676],[-116.2237,45.6657],[-116.2311,45.6597],[-116.2312,45.6521],[-116.2047,45.6557],[-116.1808,45.6504],[-116.1593,45.6487],[-116.1462,45.6511],[-116.1274,45.6434],[-116.1203,45.635],[-116.1368,45.6333],[-116.1445,45.6247],[-116.1548,45.6257],[-116.167,45.6212],[-116.1685,45.618],[-116.1632,45.6077],[-116.1715,45.604],[-116.1862,45.6139],[-116.2276,45.6069],[-116.2303,45.6053],[-116.2295,45.5976],[-116.2182,45.582],[-116.2022,45.5742],[-116.1989,45.5697],[-116.2171,45.568],[-116.2339,45.5614],[-116.2614,45.564],[-116.2634,45.5532],[-116.2733,45.5423],[-116.27,45.53],[-116.2806,45.522],[-116.2753,45.5115],[-116.2753,45.502],[-116.2703,45.4953],[-116.2764,45.4842],[-116.274,45.4772],[-116.2823,45.4709],[-116.2754,45.4571],[-116.2872,45.4469],[-116.2892,45.4398],[-116.2594,45.4425],[-116.2475,45.4339],[-116.2345,45.4128],[-116.2196,45.4054],[-116.2185,45.3996],[-116.2463,45.3962],[-116.2651,45.4006],[-116.2995,45.4004],[-116.3036,45.3992],[-116.3055,45.3924],[-116.3139,45.3897],[-116.3184,45.377],[-116.3375,45.3683],[-116.3399,45.3622],[-116.3366,45.3557],[-116.3238,45.3481],[-116.3278,45.3189],[-116.3156,45.309],[-116.3259,45.3036],[-116.328,45.2943],[-116.3348,45.2847],[-116.3326,45.2797],[-116.318,45.2737],[-116.3323,45.2555],[-116.3382,45.254],[-116.3416,45.2544],[-116.3537,45.2684],[-116.3751,45.2741],[-116.3728,45.2869],[-116.3825,45.2971],[-116.383,45.3335],[-116.3874,45.3383],[-116.3974,45.3335],[-116.4021,45.3264],[-116.4177,45.2862],[-116.4215,45.2664],[-116.4355,45.2523],[-116.4409,45.2536],[-116.4371,45.2685],[-116.4395,45.2837],[-116.4358,45.2965],[-116.4391,45.3039],[-116.4473,45.3054],[-116.4847,45.2947],[-116.4887,45.2971],[-116.4832,45.3044],[-116.4736,45.3088],[-116.4311,45.3178],[-116.4214,45.3303],[-116.4229,45.3375],[-116.4174,45.3529],[-116.428,45.3609],[-116.4286,45.37],[-116.4132,45.3868],[-116.3965,45.3937],[-116.3725,45.3974],[-116.3667,45.4021],[-116.3964,45.407],[-116.3961,45.4123],[-116.4076,45.4186],[-116.4052,45.4271],[-116.4093,45.4364],[-116.3979,45.4518],[-116.3826,45.4539],[-116.375,45.4582],[-116.3728,45.4718],[-116.365,45.482],[-116.3516,45.49],[-116.353,45.5189],[-116.3654,45.5299],[-116.384,45.536],[-116.3817,45.5391],[-116.3668,45.5401],[-116.3545,45.5461],[-116.3331,45.5778],[-116.3333,45.5829],[-116.3491,45.5896],[-116.3599,45.5985],[-116.3602,45.6026],[-116.3313,45.6038],[-116.326,45.6053],[-116.3251,45.6085],[-116.3315,45.6159],[-116.3637,45.6248],[-116.345,45.6323],[-116.3516,45.6505],[-116.3572,45.6596],[-116.3666,45.6625],[-116.3817,45.6766],[-116.3981,45.6837],[-116.3862,45.6952],[-116.3777,45.7174],[-116.3859,45.7228],[-116.3757,45.7376],[-116.3821,45.7426],[-116.3821,45.7504],[-116.389,45.762],[-116.3818,45.7739],[-116.3852,45.7834],[-116.3573,45.8055],[-116.3625,45.8158],[-116.3357,45.8379],[-116.3333,45.8421],[-116.3347,45.8518],[-116.3438,45.8644],[-116.3534,45.8709],[-116.3625,45.8628],[-116.3731,45.8678],[-116.3802,45.867],[-116.3913,45.8745],[-116.3983,45.8576],[-116.4099,45.8425],[-116.4072,45.8259],[-116.4202,45.8223],[-116.436,45.8315],[-116.433,45.8409],[-116.4411,45.857],[-116.4587,45.8617],[-116.4487,45.8775],[-116.4777,45.9234],[-116.4776,45.9336],[-116.4695,45.9434],[-116.4728,45.9559],[-116.4792,45.9573],[-116.4854,45.9496],[-116.4894,45.9499],[-116.4992,45.9571],[-116.5121,45.9612],[-116.521,45.9567],[-116.5518,45.9507],[-116.5637,45.9421],[-116.5702,45.9429],[-116.575,45.951],[-116.5872,45.9571],[-116.6197,45.9603],[-116.6259,45.96],[-116.6289,45.9564],[-116.6295,45.9515],[-116.6198,45.9311],[-116.6315,45.9068],[-116.6127,45.8865],[-116.545,45.8768],[-116.5308,45.8708],[-116.5139,45.8683],[-116.5041,45.8606],[-116.4972,45.8478],[-116.4725,45.8358],[-116.472,45.8267],[-116.4883,45.7909],[-116.4872,45.7843],[-116.476,45.7752],[-116.4326,45.7597],[-116.4221,45.7494],[-116.42,45.7296],[-116.423,45.7234],[-116.4312,45.7193],[-116.4238,45.6958],[-116.4068,45.6763],[-116.4023,45.6559],[-116.4089,45.6492],[-116.4255,45.6469],[-116.4348,45.6416],[-116.4231,45.6349],[-116.4088,45.6385],[-116.4029,45.6366],[-116.4098,45.6225],[-116.425,45.6192],[-116.4272,45.6159],[-116.4241,45.5984],[-116.4171,45.5895],[-116.4185,45.5763],[-116.4241,45.5707],[-116.4372,45.5723],[-116.4515,45.5603],[-116.4523,45.5562],[-116.4477,45.5506],[-116.4267,45.5465],[-116.432,45.5391],[-116.4341,45.5233],[-116.4414,45.5222],[-116.4624,45.5343],[-116.4717,45.5359],[-116.4779,45.5277],[-116.4887,45.5236],[-116.4871,45.5139],[-116.4921,45.5069],[-116.516,45.4992],[-116.5156,45.4932],[-116.5121,45.4915],[-116.4946,45.4883],[-116.4759,45.49],[-116.4648,45.4859],[-116.4726,45.4754],[-116.4822,45.4721],[-116.4843,45.4636],[-116.4933,45.4582],[-116.4923,45.4461],[-116.4953,45.4369],[-116.5139,45.4333],[-116.5157,45.4211],[-116.5206,45.4141],[-116.5407,45.4225],[-116.5555,45.4368],[-116.5602,45.4367],[-116.5636,45.4274],[-116.5614,45.4143],[-116.5677,45.4041],[-116.568,45.3908],[-116.6045,45.3779],[-116.6151,45.3651],[-116.6136,45.3608],[-116.5992,45.3527],[-116.6166,45.3354],[-116.6051,45.3315],[-116.6046,45.3247],[-116.6252,45.321],[-116.6202,45.309],[-116.6122,45.3044],[-116.6116,45.3011],[-116.6141,45.2955],[-116.6311,45.2902],[-116.6298,45.277],[-116.6215,45.2696],[-116.6207,45.2648],[-116.6281,45.2627],[-116.6352,45.2676],[-116.6415,45.2836],[-116.6466,45.2862],[-116.6526,45.2829],[-116.6539,45.2711],[-116.6653,45.2559],[-116.6566,45.251],[-116.6206,45.247],[-116.6182,45.2267],[-116.6342,45.2322],[-116.6545,45.2319],[-116.6628,45.2124],[-116.6559,45.2056],[-116.6354,45.1976],[-116.6164,45.1821],[-116.6244,45.1777],[-116.6495,45.1838],[-116.6579,45.1952],[-116.6671,45.2008],[-116.673,45.2018],[-116.6834,45.194],[-116.6795,45.1816],[-116.6891,45.1772],[-116.6892,45.1674],[-116.6772,45.1655],[-116.6699,45.1539],[-116.6507,45.1539],[-116.6485,45.1489],[-116.6547,45.1344],[-116.6634,45.13],[-116.6882,45.1368],[-116.689,45.1318],[-116.6958,45.1266],[-116.6945,45.1189],[-116.7144,45.1123],[-116.7081,45.1037],[-116.7188,45.0978],[-116.7345,45.0969],[-116.7509,45.0916],[-116.7526,45.09],[-116.7453,45.082],[-116.7525,45.0705],[-116.7757,45.0686],[-116.7884,45.0494],[-116.8018,45.0424],[-116.8082,45.0325],[-116.8228,45.0235],[-116.8188,45.0172],[-116.7766,45.0095],[-116.7739,45.0064],[-116.78,44.9852],[-116.7718,44.9777],[-116.7647,44.9763],[-116.7518,44.9815],[-116.7134,44.9851],[-116.6894,44.9976],[-116.6751,44.9958],[-116.6646,44.9904],[-116.6658,44.97],[-116.6783,44.9588],[-116.7069,44.9505],[-116.719,44.922],[-116.7165,44.9122],[-116.7126,44.9103],[-116.7492,44.8929],[-116.7716,44.8733],[-116.7806,44.8597],[-116.7977,44.8541],[-116.8019,44.836],[-116.8098,44.8313],[-116.8584,44.8257],[-116.8731,44.8127],[-116.8791,44.8],[-116.8741,44.7946],[-116.8592,44.7936],[-116.8557,44.7903],[-116.8696,44.7818],[-116.8742,44.7737],[-116.865,44.7519],[-116.8132,44.7181],[-116.8032,44.7006],[-116.7972,44.6962],[-116.7831,44.6933],[-116.7681,44.6973],[-116.7542,44.6907],[-116.7241,44.6914],[-116.7048,44.7037],[-116.6873,44.6982],[-116.6687,44.7006],[-116.631,44.6937],[-116.6186,44.6954],[-116.5931,44.7057],[-116.5752,44.7189],[-116.5471,44.7259],[-116.5216,44.7482],[-116.5154,44.7577],[-116.5178,44.7678],[-116.5341,44.7787],[-116.5721,44.7962],[-116.5919,44.8099],[-116.6071,44.8352],[-116.6074,44.8518],[-116.5771,44.908],[-116.5657,44.9133],[-116.5446,44.9119],[-116.4584,44.8671],[-116.4342,44.8627],[-116.421,44.8537],[-116.4166,44.8297],[-116.392,44.8101],[-116.3829,44.7911],[-116.3833,44.7738],[-116.3997,44.7564],[-116.4033,44.7297],[-116.3904,44.7199],[-116.3752,44.7209],[-116.3622,44.7176],[-116.362,44.6919],[-116.3588,44.6836],[-116.3511,44.6818],[-116.3317,44.6857],[-116.32,44.68],[-116.3263,44.6694],[-116.3228,44.6618],[-116.3422,44.649],[-116.3413,44.6229],[-116.3464,44.6137],[-116.345,44.6054],[-116.3331,44.5899],[-116.3212,44.5528],[-116.3043,44.5338],[-116.3,44.5244],[-116.3007,44.5161],[-116.3093,44.5052],[-116.31,44.4989],[-116.3058,44.4797],[-116.3071,44.4578],[-116.3192,44.4408],[-116.3139,44.4217],[-116.3217,44.3813],[-116.31,44.3748],[-116.2956,44.3869],[-116.284,44.3844],[-116.2931,44.3645],[-116.2927,44.36],[-116.2857,44.355],[-116.2621,44.3558],[-116.235,44.3683],[-116.2291,44.365],[-116.2297,44.3511],[-116.2151,44.3465],[-116.2052,44.337],[-116.2066,44.3302],[-116.2177,44.3171],[-116.2264,44.3],[-116.2335,44.2596],[-116.2327,44.2497],[-116.241,44.2186],[-116.2412,44.201],[-116.2296,44.1567],[-116.225,44.1248],[-116.2174,44.1073],[-116.1977,44.0958],[-116.1642,44.0599],[-116.1355,44.0379],[-116.1308,44.0283],[-116.1335,44.014],[-116.1315,44.0084],[-116.1078,44.0017],[-116.1039,43.9971],[-116.1096,43.9806],[-116.1137,43.9419],[-116.121,43.9109],[-116.1205,43.9034],[-116.1083,43.888],[-116.1069,43.8788],[-116.1242,43.8526],[-116.1299,43.8073],[-116.1381,43.799],[-116.1588,43.8004],[-116.1718,43.7961],[-116.1791,43.7834],[-116.1779,43.7743],[-116.1631,43.7463],[-116.1234,43.6993],[-116.109,43.6742],[-116.0817,43.6533],[-116.0764,43.6457],[-116.0674,43.6156],[-116.0578,43.6043],[-116.0406,43.5987],[-116.0202,43.6003],[-116.0124,43.6097],[-116.0116,43.6159],[-116.0172,43.6305],[-116.0108,43.6456],[-115.9675,43.655],[-115.9426,43.6365],[-115.8891,43.6057],[-115.8095,43.5764],[-115.7767,43.557],[-115.6682,43.5565],[-115.6345,43.5489],[-115.6243,43.5424],[-115.604,43.5169],[-115.5406,43.4902],[-115.5389,43.4785],[-115.5582,43.4444],[-115.5485,43.4332],[-115.5183,43.4188],[-115.5124,43.4125],[-115.512,43.3988],[-115.529,43.3745],[-115.5253,43.3668],[-115.4889,43.3578],[-115.4555,43.3578],[-115.4301,43.3679],[-115.3934,43.3896],[-115.3535,43.3924],[-115.3345,43.3886],[-115.3287,43.3844],[-115.3289,43.3752],[-115.3368,43.358],[-115.3317,43.352],[-115.3233,43.35],[-115.2951,43.3577],[-115.2471,43.3961],[-115.2256,43.4035],[-115.1674,43.4022],[-115.0688,43.3776],[-115.0368,43.3821],[-115.0146,43.4161],[-114.9959,43.4207],[-114.9519,43.4207],[-114.9338,43.4263],[-114.8914,43.462],[-114.867,43.4738],[-114.8418,43.4918],[-114.8203,43.513],[-114.8049,43.518],[-114.7926,43.5087],[-114.7826,43.4941],[-114.7563,43.4761],[-114.7566,43.467],[-114.7718,43.4481],[-114.7693,43.4384],[-114.7244,43.4261],[-114.7113,43.4086],[-114.7016,43.4017],[-114.6669,43.4025],[-114.6555,43.4103],[-114.6443,43.4234],[-114.6192,43.4253],[-114.5752,43.4353],[-114.5361,43.45],[-114.4985,43.4715],[-114.4175,43.4967],[-114.3991,43.5088],[-114.3895,43.527],[-114.3851,43.5511],[-114.3724,43.5648],[-114.3542,43.577],[-114.3621,43.6057],[-114.359,43.6158],[-114.3601,43.6352],[-114.3487,43.6586],[-114.3431,43.6624],[-114.3248,43.6637],[-114.3102,43.6577],[-114.2967,43.6401],[-114.2859,43.6058],[-114.2533,43.5835],[-114.2281,43.5739],[-114.2228,43.5598],[-114.2122,43.5452],[-114.1879,43.5363],[-114.1841,43.5323],[-114.1857,43.5198],[-114.1832,43.5093],[-114.1681,43.4949],[-114.1403,43.4584],[-114.1128,43.4358],[-114.0931,43.426],[-114.0842,43.4261],[-114.0825,43.4318],[-114.1183,43.4654],[-114.1254,43.4824],[-114.1342,43.4941],[-114.1332,43.5034],[-114.1409,43.5283],[-114.1562,43.5402],[-114.1735,43.5604],[-114.1782,43.5856],[-114.1752,43.5974],[-114.17,43.6033],[-114.161,43.6056],[-114.1219,43.5971],[-114.1065,43.5881],[-114.0762,43.5812],[-114.0519,43.5648],[-114.0339,43.56],[-114.0304,43.5603],[-114.0276,43.566],[-114.0395,43.576],[-114.0359,43.5785],[-114.0094,43.581],[-113.985,43.591],[-113.9718,43.5989],[-113.9667,43.6105],[-113.9623,43.6107],[-113.9035,43.5774],[-113.8451,43.5551],[-113.836,43.5574],[-113.8068,43.5793],[-113.7756,43.5894],[-113.7564,43.6101],[-113.7414,43.6193],[-113.7388,43.6309],[-113.7416,43.6392],[-113.7692,43.6584],[-113.7828,43.6795],[-113.78,43.6888],[-113.7654,43.7067],[-113.7543,43.7373],[-113.7553,43.7496],[-113.7695,43.767],[-113.7839,43.7713],[-113.8055,43.7719],[-113.8209,43.7805],[-113.8311,43.7819],[-113.8784,43.7781],[-113.8904,43.7703],[-113.8906,43.758],[-113.9043,43.7619],[-113.9102,43.7607],[-113.9102,43.7488],[-113.8758,43.7067],[-113.8739,43.6963],[-113.8759,43.6952],[-113.8826,43.6955],[-113.8941,43.7028],[-113.907,43.7176],[-113.921,43.7412],[-113.9352,43.7412],[-113.9391,43.726],[-113.9445,43.7215],[-113.9483,43.7222],[-113.9515,43.7334],[-113.9615,43.739],[-113.9462,43.7497],[-113.9389,43.7674],[-113.9226,43.8431],[-113.9222,43.8622],[-113.9277,43.8748],[-113.9361,43.8803],[-113.9964,43.8968],[-114.0296,43.9021],[-114.0321,43.9098],[-114.023,43.9236],[-114.0221,43.944],[-114.0343,43.9561],[-114.0595,43.9663],[-114.0755,43.9645],[-114.0902,43.9526],[-114.1062,43.9323],[-114.1242,43.9248],[-114.1412,43.9263],[-114.1768,43.9381],[-114.2055,43.9402],[-114.214,43.9435],[-114.2226,43.9519],[-114.2279,43.9627],[-114.2284,43.99],[-114.2233,43.9924],[-114.2027,43.9883],[-114.1944,43.9901],[-114.1772,44.0071],[-114.1782,44.012],[-114.1851,44.0158],[-114.1815,44.0364],[-114.1951,44.0556],[-114.2085,44.0643],[-114.2333,44.071],[-114.2355,44.0733],[-114.2321,44.0827],[-114.2343,44.0884],[-114.2474,44.0942],[-114.2589,44.0903],[-114.2674,44.0681],[-114.2797,44.0599],[-114.303,44.0564],[-114.3137,44.0596],[-114.3214,44.07],[-114.3257,44.0846],[-114.3436,44.106],[-114.3557,44.1279],[-114.3732,44.1382],[-114.4014,44.1458],[-114.4057,44.1512],[-114.4085,44.164],[-114.4333,44.1698],[-114.4333,44.173],[-114.4264,44.1784],[-114.4128,44.1825],[-114.3212,44.1679],[-114.3074,44.1704],[-114.3077,44.1797],[-114.3161,44.1976],[-114.3097,44.2107],[-114.3203,44.219],[-114.3354,44.2183],[-114.3477,44.222],[-114.3707,44.2466],[-114.3915,44.259],[-114.3945,44.2673],[-114.3866,44.2727],[-114.3526,44.2742],[-114.3409,44.2812],[-114.3414,44.2882],[-114.3554,44.2946],[-114.357,44.2997],[-114.3369,44.3055],[-114.3259,44.3128],[-114.3137,44.3338],[-114.2967,44.3789],[-114.2968,44.3886],[-114.3019,44.402],[-114.2766,44.4185],[-114.2708,44.4274],[-114.2743,44.4379],[-114.2861,44.4463],[-114.2992,44.4681],[-114.3312,44.4948],[-114.3454,44.5467],[-114.3404,44.5647],[-114.3204,44.5984],[-114.308,44.6121],[-114.2726,44.6368],[-114.2627,44.6516],[-114.2613,44.6722],[-114.2765,44.707],[-114.2812,44.7322],[-114.2793,44.7547],[-114.2701,44.7676],[-114.2466,44.7749],[-114.2376,44.7738],[-114.2174,44.756],[-114.1965,44.7483],[-114.1582,44.75],[-114.1394,44.7565],[-114.0913,44.8045],[-114.0893,44.8107],[-114.0965,44.8196],[-114.0962,44.8339],[-114.0892,44.8389],[-114.0774,44.8415],[-114.0597,44.8325],[-114.0515,44.8317],[-114.0405,44.8427],[-114.0383,44.8522],[-114.0446,44.8677],[-114.027,44.8836],[-114.0246,44.8922],[-114.036,44.8999],[-114.0652,44.9062],[-114.0719,44.9207],[-114.0699,44.9274],[-114.0616,44.9325],[-114.0195,44.9407],[-114.0096,44.9466],[-113.9966,44.9493],[-113.9965,44.9582],[-114.0094,44.9726],[-114.008,44.9797],[-113.9997,44.9797],[-113.977,44.9692],[-113.9683,44.9701],[-113.9584,44.9757],[-113.9575,44.9853],[-113.9668,44.9961],[-114.0007,44.9983],[-114.0038,45.0014],[-113.9487,45.0039],[-113.9404,45.007],[-113.9426,45.0123],[-113.9608,45.02],[-113.9716,45.031],[-113.9622,45.0638],[-113.9615,45.0775],[-113.9633,45.0949],[-113.9754,45.1074],[-113.971,45.1145],[-113.9582,45.1235],[-113.9541,45.1331],[-113.9543,45.1696],[-113.9288,45.2382],[-113.9244,45.2576],[-113.9246,45.2834],[-113.9372,45.3421],[-113.945,45.3511],[-113.9736,45.367],[-113.9906,45.3999],[-113.9862,45.4106],[-113.9876,45.4317],[-114.0022,45.4687],[-113.9972,45.4752],[-113.9887,45.479],[-113.9807,45.4748],[-113.9625,45.4471],[-113.8776,45.3885],[-113.7803,45.2955],[-113.7611,45.2701],[-113.7563,45.2444],[-113.7491,45.2317],[-113.6966,45.1928],[-113.6843,45.1802],[-113.6748,45.1593],[-113.6672,45.1278],[-113.6489,45.103],[-113.6347,45.0922],[-113.6011,45.0777],[-113.5864,45.0656],[-113.5705,45.0499],[-113.5568,45.0221],[-113.5461,45.012],[-113.5302,45.009],[-113.5162,45.0119],[-113.4998,45.0064],[-113.5015,44.9926],[-113.5096,44.9749],[-113.5385,44.9454],[-113.546,44.9423],[-113.5635,44.9428],[-113.6007,44.9508],[-113.6053,44.9469],[-113.6128,44.9286],[-113.6154,44.9089],[-113.6038,44.8779],[-113.5892,44.8585],[-113.5716,44.8473],[-113.5617,44.846],[-113.5561,44.8495],[-113.5514,44.8599],[-113.5521,44.8704],[-113.5648,44.8908],[-113.568,44.9062],[-113.5643,44.9167],[-113.5572,44.9226],[-113.5439,44.9221],[-113.5166,44.8704],[-113.5134,44.8575],[-113.492,44.8373],[-113.4738,44.8311],[-113.4757,44.8044],[-113.43,44.7725],[-113.4345,44.7526],[-113.4031,44.7274],[-113.3893,44.7191],[-113.3513,44.7081],[-113.2777,44.7013],[-113.2087,44.6565],[-113.1949,44.6403],[-113.173,44.6011],[-113.1413,44.5754],[-113.1315,44.5548],[-113.092,44.5153],[-113.0728,44.502],[-113.0655,44.492],[-113.0664,44.4829],[-113.0825,44.4668],[-113.0784,44.459],[-113.0304,44.4385],[-113.0164,44.4082],[-112.9986,44.3958],[-112.9912,44.3744],[-112.9618,44.3613],[-112.9589,44.3438],[-112.9526,44.3369],[-112.9098,44.3157],[-112.9175,44.2924],[-112.9064,44.2746],[-112.8855,44.257],[-112.8703,44.2348],[-112.8618,44.2335],[-112.8485,44.238],[-112.8418,44.2731],[-112.8433,44.2799],[-112.8541,44.2888],[-112.8626,44.309],[-112.8576,44.3114],[-112.8231,44.2839],[-112.818,44.2827],[-112.8168,44.2852],[-112.8244,44.3012],[-112.8468,44.3268],[-112.8445,44.3355],[-112.8369,44.3356],[-112.8157,44.3136],[-112.7823,44.2964],[-112.7628,44.2958],[-112.7386,44.3044],[-112.7062,44.3007],[-112.6825,44.2941],[-112.6511,44.2761],[-112.6488,44.28],[-112.6498,44.2929],[-112.6626,44.3173],[-112.6775,44.3344],[-112.6779,44.3421],[-112.6666,44.3581],[-112.67,44.3623],[-112.6185,44.3699],[-112.5813,44.3809],[-112.5538,44.3983],[-112.5403,44.4184],[-112.5314,44.4068],[-112.5207,44.4011],[-112.4426,44.3953],[-112.4278,44.3902],[-112.4092,44.3889],[-112.388,44.3934],[-112.3672,44.4091],[-112.355,44.4227],[-112.3492,44.4207],[-112.3398,44.4051],[-112.3344,44.4021],[-112.3062,44.3963],[-112.2932,44.3897],[-112.2802,44.3715],[-112.2715,44.367],[-112.2413,44.3648],[-112.2176,44.3732],[-112.202,44.3858],[-112.2071,44.4072],[-112.196,44.4117],[-112.1892,44.4116],[-112.1846,44.4039],[-112.1492,44.3975],[-112.0895,44.4067],[-112.0843,44.399],[-112.0945,44.3832],[-112.0918,44.3808],[-112.0552,44.3914],[-112.0272,44.3947],[-112.0077,44.4032],[-111.9877,44.4072],[-111.9777,44.4059],[-111.9425,44.3897],[-111.9499,44.4075],[-111.9796,44.4347],[-111.9861,44.4436],[-111.9863,44.4513],[-111.9727,44.451],[-111.9397,44.435],[-111.9246,44.4341],[-111.9196,44.4412],[-111.9188,44.4574],[-111.9025,44.4629],[-111.8924,44.4795],[-111.8868,44.4828],[-111.8687,44.4713],[-111.8467,44.4778],[-111.8372,44.4734],[-111.8207,44.4585],[-111.7951,44.4548],[-111.7747,44.4444],[-111.745,44.4605],[-111.6902,44.4729],[-111.6687,44.4863],[-111.6404,44.4927],[-111.5934,44.4949],[-111.563,44.4866],[-111.5278,44.4699],[-111.5051,44.4656],[-111.4516,44.4743],[-111.4271,44.4853],[-111.4366,44.459],[-111.4674,44.4252],[-111.4761,44.4208],[-111.5051,44.4115],[-111.5377,44.4175],[-111.5409,44.4152],[-111.5358,44.4129],[-111.5376,44.4111],[-111.5702,44.4075],[-111.5775,44.3965],[-111.588,44.3912],[-111.6007,44.3959],[-111.6215,44.4104],[-111.69,44.3905],[-111.7098,44.3733],[-111.7116,44.367],[-111.7106,44.3604],[-111.7065,44.3571],[-111.68,44.3524],[-111.6678,44.3409],[-111.6764,44.3263],[-111.6801,44.3058],[-111.6696,44.2975],[-111.6372,44.2889],[-111.6207,44.2799],[-111.6131,44.2692],[-111.6023,44.2379],[-111.5877,44.2392],[-111.5826,44.2217],[-111.5639,44.2153],[-111.5681,44.198],[-111.5647,44.1903],[-111.5193,44.1572],[-111.5072,44.1372],[-111.4595,44.1293],[-111.3893,44.1044],[-111.3377,44.122],[-111.3289,44.1106],[-111.3207,44.1062],[-111.2862,44.1057],[-111.2752,44.1022],[-111.2512,44.0879],[-111.2251,44.061],[-111.1785,44.0424],[-111.1743,44.0372],[-111.1717,44.0172],[-111.1619,43.9958],[-111.1416,43.9785],[-111.1357,43.9368],[-111.0984,43.8658],[-111.0721,43.8352],[-111.0467,43.8144],[-111.0307,43.816],[-111.0204,43.813],[-111.017,43.8041],[-111.0206,43.7944],[-111.0119,43.7835],[-111.0189,43.7756],[-111.0185,43.7708],[-111.0035,43.7642],[-110.9919,43.7652],[-110.9897,43.7618],[-110.9957,43.7585],[-111.0095,43.7578],[-111.0281,43.7471],[-111.0304,43.7334],[-111.0416,43.7178],[-111.046,43.6997],[-111.0644,43.6586],[-111.0878,43.616],[-111.0942,43.5797],[-111.1039,43.5682],[-111.1172,43.567],[-111.1481,43.5714],[-111.166,43.5758],[-111.1795,43.5835],[-111.1889,43.5964],[-111.2098,43.6574],[-111.2708,43.7493],[-111.2934,43.7808],[-111.3181,43.8082],[-111.3433,43.8202],[-111.3635,43.8188],[-111.3769,43.8123],[-111.402,43.7909],[-111.4526,43.7332],[-111.4674,43.7228],[-111.5414,43.6958],[-111.6351,43.6752],[-111.6561,43.6663],[-111.6635,43.657],[-111.6661,43.6349],[-111.6472,43.611],[-111.6453,43.604],[-111.6013,43.5935],[-111.5408,43.6065],[-111.4992,43.6024],[-111.4903,43.5987],[-111.4599,43.5749],[-111.4385,43.5553],[-111.4344,43.5479],[-111.4339,43.5379],[-111.4442,43.5287],[-111.4347,43.4978],[-111.4388,43.4863],[-111.454,43.477],[-111.4848,43.5021],[-111.5337,43.5259],[-111.5551,43.5333],[-111.6318,43.5478],[-111.6384,43.5471],[-111.6388,43.5231],[-111.6446,43.5135],[-111.6538,43.5113],[-111.6789,43.5154],[-111.6891,43.5134],[-111.6903,43.5068],[-111.6807,43.4821],[-111.6802,43.4636],[-111.7043,43.4387],[-111.7051,43.427],[-111.7006,43.4167],[-111.6497,43.3934],[-111.6446,43.3852],[-111.6496,43.3709],[-111.6601,43.3609],[-111.6918,43.3533],[-111.7002,43.3482],[-111.7077,43.3294],[-111.7022,43.2965],[-111.7062,43.2768],[-111.716,43.2579],[-111.7306,43.2424],[-111.7271,43.2342],[-111.7213,43.2305],[-111.6918,43.2238],[-111.6762,43.214],[-111.7183,43.2168],[-111.7223,43.2119],[-111.7202,43.2076],[-111.6834,43.1983],[-111.6789,43.1898],[-111.6797,43.1808],[-111.6755,43.17],[-111.6489,43.1408],[-111.5967,43.0742],[-111.5879,43.0526],[-111.5683,43.0261],[-111.5528,43.0179],[-111.5099,43.0127],[-111.4858,42.9985],[-111.4764,42.9884],[-111.4664,42.9609],[-111.4652,42.948],[-111.4753,42.9283],[-111.5017,42.8957],[-111.4927,42.8679],[-111.4937,42.8504],[-111.5074,42.8139],[-111.5298,42.7827],[-111.5281,42.7586],[-111.54,42.7249],[-111.5415,42.7093],[-111.529,42.6845],[-111.4984,42.6552],[-111.4929,42.6293],[-111.4651,42.601],[-111.4342,42.579],[-111.438,42.5669],[-111.4303,42.5223],[-111.4332,42.5153],[-111.4401,42.5142],[-111.4659,42.5203],[-111.4754,42.5256],[-111.5139,42.5751],[-111.5309,42.5913],[-111.6313,42.6179],[-111.6821,42.6432],[-111.6977,42.6447],[-111.7034,42.6417],[-111.7057,42.6325],[-111.6854,42.5416],[-111.6593,42.4926],[-111.654,42.456],[-111.6549,42.4412],[-111.6732,42.3822],[-111.68,42.3427],[-111.6803,42.2679],[-111.7121,42.2356],[-111.7405,42.1572],[-111.7239,42.1102],[-111.7204,42.0896],[-111.7228,42.055],[-111.7362,42.0354],[-111.733,42.0324],[-111.7313,42.0159],[-111.7364,42.0073],[-111.7489,41.9985],[-111.763,41.9953],[-111.7681,41.9734],[-111.7652,41.9577],[-111.7763,41.9518],[-111.7719,41.9433],[-111.7774,41.935],[-111.7744,41.925],[-111.7644,41.9136],[-111.7635,41.8946],[-111.7651,41.8907],[-111.7742,41.8874],[-111.7728,41.8818],[-111.7762,41.8751],[-111.7735,41.8661],[-111.8014,41.8475],[-111.7873,41.8108],[-111.7826,41.7725],[-111.7877,41.7468],[-111.7979,41.7236],[-111.7991,41.6966],[-111.8077,41.6831],[-111.811,41.6653],[-111.81,41.6392],[-111.8014,41.6284],[-111.8037,41.6152],[-111.7998,41.6141],[-111.8055,41.6106],[-111.8156,41.5949],[-111.8085,41.5825],[-111.8138,41.5649],[-111.8055,41.5467],[-111.8094,41.5293],[-111.8153,41.5278],[-111.822,41.5305],[-111.8437,41.5576],[-111.8673,41.5667],[-111.8792,41.5764],[-111.8868,41.5776],[-111.8883,41.5836],[-111.894,41.5877],[-111.8963,41.5978],[-111.9156,41.6008],[-111.9268,41.5994],[-111.9295,41.6093],[-111.9418,41.6144],[-111.9454,41.6221],[-111.9541,41.629],[-111.9563,41.6458],[-111.9672,41.6657],[-111.9898,41.6647],[-111.9955,41.6744],[-112.0008,41.6681],[-112.0045,41.6691],[-112.0113,41.7102],[-112.0262,41.725],[-112.0291,41.7367],[-112.038,41.7415],[-112.0522,41.7384],[-112.0443,41.7438],[-112.0446,41.7531],[-112.0652,41.7734],[-112.0671,41.7783],[-112.0646,41.7852],[-112.0694,41.7939],[-112.0751,41.7924],[-112.0843,41.7827],[-112.0988,41.7446],[-112.0955,41.7264],[-112.0887,41.7132],[-112.0896,41.6796],[-112.0736,41.633],[-112.0683,41.6267],[-112.0614,41.6],[-112.042,41.5786],[-112.0287,41.5559],[-112.0116,41.5427],[-112.0092,41.5358],[-112.0043,41.5376],[-111.9982,41.5343],[-111.9888,41.51],[-111.9932,41.4968],[-112.0052,41.4957],[-112.0112,41.4914],[-112.034,41.45],[-112.0347,41.435],[-112.03,41.4157],[-112.0279,41.3855],[-112.0129,41.365],[-112.0011,41.3593],[-111.9873,41.3587],[-111.9828,41.3476],[-111.9737,41.3426],[-111.9474,41.3374],[-111.9415,41.3225],[-111.9434,41.3185],[-111.9395,41.3067],[-111.945,41.2674],[-111.9245,41.2287],[-111.9267,41.2152],[-111.9331,41.2064],[-111.9278,41.1831],[-111.9301,41.1687],[-111.9083,41.158],[-111.8988,41.1441],[-111.8901,41.1377],[-111.9006,41.1161],[-111.9002,41.0853],[-111.906,41.0566],[-111.8984,41.0354],[-111.8977,41.0138],[-111.8819,40.9914],[-111.8714,40.9691],[-111.8678,40.9363],[-111.8587,40.921],[-111.8591,40.9076],[-111.8493,40.8852],[-111.8503,40.8722],[-111.8474,40.8681],[-111.8656,40.8502],[-111.885,40.8382],[-111.9158,40.8283],[-111.9218,40.8212],[-111.9215,40.8158],[-111.8879,40.7818],[-111.85,40.7817],[-111.8408,40.7847],[-111.8238,40.7732],[-111.8135,40.7633],[-111.811,40.7557],[-111.8185,40.741],[-111.8185,40.7255],[-111.787,40.7138],[-111.7952,40.7031],[-111.8111,40.6655],[-111.809,40.6466],[-111.7923,40.6279],[-111.7997,40.5796],[-111.8153,40.5488],[-111.832,40.5253],[-111.8355,40.5031],[-111.871,40.4841],[-111.874,40.473],[-111.8696,40.4577],[-111.8341,40.4481],[-111.8131,40.4595],[-111.781,40.4701],[-111.7688,40.4802],[-111.759,40.4803],[-111.7522,40.4765],[-111.7478,40.4675],[-111.7506,40.44],[-111.741,40.4277],[-111.7387,40.4031],[-111.6953,40.3632],[-111.6866,40.347],[-111.6644,40.3279],[-111.645,40.3176],[-111.6337,40.2916],[-111.6217,40.2776],[-111.629,40.2598],[-111.6234,40.2382],[-111.6241,40.2214],[-111.6066,40.1946],[-111.5909,40.1806],[-111.5674,40.1803],[-111.5534,40.1678],[-111.5429,40.1701],[-111.535,40.166],[-111.5243,40.1662],[-111.5179,40.1594],[-111.5416,40.1529],[-111.5777,40.0973],[-111.5843,40.0719],[-111.5919,40.0683],[-111.6097,40.0722],[-111.6178,40.0678],[-111.6249,40.053],[-111.6319,40.0473],[-111.632,40.0349],[-111.6402,40.0248],[-111.6495,40.0038],[-111.6479,39.9985],[-111.659,39.9949],[-111.6741,39.996],[-111.6831,39.9906],[-111.6906,39.9818],[-111.6911,39.9699],[-111.698,39.9594],[-111.7034,39.956],[-111.7055,39.9728],[-111.6989,39.9965],[-111.6982,40.0134],[-111.7085,40.0243],[-111.7108,40.0331],[-111.7148,40.0342],[-111.7285,40.0247],[-111.7289,40.0113],[-111.7363,39.9965],[-111.76,39.9835],[-111.8054,39.9406],[-111.8069,39.9279],[-111.7964,39.9028],[-111.7898,39.8621],[-111.7981,39.8314],[-111.814,39.8123],[-111.8198,39.7996],[-111.8191,39.7509],[-111.8058,39.7408],[-111.7798,39.7331],[-111.7591,39.7178],[-111.7367,39.7184],[-111.7351,39.7103],[-111.7701,39.6949],[-111.7794,39.6829],[-111.7861,39.6596],[-111.7879,39.6281],[-111.7735,39.59],[-111.7743,39.5578],[-111.788,39.5302],[-111.818,39.5229],[-111.8268,39.5165],[-111.8266,39.5049],[-111.8125,39.4804],[-111.8135,39.4698],[-111.8206,39.4578],[-111.8454,39.4447],[-111.8427,39.4383],[-111.8289,39.4287],[-111.8371,39.4253],[-111.8373,39.4208],[-111.8223,39.4098],[-111.8359,39.3908],[-111.8278,39.3691],[-111.8417,39.3722],[-111.8677,39.3665],[-111.8796,39.3413],[-111.8838,39.3136],[-111.8832,39.2863],[-111.8648,39.2721],[-111.8549,39.2507],[-111.8512,39.2311],[-111.8433,39.2293],[-111.823,39.2411],[-111.8159,39.2537],[-111.8023,39.2507],[-111.7692,39.2622],[-111.7254,39.2632],[-111.7201,39.269],[-111.7071,39.2742],[-111.7001,39.2837],[-111.6975,39.2964],[-111.7044,39.3156],[-111.6859,39.3058],[-111.6858,39.3202],[-111.6931,39.3422],[-111.6899,39.3562],[-111.6825,39.3684],[-111.6879,39.3929],[-111.6799,39.3996],[-111.6551,39.3967],[-111.6499,39.3995],[-111.64,39.4474],[-111.6388,39.4806],[-111.6562,39.5396],[-111.6493,39.5524],[-111.6511,39.5636],[-111.645,39.5856],[-111.6542,39.6013],[-111.6684,39.643],[-111.649,39.6622],[-111.6225,39.6212],[-111.5936,39.5926],[-111.5804,39.5755],[-111.5787,39.568],[-111.5662,39.5727],[-111.5331,39.5643],[-111.5136,39.5754],[-111.4758,39.5823],[-111.4547,39.6008],[-111.4458,39.6382],[-111.4517,39.6466],[-111.4547,39.6684],[-111.4531,39.678],[-111.4654,39.6877],[-111.4675,39.6954],[-111.4548,39.6998],[-111.4452,39.6951],[-111.4397,39.7063],[-111.4308,39.7075],[-111.4296,39.683],[-111.4346,39.6696],[-111.4167,39.6563],[-111.4036,39.6107],[-111.3944,39.5981],[-111.3914,39.5883],[-111.3972,39.5611],[-111.3921,39.5486],[-111.4011,39.5295],[-111.3977,39.5083],[-111.4006,39.4774],[-111.4071,39.4653],[-111.4402,39.4497],[-111.4585,39.4246],[-111.4879,39.4006],[-111.5136,39.3853],[-111.515,39.3801],[-111.5015,39.3713],[-111.5182,39.3434],[-111.6057,39.2735],[-111.6097,39.2659],[-111.6101,39.256],[-111.629,39.2403],[-111.632,39.2259],[-111.6186,39.2192],[-111.6161,39.2146],[-111.6358,39.2097],[-111.6551,39.1895],[-111.6635,39.1717],[-111.6582,39.146],[-111.6613,39.129],[-111.6719,39.1101],[-111.6726,39.0902],[-111.6787,39.0795],[-111.6782,39.071],[-111.6939,39.0397],[-111.6867,39.008],[-111.7218,39.0184],[-111.7456,39.0097],[-111.749,39.001],[-111.7675,38.9814],[-111.8057,38.9823],[-111.8181,38.9778],[-111.8278,38.9669],[-111.845,38.9567],[-111.848,38.9495],[-111.8439,38.9411],[-111.8282,38.9338],[-111.8319,38.9294],[-111.8466,38.9276],[-111.8632,38.9099],[-111.8899,38.8922],[-111.9479,38.876],[-111.9513,38.8677],[-111.9399,38.8489],[-111.9411,38.8455],[-111.9624,38.8367],[-111.9699,38.8152],[-111.9783,38.8075],[-111.9823,38.7943],[-111.978,38.7841],[-111.9793,38.7717],[-111.9693,38.7648],[-111.9671,38.7576],[-111.9735,38.7526],[-111.9813,38.7591],[-111.9922,38.7573],[-111.9955,38.7513],[-112.0078,38.7562],[-112.014,38.7686],[-112.0181,38.7692],[-112.0409,38.7245],[-112.0383,38.7222],[-112.0193,38.7223],[-112.0165,38.7135],[-112.0182,38.7096],[-112.0415,38.6876],[-112.0698,38.6822],[-112.0788,38.6721],[-112.0895,38.6676],[-112.0982,38.6595],[-112.0998,38.642],[-112.1116,38.6127],[-112.1198,38.5792],[-112.1324,38.5747],[-112.1429,38.5609],[-112.1488,38.5471],[-112.1358,38.5205],[-112.1236,38.5092],[-112.1373,38.4757],[-112.1374,38.4664],[-112.119,38.4489],[-112.12,38.4297],[-112.1176,38.4246],[-112.106,38.4183],[-112.1077,38.403],[-112.1178,38.4002],[-112.1208,38.395],[-112.1108,38.3758],[-112.1108,38.3461],[-112.1071,38.3235],[-112.1143,38.3114],[-112.1272,38.3137],[-112.1307,38.3067],[-112.1365,38.3058],[-112.1472,38.3142],[-112.1511,38.3238],[-112.1706,38.3474],[-112.1746,38.3482],[-112.1801,38.343],[-112.1948,38.3093],[-112.1857,38.2766],[-112.1723,38.257],[-112.1761,38.2138],[-112.1896,38.1958],[-112.1951,38.1826],[-112.2127,38.1682],[-112.2119,38.1523],[-112.2269,38.1507],[-112.2374,38.125],[-112.2549,38.1181],[-112.2667,38.1221],[-112.272,38.1274],[-112.2722,38.151],[-112.2899,38.1516],[-112.3055,38.1463],[-112.307,38.1487],[-112.2859,38.1658],[-112.2898,38.1717],[-112.312,38.1754],[-112.3157,38.1853],[-112.314,38.1927],[-112.2982,38.2163],[-112.2921,38.2205],[-112.2782,38.2197],[-112.2761,38.2321],[-112.258,38.2212],[-112.2541,38.2079],[-112.2473,38.2035],[-112.2329,38.203],[-112.2164,38.2099],[-112.219,38.2275],[-112.2235,38.2311],[-112.2285,38.2292],[-112.2332,38.2315],[-112.2414,38.2586],[-112.2552,38.2619],[-112.2586,38.2663],[-112.2583,38.2953],[-112.2371,38.2904],[-112.2294,38.2924],[-112.2285,38.3183],[-112.2225,38.3363],[-112.2336,38.3571],[-112.2543,38.3711],[-112.265,38.3746],[-112.2773,38.3995],[-112.2964,38.4166],[-112.3055,38.4381],[-112.2798,38.4646],[-112.25,38.4635],[-112.2423,38.4601],[-112.2411,38.4818],[-112.2354,38.4857],[-112.2327,38.4922],[-112.2406,38.5249],[-112.2519,38.5426],[-112.2487,38.549],[-112.2229,38.5628],[-112.2204,38.5724],[-112.229,38.5857],[-112.2381,38.5918],[-112.2463,38.592],[-112.258,38.5861],[-112.2718,38.5883],[-112.2805,38.5858],[-112.2879,38.5886],[-112.2895,38.5947],[-112.2563,38.6092],[-112.2522,38.6186],[-112.2583,38.628],[-112.2394,38.6418],[-112.2331,38.6534],[-112.221,38.6633],[-112.1943,38.6754],[-112.1818,38.6723],[-112.1587,38.6804],[-112.1471,38.6995],[-112.1457,38.7175],[-112.1347,38.7243],[-112.1162,38.7461],[-112.0927,38.7927],[-112.0736,38.8029],[-112.0699,38.8174],[-112.0462,38.8375],[-112.0461,38.8478],[-112.0402,38.8556],[-112.0216,38.8605],[-112.0166,38.8739],[-112.0169,38.882],[-112.0102,38.8839],[-112.0051,38.8904],[-111.986,38.8974],[-111.9726,38.9166],[-111.9584,38.9298],[-111.9605,38.947],[-111.9482,38.9578],[-111.9373,38.9774],[-111.9336,38.9953],[-111.9236,39.0193],[-111.9189,39.0467],[-111.9094,39.0691],[-111.9328,39.1031],[-111.939,39.1334],[-111.9388,39.1523],[-111.929,39.1801],[-111.9264,39.2265],[-111.9412,39.2995],[-111.966,39.3245],[-111.9869,39.3544],[-111.9962,39.3568],[-112.0073,39.354],[-112.0178,39.3579],[-112.0217,39.3541],[-112.0242,39.333],[-112.0393,39.3103],[-112.0661,39.2924],[-112.0669,39.3003],[-112.0724,39.3065],[-112.0782,39.2868],[-112.0906,39.2614],[-112.0882,39.2285],[-112.0836,39.2214],[-112.1045,39.2122],[-112.1199,39.2172],[-112.1267,39.224],[-112.138,39.2243],[-112.1393,39.2286],[-112.159,39.2419],[-112.1637,39.2544],[-112.1332,39.2911],[-112.1259,39.307],[-112.1265,39.3296],[-112.1076,39.3473],[-112.113,39.355],[-112.115,39.3657],[-112.106,39.4286],[-112.1063,39.4375],[-112.1185,39.4662],[-112.1586,39.5136],[-112.1449,39.5522],[-112.1505,39.5554],[-112.1483,39.5581],[-112.1553,39.5778],[-112.1614,39.5818],[-112.1675,39.5814],[-112.183,39.5653],[-112.2003,39.5627],[-112.2225,39.5471],[-112.249,39.5347],[-112.2584,39.5255],[-112.2548,39.5243],[-112.2562,39.5086],[-112.2536,39.4935],[-112.2729,39.4562],[-112.2824,39.4477],[-112.3007,39.4452],[-112.3073,39.4401],[-112.3079,39.4336],[-112.2989,39.4312],[-112.2981,39.4276],[-112.3066,39.4115],[-112.3144,39.3849],[-112.3263,39.3704],[-112.3615,39.3539],[-112.3674,39.3458],[-112.3726,39.3261],[-112.3866,39.3101],[-112.3773,39.3069],[-112.3754,39.2976],[-112.3802,39.2832],[-112.3755,39.2789],[-112.3729,39.2692],[-112.3582,39.2659],[-112.3445,39.2698],[-112.3337,39.2651],[-112.3298,39.2582],[-112.3034,39.2529],[-112.2962,39.233],[-112.3038,39.2119],[-112.3134,39.2054],[-112.315,39.1991],[-112.2975,39.174],[-112.2868,39.171],[-112.2687,39.1714],[-112.2582,39.1548],[-112.2451,39.1515],[-112.2082,39.1814],[-112.1895,39.1835],[-112.2025,39.127],[-112.2008,39.0821],[-112.2031,39.0705],[-112.2083,39.0598],[-112.2353,39.0303],[-112.2528,39.0239],[-112.2817,38.9994],[-112.2972,38.992],[-112.283,38.979],[-112.2968,38.9747],[-112.2899,38.9631],[-112.2905,38.9559],[-112.3037,38.9514],[-112.3138,38.9377],[-112.3219,38.9331],[-112.3166,38.9198],[-112.3382,38.9107],[-112.3492,38.8962],[-112.368,38.8838],[-112.3671,38.8725],[-112.3762,38.8508],[-112.3744,38.8454],[-112.3669,38.84],[-112.3868,38.7991],[-112.4027,38.7796],[-112.4052,38.7666],[-112.4091,38.7618],[-112.4273,38.7563],[-112.4718,38.7566],[-112.4975,38.7617],[-112.5267,38.7772],[-112.5319,38.7768],[-112.5402,38.7703],[-112.5458,38.7589],[-112.5311,38.759],[-112.5294,38.7545],[-112.5075,38.7562],[-112.5065,38.7536],[-112.5179,38.75],[-112.5153,38.745],[-112.5211,38.7417],[-112.5212,38.7279],[-112.533,38.7383],[-112.5313,38.7263],[-112.5401,38.7265],[-112.5508,38.7142],[-112.5796,38.6999],[-112.5793,38.6947],[-112.5838,38.6887],[-112.5707,38.6848],[-112.5682,38.6799],[-112.5462,38.6781],[-112.5365,38.682],[-112.5354,38.6795],[-112.5458,38.6627],[-112.5456,38.6538],[-112.5577,38.6374],[-112.5622,38.6414],[-112.5598,38.6527],[-112.5621,38.6567],[-112.5683,38.6553],[-112.5727,38.6578],[-112.5774,38.6538],[-112.5865,38.6559],[-112.5919,38.6518],[-112.5943,38.6432],[-112.5905,38.6385],[-112.5728,38.6378],[-112.5698,38.6341],[-112.5756,38.6247],[-112.5805,38.6223],[-112.5793,38.6188],[-112.5989,38.6054],[-112.6003,38.5887],[-112.6109,38.5723],[-112.6096,38.5687],[-112.6045,38.5677],[-112.586,38.5786],[-112.5904,38.5602],[-112.5967,38.5543],[-112.6096,38.5585],[-112.6284,38.5363],[-112.624,38.5138],[-112.6275,38.5036],[-112.6221,38.5025],[-112.6004,38.5152],[-112.6012,38.4968],[-112.5855,38.4949],[-112.5967,38.4821],[-112.6011,38.4682],[-112.5903,38.4641],[-112.5786,38.4548],[-112.5791,38.4497],[-112.5881,38.4406],[-112.5893,38.434],[-112.5756,38.4134],[-112.5643,38.4055],[-112.5676,38.3908],[-112.5627,38.3781],[-112.5624,38.3573],[-112.5554,38.3488],[-112.5409,38.3516],[-112.5377,38.3479],[-112.543,38.3369],[-112.5405,38.3274],[-112.5646,38.3059],[-112.5717,38.2911],[-112.5721,38.2815],[-112.5877,38.2728],[-112.5862,38.2639],[-112.5732,38.2498],[-112.5733,38.244],[-112.5813,38.2289],[-112.5753,38.2253],[-112.5609,38.224],[-112.5478,38.2149],[-112.5332,38.2269],[-112.5273,38.2244],[-112.5231,38.2178],[-112.5121,38.2154],[-112.5127,38.2051],[-112.5206,38.2017],[-112.5222,38.1965],[-112.5196,38.1944],[-112.5122,38.196],[-112.5166,38.1817],[-112.5073,38.1827],[-112.4981,38.1705],[-112.5052,38.1699],[-112.5145,38.1634],[-112.5242,38.1481],[-112.5258,38.138],[-112.5217,38.1312],[-112.5047,38.1285],[-112.5036,38.1241],[-112.5112,38.1175],[-112.5259,38.1151],[-112.5485,38.1205],[-112.5686,38.1317],[-112.583,38.1319],[-112.5989,38.1271],[-112.5971,38.1215],[-112.6285,38.1029],[-112.6572,38.0918],[-112.6591,38.078],[-112.6532,38.0613],[-112.6558,38.0538],[-112.6857,38.0135],[-112.7009,37.9985],[-112.7125,37.9806],[-112.718,37.9525],[-112.758,37.8958],[-112.7844,37.8813],[-112.805,37.8575],[-112.8195,37.8488],[-112.862,37.8331],[-112.8698,37.8328],[-112.9498,37.7918],[-112.9628,37.7902],[-112.9918,37.7761],[-113.0075,37.7757],[-113.0157,37.7705],[-113.027,37.7558],[-113.025,37.7408],[-113.0378,37.7417],[-113.0525,37.7191],[-113.0513,37.6862],[-113.0544,37.671],[-113.0652,37.6589],[-113.0907,37.6429],[-113.1034,37.6152],[-113.1137,37.6003],[-113.1711,37.5504],[-113.1958,37.5425],[-113.2057,37.5437],[-113.2146,37.5695],[-113.2097,37.5864],[-113.2121,37.5962],[-113.2204,37.6027],[-113.2483,37.6072],[-113.2535,37.6116],[-113.2492,37.6215],[-113.2503,37.629],[-113.2598,37.6381],[-113.2607,37.643],[-113.2552,37.66],[-113.2399,37.683],[-113.2136,37.7008],[-113.2076,37.711],[-113.2034,37.7334],[-113.1989,37.7412],[-113.2012,37.7448],[-113.2232,37.7516],[-113.2297,37.7441],[-113.2565,37.7371],[-113.2642,37.7148],[-113.2622,37.7038],[-113.2664,37.6979],[-113.2938,37.6857],[-113.3065,37.6757],[-113.326,37.6707],[-113.3653,37.6788],[-113.3678,37.6949],[-113.3596,37.705],[-113.3624,37.7124],[-113.359,37.7172],[-113.3665,37.7182],[-113.3723,37.7143],[-113.384,37.6926],[-113.3942,37.687],[-113.3997,37.6874],[-113.4068,37.6947],[-113.4043,37.7082],[-113.4168,37.7195],[-113.4309,37.7396],[-113.4552,37.753],[-113.4697,37.7474],[-113.4713,37.7364],[-113.4522,37.7025],[-113.4566,37.688],[-113.4548,37.6829],[-113.4398,37.6751],[-113.441,37.6666],[-113.4132,37.6718],[-113.4045,37.6651],[-113.403,37.6579],[-113.4087,37.6353],[-113.4078,37.6091],[-113.3753,37.6063],[-113.3659,37.6018],[-113.3642,37.5977],[-113.3708,37.5909],[-113.3817,37.594],[-113.3946,37.5875],[-113.3997,37.5747],[-113.415,37.5638],[-113.4207,37.5503],[-113.4461,37.5475],[-113.4531,37.5423],[-113.4668,37.5438],[-113.4765,37.5508],[-113.4808,37.5573],[-113.4787,37.5642],[-113.4551,37.5709],[-113.4482,37.5787],[-113.4384,37.5821],[-113.4391,37.586],[-113.4546,37.5878],[-113.4625,37.5983],[-113.469,37.6],[-113.4841,37.5972],[-113.4991,37.586],[-113.5069,37.5851],[-113.5121,37.5899],[-113.5143,37.5993],[-113.5019,37.6146],[-113.5036,37.6286],[-113.5312,37.6453],[-113.5327,37.6563],[-113.5427,37.6617],[-113.5832,37.6323],[-113.5965,37.6178],[-113.6085,37.5799],[-113.6136,37.5703],[-113.6194,37.5676],[-113.6419,37.5653],[-113.6628,37.5673],[-113.6978,37.5577],[-113.7109,37.5619],[-113.7142,37.5711],[-113.7266,37.5788],[-113.7612,37.5781],[-113.7903,37.5691],[-113.8048,37.5725],[-113.7946,37.5613],[-113.7859,37.5581],[-113.7608,37.5622],[-113.7554,37.5606],[-113.7251,37.5398],[-113.713,37.5125],[-113.6987,37.5143],[-113.6901,37.519],[-113.6795,37.5123],[-113.6726,37.5205],[-113.6707,37.5119],[-113.6643,37.5058],[-113.6686,37.4969],[-113.6592,37.4865],[-113.6561,37.4694],[-113.6427,37.4662],[-113.6349,37.4591],[-113.6393,37.4564],[-113.6446,37.4599],[-113.6492,37.4586],[-113.6498,37.4441],[-113.6401,37.4384],[-113.6392,37.4219],[-113.6538,37.4097],[-113.6714,37.4034],[-113.6773,37.3937],[-113.6851,37.3885],[-113.6878,37.3792],[-113.7011,37.3694],[-113.7049,37.3591],[-113.7136,37.3488],[-113.7154,37.3287],[-113.733,37.3238],[-113.7317,37.3105],[-113.7453,37.2875],[-113.7619,37.2723],[-113.7651,37.2618],[-113.7593,37.2599],[-113.7459,37.2697],[-113.7039,37.279],[-113.6946,37.2864],[-113.6873,37.3016],[-113.6607,37.2855],[-113.6439,37.2899],[-113.6311,37.2886],[-113.6203,37.2952],[-113.6139,37.2853],[-113.6043,37.2834],[-113.6027,37.2796],[-113.6113,37.2687],[-113.6057,37.257],[-113.6062,37.2453],[-113.6117,37.2436],[-113.6175,37.2482],[-113.6235,37.239],[-113.6238,37.233],[-113.6048,37.2102],[-113.5746,37.1884],[-113.5652,37.191],[-113.5665,37.1978],[-113.5739,37.205],[-113.5728,37.2173],[-113.5652,37.2171],[-113.5447,37.2017],[-113.5485,37.1821],[-113.5355,37.1742],[-113.5357,37.2007],[-113.5267,37.231],[-113.5232,37.2343],[-113.5149,37.2329],[-113.5032,37.221],[-113.4973,37.2188],[-113.4881,37.2217],[-113.4922,37.2318],[-113.4889,37.2386],[-113.4849,37.2361],[-113.4811,37.2241],[-113.4716,37.2184],[-113.4618,37.2173],[-113.4427,37.228],[-113.4397,37.2212],[-113.4329,37.2204],[-113.4266,37.2258],[-113.4258,37.2395],[-113.4178,37.2566],[-113.3976,37.2603],[-113.394,37.2715],[-113.385,37.2775],[-113.3909,37.282],[-113.3925,37.2905],[-113.3784,37.2994],[-113.3731,37.3076],[-113.3681,37.3077],[-113.3597,37.299],[-113.3479,37.2995],[-113.3476,37.2935],[-113.3251,37.3016],[-113.3234,37.3049],[-113.3142,37.3043],[-113.315,37.2948],[-113.3068,37.292],[-113.3086,37.2879],[-113.3018,37.2824],[-113.2918,37.2985],[-113.2841,37.2966],[-113.2802,37.3231],[-113.2578,37.3531],[-113.2484,37.3724],[-113.2433,37.3714],[-113.2412,37.3585],[-113.2519,37.3295],[-113.2458,37.3274],[-113.2302,37.3346],[-113.2162,37.3507],[-113.1929,37.3669],[-113.1905,37.385],[-113.195,37.3898],[-113.1987,37.3866],[-113.2048,37.3662],[-113.2155,37.3624],[-113.2036,37.3894],[-113.1928,37.4012],[-113.1963,37.409],[-113.1932,37.4225],[-113.1953,37.4519],[-113.1887,37.4632],[-113.1705,37.4734],[-113.1668,37.4787],[-113.1496,37.4503],[-113.1585,37.4477],[-113.1589,37.4427],[-113.1437,37.4096],[-113.1394,37.4056],[-113.1253,37.4059],[-113.1221,37.4032],[-113.1234,37.3963],[-113.1079,37.3654],[-113.0863,37.3477],[-113.069,37.3185],[-113.0596,37.3197],[-113.0522,37.3368],[-113.0415,37.3292],[-113.0304,37.3281],[-113.0267,37.3453],[-113.0321,37.3528],[-113.0255,37.3537],[-113.0064,37.3348],[-112.994,37.3161],[-112.9912,37.286],[-112.988,37.2783],[-112.9794,37.2719],[-112.9485,37.2789],[-112.9406,37.2698],[-112.9368,37.252],[-112.9395,37.2461],[-112.9265,37.2343],[-112.92,37.246],[-112.917,37.2456],[-112.9163,37.2386],[-112.91,37.2392],[-112.9028,37.2531],[-112.8992,37.252],[-112.9003,37.2422],[-112.897,37.2418],[-112.8858,37.2618],[-112.8669,37.2712],[-112.8625,37.2842],[-112.8523,37.2782],[-112.8299,37.2827],[-112.8251,37.2739],[-112.8185,37.271],[-112.8106,37.2726],[-112.7967,37.285],[-112.7809,37.2877],[-112.7691,37.311],[-112.7597,37.3091],[-112.7504,37.2965],[-112.7452,37.2947],[-112.7246,37.3089],[-112.7117,37.3098],[-112.7077,37.3172],[-112.7003,37.3212],[-112.7052,37.3391],[-112.7032,37.3446],[-112.6991,37.3438],[-112.6848,37.3179],[-112.6908,37.301],[-112.6903,37.2916],[-112.6704,37.288],[-112.6599,37.2775],[-112.6349,37.2812],[-112.6248,37.2713],[-112.6163,37.2823],[-112.5964,37.2988],[-112.5929,37.3059],[-112.5913,37.3307],[-112.5683,37.3375],[-112.5538,37.3517],[-112.5526,37.3557],[-112.557,37.3641],[-112.5732,37.3736],[-112.5708,37.3816],[-112.5359,37.3987],[-112.5179,37.4118],[-112.5042,37.4065],[-112.4624,37.4115],[-112.4436,37.4053],[-112.4322,37.4098],[-112.4258,37.3984],[-112.4256,37.3767],[-112.4209,37.3699],[-112.395,37.3657],[-112.3811,37.3603],[-112.3495,37.3705],[-112.3364,37.3693],[-112.3126,37.3776],[-112.2994,37.39],[-112.2735,37.4016],[-112.2704,37.4095],[-112.2606,37.4167],[-112.2321,37.4294],[-112.2238,37.4322],[-112.1913,37.4297],[-112.1813,37.4395],[-112.1801,37.4451],[-112.1895,37.4581],[-112.1887,37.4717],[-112.1675,37.4884],[-112.1731,37.5096],[-112.1658,37.5194],[-112.1554,37.5258],[-112.1525,37.5322],[-112.1567,37.5445],[-112.1747,37.5514],[-112.1757,37.5553],[-112.1536,37.5692],[-112.146,37.5788],[-112.117,37.5756],[-112.1136,37.5618],[-112.103,37.5568],[-112.0979,37.5491],[-112.0752,37.5348],[-112.0641,37.5368],[-112.0499,37.5237],[-112.0493,37.5185],[-112.0379,37.516],[-112.0336,37.5112],[-112.0277,37.5147],[-112.0225,37.5282],[-112.0178,37.5315],[-112.0066,37.5268],[-111.9897,37.536],[-111.9839,37.5224],[-111.9747,37.5294],[-111.9561,37.5255],[-111.9466,37.5321],[-111.9331,37.533],[-111.9222,37.5291],[-111.9137,37.5372],[-111.9058,37.5328],[-111.9137,37.5253],[-111.9129,37.52],[-111.8969,37.5024],[-111.891,37.5001],[-111.883,37.51],[-111.8745,37.5131],[-111.8586,37.5274],[-111.8478,37.5326],[-111.8414,37.511],[-111.8338,37.505],[-111.8322,37.4907],[-111.8241,37.4858],[-111.819,37.4757],[-111.816,37.4577],[-111.8218,37.4523],[-111.8229,37.4429],[-111.8198,37.4359],[-111.8138,37.4412],[-111.81,37.452],[-111.8043,37.4813],[-111.8086,37.4981],[-111.7981,37.5315],[-111.7977,37.5427],[-111.8119,37.5713],[-111.8048,37.5778],[-111.8015,37.5755],[-111.8034,37.5698],[-111.7844,37.5419],[-111.7802,37.5414],[-111.7769,37.547],[-111.7725,37.5446],[-111.7791,37.5219],[-111.7661,37.5159],[-111.7651,37.5033],[-111.7535,37.5033],[-111.7445,37.4982],[-111.7312,37.5056],[-111.7329,37.5189],[-111.7431,37.5251],[-111.7441,37.5287],[-111.7358,37.5356],[-111.7264,37.5379],[-111.7255,37.5199],[-111.7122,37.4961],[-111.6976,37.4829],[-111.6804,37.4746],[-111.6496,37.4731],[-111.6416,37.4756],[-111.6353,37.4866],[-111.6412,37.4994],[-111.6305,37.5054],[-111.607,37.5009],[-111.5934,37.4922],[-111.5592,37.4955],[-111.552,37.4901],[-111.5464,37.4756],[-111.5281,37.4762],[-111.5172,37.4712],[-111.4942,37.4887],[-111.5058,37.4927],[-111.5064,37.4968],[-111.4825,37.4946],[-111.4806,37.4994],[-111.4912,37.5066],[-111.5226,37.5094],[-111.5262,37.5133],[-111.5078,37.5181],[-111.4858,37.5102],[-111.4694,37.5131],[-111.4638,37.5174],[-111.4653,37.5234],[-111.4577,37.5265],[-111.4573,37.5355],[-111.4632,37.5407],[-111.4772,37.5451],[-111.4998,37.548],[-111.5123,37.5557],[-111.515,37.5609],[-111.5336,37.5592],[-111.5843,37.5844],[-111.5866,37.5922],[-111.5697,37.5941],[-111.5801,37.6074],[-111.5695,37.6195],[-111.5719,37.6274],[-111.5687,37.6322],[-111.5895,37.6533],[-111.5976,37.677],[-111.6047,37.7141],[-111.6236,37.7389],[-111.6376,37.7366],[-111.6472,37.7395],[-111.6553,37.7475],[-111.6538,37.7575],[-111.6774,37.7649],[-111.7001,37.7786],[-111.6927,37.7798],[-111.6846,37.8011],[-111.6767,37.8065],[-111.6774,37.8245],[-111.6723,37.831],[-111.6651,37.8091],[-111.6455,37.7916],[-111.6235,37.7893],[-111.5983,37.7935],[-111.5977,37.8019],[-111.5919,37.8108],[-111.5924,37.817],[-111.6021,37.8392],[-111.6328,37.8806],[-111.634,37.8968],[-111.6471,37.9157],[-111.6357,37.9377],[-111.6165,37.9395],[-111.5941,37.9371],[-111.5711,37.943],[-111.5367,37.9385],[-111.5162,37.9439],[-111.4935,37.9455],[-111.4636,37.9653],[-111.4558,37.9873],[-111.4341,37.9949],[-111.4166,37.9929],[-111.4071,37.986],[-111.3747,37.9762],[-111.3183,37.9944],[-111.2885,37.976],[-111.2779,37.9759],[-111.2724,37.9814],[-111.2761,38.0057],[-111.2842,38.0157],[-111.2932,38.0204],[-111.2792,38.0295],[-111.2765,38.0377],[-111.2704,38.0386],[-111.2667,38.0441],[-111.257,38.0486],[-111.2604,38.0546],[-111.2655,38.0525],[-111.2699,38.0557],[-111.2779,38.0555],[-111.2729,38.0596],[-111.2793,38.069],[-111.2759,38.0741],[-111.2497,38.0873],[-111.2492,38.0906],[-111.265,38.0898],[-111.2727,38.0963],[-111.2482,38.1168],[-111.2384,38.1306],[-111.2463,38.132],[-111.2533,38.1432],[-111.2666,38.1421],[-111.2724,38.1478],[-111.2855,38.1499],[-111.2899,38.1557],[-111.2904,38.1682],[-111.3014,38.1771],[-111.3188,38.1841],[-111.3221,38.1962],[-111.3184,38.1995],[-111.2844,38.1917],[-111.2285,38.169],[-111.2263,38.1758],[-111.2437,38.1946],[-111.2558,38.1967],[-111.2613,38.2017],[-111.2734,38.2054],[-111.2658,38.2178],[-111.2815,38.2199],[-111.2949,38.2422],[-111.2939,38.2502],[-111.2997,38.255],[-111.3134,38.2539],[-111.3343,38.2625],[-111.3323,38.2671],[-111.3429,38.2659],[-111.3737,38.2759],[-111.3781,38.2799],[-111.3785,38.2867],[-111.3868,38.2829],[-111.3867,38.2868],[-111.3912,38.2901],[-111.3876,38.2934],[-111.3957,38.2987],[-111.3908,38.3025],[-111.3807,38.3005],[-111.3823,38.3042],[-111.3795,38.3077],[-111.3631,38.3145],[-111.3548,38.3106],[-111.344,38.3131],[-111.3046,38.3064],[-111.27,38.2904],[-111.2666,38.2917],[-111.2674,38.295],[-111.2889,38.3103],[-111.3032,38.325],[-111.3058,38.3209],[-111.3118,38.3206],[-111.3257,38.3311],[-111.3395,38.332],[-111.3456,38.3294],[-111.3572,38.3329],[-111.3654,38.3306],[-111.3901,38.3364],[-111.391,38.3288],[-111.3972,38.3258],[-111.424,38.3294],[-111.4414,38.3126],[-111.5144,38.3122],[-111.5183,38.3149],[-111.5163,38.3226],[-111.5301,38.342],[-111.5269,38.3428],[-111.533,38.358],[-111.5328,38.381],[-111.5278,38.3836],[-111.514,38.3813],[-111.5009,38.384],[-111.4961,38.3703],[-111.4835,38.3694],[-111.476,38.3862],[-111.4727,38.3792],[-111.4661,38.3863],[-111.461,38.376],[-111.4403,38.3753],[-111.4255,38.3914],[-111.4163,38.3954],[-111.4141,38.3997],[-111.4051,38.4019],[-111.4122,38.4065],[-111.4063,38.4093],[-111.4116,38.4171],[-111.4041,38.4213],[-111.4027,38.4285],[-111.4154,38.4326],[-111.4185,38.4399],[-111.4064,38.4427],[-111.4061,38.4462],[-111.372,38.4419],[-111.3624,38.4477],[-111.3563,38.4426],[-111.3451,38.4494],[-111.3556,38.4625],[-111.3507,38.4674],[-111.3417,38.466],[-111.3459,38.4746],[-111.3719,38.4681],[-111.3693,38.4769],[-111.3723,38.4873],[-111.3584,38.492],[-111.3596,38.4992],[-111.3552,38.5036],[-111.36,38.5108],[-111.319,38.5145],[-111.3174,38.5267],[-111.3045,38.5229],[-111.3078,38.5298],[-111.3267,38.5318],[-111.337,38.5383],[-111.3619,38.537],[-111.3585,38.5446],[-111.3756,38.5512],[-111.3839,38.5366],[-111.3829,38.5257],[-111.371,38.5317],[-111.3658,38.5292],[-111.3645,38.5246],[-111.3727,38.5157],[-111.3856,38.5131],[-111.3897,38.5179],[-111.3877,38.528],[-111.3947,38.5312],[-111.3973,38.5478],[-111.4044,38.5476],[-111.3939,38.5568],[-111.3879,38.568],[-111.3713,38.5732],[-111.3606,38.5843],[-111.3391,38.5812],[-111.3382,38.5859],[-111.3474,38.5943],[-111.3331,38.6032],[-111.3325,38.6112],[-111.3371,38.6185],[-111.3497,38.6248],[-111.357,38.6216],[-111.3599,38.6265],[-111.339,38.6373],[-111.3278,38.6547],[-111.3201,38.6582],[-111.2959,38.6516],[-111.2942,38.6613],[-111.3007,38.6654],[-111.304,38.6733],[-111.2998,38.6829],[-111.3002,38.6918],[-111.2916,38.7111],[-111.2766,38.7111],[-111.2797,38.723],[-111.3076,38.73],[-111.3175,38.741],[-111.329,38.7447],[-111.3311,38.751],[-111.3356,38.7529],[-111.3599,38.75],[-111.3598,38.7524],[-111.369,38.7555],[-111.3913,38.7527],[-111.4044,38.7569],[-111.4252,38.7559],[-111.4215,38.7647],[-111.4105,38.7722],[-111.4144,38.7806],[-111.4119,38.7894],[-111.4259,38.7893],[-111.4139,38.8019],[-111.4124,38.8151],[-111.4045,38.8211],[-111.4111,38.8242],[-111.4045,38.8344],[-111.4114,38.8436],[-111.3984,38.8479],[-111.3892,38.847],[-111.3842,38.8504],[-111.3723,38.8483],[-111.3561,38.861],[-111.3423,38.8482],[-111.3425,38.8564],[-111.3342,38.8586],[-111.3301,38.8714],[-111.3215,38.8772],[-111.3174,38.8947],[-111.3251,38.8998],[-111.3278,38.9082],[-111.3389,38.9149],[-111.34,38.9197],[-111.3343,38.9286],[-111.3217,38.933],[-111.322,38.9504],[-111.3143,38.9503],[-111.3079,38.9548],[-111.3035,38.9462],[-111.2852,38.9497],[-111.2671,38.9724],[-111.2682,38.9813],[-111.277,38.9819],[-111.2695,38.9873],[-111.2663,38.9993],[-111.2599,39.0032],[-111.2407,39.003],[-111.2322,39.0079],[-111.2113,39.0078],[-111.1947,39.0233],[-111.1944,39.0324],[-111.2032,39.0419],[-111.1979,39.0491],[-111.2018,39.058],[-111.2216,39.0747],[-111.2151,39.0875],[-111.2352,39.1077],[-111.2218,39.1151],[-111.2026,39.1123],[-111.1834,39.1259],[-111.1689,39.1315],[-111.1592,39.1426],[-111.1555,39.152],[-111.1575,39.1544],[-111.1699,39.154],[-111.1676,39.1692],[-111.1775,39.1796],[-111.1615,39.187],[-111.1498,39.1837],[-111.1427,39.1855],[-111.136,39.1926],[-111.1381,39.2021],[-111.1281,39.2106],[-111.131,39.2187],[-111.1278,39.2292],[-111.1308,39.238],[-111.1448,39.2557],[-111.1612,39.265],[-111.17,39.2762],[-111.1785,39.28],[-111.179,39.2999],[-111.1618,39.2916],[-111.1507,39.2904],[-111.1315,39.2938],[-111.1264,39.2999],[-111.1134,39.3047],[-111.0699,39.3041],[-111.0572,39.3198],[-111.0632,39.3501],[-111.0772,39.3553],[-111.0844,39.3717],[-111.0944,39.3797],[-111.1048,39.3966],[-111.0854,39.3937],[-111.0577,39.3842],[-111.0375,39.3917],[-111.0244,39.3902],[-111.0185,39.4019],[-111.0093,39.4077],[-111.0082,39.4334],[-111.0025,39.4446],[-111.0003,39.4643],[-111.0172,39.4879],[-111.0122,39.5073],[-111.024,39.5219],[-111.0274,39.5335],[-111.0161,39.5454],[-111.0156,39.5526],[-111.0414,39.564],[-111.0502,39.5622],[-111.0769,39.5656],[-111.0919,39.563],[-111.0935,39.567],[-111.0893,39.574],[-111.0954,39.5807],[-111.0874,39.5918],[-111.1001,39.6081],[-111.0881,39.6145],[-111.0817,39.6247],[-111.0832,39.6322],[-111.0784,39.6411],[-111.0579,39.6566],[-111.0407,39.6591],[-111.0322,39.664],[-111.0255,39.6737],[-111.0249,39.6839],[-111.0211,39.6867],[-111.0073,39.6845],[-110.9953,39.6731],[-110.9867,39.6708],[-110.9491,39.6763],[-110.9275,39.6739],[-110.874,39.6873],[-110.8605,39.6961],[-110.8349,39.6914],[-110.7941,39.6928],[-110.7143,39.6865],[-110.6973,39.6921],[-110.6809,39.693],[-110.6589,39.6867],[-110.6336,39.6894],[-110.613,39.6764],[-110.5878,39.6781],[-110.5711,39.6757],[-110.5067,39.6511],[-110.4808,39.6304],[-110.469,39.6163],[-110.4437,39.6058],[-110.4386,39.5993],[-110.422,39.5901],[-110.3828,39.5534],[-110.3759,39.5368],[-110.3795,39.5278],[-110.3771,39.5191],[-110.3799,39.489],[-110.3775,39.4626],[-110.3633,39.445],[-110.36,39.4347],[-110.3411,39.4221],[-110.3092,39.4192],[-110.306,39.4114],[-110.2737,39.3914],[-110.2642,39.3782],[-110.2619,39.3693],[-110.2506,39.3656],[-110.2498,39.3516],[-110.2415,39.3438],[-110.2348,39.3475],[-110.2205,39.3466],[-110.2088,39.356],[-110.2041,39.3554],[-110.1953,39.3467],[-110.1893,39.3485],[-110.1876,39.3538],[-110.1693,39.352],[-110.1729,39.3609],[-110.17,39.3648],[-110.1491,39.3593],[-110.1453,39.361],[-110.15,39.3746],[-110.1722,39.3863],[-110.1782,39.3927],[-110.1816,39.4026],[-110.1894,39.4029],[-110.1886,39.4105],[-110.2029,39.4172],[-110.2034,39.4222],[-110.1899,39.42],[-110.1789,39.4139],[-110.1758,39.4064],[-110.1513,39.3881],[-110.1357,39.3901],[-110.1279,39.3823],[-110.1162,39.3814],[-110.1165,39.375],[-110.1072,39.3779],[-110.1056,39.3718],[-110.0974,39.3733],[-110.1044,39.3628],[-110.0993,39.3576],[-110.0905,39.3579],[-110.0945,39.3502],[-110.0926,39.3467],[-110.0764,39.345],[-110.0593,39.3505],[-110.0471,39.3483],[-110.0666,39.3627],[-110.054,39.37],[-110.0622,39.3723],[-110.0725,39.3878],[-110.0868,39.3877],[-110.0889,39.3938],[-110.1015,39.4052],[-110.0994,39.4099],[-110.0886,39.4125],[-110.0948,39.4195],[-110.0969,39.4275],[-110.0758,39.4227],[-110.0651,39.415],[-110.059,39.4218],[-110.069,39.4278],[-110.0483,39.4317],[-110.0193,39.4251],[-110.007,39.4155],[-110.0096,39.3797],[-110.0133,39.3728],[-110.0095,39.3648],[-110.0146,39.3591],[-110.0038,39.3545],[-109.9955,39.3457],[-109.9925,39.3159],[-109.986,39.3126],[-109.963,39.3105],[-109.9513,39.3136],[-109.9501,39.3017],[-109.9418,39.288],[-109.9466,39.2759],[-109.972,39.2494],[-109.9757,39.2394],[-109.9677,39.2233],[-109.945,39.213],[-109.971,39.1945],[-109.9763,39.1867],[-109.966,39.1729],[-109.963,39.1549],[-109.9519,39.1475],[-109.9481,39.1383],[-109.943,39.1356],[-109.8952,39.1384],[-109.8818,39.1301],[-109.817,39.1118],[-109.7981,39.0905],[-109.7779,39.0859],[-109.748,39.0737],[-109.7133,39.0371],[-109.7066,39.0328],[-109.6934,39.0319],[-109.684,39.0338],[-109.6745,39.0421],[-109.6739,39.0505],[-109.6803,39.0688],[-109.6736,39.0812],[-109.6631,39.086],[-109.637,39.0828],[-109.6313,39.0895],[-109.6207,39.0922],[-109.6234,39.1005],[-109.6211,39.1021],[-109.6143,39.1039],[-109.6082,39.1007],[-109.5911,39.1102],[-109.5665,39.1145],[-109.5561,39.1097],[-109.5472,39.1118],[-109.5259,39.1063],[-109.5056,39.0942],[-109.4989,39.0955],[-109.4889,39.1052],[-109.4861,39.0964],[-109.4728,39.0902],[-109.4587,39.0905],[-109.4469,39.0988],[-109.4367,39.1016],[-109.43,39.1148],[-109.4269,39.1381],[-109.4221,39.143],[-109.4304,39.1483],[-109.4295,39.1592],[-109.438,39.1693],[-109.4361,39.173],[-109.4263,39.1698],[-109.4152,39.1583],[-109.4165,39.1557],[-109.4122,39.1492],[-109.3766,39.1458],[-109.3669,39.1484],[-109.3634,39.1553],[-109.3552,39.1545],[-109.351,39.1623],[-109.341,39.1553],[-109.3248,39.166],[-109.3081,39.1676],[-109.2992,39.1757],[-109.2822,39.1789],[-109.2776,39.1837],[-109.2845,39.1982],[-109.278,39.2035],[-109.2791,39.2221],[-109.2634,39.2665],[-109.2389,39.2788],[-109.2263,39.2756],[-109.2137,39.2768],[-109.2068,39.2836],[-109.1891,39.2908],[-109.1367,39.3299],[-109.1409,39.3494],[-109.1314,39.36],[-109.0781,39.3703],[-109.0674,39.3811],[-109.0614,39.3828],[-109.0572,39.3813],[-109.0525,39.3711],[-109.04,39.3661],[-109.0351,39.3677],[-109.0293,39.3711],[-109.0222,39.3828],[-109.024,39.3915],[-109.0163,39.395],[-109.0121,39.4032],[-108.9875,39.4121],[-108.9698,39.4237],[-108.9646,39.4229],[-108.9723,39.411],[-108.9655,39.4051],[-108.9684,39.3963],[-108.9551,39.3956],[-108.944,39.3902],[-108.9348,39.3962],[-108.926,39.3939],[-108.9202,39.3959],[-108.9081,39.383],[-108.8983,39.39],[-108.8877,39.3871],[-108.8817,39.3914],[-108.8708,39.3845],[-108.8672,39.3955],[-108.8644,39.3965],[-108.8554,39.3905],[-108.8486,39.391],[-108.8468,39.3999],[-108.8394,39.4041],[-108.8406,39.4108],[-108.8354,39.4142],[-108.8315,39.4259],[-108.8278,39.4285],[-108.8192,39.4286],[-108.8127,39.4208],[-108.7919,39.4249],[-108.7887,39.4216],[-108.793,39.4151],[-108.7925,39.399],[-108.7821,39.3951],[-108.7762,39.3814],[-108.7658,39.3773],[-108.7557,39.3672],[-108.7475,39.3653],[-108.7071,39.3703],[-108.683,39.3672],[-108.671,39.3577],[-108.6371,39.3563],[-108.6252,39.3492],[-108.6199,39.3369],[-108.5985,39.335],[-108.589,39.3186],[-108.5849,39.3165],[-108.5788,39.3174],[-108.5696,39.3331],[-108.5628,39.3325],[-108.5588,39.3178],[-108.5621,39.2991],[-108.5589,39.2904],[-108.532,39.2722],[-108.5229,39.2733],[-108.5185,39.2842],[-108.5309,39.305],[-108.5306,39.3128],[-108.4907,39.322],[-108.4896,39.3252],[-108.5076,39.3258],[-108.5073,39.3309],[-108.4796,39.3417],[-108.4728,39.3473],[-108.4708,39.3548],[-108.4916,39.3593],[-108.503,39.3683],[-108.5384,39.3708],[-108.5446,39.3734],[-108.5443,39.3762],[-108.5148,39.3788],[-108.5053,39.3753],[-108.4907,39.3765],[-108.4762,39.3672],[-108.4652,39.3676],[-108.4446,39.3616],[-108.4352,39.366],[-108.4331,39.3606],[-108.4281,39.3582],[-108.4176,39.3643],[-108.4124,39.3638],[-108.4051,39.3742],[-108.4,39.3758],[-108.3949,39.3861],[-108.4075,39.402],[-108.4296,39.4159],[-108.4437,39.4156],[-108.4505,39.4107],[-108.459,39.4144],[-108.4762,39.4113],[-108.4812,39.413],[-108.4797,39.4165],[-108.4684,39.4202],[-108.4339,39.4263],[-108.4194,39.4249],[-108.4068,39.4168],[-108.3869,39.411],[-108.3485,39.4157],[-108.3131,39.4062],[-108.3064,39.4083],[-108.3139,39.4156],[-108.3146,39.4224],[-108.322,39.4261],[-108.3287,39.4236],[-108.3382,39.4348],[-108.3613,39.427],[-108.3849,39.4351],[-108.4081,39.4362],[-108.418,39.4402],[-108.4264,39.4499],[-108.4428,39.4597],[-108.4522,39.4611],[-108.4696,39.4578],[-108.5374,39.4622],[-108.539,39.4647],[-108.5348,39.467],[-108.5252,39.4683],[-108.4612,39.4676],[-108.4437,39.4711],[-108.4237,39.4641],[-108.3985,39.4617],[-108.3838,39.457],[-108.3624,39.4567],[-108.3401,39.4622],[-108.3397,39.4699],[-108.345,39.4807],[-108.3532,39.4844],[-108.3679,39.484],[-108.3905,39.4935],[-108.4626,39.4978],[-108.4718,39.5022],[-108.4815,39.4995],[-108.4889,39.503],[-108.4989,39.5017],[-108.508,39.506],[-108.5251,39.5013],[-108.5502,39.5029],[-108.5627,39.4981],[-108.5669,39.5027],[-108.5775,39.5027],[-108.5843,39.5088],[-108.5844,39.5129],[-108.5794,39.5166],[-108.5885,39.5338],[-108.6262,39.5553],[-108.6288,39.561],[-108.6256,39.5634],[-108.5795,39.5405],[-108.5656,39.5192],[-108.5512,39.5182],[-108.5393,39.5229],[-108.5104,39.5162],[-108.5046,39.5197],[-108.4959,39.5193],[-108.4895,39.5251],[-108.4802,39.5231],[-108.4768,39.5285],[-108.483,39.5387],[-108.4985,39.5521],[-108.5258,39.5545],[-108.5102,39.564],[-108.5108,39.569],[-108.5186,39.5759],[-108.5152,39.5798],[-108.5052,39.5754],[-108.4982,39.5661],[-108.4884,39.5632],[-108.4846,39.557],[-108.4784,39.5553],[-108.4648,39.535],[-108.4535,39.5292],[-108.4474,39.5217],[-108.4239,39.5161],[-108.4006,39.5181],[-108.397,39.5251],[-108.4064,39.5387],[-108.4024,39.5434],[-108.3955,39.5381],[-108.3912,39.5278],[-108.3792,39.5194],[-108.3775,39.5088],[-108.3634,39.5084],[-108.3582,39.5041],[-108.3459,39.5053],[-108.3354,39.5005],[-108.3236,39.5061],[-108.3185,39.5154],[-108.3204,39.5289],[-108.3287,39.5455],[-108.3146,39.544],[-108.3143,39.5303],[-108.3068,39.5183],[-108.3076,39.4845],[-108.3029,39.4708],[-108.2845,39.4569],[-108.2696,39.4531],[-108.2601,39.4385],[-108.2517,39.4406],[-108.2474,39.4466],[-108.2463,39.4738],[-108.2419,39.4731],[-108.2373,39.4645],[-108.2255,39.4647],[-108.2245,39.4611],[-108.2359,39.4534],[-108.2371,39.446],[-108.2358,39.4413],[-108.2219,39.4382],[-108.2334,39.4272],[-108.2246,39.4182],[-108.2137,39.4147],[-108.215,39.4062],[-108.2108,39.399],[-108.2134,39.3917],[-108.2079,39.387],[-108.1688,39.3962],[-108.15,39.3966],[-108.1436,39.4007],[-108.1401,39.4143],[-108.1246,39.4099],[-108.1118,39.4127],[-108.0861,39.4244],[-108.0701,39.4414],[-108.0681,39.4475],[-108.0706,39.4517],[-108.0918,39.4565],[-108.1003,39.4648],[-108.1159,39.4634],[-108.113,39.4771],[-108.1162,39.4815],[-108.1358,39.4833],[-108.1306,39.4917],[-108.1401,39.5023],[-108.1264,39.5436],[-108.1187,39.5516],[-108.1146,39.5515],[-108.1129,39.5471],[-108.1226,39.5132],[-108.1215,39.5059],[-108.1124,39.5054],[-108.1069,39.492],[-108.0936,39.4925],[-108.0859,39.4811],[-108.06,39.4807],[-108.0513,39.4753],[-108.0234,39.4822],[-108.0007,39.4927],[-107.9808,39.4914],[-107.9549,39.4966],[-107.9455,39.5107],[-107.9332,39.517],[-107.9303,39.5245],[-107.9101,39.5238],[-107.8798,39.5338],[-107.8791,39.5416],[-107.8733,39.5484],[-107.856,39.5536],[-107.8516,39.5651],[-107.8431,39.5753],[-107.8469,39.5798],[-107.8587,39.5836],[-107.8593,39.5884],[-107.8535,39.5933],[-107.8572,39.6049],[-107.868,39.6173],[-107.8809,39.6195],[-107.8803,39.6311],[-107.9003,39.6428],[-107.9001,39.6479],[-107.8962,39.6509],[-107.8828,39.6519],[-107.8376,39.6279],[-107.793,39.6222],[-107.7574,39.6112],[-107.7275,39.5975],[-107.7036,39.5919],[-107.6765,39.5887],[-107.6552,39.5905],[-107.6364,39.5834],[-107.6083,39.5799],[-107.5858,39.5701],[-107.5646,39.5666],[-107.5403,39.5674],[-107.543,39.5594],[-107.5544,39.5468],[-107.556,39.5321],[-107.5461,39.5175],[-107.5187,39.5026],[-107.5173,39.4938],[-107.5207,39.4876],[-107.5299,39.486],[-107.5561,39.4899],[-107.5673,39.4873],[-107.571,39.4832],[-107.5682,39.4588],[-107.5726,39.4553],[-107.592,39.458],[-107.5991,39.4544],[-107.5985,39.4475],[-107.5842,39.4407],[-107.5797,39.4306],[-107.5841,39.4246],[-107.6046,39.4188],[-107.6059,39.3877],[-107.5984,39.3657],[-107.602,39.3546],[-107.6066,39.3547],[-107.6099,39.3611],[-107.6157,39.3563],[-107.6216,39.3573],[-107.6356,39.3698],[-107.6592,39.3678],[-107.6615,39.3707],[-107.6568,39.3769],[-107.6562,39.3893],[-107.67,39.4],[-107.6706,39.4125],[-107.6795,39.4071],[-107.6916,39.4081],[-107.6967,39.4006],[-107.7036,39.3978],[-107.7293,39.398],[-107.7415,39.4076],[-107.7307,39.4236],[-107.7379,39.4272],[-107.7501,39.423],[-107.7566,39.4143],[-107.7703,39.4055],[-107.7794,39.4044],[-107.7818,39.4129],[-107.797,39.4059],[-107.8075,39.4073],[-107.8095,39.4167],[-107.7952,39.4319],[-107.795,39.4406],[-107.7996,39.4451],[-107.8115,39.4479],[-107.8204,39.4383],[-107.8309,39.4362],[-107.8333,39.4401],[-107.8285,39.4553],[-107.8428,39.4698],[-107.8517,39.4682],[-107.8601,39.4539],[-107.867,39.4493],[-107.883,39.4502],[-107.8977,39.4447],[-107.924,39.4428],[-107.9611,39.4444],[-107.97,39.4419],[-107.9806,39.4317],[-107.9945,39.4335],[-108.0094,39.4183],[-108.0275,39.41],[-108.0241,39.3976],[-108.0344,39.3911],[-108.0371,39.3853],[-108.0326,39.3716],[-108.0348,39.3665],[-108.0485,39.3576],[-108.0625,39.3428],[-108.0773,39.3442],[-108.081,39.3338],[-108.0961,39.332],[-108.0962,39.3228],[-108.1162,39.321],[-108.119,39.2987],[-108.1322,39.2955],[-108.1371,39.2903],[-108.1525,39.2874],[-108.1502,39.2826],[-108.1589,39.2805],[-108.1542,39.2757],[-108.1574,39.2712],[-108.1335,39.261],[-108.128,39.2544],[-108.1027,39.2512],[-108.0857,39.2582],[-108.0622,39.2523],[-108.0478,39.2598],[-108.0378,39.2576],[-108.0276,39.262],[-108.0141,39.2593],[-107.9993,39.2643],[-107.9921,39.2575],[-107.9813,39.2548],[-107.9584,39.2646],[-107.9489,39.2641],[-107.9448,39.2602],[-107.9298,39.2164],[-107.9128,39.2056],[-107.9055,39.1964],[-107.9068,39.1782],[-107.9234,39.173],[-107.93,39.1821],[-107.9417,39.1866],[-107.967,39.183],[-107.9731,39.1637],[-107.9813,39.16],[-107.9967,39.1617],[-108.0055,39.152],[-108.0125,39.1492],[-108.0314,39.1494],[-108.042,39.1377],[-108.1058,39.1402],[-108.1196,39.1297],[-108.1331,39.1097],[-108.1399,39.1064],[-108.1522,39.1107],[-108.1556,39.1323],[-108.1595,39.1357],[-108.1787,39.1355],[-108.201,39.1422],[-108.2127,39.1422],[-108.2313,39.1345],[-108.2513,39.1202],[-108.2676,39.1024],[-108.2799,39.0995],[-108.2839,39.0952],[-108.2743,39.0766],[-108.2784,39.0529],[-108.2714,39.0445],[-108.2734,39.0367],[-108.2398,39.0085],[-108.235,38.9895],[-108.2283,38.986],[-108.219,38.9872],[-108.2103,38.9845],[-108.199,38.9866],[-108.1945,38.9797],[-108.1667,38.9796],[-108.1596,38.9751],[-108.1597,38.9708],[-108.1814,38.9587],[-108.186,38.9531],[-108.2196,38.9394],[-108.2221,38.9359],[-108.2077,38.9289],[-108.207,38.9215],[-108.212,38.9154],[-108.2097,38.9001],[-108.212,38.8915],[-108.1988,38.8896],[-108.1805,38.8717],[-108.1649,38.8639],[-108.1475,38.87],[-108.1126,38.8959],[-108.1064,38.8958],[-108.1013,38.8902],[-108.091,38.8861],[-108.0694,38.8884],[-108.05,38.9023],[-108.0252,38.9131],[-108.018,38.9257],[-108.0064,38.9327],[-108.0042,38.9403],[-107.999,38.9448],[-107.9782,38.9579],[-107.9573,38.9631],[-107.9319,38.9606],[-107.8904,38.9668],[-107.865,38.9554],[-107.8521,38.9435],[-107.8421,38.9312],[-107.8374,38.9151],[-107.8315,38.9079],[-107.8127,38.9038],[-107.7933,38.9123],[-107.7814,38.9126],[-107.7786,38.9048],[-107.7797,38.8836],[-107.7686,38.8656],[-107.7553,38.8582],[-107.7429,38.8631],[-107.7058,38.8645],[-107.6793,38.8727],[-107.6624,38.8844],[-107.6578,38.8986],[-107.6527,38.9032],[-107.6121,38.9041],[-107.5944,38.9133],[-107.5781,38.9149],[-107.573,38.9172],[-107.5754,38.9311],[-107.5723,38.9377],[-107.5665,38.9284],[-107.5586,38.9356],[-107.5506,38.9327],[-107.534,38.9377],[-107.5342,38.944],[-107.5429,38.9458],[-107.5396,38.9514],[-107.5447,38.9564],[-107.5422,38.9619],[-107.5538,38.9834],[-107.5412,38.9852],[-107.536,38.9957],[-107.5306,38.9914],[-107.525,38.9947],[-107.526,38.9869],[-107.5224,38.9809],[-107.5248,38.9757],[-107.5211,38.9706],[-107.4996,38.9796],[-107.4927,38.9635],[-107.4841,38.962],[-107.4762,38.9472],[-107.4701,38.956],[-107.4705,38.9706],[-107.4561,38.9612],[-107.4533,38.9486],[-107.4422,38.9504],[-107.4381,38.9438],[-107.4304,38.9487],[-107.4192,38.943],[-107.4133,38.9473],[-107.4033,38.946],[-107.4004,38.9511],[-107.3938,38.9524],[-107.394,38.9579],[-107.3895,38.9597],[-107.3775,38.9511],[-107.3685,38.9537],[-107.3605,38.9496],[-107.3526,38.9534],[-107.3527,38.9444],[-107.358,38.9414],[-107.4206,38.9288],[-107.4544,38.9263],[-107.4616,38.9221],[-107.4823,38.9208],[-107.4879,38.9173],[-107.5178,38.925],[-107.5282,38.9246],[-107.5519,38.912],[-107.5636,38.8945],[-107.5728,38.8916],[-107.584,38.8767],[-107.5845,38.8723],[-107.5802,38.8674],[-107.5641,38.8602],[-107.5224,38.8748],[-107.5121,38.8745],[-107.521,38.8666],[-107.5534,38.8531],[-107.5711,38.8419],[-107.5955,38.8134],[-107.609,38.7834],[-107.6053,38.7649],[-107.584,38.7494],[-107.5796,38.7393],[-107.5807,38.7298],[-107.5926,38.7192],[-107.5891,38.7085],[-107.5793,38.698],[-107.582,38.6914],[-107.559,38.6772],[-107.5618,38.6697],[-107.5554,38.6513],[-107.5588,38.6436],[-107.5539,38.6366],[-107.5569,38.6288],[-107.5665,38.6212],[-107.5637,38.6121],[-107.5675,38.6034],[-107.5845,38.6164],[-107.6017,38.6144],[-107.6706,38.6421],[-107.6999,38.6488],[-107.7225,38.659],[-107.7311,38.6581],[-107.74,38.663],[-107.7649,38.6628],[-107.7938,38.6544],[-107.8182,38.6598],[-107.823,38.6582],[-107.8234,38.6522],[-107.8281,38.6492],[-107.8171,38.6299],[-107.7971,38.62],[-107.7937,38.6093],[-107.7832,38.6063],[-107.7758,38.599],[-107.7637,38.5989],[-107.7534,38.5935],[-107.7391,38.5635],[-107.738,38.5353],[-107.725,38.5151],[-107.72,38.5142],[-107.7088,38.5197],[-107.6939,38.5122],[-107.6669,38.5122],[-107.6788,38.501],[-107.6958,38.4972],[-107.6868,38.4851],[-107.6709,38.4789],[-107.6714,38.4752],[-107.6654,38.4684],[-107.6685,38.4621],[-107.6763,38.4597],[-107.692,38.4671],[-107.6957,38.4644],[-107.7116,38.4714],[-107.7314,38.4671],[-107.7362,38.4542],[-107.7339,38.4379],[-107.7269,38.4363],[-107.7317,38.4252],[-107.7314,38.4178],[-107.719,38.4057],[-107.7382,38.3975],[-107.7403,38.384],[-107.7335,38.3776],[-107.7161,38.3827],[-107.7118,38.3788],[-107.711,38.3719],[-107.7026,38.3608],[-107.7083,38.3426],[-107.7053,38.3336],[-107.7071,38.3281],[-107.7034,38.3246],[-107.7058,38.3079],[-107.7023,38.3047],[-107.6935,38.3042],[-107.6898,38.2982],[-107.6952,38.2883],[-107.7081,38.2798],[-107.7029,38.2686],[-107.6962,38.2674],[-107.6945,38.2643],[-107.7125,38.2514],[-107.7138,38.2455],[-107.7027,38.2358],[-107.6829,38.2422],[-107.684,38.2363],[-107.6916,38.2299],[-107.6902,38.2186],[-107.6796,38.2107],[-107.6729,38.1994],[-107.6516,38.1832],[-107.6534,38.1715],[-107.6681,38.1542],[-107.6812,38.1486],[-107.6904,38.1501],[-107.6934,38.1485],[-107.6931,38.143],[-107.7096,38.1409],[-107.7206,38.132],[-107.7156,38.1166],[-107.7256,38.1213],[-107.7347,38.1323],[-107.7352,38.1388],[-107.7199,38.1527],[-107.705,38.1529],[-107.6838,38.1601],[-107.6832,38.1643],[-107.6962,38.1804],[-107.6853,38.1872],[-107.6854,38.1899],[-107.704,38.1906],[-107.7138,38.1808],[-107.7374,38.1792],[-107.7421,38.1877],[-107.7297,38.2073],[-107.7332,38.2131],[-107.7419,38.2135],[-107.74,38.2043],[-107.7505,38.1943],[-107.7541,38.1835],[-107.7609,38.1781],[-107.7976,38.1827],[-107.8117,38.1767],[-107.8499,38.1695],[-107.8817,38.1701],[-107.8805,38.176],[-107.8934,38.1884],[-107.9008,38.2009],[-107.9031,38.2184],[-107.922,38.2227],[-107.9782,38.2772],[-108.0047,38.2795],[-108.0517,38.3132],[-108.0627,38.3169],[-108.075,38.3311],[-108.1059,38.3357],[-108.1048,38.3473],[-108.1193,38.3474],[-108.1296,38.3602],[-108.1462,38.3648],[-108.1543,38.3729],[-108.186,38.3865],[-108.1885,38.3928],[-108.1849,38.3973],[-108.1892,38.4009],[-108.1989,38.3982],[-108.207,38.381],[-108.193,38.3599],[-108.1976,38.3579],[-108.2025,38.3632],[-108.2056,38.3576],[-108.21,38.358],[-108.2112,38.3768],[-108.2205,38.3789],[-108.2206,38.3825],[-108.2094,38.393],[-108.204,38.4056],[-108.2151,38.4077],[-108.2256,38.4158],[-108.2419,38.4213],[-108.2609,38.4356],[-108.2742,38.4416],[-108.276,38.4478],[-108.2694,38.4609],[-108.2723,38.4657],[-108.3033,38.4727],[-108.3178,38.47],[-108.3293,38.4727],[-108.3518,38.459],[-108.3552,38.4617],[-108.3541,38.4669],[-108.3419,38.4823],[-108.3378,38.493],[-108.3637,38.4936],[-108.3691,38.4972],[-108.3802,38.4908],[-108.3781,38.4877],[-108.3683,38.4863],[-108.3674,38.4809],[-108.3797,38.4743],[-108.5043,38.4811],[-108.5043,38.4872],[-108.4934,38.4918],[-108.4784,38.4912],[-108.4553,38.4992],[-108.4379,38.4978],[-108.4253,38.5127],[-108.4289,38.5157],[-108.4427,38.5118],[-108.4552,38.5024],[-108.4998,38.497],[-108.5056,38.5027],[-108.4835,38.5148],[-108.4657,38.5296],[-108.4754,38.5314],[-108.4903,38.5251],[-108.5144,38.5227],[-108.5204,38.5343],[-108.5192,38.5375],[-108.5288,38.5405],[-108.5227,38.5445],[-108.5248,38.546],[-108.5386,38.5476],[-108.5535,38.545],[-108.5578,38.5474],[-108.5551,38.5515],[-108.58,38.546],[-108.5893,38.5478],[-108.5949,38.5575],[-108.5902,38.5744],[-108.5916,38.5808],[-108.608,38.5812],[-108.6096,38.5852],[-108.6005,38.5889],[-108.604,38.5974],[-108.6009,38.6043],[-108.5744,38.6238],[-108.5616,38.6256],[-108.5652,38.6295],[-108.5627,38.6331],[-108.5751,38.6296],[-108.5891,38.6346],[-108.592,38.6385],[-108.6038,38.6377],[-108.6032,38.6554],[-108.6161,38.6752],[-108.6201,38.6759],[-108.6223,38.6723],[-108.6248,38.6535],[-108.6379,38.6494],[-108.643,38.659],[-108.6401,38.6679],[-108.6533,38.6684],[-108.6529,38.6777],[-108.6579,38.6778],[-108.6634,38.6693],[-108.6699,38.6702],[-108.668,38.678],[-108.661,38.6851],[-108.6623,38.6879],[-108.6679,38.6875],[-108.6751,38.6804],[-108.6833,38.6776],[-108.686,38.6889],[-108.697,38.6964],[-108.7194,38.69],[-108.7222,38.6911],[-108.7212,38.6994],[-108.7317,38.7006],[-108.7396,38.6976],[-108.7434,38.7034],[-108.7435,38.711],[-108.7503,38.7147],[-108.7505,38.7173],[-108.7433,38.7208],[-108.7441,38.7236],[-108.7546,38.7242],[-108.7589,38.7307],[-108.7699,38.7257],[-108.7727,38.7318],[-108.7799,38.7321],[-108.7837,38.7366],[-108.7984,38.7372],[-108.8102,38.7273],[-108.8075,38.722],[-108.7802,38.7086],[-108.7683,38.6915],[-108.7525,38.6822],[-108.7429,38.6848],[-108.7395,38.6746],[-108.7285,38.6738],[-108.7299,38.6666],[-108.7104,38.6405],[-108.7164,38.6284],[-108.7138,38.5939],[-108.7019,38.5777],[-108.6895,38.577],[-108.6805,38.5484],[-108.67,38.5299],[-108.6551,38.5241],[-108.66,38.5154],[-108.6745,38.5088],[-108.6661,38.5002],[-108.6633,38.4925],[-108.6556,38.4934],[-108.6517,38.4984],[-108.648,38.4941],[-108.6404,38.4924],[-108.6345,38.4844],[-108.6261,38.4865],[-108.6237,38.4815],[-108.6147,38.4797],[-108.6112,38.474],[-108.6065,38.4737],[-108.6045,38.4634],[-108.5924,38.4612],[-108.5866,38.455],[-108.5656,38.453],[-108.5628,38.4443],[-108.5572,38.4389],[-108.505,38.4132],[-108.4834,38.412],[-108.476,38.4149],[-108.4696,38.4329],[-108.4736,38.4546],[-108.469,38.4531],[-108.4266,38.4137],[-108.3767,38.4104],[-108.3683,38.4047],[-108.3299,38.3912],[-108.3046,38.3737],[-108.3005,38.3628],[-108.3056,38.3383],[-108.3012,38.3339],[-108.2847,38.3291],[-108.2722,38.3121],[-108.2641,38.31],[-108.2718,38.2962],[-108.25,38.3031],[-108.2382,38.2917],[-108.2278,38.2886],[-108.2238,38.2802],[-108.216,38.2771],[-108.2071,38.2805],[-108.195,38.2952],[-108.1904,38.2967],[-108.189,38.2888],[-108.1972,38.2792],[-108.1958,38.276],[-108.1877,38.2839],[-108.1716,38.2785],[-108.1597,38.2789],[-108.1553,38.2726],[-108.1415,38.2665],[-108.1177,38.2615],[-108.1111,38.2515],[-108.1008,38.2463],[-108.0599,38.2382],[-108.055,38.2333],[-108.0524,38.2139],[-108.0432,38.2087],[-108.0313,38.2057],[-108.0185,38.2106],[-107.9807,38.2108],[-107.9884,38.2008],[-108.0104,38.2027],[-108.0261,38.1965],[-108.046,38.2017],[-108.0622,38.1982],[-108.0649,38.1895],[-108.0589,38.1846],[-108.0567,38.1764],[-108.0481,38.1674],[-108.0412,38.1535],[-108.0389,38.133],[-108.0465,38.1083],[-108.0541,38.1009],[-108.0713,38.096],[-108.0721,38.0903],[-108.0694,38.0868],[-108.0579,38.0861],[-108.0538,38.0815],[-108.0511,38.0746],[-108.0524,38.0665],[-108.0603,38.0555],[-108.0511,38.0428],[-108.0415,38.0367],[-108.0572,38.0222],[-108.1081,38.0285],[-108.1063,38.0174],[-108.1162,38.0064],[-108.115,38.0023],[-108.1206,38.0014],[-108.1242,38.0068],[-108.1328,38.0049],[-108.1224,37.991],[-108.1178,37.9762],[-108.1199,37.97],[-108.128,37.9838],[-108.1418,37.9882],[-108.1687,37.9887],[-108.1739,37.985],[-108.1786,37.9719],[-108.184,37.9825],[-108.1909,37.9845],[-108.1929,37.97],[-108.1796,37.9447],[-108.1836,37.931],[-108.187,37.9321],[-108.1907,37.9412],[-108.1913,37.953],[-108.2025,37.9628],[-108.2058,37.9776],[-108.2267,37.9934],[-108.2468,37.9948],[-108.2532,37.9916],[-108.2514,37.9865],[-108.2407,37.9818],[-108.2396,37.9748],[-108.243,37.968],[-108.2392,37.9586],[-108.2502,37.9556],[-108.2641,37.9584],[-108.2823,37.9493],[-108.2925,37.9514],[-108.3033,37.962],[-108.306,37.9865],[-108.3093,37.989],[-108.3138,37.9887],[-108.3204,37.9788],[-108.3223,37.9615],[-108.3251,37.9593],[-108.3375,37.9777],[-108.348,37.9837],[-108.3672,37.9797],[-108.3721,37.9751],[-108.3881,37.9699],[-108.4024,37.9735],[-108.4237,37.9696],[-108.4366,37.9795],[-108.4484,37.9691],[-108.4453,37.9605],[-108.4507,37.9489],[-108.4502,37.9398],[-108.4811,37.9339],[-108.4861,37.9374],[-108.4893,37.949],[-108.5083,37.9576],[-108.5155,37.9775],[-108.5043,37.9825],[-108.5036,37.987],[-108.5225,37.9978],[-108.5318,37.9974],[-108.5352,37.9939],[-108.5471,37.9952],[-108.554,37.9907],[-108.5305,37.9826],[-108.5357,37.977],[-108.5288,37.974],[-108.5142,37.9593],[-108.5169,37.94],[-108.4958,37.9198],[-108.4978,37.9168],[-108.5176,37.9226],[-108.5271,37.9207],[-108.5291,37.9233],[-108.5255,37.9449],[-108.5345,37.9444],[-108.5392,37.9357],[-108.5492,37.9347],[-108.5566,37.9298],[-108.5562,37.9236],[-108.5437,37.9168],[-108.5524,37.9081],[-108.5495,37.9023],[-108.5428,37.902],[-108.5318,37.9078],[-108.5147,37.9017],[-108.5,37.9025],[-108.493,37.9068],[-108.4879,37.9151],[-108.4825,37.9158],[-108.4735,37.9031],[-108.4622,37.8992],[-108.4519,37.8906],[-108.4428,37.8899],[-108.4359,37.8792],[-108.4185,37.8762],[-108.4154,37.8706],[-108.4154,37.8556],[-108.4369,37.8539],[-108.4483,37.8482],[-108.4454,37.8444],[-108.4477,37.8394],[-108.4412,37.83],[-108.4668,37.8245],[-108.4719,37.8062],[-108.4711,37.7984],[-108.479,37.7892],[-108.4821,37.7743],[-108.4948,37.7693],[-108.4984,37.7648],[-108.4884,37.7578],[-108.4908,37.7454],[-108.4883,37.7439],[-108.4801,37.7498],[-108.471,37.7485],[-108.4721,37.7559],[-108.4689,37.7597],[-108.4421,37.7571],[-108.4354,37.7726],[-108.432,37.7735],[-108.4286,37.7694],[-108.4293,37.7623],[-108.4236,37.7588],[-108.4201,37.7514],[-108.4052,37.7477],[-108.4039,37.74],[-108.3855,37.7236],[-108.3799,37.7114],[-108.373,37.7073],[-108.3659,37.7077],[-108.3602,37.7122],[-108.3565,37.7262],[-108.3469,37.7174],[-108.3303,37.7165],[-108.3204,37.709],[-108.3139,37.7115],[-108.3122,37.7227],[-108.3018,37.718],[-108.2887,37.721],[-108.2822,37.7161],[-108.2874,37.698],[-108.2979,37.6783],[-108.2826,37.6764],[-108.2746,37.6814],[-108.2744,37.6864],[-108.2683,37.6843],[-108.2678,37.6813],[-108.2858,37.6643],[-108.294,37.6662],[-108.3055,37.6609],[-108.3084,37.6698],[-108.3156,37.6756],[-108.3146,37.6839],[-108.3266,37.6788],[-108.3348,37.6846],[-108.3323,37.6911],[-108.3175,37.6983],[-108.3458,37.6918],[-108.3507,37.6974],[-108.3547,37.6956],[-108.3576,37.6879],[-108.3392,37.6755],[-108.3235,37.6529],[-108.336,37.6465],[-108.3493,37.6334],[-108.3516,37.6228],[-108.3587,37.6181],[-108.3614,37.5996],[-108.3712,37.58],[-108.3667,37.5646],[-108.3521,37.5658],[-108.3523,37.5535],[-108.3402,37.55],[-108.3296,37.5544],[-108.3285,37.5604],[-108.3185,37.5644],[-108.3164,37.5751],[-108.3063,37.578],[-108.2958,37.5655],[-108.3036,37.5636],[-108.3021,37.5526],[-108.3094,37.5406],[-108.3046,37.5378],[-108.2923,37.5432],[-108.2834,37.5429],[-108.27,37.5302],[-108.2767,37.5209],[-108.2706,37.5157],[-108.2694,37.5075],[-108.264,37.5069],[-108.2683,37.4967],[-108.2586,37.4971],[-108.2614,37.4909],[-108.257,37.4849],[-108.2593,37.4764],[-108.2513,37.477],[-108.2455,37.4835],[-108.238,37.4825],[-108.23,37.486],[-108.2266,37.4759],[-108.2122,37.4762],[-108.2164,37.4656],[-108.2139,37.4625],[-108.2155,37.4528],[-108.2219,37.4437],[-108.2205,37.4387],[-108.2239,37.4316],[-108.2212,37.4269],[-108.2115,37.4259],[-108.2077,37.422],[-108.2164,37.4087],[-108.2137,37.4001],[-108.2193,37.3937],[-108.2193,37.3888],[-108.2079,37.3797],[-108.1931,37.382],[-108.1847,37.3798],[-108.1941,37.3739],[-108.1984,37.3653],[-108.2064,37.3594],[-108.1878,37.361],[-108.1689,37.3464],[-108.1506,37.347],[-108.1362,37.3434],[-108.1226,37.3452],[-108.1074,37.3545],[-108.0763,37.35],[-108.0739,37.3545],[-108.0561,37.3467],[-108.05,37.3474],[-108.0369,37.3323],[-108.0259,37.3283],[-107.9945,37.3431],[-107.9768,37.3389],[-107.9617,37.3575],[-107.9501,37.3559],[-107.9318,37.3419],[-107.9238,37.3414],[-107.9187,37.3784],[-107.9082,37.3776],[-107.8837,37.3681],[-107.8763,37.3704],[-107.8763,37.3783],[-107.8853,37.385],[-107.872,37.3913],[-107.8731,37.399],[-107.8667,37.4022],[-107.8649,37.4117],[-107.8706,37.4158],[-107.8697,37.4187],[-107.8565,37.4236],[-107.8487,37.4307],[-107.8475,37.4385],[-107.8522,37.4498],[-107.8453,37.4486],[-107.8402,37.4368],[-107.8366,37.4359],[-107.8121,37.4576],[-107.8169,37.4435],[-107.8252,37.4314],[-107.8379,37.4235],[-107.8259,37.4237],[-107.81,37.4299],[-107.8015,37.4529],[-107.7959,37.4586],[-107.79,37.4534],[-107.7914,37.4417],[-107.8126,37.4238],[-107.8316,37.3965],[-107.8257,37.3974],[-107.8348,37.3697],[-107.8354,37.3555],[-107.826,37.3416],[-107.8182,37.342],[-107.8113,37.3519],[-107.7827,37.3692],[-107.7727,37.3599],[-107.7616,37.3549],[-107.7343,37.3551],[-107.7244,37.3627],[-107.7026,37.3688],[-107.6785,37.3932],[-107.6729,37.3895],[-107.6672,37.3771],[-107.6648,37.3877],[-107.6606,37.3886],[-107.6601,37.3745],[-107.6671,37.3612],[-107.6471,37.3713],[-107.6249,37.3895],[-107.6131,37.3851],[-107.6038,37.3683],[-107.5875,37.3712],[-107.5737,37.3859],[-107.5741,37.3785],[-107.5698,37.3768],[-107.5723,37.3731],[-107.5943,37.3588],[-107.6108,37.3527],[-107.5788,37.3536],[-107.5592,37.3619],[-107.5297,37.3653],[-107.5133,37.3443],[-107.5013,37.3385],[-107.4964,37.3303],[-107.4867,37.3249],[-107.4856,37.318],[-107.479,37.3135],[-107.4609,37.3111],[-107.4401,37.2958],[-107.4202,37.2861],[-107.4076,37.2665],[-107.39,37.2525],[-107.3657,37.2433],[-107.3601,37.245],[-107.3557,37.25],[-107.3559,37.2563],[-107.361,37.2605],[-107.3671,37.2761],[-107.3591,37.2867],[-107.3474,37.2918],[-107.3365,37.2882],[-107.3313,37.2783],[-107.3295,37.2663],[-107.3324,37.2614],[-107.3292,37.2404],[-107.3198,37.2366],[-107.283,37.2418],[-107.2752,37.2391],[-107.2656,37.244],[-107.2575,37.2436],[-107.2406,37.2539],[-107.2313,37.2759],[-107.2119,37.3029],[-107.2253,37.3236],[-107.2322,37.3497],[-107.2519,37.3659],[-107.2456,37.3729],[-107.2301,37.3744],[-107.2227,37.3799],[-107.2085,37.4054],[-107.2015,37.4105],[-107.1858,37.413],[-107.1848,37.4176],[-107.1965,37.4158],[-107.1957,37.4269],[-107.2022,37.4263],[-107.202,37.4301],[-107.1982,37.4463],[-107.1761,37.477],[-107.1648,37.4651],[-107.1549,37.4648],[-107.1508,37.4568],[-107.1508,37.4458],[-107.1318,37.4398],[-107.1264,37.4152],[-107.1104,37.3999],[-107.1238,37.3594],[-107.1228,37.3474],[-107.1152,37.3267],[-107.1175,37.3172],[-107.115,37.3007],[-107.1015,37.2991],[-107.0895,37.3071],[-107.0807,37.3177],[-107.0717,37.3064],[-107.067,37.3051],[-107.058,37.3135],[-107.0407,37.3457],[-107.0224,37.3519],[-106.9988,37.3466],[-106.9886,37.3325],[-106.9821,37.3285],[-106.9586,37.3298],[-106.9158,37.3135],[-106.9078,37.3062],[-106.8792,37.2979],[-106.8766,37.2897],[-106.9017,37.2757],[-106.9119,37.2642],[-106.912,37.2582],[-106.8998,37.2381],[-106.8852,37.2407],[-106.8826,37.2386],[-106.8913,37.2254],[-106.8894,37.2069],[-106.8943,37.2002],[-106.894,37.195],[-106.8777,37.1873],[-106.8762,37.1753],[-106.8693,37.1665],[-106.8557,37.1714],[-106.8604,37.1602],[-106.8522,37.1531],[-106.8467,37.1393],[-106.8311,37.1179],[-106.817,37.1103],[-106.7895,37.1033],[-106.7774,37.0926],[-106.7697,37.0792],[-106.7588,37.072],[-106.7402,37.0674],[-106.7333,37.0612],[-106.7164,37.0561],[-106.7082,37.0546],[-106.7015,37.0578],[-106.7115,37.0386],[-106.6836,37.0335],[-106.6737,37.0159],[-106.6634,37.0119],[-106.6552,37.0002],[-106.6337,36.9906],[-106.6224,36.9905],[-106.6017,36.9736],[-106.5937,36.9624],[-106.5781,36.9585],[-106.5721,36.9515],[-106.5602,36.9534],[-106.5545,36.9495],[-106.5464,36.9551],[-106.5398,36.9524],[-106.5327,36.9558],[-106.5208,36.9545],[-106.5123,36.959],[-106.4916,36.9814],[-106.4878,36.981],[-106.4785,36.9671],[-106.4777,36.9572],[-106.4938,36.9539],[-106.4939,36.9486],[-106.4892,36.9435],[-106.4978,36.9387],[-106.4979,36.9341],[-106.505,36.9292],[-106.506,36.9238],[-106.5023,36.9192],[-106.5034,36.9093],[-106.5002,36.8989],[-106.4837,36.8877],[-106.481,36.8804],[-106.482,36.8766],[-106.501,36.8691],[-106.5016,36.8619],[-106.4889,36.8476],[-106.4757,36.8448],[-106.4682,36.8371],[-106.4683,36.8295],[-106.4827,36.8178],[-106.4828,36.8044],[-106.4608,36.7877],[-106.4459,36.7693],[-106.4357,36.7539],[-106.4344,36.7424],[-106.4052,36.7326],[-106.3832,36.7209],[-106.3885,36.7148],[-106.4116,36.7154],[-106.4301,36.7095],[-106.4454,36.6989],[-106.4517,36.6856],[-106.4456,36.6829],[-106.4332,36.687],[-106.3827,36.6849],[-106.3743,36.6795],[-106.3686,36.6489],[-106.3746,36.6218],[-106.3686,36.6084],[-106.3698,36.5885],[-106.387,36.5738],[-106.388,36.5692],[-106.3732,36.5461],[-106.3606,36.5399],[-106.3459,36.5477],[-106.3448,36.5538],[-106.3283,36.5575],[-106.3233,36.5765],[-106.3112,36.5615],[-106.2971,36.5629],[-106.2877,36.5574],[-106.282,36.56],[-106.2751,36.5496],[-106.2638,36.5503],[-106.2705,36.5416],[-106.2715,36.5347],[-106.2632,36.5235],[-106.2593,36.4986],[-106.2619,36.4887],[-106.27,36.4777],[-106.2702,36.4368],[-106.2666,36.4242],[-106.2624,36.4218],[-106.2543,36.4256],[-106.2485,36.4389],[-106.2428,36.4361],[-106.243,36.4289],[-106.2549,36.4168],[-106.2559,36.4122],[-106.2518,36.4045],[-106.2341,36.3936],[-106.2394,36.3911],[-106.2157,36.3655],[-106.2053,36.3658],[-106.2001,36.3703],[-106.2019,36.4032],[-106.1977,36.4008],[-106.1943,36.3826],[-106.187,36.3931],[-106.1813,36.3941],[-106.1575,36.4126],[-106.1416,36.4078],[-106.1309,36.3974],[-106.122,36.3953],[-106.1109,36.4113],[-106.0938,36.4198],[-106.0909,36.4274],[-106.0851,36.4316],[-106.0678,36.4245],[-106.0654,36.4283],[-106.0617,36.4271],[-106.0582,36.4102],[-106.0526,36.4044],[-106.0462,36.4219],[-106.0365,36.4367],[-106.0397,36.4436],[-106.0393,36.4658],[-106.0467,36.4747],[-106.0414,36.4811],[-106.0248,36.4885],[-106.0304,36.4932],[-106.0307,36.4989],[-106.0249,36.5084],[-106.028,36.5199],[-106.0199,36.5271],[-106.0157,36.5236],[-106.0181,36.4938],[-106.0097,36.4887],[-105.9995,36.4677],[-105.983,36.4569],[-105.9797,36.4615],[-105.9769,36.4549],[-105.9713,36.453],[-105.9742,36.4438],[-105.9709,36.4419],[-105.9643,36.4464],[-105.9628,36.4621],[-105.9496,36.4782],[-105.95,36.4847],[-105.958,36.4951],[-105.9518,36.5031],[-105.9518,36.5138],[-105.9475,36.5172],[-105.9544,36.551],[-105.9605,36.559],[-105.9619,36.5709],[-105.9713,36.584],[-105.9712,36.6119],[-105.9754,36.62],[-105.9744,36.6269],[-105.9531,36.6521],[-105.9512,36.6631],[-105.9544,36.68],[-105.969,36.695],[-105.9699,36.7004],[-105.9548,36.7041],[-105.9359,36.7021],[-105.9321,36.7048],[-105.9297,36.7163],[-105.9245,36.7204],[-105.9179,36.7196],[-105.9061,36.7104],[-105.9019,36.7108],[-105.8948,36.7165],[-105.8848,36.7183],[-105.8815,36.726],[-105.8739,36.7324],[-105.8762,36.737],[-105.8871,36.7417],[-105.9037,36.7318],[-105.9131,36.7334],[-105.9287,36.73],[-105.9358,36.732],[-105.9329,36.7404],[-105.9457,36.7363],[-105.9547,36.739],[-105.9646,36.7371],[-105.9707,36.7402],[-105.974,36.7475],[-105.9697,36.7563],[-105.9465,36.7631],[-105.9427,36.7665],[-105.9403,36.7814],[-105.9308,36.786],[-105.9308,36.7894],[-105.9393,36.7975],[-105.9506,36.7976],[-105.9577,36.8026],[-105.9577,36.8064],[-105.953,36.8094],[-105.9426,36.8094],[-105.9228,36.7901],[-105.9285,36.7783],[-105.9186,36.7702],[-105.8665,36.786],[-105.8571,36.7825],[-105.8444,36.7717],[-105.8359,36.7716],[-105.7875,36.7985],[-105.7771,36.7996],[-105.7471,36.7703],[-105.6972,36.8059],[-105.6862,36.8066],[-105.6816,36.7993],[-105.6827,36.7859],[-105.67,36.7709],[-105.6706,36.7613],[-105.6797,36.7442],[-105.6774,36.7392],[-105.6679,36.7364],[-105.6561,36.7409],[-105.6541,36.7497],[-105.6384,36.7661],[-105.6294,36.766],[-105.613,36.7528],[-105.6107,36.7455],[-105.6032,36.7432],[-105.5938,36.7328],[-105.5858,36.7327],[-105.5786,36.7384],[-105.5721,36.7284],[-105.5731,36.7238],[-105.5676,36.7104],[-105.561,36.708],[-105.5724,36.6989],[-105.5767,36.6901],[-105.5764,36.6733],[-105.5855,36.6577],[-105.5842,36.6492],[-105.5918,36.6428],[-105.5985,36.6306],[-105.5997,36.6042],[-105.5932,36.5953],[-105.5849,36.5692],[-105.5676,36.5511],[-105.5701,36.5381],[-105.5669,36.535],[-105.5414,36.5363],[-105.5293,36.5255],[-105.5142,36.525],[-105.5166,36.517],[-105.5148,36.5116],[-105.5371,36.4915],[-105.5384,36.5011],[-105.535,36.5144],[-105.5406,36.5202],[-105.5491,36.5195],[-105.5724,36.4983],[-105.572,36.4918],[-105.5654,36.4856],[-105.5537,36.4863],[-105.5595,36.4706],[-105.5586,36.4649],[-105.5465,36.4514],[-105.5296,36.4428],[-105.5282,36.439],[-105.5652,36.4037],[-105.5759,36.3705],[-105.5924,36.3599],[-105.6093,36.3439],[-105.611,36.337],[-105.6166,36.3325],[-105.6335,36.3345],[-105.643,36.3304],[-105.6514,36.3327],[-105.6604,36.3271],[-105.6853,36.3246],[-105.707,36.3136],[-105.723,36.311],[-105.7381,36.3016],[-105.7452,36.2901],[-105.7579,36.2795],[-105.7702,36.2739],[-105.7779,36.2493],[-105.7835,36.241],[-105.7723,36.2336],[-105.7719,36.2244],[-105.7644,36.2232],[-105.7061,36.1792],[-105.688,36.1527],[-105.6862,36.1458],[-105.6905,36.1339],[-105.7191,36.1268],[-105.7294,36.1319],[-105.735,36.1304],[-105.7472,36.1373],[-105.7584,36.1332],[-105.7609,36.1214],[-105.7707,36.1187],[-105.7806,36.1107],[-105.7821,36.0993],[-105.8041,36.0891],[-105.8009,36.0818],[-105.8089,36.0764],[-105.8104,36.0676],[-105.8057,36.0577],[-105.8142,36.0466],[-105.8124,36.0409],[-105.8302,36.0348],[-105.8434,36.0177],[-105.8668,36.0101],[-105.8748,36.0006],[-105.8923,35.9882],[-105.8955,35.9836],[-105.8947,35.9545],[-105.8979,35.9472],[-105.9017,35.9506],[-105.9076,35.9762],[-105.9118,35.9777],[-105.916,35.9727],[-105.9038,35.9314],[-105.9117,35.9322],[-105.914,35.9275],[-105.9026,35.9146],[-105.9052,35.8928],[-105.8916,35.8875],[-105.8952,35.8764],[-105.8934,35.8473],[-105.902,35.8247],[-105.9008,35.7967],[-105.9196,35.7755],[-105.9326,35.7678],[-105.9343,35.7555],[-105.9276,35.7376],[-105.912,35.7235],[-105.9137,35.7128],[-105.8988,35.7091],[-105.8968,35.7018],[-105.9009,35.6922],[-105.8984,35.6777],[-105.9128,35.6703],[-105.9043,35.6624],[-105.9163,35.6515],[-105.9184,35.6358],[-105.9239,35.6274],[-105.921,35.6201],[-105.9298,35.612],[-105.9305,35.599],[-105.9157,35.5662],[-105.8993,35.5579],[-105.8931,35.5476],[-105.8875,35.5488],[-105.8796,35.545],[-105.8696,35.5302],[-105.8695,35.5164],[-105.8634,35.5126],[-105.8642,35.5015],[-105.8761,35.4834],[-105.8894,35.473],[-105.8931,35.4642],[-105.8916,35.4592],[-105.8822,35.4524],[-105.8817,35.4459],[-105.8701,35.4467],[-105.8783,35.4348],[-105.869,35.4337],[-105.8675,35.431],[-105.874,35.4264],[-105.8772,35.4176],[-105.8683,35.4199],[-105.8655,35.418],[-105.8658,35.4016],[-105.8601,35.3905],[-105.8604,35.3802],[-105.8734,35.3751],[-105.8701,35.3709],[-105.877,35.3678],[-105.8797,35.3529],[-105.8967,35.3401],[-105.9017,35.332],[-105.8972,35.3064],[-105.905,35.2914],[-105.9044,35.2868],[-105.8915,35.2567],[-105.9036,35.2574],[-105.9077,35.2478],[-105.9389,35.2594],[-105.9645,35.2615],[-105.9819,35.2763],[-106.0385,35.3109],[-106.0556,35.2935],[-106.0591,35.2779],[-106.0775,35.2831],[-106.0806,35.2946],[-106.0638,35.2998],[-106.0609,35.3081],[-106.0758,35.3045],[-106.1076,35.3191],[-106.0946,35.3189],[-106.0885,35.323],[-106.0902,35.3276],[-106.1004,35.3331],[-106.0983,35.3453],[-106.1038,35.3519],[-106.1108,35.3486],[-106.1129,35.334],[-106.1194,35.3299],[-106.1249,35.3342],[-106.1234,35.3456],[-106.1316,35.35],[-106.1249,35.3648],[-106.1354,35.3741],[-106.1338,35.386],[-106.143,35.3918],[-106.141,35.4013],[-106.1641,35.4112],[-106.1888,35.4073],[-106.2102,35.4362],[-106.2077,35.4423],[-106.2106,35.4657],[-106.2082,35.4744],[-106.2079,35.5226],[-106.2249,35.5351],[-106.2513,35.5151],[-106.2482,35.5059],[-106.2529,35.4975],[-106.2485,35.4829],[-106.2485,35.4504],[-106.2427,35.4339],[-106.2489,35.3941],[-106.2427,35.3738],[-106.2536,35.3292],[-106.2519,35.3203],[-106.2414,35.3034],[-106.2406,35.2953],[-106.2463,35.2571],[-106.2448,35.2361],[-106.2502,35.217],[-106.2562,35.2148],[-106.2678,35.2164],[-106.2758,35.2096],[-106.2839,35.1936],[-106.2941,35.1888],[-106.3052,35.1885],[-106.3093,35.2004],[-106.3077,35.21],[-106.296,35.2202],[-106.2954,35.2286],[-106.305,35.2356],[-106.324,35.2373],[-106.3273,35.2331],[-106.3266,35.2182],[-106.3364,35.2149],[-106.3428,35.2199],[-106.3477,35.2349],[-106.3813,35.2532],[-106.3788,35.2696],[-106.3855,35.2819],[-106.3834,35.3029],[-106.3967,35.3188],[-106.4041,35.3154],[-106.4104,35.2982],[-106.4108,35.2661],[-106.4214,35.2735],[-106.4323,35.2908],[-106.4392,35.2943],[-106.4467,35.286],[-106.478,35.2717],[-106.4891,35.2726],[-106.5031,35.2612],[-106.5083,35.2536],[-106.5108,35.2406],[-106.5091,35.2253],[-106.5064,35.2222],[-106.4846,35.2178],[-106.4793,35.2002],[-106.4684,35.1806],[-106.4518,35.1724],[-106.4608,35.1595],[-106.4553,35.1514],[-106.4674,35.1484],[-106.4781,35.1416],[-106.4853,35.1249],[-106.4836,35.0709],[-106.4902,35.0637],[-106.4882,35.0361],[-106.4964,35.0083],[-106.4899,35.0055],[-106.4778,35.0127],[-106.47,35.0115],[-106.4675,34.9833],[-106.4588,34.9687],[-106.4616,34.9553],[-106.4533,34.95],[-106.4514,34.945],[-106.4565,34.9381],[-106.4547,34.93],[-106.4262,34.91],[-106.4294,34.8943],[-106.4271,34.8863],[-106.4027,34.8774],[-106.4156,34.8694],[-106.4249,34.8307],[-106.4374,34.8154],[-106.4374,34.8108],[-106.448,34.8039],[-106.4642,34.7852],[-106.4637,34.7699],[-106.4527,34.7533],[-106.4642,34.7304],[-106.4638,34.7235],[-106.4523,34.7016],[-106.4533,34.6955],[-106.4625,34.6863],[-106.4772,34.6794],[-106.4892,34.6622],[-106.5099,34.6458],[-106.5159,34.6374],[-106.5164,34.6205],[-106.5044,34.6056],[-106.4967,34.5779],[-106.5004,34.5588],[-106.4995,34.5231],[-106.5027,34.5059],[-106.4972,34.4894],[-106.4798,34.4859],[-106.4826,34.4733],[-106.4922,34.4652],[-106.5083,34.4615],[-106.517,34.4419],[-106.523,34.4358],[-106.5574,34.4125],[-106.5707,34.3926],[-106.5941,34.3716],[-106.6019,34.3574],[-106.6152,34.3463],[-106.6349,34.3165],[-106.6386,34.2996],[-106.6445,34.2885],[-106.6679,34.2725],[-106.6716,34.2667],[-106.6652,34.264],[-106.6441,34.2686],[-106.6377,34.2613],[-106.6418,34.251],[-106.6102,34.2528],[-106.6052,34.2497],[-106.6134,34.2398],[-106.6451,34.2237],[-106.6345,34.1797],[-106.6363,34.1735],[-106.6244,34.1701],[-106.6006,34.1765],[-106.5933,34.175],[-106.5897,34.1708],[-106.5796,34.15],[-106.5778,34.1152],[-106.5673,34.1082],[-106.5682,34.1006],[-106.5563,34.091],[-106.5541,34.071],[-106.5622,34.0601],[-106.534,34.0687],[-106.5248,34.0675],[-106.5242,34.0713],[-106.5099,34.0769],[-106.5047,34.0743],[-106.4817,34.0991],[-106.4496,34.1084],[-106.4521,34.1029],[-106.4503,34.0995],[-106.4375,34.0967],[-106.4375,34.081],[-106.4343,34.0783],[-106.4256,34.0787],[-106.4119,34.0924],[-106.4073,34.0913],[-106.4064,34.0732],[-106.3927,34.0693],[-106.3987,34.0594],[-106.3969,34.0552],[-106.3694,34.0639],[-106.3607,34.0773],[-106.352,34.0837],[-106.3497,34.0784],[-106.353,34.0646],[-106.35,34.0071],[-106.3536,34.0001],[-106.3493,33.9949],[-106.3642,33.936],[-106.3606,33.9321],[-106.3526,33.9037],[-106.3556,33.8957],[-106.3554,33.8723],[-106.3759,33.8364],[-106.3784,33.8188],[-106.3844,33.8146],[-106.3935,33.817],[-106.3896,33.8009],[-106.3949,33.7737],[-106.3951,33.7585],[-106.3628,33.7138],[-106.3578,33.7185],[-106.3447,33.7142],[-106.3351,33.7191],[-106.3178,33.7197],[-106.2911,33.7071],[-106.2759,33.6928],[-106.2493,33.6783],[-106.2316,33.6774],[-106.2246,33.6888],[-106.2254,33.6965],[-106.236,33.7131],[-106.2447,33.745],[-106.2405,33.7507],[-106.2314,33.7502],[-106.1923,33.7199],[-106.1679,33.6502],[-106.1617,33.6406],[-106.1531,33.637],[-106.1426,33.6419],[-106.1271,33.6697],[-106.1142,33.6811],[-106.092,33.6812],[-106.0878,33.685],[-106.0785,33.6983],[-106.0695,33.7216],[-106.0384,33.7573],[-106.0256,33.7602],[-106.013,33.7547],[-106.0024,33.7603],[-105.9962,33.76],[-105.9921,33.757],[-105.9898,33.7485],[-105.9675,33.7363],[-105.9634,33.7309],[-105.9693,33.706],[-105.9848,33.6754],[-105.9807,33.6612],[-105.9688,33.6731],[-105.9566,33.7037],[-105.9329,33.7366],[-105.9252,33.758],[-105.9275,33.7775],[-105.9379,33.7871],[-105.9375,33.8025],[-105.9461,33.817],[-105.9398,33.8201],[-105.9243,33.8181],[-105.9097,33.8277],[-105.8946,33.8238],[-105.8773,33.8031],[-105.8714,33.7717],[-105.86,33.7648],[-105.8578,33.759],[-105.8751,33.7369],[-105.8774,33.7078],[-105.9206,33.6795],[-105.9261,33.6665],[-105.9406,33.6531],[-105.9456,33.6371],[-105.9829,33.6253],[-105.9779,33.6172],[-105.9838,33.5889],[-105.9824,33.5801],[-105.9674,33.5743],[-105.9692,33.5621],[-105.9906,33.5361],[-105.9942,33.5116],[-106.0132,33.5041],[-106.023,33.5096],[-106.0354,33.504],[-106.041,33.4952],[-106.0389,33.4845],[-106.0151,33.4696],[-106.0099,33.4572],[-106.0338,33.3842],[-106.0193,33.3825],[-106.0167,33.3768],[-106.0041,33.3708],[-105.999,33.3617],[-105.9854,33.3615],[-105.9691,33.3668],[-105.961,33.3649],[-105.9519,33.358],[-105.9324,33.3307],[-105.9315,33.3246],[-105.9442,33.3139],[-105.9573,33.2822],[-105.9632,33.2761],[-105.9605,33.2718],[-105.9496,33.273],[-105.9437,33.2699],[-105.9482,33.2584],[-105.9387,33.2534],[-105.9419,33.2427],[-105.9374,33.2385],[-105.9365,33.2182],[-105.9265,33.2136],[-105.9075,33.212],[-105.9021,33.2062],[-105.8804,33.2039],[-105.8663,33.1989],[-105.8555,33.1931],[-105.8532,33.1881],[-105.8758,33.1916],[-105.9075,33.1699],[-105.9044,33.1622],[-105.8795,33.1564],[-105.8745,33.1418],[-105.8813,33.1334],[-105.8831,33.1104],[-105.8886,33.0948],[-105.8845,33.0657],[-105.894,33.0584],[-105.8917,33.055],[-105.8868,33.0557],[-105.8863,33.0496],[-105.8804,33.0488],[-105.875,33.043],[-105.8805,33.0281],[-105.88,33.0197],[-105.889,33.0121],[-105.8913,33.0001],[-105.8835,32.9925],[-105.9069,32.9859],[-105.9327,32.9861],[-105.9429,32.9715],[-105.9481,32.9577],[-105.9479,32.9401],[-105.9379,32.9321],[-105.9296,32.92],[-105.9334,32.8951],[-105.937,32.8894],[-105.9567,32.8816],[-105.953,32.8705],[-105.9614,32.8621],[-105.9622,32.8529],[-105.968,32.8452],[-105.9675,32.8383],[-105.9588,32.83],[-105.9596,32.786],[-105.9541,32.7758],[-105.9414,32.7716],[-105.9444,32.7552],[-105.9388,32.7357],[-105.9328,32.7278],[-105.9179,32.7206],[-105.9214,32.7141],[-105.92,32.708],[-105.8996,32.6959],[-105.8985,32.6779],[-105.9083,32.6679],[-105.9073,32.6622],[-105.8915,32.6539],[-105.8879,32.6483],[-105.8581,32.648],[-105.8423,32.6363],[-105.8463,32.6317],[-105.8431,32.6237],[-105.8488,32.619],[-105.8465,32.611],[-105.8383,32.6019],[-105.8443,32.5958],[-105.7785,32.5475],[-105.7766,32.5423],[-105.751,32.5432],[-105.7104,32.5266],[-105.7006,32.5335],[-105.6844,32.5256],[-105.6318,32.5224],[-105.6206,32.5278],[-105.6189,32.5389],[-105.6108,32.5412],[-105.61,32.5492],[-105.6064,32.5519],[-105.5987,32.5439],[-105.5897,32.5424],[-105.577,32.5287],[-105.5558,32.5192],[-105.5415,32.5216],[-105.5356,32.5193],[-105.5202,32.4968],[-105.5018,32.4908],[-105.4759,32.453],[-105.4696,32.4481],[-105.4579,32.447],[-105.4517,32.4497],[-105.4576,32.46],[-105.4545,32.4692],[-105.4554,32.4798],[-105.4469,32.486],[-105.4465,32.4898],[-105.4758,32.5107],[-105.4638,32.5169],[-105.4368,32.5204],[-105.4212,32.5327],[-105.4149,32.5316],[-105.4085,32.5213],[-105.3736,32.534],[-105.3443,32.5264],[-105.3362,32.5111],[-105.3167,32.4867],[-105.3082,32.481],[-105.3005,32.4814],[-105.2813,32.4936],[-105.2477,32.5266],[-105.2163,32.5296],[-105.1997,32.527],[-105.1678,32.5279],[-105.1618,32.5249],[-105.1462,32.4869],[-105.1396,32.4443],[-105.1311,32.42],[-105.1317,32.3931],[-105.1257,32.3743],[-105.1197,32.3688],[-105.1054,32.3657],[-105.0875,32.3713],[-105.0707,32.3719],[-105.0677,32.3658],[-105.0767,32.3582],[-105.0743,32.3546],[-105.0606,32.3546],[-105.0641,32.3298],[-105.0617,32.3257],[-105.042,32.3029],[-105.0259,32.2994],[-105.0271,32.2892],[-105.0158,32.2928],[-105.0169,32.2821],[-105.0146,32.2786],[-104.9841,32.2933],[-104.9805,32.2978],[-104.9949,32.3207],[-104.9866,32.3284],[-104.9816,32.3279],[-104.9525,32.3038],[-104.9233,32.2851],[-104.8973,32.2434],[-104.8879,32.2189],[-104.8857,32.1929],[-104.8888,32.1704],[-104.8548,32.1344],[-104.8459,32.134],[-104.8401,32.1298],[-104.8365,32.1198],[-104.8307,32.1164],[-104.8267,32.0854],[-104.8205,32.0705],[-104.8196,32.0594],[-104.8343,32.0258],[-104.8376,31.9832],[-104.8484,31.9676],[-104.8635,31.963],[-104.8685,31.9578],[-104.8857,31.9579],[-104.8901,31.9548],[-104.8937,31.9396],[-104.8907,31.9237],[-104.8916,31.898],[-104.8871,31.8944],[-104.8753,31.8934],[-104.8644,31.8797],[-104.8621,31.8711],[-104.8547,31.8706],[-104.848,31.8748],[-104.836,31.8864],[-104.8317,31.8982],[-104.8216,31.9013],[-104.7771,31.9406],[-104.7704,31.9515],[-104.769,31.9656],[-104.7562,31.9976],[-104.7585,32.0176],[-104.7513,32.0202],[-104.7312,32.0153],[-104.7316,32.0199],[-104.7276,32.0237],[-104.7003,32.0332],[-104.6833,32.0453],[-104.6439,32.0827],[-104.6255,32.0952],[-104.6201,32.107],[-104.6152,32.1108],[-104.6027,32.1108],[-104.5906,32.1153],[-104.5722,32.1145],[-104.4991,32.1601],[-104.4614,32.1699],[-104.4301,32.1711],[-104.3971,32.1818],[-104.3737,32.193],[-104.3327,32.2194],[-104.3202,32.2299],[-104.3201,32.2481],[-104.3275,32.2719],[-104.3489,32.2976],[-104.356,32.3095],[-104.3573,32.3187],[-104.3536,32.3267],[-104.3406,32.34],[-104.3382,32.3617],[-104.3296,32.367],[-104.314,32.3658],[-104.2906,32.3745],[-104.2807,32.3828],[-104.2793,32.3881],[-104.2859,32.3996],[-104.315,32.4086],[-104.3217,32.4152],[-104.3203,32.4247],[-104.3347,32.4259],[-104.3521,32.4379],[-104.3539,32.4429],[-104.3466,32.4497],[-104.3309,32.4492],[-104.3147,32.4552],[-104.3085,32.4537],[-104.2772,32.4302],[-104.2709,32.4301],[-104.2682,32.4347],[-104.2815,32.46],[-104.2907,32.4887],[-104.2978,32.4913],[-104.3627,32.5499],[-104.3653,32.556],[-104.3872,32.5668],[-104.3949,32.5627],[-104.4034,32.5673],[-104.4241,32.5693],[-104.4263,32.5755],[-104.4344,32.5786],[-104.4475,32.5603],[-104.4633,32.5562],[-104.4668,32.5619],[-104.4632,32.5699],[-104.4735,32.5768],[-104.4667,32.5898],[-104.4752,32.599],[-104.4733,32.6154],[-104.4819,32.6178],[-104.4904,32.6086],[-104.4994,32.6171],[-104.5061,32.6183],[-104.5247,32.5855],[-104.5256,32.5778],[-104.5171,32.5786],[-104.5018,32.593],[-104.4932,32.593],[-104.4879,32.5853],[-104.5245,32.5404],[-104.5695,32.5069],[-104.5816,32.5051],[-104.6086,32.5102],[-104.6139,32.5209],[-104.631,32.532],[-104.626,32.5503],[-104.6066,32.5671],[-104.5894,32.5926],[-104.5866,32.6205],[-104.5893,32.6236],[-104.6041,32.6263],[-104.6086,32.6424],[-104.6162,32.6447],[-104.6347,32.6386],[-104.6491,32.6456],[-104.6828,32.6327],[-104.7022,32.6194],[-104.7203,32.5762],[-104.7446,32.5446],[-104.7437,32.5362],[-104.7473,32.5278],[-104.7595,32.5213],[-104.7689,32.5252],[-104.7693,32.5328],[-104.7482,32.5599],[-104.7378,32.5793],[-104.7301,32.6023],[-104.7346,32.6202],[-104.7242,32.6393],[-104.7287,32.6519],[-104.739,32.6562],[-104.7521,32.6547],[-104.807,32.6242],[-104.8187,32.6246],[-104.8245,32.6288],[-104.8227,32.638],[-104.8015,32.654],[-104.802,32.6586],[-104.8173,32.6617],[-104.8173,32.6701],[-104.8105,32.6808],[-104.8024,32.6785],[-104.7849,32.6635],[-104.7705,32.6635],[-104.7628,32.6715],[-104.7714,32.6769],[-104.7705,32.6849],[-104.7803,32.6949],[-104.7799,32.7052],[-104.7826,32.7071],[-104.8163,32.6896],[-104.829,32.6911],[-104.8258,32.6988],[-104.8186,32.7041],[-104.7902,32.7144],[-104.8069,32.7213],[-104.8285,32.7175],[-104.8298,32.7259],[-104.8231,32.7316],[-104.7821,32.7392],[-104.778,32.743],[-104.774,32.7564],[-104.7744,32.7674],[-104.7807,32.7709],[-104.7933,32.7694],[-104.8289,32.7469],[-104.8375,32.7504],[-104.837,32.7595],[-104.8176,32.7763],[-104.7951,32.777],[-104.7721,32.7827],[-104.7676,32.7888],[-104.7752,32.7988],[-104.7924,32.7977],[-104.8036,32.8118],[-104.818,32.8203],[-104.8473,32.818],[-104.8622,32.8288],[-104.8915,32.8315],[-104.8928,32.8361],[-104.8874,32.8399],[-104.8721,32.8441],[-104.8496,32.8589],[-104.8432,32.8608],[-104.8279,32.8577],[-104.8045,32.8699],[-104.8031,32.8756],[-104.8103,32.8845],[-104.8419,32.8868],[-104.8532,32.8945],[-104.8667,32.8953],[-104.8761,32.9052],[-104.8942,32.9083],[-104.8973,32.9117],[-104.8964,32.9163],[-104.8829,32.9178],[-104.8644,32.914],[-104.85,32.9044],[-104.8103,32.8994],[-104.7977,32.9062],[-104.7764,32.9104],[-104.7692,32.9283],[-104.7579,32.9371],[-104.7584,32.9416],[-104.7638,32.9447],[-104.7886,32.9459],[-104.7917,32.9486],[-104.7908,32.9566],[-104.7786,32.9642],[-104.6707,32.9639],[-104.649,32.9765],[-104.6314,32.9795],[-104.6134,32.9729],[-104.6044,32.9733],[-104.5971,32.9816],[-104.5959,33.0076],[-104.5927,33.0095],[-104.5838,33.0063],[-104.5786,32.9927],[-104.5722,32.9896],[-104.5641,32.9957],[-104.5602,33.0098],[-104.5566,33.0113],[-104.5519,33.0001],[-104.5555,32.9968],[-104.5564,32.9895],[-104.5524,32.9849],[-104.5492,32.9837],[-104.5406,32.9902],[-104.5258,32.981],[-104.519,32.9886],[-104.5316,32.9959],[-104.5282,33.0051],[-104.5237,33.0078],[-104.4916,33.0096],[-104.5086,33.0164],[-104.5401,33.0548],[-104.5549,33.0634],[-104.5994,33.0736],[-104.6117,33.0703],[-104.6243,33.0712],[-104.6484,33.062],[-104.6909,33.0594],[-104.6926,33.0656],[-104.6899,33.0702],[-104.6639,33.0825],[-104.6522,33.082],[-104.6573,33.0747],[-104.6533,33.0697],[-104.6396,33.0764],[-104.6247,33.0774],[-104.6196,33.0854],[-104.6236,33.0897],[-104.643,33.0922],[-104.647,33.0961],[-104.6461,33.0995],[-104.651,33.1019],[-104.6985,33.0994],[-104.7066,33.1041],[-104.7052,33.1079],[-104.6906,33.1116],[-104.6942,33.1174],[-104.6819,33.123],[-104.6832,33.1288],[-104.6962,33.1362],[-104.7179,33.138],[-104.7386,33.1452],[-104.7452,33.1529],[-104.7394,33.1556],[-104.73,33.1702],[-104.7309,33.1773],[-104.701,33.1792],[-104.6959,33.1853],[-104.7225,33.1975],[-104.7217,33.2021],[-104.7308,33.2125],[-104.7381,33.213],[-104.7385,33.2184],[-104.7199,33.222],[-104.7038,33.2391],[-104.6581,33.2358],[-104.654,33.2381],[-104.6544,33.2411],[-104.6665,33.2524],[-104.6935,33.2593],[-104.6953,33.2643],[-104.6929,33.2681],[-104.7426,33.2767],[-104.7808,33.2699],[-104.7848,33.2423],[-104.7889,33.2382],[-104.7982,33.2555],[-104.8099,33.2587],[-104.8085,33.2645],[-104.7957,33.2727],[-104.7958,33.2981],[-104.8359,33.3161],[-104.8245,33.3199],[-104.8047,33.3154],[-104.7656,33.2847],[-104.7602,33.2838],[-104.7561,33.2869],[-104.7605,33.2988],[-104.8152,33.3389],[-104.8296,33.3456],[-104.8504,33.3535],[-104.8809,33.3469],[-104.8819,33.3513],[-104.894,33.3508],[-104.8959,33.3739],[-104.8917,33.39],[-104.8848,33.3964],[-104.8698,33.4024],[-104.848,33.4037],[-104.8218,33.4249],[-104.8065,33.4216],[-104.8005,33.425],[-104.7995,33.4311],[-104.8058,33.4354],[-104.8601,33.4498],[-104.8541,33.4582],[-104.8034,33.4461],[-104.7714,33.4331],[-104.7631,33.4376],[-104.7622,33.443],[-104.7666,33.4496],[-104.7757,33.4516],[-104.7756,33.4566],[-104.7287,33.4706],[-104.7436,33.4071],[-104.7297,33.3951],[-104.7153,33.3899],[-104.7026,33.3901],[-104.6911,33.3954],[-104.6595,33.4222],[-104.6471,33.4263],[-104.6439,33.4297],[-104.6457,33.4312],[-104.6589,33.4318],[-104.6597,33.4371],[-104.6519,33.4405],[-104.6379,33.4403],[-104.6286,33.4498],[-104.6227,33.4505],[-104.6204,33.4524],[-104.6222,33.4589],[-104.6162,33.465],[-104.6215,33.4704],[-104.6206,33.475],[-104.6124,33.4726],[-104.6106,33.4749],[-104.6182,33.4838],[-104.6481,33.4853],[-104.6589,33.4889],[-104.6288,33.5023],[-104.6177,33.5125],[-104.616,33.5336],[-104.6287,33.5403],[-104.6263,33.5476],[-104.6435,33.5489],[-104.6443,33.5543],[-104.6343,33.5576],[-104.6175,33.5547],[-104.6001,33.566],[-104.5907,33.5831],[-104.5906,33.592],[-104.6016,33.6136],[-104.6015,33.6216],[-104.5918,33.6322],[-104.5763,33.6324],[-104.5666,33.6442],[-104.5893,33.6498],[-104.5919,33.6553],[-104.5886,33.6606],[-104.61,33.6628],[-104.6172,33.669],[-104.6225,33.6802],[-104.6341,33.6895],[-104.6345,33.6983],[-104.6264,33.719],[-104.6272,33.7255],[-104.6335,33.7359],[-104.6447,33.746],[-104.6451,33.7518],[-104.635,33.7578],[-104.6217,33.7607],[-104.6149,33.7568],[-104.6096,33.7479],[-104.6018,33.7489],[-104.5911,33.7396],[-104.5344,33.7496],[-104.5032,33.7377],[-104.495,33.7376],[-104.4854,33.7428],[-104.4774,33.7577],[-104.4444,33.7687],[-104.4379,33.7729],[-104.4379,33.7763],[-104.3546,33.7845],[-104.3428,33.7953],[-104.3322,33.7986],[-104.316,33.8137],[-104.3086,33.8166],[-104.3049,33.8461],[-104.2892,33.8793],[-104.2827,33.9114],[-104.2763,33.9132],[-104.269,33.91],[-104.2676,33.8908],[-104.2732,33.8598],[-104.2831,33.8397],[-104.2732,33.8357],[-104.2711,33.8257],[-104.2854,33.7914],[-104.2856,33.7806],[-104.2708,33.7727],[-104.243,33.7715],[-104.2302,33.7756],[-104.2056,33.794],[-104.1993,33.7946],[-104.1966,33.7923],[-104.2014,33.7805],[-104.1878,33.7745],[-104.1899,33.7634],[-104.1822,33.7568],[-104.1892,33.7504],[-104.2089,33.7442],[-104.2237,33.734],[-104.2233,33.729],[-104.2162,33.7201],[-104.2304,33.6954],[-104.2377,33.669],[-104.2272,33.6478],[-104.2274,33.6355],[-104.2327,33.6245],[-104.2525,33.6075],[-104.2517,33.604],[-104.2382,33.5962],[-104.2365,33.5911],[-104.2403,33.5847],[-104.2356,33.5658],[-104.2426,33.5606],[-104.2613,33.5566],[-104.2682,33.5521],[-104.2719,33.5211],[-104.1975,33.5188],[-104.1766,33.5208],[-104.1704,33.5126],[-104.1664,33.4845],[-104.1593,33.4787],[-104.1466,33.4758],[-104.1385,33.4749],[-104.1292,33.4808],[-104.1165,33.481],[-104.1122,33.4913],[-104.1054,33.4923],[-104.102,33.4835],[-104.0868,33.4686],[-104.1015,33.4401],[-104.0963,33.43],[-104.1152,33.4139],[-104.1167,33.4085],[-104.1131,33.405],[-104.0972,33.4059],[-104.0878,33.4007],[-104.0778,33.4044],[-104.071,33.4001],[-104.0592,33.4037],[-104.0515,33.4013],[-104.037,33.4033],[-104.0347,33.4017],[-104.0367,33.3929],[-104.0218,33.3892],[-103.9977,33.3889],[-103.9749,33.395],[-103.9645,33.3938],[-103.9877,33.3584],[-103.9972,33.3305],[-104.0103,33.3169],[-104.0454,33.2653],[-104.0563,33.2413],[-104.0639,33.2039],[-104.1098,33.1529],[-104.1153,33.128],[-104.1033,33.1167],[-104.0766,33.117],[-104.0242,33.1368],[-104.0157,33.1324],[-104.0272,33.1215],[-104.0255,33.1176],[-104.0118,33.1243],[-103.991,33.1474],[-103.9801,33.1508],[-103.9674,33.1458],[-103.9566,33.1248],[-103.9557,33.0916],[-103.968,33.0371],[-103.9684,33.0168],[-103.9621,33.01],[-103.9352,32.9956],[-103.8794,32.9867],[-103.8679,32.979],[-103.8589,32.9644],[-103.8584,32.953],[-103.8679,32.9411],[-103.8689,32.9358],[-103.8647,32.9294],[-103.87,32.915],[-103.8536,32.883],[-103.8479,32.8784],[-103.8394,32.876],[-103.8252,32.8796],[-103.8057,32.8769],[-103.7984,32.8805],[-103.7905,32.8795],[-103.7484,32.8523],[-103.7363,32.8541],[-103.7284,32.8459],[-103.7089,32.84],[-103.7073,32.8268],[-103.6957,32.8283],[-103.6952,32.8201],[-103.6847,32.8087],[-103.6489,32.7892],[-103.6478,32.7817],[-103.6383,32.7711],[-103.6168,32.7619],[-103.6004,32.7348],[-103.5831,32.7264],[-103.5594,32.6868],[-103.5436,32.673],[-103.5104,32.661],[-103.5088,32.667],[-103.5178,32.6784],[-103.5183,32.6845],[-103.5136,32.6884],[-103.492,32.6864],[-103.4783,32.6797],[-103.472,32.6715],[-103.4646,32.6693],[-103.4562,32.6608],[-103.4372,32.6627],[-103.4214,32.657],[-103.3993,32.6585],[-103.3862,32.6557],[-103.3725,32.6443],[-103.3693,32.6339],[-103.3641,32.6297],[-103.3509,32.634],[-103.3346,32.6348],[-103.3172,32.6512],[-103.3077,32.6527],[-103.302,32.6473],[-103.3009,32.6356],[-103.2704,32.6138],[-103.2161,32.6075],[-103.204,32.6157],[-103.2025,32.6282],[-103.1972,32.6358],[-103.1767,32.6486],[-103.1661,32.6415],[-103.1519,32.619],[-103.1331,32.605],[-103.1205,32.6042],[-103.1164,32.6063],[-103.1161,32.6186],[-103.1098,32.6225],[-103.1097,32.6264],[-103.1241,32.6319],[-103.1286,32.6421],[-103.1517,32.6525],[-103.1536,32.66],[-103.147,32.677],[-103.1813,32.7016],[-103.1878,32.7158],[-103.1886,32.7267],[-103.1854,32.7315],[-103.1791,32.7323],[-103.1498,32.7174],[-103.1436,32.7177],[-103.1257,32.7311],[-103.112,32.7298],[-103.1122,32.7208],[-103.1048,32.7156],[-103.0778,32.706],[-103.0648,32.6981],[-103.0546,32.6703],[-103.0456,32.6565],[-103.0321,32.642],[-103.0158,32.6326],[-103.0134,32.6229],[-103.0165,32.6015],[-103.0145,32.5973],[-102.9781,32.5747],[-102.9446,32.538],[-102.9434,32.5317],[-102.9528,32.5173],[-102.9605,32.5128],[-102.9779,32.5117],[-102.979,32.5066],[-102.9667,32.5],[-102.9453,32.5011],[-102.9233,32.4914],[-102.8692,32.5165],[-102.8607,32.5174],[-102.8319,32.5053],[-102.803,32.4859],[-102.7822,32.4788],[-102.6995,32.4644],[-102.6737,32.4661],[-102.6413,32.4538],[-102.6314,32.4533],[-102.6123,32.4639],[-102.5971,32.4665],[-102.5514,32.4491],[-102.5253,32.458],[-102.4553,32.4514],[-102.4128,32.4533],[-102.3627,32.4411],[-102.3464,32.4419],[-102.3346,32.4378],[-102.3376,32.4263],[-102.3485,32.4161],[-102.3717,32.4209],[-102.3891,32.4135],[-102.4108,32.4136],[-102.4489,32.4024],[-102.4833,32.4105],[-102.487,32.4153],[-102.4868,32.4248],[-102.496,32.4299],[-102.5265,32.4393],[-102.5406,32.4397],[-102.5449,32.4349],[-102.531,32.4313],[-102.5194,32.4229],[-102.5149,32.4179],[-102.5156,32.4128],[-102.5485,32.4057],[-102.5656,32.3788],[-102.5871,32.3768],[-102.6021,32.3714],[-102.6103,32.3722],[-102.6126,32.3767],[-102.6099,32.3857],[-102.5909,32.4096],[-102.5991,32.4282],[-102.6357,32.4314],[-102.6498,32.4372],[-102.6647,32.438],[-102.6855,32.4562],[-102.6915,32.4552],[-102.6964,32.4493],[-102.6837,32.4356],[-102.6842,32.4223],[-102.7179,32.4174],[-102.7291,32.4103],[-102.7406,32.4251],[-102.7584,32.4131],[-102.7766,32.4141],[-102.782,32.4194],[-102.7831,32.4306],[-102.7728,32.4517],[-102.7784,32.4726],[-102.8005,32.4731],[-102.8054,32.4707],[-102.7975,32.4502],[-102.8056,32.444],[-102.8139,32.4463],[-102.8466,32.4426],[-102.8548,32.4463],[-102.8623,32.4584],[-102.9244,32.4606],[-102.9341,32.4513],[-102.9345,32.4477],[-102.9308,32.445],[-102.9173,32.4492],[-102.9012,32.4396],[-102.8854,32.446],[-102.865,32.4421],[-102.8641,32.4377],[-102.8723,32.4268],[-102.872,32.422],[-102.8402,32.4034],[-102.8415,32.3964],[-102.8482,32.3934],[-102.8665,32.4001],[-102.8883,32.4007],[-102.8897,32.4062],[-102.8829,32.413],[-102.8853,32.4157],[-102.9197,32.4121],[-102.9307,32.4144],[-102.9368,32.4279],[-102.955,32.4456],[-102.9537,32.4497],[-102.9357,32.4601],[-102.9348,32.4637],[-102.9381,32.4656],[-102.9602,32.4697],[-102.9627,32.4576],[-102.9672,32.4542],[-102.9996,32.4588],[-103.01,32.4529],[-103.0056,32.4431],[-102.9817,32.4425],[-102.9592,32.4336],[-102.9528,32.4226],[-102.9539,32.4046],[-102.9588,32.3992],[-102.9532,32.3941],[-102.9537,32.3827],[-102.9489,32.3711],[-102.9555,32.353],[-102.9528,32.3484],[-102.935,32.3472],[-102.9136,32.3616],[-102.9091,32.3581],[-102.9068,32.3417],[-102.9024,32.3377],[-102.8959,32.3388],[-102.8757,32.3537],[-102.864,32.3513],[-102.8545,32.3403],[-102.8526,32.33],[-102.8566,32.3238],[-102.8882,32.3183],[-102.9153,32.2845],[-102.9373,32.2722],[-102.9389,32.2673],[-102.9366,32.2644],[-102.908,32.2641],[-102.9025,32.27],[-102.8955,32.2879],[-102.8127,32.309],[-102.7855,32.3198],[-102.7765,32.3299],[-102.7665,32.3612],[-102.7608,32.3643],[-102.755,32.3586],[-102.7503,32.3411],[-102.755,32.3237],[-102.7679,32.3084],[-102.7908,32.3011],[-102.7908,32.2978],[-102.7821,32.2952],[-102.7815,32.2913],[-102.8073,32.2899],[-102.8176,32.285],[-102.8125,32.2628],[-102.8043,32.2622],[-102.7824,32.2694],[-102.7394,32.2935],[-102.7268,32.2937],[-102.7116,32.3002],[-102.7032,32.2997],[-102.6916,32.2882],[-102.6688,32.2909],[-102.6345,32.2762],[-102.6291,32.264],[-102.6463,32.2642],[-102.6558,32.2688],[-102.6652,32.2794],[-102.6738,32.2777],[-102.6803,32.2567],[-102.6989,32.2529],[-102.7072,32.2476],[-102.7085,32.24],[-102.7027,32.2297],[-102.6871,32.2179],[-102.6592,32.2168],[-102.6502,32.2113],[-102.6384,32.2093],[-102.6258,32.2124],[-102.6161,32.211],[-102.59,32.2046],[-102.5793,32.1983],[-102.5821,32.1855],[-102.5963,32.1784],[-102.6085,32.1635],[-102.6173,32.1578],[-102.6509,32.1467],[-102.6769,32.1329],[-102.7043,32.1276],[-102.7382,32.1104],[-102.776,32.1032],[-102.793,32.0959],[-102.8012,32.0888],[-102.8039,32.0808],[-102.803,32.0695],[-102.7969,32.061],[-102.8238,32.0431],[-102.8604,32.0321],[-102.881,32.0206],[-102.8847,32.0011],[-102.8903,31.9892],[-102.8866,31.9696],[-102.8671,31.9446],[-102.8339,31.9244],[-102.8147,31.8969],[-102.7605,31.8365],[-102.7396,31.8385],[-102.7275,31.8273],[-102.724,31.8133],[-102.6892,31.8065],[-102.6828,31.8016],[-102.6779,31.7907],[-102.6682,31.8046],[-102.6595,31.8111],[-102.6294,31.805],[-102.6206,31.7901],[-102.5702,31.7666],[-102.5593,31.7503],[-102.5565,31.7199],[-102.5505,31.7107],[-102.5524,31.6995],[-102.5457,31.6904],[-102.5363,31.691],[-102.5105,31.7044],[-102.4977,31.7032],[-102.4739,31.6953],[-102.4535,31.6752],[-102.4312,31.6717],[-102.4178,31.6662],[-102.3981,31.6518],[-102.3909,31.6373],[-102.3692,31.6244],[-102.3469,31.5872],[-102.3181,31.5696],[-102.3026,31.5484],[-102.2838,31.5406],[-102.2673,31.5238],[-102.2494,31.5226],[-102.2422,31.5153],[-102.2295,31.5094],[-102.2167,31.5094],[-102.2088,31.5011],[-102.1908,31.5002],[-102.1901,31.4965],[-102.1946,31.4911],[-102.1834,31.4777],[-102.1938,31.4645],[-102.1928,31.456],[-102.1666,31.4262],[-102.1663,31.4008],[-102.1629,31.3947],[-102.1496,31.388],[-102.1467,31.3777],[-102.1529,31.3598],[-102.1603,31.3491],[-102.1612,31.3391],[-102.1769,31.3299],[-102.1766,31.3231],[-102.1986,31.3116],[-102.1791,31.305],[-102.1565,31.2898],[-102.1142,31.2753],[-102.1088,31.2706],[-102.1126,31.2666],[-102.144,31.265],[-102.1866,31.2717],[-102.1927,31.2691],[-102.1935,31.2622],[-102.1841,31.2539],[-102.1703,31.2545],[-102.1573,31.2469],[-102.1322,31.2458],[-102.1128,31.26],[-102.1065,31.2606],[-102.0959,31.2529],[-102.0832,31.2638],[-102.0624,31.2643],[-102.0357,31.2062],[-102.0381,31.2025],[-102.0471,31.2022],[-102.0679,31.2301],[-102.1184,31.2372],[-102.1337,31.2344],[-102.1478,31.2278],[-102.1566,31.2167],[-102.1674,31.2153],[-102.1704,31.212],[-102.1636,31.2006],[-102.1518,31.1939],[-102.1194,31.1967],[-102.1069,31.1921],[-102.0848,31.1916],[-102.0779,31.187],[-102.0775,31.1588],[-102.0726,31.1494],[-102.078,31.142],[-102.0902,31.1491],[-102.1083,31.1672],[-102.1311,31.1684],[-102.1395,31.1795],[-102.1469,31.1824],[-102.1578,31.1786],[-102.1602,31.156],[-102.157,31.1466],[-102.1448,31.1369],[-102.14,31.1231],[-102.1258,31.1247],[-102.0974,31.1152],[-102.0969,31.105],[-102.1107,31.0977],[-102.1072,31.0931],[-102.0768,31.0888],[-102.0576,31.0777],[-102.0601,31.0694],[-102.0757,31.0653],[-102.0711,31.0571],[-102.0571,31.0525],[-102.0605,31.0476],[-102.0706,31.0438],[-102.0711,31.0354],[-102.0632,31.0226],[-102.0424,31.0041],[-102.045,31.0013],[-102.0809,31.0066],[-102.0849,31.0114],[-102.0844,31.0215],[-102.0982,31.0283],[-102.102,31.0409],[-102.1108,31.0463],[-102.1115,31.0268],[-102.119,31.028],[-102.132,31.0408],[-102.1366,31.0398],[-102.1395,31.0323],[-102.1341,31.0211],[-102.1196,31.0119],[-102.1213,31.0053],[-102.143,31.0015],[-102.1595,31.0075],[-102.161,31.0095],[-102.1536,31.0123],[-102.1526,31.0183],[-102.1647,31.0344],[-102.1635,31.0434],[-102.1675,31.0542],[-102.1593,31.0676],[-102.1599,31.0743],[-102.1763,31.0975],[-102.161,31.1137],[-102.1611,31.1201],[-102.165,31.1245],[-102.1862,31.1264],[-102.1768,31.1389],[-102.1703,31.1579],[-102.1793,31.167],[-102.1879,31.1703],[-102.1968,31.169],[-102.2087,31.157],[-102.2186,31.1562],[-102.2197,31.1613],[-102.2118,31.1755],[-102.2139,31.194],[-102.2201,31.1978],[-102.2355,31.1982],[-102.2462,31.1947],[-102.2581,31.1735],[-102.2756,31.169],[-102.2842,31.1714],[-102.3165,31.1447],[-102.3356,31.1379],[-102.3369,31.1328],[-102.3336,31.1299],[-102.3157,31.1316],[-102.3062,31.1225],[-102.3041,31.1098],[-102.3093,31.1019],[-102.3165,31.0979],[-102.3614,31.1018],[-102.3789,31.1105],[-102.4135,31.1374],[-102.432,31.1408],[-102.4347,31.1283],[-102.4289,31.1149],[-102.3987,31.0881],[-102.4432,31.087],[-102.49,31.0749],[-102.4751,31.0639],[-102.47,31.0537],[-102.4805,31.0195],[-102.5068,31.0245],[-102.5261,31.0188],[-102.5479,31.0066],[-102.5554,30.9932],[-102.5707,30.9949],[-102.5777,30.9845],[-102.5836,30.9817],[-102.6028,30.979],[-102.6177,30.9732],[-102.623,30.969],[-102.6255,30.9589],[-102.6319,30.9538],[-102.645,30.9558],[-102.6454,30.97],[-102.6492,30.9788],[-102.6562,30.9845],[-102.6945,30.9834],[-102.7025,30.9798],[-102.7171,30.9679],[-102.7173,30.9449],[-102.7139,30.9315],[-102.7199,30.9188],[-102.7213,30.9055],[-102.7272,30.8995],[-102.7324,30.9029],[-102.7307,30.9102],[-102.7365,30.9186],[-102.7377,30.9367],[-102.7521,30.9494],[-102.7562,30.9752],[-102.7632,30.9786],[-102.7713,30.9776],[-102.7827,30.9717],[-102.8041,30.9545],[-102.8027,30.939],[-102.784,30.9143],[-102.7836,30.8996],[-102.8039,30.8969],[-102.82,30.8896],[-102.8592,30.8889],[-102.8673,30.8844],[-102.8756,30.8714],[-102.8766,30.8494],[-102.8634,30.8354],[-102.8633,30.8229],[-102.8556,30.8092],[-102.8556,30.8014],[-102.879,30.7849],[-102.889,30.7704],[-102.8922,30.7707],[-102.902,30.7899],[-102.9058,30.7906],[-102.9191,30.7853],[-102.9331,30.7713],[-102.9552,30.777],[-102.9713,30.7747],[-102.9823,30.7882],[-102.9912,30.7922],[-103.0016,30.7912],[-103.0089,30.7831],[-103.0099,30.8025],[-103.0018,30.851],[-102.9983,30.8549],[-102.9891,30.8905],[-102.9925,30.9035],[-102.996,30.9063],[-103.0017,30.8956],[-103.0191,30.8896],[-103.0296,30.8741],[-103.0388,30.8673],[-103.0422,30.8546],[-103.0411,30.8348],[-103.0544,30.7999],[-103.0647,30.7836],[-103.0624,30.7711],[-103.0663,30.74],[-103.0839,30.7084],[-103.0878,30.674],[-103.0967,30.6623],[-103.1126,30.6459],[-103.1272,30.6382],[-103.1356,30.6201],[-103.1694,30.6119],[-103.2038,30.5761],[-103.2421,30.5538],[-103.268,30.5276],[-103.2807,30.5199],[-103.2823,30.5028],[-103.2739,30.492],[-103.2731,30.4845],[-103.2941,30.467],[-103.3042,30.4513],[-103.3109,30.448],[-103.3228,30.449],[-103.3311,30.4439],[-103.3282,30.4314],[-103.3359,30.4257],[-103.3313,30.4178],[-103.3328,30.413],[-103.3423,30.411],[-103.345,30.4037],[-103.3562,30.4002],[-103.3738,30.416],[-103.3902,30.4151],[-103.399,30.421],[-103.4073,30.4182],[-103.4207,30.4056],[-103.445,30.3997],[-103.4572,30.3881],[-103.4609,30.3746],[-103.4416,30.3578],[-103.4409,30.3523],[-103.4468,30.3394],[-103.4449,30.325],[-103.4508,30.3128],[-103.4426,30.2918],[-103.4366,30.2831],[-103.4292,30.2788],[-103.4171,30.2799],[-103.4059,30.2857],[-103.3942,30.2804],[-103.3837,30.2865],[-103.3742,30.2801],[-103.3574,30.2765],[-103.3612,30.2647],[-103.3749,30.2526],[-103.3748,30.2472],[-103.3688,30.2416],[-103.3356,30.2565],[-103.3164,30.2727],[-103.3046,30.272],[-103.2991,30.275],[-103.3013,30.2921],[-103.2985,30.2954],[-103.2935,30.2971],[-103.2791,30.2932],[-103.2514,30.2984],[-103.2427,30.3136],[-103.2314,30.313],[-103.217,30.3171],[-103.2126,30.326],[-103.2142,30.3437],[-103.2075,30.3494],[-103.1718,30.3456],[-103.1513,30.3483],[-103.1295,30.3429],[-103.1014,30.3621],[-103.0492,30.3693],[-103.0317,30.3579],[-103.0123,30.357],[-102.9975,30.3444],[-102.9934,30.3347],[-102.9807,30.3459],[-102.9778,30.3245],[-102.9684,30.3181],[-102.9609,30.3245],[-102.9611,30.3431],[-102.9434,30.3516],[-102.9273,30.3506],[-102.9209,30.3388],[-102.9128,30.3334],[-102.8947,30.343],[-102.8871,30.3403],[-102.8589,30.3423],[-102.8558,30.3385],[-102.8423,30.3424],[-102.84,30.3402],[-102.8425,30.3337],[-102.8464,30.3327],[-102.8642,30.333],[-102.8859,30.3267],[-102.9022,30.3271],[-102.9064,30.3228],[-102.929,30.3283],[-102.9502,30.3209],[-102.9515,30.316],[-102.9383,30.3135],[-102.9466,30.3043],[-102.945,30.2996],[-102.9346,30.2993],[-102.9097,30.3094],[-102.9015,30.3043],[-102.8891,30.3049],[-102.8861,30.302],[-102.8921,30.296],[-102.9231,30.2956],[-102.9242,30.2907],[-102.9175,30.2831],[-102.9205,30.2779],[-102.9283,30.2734],[-102.9354,30.2742],[-102.958,30.2632],[-102.9609,30.2554],[-102.9662,30.2526],[-102.9741,30.2404],[-102.9721,30.2265],[-102.9634,30.2234],[-102.9393,30.2233],[-102.9399,30.2172],[-102.9339,30.2125],[-102.9379,30.1974],[-102.9339,30.1914],[-102.95,30.1799],[-102.9593,30.1553],[-102.9563,30.1369],[-102.9417,30.1353],[-102.9307,30.1392],[-102.9255,30.1375],[-102.9258,30.1327],[-102.918,30.1307],[-102.8936,30.1336],[-102.8914,30.1302],[-102.8831,30.1281],[-102.8824,30.1232],[-102.8744,30.1171],[-102.8744,30.1081],[-102.8783,30.1038],[-102.8971,30.0953],[-102.8881,30.0838],[-102.8842,30.069],[-102.8858,30.0598],[-102.9002,30.0472],[-102.9048,30.0391],[-102.9331,30.0229],[-102.9359,30.0157],[-102.9575,30.0152],[-102.9562,30.0108],[-102.9456,30.0076],[-102.9439,30.0036],[-102.9652,30.0046],[-102.9723,30.0017],[-102.9594,29.9831],[-102.9582,29.9784],[-102.9619,29.975],[-102.9776,29.9748],[-102.9789,29.9687],[-103.0002,29.9638],[-103.0015,29.966],[-103.0202,29.9635],[-103.0362,29.9731],[-103.0442,29.9707],[-103.0527,29.9759],[-103.0767,29.9726],[-103.0808,29.9664],[-103.086,29.9656],[-103.085,29.9585],[-103.0833,29.9545],[-103.0718,29.953],[-103.0718,29.9388],[-103.0649,29.9347],[-103.0673,29.9293],[-103.1099,29.9328],[-103.1138,29.9281],[-103.1085,29.9215],[-103.1145,29.911],[-103.1465,29.9248],[-103.1576,29.9216],[-103.159,29.9097],[-103.1637,29.9085],[-103.1683,29.9108],[-103.1759,29.9078],[-103.1859,29.9138],[-103.1962,29.9129],[-103.2032,29.9082],[-103.2072,29.8931],[-103.2178,29.8892],[-103.2164,29.8814],[-103.221,29.8826],[-103.2274,29.8917],[-103.2332,29.8903],[-103.2397,29.8813],[-103.2394,29.901],[-103.2462,29.9155],[-103.2571,29.9171],[-103.2443,29.9341],[-103.2557,29.9401],[-103.2662,29.9341],[-103.2785,29.9331],[-103.2866,29.9231],[-103.3034,29.9117],[-103.3164,29.9161],[-103.3179,29.9337],[-103.3023,29.9399],[-103.2988,29.9491],[-103.2861,29.9588],[-103.271,29.9761],[-103.2717,29.9789],[-103.2808,29.9818],[-103.3032,29.9719],[-103.3093,29.9745],[-103.3206,29.9848],[-103.3266,29.9958],[-103.3238,30.009],[-103.3367,30.0227],[-103.3405,30.0391],[-103.3505,30.0436],[-103.3539,30.0495],[-103.3679,30.0528],[-103.3757,30.0608],[-103.3826,30.0613],[-103.396,30.0491],[-103.4117,30.0493],[-103.417,30.0532],[-103.4045,30.0803],[-103.4052,30.0969],[-103.4024,30.0989],[-103.4001,30.1193],[-103.4054,30.1269],[-103.3997,30.1438],[-103.3927,30.1525],[-103.3941,30.1607],[-103.3891,30.1654],[-103.3887,30.1758],[-103.3801,30.1823],[-103.3647,30.1875],[-103.3763,30.1899],[-103.3842,30.1957],[-103.3881,30.1909],[-103.3961,30.1885],[-103.412,30.1967],[-103.4239,30.1953],[-103.437,30.2152],[-103.4462,30.2125],[-103.4507,30.2055],[-103.4471,30.1899],[-103.4472,30.1635],[-103.4411,30.1504],[-103.4452,30.1364],[-103.4445,30.1129],[-103.4555,30.0958],[-103.4541,30.0837],[-103.4609,30.0849],[-103.4681,30.0958],[-103.4743,30.0915],[-103.4791,30.0942],[-103.4849,30.0919],[-103.4912,30.0804],[-103.4751,30.0575],[-103.4655,30.0237],[-103.4586,30.0103],[-103.4338,29.9768],[-103.4229,29.9716],[-103.4096,29.957],[-103.4055,29.948],[-103.4011,29.9194],[-103.4101,29.8958],[-103.4075,29.8775],[-103.4111,29.8637],[-103.403,29.8557],[-103.401,29.848],[-103.3831,29.8428],[-103.3764,29.8343],[-103.3568,29.8239],[-103.3346,29.8068],[-103.3277,29.798],[-103.3296,29.7592],[-103.3185,29.7488],[-103.315,29.7386],[-103.2889,29.7296],[-103.2829,29.7181],[-103.2725,29.712],[-103.2495,29.7065],[-103.2413,29.6977],[-103.2352,29.6976],[-103.212,29.6785],[-103.2044,29.6769],[-103.19,29.666],[-103.1712,29.6655],[-103.1587,29.6465],[-103.1158,29.6247],[-103.1282,29.6057],[-103.1305,29.5775],[-103.1306,29.5703],[-103.1191,29.5412],[-103.1184,29.5157],[-103.0891,29.5059],[-103.0796,29.4848],[-103.0843,29.4756],[-103.0778,29.4693],[-103.0773,29.4561],[-103.0699,29.4502],[-103.0649,29.4338],[-103.087,29.4107],[-103.0438,29.4129],[-103.0388,29.4052],[-103.0379,29.3944],[-103.0432,29.3845],[-103.0423,29.3722],[-103.0518,29.3366],[-103.0525,29.3182],[-103.0389,29.3035],[-103.0322,29.2825],[-103.0142,29.2593],[-103.001,29.2289],[-102.9993,29.2214],[-103.005,29.1891],[-103.0052,29.1684],[-103,29.1538],[-103.0168,29.1337],[-103.018,29.1254],[-103.0353,29.1134],[-103.033,29.1061],[-103.0369,29.0982],[-103.042,29.0962],[-103.0552,29.0995],[-103.0638,29.0929],[-103.0747,29.0926],[-103.0792,29.086],[-103.0762,29.076],[-103.0838,29.0689],[-103.0864,29.0555],[-103.0905,29.0545],[-103.0956,29.0626],[-103.1006,29.0588],[-103.1056,29.0384],[-103.1001,29.0308],[-103.0987,29.0212],[-103.1143,29.006],[-103.1176,28.9972],[-103.1171,28.9835],[-103.1363,28.9829],[-103.1531,28.9709],[-103.1604,28.9703]],[[-108.1991,32.8229],[-108.1733,32.8314],[-108.1506,32.8308],[-108.1322,32.8254],[-108.1001,32.8337],[-108.0848,32.8397],[-108.0653,32.8595],[-108.0538,32.8644],[-108.0416,32.8636],[-108.0153,32.8506],[-107.9888,32.8546],[-107.9735,32.8524],[-107.9826,32.8661],[-107.9823,32.8765],[-107.9492,32.9034],[-107.9452,32.9164],[-107.9463,32.931],[-107.9333,32.9429],[-107.9208,32.9644],[-107.9081,32.9564],[-107.9081,32.9522],[-107.8981,32.9419],[-107.9026,32.9388],[-107.9116,32.9426],[-107.9143,32.9407],[-107.9152,32.935],[-107.9246,32.9288],[-107.9232,32.9215],[-107.9272,32.9154],[-107.9167,32.9093],[-107.9162,32.8986],[-107.9099,32.8951],[-107.9116,32.8867],[-107.9021,32.8898],[-107.8976,32.8864],[-107.8989,32.8772],[-107.8943,32.873],[-107.8754,32.8677],[-107.8682,32.8723],[-107.8556,32.8735],[-107.8471,32.8808],[-107.8227,32.8801],[-107.8218,32.874],[-107.8334,32.8548],[-107.8293,32.8529],[-107.8144,32.8568],[-107.7999,32.8438],[-107.7927,32.8427],[-107.7842,32.8473],[-107.7701,32.8355],[-107.7549,32.8443],[-107.7558,32.8501],[-107.7635,32.8589],[-107.7627,32.8623],[-107.7514,32.8643],[-107.7442,32.8723],[-107.7348,32.8716],[-107.7312,32.8743],[-107.7308,32.8846],[-107.7209,32.8911],[-107.7228,32.895],[-107.712,32.9042],[-107.7112,32.9111],[-107.7132,32.9161],[-107.7365,32.9332],[-107.7371,32.9436],[-107.7312,32.952],[-107.7096,32.9517],[-107.7006,32.9616],[-107.7088,32.9754],[-107.7202,32.9842],[-107.7175,32.9888],[-107.704,32.995],[-107.7034,33.0038],[-107.7097,33.0088],[-107.6912,33.0123],[-107.6805,33.0191],[-107.6669,33.0207],[-107.666,33.023],[-107.6755,33.0272],[-107.6805,33.0333],[-107.6846,33.0406],[-107.6805,33.0432],[-107.6706,33.0333],[-107.6525,33.0291],[-107.6413,33.0379],[-107.6255,33.0421],[-107.6278,33.0493],[-107.6332,33.0524],[-107.6544,33.0566],[-107.6684,33.0551],[-107.6729,33.0582],[-107.663,33.0662],[-107.6752,33.0673],[-107.6802,33.0708],[-107.6811,33.0796],[-107.6778,33.0831],[-107.6976,33.1054],[-107.6884,33.1113],[-107.6889,33.1186],[-107.7092,33.1301],[-107.7016,33.1431],[-107.7066,33.1511],[-107.6922,33.1572],[-107.6841,33.1687],[-107.6706,33.1737],[-107.6643,33.1802],[-107.6643,33.1852],[-107.6711,33.1875],[-107.6707,33.2181],[-107.664,33.2219],[-107.6549,33.2181],[-107.6477,33.2234],[-107.6496,33.2318],[-107.664,33.2376],[-107.6744,33.2467],[-107.6627,33.2559],[-107.6605,33.2617],[-107.6479,33.2663],[-107.6375,33.2766],[-107.6344,33.2865],[-107.6353,33.3015],[-107.644,33.3202],[-107.6409,33.3447],[-107.6152,33.3761],[-107.6125,33.3845],[-107.6148,33.3933],[-107.6311,33.4174],[-107.638,33.4388],[-107.6426,33.4648],[-107.6409,33.487],[-107.6242,33.5115],[-107.6143,33.5383],[-107.5962,33.5669],[-107.5912,33.5704],[-107.5667,33.5666],[-107.5506,33.5534],[-107.5352,33.5535],[-107.5354,33.5493],[-107.5322,33.5478],[-107.5245,33.5539],[-107.5123,33.5776],[-107.4919,33.5922],[-107.5041,33.562],[-107.5082,33.5287],[-107.5154,33.5153],[-107.5095,33.5111],[-107.4968,33.5298],[-107.4868,33.526],[-107.4642,33.5256],[-107.456,33.5382],[-107.4519,33.5386],[-107.427,33.5317],[-107.4179,33.5469],[-107.4116,33.5485],[-107.4096,33.5449],[-107.4028,33.5484],[-107.4039,33.5622],[-107.408,33.5703],[-107.4016,33.5714],[-107.3984,33.5772],[-107.3862,33.5676],[-107.3635,33.566],[-107.3472,33.5778],[-107.3417,33.5771],[-107.3304,33.5904],[-107.3199,33.5843],[-107.3136,33.5885],[-107.3013,33.5888],[-107.2886,33.5701],[-107.2764,33.5792],[-107.2845,33.5926],[-107.2959,33.6018],[-107.2922,33.6168],[-107.2977,33.6214],[-107.2954,33.6417],[-107.299,33.6485],[-107.2967,33.6543],[-107.2781,33.6653],[-107.2781,33.668],[-107.2867,33.6684],[-107.2804,33.678],[-107.2785,33.6887],[-107.2917,33.6937],[-107.2985,33.6907],[-107.3126,33.7033],[-107.3271,33.698],[-107.3312,33.6995],[-107.3226,33.7098],[-107.3271,33.7133],[-107.3221,33.7236],[-107.3226,33.7294],[-107.3148,33.7347],[-107.3289,33.7451],[-107.3303,33.7493],[-107.3198,33.7607],[-107.3416,33.7658],[-107.3548,33.7746],[-107.3662,33.775],[-107.3712,33.7719],[-107.3812,33.775],[-107.3817,33.7788],[-107.3962,33.7896],[-107.389,33.8014],[-107.3903,33.8079],[-107.3799,33.8251],[-107.3667,33.8347],[-107.3676,33.8488],[-107.3603,33.8584],[-107.3589,33.8657],[-107.3485,33.871],[-107.3462,33.8794],[-107.3571,33.8833],[-107.3648,33.8902],[-107.3662,33.8974],[-107.3831,33.9078],[-107.3977,33.9086],[-107.3958,33.9162],[-107.4018,33.9208],[-107.4396,33.9228],[-107.4583,33.9331],[-107.4542,33.9392],[-107.4396,33.9457],[-107.4574,33.9476],[-107.4724,33.9438],[-107.4888,33.9476],[-107.497,33.9541],[-107.5139,33.9522],[-107.5249,33.9603],[-107.5376,33.9591],[-107.5522,33.9683],[-107.5568,33.9755],[-107.5682,33.9732],[-107.5801,33.9763],[-107.5851,33.9728],[-107.5887,33.9618],[-107.5992,33.9621],[-107.6115,33.9556],[-107.6146,33.9414],[-107.6201,33.938],[-107.6602,33.9471],[-107.6898,33.9429],[-107.6816,33.9299],[-107.6806,33.915],[-107.6828,33.91],[-107.6942,33.9042],[-107.6974,33.8981],[-107.6999,33.8503],[-107.6921,33.8419],[-107.6835,33.8392],[-107.6708,33.8492],[-107.6626,33.8461],[-107.663,33.8404],[-107.6552,33.8251],[-107.6411,33.8183],[-107.6474,33.8033],[-107.6451,33.7987],[-107.6464,33.7838],[-107.6432,33.7792],[-107.6241,33.7884],[-107.6205,33.7857],[-107.6245,33.7754],[-107.6232,33.772],[-107.6091,33.78],[-107.6068,33.7751],[-107.62,33.7609],[-107.6204,33.7544],[-107.6149,33.7544],[-107.6068,33.7624],[-107.5954,33.7601],[-107.5922,33.7567],[-107.5922,33.7441],[-107.5862,33.7387],[-107.5899,33.7307],[-107.6075,33.7181],[-107.6207,33.7165],[-107.6275,33.7115],[-107.6606,33.6786],[-107.6692,33.6763],[-107.677,33.6862],[-107.6779,33.6989],[-107.6739,33.7161],[-107.6772,33.7513],[-107.6817,33.7505],[-107.6862,33.731],[-107.7053,33.7225],[-107.704,33.7482],[-107.719,33.7493],[-107.724,33.7535],[-107.7287,33.7699],[-107.7201,33.7853],[-107.7388,33.7898],[-107.7446,33.7829],[-107.7515,33.786],[-107.7542,33.7928],[-107.7729,33.7955],[-107.7688,33.8016],[-107.753,33.8093],[-107.7516,33.8143],[-107.7859,33.8375],[-107.78,33.8479],[-107.7659,33.8506],[-107.7646,33.8552],[-107.7869,33.8647],[-107.7937,33.8631],[-107.8005,33.8558],[-107.8124,33.8573],[-107.8223,33.8489],[-107.8278,33.85],[-107.8306,33.8558],[-107.8374,33.8569],[-107.8347,33.8645],[-107.8216,33.8799],[-107.818,33.8921],[-107.8108,33.8998],[-107.8159,33.9139],[-107.8305,33.9223],[-107.8369,33.9315],[-107.8424,33.9326],[-107.8543,33.9295],[-107.8583,33.9234],[-107.8281,33.9059],[-107.8317,33.8944],[-107.8298,33.8852],[-107.833,33.8814],[-107.8448,33.8748],[-107.8544,33.876],[-107.8598,33.8717],[-107.8771,33.8755],[-107.8916,33.8671],[-107.8969,33.8972],[-107.9037,33.9033],[-107.9142,33.901],[-107.9214,33.8956],[-107.9264,33.8826],[-107.934,33.8738],[-107.9298,33.8551],[-107.9352,33.8512],[-107.9507,33.8531],[-107.9683,33.8351],[-107.9765,33.8373],[-107.9829,33.835],[-107.9841,33.8178],[-107.9896,33.8193],[-107.997,33.835],[-108.0027,33.8351],[-108.0074,33.8312],[-108.0153,33.8345],[-108.0211,33.822],[-108.0206,33.8144],[-108.0378,33.8014],[-108.0653,33.7988],[-108.0774,33.8014],[-108.0874,33.7983],[-108.0895,33.7922],[-108.0769,33.7728],[-108.0774,33.7682],[-108.1159,33.7913],[-108.1227,33.7882],[-108.118,33.771],[-108.1275,33.7703],[-108.1343,33.7857],[-108.1412,33.7883],[-108.1438,33.7719],[-108.1496,33.7644],[-108.1601,33.7773],[-108.1696,33.7738],[-108.1738,33.7871],[-108.1896,33.7843],[-108.1991,33.7772],[-108.2075,33.7755],[-108.2138,33.757],[-108.2296,33.7274],[-108.2291,33.7189],[-108.2396,33.6932],[-108.2385,33.6829],[-108.2417,33.6704],[-108.2507,33.6622],[-108.2828,33.6442],[-108.287,33.6324],[-108.2854,33.6246],[-108.2701,33.6016],[-108.2764,33.5834],[-108.2817,33.5767],[-108.2901,33.576],[-108.3012,33.5686],[-108.3143,33.5672],[-108.3207,33.5726],[-108.3354,33.5752],[-108.3554,33.5842],[-108.367,33.595],[-108.3823,33.5915],[-108.4007,33.6059],[-108.3991,33.6137],[-108.3844,33.6258],[-108.3781,33.6261],[-108.3544,33.6446],[-108.3286,33.6516],[-108.3059,33.6733],[-108.3059,33.6818],[-108.3107,33.6833],[-108.3196,33.6762],[-108.3244,33.6612],[-108.3286,33.6623],[-108.3286,33.6694],[-108.3317,33.6716],[-108.3365,33.6609],[-108.3428,33.6588],[-108.3465,33.6617],[-108.3423,33.6713],[-108.3481,33.6778],[-108.3481,33.6853],[-108.3312,33.702],[-108.3275,33.7094],[-108.3302,33.7216],[-108.337,33.7288],[-108.3507,33.7317],[-108.3397,33.7417],[-108.3565,33.7517],[-108.3576,33.7632],[-108.3644,33.7725],[-108.3692,33.7722],[-108.3718,33.7625],[-108.376,33.7611],[-108.385,33.7733],[-108.3976,33.7762],[-108.3955,33.7798],[-108.3881,33.7815],[-108.385,33.7887],[-108.3781,33.7901],[-108.3639,33.8025],[-108.3739,33.8122],[-108.3618,33.8193],[-108.3508,33.8374],[-108.3666,33.84],[-108.3708,33.8457],[-108.3623,33.8521],[-108.336,33.8595],[-108.3002,33.8464],[-108.2944,33.861],[-108.2813,33.8638],[-108.2749,33.8731],[-108.2397,33.8732],[-108.2249,33.8888],[-108.217,33.8931],[-108.1944,33.9011],[-108.1781,33.8992],[-108.1528,33.9159],[-108.1212,33.9303],[-108.0706,33.946],[-108.0391,33.9739],[-108.0296,33.9896],[-108.0302,34.0001],[-108.0549,34.0241],[-108.0539,34.0266],[-108.0949,34.074],[-108.0849,34.0822],[-108.0996,34.0848],[-108.0959,34.0947],[-108.0843,34.1036],[-108.078,34.121],[-108.0722,34.1156],[-108.0654,34.1181],[-108.0596,34.1273],[-108.0601,34.1359],[-108.0738,34.1453],[-108.0764,34.1546],[-108.0848,34.165],[-108.0959,34.1605],[-108.1038,34.1494],[-108.1085,34.1509],[-108.1117,34.1581],[-108.1228,34.1596],[-108.1264,34.165],[-108.108,34.1723],[-108.1085,34.1834],[-108.1438,34.2012],[-108.1522,34.2012],[-108.1549,34.1973],[-108.138,34.179],[-108.137,34.1758],[-108.1407,34.1715],[-108.1775,34.1767],[-108.1959,34.1837],[-108.2133,34.1845],[-108.226,34.1956],[-108.2354,34.1957],[-108.2402,34.1893],[-108.2349,34.1796],[-108.2523,34.1762],[-108.2565,34.168],[-108.2497,34.1604],[-108.2502,34.1504],[-108.2344,34.1432],[-108.2349,34.1335],[-108.2734,34.1073],[-108.3045,34.1025],[-108.3155,34.1058],[-108.3287,34.1169],[-108.3381,34.1366],[-108.3481,34.1456],[-108.3413,34.1567],[-108.335,34.1777],[-108.3366,34.1956],[-108.346,34.2117],[-108.3623,34.2232],[-108.4082,34.2438],[-108.4197,34.2571],[-108.4218,34.2653],[-108.4197,34.2774],[-108.4439,34.3068],[-108.4861,34.3259],[-108.5171,34.3246],[-108.5256,34.319],[-108.5298,34.304],[-108.5256,34.2875],[-108.5266,34.2647],[-108.5403,34.2522],[-108.5519,34.2537],[-108.5535,34.2344],[-108.563,34.2259],[-108.5593,34.2198],[-108.5587,34.2062],[-108.5661,34.197],[-108.5572,34.198],[-108.5482,34.1908],[-108.5456,34.1762],[-108.5567,34.1755],[-108.5635,34.1784],[-108.5698,34.1727],[-108.5898,34.1742],[-108.6019,34.1681],[-108.5925,34.1313],[-108.6051,34.1217],[-108.632,34.1182],[-108.6525,34.109],[-108.6646,34.1101],[-108.6709,34.1062],[-108.6862,34.1112],[-108.6946,34.1091],[-108.7099,34.112],[-108.7194,34.1017],[-108.7299,34.0971],[-108.7347,34.0853],[-108.7447,34.0814],[-108.7468,34.0621],[-108.7536,34.0568],[-108.7484,34.0492],[-108.7531,34.0375],[-108.7405,34.0371],[-108.7415,34.0303],[-108.7378,34.0239],[-108.7442,34.0203],[-108.7605,34.031],[-108.7884,34.0357],[-108.7973,34.044],[-108.8394,34.0526],[-108.8542,34.0691],[-108.8636,34.0737],[-108.8963,34.0641],[-108.9047,34.0348],[-108.9142,34.0373],[-108.9474,34.0284],[-108.9589,34.0298],[-108.9616,34.0381],[-108.9758,34.0363],[-108.9829,34.0472],[-108.9874,34.0742],[-108.998,34.0969],[-109.0607,34.1121],[-109.0798,34.1282],[-109.0904,34.1319],[-109.13,34.1264],[-109.151,34.1314],[-109.1958,34.1517],[-109.2423,34.1446],[-109.3176,34.1445],[-109.3725,34.1784],[-109.399,34.184],[-109.4234,34.1944],[-109.4546,34.2168],[-109.4636,34.2278],[-109.536,34.2458],[-109.5813,34.2718],[-109.6003,34.2778],[-109.6211,34.2781],[-109.7095,34.267],[-109.778,34.2722],[-109.8621,34.2475],[-109.9166,34.2414],[-110.06,34.2543],[-110.0927,34.2465],[-110.1062,34.2473],[-110.1565,34.2659],[-110.193,34.3001],[-110.2957,34.3473],[-110.3084,34.3491],[-110.3422,34.3425],[-110.3554,34.3455],[-110.3654,34.3534],[-110.3969,34.391],[-110.424,34.409],[-110.4493,34.4172],[-110.4843,34.4167],[-110.5038,34.4206],[-110.6036,34.4721],[-110.6085,34.4758],[-110.6221,34.502],[-110.6512,34.5265],[-110.6825,34.5644],[-110.7068,34.5735],[-110.7349,34.5771],[-110.7624,34.5765],[-110.8151,34.5901],[-110.845,34.614],[-110.8636,34.6208],[-110.88,34.6313],[-110.8964,34.6495],[-110.9119,34.6608],[-110.961,34.6817],[-111.0003,34.692],[-111.0522,34.7204],[-111.091,34.7529],[-111.1182,34.7859],[-111.1289,34.7931],[-111.1479,34.799],[-111.1666,34.823],[-111.1963,34.8377],[-111.1992,34.8428],[-111.1998,34.8601],[-111.2097,34.8752],[-111.2145,34.8788],[-111.2353,34.8799],[-111.246,34.8872],[-111.2765,34.9678],[-111.2941,34.9923],[-111.3433,35.0238],[-111.3998,35.0658],[-111.4159,35.0974],[-111.4355,35.1522],[-111.4773,35.1979],[-111.4956,35.2352],[-111.4964,35.2445],[-111.4895,35.2605],[-111.4708,35.2783],[-111.4616,35.2833],[-111.43,35.2893],[-111.4208,35.2972],[-111.4115,35.3122],[-111.3705,35.3313],[-111.373,35.3632],[-111.364,35.3741],[-111.3636,35.3874],[-111.3677,35.3958],[-111.379,35.4064],[-111.4287,35.4043],[-111.4573,35.4137],[-111.4807,35.4145],[-111.5007,35.422],[-111.568,35.4071],[-111.5959,35.406],[-111.6163,35.4096],[-111.6271,35.4167],[-111.6582,35.4536],[-111.6687,35.4807],[-111.7164,35.5022],[-111.7434,35.5351],[-111.7554,35.5409],[-111.7694,35.5429],[-111.8094,35.5331],[-111.8413,35.5212],[-111.9051,35.4862],[-111.9899,35.4467],[-112.0525,35.4459],[-112.0588,35.4432],[-112.0615,35.4383],[-112.0565,35.4099],[-112.062,35.3993],[-112.0679,35.3962],[-112.0958,35.3956],[-112.1161,35.3916],[-112.177,35.3537],[-112.2659,35.3392],[-112.2823,35.3286],[-112.2902,35.3191],[-112.3063,35.2754],[-112.3028,35.202],[-112.298,35.1914],[-112.2698,35.1589],[-112.2641,35.1423],[-112.2596,35.1381],[-112.1913,35.1098],[-112.1596,35.0796],[-112.1398,35.0746],[-112.1189,35.0744],[-112.0863,35.0843],[-112.0283,35.1153],[-112.0088,35.1096],[-111.9204,35.0432],[-111.9169,35.027],[-111.9186,34.9695],[-111.9098,34.9544],[-111.8913,34.9458],[-111.8782,34.9475],[-111.8364,34.9777],[-111.8161,34.9817],[-111.8044,34.976],[-111.7846,34.9459],[-111.7757,34.9244],[-111.7638,34.9175],[-111.7402,34.9444],[-111.7265,34.9469],[-111.7131,34.9444],[-111.7054,34.9352],[-111.705,34.9179],[-111.6999,34.9071],[-111.6746,34.899],[-111.6636,34.892],[-111.6568,34.8758],[-111.6585,34.853],[-111.6513,34.8431],[-111.639,34.8385],[-111.6118,34.8361],[-111.5723,34.8041],[-111.5545,34.796],[-111.5063,34.7552],[-111.505,34.7446],[-111.5146,34.7361],[-111.5153,34.7302],[-111.4927,34.7016],[-111.5017,34.6681],[-111.4716,34.646],[-111.4597,34.6191],[-111.4502,34.5799],[-111.4503,34.5742],[-111.4578,34.5647],[-111.5234,34.5139],[-111.5347,34.4932],[-111.5328,34.4754],[-111.5285,34.4725],[-111.5071,34.4738],[-111.5024,34.4704],[-111.5029,34.4644],[-111.5236,34.4495],[-111.5287,34.4393],[-111.5241,34.4286],[-111.4986,34.401],[-111.4865,34.3978],[-111.4581,34.3985],[-111.4058,34.3839],[-111.3549,34.4008],[-111.3417,34.4021],[-111.3414,34.3971],[-111.3501,34.3875],[-111.348,34.3831],[-111.336,34.3759],[-111.3231,34.374],[-111.2909,34.3849],[-111.2775,34.3837],[-111.2676,34.3759],[-111.2539,34.3497],[-111.2434,34.3423],[-111.1998,34.3251],[-111.1606,34.3143],[-111.1334,34.3119],[-111.0948,34.3353],[-111.0748,34.3311],[-111.0691,34.3276],[-111.0683,34.3162],[-111.084,34.2978],[-111.0801,34.2869],[-111.0322,34.2901],[-111.0259,34.2803],[-111.0391,34.2685],[-111.0362,34.2628],[-110.975,34.2566],[-110.9585,34.2467],[-110.9318,34.2203],[-110.8916,34.2149],[-110.8806,34.2082],[-110.8787,34.1969],[-110.9023,34.1761],[-110.9076,34.1661],[-110.9058,34.1605],[-110.8653,34.1218],[-110.8321,34.116],[-110.777,34.1138],[-110.7573,34.1184],[-110.7339,34.1305],[-110.7198,34.1296],[-110.7117,34.1212],[-110.6977,34.0946],[-110.6844,34.0444],[-110.6776,34.0346],[-110.6658,34.0286],[-110.6524,34.0289],[-110.628,34.0633],[-110.6084,34.0799],[-110.5955,34.0813],[-110.5473,34.0772],[-110.534,34.079],[-110.5281,34.0893],[-110.5494,34.1195],[-110.5391,34.1325],[-110.5128,34.1523],[-110.4858,34.1375],[-110.466,34.1355],[-110.4587,34.1505],[-110.4256,34.1522],[-110.4165,34.1679],[-110.404,34.1728],[-110.3967,34.1725],[-110.3916,34.1565],[-110.3862,34.1531],[-110.3795,34.1533],[-110.362,34.1632],[-110.3575,34.162],[-110.3616,34.1275],[-110.3487,34.1267],[-110.3244,34.1373],[-110.3197,34.134],[-110.3221,34.1166],[-110.3189,34.112],[-110.3058,34.1072],[-110.2947,34.1208],[-110.2813,34.1224],[-110.2759,34.1118],[-110.2837,34.1025],[-110.2978,34.0579],[-110.2986,34.0525],[-110.2941,34.0482],[-110.2819,34.0519],[-110.2712,34.079],[-110.2617,34.0941],[-110.242,34.1175],[-110.2297,34.1226],[-110.2236,34.1207],[-110.2207,34.0864],[-110.2129,34.0769],[-110.1859,34.0751],[-110.1561,34.0893],[-110.1426,34.0892],[-110.1366,34.0859],[-110.1325,34.0813],[-110.1303,34.0699],[-110.1486,34.0385],[-110.1488,34.0226],[-110.1312,33.9974],[-110.1044,33.9911],[-110.0997,33.9871],[-110.0877,33.9664],[-110.0623,33.9711],[-110.0324,33.9576],[-109.9407,34.0077],[-109.9209,34.013],[-109.9075,34.0117],[-109.8831,33.9917],[-109.8778,33.9812],[-109.8769,33.9698],[-109.8852,33.9363],[-109.9083,33.9014],[-109.9088,33.884],[-109.8996,33.8765],[-109.8582,33.8557],[-109.8492,33.8472],[-109.8475,33.8414],[-109.8806,33.822],[-109.8878,33.8122],[-109.8873,33.8007],[-109.8782,33.7932],[-109.838,33.7856],[-109.8069,33.7631],[-109.7673,33.7513],[-109.7661,33.7471],[-109.7738,33.7301],[-109.7733,33.7247],[-109.7565,33.6996],[-109.7542,33.6884],[-109.7762,33.6754],[-109.7819,33.6589],[-109.7555,33.6185],[-109.7221,33.6004],[-109.6525,33.5752],[-109.626,33.5699],[-109.6107,33.5588],[-109.6102,33.5531],[-109.614,33.5483],[-109.6611,33.5252],[-109.6697,33.5163],[-109.6743,33.5055],[-109.6733,33.4944],[-109.6575,33.4839],[-109.5968,33.4759],[-109.5697,33.476],[-109.5589,33.4827],[-109.5292,33.521],[-109.5103,33.5264],[-109.4981,33.5219],[-109.4778,33.4925],[-109.4053,33.4759],[-109.4003,33.4726],[-109.3902,33.4512],[-109.3787,33.4455],[-109.3723,33.4472],[-109.3591,33.4603],[-109.3419,33.4914],[-109.3261,33.5101],[-109.2346,33.548],[-109.2064,33.5728],[-109.1994,33.5739],[-109.1944,33.5703],[-109.1442,33.5234],[-109.1004,33.5074],[-109.074,33.5028],[-109.0468,33.5079],[-109.0299,33.5266],[-109.0114,33.5361],[-109.005,33.5427],[-109.0061,33.5477],[-108.9992,33.552],[-108.9992,33.5581],[-108.9855,33.5534],[-108.9739,33.5409],[-108.9713,33.5309],[-108.9603,33.522],[-108.9545,33.5216],[-108.9587,33.5356],[-108.9487,33.5502],[-108.9224,33.5691],[-108.9155,33.578],[-108.904,33.5841],[-108.9019,33.563],[-108.9129,33.5559],[-108.924,33.5552],[-108.9303,33.5509],[-108.9345,33.5423],[-108.9329,33.5355],[-108.9245,33.5341],[-108.9055,33.5455],[-108.9003,33.5419],[-108.8871,33.5426],[-108.8818,33.5376],[-108.8755,33.5405],[-108.8692,33.5341],[-108.8697,33.5308],[-108.8882,33.5316],[-108.9076,33.5259],[-108.895,33.5194],[-108.9008,33.5005],[-108.9055,33.503],[-108.9092,33.5116],[-108.9129,33.5095],[-108.9129,33.503],[-108.9197,33.5048],[-108.9292,33.5009],[-108.9303,33.493],[-108.9276,33.4884],[-108.915,33.4923],[-108.9113,33.4891],[-108.9145,33.458],[-108.9123,33.4545],[-108.9081,33.4534],[-108.8987,33.4591],[-108.8997,33.4677],[-108.8908,33.4826],[-108.8655,33.4869],[-108.866,33.4912],[-108.8818,33.4912],[-108.8792,33.4976],[-108.8813,33.5016],[-108.8781,33.5041],[-108.8629,33.5048],[-108.8571,33.499],[-108.8555,33.4883],[-108.8413,33.4887],[-108.8334,33.4787],[-108.8234,33.4836],[-108.8197,33.4719],[-108.8055,33.4715],[-108.796,33.4754],[-108.7808,33.4686],[-108.7818,33.4657],[-108.8124,33.454],[-108.8297,33.4383],[-108.8334,33.4237],[-108.855,33.394],[-108.8439,33.3837],[-108.846,33.3587],[-108.8344,33.3529],[-108.8366,33.3633],[-108.8308,33.3654],[-108.826,33.3608],[-108.8223,33.349],[-108.825,33.3358],[-108.8202,33.3172],[-108.8244,33.2897],[-108.8181,33.2743],[-108.8018,33.264],[-108.7908,33.2536],[-108.786,33.2436],[-108.7755,33.2361],[-108.7544,33.2353],[-108.7508,33.2324],[-108.746,33.2353],[-108.7397,33.2335],[-108.7308,33.2381],[-108.7213,33.2309],[-108.7139,33.242],[-108.7097,33.2427],[-108.7087,33.2273],[-108.7023,33.2216],[-108.6997,33.2123],[-108.6744,33.1915],[-108.6744,33.1873],[-108.6671,33.1779],[-108.6523,33.1726],[-108.6497,33.1643],[-108.6208,33.1382],[-108.6039,33.1424],[-108.5934,33.1352],[-108.5771,33.0991],[-108.5713,33.0712],[-108.5555,33.0554],[-108.5381,33.0497],[-108.5366,33.0418],[-108.505,33.0281],[-108.4913,33.0391],[-108.4855,33.0398],[-108.4718,33.0248],[-108.4392,33.0235],[-108.4271,33.0156],[-108.4166,33.0156],[-108.3865,33.0029],[-108.376,33.0079],[-108.3544,33.0013],[-108.3523,33.0042],[-108.3407,33.0009],[-108.3319,32.9898],[-108.3335,32.987],[-108.3435,32.9909],[-108.3803,32.9915],[-108.3793,32.9847],[-108.365,32.9796],[-108.3656,32.9725],[-108.355,32.9728],[-108.3592,32.9639],[-108.3487,32.9645],[-108.3429,32.9563],[-108.3303,32.953],[-108.3287,32.9462],[-108.3482,32.9324],[-108.3703,32.9221],[-108.3703,32.9164],[-108.355,32.9153],[-108.3561,32.9092],[-108.3518,32.8995],[-108.3482,32.8977],[-108.3434,32.9013],[-108.3382,32.8977],[-108.3287,32.8976],[-108.3276,32.8916],[-108.3202,32.884],[-108.3044,32.8854],[-108.296,32.8925],[-108.2929,32.8917],[-108.2934,32.8817],[-108.286,32.8799],[-108.2802,32.8717],[-108.276,32.8734],[-108.276,32.8781],[-108.2813,32.8888],[-108.2692,32.8969],[-108.2528,32.8901],[-108.2544,32.8811],[-108.2502,32.8754],[-108.2344,32.8739],[-108.227,32.8781],[-108.2049,32.8562],[-108.2012,32.8408],[-108.2075,32.8348],[-108.208,32.828],[-108.2059,32.8241],[-108.1991,32.8229]],[[-106.8339,35.5544],[-106.8231,35.5581],[-106.8152,35.565],[-106.7849,35.5713],[-106.7839,35.5759],[-106.7553,35.6071],[-106.7388,35.6318],[-106.7223,35.6367],[-106.7108,35.6286],[-106.6931,35.6292],[-106.679,35.6436],[-106.652,35.6901],[-106.6329,35.6938],[-106.6362,35.6808],[-106.6346,35.659],[-106.6483,35.6392],[-106.6456,35.6319],[-106.6616,35.6114],[-106.6654,35.5995],[-106.6608,35.5976],[-106.6543,35.6018],[-106.6487,35.5994],[-106.6309,35.6089],[-106.6254,35.5996],[-106.6101,35.5911],[-106.5998,35.5948],[-106.5955,35.609],[-106.5889,35.6131],[-106.5815,35.6119],[-106.5728,35.5988],[-106.5649,35.5957],[-106.543,35.6009],[-106.533,35.6176],[-106.5265,35.6145],[-106.5215,35.6072],[-106.5177,35.6079],[-106.5083,35.614],[-106.5073,35.6201],[-106.5114,35.632],[-106.5071,35.6392],[-106.494,35.6433],[-106.4675,35.6439],[-106.4614,35.6472],[-106.4597,35.6656],[-106.448,35.6735],[-106.4498,35.677],[-106.4474,35.6819],[-106.4525,35.6862],[-106.4473,35.6911],[-106.4366,35.6918],[-106.4346,35.6986],[-106.43,35.6955],[-106.4282,35.6867],[-106.4245,35.6852],[-106.416,35.6977],[-106.4021,35.693],[-106.389,35.694],[-106.3857,35.6978],[-106.3935,35.7094],[-106.3868,35.7162],[-106.41,35.7321],[-106.4075,35.7443],[-106.4121,35.7485],[-106.422,35.7747],[-106.414,35.7765],[-106.394,35.7725],[-106.3834,35.7663],[-106.3712,35.7673],[-106.3775,35.7555],[-106.3731,35.734],[-106.3689,35.7313],[-106.3656,35.7362],[-106.3692,35.7481],[-106.3505,35.7453],[-106.3425,35.7529],[-106.3483,35.7732],[-106.344,35.7754],[-106.3324,35.7707],[-106.3277,35.7741],[-106.3253,35.7821],[-106.3135,35.7897],[-106.3116,35.7954],[-106.3199,35.8028],[-106.3224,35.8223],[-106.3186,35.8257],[-106.3069,35.826],[-106.305,35.8302],[-106.3003,35.8301],[-106.2937,35.8385],[-106.2843,35.8429],[-106.287,35.8487],[-106.3098,35.8558],[-106.3088,35.8608],[-106.3013,35.8622],[-106.3063,35.8688],[-106.2927,35.871],[-106.3048,35.8772],[-106.2987,35.8794],[-106.2655,35.8764],[-106.2613,35.881],[-106.2738,35.8845],[-106.2724,35.8883],[-106.2528,35.8862],[-106.2662,35.8956],[-106.268,35.9005],[-106.2642,35.9028],[-106.2558,35.9012],[-106.2543,35.9092],[-106.2468,35.9122],[-106.2467,35.9168],[-106.2579,35.9177],[-106.2732,35.9274],[-106.2662,35.9285],[-106.2266,35.9185],[-106.2205,35.9203],[-106.2297,35.9262],[-106.2199,35.9295],[-106.2226,35.9322],[-106.2385,35.9339],[-106.2413,35.9362],[-106.2375,35.9396],[-106.2468,35.9432],[-106.2458,35.9462],[-106.2373,35.9492],[-106.2447,35.955],[-106.2428,35.9627],[-106.2571,35.9735],[-106.2739,35.9806],[-106.2766,35.986],[-106.2741,35.9982],[-106.2595,36.0113],[-106.243,36.0191],[-106.2326,36.0289],[-106.2334,36.0335],[-106.2405,36.0328],[-106.2591,36.0403],[-106.2737,36.037],[-106.2769,36.0428],[-106.2976,36.0346],[-106.3054,36.0469],[-106.3134,36.0486],[-106.3132,36.0604],[-106.316,36.0612],[-106.3202,36.0597],[-106.3231,36.0529],[-106.3325,36.0537],[-106.3368,36.0496],[-106.3485,36.0497],[-106.3508,36.0524],[-106.3488,36.0589],[-106.3627,36.0755],[-106.3622,36.0789],[-106.3532,36.0853],[-106.3512,36.0918],[-106.3576,36.1018],[-106.3698,36.1031],[-106.3749,36.1066],[-106.3779,36.1314],[-106.3963,36.1255],[-106.4065,36.1287],[-106.4107,36.1333],[-106.4224,36.1346],[-106.4239,36.1285],[-106.4352,36.127],[-106.4575,36.1028],[-106.4629,36.0891],[-106.469,36.0872],[-106.4797,36.0931],[-106.4938,36.0924],[-106.498,36.0967],[-106.4988,36.1055],[-106.4912,36.1108],[-106.4906,36.1199],[-106.4817,36.1244],[-106.4886,36.1318],[-106.4995,36.1234],[-106.5182,36.1267],[-106.5328,36.1218],[-106.5318,36.1283],[-106.5388,36.1311],[-106.5391,36.1448],[-106.5669,36.142],[-106.5725,36.1383],[-106.5817,36.1165],[-106.5949,36.1136],[-106.6207,36.1513],[-106.6329,36.1548],[-106.688,36.1396],[-106.6925,36.1117],[-106.707,36.1065],[-106.7183,36.1062],[-106.7216,36.107],[-106.7219,36.1173],[-106.7285,36.1234],[-106.7414,36.1484],[-106.7842,36.1865],[-106.8021,36.1847],[-106.8142,36.1902],[-106.8297,36.1868],[-106.8457,36.1904],[-106.8406,36.1777],[-106.8426,36.1705],[-106.8403,36.1647],[-106.8403,36.1617],[-106.8455,36.1594],[-106.8609,36.1706],[-106.8787,36.1749],[-106.8866,36.1803],[-106.9035,36.1793],[-106.9031,36.1689],[-106.8947,36.1578],[-106.9023,36.1498],[-106.8987,36.1318],[-106.9039,36.1181],[-106.9056,36.0845],[-106.9019,36.078],[-106.9024,36.0665],[-106.8927,36.0538],[-106.8827,36.0121],[-106.8856,36.0041],[-106.8925,35.9983],[-106.8883,35.9872],[-106.8973,35.9777],[-106.8947,35.9475],[-106.8803,35.9283],[-106.8757,35.9137],[-106.8781,35.9019],[-106.8903,35.8912],[-106.8937,35.8832],[-106.8933,35.8725],[-106.8864,35.8572],[-106.8897,35.8461],[-106.8861,35.8189],[-106.895,35.8186],[-106.9147,35.8053],[-106.9054,35.7972],[-106.9065,35.7816],[-106.8963,35.7674],[-106.8955,35.7486],[-106.9195,35.7113],[-106.9191,35.6914],[-106.9224,35.6826],[-106.9323,35.6754],[-106.9351,35.6639],[-106.9226,35.6612],[-106.9146,35.6657],[-106.9034,35.6653],[-106.895,35.6691],[-106.8839,35.6614],[-106.8756,35.6453],[-106.8698,35.6089],[-106.867,35.6054],[-106.8531,35.6019],[-106.8621,35.5851],[-106.8523,35.5767],[-106.846,35.5552],[-106.8339,35.5544]],[[-119.3359,43.5945],[-119.3232,43.5989],[-119.2989,43.5988],[-119.2793,43.6105],[-119.2639,43.6245],[-119.2558,43.6413],[-119.2595,43.6498],[-119.2569,43.6537],[-119.2351,43.6534],[-119.2321,43.6573],[-119.2524,43.6717],[-119.2681,43.6701],[-119.2936,43.693],[-119.3024,43.6959],[-119.3091,43.7025],[-119.3085,43.713],[-119.2954,43.7234],[-119.2964,43.7315],[-119.3124,43.7508],[-119.3249,43.747],[-119.3342,43.7487],[-119.3356,43.7576],[-119.3408,43.7648],[-119.3407,43.7737],[-119.3289,43.7766],[-119.3272,43.7799],[-119.3565,43.7921],[-119.3579,43.7945],[-119.3515,43.8025],[-119.3614,43.8132],[-119.3383,43.8399],[-119.3407,43.8511],[-119.3571,43.8587],[-119.358,43.8707],[-119.338,43.8718],[-119.3433,43.8805],[-119.3344,43.8925],[-119.3303,43.893],[-119.3215,43.8862],[-119.312,43.8876],[-119.284,43.9066],[-119.2848,43.9118],[-119.2933,43.9125],[-119.2982,43.9166],[-119.2808,43.9432],[-119.2811,43.9517],[-119.2893,43.969],[-119.2866,43.977],[-119.2629,43.9664],[-119.257,43.9453],[-119.2466,43.9367],[-119.2615,43.9237],[-119.2756,43.8896],[-119.2959,43.8789],[-119.3049,43.867],[-119.3153,43.8641],[-119.3143,43.8502],[-119.325,43.8303],[-119.3227,43.8099],[-119.3193,43.8047],[-119.3116,43.8042],[-119.2833,43.8254],[-119.2674,43.8219],[-119.2657,43.8114],[-119.2486,43.8154],[-119.2312,43.8148],[-119.2454,43.8413],[-119.2346,43.8493],[-119.2315,43.8595],[-119.1938,43.8739],[-119.1703,43.8648],[-119.1559,43.8711],[-119.143,43.8719],[-119.1368,43.8661],[-119.1339,43.843],[-119.1201,43.8346],[-119.0825,43.8331],[-119.0709,43.8408],[-119.0568,43.8442],[-119.0344,43.8448],[-119.0152,43.8379],[-119.0133,43.8335],[-119.0167,43.8243],[-119.039,43.809],[-119.0392,43.804],[-119.0012,43.7919],[-119.0035,43.7626],[-118.9976,43.7514],[-118.9478,43.7537],[-118.9363,43.7496],[-118.9327,43.7402],[-118.9443,43.7376],[-118.9482,43.7292],[-118.934,43.7224],[-118.9313,43.7147],[-118.933,43.7091],[-118.9289,43.7054],[-118.904,43.7035],[-118.8947,43.7137],[-118.8844,43.7155],[-118.8561,43.7073],[-118.8386,43.7187],[-118.8228,43.7179],[-118.8116,43.7107],[-118.7899,43.7145],[-118.7777,43.7126],[-118.7687,43.7214],[-118.755,43.7162],[-118.7461,43.7169],[-118.7357,43.7313],[-118.7374,43.7384],[-118.731,43.7468],[-118.7296,43.756],[-118.7168,43.7483],[-118.7178,43.7327],[-118.7012,43.716],[-118.6749,43.7092],[-118.6685,43.7161],[-118.6671,43.725],[-118.6719,43.7283],[-118.6853,43.7271],[-118.69,43.7385],[-118.6719,43.7465],[-118.6707,43.7524],[-118.6754,43.7622],[-118.6761,43.7725],[-118.661,43.7789],[-118.6642,43.7976],[-118.6739,43.8004],[-118.6787,43.7982],[-118.6826,43.7897],[-118.6947,43.791],[-118.7071,43.8033],[-118.7074,43.8127],[-118.7129,43.8256],[-118.7385,43.8411],[-118.7511,43.842],[-118.7577,43.8501],[-118.7843,43.8648],[-118.7795,43.8699],[-118.751,43.87],[-118.7381,43.8893],[-118.7328,43.8884],[-118.7218,43.8735],[-118.7139,43.8727],[-118.7143,43.8855],[-118.7235,43.8986],[-118.721,43.9071],[-118.734,43.9136],[-118.7487,43.9264],[-118.7525,43.9355],[-118.7522,43.9471],[-118.7721,43.9533],[-118.7767,43.9604],[-118.7905,43.9695],[-118.8187,43.9797],[-118.8211,43.9822],[-118.8189,43.9861],[-118.8055,43.9889],[-118.792,43.9793],[-118.7625,43.9736],[-118.76,43.9766],[-118.7625,43.9904],[-118.7487,43.9939],[-118.7311,43.9905],[-118.7333,43.9984],[-118.7301,44.0127],[-118.721,44.0287],[-118.7129,44.0274],[-118.7082,44.021],[-118.7147,44.0131],[-118.715,44.0069],[-118.7026,44.0044],[-118.6721,44.0156],[-118.6462,44.0144],[-118.5948,44.02],[-118.5646,44.0087],[-118.56,44.015],[-118.5633,44.0284],[-118.5592,44.0307],[-118.5452,44.0287],[-118.5329,44.0153],[-118.5239,44.0238],[-118.5141,44.0228],[-118.5096,44.0192],[-118.5037,44.0046],[-118.4918,43.998],[-118.4877,43.9914],[-118.4885,43.9874],[-118.5058,43.9725],[-118.5063,43.9678],[-118.5022,43.967],[-118.4809,43.9794],[-118.4642,43.9834],[-118.4628,43.9926],[-118.45,43.9912],[-118.4419,43.9936],[-118.4413,44.0077],[-118.4278,44.0417],[-118.4029,44.0231],[-118.3789,44.0196],[-118.376,44.0067],[-118.3699,44.0018],[-118.3527,44],[-118.3463,44.0039],[-118.3471,44.018],[-118.3394,44.0235],[-118.3398,44.027],[-118.3725,44.0294],[-118.376,44.0329],[-118.3669,44.0469],[-118.3539,44.0468],[-118.3489,44.0497],[-118.3544,44.064],[-118.3313,44.0908],[-118.3456,44.0968],[-118.3497,44.1331],[-118.3469,44.1487],[-118.3317,44.1558],[-118.3251,44.1657],[-118.3198,44.1655],[-118.298,44.1559],[-118.2939,44.1484],[-118.3002,44.1373],[-118.3138,44.1251],[-118.2893,44.1215],[-118.2832,44.1232],[-118.275,44.1304],[-118.2781,44.1385],[-118.268,44.1466],[-118.2648,44.158],[-118.2715,44.1603],[-118.2781,44.1513],[-118.2851,44.1539],[-118.2879,44.1609],[-118.274,44.1733],[-118.2609,44.1727],[-118.2544,44.1768],[-118.2457,44.2054],[-118.2506,44.2178],[-118.2499,44.225],[-118.225,44.2408],[-118.2136,44.2444],[-118.207,44.2622],[-118.1928,44.2752],[-118.1816,44.2732],[-118.1741,44.2652],[-118.1495,44.2611],[-118.1375,44.2506],[-118.1129,44.2523],[-118.0884,44.2407],[-118.0767,44.2412],[-118.0693,44.2458],[-118.066,44.2709],[-118.0952,44.2715],[-118.0829,44.2787],[-118.0821,44.2825],[-118.0934,44.2996],[-118.0801,44.3043],[-118.0802,44.3081],[-118.1,44.3089],[-118.1068,44.3142],[-118.1281,44.3167],[-118.1317,44.3228],[-118.128,44.3349],[-118.1304,44.3356],[-118.1476,44.3334],[-118.1521,44.3258],[-118.1573,44.3238],[-118.1708,44.3239],[-118.1726,44.3299],[-118.1592,44.3474],[-118.1603,44.3558],[-118.1635,44.3578],[-118.1762,44.3498],[-118.1857,44.3497],[-118.194,44.3548],[-118.2181,44.3357],[-118.2409,44.3365],[-118.2445,44.3398],[-118.2434,44.3454],[-118.2349,44.3513],[-118.2413,44.3588],[-118.2433,44.3812],[-118.2497,44.3851],[-118.2577,44.397],[-118.2684,44.3902],[-118.2782,44.3936],[-118.2767,44.4048],[-118.2642,44.4191],[-118.2713,44.4342],[-118.2649,44.4431],[-118.2631,44.4533],[-118.265,44.4574],[-118.2821,44.4624],[-118.2871,44.4678],[-118.2842,44.4706],[-118.2631,44.4716],[-118.2485,44.478],[-118.2444,44.4845],[-118.2508,44.4978],[-118.27,44.5076],[-118.2703,44.5129],[-118.2641,44.5153],[-118.2548,44.5102],[-118.2461,44.5116],[-118.2449,44.5161],[-118.2553,44.5262],[-118.2425,44.5344],[-118.2367,44.5327],[-118.2293,44.5246],[-118.2128,44.5323],[-118.1965,44.5294],[-118.1827,44.5321],[-118.1838,44.5355],[-118.199,44.5437],[-118.2069,44.56],[-118.2189,44.5656],[-118.2192,44.575],[-118.2141,44.5812],[-118.1946,44.5923],[-118.1812,44.5852],[-118.1535,44.5834],[-118.1507,44.5791],[-118.1568,44.5663],[-118.1524,44.5557],[-118.1385,44.5546],[-118.1076,44.5641],[-118.0919,44.5547],[-118.0668,44.5484],[-118.0516,44.5394],[-118.0271,44.5517],[-118.0159,44.5448],[-118.0052,44.5471],[-118.007,44.5557],[-118.0207,44.5632],[-118.0259,44.5764],[-118.022,44.5802],[-117.9942,44.576],[-117.9817,44.5797],[-117.9635,44.5784],[-117.9456,44.5824],[-117.941,44.5793],[-117.9409,44.5637],[-117.9248,44.5499],[-117.9153,44.5439],[-117.8895,44.5391],[-117.8811,44.5306],[-117.8647,44.5261],[-117.8518,44.5043],[-117.8368,44.5014],[-117.8183,44.5114],[-117.7901,44.5162],[-117.7656,44.5115],[-117.7564,44.5202],[-117.7649,44.5313],[-117.7623,44.5362],[-117.7501,44.537],[-117.7312,44.5286],[-117.7188,44.5321],[-117.7091,44.5393],[-117.6894,44.5676],[-117.6909,44.5718],[-117.6992,44.5753],[-117.6974,44.5797],[-117.685,44.5839],[-117.6578,44.5838],[-117.6465,44.5917],[-117.628,44.592],[-117.6179,44.5963],[-117.6148,44.6184],[-117.6274,44.6305],[-117.6514,44.6379],[-117.6789,44.6365],[-117.74,44.654],[-117.752,44.6541],[-117.7724,44.644],[-117.8333,44.6431],[-117.8669,44.6304],[-117.8771,44.6192],[-117.882,44.6182],[-117.9087,44.6312],[-117.9098,44.6482],[-117.931,44.6605],[-117.9355,44.6671],[-117.9245,44.6817],[-117.9259,44.7047],[-117.9083,44.721],[-117.8932,44.7303],[-117.8993,44.7526],[-117.9048,44.7602],[-117.9031,44.7815],[-117.9657,44.803],[-117.9882,44.8075],[-117.9967,44.8125],[-118.022,44.8466],[-118.011,44.8669],[-118.0128,44.8794],[-118.0255,44.8906],[-118.0513,44.9008],[-118.0589,44.9151],[-118.0542,44.941],[-118.0638,44.95],[-118.0645,44.9587],[-118.0563,44.9826],[-118.0606,44.99],[-118.0821,44.9965],[-118.0866,45.0264],[-118.0764,45.0357],[-118.0428,45.0323],[-118.0316,45.0371],[-118.0297,45.0431],[-118.0374,45.0588],[-118.0338,45.0685],[-118.0371,45.0769],[-118.0168,45.0924],[-118.0142,45.1018],[-118.0069,45.1103],[-118.0035,45.1457],[-118.0093,45.158],[-118.0225,45.1676],[-118.027,45.1802],[-118.046,45.1911],[-118.0506,45.197],[-118.0498,45.2069],[-118.0366,45.2141],[-118.0332,45.2205],[-118.035,45.2254],[-118.0497,45.2366],[-118.0576,45.2489],[-118.0597,45.2578],[-118.0533,45.2721],[-118.0702,45.2865],[-118.0838,45.3044],[-118.1023,45.3137],[-118.1093,45.3371],[-118.1245,45.3455],[-118.1253,45.357],[-118.1168,45.3604],[-118.1135,45.3711],[-118.0821,45.3971],[-118.0834,45.4106],[-118.0717,45.4311],[-118.064,45.4578],[-118.0772,45.4902],[-118.07,45.5054],[-118.0816,45.5409],[-118.0723,45.5481],[-118.0665,45.5442],[-118.0519,45.5495],[-118.0315,45.5408],[-118.0281,45.543],[-118.0292,45.555],[-118.0256,45.5591],[-118.0075,45.5516],[-117.9715,45.5633],[-117.9463,45.5422],[-117.9574,45.5329],[-117.9413,45.5226],[-117.933,45.5217],[-117.9293,45.5249],[-117.9289,45.5337],[-117.9426,45.5535],[-117.9543,45.5937],[-117.939,45.5971],[-117.935,45.6064],[-117.9232,45.6143],[-117.9137,45.6159],[-117.8988,45.6124],[-117.887,45.6255],[-117.886,45.6299],[-117.8906,45.6392],[-117.8753,45.6634],[-117.8766,45.6718],[-117.8848,45.6841],[-117.9103,45.691],[-117.9204,45.7018],[-117.9201,45.7081],[-117.914,45.7174],[-117.9024,45.724],[-117.9006,45.7311],[-117.9445,45.7426],[-117.9759,45.742],[-117.9806,45.7465],[-117.9657,45.7521],[-117.9714,45.7573],[-117.9945,45.7616],[-117.9993,45.7599],[-118,45.7552],[-118.017,45.7555],[-118.0427,45.7628],[-118.0525,45.769],[-118.064,45.7704],[-118.0708,45.777],[-118.0368,45.779],[-118.0116,45.7717],[-118.0052,45.7783],[-117.9928,45.7732],[-117.9855,45.7805],[-117.9854,45.7883],[-117.9972,45.7975],[-117.9832,45.7998],[-117.9719,45.7841],[-117.9771,45.7728],[-117.9552,45.7598],[-117.9201,45.7531],[-117.8915,45.7563],[-117.8855,45.7615],[-117.904,45.7668],[-117.8885,45.7718],[-117.8762,45.7635],[-117.8725,45.7537],[-117.8591,45.7401],[-117.8551,45.742],[-117.8584,45.7537],[-117.8541,45.769],[-117.851,45.7671],[-117.8505,45.7557],[-117.8431,45.7433],[-117.8467,45.7359],[-117.8421,45.7316],[-117.7982,45.7327],[-117.7939,45.7366],[-117.793,45.7473],[-117.8108,45.7557],[-117.8269,45.7764],[-117.8171,45.7775],[-117.8203,45.7846],[-117.8183,45.7862],[-117.8028,45.7749],[-117.8002,45.764],[-117.7863,45.7661],[-117.7798,45.7599],[-117.771,45.7616],[-117.7721,45.7695],[-117.7666,45.7871],[-117.7604,45.7924],[-117.7577,45.8055],[-117.7645,45.8162],[-117.775,45.8176],[-117.7649,45.8356],[-117.7587,45.8407],[-117.7659,45.8447],[-117.7848,45.8401],[-117.7855,45.8518],[-117.7677,45.8601],[-117.748,45.8594],[-117.7243,45.8707],[-117.7267,45.8743],[-117.7325,45.8744],[-117.7618,45.8695],[-117.7612,45.8808],[-117.7646,45.8852],[-117.76,45.8911],[-117.7326,45.9007],[-117.7223,45.8891],[-117.6917,45.8922],[-117.6574,45.8852],[-117.6506,45.8896],[-117.6507,45.8949],[-117.6455,45.9017],[-117.6352,45.9033],[-117.6298,45.8951],[-117.6366,45.8782],[-117.6345,45.8722],[-117.6311,45.8718],[-117.6125,45.8757],[-117.5735,45.8933],[-117.5633,45.9027],[-117.5443,45.8999],[-117.4897,45.9065],[-117.4661,45.9182],[-117.4638,45.9311],[-117.4554,45.9386],[-117.4529,45.9493],[-117.4449,45.9563],[-117.4433,45.9647],[-117.4062,45.9817],[-117.4009,45.9994],[-117.3824,46.0129],[-117.3902,46.0368],[-117.3813,46.0358],[-117.3785,46.0466],[-117.3678,46.031],[-117.346,46.0372],[-117.33,46.0349],[-117.3251,46.0424],[-117.329,46.0606],[-117.3223,46.0623],[-117.3049,46.0584],[-117.2933,46.0735],[-117.2786,46.0646],[-117.2502,46.0639],[-117.2454,46.0711],[-117.2542,46.0806],[-117.2516,46.0868],[-117.2451,46.0903],[-117.2429,46.0869],[-117.2297,46.0894],[-117.2272,46.0931],[-117.2186,46.0908],[-117.2114,46.0944],[-117.2118,46.0835],[-117.2072,46.0827],[-117.1988,46.0874],[-117.1838,46.0868],[-117.1807,46.0892],[-117.1806,46.0974],[-117.1769,46.0942],[-117.175,46.0833],[-117.1875,46.0755],[-117.199,46.0729],[-117.2008,46.0701],[-117.1977,46.0677],[-117.2008,46.0652],[-117.2127,46.0656],[-117.2107,46.0565],[-117.1848,46.0634],[-117.1719,46.0593],[-117.1581,46.0711],[-117.152,46.0665],[-117.1485,46.0707],[-117.1412,46.0686],[-117.136,46.0743],[-117.1298,46.0743],[-117.1269,46.083],[-117.118,46.0864],[-117.1412,46.0965],[-117.1529,46.1211],[-117.1688,46.1314],[-117.1832,46.132],[-117.1927,46.138],[-117.2196,46.1453],[-117.2278,46.1503],[-117.2365,46.1635],[-117.2546,46.1728],[-117.2669,46.1675],[-117.2813,46.1682],[-117.299,46.1611],[-117.3151,46.1685],[-117.3303,46.1662],[-117.3365,46.1704],[-117.3413,46.1797],[-117.3728,46.1784],[-117.3743,46.1831],[-117.3677,46.1899],[-117.3533,46.1962],[-117.3462,46.2029],[-117.3691,46.2139],[-117.3955,46.2187],[-117.4098,46.2094],[-117.4298,46.2046],[-117.4291,46.2161],[-117.4208,46.2193],[-117.4119,46.2314],[-117.3982,46.2408],[-117.4098,46.2536],[-117.4066,46.2643],[-117.4091,46.2725],[-117.4193,46.2856],[-117.4411,46.2785],[-117.4676,46.279],[-117.4747,46.2698],[-117.4921,46.2751],[-117.5012,46.2887],[-117.4983,46.2937],[-117.5069,46.2932],[-117.5171,46.3025],[-117.5194,46.321],[-117.5107,46.3235],[-117.5206,46.3269],[-117.5204,46.3302],[-117.5376,46.3458],[-117.5394,46.3558],[-117.5466,46.3602],[-117.5596,46.3605],[-117.5647,46.3564],[-117.5643,46.3496],[-117.57,46.3385],[-117.5565,46.3344],[-117.5711,46.3261],[-117.559,46.3247],[-117.5583,46.3215],[-117.5637,46.3163],[-117.5742,46.3147],[-117.6019,46.3351],[-117.6039,46.3398],[-117.6175,46.3432],[-117.6136,46.3312],[-117.6176,46.3271],[-117.6187,46.3087],[-117.5986,46.2892],[-117.614,46.2877],[-117.6112,46.273],[-117.6224,46.2792],[-117.6354,46.2955],[-117.6505,46.2965],[-117.6628,46.3139],[-117.6752,46.3245],[-117.6902,46.3243],[-117.6982,46.3209],[-117.7088,46.3244],[-117.7173,46.3184],[-117.7166,46.3221],[-117.7435,46.3265],[-117.7428,46.316],[-117.757,46.3165],[-117.7579,46.3102],[-117.7676,46.3038],[-117.7699,46.3062],[-117.7689,46.3195],[-117.7848,46.317],[-117.7979,46.3053],[-117.799,46.2936],[-117.77,46.288],[-117.7654,46.2841],[-117.7653,46.2742],[-117.7878,46.2785],[-117.8023,46.2757],[-117.8087,46.2669],[-117.8193,46.2782],[-117.8278,46.2736],[-117.8395,46.2745],[-117.8537,46.2538],[-117.8536,46.2488],[-117.8473,46.2468],[-117.8357,46.2528],[-117.8261,46.2537],[-117.8254,46.2506],[-117.832,46.2462],[-117.8211,46.2358],[-117.8228,46.2316],[-117.8362,46.2287],[-117.8626,46.2141],[-117.8681,46.2167],[-117.8727,46.2279],[-117.8903,46.2337],[-117.8928,46.2169],[-117.9085,46.2101],[-117.9108,46.2005],[-117.9176,46.1962],[-117.9219,46.1974],[-117.9192,46.2055],[-117.9213,46.2081],[-117.941,46.2033],[-117.949,46.2083],[-117.9619,46.2101],[-117.9658,46.2066],[-117.9634,46.2019],[-117.9675,46.1888],[-117.9769,46.1836],[-117.9744,46.1771],[-117.9777,46.1728],[-117.9733,46.169],[-117.9818,46.1637],[-117.9831,46.1505],[-117.9927,46.1509],[-118.0061,46.1371],[-118.0145,46.1349],[-118.0122,46.1295],[-118.0144,46.126],[-118.0373,46.1272],[-118.0503,46.1246],[-118.0327,46.1222],[-118.0252,46.1179],[-118.0286,46.1071],[-118.0387,46.1053],[-118.0418,46.1097],[-118.0487,46.1111],[-118.0674,46.1089],[-118.1129,46.0902],[-118.114,46.0751],[-118.1187,46.0681],[-118.1413,46.0654],[-118.1338,46.0753],[-118.1448,46.0766],[-118.1486,46.0804],[-118.1574,46.079],[-118.1484,46.0675],[-118.1473,46.0604],[-118.1387,46.0574],[-118.1491,46.055],[-118.1423,46.0319],[-118.147,46.0348],[-118.1523,46.0269],[-118.145,46.0181],[-118.1477,46.0151],[-118.142,46.0037],[-118.1492,46.0026],[-118.1516,45.999],[-118.1486,45.9898],[-118.1526,45.9866],[-118.1447,45.9774],[-118.152,45.9691],[-118.1483,45.9622],[-118.1489,45.9537],[-118.1625,45.9472],[-118.1652,45.943],[-118.162,45.9339],[-118.1788,45.9261],[-118.1869,45.9123],[-118.1994,45.9061],[-118.1937,45.9039],[-118.169,45.911],[-118.1489,45.9076],[-118.1419,45.9131],[-118.1316,45.9144],[-118.1258,45.9123],[-118.1204,45.9046],[-118.1044,45.908],[-118.0982,45.9017],[-118.0988,45.8962],[-118.093,45.8885],[-118.0952,45.8868],[-118.1595,45.8932],[-118.1907,45.8866],[-118.1899,45.8834],[-118.171,45.8737],[-118.169,45.8602],[-118.1606,45.8493],[-118.1425,45.8465],[-118.129,45.8533],[-118.1197,45.8472],[-118.1216,45.8426],[-118.1373,45.8338],[-118.1578,45.8276],[-118.2119,45.8525],[-118.2262,45.8623],[-118.2201,45.8435],[-118.2224,45.8378],[-118.2444,45.8346],[-118.2653,45.8472],[-118.2675,45.8446],[-118.2603,45.8367],[-118.2885,45.8361],[-118.2845,45.8291],[-118.2638,45.8199],[-118.269,45.8051],[-118.2752,45.8009],[-118.3011,45.8162],[-118.3175,45.813],[-118.343,45.8225],[-118.3451,45.8187],[-118.3354,45.8117],[-118.3373,45.8091],[-118.3501,45.8137],[-118.3555,45.808],[-118.3627,45.8075],[-118.373,45.8162],[-118.3792,45.8177],[-118.379,45.8123],[-118.3678,45.7993],[-118.3716,45.7816],[-118.3307,45.7766],[-118.3278,45.7734],[-118.3665,45.7635],[-118.3855,45.7426],[-118.3805,45.7335],[-118.3913,45.7285],[-118.4095,45.7027],[-118.4163,45.6998],[-118.4257,45.702],[-118.4327,45.6941],[-118.4392,45.6921],[-118.4426,45.693],[-118.4461,45.7005],[-118.4504,45.7013],[-118.4703,45.6844],[-118.4576,45.68],[-118.4222,45.6866],[-118.3967,45.6954],[-118.3955,45.6915],[-118.4133,45.6629],[-118.4212,45.6603],[-118.4284,45.6675],[-118.4345,45.657],[-118.4472,45.6612],[-118.4454,45.6561],[-118.4298,45.6516],[-118.4299,45.6426],[-118.4407,45.6443],[-118.4577,45.6358],[-118.4615,45.6466],[-118.4668,45.6498],[-118.4712,45.6472],[-118.4696,45.6385],[-118.4733,45.6385],[-118.4789,45.6458],[-118.4773,45.6571],[-118.4833,45.6562],[-118.4892,45.6369],[-118.5115,45.6267],[-118.5155,45.6265],[-118.5161,45.6325],[-118.5316,45.6271],[-118.5361,45.6215],[-118.5327,45.6075],[-118.5375,45.6087],[-118.5451,45.6172],[-118.5598,45.6185],[-118.5626,45.6104],[-118.5546,45.6015],[-118.5558,45.5975],[-118.5729,45.6072],[-118.582,45.6179],[-118.5885,45.616],[-118.5804,45.6114],[-118.5839,45.6052],[-118.576,45.599],[-118.5772,45.5972],[-118.6022,45.605],[-118.6117,45.6037],[-118.6141,45.6003],[-118.6041,45.5951],[-118.6032,45.5911],[-118.6186,45.5842],[-118.6069,45.5838],[-118.602,45.5779],[-118.6135,45.5728],[-118.6142,45.5679],[-118.6222,45.5593],[-118.6216,45.5491],[-118.6261,45.5478],[-118.6313,45.5522],[-118.6401,45.5425],[-118.6471,45.5422],[-118.6492,45.5375],[-118.6437,45.5077],[-118.6325,45.4988],[-118.6243,45.4677],[-118.6309,45.4629],[-118.6733,45.4588],[-118.681,45.455],[-118.6906,45.4431],[-118.7012,45.4365],[-118.7033,45.4146],[-118.7236,45.3958],[-118.7297,45.3771],[-118.7386,45.3668],[-118.7733,45.3599],[-118.7959,45.3611],[-118.8027,45.357],[-118.8355,45.3519],[-118.8418,45.3469],[-118.8332,45.3369],[-118.8374,45.3313],[-118.8763,45.3348],[-118.8825,45.3323],[-118.8852,45.3251],[-118.8924,45.3205],[-118.9273,45.3287],[-118.9323,45.3251],[-118.9312,45.3069],[-118.9373,45.2958],[-118.9478,45.2936],[-118.9606,45.3025],[-118.9513,45.2862],[-118.98,45.2985],[-118.9833,45.2923],[-118.9757,45.2837],[-118.9787,45.2796],[-118.9898,45.2766],[-119.0081,45.2638],[-119.0178,45.2608],[-119.0272,45.2623],[-119.0379,45.2699],[-119.0441,45.2692],[-119.0536,45.2597],[-119.0666,45.2533],[-119.064,45.2449],[-119.0673,45.2379],[-119.1096,45.2236],[-119.1144,45.2254],[-119.1206,45.2388],[-119.1368,45.248],[-119.1342,45.2568],[-119.1471,45.2575],[-119.1584,45.2622],[-119.1704,45.2612],[-119.1976,45.2503],[-119.2259,45.2581],[-119.2495,45.2539],[-119.3065,45.2581],[-119.3665,45.245],[-119.3827,45.2382],[-119.4016,45.2249],[-119.4031,45.2174],[-119.3983,45.2005],[-119.4026,45.1957],[-119.4112,45.1944],[-119.4309,45.1989],[-119.4375,45.1962],[-119.4393,45.1931],[-119.437,45.1882],[-119.414,45.1698],[-119.4133,45.1646],[-119.4243,45.1662],[-119.446,45.184],[-119.4531,45.186],[-119.4584,45.1815],[-119.4585,45.1747],[-119.4722,45.1663],[-119.4813,45.1557],[-119.5044,45.1527],[-119.5238,45.1315],[-119.5337,45.1333],[-119.5504,45.1452],[-119.5628,45.1468],[-119.5693,45.1413],[-119.5693,45.1247],[-119.5751,45.1206],[-119.5969,45.1179],[-119.6204,45.1099],[-119.6479,45.1178],[-119.6584,45.1053],[-119.673,45.0981],[-119.7081,45.1039],[-119.7361,45.0973],[-119.7455,45.0915],[-119.7523,45.0737],[-119.7609,45.0688],[-119.7828,45.0736],[-119.7889,45.0636],[-119.7948,45.0622],[-119.8442,45.0673],[-119.8482,45.0651],[-119.8525,45.054],[-119.8611,45.051],[-119.8762,45.0559],[-119.9085,45.0521],[-119.9556,45.0542],[-120.0048,45.0451],[-120.0478,45.0253],[-120.0576,45.0236],[-120.0775,45.0226],[-120.0996,45.026],[-120.1265,45.0243],[-120.1649,45.0385],[-120.1583,45.0177],[-120.1533,45.0126],[-120.1192,45.0056],[-120.1067,44.9942],[-120.1059,44.9803],[-120.1127,44.9761],[-120.1416,44.9723],[-120.1553,44.9602],[-120.1592,44.9487],[-120.1777,44.9399],[-120.1908,44.9384],[-120.2137,44.9432],[-120.2133,44.9392],[-120.1929,44.9278],[-120.1838,44.9182],[-120.1993,44.9069],[-120.1975,44.8753],[-120.1837,44.8657],[-120.1661,44.862],[-120.1587,44.8647],[-120.1609,44.8705],[-120.1503,44.8695],[-120.1386,44.8759],[-120.1219,44.8674],[-120.1128,44.8562],[-120.0921,44.8512],[-120.0823,44.8457],[-120.0483,44.8162],[-120.0435,44.8183],[-120.0444,44.8254],[-120.0521,44.8371],[-120.042,44.8373],[-120.0312,44.8287],[-120.0263,44.8315],[-120.033,44.8469],[-120.0286,44.8685],[-120.0336,44.8789],[-120.0282,44.8887],[-120.0248,44.9077],[-120.0107,44.9054],[-119.9971,44.9075],[-119.9966,44.9041],[-120.0017,44.8997],[-120.0157,44.8965],[-120.0138,44.8914],[-119.9721,44.8815],[-119.9665,44.8833],[-119.9558,44.8946],[-119.9528,44.9023],[-119.9395,44.9121],[-119.9328,44.9062],[-119.9276,44.9058],[-119.921,44.9117],[-119.8945,44.9149],[-119.8811,44.9065],[-119.8653,44.9119],[-119.8574,44.9213],[-119.8543,44.919],[-119.8533,44.904],[-119.8494,44.902],[-119.8339,44.9193],[-119.8159,44.9258],[-119.8145,44.9282],[-119.8188,44.935],[-119.8011,44.9509],[-119.7883,44.955],[-119.7807,44.9503],[-119.795,44.9433],[-119.7939,44.9288],[-119.7809,44.9364],[-119.7566,44.9427],[-119.7521,44.9403],[-119.7621,44.9338],[-119.779,44.9328],[-119.7744,44.9109],[-119.7684,44.9121],[-119.7675,44.9262],[-119.7613,44.92],[-119.7302,44.9148],[-119.7277,44.9095],[-119.7305,44.9008],[-119.7111,44.8913],[-119.7074,44.8789],[-119.6932,44.863],[-119.6938,44.8575],[-119.6745,44.8599],[-119.6669,44.8713],[-119.6627,44.872],[-119.6511,44.8716],[-119.6407,44.8649],[-119.6318,44.865],[-119.6308,44.8571],[-119.6394,44.8507],[-119.6535,44.8567],[-119.656,44.8535],[-119.6456,44.8467],[-119.6433,44.8353],[-119.6368,44.8409],[-119.6271,44.8394],[-119.6212,44.8497],[-119.6007,44.842],[-119.5986,44.8386],[-119.6048,44.8276],[-119.6113,44.8242],[-119.6093,44.8222],[-119.5925,44.8256],[-119.5975,44.8319],[-119.5911,44.8415],[-119.5845,44.8436],[-119.5778,44.8409],[-119.5723,44.8439],[-119.5721,44.8499],[-119.5675,44.8535],[-119.5721,44.8606],[-119.5695,44.8633],[-119.5575,44.8599],[-119.5316,44.8599],[-119.518,44.8657],[-119.5026,44.8618],[-119.5118,44.8699],[-119.5125,44.8799],[-119.5104,44.883],[-119.4985,44.8844],[-119.494,44.8891],[-119.4748,44.8876],[-119.4717,44.8824],[-119.4737,44.8718],[-119.4714,44.8693],[-119.4574,44.8692],[-119.449,44.8726],[-119.448,44.8754],[-119.4656,44.8835],[-119.4592,44.8869],[-119.4549,44.8958],[-119.4631,44.9074],[-119.4597,44.912],[-119.4552,44.9115],[-119.4524,44.9071],[-119.4234,44.9056],[-119.4441,44.904],[-119.4434,44.8987],[-119.4507,44.8937],[-119.4519,44.8825],[-119.4472,44.8804],[-119.4407,44.8829],[-119.4247,44.8762],[-119.4271,44.8719],[-119.4363,44.8684],[-119.4273,44.8658],[-119.4099,44.8789],[-119.4241,44.8831],[-119.4279,44.887],[-119.4156,44.8875],[-119.4154,44.9004],[-119.4061,44.9083],[-119.4082,44.9256],[-119.4272,44.9278],[-119.4525,44.9365],[-119.4601,44.936],[-119.4656,44.9319],[-119.4766,44.9318],[-119.4844,44.9266],[-119.509,44.9296],[-119.5133,44.9356],[-119.4977,44.9363],[-119.496,44.9441],[-119.4867,44.953],[-119.4864,44.9717],[-119.4814,44.9771],[-119.4492,44.9669],[-119.4476,44.9566],[-119.4304,44.947],[-119.4256,44.9379],[-119.4161,44.9432],[-119.4145,44.9479],[-119.4252,44.9581],[-119.4298,44.9704],[-119.4427,44.9718],[-119.4692,44.9824],[-119.471,44.9865],[-119.4682,44.9951],[-119.4592,44.9998],[-119.4306,45.003],[-119.4213,45.0073],[-119.4245,45.0161],[-119.4201,45.0221],[-119.4081,45.0068],[-119.4064,45.0164],[-119.4161,45.0357],[-119.4032,45.0246],[-119.3954,45.0248],[-119.3931,45.0292],[-119.3844,45.017],[-119.38,45.0199],[-119.3805,45.0254],[-119.3743,45.0216],[-119.3633,45.0232],[-119.3568,45.0043],[-119.3432,44.9921],[-119.3208,44.9786],[-119.3208,44.9742],[-119.3288,44.974],[-119.3297,44.9714],[-119.3123,44.9635],[-119.3185,44.9544],[-119.3277,44.9634],[-119.3329,44.9597],[-119.3363,44.9608],[-119.3555,44.9915],[-119.3605,44.9948],[-119.3616,44.9914],[-119.3496,44.9591],[-119.3538,44.9592],[-119.3669,44.9711],[-119.3633,44.9597],[-119.3781,44.959],[-119.3752,44.9528],[-119.3626,44.9459],[-119.344,44.9517],[-119.3163,44.9402],[-119.3036,44.9436],[-119.2976,44.9351],[-119.287,44.9302],[-119.2793,44.9303],[-119.2739,44.9349],[-119.2803,44.9508],[-119.2675,44.9511],[-119.2756,44.9613],[-119.2572,44.9522],[-119.2502,44.9529],[-119.2583,44.9613],[-119.2581,44.9722],[-119.2219,44.9729],[-119.2065,44.9621],[-119.1902,44.9601],[-119.172,44.972],[-119.1157,44.9757],[-119.1256,44.9587],[-119.1444,44.9563],[-119.1566,44.9474],[-119.1604,44.9396],[-119.1492,44.9369],[-119.1484,44.9339],[-119.1605,44.9295],[-119.1598,44.9238],[-119.1494,44.9239],[-119.1328,44.9378],[-119.1297,44.9352],[-119.132,44.9272],[-119.1171,44.9285],[-119.1169,44.9248],[-119.1252,44.9221],[-119.1178,44.9191],[-119.1051,44.9265],[-119.101,44.9364],[-119.094,44.936],[-119.1001,44.924],[-119.1078,44.9177],[-119.1002,44.9176],[-119.0854,44.9243],[-119.0698,44.9142],[-119.0674,44.9099],[-119.0721,44.8951],[-119.0717,44.8815],[-119.0679,44.8757],[-119.0577,44.874],[-119.0415,44.8848],[-119.0319,44.9029],[-119.0303,44.9199],[-119.0268,44.9199],[-119.0265,44.9089],[-119.0169,44.9048],[-119.0189,44.8951],[-119.0147,44.8889],[-118.9896,44.8867],[-118.984,44.8745],[-118.9744,44.8701],[-118.9745,44.8601],[-118.9471,44.8546],[-118.946,44.8495],[-118.9378,44.8414],[-118.9514,44.8323],[-118.9365,44.8249],[-118.9351,44.8198],[-118.9244,44.8222],[-118.9138,44.8197],[-118.908,44.815],[-118.9073,44.8092],[-118.9035,44.8081],[-118.8918,44.8146],[-118.9,44.8175],[-118.9029,44.8241],[-118.897,44.8363],[-118.8923,44.8376],[-118.8873,44.835],[-118.8838,44.8276],[-118.8711,44.8286],[-118.8655,44.8254],[-118.8582,44.813],[-118.8668,44.8095],[-118.865,44.802],[-118.8735,44.7916],[-118.8704,44.7907],[-118.8524,44.8028],[-118.8566,44.7867],[-118.8551,44.7822],[-118.8505,44.7815],[-118.843,44.7902],[-118.8348,44.782],[-118.8379,44.7787],[-118.8545,44.7771],[-118.8579,44.7742],[-118.8411,44.7691],[-118.8387,44.7615],[-118.8755,44.7637],[-118.883,44.7581],[-118.8875,44.7481],[-118.9096,44.7435],[-118.9182,44.732],[-118.9388,44.7333],[-118.9471,44.7357],[-118.9489,44.7391],[-118.9415,44.7767],[-118.9442,44.7898],[-118.9674,44.7986],[-118.987,44.7992],[-118.9987,44.8055],[-119.0253,44.8038],[-119.0235,44.797],[-119.0163,44.7907],[-119.0035,44.7865],[-118.9991,44.792],[-118.992,44.7885],[-118.9996,44.7701],[-118.9866,44.7682],[-119.0097,44.7644],[-118.9999,44.7608],[-119.0073,44.7557],[-118.9886,44.7409],[-118.9902,44.7357],[-119.0036,44.7366],[-119.0045,44.732],[-118.9901,44.7305],[-118.9852,44.7269],[-118.9857,44.723],[-118.9996,44.7232],[-119.0091,44.7286],[-119.0123,44.7356],[-119.0195,44.7339],[-118.9939,44.7172],[-119.0025,44.7171],[-119.0016,44.7141],[-118.9796,44.7082],[-118.9772,44.7047],[-118.9842,44.7033],[-119.0137,44.711],[-119.0246,44.7103],[-118.9838,44.7009],[-118.9837,44.6985],[-118.999,44.7004],[-119.003,44.6982],[-118.9741,44.6917],[-118.9715,44.6848],[-118.9739,44.6823],[-119.0021,44.688],[-119.0095,44.6863],[-118.991,44.6752],[-119.0109,44.6781],[-119.0111,44.6759],[-118.9918,44.6689],[-119.0075,44.6657],[-118.9933,44.659],[-118.9861,44.6602],[-118.9881,44.6545],[-119.0219,44.6671],[-119.0233,44.6718],[-119.0185,44.6753],[-119.0189,44.6784],[-119.0287,44.6789],[-119.0402,44.6858],[-119.0626,44.6841],[-119.0804,44.6913],[-119.0884,44.6857],[-119.121,44.6865],[-119.1247,44.6891],[-119.126,44.6984],[-119.1375,44.697],[-119.1512,44.7071],[-119.1641,44.7088],[-119.1702,44.7142],[-119.1762,44.7122],[-119.1853,44.7183],[-119.1885,44.7172],[-119.1864,44.7119],[-119.1938,44.7109],[-119.2161,44.7209],[-119.2259,44.7204],[-119.2419,44.7062],[-119.246,44.7059],[-119.2571,44.7205],[-119.2691,44.7269],[-119.2688,44.7359],[-119.2753,44.7379],[-119.2918,44.7356],[-119.2945,44.7316],[-119.2925,44.7231],[-119.2951,44.7205],[-119.3139,44.7147],[-119.3256,44.7198],[-119.3404,44.7166],[-119.3635,44.6998],[-119.3745,44.682],[-119.3989,44.6717],[-119.4042,44.6612],[-119.4107,44.6579],[-119.43,44.6674],[-119.4361,44.6845],[-119.444,44.6891],[-119.4526,44.6886],[-119.455,44.6834],[-119.4408,44.6632],[-119.4392,44.656],[-119.4419,44.6551],[-119.4591,44.6784],[-119.4617,44.6969],[-119.4786,44.6976],[-119.4941,44.7036],[-119.5008,44.7094],[-119.5105,44.7121],[-119.5166,44.7205],[-119.5255,44.7247],[-119.5254,44.7165],[-119.5094,44.6873],[-119.5178,44.6871],[-119.5106,44.6798],[-119.5246,44.6782],[-119.5272,44.681],[-119.5265,44.6926],[-119.5365,44.697],[-119.5441,44.7183],[-119.5775,44.7325],[-119.5793,44.7278],[-119.5731,44.7156],[-119.5553,44.6955],[-119.5501,44.6696],[-119.5532,44.6653],[-119.5654,44.6649],[-119.5783,44.6767],[-119.5833,44.6752],[-119.5834,44.6711],[-119.5736,44.6563],[-119.5553,44.6438],[-119.5514,44.6323],[-119.5409,44.6326],[-119.5275,44.6235],[-119.5291,44.6194],[-119.534,44.6192],[-119.5515,44.6287],[-119.5571,44.6268],[-119.5561,44.6221],[-119.5384,44.6167],[-119.5307,44.6101],[-119.5484,44.6126],[-119.5576,44.6104],[-119.5311,44.5988],[-119.5362,44.5939],[-119.5505,44.5936],[-119.5486,44.5782],[-119.5421,44.5695],[-119.5258,44.5594],[-119.499,44.5537],[-119.4623,44.5551],[-119.4487,44.5519],[-119.4313,44.5563],[-119.4108,44.5364],[-119.3905,44.5256],[-119.385,44.5193],[-119.368,44.5185],[-119.3529,44.5094],[-119.3507,44.511],[-119.3525,44.5142],[-119.3482,44.5152],[-119.3341,44.5064],[-119.3308,44.5067],[-119.3303,44.5109],[-119.3372,44.5284],[-119.3356,44.5317],[-119.3311,44.5308],[-119.3221,44.5179],[-119.3009,44.5189],[-119.2837,44.5129],[-119.2792,44.5138],[-119.2748,44.5226],[-119.2596,44.5282],[-119.2437,44.5255],[-119.2396,44.5186],[-119.2267,44.5255],[-119.2219,44.5153],[-119.2102,44.5105],[-119.2152,44.4997],[-119.213,44.4979],[-119.2049,44.4989],[-119.1819,44.5105],[-119.1771,44.5104],[-119.1753,44.507],[-119.184,44.501],[-119.1775,44.5001],[-119.1712,44.5058],[-119.1463,44.5148],[-119.1452,44.513],[-119.1606,44.5039],[-119.162,44.4994],[-119.1538,44.4981],[-119.1424,44.5116],[-119.1282,44.5081],[-119.1141,44.4984],[-119.1239,44.483],[-119.1254,44.475],[-119.1105,44.4684],[-119.097,44.4709],[-119.0894,44.4756],[-119.0626,44.4772],[-119.0619,44.4832],[-119.0448,44.4869],[-119.0623,44.5103],[-119.0593,44.5157],[-119.0463,44.5155],[-119.0479,44.508],[-119.0448,44.5057],[-119.0397,44.5068],[-119.0356,44.5143],[-119.0155,44.5096],[-119.0084,44.5022],[-119.0068,44.4933],[-118.9894,44.5001],[-118.9609,44.4962],[-118.9517,44.4933],[-118.9457,44.4861],[-118.9148,44.4769],[-118.9001,44.48],[-118.8788,44.4779],[-118.8335,44.4908],[-118.8152,44.4907],[-118.8024,44.4854],[-118.7891,44.4879],[-118.7593,44.4843],[-118.7317,44.5044],[-118.7298,44.5127],[-118.7178,44.5114],[-118.7215,44.5174],[-118.719,44.5214],[-118.7024,44.5081],[-118.6767,44.5171],[-118.6638,44.5174],[-118.6499,44.5084],[-118.6274,44.5063],[-118.6247,44.5033],[-118.6283,44.4958],[-118.6257,44.4936],[-118.6195,44.494],[-118.6121,44.5017],[-118.6016,44.4988],[-118.612,44.4889],[-118.6004,44.4643],[-118.5865,44.4549],[-118.5948,44.4477],[-118.5947,44.4445],[-118.5536,44.4211],[-118.5542,44.4181],[-118.5671,44.413],[-118.5629,44.412],[-118.5637,44.4081],[-118.5501,44.4025],[-118.5545,44.3973],[-118.5519,44.3907],[-118.5563,44.3763],[-118.5683,44.3706],[-118.5749,44.3552],[-118.606,44.3573],[-118.6471,44.3665],[-118.6523,44.3637],[-118.6747,44.3657],[-118.6898,44.3711],[-118.7194,44.3673],[-118.7301,44.3723],[-118.751,44.3728],[-118.7997,44.3807],[-118.8307,44.3944],[-118.8761,44.3917],[-118.9024,44.3993],[-118.905,44.3979],[-118.9025,44.3908],[-118.9176,44.3769],[-118.9364,44.3791],[-118.9513,44.3862],[-118.9791,44.378],[-119.0167,44.3431],[-119.028,44.3424],[-119.0411,44.3574],[-119.0516,44.3596],[-119.0715,44.3587],[-119.073,44.3507],[-119.0694,44.3452],[-119.0765,44.3442],[-119.1094,44.352],[-119.1218,44.3599],[-119.1399,44.3626],[-119.1476,44.3614],[-119.1488,44.3546],[-119.1524,44.352],[-119.1745,44.354],[-119.189,44.362],[-119.1974,44.3542],[-119.2021,44.3536],[-119.2066,44.3565],[-119.2125,44.3689],[-119.2191,44.3733],[-119.2293,44.372],[-119.2319,44.3642],[-119.2358,44.3637],[-119.2386,44.3774],[-119.2444,44.3797],[-119.2588,44.383],[-119.2821,44.383],[-119.3032,44.3927],[-119.3403,44.3926],[-119.3528,44.398],[-119.3599,44.4082],[-119.3707,44.404],[-119.3725,44.4096],[-119.3774,44.4123],[-119.3906,44.4092],[-119.4073,44.4161],[-119.4231,44.4088],[-119.4326,44.4099],[-119.4423,44.4059],[-119.4481,44.4153],[-119.4542,44.4158],[-119.4853,44.4038],[-119.4921,44.4043],[-119.4978,44.3982],[-119.4875,44.3914],[-119.49,44.3865],[-119.4882,44.3827],[-119.5065,44.3797],[-119.5021,44.3703],[-119.4916,44.3637],[-119.5044,44.3642],[-119.5245,44.355],[-119.5035,44.358],[-119.4945,44.3537],[-119.5012,44.3474],[-119.4936,44.3452],[-119.4974,44.3356],[-119.481,44.3389],[-119.4188,44.3255],[-119.4171,44.3237],[-119.4223,44.3183],[-119.4192,44.3159],[-119.3943,44.3137],[-119.3755,44.3174],[-119.3623,44.3035],[-119.348,44.2982],[-119.3462,44.2893],[-119.3628,44.28],[-119.3969,44.2714],[-119.397,44.2676],[-119.3827,44.2667],[-119.3806,44.2636],[-119.3839,44.2607],[-119.4023,44.2591],[-119.4047,44.2537],[-119.4016,44.2461],[-119.4073,44.2414],[-119.4196,44.2458],[-119.4163,44.2622],[-119.4344,44.2618],[-119.4442,44.2535],[-119.4362,44.2451],[-119.4577,44.2335],[-119.4832,44.2299],[-119.5087,44.2329],[-119.534,44.2227],[-119.5377,44.2248],[-119.5357,44.2372],[-119.541,44.2508],[-119.5493,44.2519],[-119.5511,44.2632],[-119.5575,44.2496],[-119.5621,44.2468],[-119.5682,44.2488],[-119.5737,44.2552],[-119.5736,44.2648],[-119.5568,44.2688],[-119.5551,44.2719],[-119.5771,44.2728],[-119.6021,44.2919],[-119.5991,44.2977],[-119.5801,44.2906],[-119.5716,44.2957],[-119.5715,44.3151],[-119.5781,44.3222],[-119.5751,44.3326],[-119.6042,44.3296],[-119.6114,44.3392],[-119.6335,44.3473],[-119.6267,44.3533],[-119.6104,44.3549],[-119.6036,44.3591],[-119.5771,44.3602],[-119.5851,44.3652],[-119.5849,44.368],[-119.5727,44.3796],[-119.5712,44.3881],[-119.5816,44.4069],[-119.6061,44.4122],[-119.6207,44.4066],[-119.6377,44.4182],[-119.6526,44.4125],[-119.6738,44.4176],[-119.6859,44.424],[-119.6762,44.4341],[-119.6808,44.4371],[-119.7023,44.4361],[-119.7344,44.4424],[-119.7503,44.4392],[-119.7747,44.4502],[-119.7772,44.4475],[-119.7733,44.4387],[-119.7779,44.4376],[-119.8093,44.4497],[-119.8277,44.4684],[-119.8634,44.4788],[-119.8827,44.489],[-119.9095,44.4888],[-119.9271,44.4992],[-119.9407,44.501],[-119.9564,44.4987],[-119.9652,44.4939],[-119.9703,44.4986],[-119.9919,44.4846],[-119.988,44.4975],[-119.9956,44.5058],[-119.9964,44.5124],[-120.0047,44.512],[-120.0037,44.5213],[-120.0238,44.5378],[-120.04,44.5346],[-120.0345,44.5214],[-120.0373,44.5176],[-120.0547,44.509],[-120.0678,44.5087],[-120.0844,44.5],[-120.0887,44.5],[-120.0887,44.5032],[-120.0763,44.5133],[-120.1038,44.5209],[-120.1327,44.5225],[-120.1583,44.5161],[-120.1921,44.5236],[-120.2251,44.5235],[-120.2281,44.5219],[-120.2266,44.5138],[-120.2309,44.5134],[-120.2511,44.5221],[-120.2773,44.5223],[-120.2928,44.5168],[-120.3045,44.5171],[-120.3302,44.53],[-120.333,44.538],[-120.3393,44.5438],[-120.3584,44.5436],[-120.3696,44.5374],[-120.3745,44.5428],[-120.3842,44.5456],[-120.3788,44.5525],[-120.3807,44.5555],[-120.3877,44.5539],[-120.3998,44.5569],[-120.4077,44.5512],[-120.4105,44.5448],[-120.417,44.5438],[-120.443,44.5528],[-120.4505,44.558],[-120.4548,44.5714],[-120.4393,44.5843],[-120.4387,44.6062],[-120.4449,44.6134],[-120.4686,44.6274],[-120.4926,44.6283],[-120.4994,44.6352],[-120.5181,44.6326],[-120.5211,44.6397],[-120.5507,44.6503],[-120.5604,44.6479],[-120.5687,44.6416],[-120.5817,44.6473],[-120.5907,44.6436],[-120.5902,44.6323],[-120.5954,44.6188],[-120.5931,44.616],[-120.5805,44.6159],[-120.5793,44.6063],[-120.5921,44.6069],[-120.5945,44.6042],[-120.5893,44.5894],[-120.5947,44.5809],[-120.6409,44.5812],[-120.6772,44.5882],[-120.731,44.6089],[-120.7838,44.6151],[-120.8076,44.6049],[-120.8176,44.592],[-120.8511,44.5768],[-120.8564,44.5664],[-120.8715,44.5623],[-120.8802,44.5561],[-120.8888,44.5336],[-120.8916,44.4997],[-120.8982,44.4878],[-120.8968,44.4717],[-120.9065,44.4664],[-120.9308,44.4641],[-120.9559,44.4487],[-120.9571,44.4441],[-120.9502,44.428],[-120.9448,44.4246],[-120.93,44.4294],[-120.9101,44.4272],[-120.9022,44.4325],[-120.8883,44.4517],[-120.8643,44.4505],[-120.8303,44.4336],[-120.8024,44.4303],[-120.7746,44.4113],[-120.7686,44.4001],[-120.7519,44.3937],[-120.7474,44.3827],[-120.7364,44.384],[-120.7304,44.3744],[-120.7039,44.3722],[-120.6579,44.3622],[-120.6503,44.3645],[-120.6436,44.3773],[-120.6389,44.38],[-120.6221,44.3764],[-120.6101,44.3802],[-120.5946,44.3738],[-120.5796,44.3645],[-120.5754,44.3479],[-120.5664,44.3444],[-120.5507,44.3446],[-120.5439,44.3406],[-120.5384,44.3255],[-120.5397,44.3153],[-120.545,44.3067],[-120.5453,44.2941],[-120.5531,44.281],[-120.5689,44.2645],[-120.5681,44.2521],[-120.5771,44.2489],[-120.5999,44.2477],[-120.6156,44.2524],[-120.6195,44.2477],[-120.6214,44.2373],[-120.6166,44.2274],[-120.5741,44.212],[-120.5619,44.211],[-120.5353,44.2223],[-120.5141,44.221],[-120.5037,44.2127],[-120.4856,44.2163],[-120.4467,44.2162],[-120.4363,44.2215],[-120.4218,44.2398],[-120.4149,44.2413],[-120.405,44.2399],[-120.3963,44.2345],[-120.3808,44.2365],[-120.3465,44.2168],[-120.317,44.2096],[-120.2945,44.2],[-120.2579,44.1959],[-120.2407,44.1981],[-120.2303,44.1945],[-120.2028,44.1947],[-120.1861,44.2027],[-120.1805,44.2197],[-120.1853,44.2324],[-120.1806,44.2385],[-120.1801,44.2518],[-120.1479,44.2435],[-120.1422,44.2435],[-120.142,44.2486],[-120.1386,44.2498],[-120.1197,44.2427],[-120.119,44.2467],[-120.1351,44.2637],[-120.1283,44.2635],[-120.1157,44.2555],[-120.1086,44.2596],[-120.11,44.2678],[-120.1563,44.2875],[-120.177,44.2928],[-120.1772,44.2966],[-120.165,44.3082],[-120.1424,44.3043],[-120.1447,44.2922],[-120.1254,44.2796],[-120.1112,44.2826],[-120.1075,44.2893],[-120.1135,44.294],[-120.1137,44.2977],[-120.1056,44.2995],[-120.0931,44.2948],[-120.0917,44.286],[-120.0816,44.2787],[-120.0613,44.2873],[-120.0524,44.2798],[-120.0394,44.2789],[-120.0211,44.2864],[-120.0199,44.2904],[-120.0409,44.3003],[-120.0476,44.3101],[-120.0482,44.3174],[-120.0321,44.315],[-120.0202,44.3219],[-120.0112,44.3208],[-119.9862,44.3091],[-119.9725,44.287],[-119.9642,44.2873],[-119.9507,44.3022],[-119.9445,44.3042],[-119.9398,44.304],[-119.9248,44.2919],[-119.9097,44.2862],[-119.9056,44.2796],[-119.905,44.2669],[-119.9176,44.2502],[-119.8933,44.2317],[-119.8768,44.2384],[-119.8776,44.256],[-119.8657,44.2661],[-119.862,44.28],[-119.8527,44.2849],[-119.8417,44.2813],[-119.84,44.2625],[-119.8352,44.2492],[-119.8179,44.2328],[-119.8111,44.2307],[-119.7925,44.2328],[-119.7854,44.2481],[-119.7795,44.251],[-119.7718,44.2493],[-119.7699,44.2359],[-119.763,44.2311],[-119.7497,44.2322],[-119.7395,44.2367],[-119.7235,44.2369],[-119.7157,44.2418],[-119.7198,44.2507],[-119.7172,44.2725],[-119.6998,44.2779],[-119.6845,44.2753],[-119.6766,44.2574],[-119.663,44.252],[-119.658,44.2378],[-119.6421,44.2421],[-119.6277,44.232],[-119.6313,44.2261],[-119.6529,44.214],[-119.6579,44.1992],[-119.6558,44.1862],[-119.6649,44.1766],[-119.6761,44.1718],[-119.6735,44.1581],[-119.6801,44.1491],[-119.6603,44.135],[-119.654,44.1327],[-119.6387,44.1343],[-119.6287,44.1292],[-119.622,44.1225],[-119.6245,44.1107],[-119.6157,44.101],[-119.5829,44.0964],[-119.5767,44.1002],[-119.568,44.1183],[-119.5625,44.1233],[-119.5435,44.1216],[-119.5289,44.1255],[-119.5114,44.1196],[-119.4997,44.1214],[-119.4976,44.1242],[-119.5075,44.1293],[-119.5169,44.1443],[-119.5166,44.1626],[-119.5029,44.1647],[-119.447,44.163],[-119.4446,44.1565],[-119.4618,44.1514],[-119.4451,44.149],[-119.4505,44.1374],[-119.4397,44.136],[-119.4273,44.1415],[-119.42,44.1412],[-119.4161,44.1352],[-119.4247,44.1194],[-119.4071,44.1232],[-119.3848,44.1122],[-119.3743,44.1164],[-119.3585,44.1162],[-119.3419,44.1293],[-119.3296,44.1197],[-119.3156,44.1278],[-119.3139,44.1211],[-119.3032,44.1195],[-119.2829,44.1301],[-119.2666,44.127],[-119.2645,44.1171],[-119.2543,44.1067],[-119.2569,44.0987],[-119.2873,44.0823],[-119.3092,44.0806],[-119.3307,44.061],[-119.3224,44.0483],[-119.3091,44.0433],[-119.3012,44.0436],[-119.2935,44.0482],[-119.2884,44.0437],[-119.2891,44.0385],[-119.2976,44.0373],[-119.2976,44.0333],[-119.3157,44.0347],[-119.3203,44.0314],[-119.3197,44.0274],[-119.3077,44.0264],[-119.2979,44.0194],[-119.2837,44.0195],[-119.2813,44.0138],[-119.2693,44.0099],[-119.2842,44.0063],[-119.2956,43.9978],[-119.2977,43.9893],[-119.3292,43.9883],[-119.3349,43.9769],[-119.3315,43.9667],[-119.3469,43.9644],[-119.3548,43.9586],[-119.3489,43.9503],[-119.3509,43.9435],[-119.3706,43.9441],[-119.3896,43.9677],[-119.3915,43.9861],[-119.3968,43.9916],[-119.3993,44.0006],[-119.39,44.0152],[-119.3919,44.0184],[-119.4103,44.0181],[-119.4532,44.0264],[-119.4628,44.0256],[-119.4884,44.0082],[-119.516,44.0104],[-119.5296,44.0062],[-119.5274,43.9984],[-119.5091,43.9874],[-119.5089,43.9794],[-119.5219,43.9802],[-119.5296,43.9884],[-119.5431,43.991],[-119.5514,43.9878],[-119.5598,43.9722],[-119.5789,43.9702],[-119.5885,43.9652],[-119.6095,43.9769],[-119.6229,43.9761],[-119.6342,43.9699],[-119.6513,43.9705],[-119.6742,43.9655],[-119.6782,43.9618],[-119.6694,43.9536],[-119.6688,43.942],[-119.6747,43.9377],[-119.6779,43.9297],[-119.6982,43.9192],[-119.7028,43.8949],[-119.7445,43.8814],[-119.7449,43.8741],[-119.7385,43.8641],[-119.7499,43.8562],[-119.7531,43.8461],[-119.7805,43.8419],[-119.7877,43.8377],[-119.7804,43.83],[-119.7626,43.8295],[-119.7535,43.812],[-119.7559,43.8059],[-119.7636,43.7998],[-119.7882,43.7938],[-119.7969,43.7786],[-119.7935,43.7648],[-119.7971,43.7594],[-119.8042,43.7602],[-119.8103,43.769],[-119.821,43.7694],[-119.8373,43.7453],[-119.8344,43.7315],[-119.8372,43.7082],[-119.8287,43.6807],[-119.813,43.6737],[-119.7717,43.6694],[-119.7545,43.6797],[-119.7343,43.6837],[-119.7217,43.692],[-119.7011,43.6946],[-119.6974,43.6977],[-119.6878,43.7098],[-119.6834,43.7236],[-119.6574,43.7336],[-119.6509,43.7395],[-119.6483,43.7477],[-119.652,43.7583],[-119.6453,43.7685],[-119.6453,43.7783],[-119.6308,43.7837],[-119.6259,43.7924],[-119.6007,43.7929],[-119.5929,43.8066],[-119.5664,43.7999],[-119.5485,43.7893],[-119.5406,43.7887],[-119.5326,43.7803],[-119.5145,43.7792],[-119.5047,43.7749],[-119.4968,43.7682],[-119.4891,43.7488],[-119.4595,43.748],[-119.4563,43.7356],[-119.4595,43.7296],[-119.4861,43.7248],[-119.5037,43.7142],[-119.5571,43.7065],[-119.575,43.6874],[-119.5756,43.6734],[-119.5823,43.6634],[-119.5823,43.6582],[-119.5703,43.6505],[-119.5566,43.6476],[-119.5431,43.6545],[-119.5297,43.6676],[-119.5209,43.6699],[-119.4898,43.6546],[-119.4617,43.6607],[-119.439,43.655],[-119.4246,43.6552],[-119.4097,43.6476],[-119.3896,43.6507],[-119.3803,43.6456],[-119.3742,43.6338],[-119.3655,43.6286],[-119.3538,43.6018],[-119.3359,43.5945]],[[-117.9796,44.397],[-117.972,44.3986],[-117.9628,44.4085],[-117.9483,44.4088],[-117.939,44.4145],[-117.9266,44.4101],[-117.9193,44.415],[-117.919,44.4213],[-117.9337,44.4354],[-117.9291,44.4477],[-117.9095,44.4537],[-117.877,44.4459],[-117.8437,44.448],[-117.8373,44.4531],[-117.8301,44.4704],[-117.8452,44.4859],[-117.8633,44.4874],[-117.8763,44.4861],[-117.8938,44.4782],[-117.9327,44.4751],[-117.9439,44.4715],[-117.96,44.4597],[-117.9764,44.4552],[-117.9814,44.4497],[-117.9824,44.4415],[-117.9763,44.4199],[-117.9924,44.4053],[-117.9796,44.397]],[[-117.5496,44.4286],[-117.5365,44.4324],[-117.5567,44.4432],[-117.5605,44.4588],[-117.5542,44.4637],[-117.5271,44.4647],[-117.5246,44.4718],[-117.5348,44.4775],[-117.5388,44.4851],[-117.5513,44.4892],[-117.5555,44.4956],[-117.5606,44.4973],[-117.5882,44.4852],[-117.5907,44.4599],[-117.5815,44.4387],[-117.5673,44.4313],[-117.5496,44.4286]],[[-117.0306,44.4875],[-116.982,44.4987],[-116.9748,44.51],[-116.9603,44.5214],[-116.9559,44.5331],[-116.9479,44.5376],[-116.9133,44.5297],[-116.8984,44.5378],[-116.8831,44.5391],[-116.8813,44.546],[-116.8978,44.5662],[-116.8976,44.5794],[-116.9026,44.5947],[-116.895,44.5962],[-116.8599,44.5857],[-116.8474,44.5863],[-116.8407,44.59],[-116.8407,44.6115],[-116.8639,44.6405],[-116.8544,44.6569],[-116.8552,44.6705],[-116.8506,44.685],[-116.8661,44.7012],[-116.9021,44.7079],[-116.9168,44.6881],[-116.932,44.6843],[-116.9458,44.6765],[-116.9738,44.6929],[-116.9834,44.695],[-116.9885,44.6935],[-117,44.6815],[-117.0042,44.6734],[-116.9995,44.6521],[-117.0144,44.6363],[-117.0151,44.6184],[-117.0362,44.6035],[-117.0319,44.5779],[-117.0409,44.5603],[-117.0453,44.5283],[-117.0554,44.5165],[-117.048,44.4973],[-117.0436,44.4922],[-117.0306,44.4875]],[[-117.2782,44.5412],[-117.2631,44.5429],[-117.2298,44.556],[-117.2295,44.5708],[-117.2034,44.5702],[-117.193,44.5848],[-117.1635,44.5905],[-117.1596,44.5946],[-117.1733,44.6007],[-117.1931,44.6018],[-117.2015,44.6052],[-117.1941,44.6152],[-117.1971,44.6309],[-117.2273,44.626],[-117.2462,44.6316],[-117.2669,44.6195],[-117.2842,44.5877],[-117.3057,44.5634],[-117.3057,44.5574],[-117.2913,44.5516],[-117.2782,44.5412]],[[-117.3682,44.6644],[-117.3474,44.6703],[-117.3436,44.682],[-117.3389,44.685],[-117.3294,44.6842],[-117.3117,44.6742],[-117.285,44.6746],[-117.2769,44.6772],[-117.2759,44.6811],[-117.293,44.6991],[-117.2943,44.7163],[-117.2982,44.7201],[-117.3282,44.7167],[-117.345,44.7246],[-117.3829,44.725],[-117.3866,44.7217],[-117.3838,44.71],[-117.3759,44.6963],[-117.3821,44.6811],[-117.3765,44.6691],[-117.3682,44.6644]],[[-117.1395,44.8625],[-117.1309,44.8641],[-117.13,44.869],[-117.1463,44.8804],[-117.1716,44.911],[-117.1782,44.928],[-117.1782,44.9336],[-117.1719,44.9399],[-117.1615,44.943],[-117.1405,44.9403],[-117.1055,44.9297],[-117.0902,44.932],[-117.0687,44.9191],[-117.0485,44.9342],[-117.0163,44.9447],[-116.9988,44.9432],[-116.9723,44.932],[-116.965,44.9325],[-116.953,44.9543],[-116.9143,44.9701],[-116.9062,44.9774],[-116.8867,45.0183],[-116.8885,45.0371],[-116.8859,45.0499],[-116.8616,45.0591],[-116.8577,45.0655],[-116.8578,45.078],[-116.835,45.0915],[-116.8339,45.1004],[-116.8415,45.1136],[-116.8261,45.1328],[-116.8238,45.1532],[-116.8181,45.1549],[-116.8137,45.1526],[-116.8086,45.1345],[-116.8018,45.1304],[-116.7771,45.1433],[-116.7633,45.1739],[-116.7564,45.1735],[-116.7465,45.1648],[-116.7406,45.1669],[-116.7373,45.1782],[-116.7397,45.1858],[-116.7669,45.1856],[-116.7595,45.1933],[-116.7421,45.1931],[-116.7307,45.1974],[-116.7312,45.2139],[-116.7398,45.2195],[-116.7168,45.2346],[-116.719,45.2407],[-116.7412,45.2484],[-116.7397,45.2677],[-116.7357,45.2716],[-116.72,45.2705],[-116.7133,45.285],[-116.695,45.2857],[-116.6925,45.2958],[-116.7082,45.2952],[-116.7092,45.3022],[-116.6673,45.3579],[-116.6419,45.3827],[-116.6464,45.3893],[-116.6525,45.3914],[-116.6745,45.3915],[-116.7073,45.3858],[-116.7116,45.3881],[-116.7104,45.3926],[-116.7035,45.3999],[-116.6763,45.4078],[-116.6454,45.426],[-116.6358,45.4354],[-116.6042,45.4479],[-116.6078,45.4588],[-116.619,45.4663],[-116.6209,45.4708],[-116.6158,45.478],[-116.6111,45.5038],[-116.5979,45.5161],[-116.597,45.5242],[-116.6015,45.5307],[-116.621,45.5391],[-116.6267,45.5481],[-116.5974,45.5687],[-116.5745,45.5975],[-116.5353,45.6126],[-116.5286,45.6205],[-116.526,45.6346],[-116.5285,45.6443],[-116.5473,45.6501],[-116.5685,45.645],[-116.5753,45.6471],[-116.5759,45.6517],[-116.5664,45.6653],[-116.5656,45.6712],[-116.5778,45.6891],[-116.5985,45.6994],[-116.6276,45.7203],[-116.6401,45.7196],[-116.6436,45.709],[-116.6301,45.683],[-116.6264,45.6626],[-116.6389,45.6613],[-116.6616,45.6672],[-116.6846,45.6632],[-116.6883,45.6597],[-116.6874,45.6558],[-116.6734,45.6442],[-116.6678,45.6284],[-116.6476,45.6062],[-116.6458,45.6013],[-116.6488,45.5963],[-116.6585,45.5968],[-116.6761,45.6132],[-116.6874,45.6136],[-116.6922,45.6103],[-116.6936,45.6047],[-116.683,45.5958],[-116.6805,45.5679],[-116.688,45.569],[-116.6965,45.5833],[-116.7071,45.593],[-116.7217,45.5938],[-116.7264,45.5906],[-116.726,45.5873],[-116.7103,45.5648],[-116.724,45.5551],[-116.738,45.559],[-116.7645,45.5784],[-116.7704,45.5768],[-116.7658,45.561],[-116.7727,45.5323],[-116.7778,45.5233],[-116.7882,45.5202],[-116.7931,45.5123],[-116.7765,45.5045],[-116.7625,45.4668],[-116.748,45.4476],[-116.7485,45.4306],[-116.7594,45.4105],[-116.7448,45.3834],[-116.7457,45.3754],[-116.7548,45.3728],[-116.7713,45.3926],[-116.7779,45.3948],[-116.7796,45.392],[-116.7686,45.3641],[-116.7752,45.3439],[-116.7696,45.3239],[-116.7575,45.2993],[-116.7604,45.2809],[-116.7688,45.258],[-116.7729,45.2541],[-116.7907,45.2716],[-116.8057,45.2566],[-116.811,45.257],[-116.8006,45.2764],[-116.804,45.2778],[-116.8105,45.2721],[-116.8207,45.2807],[-116.822,45.2892],[-116.8141,45.3274],[-116.8219,45.3262],[-116.8674,45.302],[-116.8978,45.3057],[-116.895,45.3081],[-116.8797,45.3077],[-116.8753,45.3109],[-116.872,45.3203],[-116.8654,45.3226],[-116.8551,45.3203],[-116.839,45.3351],[-116.836,45.3416],[-116.8443,45.348],[-116.8448,45.3523],[-116.8282,45.3719],[-116.8323,45.3868],[-116.8215,45.4053],[-116.828,45.4047],[-116.8473,45.385],[-116.8612,45.3855],[-116.8735,45.3796],[-116.8356,45.3704],[-116.8586,45.3598],[-116.8613,45.3483],[-116.8576,45.3394],[-116.852,45.3374],[-116.8581,45.33],[-116.865,45.3315],[-116.8757,45.3409],[-116.885,45.3407],[-116.887,45.3499],[-116.8832,45.3585],[-116.898,45.3594],[-116.9057,45.3488],[-116.8947,45.3381],[-116.905,45.3385],[-116.8982,45.3322],[-116.9024,45.3169],[-116.9378,45.2978],[-116.9466,45.3018],[-116.9203,45.3152],[-116.9222,45.3301],[-116.9312,45.332],[-116.9399,45.3229],[-116.9373,45.3354],[-116.9402,45.3379],[-116.961,45.3266],[-116.9611,45.3357],[-116.9727,45.335],[-116.9765,45.3127],[-116.9686,45.2836],[-116.9737,45.2773],[-117.0024,45.2831],[-117.0033,45.2904],[-116.9968,45.3007],[-116.9993,45.305],[-117.0067,45.3074],[-117.0166,45.3046],[-117.0237,45.2958],[-117.0334,45.2953],[-117.0353,45.2873],[-117.0443,45.2781],[-117.0548,45.2739],[-117.0271,45.3081],[-117.0383,45.3043],[-117.0595,45.303],[-117.0703,45.3115],[-117.0809,45.3149],[-117.089,45.3131],[-117.114,45.2967],[-117.1709,45.2961],[-117.1766,45.2994],[-117.1736,45.3054],[-117.1794,45.3122],[-117.1901,45.2995],[-117.196,45.299],[-117.1995,45.3198],[-117.2069,45.3323],[-117.2189,45.3353],[-117.2284,45.3246],[-117.2364,45.324],[-117.2665,45.3381],[-117.2748,45.3513],[-117.2888,45.3542],[-117.3035,45.3739],[-117.318,45.3742],[-117.319,45.3807],[-117.324,45.3848],[-117.3237,45.3913],[-117.3415,45.3971],[-117.3437,45.4072],[-117.3623,45.4227],[-117.3661,45.4287],[-117.3655,45.4384],[-117.3753,45.4387],[-117.3892,45.4484],[-117.4018,45.4437],[-117.4131,45.4339],[-117.4311,45.4373],[-117.4323,45.457],[-117.4508,45.4788],[-117.462,45.4858],[-117.4834,45.5069],[-117.5011,45.5121],[-117.5122,45.5211],[-117.52,45.5354],[-117.5268,45.5397],[-117.5317,45.553],[-117.5367,45.5549],[-117.5581,45.5516],[-117.5749,45.5784],[-117.5842,45.5826],[-117.5884,45.5943],[-117.6014,45.6087],[-117.601,45.6137],[-117.6268,45.6078],[-117.6323,45.6134],[-117.6465,45.6156],[-117.6617,45.6304],[-117.7053,45.6209],[-117.7394,45.6296],[-117.7409,45.6161],[-117.7374,45.6088],[-117.7368,45.5915],[-117.7458,45.5939],[-117.7502,45.588],[-117.7671,45.5818],[-117.7739,45.5762],[-117.7775,45.5676],[-117.7795,45.5536],[-117.7581,45.5461],[-117.758,45.5392],[-117.7964,45.5406],[-117.7837,45.5357],[-117.7758,45.527],[-117.7768,45.5206],[-117.7879,45.5116],[-117.7895,45.5053],[-117.8081,45.5129],[-117.8371,45.519],[-117.8525,45.5191],[-117.8538,45.5161],[-117.8504,45.5139],[-117.8367,45.5126],[-117.8386,45.5076],[-117.8327,45.502],[-117.8346,45.4983],[-117.849,45.5015],[-117.8592,45.5112],[-117.8635,45.5107],[-117.8711,45.5031],[-117.8788,45.509],[-117.8816,45.5006],[-117.8916,45.5006],[-117.8969,45.4829],[-117.9053,45.4735],[-117.9054,45.4654],[-117.9094,45.4655],[-117.9199,45.4764],[-117.918,45.444],[-117.9084,45.4223],[-117.8768,45.4029],[-117.8482,45.3949],[-117.8298,45.3858],[-117.7722,45.3221],[-117.7697,45.3083],[-117.7621,45.3001],[-117.7657,45.2956],[-117.766,45.2844],[-117.7788,45.2788],[-117.7921,45.2821],[-117.7935,45.2775],[-117.7709,45.24],[-117.7511,45.2318],[-117.7534,45.2222],[-117.742,45.2075],[-117.7405,45.1838],[-117.7472,45.1732],[-117.7378,45.156],[-117.7503,45.1518],[-117.7919,45.153],[-117.7966,45.1499],[-117.7688,45.1056],[-117.77,45.0893],[-117.7434,45.0654],[-117.7049,45.0413],[-117.6815,45.0401],[-117.6666,45.0346],[-117.6605,45.0399],[-117.6711,45.058],[-117.6709,45.0668],[-117.6659,45.0724],[-117.6554,45.0693],[-117.6479,45.059],[-117.6456,45.0479],[-117.6188,45.0387],[-117.6155,45.0345],[-117.6167,45.0264],[-117.6126,45.0215],[-117.5918,45.0139],[-117.5955,44.9968],[-117.5877,44.9793],[-117.5785,44.9689],[-117.5771,44.9575],[-117.5712,44.9511],[-117.5527,44.9459],[-117.5418,44.934],[-117.5312,44.9353],[-117.5202,44.9441],[-117.511,44.9472],[-117.479,44.9481],[-117.4632,44.9418],[-117.4444,44.9399],[-117.4228,44.93],[-117.421,44.9267],[-117.427,44.9112],[-117.4231,44.9042],[-117.4099,44.8978],[-117.3931,44.8969],[-117.3905,44.9105],[-117.3799,44.9161],[-117.3738,44.9136],[-117.3649,44.8892],[-117.3591,44.8872],[-117.313,44.8862],[-117.2896,44.8919],[-117.28,44.8909],[-117.2638,44.8831],[-117.2432,44.888],[-117.2152,44.8851],[-117.205,44.8829],[-117.1867,44.8656],[-117.1784,44.8645],[-117.1636,44.8684],[-117.1395,44.8625]],[[-117.2728,45.5624],[-117.2629,45.5646],[-117.2604,45.5704],[-117.2617,45.5874],[-117.2682,45.6002],[-117.2691,45.6104],[-117.2675,45.6345],[-117.2606,45.6571],[-117.2613,45.6682],[-117.2577,45.667],[-117.256,45.6581],[-117.2634,45.6293],[-117.2571,45.5974],[-117.251,45.5901],[-117.2417,45.5884],[-117.2131,45.5708],[-117.2043,45.5728],[-117.1999,45.5849],[-117.1942,45.5907],[-117.1739,45.5893],[-117.1653,45.5954],[-117.1776,45.6123],[-117.1712,45.6162],[-117.1648,45.6093],[-117.1559,45.6073],[-117.1491,45.6189],[-117.1464,45.6323],[-117.147,45.663],[-117.1528,45.6829],[-117.1596,45.6955],[-117.1761,45.6971],[-117.1843,45.7052],[-117.1847,45.7111],[-117.1675,45.7108],[-117.1659,45.7154],[-117.172,45.7208],[-117.1931,45.7259],[-117.1878,45.7323],[-117.1877,45.7376],[-117.1956,45.7458],[-117.1949,45.7627],[-117.1983,45.7684],[-117.2044,45.7695],[-117.2113,45.7609],[-117.2028,45.7462],[-117.2142,45.7358],[-117.2115,45.7174],[-117.2245,45.713],[-117.2305,45.7022],[-117.237,45.7037],[-117.2374,45.7197],[-117.2447,45.7251],[-117.2495,45.7241],[-117.2562,45.7115],[-117.2604,45.7111],[-117.2673,45.7178],[-117.2639,45.7336],[-117.2698,45.7364],[-117.2736,45.7429],[-117.2681,45.7451],[-117.2681,45.7597],[-117.2587,45.7808],[-117.2611,45.7923],[-117.2561,45.8028],[-117.2582,45.819],[-117.2547,45.8234],[-117.2618,45.8386],[-117.2588,45.8483],[-117.2631,45.8632],[-117.281,45.8649],[-117.2927,45.8626],[-117.308,45.851],[-117.3076,45.8434],[-117.3185,45.8538],[-117.3238,45.8541],[-117.3292,45.85],[-117.3336,45.8524],[-117.3372,45.8607],[-117.3504,45.862],[-117.3353,45.8453],[-117.3343,45.8354],[-117.3266,45.8205],[-117.3304,45.8171],[-117.3544,45.8471],[-117.3581,45.8462],[-117.355,45.8405],[-117.3582,45.835],[-117.3563,45.8297],[-117.3636,45.8282],[-117.37,45.8332],[-117.3694,45.839],[-117.373,45.8451],[-117.383,45.849],[-117.3859,45.8434],[-117.3819,45.8274],[-117.3685,45.8107],[-117.3493,45.8042],[-117.3474,45.7962],[-117.3408,45.7929],[-117.3424,45.7905],[-117.3551,45.792],[-117.3555,45.7996],[-117.3642,45.8008],[-117.3687,45.7987],[-117.3655,45.794],[-117.3677,45.792],[-117.386,45.8118],[-117.3951,45.8075],[-117.4098,45.8293],[-117.4244,45.8317],[-117.4196,45.8252],[-117.4219,45.8187],[-117.4193,45.8097],[-117.3947,45.8024],[-117.3966,45.7974],[-117.4054,45.7954],[-117.3773,45.7752],[-117.3596,45.7566],[-117.3548,45.7439],[-117.341,45.7351],[-117.3264,45.7427],[-117.3236,45.7408],[-117.3274,45.7314],[-117.3401,45.7259],[-117.335,45.7171],[-117.3424,45.7101],[-117.3497,45.7137],[-117.349,45.7283],[-117.3602,45.7319],[-117.3742,45.7482],[-117.3814,45.7505],[-117.3769,45.7307],[-117.3831,45.7289],[-117.3864,45.7168],[-117.3929,45.7124],[-117.3896,45.7395],[-117.3988,45.7512],[-117.4138,45.7519],[-117.4184,45.7431],[-117.4164,45.727],[-117.4212,45.7249],[-117.4322,45.7283],[-117.4369,45.7154],[-117.4194,45.7016],[-117.4214,45.6941],[-117.4162,45.6876],[-117.4181,45.6854],[-117.4265,45.6872],[-117.4276,45.6973],[-117.4492,45.7116],[-117.4465,45.7299],[-117.438,45.7529],[-117.4473,45.7568],[-117.4486,45.7605],[-117.434,45.7691],[-117.4284,45.7764],[-117.4299,45.7797],[-117.4272,45.7839],[-117.4442,45.7974],[-117.4501,45.806],[-117.4517,45.8183],[-117.4616,45.8308],[-117.46,45.8493],[-117.463,45.8773],[-117.4741,45.887],[-117.4783,45.8865],[-117.4856,45.8776],[-117.4922,45.8648],[-117.4914,45.8512],[-117.4813,45.843],[-117.4821,45.826],[-117.4678,45.8161],[-117.4717,45.8053],[-117.4711,45.7809],[-117.4632,45.7665],[-117.4793,45.7698],[-117.4883,45.7671],[-117.4844,45.7424],[-117.4742,45.734],[-117.4894,45.7378],[-117.4905,45.7315],[-117.4981,45.734],[-117.5015,45.738],[-117.496,45.7604],[-117.5016,45.7609],[-117.5068,45.7562],[-117.5095,45.7585],[-117.5052,45.7719],[-117.4889,45.7838],[-117.486,45.7904],[-117.4909,45.7957],[-117.4905,45.8156],[-117.4964,45.8403],[-117.5014,45.8398],[-117.5092,45.8331],[-117.5093,45.8256],[-117.5185,45.8303],[-117.5244,45.8255],[-117.5177,45.8141],[-117.5253,45.7979],[-117.524,45.7872],[-117.5298,45.7773],[-117.5242,45.761],[-117.5362,45.7615],[-117.5352,45.7701],[-117.5406,45.7747],[-117.5331,45.7841],[-117.5344,45.8014],[-117.5303,45.8102],[-117.536,45.8238],[-117.5333,45.8398],[-117.5225,45.839],[-117.5077,45.8494],[-117.5105,45.8609],[-117.5077,45.8676],[-117.516,45.873],[-117.5038,45.8815],[-117.5035,45.8877],[-117.5283,45.8851],[-117.5427,45.8758],[-117.5508,45.8807],[-117.5663,45.8747],[-117.5611,45.8416],[-117.5696,45.8376],[-117.5728,45.8388],[-117.5763,45.8604],[-117.5845,45.8677],[-117.5979,45.8543],[-117.61,45.8547],[-117.6188,45.8486],[-117.6281,45.8548],[-117.631,45.8392],[-117.6353,45.8349],[-117.6417,45.835],[-117.6471,45.8403],[-117.6438,45.8577],[-117.6653,45.865],[-117.6763,45.8639],[-117.6898,45.8551],[-117.7048,45.8502],[-117.725,45.8345],[-117.7258,45.8034],[-117.7193,45.789],[-117.7333,45.7822],[-117.7495,45.7655],[-117.7613,45.7282],[-117.761,45.7087],[-117.7502,45.7014],[-117.7111,45.6924],[-117.7101,45.6893],[-117.7134,45.6876],[-117.7403,45.689],[-117.7552,45.685],[-117.7513,45.6814],[-117.7259,45.6778],[-117.7052,45.6625],[-117.7156,45.6582],[-117.7305,45.6664],[-117.738,45.6671],[-117.7471,45.6645],[-117.7456,45.6595],[-117.7342,45.6544],[-117.7158,45.6524],[-117.6965,45.6365],[-117.6621,45.646],[-117.6335,45.6241],[-117.6228,45.6215],[-117.616,45.6258],[-117.6132,45.632],[-117.6025,45.6382],[-117.5996,45.6322],[-117.6065,45.6259],[-117.6057,45.6225],[-117.5874,45.6188],[-117.5826,45.6221],[-117.5875,45.6298],[-117.5852,45.634],[-117.5771,45.6265],[-117.5689,45.6293],[-117.5714,45.6424],[-117.5686,45.6441],[-117.5608,45.6342],[-117.5564,45.6343],[-117.5532,45.64],[-117.5516,45.6336],[-117.5484,45.6324],[-117.5101,45.6406],[-117.5003,45.6399],[-117.4959,45.6502],[-117.483,45.6533],[-117.4764,45.6447],[-117.4609,45.6368],[-117.4611,45.6263],[-117.4584,45.6238],[-117.4268,45.6176],[-117.4211,45.6096],[-117.4025,45.6117],[-117.4047,45.6075],[-117.4404,45.6019],[-117.4476,45.5977],[-117.4333,45.5973],[-117.4179,45.5898],[-117.4136,45.5929],[-117.4216,45.5968],[-117.4197,45.6],[-117.3933,45.6003],[-117.3911,45.5959],[-117.3972,45.5903],[-117.4068,45.5899],[-117.3972,45.5818],[-117.3915,45.5831],[-117.3922,45.5902],[-117.382,45.5951],[-117.3575,45.5939],[-117.3056,45.5675],[-117.2728,45.5624]],[[-116.864,45.685],[-116.847,45.6916],[-116.8445,45.6998],[-116.8376,45.7046],[-116.8444,45.7142],[-116.8448,45.7353],[-116.8365,45.7527],[-116.8187,45.7557],[-116.8138,45.7747],[-116.815,45.7843],[-116.8223,45.7881],[-116.841,45.788],[-116.8379,45.7947],[-116.825,45.8],[-116.8253,45.804],[-116.8424,45.8134],[-116.8442,45.8228],[-116.8541,45.8284],[-116.8583,45.8409],[-116.8641,45.8404],[-116.8684,45.8355],[-116.8739,45.8224],[-116.8816,45.8201],[-116.8887,45.8274],[-116.8959,45.8481],[-116.9216,45.8551],[-116.9263,45.8591],[-116.9298,45.8647],[-116.9292,45.8716],[-116.902,45.8847],[-116.8975,45.894],[-116.9349,45.9111],[-116.9615,45.9452],[-116.9815,45.9431],[-116.9896,45.9378],[-116.9893,45.9284],[-116.9834,45.9216],[-116.9825,45.9113],[-116.9766,45.9049],[-116.977,45.8969],[-116.9674,45.8935],[-116.9666,45.8897],[-116.9904,45.8942],[-117.0061,45.9062],[-117.011,45.9137],[-117.0088,45.9256],[-117.0124,45.9392],[-117.0313,45.942],[-117.0623,45.9378],[-117.0828,45.9273],[-117.0844,45.9185],[-117.0785,45.9163],[-117.0594,45.9253],[-117.034,45.9281],[-117.0308,45.9251],[-117.0395,45.9116],[-117.0383,45.8974],[-117.0466,45.8978],[-117.0608,45.9078],[-117.0732,45.9075],[-117.0735,45.9031],[-117.0652,45.8896],[-117.0707,45.8861],[-117.0814,45.8866],[-117.0887,45.9143],[-117.0936,45.9194],[-117.0994,45.9199],[-117.1083,45.9137],[-117.1125,45.9141],[-117.1258,45.9337],[-117.1313,45.9361],[-117.1371,45.9358],[-117.1386,45.9329],[-117.1335,45.9185],[-117.1371,45.9122],[-117.1353,45.9043],[-117.164,45.8974],[-117.1743,45.9022],[-117.2105,45.9037],[-117.2176,45.8991],[-117.2121,45.8946],[-117.1826,45.8898],[-117.1752,45.8847],[-117.178,45.8817],[-117.2109,45.8814],[-117.222,45.8671],[-117.2201,45.8534],[-117.2155,45.8474],[-117.1925,45.8427],[-117.1705,45.8297],[-117.16,45.8178],[-117.1345,45.8334],[-117.1235,45.8323],[-117.1227,45.8203],[-117.1172,45.8061],[-117.1247,45.8035],[-117.1265,45.799],[-117.1185,45.7971],[-117.1122,45.7868],[-117.1205,45.7817],[-117.1324,45.7843],[-117.1496,45.7797],[-117.1467,45.772],[-117.1379,45.7736],[-117.134,45.7711],[-117.15,45.7641],[-117.1242,45.763],[-117.1272,45.759],[-117.1406,45.7573],[-117.1363,45.7537],[-117.1389,45.7493],[-117.133,45.7431],[-117.1293,45.73],[-117.1167,45.7134],[-117.1081,45.7096],[-117.0965,45.7194],[-117.0869,45.7203],[-117.0832,45.7317],[-117.0635,45.7439],[-117.0592,45.743],[-117.0572,45.7351],[-117.0366,45.7302],[-117.0019,45.7434],[-116.992,45.744],[-116.9821,45.7354],[-116.9782,45.7261],[-116.9683,45.7239],[-116.9573,45.716],[-116.948,45.7163],[-116.9303,45.7098],[-116.9257,45.7118],[-116.9217,45.7199],[-116.9215,45.7268],[-116.9281,45.7377],[-116.9221,45.7423],[-116.9149,45.738],[-116.9141,45.7179],[-116.9044,45.708],[-116.8947,45.688],[-116.8887,45.6851],[-116.8788,45.6885],[-116.864,45.685]],[[-117.4153,45.8623],[-117.4081,45.8639],[-117.4053,45.873],[-117.4099,45.8805],[-117.4066,45.8948],[-117.4086,45.899],[-117.4356,45.9145],[-117.4614,45.9022],[-117.4574,45.8949],[-117.4359,45.8826],[-117.4285,45.8688],[-117.4153,45.8623]],[[-120.0258,44.5749],[-120.017,44.5836],[-120.0096,44.5808],[-119.9866,44.5834],[-119.9616,44.5787],[-119.9612,44.5857],[-119.9539,44.5975],[-119.9448,44.5976],[-119.9399,44.609],[-119.9261,44.6117],[-119.933,44.6165],[-119.933,44.6285],[-119.9078,44.6325],[-119.9043,44.6348],[-119.9046,44.6432],[-119.8939,44.6422],[-119.8844,44.6572],[-119.8843,44.6702],[-119.8748,44.6716],[-119.8749,44.6775],[-119.8817,44.6797],[-119.8824,44.6829],[-119.8661,44.6953],[-119.8597,44.6921],[-119.865,44.6821],[-119.8617,44.6781],[-119.8442,44.6982],[-119.8402,44.6977],[-119.8394,44.6937],[-119.8454,44.6834],[-119.8393,44.6776],[-119.8366,44.6678],[-119.8143,44.6557],[-119.8074,44.6476],[-119.8065,44.6426],[-119.8213,44.6291],[-119.8111,44.6222],[-119.7709,44.6143],[-119.7643,44.6099],[-119.736,44.6091],[-119.7419,44.6332],[-119.7231,44.6353],[-119.723,44.6456],[-119.7163,44.6496],[-119.7137,44.648],[-119.7159,44.6406],[-119.7043,44.6391],[-119.7064,44.6454],[-119.6988,44.6556],[-119.6986,44.6653],[-119.719,44.6737],[-119.7184,44.677],[-119.7103,44.6776],[-119.7105,44.6812],[-119.7247,44.6921],[-119.7306,44.7089],[-119.7288,44.7237],[-119.7314,44.7282],[-119.7406,44.7279],[-119.7578,44.7156],[-119.7529,44.7124],[-119.7354,44.7213],[-119.7494,44.7028],[-119.7474,44.6948],[-119.7417,44.6903],[-119.7352,44.6908],[-119.7347,44.6867],[-119.7432,44.6777],[-119.7569,44.6778],[-119.7684,44.673],[-119.7724,44.681],[-119.7627,44.6843],[-119.7604,44.6879],[-119.7669,44.7095],[-119.7614,44.7265],[-119.7665,44.7258],[-119.7775,44.7125],[-119.7715,44.6957],[-119.7828,44.6952],[-119.7814,44.6868],[-119.7845,44.685],[-119.7891,44.6939],[-119.787,44.7182],[-119.7905,44.7261],[-119.8144,44.7335],[-119.8159,44.7313],[-119.8128,44.7282],[-119.798,44.7234],[-119.7927,44.7113],[-119.8069,44.6967],[-119.8303,44.6911],[-119.8361,44.6956],[-119.8375,44.7093],[-119.8503,44.702],[-119.8585,44.7023],[-119.8573,44.7082],[-119.8422,44.7178],[-119.8431,44.7199],[-119.8599,44.7198],[-119.8904,44.7107],[-119.9109,44.7087],[-119.9156,44.7168],[-119.913,44.7263],[-119.9092,44.7307],[-119.8966,44.7346],[-119.899,44.7389],[-119.9087,44.7408],[-119.9108,44.7498],[-119.9154,44.7508],[-119.9303,44.737],[-119.9428,44.7346],[-119.9508,44.7248],[-119.9707,44.7142],[-119.9808,44.7129],[-119.9836,44.706],[-119.9914,44.7033],[-119.9939,44.6949],[-119.985,44.6843],[-119.9901,44.6666],[-119.999,44.6565],[-120,44.6475],[-119.9897,44.6328],[-119.9992,44.6313],[-120.03,44.6443],[-120.0376,44.642],[-120.0378,44.635],[-120.0318,44.6223],[-120.0457,44.6148],[-120.0533,44.6015],[-120.0418,44.5902],[-120.0291,44.5884],[-120.0294,44.577],[-120.0258,44.5749]],[[-120.4445,44.004],[-120.4302,44.0065],[-120.4203,44.0132],[-120.4049,44.0083],[-120.3945,44.017],[-120.3773,44.0109],[-120.3695,44.0112],[-120.3406,44.0242],[-120.3006,44.0137],[-120.285,44.0375],[-120.2709,44.0432],[-120.2614,44.0405],[-120.2561,44.0309],[-120.2431,44.0235],[-120.223,44.0211],[-120.1948,44.0334],[-120.1934,44.0485],[-120.1964,44.0567],[-120.2116,44.0659],[-120.2668,44.0743],[-120.2827,44.0822],[-120.3162,44.0796],[-120.3381,44.0728],[-120.3473,44.075],[-120.355,44.0844],[-120.3723,44.0802],[-120.3985,44.0946],[-120.4174,44.0833],[-120.4311,44.0949],[-120.4393,44.0946],[-120.442,44.0853],[-120.4471,44.0814],[-120.4634,44.0856],[-120.4969,44.0795],[-120.5182,44.0827],[-120.5427,44.0807],[-120.5972,44.0833],[-120.6009,44.0795],[-120.5932,44.066],[-120.5721,44.059],[-120.5588,44.0458],[-120.5578,44.0405],[-120.5695,44.0362],[-120.5726,44.0267],[-120.5701,44.0207],[-120.5646,44.0178],[-120.5359,44.0106],[-120.5144,44.0138],[-120.481,44.0118],[-120.461,44.015],[-120.4445,44.004]],[[-109.7449,37.5874],[-109.7403,37.5891],[-109.7414,37.6073],[-109.738,37.6103],[-109.7115,37.6073],[-109.7025,37.6108],[-109.7049,37.6279],[-109.7001,37.6434],[-109.7065,37.6652],[-109.6925,37.6742],[-109.6985,37.6811],[-109.7,37.6882],[-109.6921,37.6963],[-109.682,37.6912],[-109.6745,37.6913],[-109.6705,37.7014],[-109.6714,37.7103],[-109.6856,37.7292],[-109.6851,37.7337],[-109.6811,37.7372],[-109.6592,37.733],[-109.6515,37.7369],[-109.6623,37.7599],[-109.6626,37.7728],[-109.6596,37.7784],[-109.6541,37.7773],[-109.6427,37.7568],[-109.6343,37.7539],[-109.6322,37.757],[-109.6382,37.7841],[-109.6279,37.7919],[-109.6107,37.789],[-109.6052,37.7948],[-109.6062,37.8013],[-109.602,37.803],[-109.5979,37.7982],[-109.5928,37.7981],[-109.5811,37.7837],[-109.5636,37.7854],[-109.554,37.7826],[-109.5417,37.7899],[-109.5337,37.7908],[-109.5097,37.7851],[-109.4997,37.7775],[-109.4803,37.7784],[-109.4611,37.7635],[-109.4362,37.7638],[-109.4203,37.7751],[-109.404,37.812],[-109.4072,37.8196],[-109.4036,37.8284],[-109.4124,37.8404],[-109.4117,37.8449],[-109.4057,37.8496],[-109.4151,37.8733],[-109.4296,37.8853],[-109.4363,37.8862],[-109.4288,37.9021],[-109.4318,37.9068],[-109.4419,37.9113],[-109.4303,37.9165],[-109.4505,37.9198],[-109.461,37.9266],[-109.4716,37.941],[-109.4782,37.9382],[-109.4816,37.9456],[-109.4793,37.9524],[-109.4821,37.9539],[-109.4892,37.9534],[-109.5004,37.9448],[-109.5123,37.946],[-109.5311,37.9624],[-109.55,37.9698],[-109.5681,37.9685],[-109.5831,37.9763],[-109.594,37.9626],[-109.6225,37.9418],[-109.6306,37.9322],[-109.6419,37.9381],[-109.6586,37.9294],[-109.6664,37.9297],[-109.6696,37.9325],[-109.6666,37.939],[-109.6685,37.9442],[-109.6888,37.9485],[-109.7025,37.9456],[-109.7229,37.9338],[-109.7463,37.9367],[-109.7559,37.9238],[-109.7816,37.9276],[-109.8257,37.9236],[-109.8327,37.9184],[-109.8381,37.9046],[-109.8264,37.8997],[-109.824,37.8958],[-109.8361,37.8884],[-109.8337,37.8747],[-109.8392,37.8708],[-109.8713,37.8855],[-109.896,37.873],[-109.9006,37.8775],[-109.8985,37.8881],[-109.9045,37.8929],[-109.9072,37.9069],[-109.9116,37.9062],[-109.9176,37.8978],[-109.9302,37.8959],[-109.9397,37.9234],[-109.9464,37.9172],[-109.9464,37.9089],[-109.9599,37.9047],[-109.954,37.8939],[-109.939,37.8928],[-109.9391,37.8869],[-109.9338,37.8818],[-109.9421,37.8714],[-109.9513,37.8733],[-109.9594,37.8822],[-109.972,37.8831],[-109.978,37.8914],[-109.9898,37.8924],[-109.9951,37.8996],[-110.0033,37.8966],[-110.0068,37.8893],[-109.9973,37.8736],[-110.0067,37.864],[-110.0299,37.8568],[-110.0283,37.8532],[-110.0175,37.8553],[-110.0139,37.8507],[-110.0319,37.8444],[-110.0355,37.8338],[-110.0196,37.8452],[-109.9795,37.8519],[-109.9681,37.8614],[-109.9534,37.8616],[-109.9519,37.8534],[-109.9613,37.8482],[-109.9526,37.8457],[-109.9408,37.8473],[-109.932,37.8404],[-109.9366,37.8348],[-109.9568,37.8308],[-109.9639,37.8211],[-109.9635,37.8141],[-109.9426,37.8116],[-109.9343,37.8],[-109.9299,37.7983],[-109.9186,37.8003],[-109.9127,37.8105],[-109.9033,37.8131],[-109.9041,37.8095],[-109.8977,37.8086],[-109.8929,37.8021],[-109.9022,37.8008],[-109.9136,37.7875],[-109.8996,37.7844],[-109.8985,37.7704],[-109.8828,37.7758],[-109.8854,37.7668],[-109.8754,37.7629],[-109.8862,37.7567],[-109.8842,37.7482],[-109.8625,37.7358],[-109.8662,37.7258],[-109.8616,37.7202],[-109.8653,37.7143],[-109.8617,37.7088],[-109.8716,37.7012],[-109.8631,37.698],[-109.8562,37.686],[-109.8731,37.6945],[-109.8825,37.6943],[-109.9102,37.6848],[-109.9124,37.6717],[-109.8948,37.6678],[-109.8656,37.6481],[-109.8566,37.6341],[-109.8585,37.6175],[-109.8503,37.6077],[-109.8416,37.6038],[-109.8437,37.5974],[-109.8397,37.5934],[-109.8289,37.5914],[-109.8214,37.5995],[-109.8098,37.605],[-109.8065,37.6009],[-109.7892,37.6027],[-109.7449,37.5874]],[[-109.1341,38.313],[-109.1153,38.3161],[-109.1142,38.319],[-109.1195,38.322],[-109.1203,38.3302],[-109.1133,38.3333],[-109.1032,38.3311],[-109.0941,38.3425],[-109.0514,38.3357],[-109.0391,38.3422],[-109.0306,38.3387],[-109.0275,38.3415],[-109.0307,38.3515],[-109.0281,38.3542],[-109.0206,38.3516],[-109.0153,38.3388],[-109.0119,38.3378],[-109.0081,38.3459],[-108.9981,38.3342],[-108.9905,38.3317],[-108.9925,38.3404],[-109.0024,38.355],[-109.0124,38.361],[-109.0135,38.3809],[-109.0185,38.386],[-109.0176,38.3965],[-109.0063,38.4029],[-109.0104,38.414],[-109.0083,38.4215],[-108.9987,38.42],[-108.9945,38.4275],[-108.9823,38.4224],[-108.9719,38.4232],[-108.9828,38.4314],[-108.9931,38.4345],[-108.9974,38.4462],[-109.0114,38.4623],[-109.0165,38.4652],[-109.0283,38.4633],[-109.0593,38.487],[-109.0664,38.4884],[-109.078,38.5014],[-109.0863,38.5003],[-109.1005,38.5089],[-109.1016,38.5185],[-109.0878,38.5321],[-109.0878,38.5415],[-109.0933,38.5496],[-109.1123,38.5626],[-109.1263,38.5769],[-109.1473,38.5672],[-109.1598,38.5761],[-109.1757,38.5739],[-109.1859,38.5814],[-109.1999,38.5757],[-109.2132,38.5768],[-109.2298,38.5726],[-109.2316,38.5799],[-109.2259,38.5954],[-109.2273,38.5997],[-109.2482,38.598],[-109.2611,38.608],[-109.2664,38.6057],[-109.2679,38.5992],[-109.285,38.5935],[-109.297,38.5802],[-109.3094,38.5749],[-109.3303,38.5726],[-109.3502,38.581],[-109.3464,38.5721],[-109.3532,38.568],[-109.3566,38.5598],[-109.3499,38.5492],[-109.363,38.5323],[-109.3547,38.5255],[-109.3523,38.5185],[-109.3615,38.5119],[-109.3642,38.4953],[-109.359,38.4921],[-109.3343,38.4935],[-109.3199,38.4984],[-109.3212,38.4865],[-109.3008,38.4908],[-109.2934,38.4833],[-109.297,38.4755],[-109.3199,38.4663],[-109.3229,38.4617],[-109.3232,38.4398],[-109.3126,38.4262],[-109.3083,38.4125],[-109.3135,38.411],[-109.3295,38.4259],[-109.3372,38.4245],[-109.3376,38.4177],[-109.3332,38.4079],[-109.3352,38.4032],[-109.3301,38.3943],[-109.3304,38.3831],[-109.2927,38.3619],[-109.2807,38.3479],[-109.2731,38.3491],[-109.2648,38.3433],[-109.2382,38.3364],[-109.1942,38.3458],[-109.1864,38.3354],[-109.1739,38.3267],[-109.1341,38.313]],[[-108.9771,38.7573],[-108.9692,38.767],[-108.9613,38.7655],[-108.964,38.7766],[-108.9586,38.7836],[-108.9319,38.7896],[-108.9302,38.7954],[-108.887,38.8122],[-108.8728,38.811],[-108.8538,38.815],[-108.8267,38.8078],[-108.8221,38.8095],[-108.8153,38.8195],[-108.8109,38.82],[-108.8013,38.7961],[-108.7801,38.7872],[-108.7476,38.7944],[-108.7326,38.8059],[-108.728,38.8052],[-108.7199,38.7971],[-108.716,38.7975],[-108.7064,38.8078],[-108.7016,38.8071],[-108.6952,38.7998],[-108.6702,38.799],[-108.6547,38.8055],[-108.6463,38.8128],[-108.6173,38.8203],[-108.5783,38.8407],[-108.5792,38.8494],[-108.5764,38.8514],[-108.5638,38.8493],[-108.5555,38.8517],[-108.5554,38.8557],[-108.5449,38.8522],[-108.5489,38.8607],[-108.5327,38.8819],[-108.5792,38.8766],[-108.5783,38.8815],[-108.5576,38.8892],[-108.5614,38.9003],[-108.5668,38.9024],[-108.5691,38.9113],[-108.5879,38.9106],[-108.5848,38.9174],[-108.6012,38.9318],[-108.6159,38.9326],[-108.6183,38.9365],[-108.6096,38.9396],[-108.6223,38.9451],[-108.6286,38.9404],[-108.6342,38.9461],[-108.6492,38.9477],[-108.6532,38.9419],[-108.6578,38.9454],[-108.6653,38.9424],[-108.6674,38.9451],[-108.6619,38.9513],[-108.6604,38.9619],[-108.6683,38.9609],[-108.6715,38.9647],[-108.6778,38.9616],[-108.6803,38.9678],[-108.6847,38.9671],[-108.6944,38.9735],[-108.7127,38.9749],[-108.7119,38.9683],[-108.7188,38.9686],[-108.7201,38.9628],[-108.7286,38.9686],[-108.7336,38.9625],[-108.7378,38.9661],[-108.7462,38.9637],[-108.7497,38.9698],[-108.7598,38.9653],[-108.7627,38.9708],[-108.7871,38.978],[-108.7876,38.973],[-108.7747,38.9569],[-108.7857,38.9574],[-108.7912,38.9629],[-108.8031,38.9581],[-108.8064,38.9655],[-108.8118,38.9608],[-108.813,38.9706],[-108.8176,38.9723],[-108.8175,38.9579],[-108.8222,38.9543],[-108.8281,38.978],[-108.8467,38.9885],[-108.8498,38.982],[-108.8373,38.9721],[-108.8345,38.964],[-108.8507,38.9682],[-108.8609,38.9777],[-108.8625,38.9753],[-108.8591,38.9693],[-108.8683,38.964],[-108.8661,38.9604],[-108.8511,38.9613],[-108.8472,38.9589],[-108.8517,38.9507],[-108.8476,38.9408],[-108.8628,38.938],[-108.8807,38.9429],[-108.8956,38.9425],[-108.9004,38.9387],[-108.9006,38.9335],[-108.9065,38.934],[-108.9165,38.9286],[-108.9228,38.92],[-108.9273,38.9189],[-108.9487,38.932],[-108.9649,38.9259],[-108.9764,38.9416],[-108.979,38.941],[-108.9829,38.9234],[-108.9879,38.9224],[-108.9872,38.9335],[-108.9921,38.9371],[-108.9892,38.9481],[-109.0091,38.953],[-109.0271,38.9351],[-109.0344,38.9351],[-109.0343,38.9105],[-109.0438,38.9047],[-109.047,38.8963],[-109.0447,38.8613],[-109.0166,38.8471],[-108.9994,38.843],[-109.0153,38.8333],[-109.0059,38.8106],[-109.0098,38.8063],[-109.0172,38.8062],[-109.0257,38.8159],[-109.0273,38.8231],[-109.031,38.8246],[-109.0357,38.8212],[-109.0365,38.8158],[-109.0281,38.8029],[-109.0452,38.8045],[-109.0308,38.7908],[-109.0064,38.795],[-108.9995,38.7935],[-108.9873,38.7822],[-108.9812,38.7591],[-108.9771,38.7573]]]]},"properties":{"name":"Arid West","mlra_name":"Central California Coastal Valleys","lrr_name":"California Subtropical Fruit, Truck, and Specialty Crop Region","supplement_url":"https://usace.contentdm.oclc.org/digital/collection/p266001coll1/id/4597/","layer":"wetland_regions"}},{"type":"Feature","geometry":{"type":"Polygon","coordinates":[[[-119.6303,46.3928],[-119.6301,46.3926],[-119.6304,46.3926],[-119.6303,46.3928]]]},"properties":{"name":"Unnamed Lake (15301109)","layer":"nhd_lakes","waterbody_type":"Lake/Pond","area_acres":0.11,"elevation":null,"fcode":39001}},{"type":"Feature","geometry":{"type":"Polygon","coordinates":[[[-119.615,46.3859],[-119.6154,46.3858],[-119.6152,46.386],[-119.615,46.3859]]]},"properties":{"name":"Unnamed Lake (15301112)","layer":"nhd_lakes","waterbody_type":"Lake/Pond","area_acres":0.25,"elevation":null,"fcode":39001}},{"type":"Feature","geometry":{"type":"LineString","coordinates":[[-119.5585,46.4747],[-119.5388,46.4654]]},"properties":{"name":"Unnamed Stream","layer":"nhd_perennial_streams","stream_type":"Perennial Stream","length_miles":null,"flow_direction":"","reach_code":""}},{"type":"Feature","geometry":{"type":"LineString","coordinates":[[-119.5078,46.4477],[-119.5012,46.4458]]},"properties":{"name":"Unnamed Stream","layer":"nhd_perennial_streams","stream_type":"Perennial Stream","length_miles":null,"flow_direction":"","reach_code":""}},{"type":"Feature","geometry":{"type":"LineString","coordinates":[[-119.5388,46.4654],[-119.5335,46.4628]]},"properties":{"name":"Unnamed Stream","layer":"nhd_perennial_streams","stream_type":"Perennial Stream","length_miles":null,"flow_direction":"","reach_code":""}},{"type":"Feature","geometry":{"type":"LineString","coordinates":[[-119.5788,46.4842],[-119.5736,46.4819]]},"properties":{"name":"Unnamed Stream","layer":"nhd_perennial_streams","stream_type":"Perennial Stream","length_miles":null,"flow_direction":"","reach_code":""}},{"type":"Feature","geometry":{"type":"LineString","coordinates":[[-119.5893,46.4883],[-119.5788,46.4842]]},"properties":{"name":"Unnamed Stream","layer":"nhd_perennial_streams","stream_type":"Perennial Stream","length_miles":null,"flow_direction":"","reach_code":""}},{"type":"Feature","geometry":{"type":"LineString","coordinates":[[-119.5348,46.4561],[-119.5284,46.4558]]},"properties":{"name":"Unnamed Stream","layer":"nhd_perennial_streams","stream_type":"Perennial Stream","length_miles":null,"flow_direction":"","reach_code":""}},{"type":"Feature","geometry":{"type":"LineString","coordinates":[[-119.5769,46.468],[-119.5654,46.4723]]},"properties":{"name":"Unnamed Stream","layer":"nhd_perennial_streams","stream_type":"Perennial Stream","length_miles":null,"flow_direction":"","reach_code":""}},{"type":"Feature","geometry":{"type":"LineString","coordinates":[[-119.6153,46.4823],[-119.6077,46.4887]]},"properties":{"name":"Unnamed Stream","layer":"nhd_perennial_streams","stream_type":"Perennial Stream","length_miles":null,"flow_direction":"","reach_code":""}},{"type":"Feature","geometry":{"type":"LineString","coordinates":[[-119.5335,46.4628],[-119.5236,46.4566]]},"properties":{"name":"Unnamed Stream","layer":"nhd_perennial_streams","stream_type":"Perennial Stream","length_miles":null,"flow_direction":"","reach_code":""}},{"type":"Feature","geometry":{"type":"LineString","coordinates":[[-119.5736,46.4819],[-119.5585,46.4747]]},"properties":{"name":"Unnamed Stream","layer":"nhd_perennial_streams","stream_type":"Perennial Stream","length_miles":null,"flow_direction":"","reach_code":""}},{"type":"Feature","geometry":{"type":"LineString","coordinates":[[-119.5654,46.4723],[-119.5585,46.4747]]},"properties":{"name":"Unnamed Stream","layer":"nhd_perennial_streams","stream_type":"Perennial Stream","length_miles":null,"flow_direction":"","reach_code":""}},{"type":"Feature","geometry":{"type":"LineString","coordinates":[[-119.5236,46.4566],[-119.5078,46.4477]]},"properties":{"name":"Unnamed Stream","layer":"nhd_perennial_streams","stream_type":"Perennial Stream","length_miles":null,"flow_direction":"","reach_code":""}},{"type":"Feature","geometry":{"type":"LineString","coordinates":[[-119.5989,46.483],[-119.5893,46.4883]]},"properties":{"name":"Unnamed Stream","layer":"nhd_perennial_streams","stream_type":"Perennial Stream","length_miles":null,"flow_direction":"","reach_code":""}},{"type":"Feature","geometry":{"type":"LineString","coordinates":[[-119.5284,46.4558],[-119.5236,46.4566]]},"properties":{"name":"Unnamed Stream","layer":"nhd_perennial_streams","stream_type":"Perennial Stream","length_miles":null,"flow_direction":"","reach_code":""}},{"type":"Feature","geometry":{"type":"Polygon","coordinates":[[[-119.607,46.5773],[-119.6074,46.5686],[-119.6642,46.5689],[-119.6607,46.5447],[-119.6392,46.5444],[-119.639,46.5383],[-119.6327,46.5377],[-119.631,46.5335],[-119.6164,46.5274],[-119.6163,46.4414],[-119.5962,46.4348],[-119.5445,46.4007],[-119.5122,46.3849],[-119.5122,46.3807],[-119.5324,46.3746],[-119.542,46.3685],[-119.5746,46.3791],[-119.6159,46.4093],[-119.6234,46.4101],[-119.6463,46.4222],[-119.7182,46.4197],[-119.7682,46.4263],[-119.7875,46.4388],[-119.8172,46.4504],[-119.8195,46.4541],[-119.8202,46.4984],[-119.844,46.5126],[-119.8733,46.5152],[-119.8741,46.5259],[-119.8319,46.524],[-119.8122,46.5358],[-119.8,46.538],[-119.8016,46.5522],[-119.7979,46.548],[-119.7905,46.5483],[-119.771,46.5557],[-119.7619,46.5622],[-119.7613,46.573],[-119.7288,46.5774],[-119.607,46.5773]]]},"properties":{"name":"Wautoma","year":2007,"category":"Wildfire","acres":67300.0,"agency":"BLM","source":"BLM","layer":"fire_perimeters"}},{"type":"Feature","geometry":{"type":"Polygon","coordinates":[[[-119.4687,46.4249],[-119.5088,46.4211],[-119.5663,46.4386],[-119.6094,46.4596],[-119.6108,46.483],[-119.591,46.4783],[-119.5222,46.4424],[-119.495,46.4463],[-119.4687,46.4249]]]},"properties":{"name":"Milepost 17","year":2007,"category":"Wildfire","acres":6453.0,"agency":"BLM","source":"BLM","layer":"fire_perimeters"}},{"type":"Feature","geometry":{"type":"Polygon","coordinates":[[[-119.6988,46.5086],[-119.713,46.4964],[-119.7218,46.4697],[-119.7045,46.4715],[-119.654,46.4626],[-119.6537,46.4585],[-119.6475,46.4548],[-119.6273,46.4495],[-119.6268,46.4412],[-119.612,46.4412],[-119.5965,46.4347],[-119.565,46.4165],[-119.5433,46.3997],[-119.5128,46.3859],[-119.5113,46.3813],[-119.5396,46.3689],[-119.5497,46.3686],[-119.5775,46.3791],[-119.6183,46.4085],[-119.6412,46.4183],[-119.692,46.4206],[-119.716,46.4123],[-119.7272,46.4122],[-119.7727,46.4302],[-119.8029,46.4466],[-119.8075,46.4435],[-119.8002,46.4326],[-119.8015,46.4297],[-119.8238,46.4157],[-119.8268,46.404],[-119.8239,46.4002],[-119.8198,46.4007],[-119.8015,46.408],[-119.7998,46.4043],[-119.8033,46.3992],[-119.8117,46.3933],[-119.8586,46.3828],[-119.8804,46.3861],[-119.8961,46.3941],[-119.9227,46.393],[-119.9444,46.4061],[-119.9387,46.4187],[-119.9403,46.4278],[-119.9505,46.3971],[-119.9565,46.392],[-119.994,46.4014],[-120.0283,46.4166],[-120.0399,46.4161],[-120.0449,46.4091],[-120.0525,46.414],[-120.0599,46.4093],[-120.0807,46.4176],[-120.0895,46.4058],[-120.0927,46.4065],[-120.1264,46.4356],[-120.1254,46.441],[-120.1043,46.4547],[-120.1002,46.4615],[-120.111,46.4597],[-120.1172,46.4676],[-120.1178,46.4617],[-120.1308,46.4564],[-120.1323,46.4509],[-120.1359,46.4495],[-120.1392,46.4534],[-120.1358,46.473],[-120.1371,46.4997],[-120.1639,46.5143],[-120.1768,46.5157],[-120.2085,46.5289],[-120.2147,46.5341],[-120.2247,46.5342],[-120.229,46.5401],[-120.2079,46.5672],[-120.1998,46.569],[-120.1995,46.5761],[-120.2099,46.5777],[-120.2106,46.5813],[-120.2046,46.5885],[-120.2049,46.6025],[-120.1995,46.6056],[-120.1871,46.6312],[-120.1843,46.6204],[-120.1705,46.6167],[-120.1713,46.6067],[-120.1622,46.6022],[-120.1121,46.599],[-120.0676,46.5905],[-120.0272,46.5957],[-120.016,46.5744],[-119.9949,46.5611],[-119.9892,46.5533],[-119.9848,46.5607],[-119.9724,46.5707],[-119.9678,46.5834],[-119.9634,46.5856],[-119.9478,46.578],[-119.9267,46.5808],[-119.919,46.597],[-119.8903,46.5906],[-119.8595,46.5908],[-119.8346,46.5808],[-119.8492,46.5638],[-119.8522,46.5517],[-119.8629,46.5488],[-119.8633,46.546],[-119.8631,46.5399],[-119.8543,46.5391],[-119.8502,46.5286],[-119.8421,46.5273],[-119.8159,46.5273],[-119.7841,46.5323],[-119.7203,46.5567],[-119.6988,46.5086]]]},"properties":{"name":"Range 12","year":2016,"category":"Wildfire","acres":175245.0,"agency":"BLM","source":"BLM","layer":"fire_perimeters"}},{"type":"Feature","geometry":{"type":"Polygon","coordinates":[[[-119.4933,46.3174],[-119.5072,46.3139],[-119.5094,46.3213],[-119.5198,46.3313],[-119.5116,46.3361],[-119.5126,46.3432],[-119.554,46.369],[-119.5444,46.3808],[-119.5486,46.3859],[-119.541,46.3816],[-119.5351,46.3731],[-119.5199,46.3659],[-119.487,46.3583],[-119.4838,46.3547],[-119.4849,46.3508],[-119.4798,46.3474],[-119.4815,46.345],[-119.4741,46.3433],[-119.4929,46.3305],[-119.4933,46.3174]]]},"properties":{"name":"Wagon Wheel","year":2018,"category":"Wildfire","acres":4047.0,"agency":"BLM","source":"BLM","layer":"fire_perimeters"}},{"type":"Feature","geometry":{"type":"Polygon","coordinates":[[[-119.802,46.5293],[-119.7803,46.5305],[-119.7604,46.5417],[-119.7233,46.5544],[-119.7176,46.5377],[-119.7113,46.5269],[-119.7034,46.5215],[-119.6988,46.5081],[-119.7132,46.4965],[-119.7219,46.4698],[-119.7123,46.4724],[-119.661,46.4652],[-119.6542,46.4627],[-119.6538,46.4586],[-119.6477,46.455],[-119.6275,46.4497],[-119.627,46.4413],[-119.6121,46.4413],[-119.5967,46.4349],[-119.5652,46.4167],[-119.5434,46.3998],[-119.5109,46.3842],[-119.5135,46.3799],[-119.5442,46.3679],[-119.5777,46.3792],[-119.6184,46.4086],[-119.6413,46.4184],[-119.6921,46.4207],[-119.7162,46.4124],[-119.7274,46.4123],[-119.7729,46.4303],[-119.8031,46.4467],[-119.8077,46.4436],[-119.8004,46.4327],[-119.8017,46.4298],[-119.824,46.4158],[-119.827,46.4041],[-119.824,46.4003],[-119.82,46.4008],[-119.8017,46.4081],[-119.7991,46.4068],[-119.8013,46.4009],[-119.8119,46.3934],[-119.8588,46.3829],[-119.8806,46.3862],[-119.8963,46.3942],[-119.9229,46.3931],[-119.9446,46.4062],[-119.9389,46.4188],[-119.9405,46.428],[-119.9506,46.3972],[-119.9567,46.3921],[-119.9942,46.4016],[-120.0285,46.4167],[-120.04,46.4162],[-120.045,46.4092],[-120.0527,46.4141],[-120.0601,46.4094],[-120.0808,46.4177],[-120.0897,46.4059],[-120.0929,46.4066],[-120.1009,46.4162],[-120.1291,46.4371],[-120.1539,46.4259],[-120.1585,46.429],[-120.1394,46.4535],[-120.136,46.4731],[-120.1372,46.4998],[-120.164,46.5144],[-120.2001,46.5225],[-120.2249,46.5344],[-120.2292,46.5402],[-120.2073,46.571],[-120.2086,46.5907],[-120.1928,46.6199],[-120.1892,46.6213],[-120.173,46.6186],[-120.1707,46.6168],[-120.1715,46.6068],[-120.1623,46.6024],[-120.1122,46.5992],[-120.0678,46.5906],[-120.0274,46.5958],[-120.0162,46.5745],[-119.9951,46.5612],[-119.985,46.5608],[-119.979,46.5644],[-119.9636,46.5857],[-119.948,46.5781],[-119.9268,46.5809],[-119.9178,46.5963],[-119.8841,46.5901],[-119.8618,46.5915],[-119.8347,46.5809],[-119.8494,46.5639],[-119.8524,46.5519],[-119.8608,46.5462],[-119.8592,46.5413],[-119.8417,46.5283],[-119.802,46.5293]]]},"properties":{"name":"Range 12","year":2016,"category":"Wildfire","acres":176834.0,"agency":"DOD","source":"FWS","layer":"fire_perimeters"}},{"type":"Feature","geometry":{"type":"Polygon","coordinates":[[[-119.5479,46.3862],[-119.535,46.3732],[-119.5239,46.3674],[-119.5064,46.3646],[-119.4845,46.356],[-119.4851,46.3511],[-119.4798,46.3477],[-119.4814,46.3453],[-119.4746,46.3432],[-119.4928,46.331],[-119.4934,46.3175],[-119.5069,46.3134],[-119.5101,46.3223],[-119.5196,46.3315],[-119.5112,46.3372],[-119.5127,46.3432],[-119.5537,46.3688],[-119.5446,46.3807],[-119.5479,46.3862]]]},"properties":{"name":"Wagon Wheel","year":2018,"category":"Wildfire","acres":4038.0,"agency":"FWS","source":"FWS","layer":"fire_perimeters"}},{"type":"Feature","geometry":{"type":"Polygon","coordinates":[[[-119.544,46.3804],[-119.549,46.3745],[-119.559,46.3711],[-119.5694,46.375],[-119.6089,46.4037],[-119.6441,46.421],[-119.6793,46.4197],[-119.6898,46.423],[-119.7072,46.418],[-119.7128,46.4192],[-119.7199,46.4253],[-119.7303,46.426],[-119.7452,46.4349],[-119.7447,46.4418],[-119.7729,46.4536],[-119.7684,46.4729],[-119.7755,46.4873],[-119.789,46.4983],[-119.7912,46.5228],[-119.788,46.5337],[-119.7685,46.5444],[-119.7776,46.5561],[-119.7697,46.5705],[-119.766,46.5733],[-119.7423,46.5748],[-119.7185,46.563],[-119.7104,46.5624],[-119.6908,46.5476],[-119.6714,46.5194],[-119.6855,46.5115],[-119.6817,46.5036],[-119.6571,46.4903],[-119.6459,46.4581],[-119.6268,46.4449],[-119.5902,46.4315],[-119.5434,46.4004],[-119.51,46.3836],[-119.5323,46.3741],[-119.544,46.3804]]]},"properties":{"name":"Cold Creek","year":2019,"category":"Wildfire","acres":41748.0,"agency":"FWS","source":"FWS","layer":"fire_perimeters"}}],"metadata":{"site_id":"hanford-reach-monument","retrieved_at":"2026-08-24T05:54:43.662522Z","nepa_mcp_version":"0.1.1","buffer_miles":5.0,"layers":{"roi":{"status":"ok","feature_count":2,"warnings":[],"query_buffer_miles":5.0},"tribal_lands":{"status":"empty","feature_count":0,"warnings":[],"query_buffer_miles":5.0},"critical_habitat":{"status":"empty","feature_count":0,"warnings":[],"query_buffer_miles":5.0},"wildlife_refuges":{"status":"ok","feature_count":1,"warnings":[],"query_buffer_miles":5.0},"usace_districts":{"status":"ok","feature_count":1,"warnings":[],"query_buffer_miles":5.0},"wetland_regions":{"status":"ok","feature_count":1,"warnings":[],"query_buffer_miles":5.0},"nhd_lakes":{"status":"ok","feature_count":2,"warnings":[],"query_buffer_miles":5.0},"nhd_reservoirs":{"status":"empty","feature_count":0,"warnings":[],"query_buffer_miles":5.0},"nhd_perennial_streams":{"status":"ok","feature_count":14,"warnings":[],"query_buffer_miles":5.0},"nhd_stream_areas":{"status":"empty","feature_count":0,"warnings":[],"query_buffer_miles":5.0},"federal_lands":{"status":"empty","feature_count":0,"warnings":[],"query_buffer_miles":0.1},"nps_boundaries":{"status":"empty","feature_count":0,"warnings":[],"query_buffer_miles":5.0},"fire_perimeters":{"status":"ok","feature_count":7,"warnings":[],"query_buffer_miles":5.0},"eis_boundaries":{"status":"empty","feature_count":0,"warnings":[],"query_buffer_miles":5.0}},"limitations":"Representative-point screening only; parcel boundary unknown. Unavailable layers are not no-hit findings."}}