{"type":"FeatureCollection","features":[{"type":"Feature","geometry":{"type":"Point","coordinates":[-84.993611,32.341389]},"properties":{"type":"Project Location","latitude":32.341389,"longitude":-84.993611}},{"type":"Feature","geometry":{"type":"Polygon","coordinates":[[[-84.98938937499997,32.19630526800006],[-84.99783262499994,32.19630526800006],[-85.00626559499995,32.19665975200007],[-85.01466774299996,32.19736785600003],[-85.02301860499995,32.19842785600002],[-85.03129783899999,32.19983717000002],[-85.03948527599994,32.20159236500007],[-85.04756096499995,32.203689164000025],[-85.05550522599998,32.206122461000064],[-85.06329869399997,32.20888632500004],[-85.07092236599999,32.21197402300004],[-85.07835764699996,32.21537803100006],[-85.08558639699999,32.21909005300006],[-85.09259097199998,32.22310104200005],[-85.09935426799996,32.22740121900006],[-85.10585976099998,32.23198010200008],[-85.11209154999995,32.236826525000026],[-85.11803439399995,32.24192867000005],[-85.12367374999997,32.247274091000065],[-85.12899580499999,32.25284975000005],[-85.13398751599999,32.25864204100003],[-85.13863663899997,32.26463682900004],[-85.14293175699999,32.270819482000036],[-85.14686231199994,32.277174907000074],[-85.15041862899994,32.28368758400006],[-85.15359194299998,32.29034160800006],[-85.15637441599995,32.297120723000035],[-85.15875916399995,32.30400836600006],[-85.16074026599995,32.31098770500006],[-85.16231278699996,32.31804167800004],[-85.16347278699999,32.32515303800005],[-85.16421733199996,32.33230439500005],[-85.16454450199996,32.339478255000074],[-85.16445339899997,32.346657065000045],[-85.16394414699994,32.353823257000045],[-85.16301789299996,32.36095929000004],[-85.16167680699994,32.36804769100007],[-85.15992407699997,32.37507110100006],[-85.15776390099995,32.38201231600004],[-85.15520147899997,32.388854329000026],[-85.15224300099999,32.39558037300003],[-85.14889563199995,32.40217396000003],[-85.14516749399996,32.40861892600003],[-85.14106764999997,32.414899465000076],[-85.13660607899999,32.42100017300004],[-85.13179365699995,32.42690608300006],[-85.12664212399994,32.43260270400003],[-85.12116405999996,32.43807605500007],[-85.11537285599996,32.443312700000035],[-85.10928267499997,32.44829978300004],[-85.10290842699999,32.453025059000026],[-85.09626572099995,32.45747692300006],[-85.08937083699999,32.461644439000054],[-85.08224067999998,32.46551737000004],[-85.07489274099999,32.46908620000005],[-85.06734504999997,32.47234216000004],[-85.05961613699998,32.475277248000054],[-85.05172498199994,32.477884251000035],[-85.04369096999994,32.48015676000006],[-85.03553383999997,32.48208918900008],[-85.02727363899999,32.483676788000025],[-85.01893067199995,32.484915654000076],[-85.01052544899994,32.485802740000054],[-85.00207863499998,32.48633586500006],[-84.99361099999999,32.48651372000006],[-84.98514336499994,32.48633586500006],[-84.97669655099997,32.485802740000054],[-84.96829132799996,32.484915654000076],[-84.95994836099999,32.483676788000025],[-84.95168815999995,32.48208918900008],[-84.94353102999997,32.48015676000006],[-84.93549701799998,32.477884251000035],[-84.92760586299994,32.475277248000054],[-84.91987694999995,32.47234216000004],[-84.91232925899999,32.46908620000005],[-84.90498131999999,32.46551737000004],[-84.89785116299998,32.461644439000054],[-84.89095627899997,32.45747692300006],[-84.88431357299999,32.453025059000026],[-84.87793932499994,32.44829978300004],[-84.87184914399995,32.443312700000035],[-84.86605793999996,32.43807605500007],[-84.86057987599997,32.43260270400003],[-84.85542834299997,32.42690608300006],[-84.85061592099999,32.42100017300004],[-84.84615434999995,32.414899465000076],[-84.84205450599995,32.40861892600003],[-84.83832636799997,32.40217396000003],[-84.83497899899999,32.39558037300003],[-84.83202052099995,32.388854329000026],[-84.82945809899996,32.38201231600004],[-84.82729792299995,32.37507110100006],[-84.82554519299998,32.36804769100007],[-84.82420410699996,32.36095929000004],[-84.82327785299998,32.353823257000045],[-84.82276860099995,32.346657065000045],[-84.82267749799996,32.339478255000074],[-84.82300466799995,32.33230439500005],[-84.82374921299999,32.32515303800005],[-84.82490921299996,32.31804167800004],[-84.82648173399997,32.31098770500006],[-84.82846283599997,32.30400836600006],[-84.83084758399997,32.297120723000035],[-84.83363005699994,32.29034160800006],[-84.83680337099997,32.28368758400006],[-84.84035968799998,32.277174907000074],[-84.84429024299999,32.270819482000036],[-84.84858536099995,32.26463682900004],[-84.85323448399998,32.25864204100003],[-84.85822619499999,32.25284975000005],[-84.86354824999995,32.247274091000065],[-84.86918760599997,32.24192867000005],[-84.87513044999997,32.236826525000026],[-84.88136223899994,32.23198010200008],[-84.88786773199996,32.22740121900006],[-84.89463102799994,32.22310104200005],[-84.90163560299999,32.21909005300006],[-84.90886435299996,32.21537803100006],[-84.91629963399998,32.21197402300004],[-84.92392330599995,32.20888632500004],[-84.93171677399994,32.206122461000064],[-84.93966103499997,32.203689164000025],[-84.94773672399998,32.20159236500007],[-84.95592416099998,32.19983717000002],[-84.96420339499997,32.19842785600002],[-84.97255425699996,32.19736785600003],[-84.98095640499997,32.19665975200007],[-84.98938937499997,32.19630526800006]]]},"properties":{"type":"Region of Interest","buffer_miles":10.0,"center_lat":32.341389,"center_lon":-84.993611}},{"type":"Feature","geometry":{"type":"MultiPolygon","coordinates":[[[[-84.4966,33.4124],[-84.5017,33.4076],[-84.502,33.3943],[-84.5055,33.3888],[-84.5023,33.3853],[-84.5056,33.3778],[-84.5026,33.3694],[-84.5091,33.3612],[-84.5096,33.3547],[-84.5061,33.344],[-84.5084,33.3379],[-84.5048,33.3384],[-84.5092,33.3285],[-84.5057,33.3215],[-84.5013,33.3181],[-84.4984,33.3195],[-84.4937,33.3089],[-84.4966,33.3028],[-84.4933,33.2963],[-84.4981,33.2947],[-84.499,33.289],[-84.5039,33.2869],[-84.5045,33.28],[-84.5074,33.2786],[-84.5029,33.2727],[-84.4999,33.2649],[-84.5021,33.2616],[-84.4976,33.2581],[-84.4973,33.252],[-84.5078,33.2486],[-84.509,33.2448],[-84.5072,33.2382],[-84.5041,33.2394],[-84.5001,33.2334],[-84.506,33.2259],[-84.5004,33.219],[-84.5023,33.2155],[-84.4966,33.2099],[-84.4983,33.2016],[-84.4905,33.1977],[-84.4967,33.1921],[-84.4967,33.1836],[-84.481,33.1886],[-84.4734,33.2018],[-84.4667,33.1993],[-84.4552,33.2027],[-84.4343,33.2361],[-84.4359,33.2383],[-84.4249,33.2475],[-84.4336,33.2568],[-84.4321,33.2723],[-84.423,33.2867],[-84.4192,33.2873],[-84.4205,33.2921],[-84.4172,33.2936],[-84.4202,33.2919],[-84.419,33.2873],[-84.4228,33.2865],[-84.4318,33.2722],[-84.4333,33.2572],[-84.4245,33.2475],[-84.4356,33.2383],[-84.4341,33.236],[-84.4552,33.2025],[-84.4672,33.1991],[-84.4735,33.2015],[-84.4808,33.1885],[-84.493,33.1861],[-84.5071,33.1755],[-84.5054,33.1684],[-84.5099,33.1621],[-84.507,33.1546],[-84.515,33.1483],[-84.5177,33.1418],[-84.5105,33.131],[-84.5108,33.1263],[-84.518,33.1224],[-84.5182,33.1017],[-84.5284,33.0984],[-84.5282,33.0934],[-84.5215,33.0948],[-84.5104,33.0843],[-84.5131,33.078],[-84.5175,33.0785],[-84.5179,33.0816],[-84.5245,33.0777],[-84.5265,33.0703],[-84.5212,33.0654],[-84.5201,33.0594],[-84.5236,33.0572],[-84.5274,33.0437],[-84.5348,33.0421],[-84.5368,33.0366],[-84.5328,33.0276],[-84.5377,33.0114],[-84.527,33.0006],[-84.5312,32.9943],[-84.5286,32.9898],[-84.5302,32.9855],[-84.5212,32.9752],[-84.5246,32.9711],[-84.5317,32.9697],[-84.534,32.9637],[-84.5236,32.9605],[-84.5184,32.9507],[-84.5222,32.9328],[-84.5277,32.9277],[-84.5238,32.9182],[-84.5267,32.9141],[-84.5172,32.9153],[-84.5115,32.9125],[-84.5078,32.9036],[-84.5081,32.8826],[-84.4972,32.884],[-84.4755,32.8769],[-84.4757,32.8718],[-84.4891,32.8622],[-84.4902,32.8578],[-84.4826,32.8527],[-84.4764,32.8565],[-84.4667,32.8526],[-84.4583,32.8408],[-84.4555,32.8289],[-84.4425,32.8257],[-84.4341,32.8385],[-84.4276,32.8395],[-84.4209,32.8391],[-84.4087,32.8299],[-84.4082,32.8224],[-84.4015,32.8164],[-84.3909,32.7873],[-84.3858,32.7862],[-84.3814,32.7801],[-84.37,32.7766],[-84.3629,32.7786],[-84.3576,32.7741],[-84.3575,32.7828],[-84.353,32.7838],[-84.3452,32.7767],[-84.3362,32.7602],[-84.325,32.763],[-84.3153,32.756],[-84.3011,32.7618],[-84.2995,32.7562],[-84.29,32.7536],[-84.2844,32.7452],[-84.2627,32.7399],[-84.2549,32.7225],[-84.2542,32.7263],[-84.241,32.7378],[-84.2356,32.7385],[-84.2292,32.733],[-84.2359,32.7215],[-84.219,32.7206],[-84.2113,32.7022],[-84.2028,32.698],[-84.2021,32.6904],[-84.1951,32.6835],[-84.1635,32.6778],[-84.1534,32.6797],[-84.1441,32.6859],[-84.1391,32.6847],[-84.1388,32.6789],[-84.1279,32.6747],[-84.1169,32.6778],[-84.1154,32.6838],[-84.1054,32.6853],[-84.1046,32.6736],[-84.0775,32.6472],[-84.0737,32.6359],[-84.0651,32.6403],[-84.0605,32.6345],[-84.0561,32.6364],[-84.0581,32.6296],[-84.0628,32.63],[-84.0624,32.6261],[-84.0694,32.6277],[-84.0736,32.625],[-84.0693,32.6238],[-84.0717,32.6178],[-84.0656,32.6105],[-84.0677,32.6075],[-84.0658,32.6036],[-84.0708,32.5979],[-84.0671,32.5903],[-84.0621,32.5916],[-84.0626,32.5874],[-84.0666,32.5856],[-84.063,32.5832],[-84.0648,32.5814],[-84.0567,32.5758],[-84.0527,32.5773],[-84.0535,32.5734],[-84.0482,32.5747],[-84.0525,32.5671],[-84.0461,32.5676],[-84.0446,32.5558],[-84.0348,32.5588],[-84.0343,32.5548],[-84.0298,32.5562],[-84.0261,32.5477],[-84.0211,32.5449],[-84.0204,32.5521],[-84.0144,32.5494],[-84.0175,32.5471],[-84.0129,32.5384],[-84.0065,32.54],[-84.005,32.5334],[-84.0017,32.5329],[-84.0034,32.5284],[-84.0001,32.521],[-84.0081,32.5226],[-84.0086,32.5154],[-84.0161,32.5117],[-84.0138,32.5085],[-84.0221,32.5054],[-84.0184,32.5044],[-84.0197,32.5013],[-84.0168,32.4988],[-84.0208,32.497],[-84.0243,32.4858],[-84.0197,32.4821],[-84.0217,32.4753],[-84.0198,32.4716],[-84.0168,32.4725],[-84.0184,32.469],[-84.0131,32.4704],[-84.0137,32.4644],[-84.0178,32.4631],[-84.0152,32.4561],[-84.0202,32.4539],[-84.0208,32.4498],[-84.0175,32.4484],[-84.0222,32.4449],[-84.0165,32.4391],[-84.0245,32.4338],[-84.0235,32.429],[-84.0299,32.4135],[-84.0439,32.3958],[-84.0373,32.3924],[-84.0344,32.3958],[-84.0237,32.3772],[-84.0268,32.3693],[-84.0342,32.367],[-84.0359,32.3709],[-84.0398,32.3641],[-84.0347,32.3553],[-84.0411,32.3522],[-84.0426,32.3453],[-84.0388,32.3386],[-84.0353,32.3401],[-84.03,32.3363],[-84.0339,32.3174],[-84.0305,32.3156],[-84.0447,32.302],[-84.0432,32.2837],[-84.0374,32.2787],[-84.0434,32.2772],[-84.0437,32.2746],[-84.0369,32.2693],[-84.0428,32.268],[-84.045,32.2572],[-84.0484,32.2602],[-84.0521,32.2563],[-84.0512,32.2408],[-84.0572,32.2296],[-84.0523,32.2276],[-84.0513,32.2204],[-84.0471,32.2159],[-84.0525,32.2104],[-84.0527,32.2055],[-84.0371,32.1949],[-84.0434,32.191],[-84.0434,32.1793],[-84.0313,32.1711],[-84.0267,32.1721],[-84.0312,32.1784],[-84.0294,32.1828],[-84.0209,32.1863],[-84.0131,32.2011],[-83.976,32.2288],[-83.9652,32.2481],[-83.9478,32.2544],[-83.9449,32.2592],[-83.9341,32.2621],[-83.9317,32.2658],[-83.8972,32.2827],[-83.9316,32.2657],[-83.934,32.262],[-83.9448,32.2591],[-83.9477,32.2543],[-83.9651,32.248],[-83.9758,32.2287],[-84.0131,32.2009],[-84.0207,32.1863],[-84.0294,32.1826],[-84.0311,32.1787],[-84.0259,32.1733],[-84.0262,32.1676],[-84.0326,32.161],[-84.0307,32.1553],[-84.033,32.1525],[-84.0211,32.141],[-84.0209,32.1361],[-84.0084,32.1311],[-84.0114,32.1196],[-84.0012,32.112],[-83.9964,32.1131],[-84,32.1051],[-83.9862,32.1007],[-83.9846,32.0939],[-83.9786,32.0953],[-83.9747,32.0923],[-83.9862,32.0714],[-83.9754,32.0625],[-83.9686,32.0659],[-83.966,32.0733],[-83.9557,32.0775],[-83.9534,32.0824],[-83.955,32.088],[-83.946,32.0916],[-83.9404,32.09],[-83.9362,32.0961],[-83.941,32.106],[-83.9367,32.11],[-83.9319,32.1252],[-83.9261,32.131],[-83.926,32.1419],[-83.9196,32.1485],[-83.9195,32.1649],[-83.906,32.1819],[-83.9023,32.1955],[-83.892,32.2015],[-83.9022,32.1955],[-83.9058,32.1818],[-83.9193,32.1649],[-83.9195,32.1485],[-83.9259,32.1418],[-83.926,32.1309],[-83.9317,32.1252],[-83.9366,32.1099],[-83.9408,32.1059],[-83.9359,32.097],[-83.9399,32.0933],[-83.9285,32.09],[-83.9174,32.0958],[-83.9108,32.0952],[-83.9037,32.1003],[-83.8945,32.1001],[-83.8623,32.1174],[-83.8492,32.1295],[-83.8621,32.1173],[-83.8944,32.1],[-83.9037,32.1002],[-83.9285,32.0899],[-83.9389,32.0923],[-83.9413,32.0895],[-83.946,32.0913],[-83.9547,32.0879],[-83.9555,32.0773],[-83.9655,32.0733],[-83.9677,32.0659],[-83.9728,32.0623],[-83.9769,32.0636],[-83.9769,32.0586],[-83.9876,32.0733],[-83.9836,32.0754],[-83.9788,32.0856],[-83.9812,32.0881],[-83.9783,32.0944],[-83.9845,32.093],[-83.9858,32.0964],[-83.9907,32.0954],[-83.9892,32.101],[-83.9982,32.1007],[-84.0003,32.1113],[-84.0121,32.119],[-84.0095,32.1302],[-84.0213,32.1355],[-84.022,32.141],[-84.0334,32.152],[-84.0332,32.1617],[-84.0269,32.1679],[-84.0442,32.1793],[-84.044,32.1915],[-84.0385,32.1941],[-84.0533,32.205],[-84.0533,32.2105],[-84.048,32.2164],[-84.0517,32.2192],[-84.0532,32.2275],[-84.0586,32.2296],[-84.0546,32.2326],[-84.052,32.2414],[-84.0526,32.2568],[-84.0485,32.2609],[-84.046,32.2577],[-84.0437,32.268],[-84.0377,32.2691],[-84.0444,32.2735],[-84.044,32.2777],[-84.0383,32.2793],[-84.0433,32.2821],[-84.0474,32.3002],[-84.0432,32.3075],[-84.0375,32.3074],[-84.0311,32.3159],[-84.0346,32.3167],[-84.0305,32.3357],[-84.0362,32.3395],[-84.0399,32.3353],[-84.0434,32.3452],[-84.0418,32.353],[-84.0358,32.3549],[-84.0403,32.3648],[-84.0363,32.3716],[-84.0341,32.3676],[-84.0276,32.3695],[-84.0241,32.3775],[-84.0281,32.3793],[-84.0269,32.3824],[-84.0351,32.3954],[-84.0372,32.3916],[-84.0447,32.3957],[-84.0307,32.4131],[-84.0241,32.4286],[-84.0252,32.4338],[-84.0175,32.4393],[-84.0231,32.445],[-84.0183,32.4484],[-84.0216,32.4496],[-84.021,32.454],[-84.0155,32.4565],[-84.0183,32.463],[-84.0146,32.4645],[-84.0137,32.4704],[-84.0188,32.4686],[-84.0173,32.472],[-84.02,32.471],[-84.0224,32.4749],[-84.0212,32.4835],[-84.0249,32.4858],[-84.0216,32.4895],[-84.0215,32.4973],[-84.0175,32.4977],[-84.0188,32.5039],[-84.0226,32.5057],[-84.0184,32.5054],[-84.0147,32.5147],[-84.0092,32.5156],[-84.0085,32.523],[-84.0008,32.521],[-84.0038,32.528],[-84.0021,32.5325],[-84.0055,32.5332],[-84.0067,32.5397],[-84.0076,32.5362],[-84.0132,32.5378],[-84.018,32.5468],[-84.0151,32.5495],[-84.02,32.5518],[-84.0212,32.5444],[-84.0267,32.5476],[-84.03,32.5557],[-84.0349,32.5547],[-84.0353,32.5584],[-84.0447,32.5554],[-84.0467,32.5674],[-84.05,32.565],[-84.053,32.5669],[-84.0488,32.5746],[-84.0538,32.5729],[-84.0534,32.5769],[-84.0622,32.5774],[-84.0655,32.5816],[-84.0642,32.5842],[-84.0673,32.585],[-84.0623,32.5894],[-84.0704,32.5932],[-84.0715,32.5986],[-84.0663,32.6038],[-84.0684,32.6073],[-84.0662,32.6101],[-84.0722,32.6176],[-84.0698,32.6235],[-84.0744,32.6249],[-84.0691,32.6283],[-84.0629,32.6266],[-84.0634,32.6302],[-84.0588,32.63],[-84.0566,32.6361],[-84.0608,32.6341],[-84.0652,32.6398],[-84.0742,32.6356],[-84.0786,32.6471],[-84.1055,32.6737],[-84.1058,32.6849],[-84.115,32.6835],[-84.1166,32.6774],[-84.1281,32.6742],[-84.14,32.6791],[-84.1396,32.6843],[-84.1435,32.6854],[-84.1537,32.679],[-84.1634,32.6774],[-84.192,32.6806],[-84.2025,32.6885],[-84.2034,32.6976],[-84.2113,32.701],[-84.2194,32.7203],[-84.2365,32.721],[-84.2353,32.7272],[-84.2298,32.7329],[-84.2357,32.7381],[-84.2403,32.7378],[-84.2554,32.7221],[-84.2629,32.7394],[-84.2843,32.7445],[-84.2907,32.7534],[-84.2991,32.755],[-84.3015,32.761],[-84.3158,32.7547],[-84.325,32.7619],[-84.3305,32.7582],[-84.3359,32.7589],[-84.3404,32.7619],[-84.3454,32.776],[-84.3532,32.7833],[-84.3571,32.7824],[-84.3541,32.7755],[-84.3563,32.7731],[-84.3636,32.7779],[-84.3699,32.776],[-84.3817,32.7796],[-84.3914,32.7863],[-84.3927,32.7947],[-84.4034,32.8113],[-84.4022,32.816],[-84.4095,32.8192],[-84.4107,32.8271],[-84.4217,32.8382],[-84.4336,32.8382],[-84.4426,32.8251],[-84.4569,32.8266],[-84.4587,32.8402],[-84.4636,32.8468],[-84.4754,32.8558],[-84.4817,32.8515],[-84.4904,32.8566],[-84.4896,32.8625],[-84.4758,32.8747],[-84.4976,32.8832],[-84.5092,32.8828],[-84.5085,32.9026],[-84.512,32.9126],[-84.5273,32.9142],[-84.5243,32.9182],[-84.5282,32.9276],[-84.5226,32.933],[-84.5191,32.9503],[-84.5244,32.9601],[-84.5324,32.9605],[-84.5345,32.9639],[-84.532,32.97],[-84.5243,32.9718],[-84.5216,32.9754],[-84.5306,32.9856],[-84.5313,32.9948],[-84.5272,33.0002],[-84.5381,33.0109],[-84.5339,33.0208],[-84.5349,33.0265],[-84.5401,33.0284],[-84.5459,33.0259],[-84.5478,33.0315],[-84.5517,33.0327],[-84.5519,33.0421],[-84.5682,33.045],[-84.5773,33.0588],[-84.5815,33.0585],[-84.5963,33.0672],[-84.5982,33.0723],[-84.6097,33.08],[-84.6141,33.0784],[-84.6183,33.0852],[-84.6417,33.0917],[-84.6478,33.0989],[-84.6593,33.0983],[-84.6726,33.108],[-84.678,33.1066],[-84.6794,33.1109],[-84.6772,33.1061],[-84.6724,33.108],[-84.6592,33.0984],[-84.6478,33.099],[-84.6416,33.0918],[-84.6182,33.0853],[-84.6141,33.0786],[-84.6097,33.0802],[-84.5981,33.0724],[-84.5961,33.0674],[-84.5769,33.0588],[-84.568,33.0452],[-84.5516,33.0421],[-84.5514,33.0326],[-84.5476,33.0316],[-84.5457,33.026],[-84.5334,33.0275],[-84.5372,33.0357],[-84.5359,33.0412],[-84.528,33.0438],[-84.5236,33.0547],[-84.5235,33.0635],[-84.5275,33.0698],[-84.5254,33.0781],[-84.5218,33.0821],[-84.5136,33.0783],[-84.5111,33.0844],[-84.5221,33.0944],[-84.5288,33.0933],[-84.5289,33.0985],[-84.5185,33.102],[-84.5184,33.1224],[-84.5111,33.1264],[-84.5182,33.1418],[-84.515,33.1438],[-84.5153,33.1484],[-84.5073,33.1549],[-84.5102,33.1621],[-84.5059,33.168],[-84.5077,33.1752],[-84.4971,33.1834],[-84.4971,33.1921],[-84.4907,33.1976],[-84.4985,33.2014],[-84.4969,33.2098],[-84.5026,33.2154],[-84.5007,33.2189],[-84.5068,33.2266],[-84.5004,33.2333],[-84.5042,33.2389],[-84.5073,33.2379],[-84.5093,33.2448],[-84.5079,33.249],[-84.4976,33.252],[-84.4979,33.2579],[-84.5023,33.2613],[-84.5002,33.2649],[-84.5076,33.2786],[-84.5047,33.2801],[-84.5041,33.287],[-84.4994,33.2889],[-84.4984,33.2946],[-84.4936,33.2966],[-84.4969,33.3027],[-84.494,33.3088],[-84.496,33.3161],[-84.506,33.3215],[-84.5096,33.3286],[-84.5065,33.3317],[-84.5089,33.3369],[-84.5062,33.342],[-84.5094,33.361],[-84.5027,33.3695],[-84.5057,33.3778],[-84.5024,33.3852],[-84.5056,33.3902],[-84.5022,33.3943],[-84.5018,33.4076],[-84.4958,33.4134],[-84.4928,33.4232],[-84.4966,33.4124]],[[-84.5069,33.3363],[-84.5069,33.3361],[-84.5066,33.3362],[-84.5069,33.3363]],[[-84.5068,33.3323],[-84.5068,33.333],[-84.5077,33.3344],[-84.5068,33.3323]],[[-84.5071,33.3312],[-84.5079,33.3306],[-84.5081,33.3302],[-84.5071,33.3312]],[[-84.5055,33.2288],[-84.5063,33.2263],[-84.5049,33.2284],[-84.5055,33.2288]],[[-84.5247,33.0783],[-84.523,33.0803],[-84.5239,33.0797],[-84.5247,33.0783]],[[-84.5254,33.0669],[-84.5249,33.0671],[-84.5255,33.0677],[-84.5254,33.0669]],[[-84.5226,33.0653],[-84.5224,33.0658],[-84.5231,33.0662],[-84.5226,33.0653]],[[-84.5222,33.0653],[-84.5222,33.0616],[-84.5213,33.062],[-84.5222,33.0653]],[[-84.5211,33.0616],[-84.5223,33.0608],[-84.5208,33.0602],[-84.5211,33.0616]],[[-84.5215,33.0601],[-84.5226,33.0601],[-84.5227,33.0591],[-84.5215,33.0601]],[[-84.5359,33.0341],[-84.5359,33.0346],[-84.5366,33.035],[-84.5359,33.0341]],[[-84.4818,32.8772],[-84.4794,32.8768],[-84.4805,32.8776],[-84.4818,32.8772]],[[-84.4791,32.8768],[-84.4753,32.8747],[-84.4767,32.8771],[-84.4791,32.8768]],[[-84.4882,32.8554],[-84.4899,32.8573],[-84.4897,32.8564],[-84.4882,32.8554]],[[-84.4719,32.8536],[-84.4718,32.8537],[-84.4723,32.8539],[-84.4719,32.8536]],[[-84.4681,32.8515],[-84.4655,32.8491],[-84.467,32.8525],[-84.4681,32.8515]],[[-84.4686,32.8514],[-84.4684,32.8509],[-84.4675,32.8502],[-84.4686,32.8514]],[[-84.457,32.834],[-84.457,32.8337],[-84.4566,32.8334],[-84.457,32.834]],[[-84.4569,32.8334],[-84.4571,32.8309],[-84.456,32.8288],[-84.4569,32.8334]],[[-84.4575,32.829],[-84.4569,32.8269],[-84.4557,32.8261],[-84.4575,32.829]],[[-84.4551,32.8261],[-84.4485,32.8249],[-84.4554,32.8282],[-84.4551,32.8261]],[[-84.4285,32.8385],[-84.4283,32.8384],[-84.4269,32.8385],[-84.4285,32.8385]],[[-84.4215,32.8383],[-84.4202,32.8363],[-84.4207,32.8382],[-84.4215,32.8383]],[[-84.4139,32.8339],[-84.4141,32.8338],[-84.414,32.8337],[-84.4139,32.8339]],[[-84.4143,32.8338],[-84.4146,32.8339],[-84.4144,32.8332],[-84.4143,32.8338]],[[-84.4137,32.8332],[-84.4136,32.833],[-84.4136,32.8332],[-84.4137,32.8332]],[[-84.4147,32.8326],[-84.4147,32.8329],[-84.4148,32.8328],[-84.4147,32.8326]],[[-84.4136,32.8325],[-84.4136,32.8322],[-84.4135,32.8321],[-84.4136,32.8325]],[[-84.4146,32.8321],[-84.4149,32.8323],[-84.4142,32.8315],[-84.4146,32.8321]],[[-84.414,32.8315],[-84.4139,32.8317],[-84.4142,32.8318],[-84.414,32.8315]],[[-84.4144,32.8321],[-84.4143,32.8322],[-84.4146,32.8325],[-84.4144,32.8321]],[[-84.4123,32.8305],[-84.4129,32.8311],[-84.4126,32.8306],[-84.4123,32.8305]],[[-84.4125,32.8301],[-84.4122,32.8302],[-84.4126,32.8303],[-84.4125,32.8301]],[[-84.4122,32.8301],[-84.4105,32.8284],[-84.4118,32.8302],[-84.4122,32.8301]],[[-84.4103,32.8293],[-84.4082,32.8266],[-84.4087,32.8298],[-84.4103,32.8293]],[[-84.4079,32.8212],[-84.4073,32.821],[-84.4076,32.8212],[-84.4079,32.8212]],[[-84.4093,32.821],[-84.4092,32.8194],[-84.4082,32.8192],[-84.4093,32.821]],[[-84.4069,32.821],[-84.407,32.8209],[-84.4068,32.8206],[-84.4069,32.821]],[[-84.4079,32.8209],[-84.4068,32.8196],[-84.4072,32.8205],[-84.4079,32.8209]],[[-84.4073,32.8198],[-84.4084,32.8209],[-84.4081,32.8201],[-84.4073,32.8198]],[[-84.4085,32.8202],[-84.4084,32.8197],[-84.4076,32.8193],[-84.4085,32.8202]],[[-84.4084,32.8204],[-84.4082,32.8203],[-84.4085,32.8206],[-84.4084,32.8204]],[[-84.4077,32.8202],[-84.4081,32.8208],[-84.4081,32.8207],[-84.4077,32.8202]],[[-84.4109,32.8283],[-84.411,32.8282],[-84.4105,32.828],[-84.4109,32.8283]],[[-84.4049,32.8183],[-84.4047,32.8186],[-84.4053,32.8188],[-84.4049,32.8183]],[[-84.4042,32.8184],[-84.4037,32.8182],[-84.4044,32.8187],[-84.4042,32.8184]],[[-84.4044,32.8179],[-84.404,32.8179],[-84.4044,32.8181],[-84.4044,32.8179]],[[-84.4013,32.8119],[-84.401,32.8114],[-84.401,32.8118],[-84.4013,32.8119]],[[-84.4022,32.8116],[-84.4022,32.8114],[-84.4017,32.811],[-84.4022,32.8116]],[[-84.4026,32.8116],[-84.403,32.8112],[-84.4017,32.8105],[-84.4026,32.8116]],[[-84.4,32.8051],[-84.3959,32.8006],[-84.3985,32.808],[-84.4007,32.8095],[-84.4,32.8051]],[[-84.3902,32.7867],[-84.3881,32.7866],[-84.3902,32.787],[-84.3902,32.7867]],[[-84.3878,32.7865],[-84.3888,32.7849],[-84.3861,32.7834],[-84.3878,32.7865]],[[-84.3888,32.7863],[-84.3907,32.7865],[-84.3893,32.7853],[-84.3888,32.7863]],[[-84.3571,32.7739],[-84.3547,32.7753],[-84.3572,32.7747],[-84.3571,32.7739]],[[-84.3551,32.7755],[-84.3557,32.7775],[-84.3558,32.7766],[-84.3551,32.7755]],[[-84.3316,32.7593],[-84.3302,32.759],[-84.3289,32.7609],[-84.3316,32.7593]],[[-84.3321,32.7588],[-84.3322,32.7584],[-84.3304,32.7586],[-84.3321,32.7588]],[[-84.3232,32.7612],[-84.3229,32.7612],[-84.3232,32.7613],[-84.3232,32.7612]],[[-84.322,32.7595],[-84.3219,32.7605],[-84.323,32.761],[-84.322,32.7595]],[[-84.3179,32.758],[-84.318,32.7577],[-84.3173,32.7572],[-84.3179,32.758]],[[-84.3158,32.7552],[-84.3156,32.7553],[-84.3161,32.7554],[-84.3158,32.7552]],[[-84.3103,32.7583],[-84.3107,32.7581],[-84.3118,32.7568],[-84.3103,32.7583]],[[-84.2975,32.7547],[-84.2975,32.755],[-84.2983,32.7551],[-84.2975,32.7547]],[[-84.2001,32.6875],[-84.2022,32.6889],[-84.2017,32.6882],[-84.2001,32.6875]],[[-84.193,32.6834],[-84.1936,32.6831],[-84.1908,32.682],[-84.193,32.6834]],[[-84.1923,32.6826],[-84.1921,32.6819],[-84.1892,32.6814],[-84.1923,32.6826]],[[-84.1906,32.6814],[-84.191,32.6814],[-84.1907,32.6813],[-84.1906,32.6814]],[[-84.1918,32.6814],[-84.1916,32.6807],[-84.185,32.6796],[-84.1918,32.6814]],[[-84.0081,32.5364],[-84.007,32.5376],[-84.0092,32.5399],[-84.0081,32.5364]],[[-84.0146,32.5098],[-84.0171,32.5084],[-84.0143,32.5087],[-84.0146,32.5098]],[[-84.0209,32.4808],[-84.0201,32.4821],[-84.0208,32.4818],[-84.0209,32.4808]],[[-84.0211,32.4794],[-84.0209,32.4804],[-84.0211,32.4803],[-84.0211,32.4794]],[[-84.0424,32.3484],[-84.042,32.3492],[-84.0433,32.3493],[-84.0424,32.3484]],[[-84.045,32.3012],[-84.0446,32.301],[-84.0448,32.3017],[-84.045,32.3012]],[[-84.0454,32.3011],[-84.0465,32.2993],[-84.0429,32.2998],[-84.0454,32.3011]],[[-84.0448,32.2996],[-84.0465,32.2982],[-84.0448,32.2967],[-84.0448,32.2996]],[[-83.9996,32.1113],[-84.0015,32.1095],[-83.9984,32.1092],[-83.997,32.1124],[-83.9996,32.1113]],[[-83.9938,32.1027],[-83.9976,32.1013],[-83.9921,32.1015],[-83.9938,32.1027]],[[-83.9948,32.1027],[-83.9961,32.1024],[-83.9952,32.1024],[-83.9948,32.1027]],[[-83.9882,32.1],[-83.9894,32.0952],[-83.9857,32.0991],[-83.9882,32.1]],[[-83.9865,32.0978],[-83.986,32.098],[-83.9858,32.0988],[-83.9865,32.0978]],[[-83.9785,32.0929],[-83.9791,32.0882],[-83.9749,32.0917],[-83.9785,32.0929]],[[-83.9778,32.0885],[-83.9777,32.0885],[-83.9778,32.0886],[-83.9778,32.0885]],[[-83.9787,32.0884],[-83.9788,32.0883],[-83.9786,32.0882],[-83.9787,32.0884]],[[-83.9794,32.0882],[-83.9792,32.0897],[-83.9803,32.0899],[-83.9794,32.0882]],[[-83.98,32.088],[-83.9802,32.088],[-83.9799,32.0878],[-83.98,32.088]],[[-83.9808,32.0878],[-83.9809,32.0882],[-83.981,32.0879],[-83.9808,32.0878]],[[-83.9805,32.0879],[-83.9805,32.0882],[-83.9806,32.0883],[-83.9805,32.0879]],[[-83.9804,32.0885],[-83.9805,32.0885],[-83.9804,32.0884],[-83.9804,32.0885]],[[-83.9786,32.0872],[-83.9786,32.0871],[-83.9785,32.0871],[-83.9786,32.0872]],[[-83.9784,32.0871],[-83.9784,32.0869],[-83.9782,32.0867],[-83.9784,32.0871]],[[-83.9784,32.0867],[-83.9786,32.0868],[-83.9785,32.0867],[-83.9784,32.0867]],[[-83.9788,32.087],[-83.9789,32.0871],[-83.9789,32.087],[-83.9788,32.087]],[[-83.9856,32.0742],[-83.986,32.0738],[-83.9854,32.0741],[-83.9856,32.0742]],[[-83.9861,32.0737],[-83.9861,32.0738],[-83.9862,32.0736],[-83.9861,32.0737]],[[-83.9866,32.0732],[-83.9862,32.0735],[-83.9865,32.0734],[-83.9866,32.0732]],[[-83.9732,32.0624],[-83.9729,32.0625],[-83.9731,32.0628],[-83.9732,32.0624]],[[-83.973,32.0636],[-83.9736,32.0631],[-83.9733,32.0631],[-83.973,32.0636]],[[-84.421,32.8391],[-84.4213,32.839],[-84.4208,32.8389],[-84.421,32.8391]],[[-84.5058,33.3371],[-84.5061,33.3371],[-84.5062,33.337],[-84.5058,33.3371]]],[[[-84.5034,33.3859],[-84.5042,33.387],[-84.5042,33.3863],[-84.5034,33.3859]]],[[[-84.5047,33.2499],[-84.5069,33.2485],[-84.5051,33.2493],[-84.5047,33.2499]]],[[[-84.5062,33.1727],[-84.506,33.173],[-84.5067,33.1732],[-84.5062,33.1727]]],[[[-84.5227,32.9389],[-84.5226,32.9389],[-84.5225,32.9395],[-84.5227,32.9389]]],[[[-84.4824,32.8772],[-84.4823,32.8769],[-84.4816,32.8768],[-84.4824,32.8772]]],[[[-84.4564,32.8336],[-84.4559,32.8321],[-84.4555,32.8332],[-84.4564,32.8336]]],[[[-84.4517,32.8253],[-84.4521,32.8252],[-84.4512,32.8249],[-84.4517,32.8253]]],[[[-84.4139,32.834],[-84.4136,32.8338],[-84.4136,32.834],[-84.4139,32.834]]],[[[-84.4096,32.8268],[-84.4115,32.824],[-84.4096,32.8201],[-84.4096,32.8268]]],[[[-84.409,32.8204],[-84.4091,32.8204],[-84.4089,32.8202],[-84.409,32.8204]]],[[[-84.4091,32.8205],[-84.4091,32.8209],[-84.4092,32.821],[-84.4091,32.8205]]],[[[-84.3952,32.8006],[-84.3925,32.7958],[-84.3943,32.8005],[-84.3952,32.8006]]],[[[-84.3953,32.8001],[-84.3955,32.7998],[-84.3952,32.7994],[-84.3953,32.8001]]],[[[-84.3601,32.7744],[-84.3624,32.7769],[-84.3614,32.775],[-84.3601,32.7744]]],[[[-84.356,32.7739],[-84.3553,32.7739],[-84.3551,32.7743],[-84.356,32.7739]]],[[[-84.3446,32.7724],[-84.3445,32.7727],[-84.3447,32.7728],[-84.3446,32.7724]]],[[[-84.3179,32.7581],[-84.3161,32.7564],[-84.316,32.7582],[-84.3179,32.7581]]],[[[-84.1793,32.6786],[-84.1789,32.6787],[-84.1796,32.6789],[-84.1793,32.6786]]],[[[-84.0216,32.4951],[-84.0213,32.4954],[-84.0217,32.4961],[-84.0216,32.4951]]],[[[-84.0413,32.3429],[-84.0411,32.3438],[-84.0425,32.3441],[-84.0413,32.3429]]],[[[-84.0393,32.3355],[-84.0371,32.3375],[-84.0376,32.339],[-84.0393,32.3355]]],[[[-84.0414,32.2713],[-84.0422,32.2712],[-84.0414,32.2709],[-84.0414,32.2713]]],[[[-84.0431,32.1824],[-84.0427,32.1828],[-84.0427,32.1831],[-84.0431,32.1824]]],[[[-83.994,32.1015],[-83.9952,32.1015],[-83.9945,32.1014],[-83.994,32.1015]]],[[[-83.9766,32.0906],[-83.9764,32.0907],[-83.9766,32.0907],[-83.9766,32.0906]]],[[[-83.9778,32.0867],[-83.9777,32.0866],[-83.9776,32.0866],[-83.9778,32.0867]]],[[[-83.9787,32.0852],[-83.9789,32.0847],[-83.9785,32.0851],[-83.9787,32.0852]]],[[[-83.9767,32.0644],[-83.9767,32.064],[-83.9757,32.0636],[-83.9767,32.0644]]],[[[-84.5272,32.9619],[-84.528,32.9617],[-84.5266,32.9616],[-84.5272,32.9619]]],[[[-83.9336,31.0338],[-83.9417,31.0286],[-83.9425,31.024],[-83.9378,31.018],[-83.9417,31.0152],[-83.9383,31.0126],[-83.9386,31.0008],[-83.9312,30.9887],[-83.9365,30.9832],[-83.934,30.9751],[-83.941,30.9607],[-83.9487,30.9585],[-83.9503,30.9521],[-83.9734,30.9496],[-83.981,30.9436],[-83.9918,30.9409],[-83.9965,30.9239],[-84.0047,30.9178],[-84.0055,30.9123],[-84.0105,30.9105],[-84.0093,30.9084],[-84.0189,30.908],[-84.0254,30.8959],[-84.0315,30.8965],[-84.0359,30.8932],[-84.037,30.8844],[-84.0472,30.8753],[-84.0475,30.8701],[-84.0495,30.8711],[-84.0462,30.8626],[-84.0491,30.8605],[-84.0506,30.8624],[-84.0483,30.855],[-84.0518,30.8544],[-84.0568,30.8411],[-84.0647,30.8392],[-84.066,30.8418],[-84.0663,30.8392],[-84.0733,30.839],[-84.0799,30.8327],[-84.0866,30.8336],[-84.0929,30.8289],[-84.1034,30.8307],[-84.1084,30.828],[-84.1066,30.8254],[-84.1222,30.8214],[-84.1218,30.818],[-84.1322,30.8196],[-84.1341,30.8173],[-84.1312,30.8162],[-84.1355,30.8166],[-84.1371,30.8131],[-84.1441,30.8137],[-84.1459,30.8088],[-84.1436,30.807],[-84.1465,30.8065],[-84.1478,30.7981],[-84.1536,30.797],[-84.1495,30.7939],[-84.1624,30.7872],[-84.1601,30.7832],[-84.1706,30.7825],[-84.1732,30.7766],[-84.1826,30.7775],[-84.1879,30.7668],[-84.1931,30.766],[-84.1949,30.7603],[-84.2011,30.7571],[-84.1977,30.7539],[-84.2008,30.7485],[-84.2197,30.7407],[-84.2197,30.7378],[-84.2249,30.7372],[-84.2275,30.7333],[-84.2289,30.735],[-84.23,30.7321],[-84.2425,30.7307],[-84.244,30.7257],[-84.2493,30.7254],[-84.2496,30.7142],[-84.2571,30.7106],[-84.26,30.704],[-84.2692,30.7039],[-84.2697,30.6984],[-84.2734,30.699],[-84.2809,30.6903],[-84.2808,30.6848],[-84.2877,30.6842],[-84.2885,30.6814],[-84.2905,30.6841],[-84.292,30.6806],[-84.2976,30.6821],[-84.2985,30.678],[-84.3009,30.6802],[-84.2981,30.6764],[-84.3004,30.6737],[-84.3034,30.6774],[-84.3051,30.6703],[-84.3,30.6651],[-84.3025,30.6629],[-84.2991,30.6619],[-84.3024,30.6597],[-84.2992,30.6538],[-84.3022,30.6506],[-84.2995,30.6441],[-84.3014,30.6385],[-84.3055,30.637],[-84.3036,30.6344],[-84.3134,30.6304],[-84.3117,30.627],[-84.3153,30.6262],[-84.3169,30.621],[-84.3194,30.6218],[-84.3187,30.6188],[-84.3215,30.621],[-84.3247,30.6181],[-84.3228,30.6161],[-84.3276,30.6119],[-84.326,30.6082],[-84.3281,30.61],[-84.3307,30.6084],[-84.3291,30.6062],[-84.3314,30.607],[-84.3319,30.5965],[-84.3393,30.597],[-84.3409,30.6001],[-84.3428,30.5949],[-84.3469,30.5946],[-84.3464,30.5915],[-84.3553,30.5913],[-84.3572,30.5861],[-84.3713,30.5814],[-84.3726,30.5751],[-84.3782,30.5735],[-84.3821,30.5615],[-84.3789,30.5593],[-84.3881,30.5493],[-84.3914,30.5322],[-84.3885,30.5294],[-84.3912,30.5244],[-84.3891,30.5215],[-84.3939,30.5207],[-84.3917,30.517],[-84.3957,30.5148],[-84.3945,30.5124],[-84.3974,30.5143],[-84.4051,30.5079],[-84.4018,30.5053],[-84.4047,30.5011],[-84.4004,30.4971],[-84.402,30.4949],[-84.3952,30.4907],[-84.3972,30.4831],[-84.4026,30.4803],[-84.4026,30.4758],[-84.4208,30.4635],[-84.4241,30.464],[-84.4241,30.4672],[-84.4337,30.4634],[-84.435,30.4659],[-84.4383,30.4618],[-84.435,30.4662],[-84.4335,30.464],[-84.4241,30.4677],[-84.4209,30.4639],[-84.403,30.4759],[-84.4029,30.4806],[-84.3975,30.4832],[-84.3967,30.493],[-84.4022,30.4946],[-84.4024,30.4999],[-84.4054,30.4996],[-84.4031,30.5022],[-84.4053,30.5079],[-84.3948,30.5154],[-84.3962,30.5172],[-84.3925,30.5167],[-84.3923,30.5259],[-84.3883,30.5263],[-84.3893,30.5297],[-84.3949,30.5289],[-84.3914,30.5307],[-84.3884,30.5497],[-84.3791,30.5592],[-84.3822,30.563],[-84.3785,30.5737],[-84.3727,30.5752],[-84.3748,30.5777],[-84.3701,30.5825],[-84.3575,30.5862],[-84.3554,30.5914],[-84.3466,30.5917],[-84.3494,30.5958],[-84.343,30.5951],[-84.3442,30.5993],[-84.3434,30.5967],[-84.3408,30.6005],[-84.3392,30.5973],[-84.3323,30.5964],[-84.3303,30.6],[-84.3339,30.6011],[-84.3308,30.6031],[-84.3316,30.6071],[-84.329,30.6068],[-84.3308,30.6086],[-84.3264,30.6081],[-84.3279,30.612],[-84.323,30.616],[-84.3248,30.6183],[-84.3216,30.6211],[-84.319,30.6188],[-84.3195,30.6219],[-84.3118,30.6273],[-84.3137,30.6305],[-84.3038,30.6347],[-84.3058,30.6376],[-84.3008,30.6402],[-84.3024,30.6506],[-84.2995,30.6538],[-84.3043,30.6568],[-84.3012,30.6563],[-84.3026,30.6599],[-84.2992,30.6616],[-84.3027,30.6627],[-84.3001,30.6649],[-84.3056,30.6698],[-84.3035,30.6775],[-84.3002,30.6741],[-84.2985,30.6766],[-84.3011,30.6805],[-84.2985,30.6784],[-84.2977,30.6828],[-84.2922,30.6807],[-84.2906,30.6843],[-84.2888,30.6816],[-84.288,30.6846],[-84.2811,30.6849],[-84.2809,30.6925],[-84.2774,30.692],[-84.2736,30.6992],[-84.27,30.6985],[-84.2694,30.7041],[-84.2602,30.7042],[-84.2575,30.7109],[-84.2498,30.7148],[-84.2496,30.7254],[-84.2443,30.726],[-84.2426,30.731],[-84.2299,30.7324],[-84.229,30.7354],[-84.2275,30.7336],[-84.225,30.7375],[-84.2198,30.738],[-84.22,30.7409],[-84.2071,30.7463],[-84.2068,30.7493],[-84.2057,30.7469],[-84.2018,30.7483],[-84.1981,30.754],[-84.2014,30.7572],[-84.195,30.7607],[-84.1932,30.7662],[-84.1883,30.7669],[-84.1827,30.7778],[-84.1734,30.7769],[-84.1706,30.7828],[-84.16,30.7835],[-84.1626,30.7874],[-84.1496,30.7941],[-84.1539,30.7971],[-84.1479,30.7985],[-84.1443,30.8138],[-84.1374,30.8131],[-84.1358,30.8167],[-84.1315,30.8163],[-84.1345,30.8174],[-84.1322,30.8198],[-84.122,30.8181],[-84.1225,30.8217],[-84.1068,30.8256],[-84.1086,30.8283],[-84.1035,30.8309],[-84.0946,30.8288],[-84.0866,30.8338],[-84.0809,30.8329],[-84.0796,30.8441],[-84.0826,30.8545],[-84.073,30.8652],[-84.0807,30.8756],[-84.0757,30.8865],[-84.0784,30.8944],[-84.0771,30.9156],[-84.0969,30.9351],[-84.118,30.9368],[-84.133,30.9345],[-84.1417,30.944],[-84.1436,30.9526],[-84.1533,30.9668],[-84.1617,30.9731],[-84.1663,30.9813],[-84.1438,30.9532],[-84.1416,30.9441],[-84.1314,30.9342],[-84.1181,30.937],[-84.0971,30.9353],[-84.1186,30.9694],[-84.1166,30.9755],[-84.1184,30.9694],[-84.0985,30.9363],[-84.0769,30.9157],[-84.0783,30.8944],[-84.0756,30.8864],[-84.0805,30.8756],[-84.0728,30.8652],[-84.0824,30.8545],[-84.0801,30.8328],[-84.0736,30.8392],[-84.0687,30.8384],[-84.0658,30.8419],[-84.0648,30.8395],[-84.0593,30.8399],[-84.055,30.843],[-84.052,30.8545],[-84.0485,30.8551],[-84.0508,30.8624],[-84.0465,30.8626],[-84.0507,30.8679],[-84.0472,30.872],[-84.0506,30.8735],[-84.0471,30.8735],[-84.0374,30.8843],[-84.0358,30.8936],[-84.0315,30.8968],[-84.0256,30.896],[-84.0197,30.909],[-84.0114,30.9083],[-83.9967,30.9243],[-83.9944,30.9353],[-84.0021,30.937],[-84.0067,30.9495],[-84.0139,30.9541],[-84.0151,30.9657],[-84.0211,30.9715],[-84.0192,30.9782],[-84.0216,30.9817],[-84.018,30.9869],[-84.0162,31.0028],[-84.0208,31.0145],[-84.016,31.0027],[-84.019,30.994],[-84.0178,30.9869],[-84.0215,30.9817],[-84.019,30.9782],[-84.0209,30.9715],[-84.0149,30.9658],[-84.0138,30.9541],[-84.0066,30.9496],[-84.002,30.9371],[-83.9942,30.9354],[-83.9901,30.9425],[-83.9811,30.9438],[-83.9699,30.9507],[-83.9505,30.9522],[-83.949,30.9586],[-83.9412,30.9608],[-83.9341,30.9752],[-83.9367,30.9833],[-83.9314,30.9887],[-83.94,31.0018],[-83.9386,31.0125],[-83.9419,31.0153],[-83.9381,31.018],[-83.9426,31.0243],[-83.9407,31.0312],[-83.9336,31.0338]],[[-83.9388,31.0317],[-83.9393,31.0309],[-83.9385,31.0311],[-83.9388,31.0317]],[[-83.9401,31.0308],[-83.94,31.0313],[-83.9407,31.0306],[-83.9401,31.0308]],[[-84.2059,30.7492],[-84.2071,30.7486],[-84.2069,30.7473],[-84.2059,30.7492]],[[-84.2576,30.7103],[-84.2569,30.7108],[-84.2573,30.7108],[-84.2576,30.7103]],[[-84.2799,30.6929],[-84.2814,30.6903],[-84.2787,30.6909],[-84.2799,30.6929]],[[-84.3473,30.5951],[-84.3488,30.5953],[-84.3472,30.5935],[-84.3473,30.5951]],[[-84.3737,30.5778],[-84.3743,30.5768],[-84.3726,30.5763],[-84.3737,30.5778]],[[-84.3935,30.5289],[-84.3929,30.5282],[-84.392,30.5302],[-84.3935,30.5289]],[[-84.3915,30.5261],[-84.3914,30.5244],[-84.3907,30.5252],[-84.3915,30.5261]],[[-84.3922,30.5167],[-84.3956,30.5167],[-84.3925,30.5157],[-84.3922,30.5167]],[[-84.4028,30.5052],[-84.4038,30.5042],[-84.4024,30.5046],[-84.4028,30.5052]],[[-84.3953,30.5125],[-84.3945,30.513],[-84.3958,30.5139],[-84.3953,30.5125]],[[-83.9843,30.9431],[-83.9836,30.9435],[-83.9849,30.9437],[-83.9843,30.9431]]],[[[-83.9813,30.9454],[-83.9815,30.945],[-83.981,30.945],[-83.9813,30.9454]]],[[[-84.016,30.908],[-84.0161,30.9072],[-84.0154,30.907],[-84.016,30.908]]],[[[-84.0484,30.8741],[-84.0502,30.8732],[-84.0474,30.8726],[-84.0484,30.8741]]],[[[-84.2583,30.7074],[-84.2582,30.7073],[-84.258,30.7077],[-84.2583,30.7074]]],[[[-84.3033,30.6571],[-84.304,30.6564],[-84.3029,30.656],[-84.3033,30.6571]]],[[[-84.3333,30.6012],[-84.3336,30.5998],[-84.3325,30.5994],[-84.3333,30.6012]]],[[[-84.3438,30.5991],[-84.3445,30.5963],[-84.3437,30.5968],[-84.3438,30.5991]]],[[[-84.3612,30.5842],[-84.3611,30.5841],[-84.3609,30.5843],[-84.3612,30.5842]]],[[[-84.3698,30.5824],[-84.3698,30.5816],[-84.3693,30.5821],[-84.3698,30.5824]]],[[[-84.3901,30.5214],[-84.3893,30.5216],[-84.3894,30.5233],[-84.3901,30.5214]]],[[[-84.3932,30.5158],[-84.3947,30.5156],[-84.3935,30.5149],[-84.3932,30.5158]]],[[[-84.4379,30.4627],[-84.4384,30.4625],[-84.4377,30.462],[-84.4379,30.4627]]],[[[-85.0104,31.1007],[-85.0221,31.0967],[-85.0241,31.0838],[-85.0242,31.0902],[-85.0216,31.0974],[-85.0094,31.1018],[-85.0092,31.1132],[-85.003,31.1281],[-85.0104,31.1007]]],[[[-85.2885,31.1308],[-85.2674,31.1264],[-85.2603,31.122],[-85.2576,31.1101],[-85.2512,31.1007],[-85.2317,31.0902],[-85.2,31.0582],[-85.2167,31.0355],[-85.2225,31.0168],[-85.2452,30.9943],[-85.2465,30.9819],[-85.2552,30.9615],[-85.2551,30.9517],[-85.2645,30.9356],[-85.2713,30.9134],[-85.2686,30.9075],[-85.2738,30.8945],[-85.2634,30.8849],[-85.2619,30.8784],[-85.2568,30.8754],[-85.2513,30.8659],[-85.2512,30.8622],[-85.2559,30.8613],[-85.254,30.8572],[-85.2588,30.8492],[-85.2555,30.8462],[-85.2521,30.8484],[-85.2501,30.8438],[-85.2347,30.8352],[-85.2379,30.8244],[-85.2279,30.8049],[-85.2279,30.7989],[-85.2215,30.7954],[-85.2212,30.7886],[-85.2099,30.782],[-85.2099,30.7745],[-85.2162,30.7733],[-85.2162,30.7696],[-85.2105,30.7647],[-85.2174,30.7598],[-85.2101,30.7541],[-85.2134,30.7553],[-85.216,30.746],[-85.2101,30.7433],[-85.2143,30.7363],[-85.2118,30.7325],[-85.204,30.7366],[-85.2008,30.7343],[-85.2028,30.7311],[-85.199,30.7316],[-85.198,30.7221],[-85.2012,30.7155],[-85.2051,30.7172],[-85.2041,30.7113],[-85.2063,30.7106],[-85.2008,30.7048],[-85.2032,30.6998],[-85.2012,30.6953],[-85.1942,30.6913],[-85.2002,30.6861],[-85.1968,30.6788],[-85.1932,30.6783],[-85.1961,30.6716],[-85.1923,30.6655],[-85.1954,30.6605],[-85.1922,30.657],[-85.1842,30.6567],[-85.1832,30.6521],[-85.1763,30.647],[-85.1629,30.6565],[-85.1593,30.6722],[-85.1514,30.6727],[-85.1449,30.6783],[-85.1331,30.6756],[-85.1449,30.6781],[-85.1513,30.6726],[-85.1592,30.6721],[-85.1628,30.6565],[-85.1781,30.6443],[-85.1766,30.6381],[-85.1641,30.6307],[-85.1688,30.6221],[-85.1646,30.6129],[-85.1678,30.6082],[-85.1647,30.6059],[-85.1723,30.5857],[-85.169,30.5805],[-85.1734,30.5747],[-85.1717,30.5626],[-85.1763,30.5579],[-85.1707,30.5526],[-85.1645,30.5303],[-85.1564,30.519],[-85.1606,30.5213],[-85.1623,30.5192],[-85.1564,30.5063],[-85.165,30.4925],[-85.1627,30.4883],[-85.1665,30.4854],[-85.1574,30.4727],[-85.1586,30.4589],[-85.1649,30.4546],[-85.1604,30.4519],[-85.1579,30.4421],[-85.1599,30.4344],[-85.1703,30.4322],[-85.1727,30.426],[-85.1697,30.4174],[-85.1622,30.411],[-85.1624,30.4013],[-85.1566,30.4021],[-85.1587,30.3905],[-85.1643,30.3818],[-85.1611,30.3746],[-85.1638,30.3725],[-85.1591,30.3705],[-85.1638,30.3681],[-85.1607,30.3675],[-85.1607,30.3613],[-85.1572,30.3601],[-85.154,30.3482],[-85.1476,30.3451],[-85.1519,30.3443],[-85.1545,30.3391],[-85.1484,30.3374],[-85.1466,30.3333],[-85.1503,30.3206],[-85.1457,30.3089],[-85.1496,30.3013],[-85.1465,30.2991],[-85.1478,30.292],[-85.1417,30.2818],[-85.1439,30.2775],[-85.1419,30.2743],[-85.1459,30.2706],[-85.1471,30.277],[-85.1539,30.2681],[-85.1561,30.271],[-85.1585,30.2629],[-85.1664,30.2603],[-85.1654,30.246],[-85.1917,30.2283],[-85.1838,30.219],[-85.1872,30.1918],[-85.1841,30.183],[-85.1766,30.179],[-85.1699,30.1414],[-85.1701,30.1294],[-85.175,30.1302],[-85.1766,30.1237],[-85.1697,30.1163],[-85.1728,30.1041],[-85.1813,30.1012],[-85.1801,30.0918],[-85.1744,30.0831],[-85.1697,30.0838],[-85.1635,30.0729],[-85.1586,30.0416],[-85.1493,30.0447],[-85.1482,30.036],[-85.1422,30.0342],[-85.1456,30.0291],[-85.143,30.0249],[-85.1447,30.018],[-85.1237,30.009],[-85.1136,30.0136],[-85.1009,30.0103],[-85.0877,30.0128],[-85.0988,30.0083],[-85.1121,30.0124],[-85.1254,30.0079],[-85.1415,30.015],[-85.1457,30.0176],[-85.1439,30.0249],[-85.1464,30.0289],[-85.1429,30.0339],[-85.149,30.0358],[-85.1487,30.0434],[-85.1592,30.0412],[-85.1641,30.0728],[-85.1704,30.0832],[-85.1756,30.0828],[-85.182,30.0962],[-85.1816,30.1023],[-85.1735,30.1046],[-85.1705,30.117],[-85.1792,30.1255],[-85.179,30.1481],[-85.1863,30.1605],[-85.1848,30.1743],[-85.193,30.1898],[-85.1964,30.1904],[-85.1942,30.1979],[-85.1976,30.2083],[-85.1965,30.2159],[-85.1903,30.2207],[-85.1956,30.2281],[-85.1952,30.2354],[-85.1815,30.2416],[-85.1671,30.2573],[-85.1661,30.2497],[-85.1698,30.2453],[-85.1661,30.246],[-85.1667,30.2609],[-85.1588,30.2632],[-85.1598,30.2688],[-85.1581,30.2674],[-85.1474,30.2773],[-85.1459,30.271],[-85.1424,30.2744],[-85.1447,30.2776],[-85.1425,30.2821],[-85.1485,30.2925],[-85.1468,30.2989],[-85.1499,30.3011],[-85.146,30.309],[-85.1467,30.3158],[-85.1509,30.3206],[-85.1471,30.3333],[-85.1485,30.337],[-85.1549,30.3389],[-85.1523,30.3447],[-85.1485,30.3457],[-85.1545,30.3481],[-85.1575,30.3599],[-85.1611,30.3612],[-85.161,30.3674],[-85.1642,30.3686],[-85.1607,30.3705],[-85.1644,30.3724],[-85.1616,30.3744],[-85.1647,30.3812],[-85.1636,30.3872],[-85.1594,30.3901],[-85.1569,30.4021],[-85.163,30.4011],[-85.1627,30.4108],[-85.1704,30.4179],[-85.1732,30.4263],[-85.1706,30.4326],[-85.1602,30.4347],[-85.158,30.445],[-85.1653,30.4547],[-85.1591,30.4591],[-85.1577,30.4725],[-85.1669,30.4852],[-85.163,30.4885],[-85.1652,30.4925],[-85.1568,30.5059],[-85.1625,30.5194],[-85.1605,30.5216],[-85.1568,30.5189],[-85.1647,30.5299],[-85.171,30.5525],[-85.1766,30.5578],[-85.1719,30.5629],[-85.1737,30.5747],[-85.1693,30.5807],[-85.1726,30.5855],[-85.1651,30.605],[-85.1681,30.6082],[-85.1649,30.6129],[-85.1692,30.6221],[-85.1645,30.631],[-85.178,30.6392],[-85.1767,30.6468],[-85.1846,30.6565],[-85.1955,30.6575],[-85.201,30.6608],[-85.2054,30.6722],[-85.2117,30.6743],[-85.2146,30.6791],[-85.2255,30.6812],[-85.2304,30.6881],[-85.2387,30.6883],[-85.2303,30.6882],[-85.2253,30.6814],[-85.2145,30.6792],[-85.2052,30.6723],[-85.2008,30.661],[-85.1951,30.6576],[-85.1925,30.6674],[-85.1964,30.6713],[-85.1938,30.6785],[-85.1973,30.6788],[-85.1959,30.6806],[-85.2007,30.6861],[-85.1946,30.6913],[-85.2015,30.6954],[-85.2036,30.6999],[-85.2012,30.7048],[-85.2047,30.7056],[-85.2066,30.7105],[-85.205,30.7176],[-85.2017,30.7156],[-85.1984,30.7219],[-85.1993,30.7314],[-85.2031,30.7308],[-85.2041,30.7334],[-85.2012,30.7342],[-85.2037,30.7363],[-85.2097,30.7318],[-85.2147,30.7355],[-85.2102,30.7428],[-85.2162,30.7457],[-85.2164,30.7503],[-85.2136,30.7555],[-85.2104,30.7544],[-85.2178,30.7601],[-85.2108,30.7644],[-85.2165,30.7699],[-85.2161,30.7739],[-85.21,30.775],[-85.2111,30.7819],[-85.2216,30.7886],[-85.2219,30.7953],[-85.2282,30.7989],[-85.2281,30.8048],[-85.238,30.8244],[-85.2349,30.8352],[-85.2502,30.8437],[-85.2522,30.8483],[-85.2559,30.8462],[-85.2625,30.851],[-85.2654,30.8607],[-85.2737,30.8628],[-85.3151,30.8323],[-85.2753,30.8624],[-85.2864,30.8663],[-85.2659,30.8613],[-85.2623,30.8511],[-85.2593,30.8503],[-85.2542,30.8572],[-85.256,30.8614],[-85.2508,30.8629],[-85.2569,30.8753],[-85.2621,30.8783],[-85.2635,30.8849],[-85.2739,30.8942],[-85.2696,30.909],[-85.3037,30.9405],[-85.3063,30.9516],[-85.304,30.9561],[-85.3079,30.9595],[-85.3047,30.9714],[-85.3089,30.9741],[-85.3219,30.998],[-85.3326,31.0009],[-85.3433,31.0155],[-85.366,31.0315],[-85.3685,31.0396],[-85.3885,31.052],[-85.3958,31.0645],[-85.4165,31.0769],[-85.3956,31.0646],[-85.3884,31.0521],[-85.3684,31.0397],[-85.3659,31.0315],[-85.3432,31.0156],[-85.3325,31.001],[-85.3218,30.9981],[-85.3087,30.9742],[-85.3045,30.9714],[-85.3077,30.9595],[-85.3038,30.9561],[-85.3061,30.9516],[-85.3035,30.9406],[-85.2953,30.9357],[-85.2788,30.9151],[-85.2714,30.9103],[-85.2647,30.9357],[-85.2552,30.9517],[-85.2554,30.9616],[-85.2466,30.9819],[-85.2453,30.9943],[-85.2227,31.0169],[-85.2168,31.0355],[-85.2002,31.0581],[-85.2318,31.0901],[-85.2513,31.1007],[-85.2577,31.11],[-85.2604,31.1219],[-85.2674,31.1263],[-85.2885,31.1308]],[[-85.2103,30.7818],[-85.2116,30.7806],[-85.2108,30.7804],[-85.2103,30.7818]],[[-85.1585,30.2695],[-85.1605,30.2649],[-85.1594,30.2639],[-85.1585,30.2695]],[[-85.159,30.2653],[-85.1588,30.2652],[-85.1587,30.2655],[-85.159,30.2653]],[[-85.1547,30.2681],[-85.1541,30.2708],[-85.1554,30.2687],[-85.1547,30.2681]]],[[[-85.1993,30.6868],[-85.1983,30.6872],[-85.1991,30.6874],[-85.1993,30.6868]]],[[[-85.1932,30.6652],[-85.1935,30.6651],[-85.1929,30.665],[-85.1932,30.6652]]],[[[-85.1943,30.6594],[-85.1944,30.6599],[-85.1952,30.6602],[-85.1943,30.6594]]],[[[-85.171,30.5795],[-85.1699,30.5797],[-85.1708,30.5799],[-85.171,30.5795]]],[[[-85.1762,30.121],[-85.1743,30.1196],[-85.1767,30.1221],[-85.1762,30.121]]],[[[-84.9997,31.3218],[-84.9924,31.3193],[-84.9999,31.3218],[-85.0268,31.3184],[-85.0433,31.2983],[-85.037,31.279],[-85.04,31.2631],[-85.0366,31.2518],[-85.0425,31.239],[-85.0412,31.231],[-85.0291,31.2329],[-85.0111,31.2266],[-85.0298,31.2328],[-85.0412,31.2309],[-85.0443,31.2269],[-85.0386,31.2095],[-85.0428,31.2027],[-85.0453,31.1878],[-85.0421,31.1823],[-85.0455,31.1614],[-85.0572,31.1461],[-85.0551,31.1417],[-85.0576,31.1394],[-85.0537,31.1325],[-85.056,31.1241],[-85.0539,31.1324],[-85.0577,31.1395],[-85.0553,31.1416],[-85.0572,31.1467],[-85.0458,31.1613],[-85.0423,31.1825],[-85.0455,31.1878],[-85.043,31.2027],[-85.0387,31.2095],[-85.0445,31.2267],[-85.0368,31.2514],[-85.0402,31.2631],[-85.0371,31.279],[-85.0435,31.2983],[-85.0269,31.3185],[-84.9997,31.3218]]],[[[-84.7662,31.3295],[-84.7503,31.3192],[-84.75,31.3038],[-84.7461,31.2986],[-84.7523,31.2928],[-84.7563,31.282],[-84.7732,31.2765],[-84.7847,31.2593],[-84.7851,31.2537],[-84.7807,31.2477],[-84.7808,31.2408],[-84.7721,31.235],[-84.7684,31.2144],[-84.7561,31.212],[-84.7416,31.1967],[-84.7412,31.1845],[-84.7459,31.1803],[-84.7459,31.1746],[-84.7369,31.165],[-84.7363,31.151],[-84.7313,31.1457],[-84.725,31.146],[-84.7207,31.1401],[-84.7248,31.1243],[-84.7222,31.1229],[-84.7217,31.1137],[-84.7148,31.1095],[-84.7129,31.1013],[-84.7153,31.0974],[-84.7107,31.0912],[-84.7115,31.0833],[-84.7273,31.0671],[-84.7234,31.0566],[-84.7301,31.0441],[-84.7417,31.0377],[-84.7393,31.0276],[-84.7452,31.0249],[-84.7436,31.0212],[-84.7528,31.0045],[-84.7492,30.9977],[-84.7512,30.9957],[-84.7457,30.9896],[-84.7506,30.9866],[-84.7453,30.9756],[-84.7459,30.9706],[-84.7517,30.9679],[-84.7489,30.9653],[-84.7531,30.9594],[-84.745,30.9523],[-84.7447,30.9464],[-84.7469,30.9467],[-84.7422,30.9372],[-84.7455,30.9322],[-84.7427,30.9237],[-84.7487,30.9199],[-84.7488,30.9111],[-84.7465,30.9099],[-84.7494,30.9088],[-84.7501,30.8955],[-84.7489,30.92],[-84.7449,30.923],[-84.7432,30.9284],[-84.7458,30.9325],[-84.7425,30.937],[-84.7464,30.9429],[-84.7453,30.9522],[-84.7533,30.9595],[-84.7492,30.9652],[-84.7521,30.9677],[-84.7456,30.9759],[-84.7505,30.983],[-84.7507,30.987],[-84.7463,30.9894],[-84.7514,30.9957],[-84.7495,30.9977],[-84.7532,31.0045],[-84.7438,31.0213],[-84.7453,31.025],[-84.7394,31.0276],[-84.7418,31.0378],[-84.7303,31.0441],[-84.7236,31.0562],[-84.7275,31.067],[-84.724,31.0687],[-84.723,31.0744],[-84.7347,31.0812],[-84.7361,31.0883],[-84.7457,31.1017],[-84.7566,31.1078],[-84.7764,31.1078],[-84.7837,31.1042],[-84.7957,31.1072],[-84.7906,31.1166],[-84.7992,31.1325],[-84.7914,31.1472],[-84.7991,31.1325],[-84.7905,31.1166],[-84.7958,31.1074],[-84.7837,31.1043],[-84.7764,31.1079],[-84.757,31.108],[-84.7483,31.104],[-84.7359,31.0884],[-84.7346,31.0813],[-84.7231,31.0751],[-84.7237,31.0707],[-84.711,31.0847],[-84.711,31.0919],[-84.7154,31.0974],[-84.7131,31.1013],[-84.715,31.1094],[-84.7218,31.1137],[-84.7224,31.1228],[-84.725,31.1243],[-84.7209,31.1401],[-84.7251,31.1459],[-84.7314,31.1456],[-84.7365,31.1509],[-84.737,31.165],[-84.746,31.1745],[-84.7411,31.1925],[-84.7464,31.2038],[-84.7605,31.2142],[-84.7685,31.2142],[-84.7723,31.235],[-84.7809,31.2408],[-84.7809,31.2476],[-84.7861,31.258],[-84.8194,31.2861],[-84.821,31.2955],[-84.8269,31.3037],[-84.8436,31.3103],[-84.8268,31.3038],[-84.8209,31.2955],[-84.8193,31.2861],[-84.7854,31.2571],[-84.7732,31.2767],[-84.7564,31.2821],[-84.7524,31.2929],[-84.7463,31.2986],[-84.7501,31.3038],[-84.7505,31.3192],[-84.775,31.3353],[-84.7752,31.345],[-84.7749,31.3354],[-84.7662,31.3295]],[[-84.7465,30.9711],[-84.746,30.9709],[-84.7463,30.9713],[-84.7465,30.9711]]],[[[-84.7475,30.915],[-84.7486,30.9141],[-84.7472,30.9137],[-84.7475,30.915]]],[[[-84.7491,30.9093],[-84.7502,30.9088],[-84.7495,30.9085],[-84.7491,30.9093]]],[[[-84.3775,31.7249],[-84.3772,31.7182],[-84.3732,31.717],[-84.3813,31.7138],[-84.4067,31.6894],[-84.413,31.6736],[-84.4194,31.6705],[-84.4342,31.6501],[-84.4422,31.6442],[-84.4503,31.6226],[-84.447,31.6044],[-84.4576,31.5843],[-84.4517,31.5727],[-84.4549,31.5484],[-84.4473,31.5443],[-84.4457,31.5364],[-84.4248,31.5148],[-84.4258,31.4953],[-84.4216,31.4904],[-84.4262,31.4789],[-84.4241,31.474],[-84.4183,31.4712],[-84.4124,31.4573],[-84.4178,31.4548],[-84.4196,31.4496],[-84.426,31.4479],[-84.4302,31.4359],[-84.4373,31.4343],[-84.4517,31.4078],[-84.4615,31.4035],[-84.4618,31.3932],[-84.466,31.3913],[-84.4659,31.3844],[-84.4699,31.379],[-84.4753,31.3773],[-84.4737,31.3706],[-84.4854,31.3473],[-84.4775,31.3353],[-84.4848,31.33],[-84.4838,31.3078],[-84.4881,31.3035],[-84.4839,31.297],[-84.4918,31.2906],[-84.4852,31.2859],[-84.488,31.2834],[-84.4959,31.2846],[-84.4963,31.2786],[-84.4896,31.2769],[-84.4883,31.2697],[-84.4815,31.2615],[-84.4747,31.2627],[-84.4667,31.2562],[-84.4683,31.2467],[-84.463,31.2419],[-84.4672,31.2368],[-84.4627,31.2337],[-84.4617,31.2265],[-84.4677,31.2238],[-84.4682,31.2176],[-84.4756,31.2089],[-84.4721,31.2088],[-84.4712,31.2055],[-84.4742,31.2041],[-84.4673,31.1994],[-84.4723,31.1969],[-84.4741,31.184],[-84.4676,31.17],[-84.4588,31.1677],[-84.4483,31.1817],[-84.4412,31.1828],[-84.4324,31.1909],[-84.4272,31.1906],[-84.4208,31.1984],[-84.416,31.194],[-84.4188,31.1866],[-84.4137,31.1887],[-84.4047,31.202],[-84.4101,31.2102],[-84.4068,31.2127],[-84.4071,31.2192],[-84.3953,31.2261],[-84.3939,31.2307],[-84.3753,31.2401],[-84.3668,31.2409],[-84.3598,31.255],[-84.3604,31.2599],[-84.3421,31.2772],[-84.3414,31.2859],[-84.3367,31.293],[-84.3423,31.3047],[-84.3241,31.3162],[-84.3316,31.3247],[-84.3309,31.3317],[-84.3157,31.3452],[-84.3123,31.3647],[-84.2969,31.3788],[-84.2969,31.3981],[-84.3071,31.4186],[-84.2967,31.3982],[-84.2967,31.3793],[-84.3121,31.3646],[-84.3156,31.3452],[-84.3307,31.3316],[-84.3314,31.3247],[-84.3239,31.3162],[-84.327,31.3137],[-84.3193,31.3118],[-84.3144,31.314],[-84.3118,31.3242],[-84.2906,31.3255],[-84.2866,31.3302],[-84.2838,31.3281],[-84.277,31.3299],[-84.2704,31.3331],[-84.2725,31.3378],[-84.2677,31.3423],[-84.2568,31.3398],[-84.2545,31.336],[-84.2441,31.3431],[-84.2404,31.3388],[-84.2344,31.3413],[-84.2253,31.3565],[-84.2125,31.3563],[-84.2098,31.3599],[-84.2,31.357],[-84.1985,31.3646],[-84.2018,31.3758],[-84.1961,31.3924],[-84.1821,31.3998],[-84.1802,31.3914],[-84.1768,31.3973],[-84.1801,31.4065],[-84.1784,31.4106],[-84.1586,31.4174],[-84.1526,31.4153],[-84.1419,31.4337],[-84.1431,31.4394],[-84.1378,31.4437],[-84.1569,31.4561],[-84.1553,31.4639],[-84.1489,31.4669],[-84.1538,31.4791],[-84.1493,31.4877],[-84.1478,31.5013],[-84.1529,31.5123],[-84.1411,31.5206],[-84.1386,31.5323],[-84.1482,31.5557],[-84.1435,31.5593],[-84.1482,31.5741],[-84.1447,31.5931],[-84.1384,31.6028],[-84.1362,31.6015],[-84.1438,31.594],[-84.1471,31.5744],[-84.1429,31.5585],[-84.1477,31.5556],[-84.1379,31.5322],[-84.1406,31.5202],[-84.1522,31.512],[-84.1469,31.5015],[-84.1484,31.488],[-84.153,31.4813],[-84.1483,31.4668],[-84.1493,31.4637],[-84.1545,31.4635],[-84.156,31.4568],[-84.1371,31.4435],[-84.142,31.4394],[-84.1409,31.4338],[-84.1533,31.4136],[-84.1584,31.417],[-84.1771,31.4107],[-84.1793,31.4064],[-84.1759,31.3979],[-84.1789,31.3916],[-84.1824,31.3916],[-84.1826,31.3992],[-84.1956,31.3916],[-84.2006,31.3762],[-84.1978,31.3598],[-84.2004,31.3557],[-84.21,31.3594],[-84.2121,31.3557],[-84.2252,31.3562],[-84.2344,31.3403],[-84.2413,31.3384],[-84.2441,31.3426],[-84.2542,31.3355],[-84.257,31.3394],[-84.2679,31.3415],[-84.2718,31.3372],[-84.27,31.333],[-84.2757,31.3297],[-84.2838,31.3274],[-84.2865,31.3298],[-84.2904,31.3251],[-84.3111,31.324],[-84.3162,31.3117],[-84.3239,31.3139],[-84.3323,31.3114],[-84.341,31.3047],[-84.3355,31.2918],[-84.341,31.2851],[-84.3409,31.2778],[-84.3594,31.2597],[-84.359,31.2542],[-84.3658,31.2404],[-84.3781,31.2382],[-84.4061,31.2191],[-84.4057,31.2131],[-84.4091,31.2097],[-84.4039,31.2033],[-84.4044,31.1991],[-84.4128,31.1885],[-84.4199,31.1868],[-84.4168,31.1941],[-84.4201,31.1977],[-84.4269,31.19],[-84.4322,31.1902],[-84.4415,31.1818],[-84.4484,31.1805],[-84.4582,31.1671],[-84.4703,31.1686],[-84.4685,31.1641],[-84.4826,31.1567],[-84.4787,31.1482],[-84.4807,31.1393],[-84.4886,31.1385],[-84.5068,31.1236],[-84.5001,31.118],[-84.5064,31.1086],[-84.5034,31.0891],[-84.5139,31.0662],[-84.5121,31.0404],[-84.5179,31.0242],[-84.5168,31.0095],[-84.5342,30.9925],[-84.5373,30.9955],[-84.5507,30.994],[-84.5492,30.9883],[-84.5623,30.9521],[-84.5594,30.931],[-84.5639,30.954],[-84.5503,30.9884],[-84.552,30.9942],[-84.5372,30.9965],[-84.5341,30.9937],[-84.5181,31.0095],[-84.5196,31.0232],[-84.5133,31.0406],[-84.5147,31.0659],[-84.5043,31.0889],[-84.5074,31.1074],[-84.5009,31.1178],[-84.5081,31.1234],[-84.4887,31.1396],[-84.4827,31.1392],[-84.48,31.1482],[-84.4843,31.1567],[-84.471,31.1633],[-84.472,31.1673],[-84.4675,31.1709],[-84.4743,31.1839],[-84.4725,31.1972],[-84.4676,31.1995],[-84.4744,31.2038],[-84.4723,31.2086],[-84.4758,31.2086],[-84.4689,31.2172],[-84.468,31.2241],[-84.4621,31.2265],[-84.4629,31.2335],[-84.4675,31.2367],[-84.4633,31.2421],[-84.4685,31.2465],[-84.4672,31.2565],[-84.4752,31.2626],[-84.4819,31.2614],[-84.49,31.2769],[-84.4965,31.2784],[-84.496,31.2848],[-84.4855,31.2858],[-84.4922,31.2904],[-84.4842,31.2971],[-84.4885,31.3034],[-84.4842,31.3078],[-84.4871,31.3153],[-84.4843,31.3183],[-84.5,31.331],[-84.515,31.3365],[-84.5209,31.3458],[-84.5292,31.3491],[-84.5291,31.3544],[-84.541,31.3634],[-84.5389,31.3661],[-84.5427,31.3751],[-84.5479,31.3784],[-84.5464,31.3868],[-84.5561,31.3924],[-84.556,31.3989],[-84.5621,31.3975],[-84.5661,31.4002],[-84.5738,31.394],[-84.6027,31.3895],[-84.6321,31.4012],[-84.6027,31.3896],[-84.5738,31.3941],[-84.5664,31.4],[-84.5645,31.4072],[-84.5689,31.4114],[-84.5655,31.4116],[-84.5669,31.4207],[-84.5614,31.4243],[-84.5602,31.4296],[-84.5715,31.4451],[-84.567,31.4488],[-84.5649,31.4563],[-84.5674,31.4589],[-84.5659,31.4627],[-84.5709,31.466],[-84.5709,31.4768],[-84.574,31.4809],[-84.5826,31.4814],[-84.5951,31.4971],[-84.6077,31.4969],[-84.6288,31.5052],[-84.6508,31.5238],[-84.663,31.5299],[-84.6707,31.5445],[-84.6813,31.5556],[-84.679,31.5611],[-84.6876,31.5749],[-84.714,31.583],[-84.7245,31.5789],[-84.7139,31.5831],[-84.6875,31.575],[-84.6788,31.5611],[-84.6812,31.5557],[-84.6705,31.5446],[-84.6629,31.53],[-84.6212,31.5017],[-84.6113,31.5005],[-84.6075,31.4971],[-84.5948,31.4973],[-84.5823,31.4816],[-84.5771,31.4807],[-84.5724,31.4847],[-84.5722,31.498],[-84.5689,31.5033],[-84.575,31.52],[-84.5829,31.527],[-84.5818,31.5401],[-84.5822,31.5258],[-84.5749,31.5201],[-84.572,31.5067],[-84.569,31.506],[-84.5723,31.4846],[-84.5751,31.4829],[-84.5703,31.476],[-84.5707,31.4662],[-84.5656,31.4627],[-84.5672,31.459],[-84.5645,31.4563],[-84.5667,31.4486],[-84.5712,31.4451],[-84.56,31.4296],[-84.5612,31.4242],[-84.5664,31.421],[-84.5653,31.4114],[-84.5685,31.4116],[-84.5643,31.4073],[-84.5662,31.4005],[-84.5622,31.3976],[-84.5559,31.3991],[-84.557,31.3944],[-84.5536,31.3897],[-84.5463,31.3877],[-84.5477,31.3785],[-84.5395,31.369],[-84.5382,31.3647],[-84.5406,31.3633],[-84.5289,31.3546],[-84.5286,31.349],[-84.5206,31.3461],[-84.5148,31.3365],[-84.5001,31.3313],[-84.4857,31.3198],[-84.485,31.3303],[-84.4777,31.3353],[-84.4854,31.3483],[-84.4781,31.3604],[-84.4796,31.364],[-84.4739,31.3707],[-84.4754,31.3774],[-84.47,31.3792],[-84.4661,31.3913],[-84.462,31.3932],[-84.4617,31.4035],[-84.4518,31.4079],[-84.4374,31.4344],[-84.4303,31.436],[-84.4261,31.4479],[-84.4197,31.4497],[-84.4179,31.4549],[-84.4125,31.4571],[-84.4184,31.4711],[-84.4243,31.4739],[-84.4263,31.4789],[-84.4218,31.4907],[-84.4321,31.5067],[-84.438,31.509],[-84.4471,31.5438],[-84.455,31.5483],[-84.4518,31.5727],[-84.4577,31.5843],[-84.4472,31.6045],[-84.4505,31.6229],[-84.4422,31.6444],[-84.4343,31.6502],[-84.4195,31.6706],[-84.4132,31.6737],[-84.4068,31.6894],[-84.3817,31.7129],[-84.3772,31.726],[-84.3805,31.7351],[-84.3775,31.7249]],[[-84.4373,31.5086],[-84.4324,31.5073],[-84.4256,31.4975],[-84.4247,31.5067],[-84.4272,31.5098],[-84.4249,31.5147],[-84.4456,31.5362],[-84.4373,31.5086]],[[-84.4666,31.3841],[-84.4664,31.384],[-84.466,31.3845],[-84.4666,31.3841]],[[-84.5352,31.3592],[-84.5355,31.3589],[-84.535,31.3588],[-84.5352,31.3592]],[[-84.5465,31.3876],[-84.5466,31.3874],[-84.5464,31.3872],[-84.5465,31.3876]],[[-84.5931,31.4956],[-84.5944,31.4947],[-84.5921,31.4941],[-84.5931,31.4956]],[[-84.4848,31.3127],[-84.4845,31.3131],[-84.4851,31.3131],[-84.4848,31.3127]],[[-84.4819,31.1574],[-84.4815,31.1574],[-84.4813,31.1578],[-84.4819,31.1574]],[[-84.4836,31.1559],[-84.4831,31.1567],[-84.4834,31.1565],[-84.4836,31.1559]],[[-84.4804,31.1502],[-84.4804,31.1505],[-84.4806,31.1507],[-84.4804,31.1502]],[[-84.4798,31.1495],[-84.4801,31.15],[-84.4806,31.1502],[-84.4798,31.1495]],[[-84.4796,31.1476],[-84.4794,31.1481],[-84.4797,31.1484],[-84.4796,31.1476]],[[-84.48,31.1472],[-84.4798,31.1474],[-84.4799,31.1474],[-84.48,31.1472]],[[-84.4796,31.1471],[-84.4795,31.1472],[-84.4796,31.1472],[-84.4796,31.1471]],[[-84.4803,31.145],[-84.4801,31.1452],[-84.4802,31.1454],[-84.4803,31.145]],[[-84.4814,31.1398],[-84.4813,31.1402],[-84.4814,31.1402],[-84.4814,31.1398]],[[-84.4818,31.1395],[-84.4817,31.1395],[-84.4816,31.1397],[-84.4818,31.1395]],[[-84.5624,30.9527],[-84.5619,30.9545],[-84.5625,30.9535],[-84.5624,30.9527]],[[-84.451,31.1774],[-84.4511,31.1774],[-84.4512,31.1772],[-84.451,31.1774]],[[-84.4478,31.1813],[-84.4481,31.1811],[-84.4478,31.1812],[-84.4478,31.1813]],[[-84.4461,31.1816],[-84.4462,31.1815],[-84.446,31.1815],[-84.4461,31.1816]],[[-84.4426,31.1817],[-84.4422,31.1818],[-84.4426,31.1818],[-84.4426,31.1817]],[[-84.4424,31.1821],[-84.4428,31.182],[-84.4423,31.182],[-84.4424,31.1821]],[[-84.4343,31.1886],[-84.4345,31.1884],[-84.4345,31.1883],[-84.4343,31.1886]],[[-84.4258,31.1915],[-84.426,31.1914],[-84.426,31.1913],[-84.4258,31.1915]],[[-84.4263,31.1915],[-84.4264,31.1913],[-84.4263,31.1914],[-84.4263,31.1915]],[[-84.4104,31.1931],[-84.4105,31.193],[-84.4104,31.193],[-84.4104,31.1931]],[[-84.4092,31.1937],[-84.4093,31.1937],[-84.4091,31.1936],[-84.4092,31.1937]],[[-84.4079,31.1956],[-84.4076,31.1956],[-84.4077,31.1962],[-84.4079,31.1956]],[[-84.3937,31.23],[-84.3939,31.23],[-84.394,31.2299],[-84.3937,31.23]],[[-84.3937,31.2302],[-84.3933,31.2302],[-84.3937,31.2304],[-84.3937,31.2302]],[[-84.3936,31.2306],[-84.394,31.2304],[-84.3936,31.2305],[-84.3936,31.2306]],[[-84.3872,31.2337],[-84.387,31.2338],[-84.3873,31.2339],[-84.3872,31.2337]],[[-84.3851,31.2338],[-84.3844,31.234],[-84.3846,31.2341],[-84.3851,31.2338]],[[-84.3794,31.2379],[-84.3796,31.2376],[-84.3792,31.2377],[-84.3794,31.2379]],[[-84.3601,31.2532],[-84.3601,31.2534],[-84.3603,31.2531],[-84.3601,31.2532]],[[-84.3457,31.2738],[-84.3479,31.2714],[-84.3467,31.272],[-84.3457,31.2738]],[[-84.341,31.2787],[-84.3412,31.2786],[-84.3411,31.2784],[-84.341,31.2787]],[[-84.3359,31.2921],[-84.336,31.2913],[-84.3358,31.2915],[-84.3359,31.2921]],[[-84.3411,31.3049],[-84.3416,31.3045],[-84.3415,31.3039],[-84.3411,31.3049]],[[-84.2009,31.3561],[-84.2004,31.3568],[-84.2009,31.3567],[-84.2009,31.3561]],[[-84.2008,31.3759],[-84.201,31.3755],[-84.2008,31.3752],[-84.2008,31.3759]],[[-84.1775,31.4014],[-84.1775,31.4011],[-84.1768,31.4001],[-84.1775,31.4014]],[[-84.1536,31.4142],[-84.1535,31.4145],[-84.1537,31.4144],[-84.1536,31.4142]],[[-84.1428,31.4314],[-84.1423,31.4322],[-84.1431,31.4322],[-84.1428,31.4314]],[[-84.142,31.4371],[-84.1424,31.4368],[-84.1419,31.4356],[-84.142,31.4371]],[[-84.1425,31.4377],[-84.1426,31.4372],[-84.1422,31.4374],[-84.1425,31.4377]],[[-84.144,31.4468],[-84.1428,31.4475],[-84.1448,31.4483],[-84.144,31.4468]],[[-84.1445,31.4484],[-84.145,31.449],[-84.1455,31.449],[-84.1445,31.4484]]],[[[-84.4931,31.3246],[-84.4935,31.3245],[-84.4931,31.3243],[-84.4931,31.3246]]],[[[-84.5186,31.3435],[-84.5187,31.3433],[-84.5181,31.3431],[-84.5186,31.3435]]],[[[-84.5245,31.3476],[-84.5239,31.3478],[-84.5243,31.348],[-84.5245,31.3476]]],[[[-84.5395,31.3671],[-84.5395,31.3665],[-84.5391,31.3668],[-84.5395,31.3671]]],[[[-84.5748,31.5182],[-84.575,31.518],[-84.5745,31.518],[-84.5748,31.5182]]],[[[-84.4898,31.276],[-84.4896,31.2761],[-84.4898,31.2762],[-84.4898,31.276]]],[[[-84.4846,31.2648],[-84.4844,31.2651],[-84.4847,31.2651],[-84.4846,31.2648]]],[[[-84.4648,31.2416],[-84.4652,31.2415],[-84.4649,31.2414],[-84.4648,31.2416]]],[[[-84.4727,31.1778],[-84.473,31.1778],[-84.4727,31.1774],[-84.4727,31.1778]]],[[[-84.4721,31.1765],[-84.472,31.1766],[-84.4721,31.1766],[-84.4721,31.1765]]],[[[-84.4749,31.1602],[-84.4749,31.1603],[-84.475,31.1603],[-84.4749,31.1602]]],[[[-84.4837,31.1538],[-84.4838,31.1553],[-84.484,31.1545],[-84.4837,31.1538]]],[[[-84.4826,31.1386],[-84.4828,31.1383],[-84.4824,31.1385],[-84.4826,31.1386]]],[[[-84.4912,31.1362],[-84.4905,31.1369],[-84.4909,31.1367],[-84.4912,31.1362]]],[[[-84.4561,31.1698],[-84.4548,31.1713],[-84.4555,31.1708],[-84.4561,31.1698]]],[[[-84.4552,31.1706],[-84.4558,31.1699],[-84.455,31.1704],[-84.4552,31.1706]]],[[[-84.4542,31.1717],[-84.4541,31.1719],[-84.4543,31.1718],[-84.4542,31.1717]]],[[[-84.4528,31.1744],[-84.4534,31.1736],[-84.4536,31.173],[-84.4528,31.1744]]],[[[-84.4505,31.1774],[-84.4503,31.1775],[-84.4501,31.1779],[-84.4505,31.1774]]],[[[-84.4144,31.1878],[-84.4145,31.1878],[-84.4146,31.1877],[-84.4144,31.1878]]],[[[-84.4129,31.1901],[-84.4131,31.1904],[-84.4131,31.1901],[-84.4129,31.1901]]],[[[-84.4127,31.1902],[-84.4127,31.1906],[-84.4129,31.1904],[-84.4127,31.1902]]],[[[-84.4125,31.1912],[-84.4126,31.1911],[-84.4126,31.191],[-84.4125,31.1912]]],[[[-84.3966,31.225],[-84.397,31.2248],[-84.3966,31.2247],[-84.3966,31.225]]],[[[-84.3981,31.225],[-84.3964,31.2255],[-84.3976,31.2254],[-84.3981,31.225]]],[[[-84.3946,31.2286],[-84.3948,31.2285],[-84.3946,31.228],[-84.3946,31.2286]]],[[[-84.3842,31.234],[-84.3837,31.2341],[-84.3839,31.2342],[-84.3842,31.234]]],[[[-84.3835,31.234],[-84.3833,31.2339],[-84.3831,31.2341],[-84.3835,31.234]]],[[[-84.3693,31.2392],[-84.3697,31.2392],[-84.3698,31.239],[-84.3693,31.2392]]],[[[-84.3699,31.2393],[-84.369,31.2398],[-84.3698,31.2396],[-84.3699,31.2393]]],[[[-84.3602,31.2586],[-84.3604,31.2587],[-84.3603,31.2583],[-84.3602,31.2586]]],[[[-84.3475,31.2712],[-84.3487,31.2703],[-84.3479,31.2704],[-84.3475,31.2712]]],[[[-84.1453,31.4479],[-84.1452,31.4482],[-84.1457,31.4485],[-84.1453,31.4479]]],[[[-84.0167,31.8892],[-84.0034,31.879],[-83.9851,31.8783],[-83.965,31.8673],[-83.9585,31.8545],[-83.9689,31.8419],[-83.9656,31.8356],[-83.9589,31.8351],[-83.9575,31.8401],[-83.949,31.8447],[-83.9462,31.8502],[-83.9321,31.8457],[-83.9222,31.8537],[-83.9228,31.85],[-83.9181,31.8472],[-83.9135,31.8487],[-83.9018,31.8453],[-83.9054,31.8417],[-83.9015,31.8445],[-83.8814,31.8399],[-83.8798,31.8371],[-83.8566,31.8359],[-83.8538,31.8393],[-83.8392,31.8235],[-83.8538,31.8391],[-83.8566,31.8358],[-83.8806,31.8368],[-83.9017,31.8414],[-83.9037,31.8344],[-83.9036,31.839],[-83.9083,31.8433],[-83.9252,31.8472],[-83.931,31.8416],[-83.936,31.8442],[-83.9351,31.8368],[-83.9459,31.849],[-83.9568,31.8397],[-83.9583,31.8347],[-83.9672,31.8343],[-83.9724,31.8275],[-83.9796,31.8107],[-83.9761,31.8034],[-83.9893,31.8068],[-83.9936,31.8036],[-84.0075,31.8027],[-84.0078,31.7924],[-83.9914,31.7851],[-83.9938,31.7776],[-83.9857,31.7672],[-83.9909,31.7601],[-83.9633,31.7593],[-83.9568,31.7565],[-83.9633,31.7591],[-83.9767,31.7576],[-83.9802,31.7609],[-83.9832,31.7579],[-83.9872,31.7606],[-84.0034,31.7543],[-84.0073,31.7353],[-84.0133,31.7339],[-84.0208,31.7216],[-84.0325,31.7159],[-84.0258,31.7115],[-84.0197,31.6935],[-84.0144,31.6901],[-84.0115,31.6974],[-84.0135,31.6992],[-84.009,31.7001],[-84.0081,31.7081],[-84.0029,31.7063],[-83.9863,31.719],[-83.9818,31.7135],[-83.9799,31.7159],[-83.9654,31.7095],[-83.953,31.6964],[-83.9477,31.7002],[-83.9417,31.699],[-83.9378,31.6879],[-83.932,31.6898],[-83.9269,31.6844],[-83.9321,31.6896],[-83.9379,31.6878],[-83.9417,31.6988],[-83.9477,31.7],[-83.9531,31.6963],[-83.9655,31.7094],[-83.9799,31.7158],[-83.9818,31.7134],[-83.9864,31.7189],[-84.0028,31.7062],[-84.0075,31.7085],[-84.0089,31.7],[-84.0133,31.6991],[-84.0114,31.6974],[-84.0137,31.6908],[-84.0161,31.6896],[-84.0189,31.6929],[-84.0216,31.6853],[-84.0118,31.6636],[-84.0151,31.6586],[-83.9998,31.6634],[-83.9922,31.6752],[-83.9941,31.6684],[-83.9997,31.6633],[-84.0058,31.6629],[-84.0064,31.6598],[-84.0149,31.6583],[-84.0153,31.6519],[-84.0185,31.6496],[-84.0285,31.6481],[-84.0294,31.6428],[-84.0338,31.6425],[-84.0396,31.6344],[-84.0431,31.6227],[-84.0524,31.6202],[-84.063,31.6079],[-84.0535,31.6204],[-84.0438,31.6235],[-84.0411,31.6337],[-84.0348,31.6431],[-84.0302,31.6433],[-84.0295,31.6484],[-84.0171,31.6515],[-84.0162,31.6604],[-84.0128,31.6626],[-84.0223,31.6828],[-84.02,31.692],[-84.0259,31.7103],[-84.0331,31.7161],[-84.0208,31.7225],[-84.0132,31.7353],[-84.0082,31.7352],[-84.0044,31.7542],[-83.9995,31.7578],[-83.993,31.7577],[-83.9864,31.7669],[-83.9944,31.7776],[-83.9915,31.7847],[-84.0014,31.7869],[-84.0084,31.7922],[-84.0087,31.8017],[-83.9892,31.8073],[-83.9765,31.8037],[-83.9797,31.8135],[-83.9726,31.8284],[-83.9657,31.8355],[-83.9691,31.842],[-83.9587,31.8545],[-83.9651,31.8672],[-83.9764,31.8745],[-83.9972,31.8806],[-84.0035,31.8788],[-84.0167,31.8892]],[[-83.9045,31.845],[-83.9042,31.8451],[-83.9044,31.8452],[-83.9045,31.845]]],[[[-83.8867,32.0326],[-83.9156,32.032],[-83.9287,32.0147],[-83.9329,32.0134],[-83.9349,32.0064],[-83.9507,32.0002],[-83.9351,32.0065],[-83.933,32.0135],[-83.9288,32.0148],[-83.9157,32.0321],[-83.8871,32.0325],[-83.8782,32.0386],[-83.8867,32.0326]]],[[[-84.5893,32.1631],[-84.5944,32.154],[-84.5928,32.1495],[-84.5958,32.1372],[-84.5902,32.1189],[-84.5766,32.1071],[-84.5615,32.0869],[-84.5568,32.0723],[-84.5588,32.0649],[-84.5486,32.0529],[-84.5412,32.0513],[-84.5369,32.046],[-84.5155,32.0454],[-84.5051,32.0367],[-84.5032,32.0433],[-84.5105,32.0619],[-84.5077,32.0769],[-84.4986,32.0967],[-84.5002,32.1104],[-84.4984,32.0967],[-84.5076,32.0768],[-84.5102,32.0616],[-84.5031,32.0433],[-84.5048,32.0355],[-84.4844,32.0114],[-84.4808,32.0121],[-84.4821,32.0054],[-84.472,31.9988],[-84.4713,31.9908],[-84.4658,31.9831],[-84.4514,31.9748],[-84.4415,31.9656],[-84.4404,31.9598],[-84.4369,31.9598],[-84.4348,31.9543],[-84.421,31.9429],[-84.4116,31.9365],[-84.4032,31.935],[-84.398,31.9256],[-84.3826,31.9164],[-84.374,31.9012],[-84.3646,31.8958],[-84.3585,31.8862],[-84.3515,31.881],[-84.349,31.8822],[-84.3433,31.8746],[-84.3269,31.8731],[-84.3149,31.8681],[-84.3106,31.8703],[-84.3001,31.8679],[-84.2932,31.865],[-84.2937,31.8606],[-84.2898,31.8571],[-84.2767,31.8507],[-84.2774,31.8418],[-84.2595,31.8279],[-84.2637,31.8236],[-84.2617,31.8149],[-84.2643,31.8125],[-84.2597,31.8037],[-84.2629,31.7972],[-84.261,31.7912],[-84.2581,31.7913],[-84.2615,31.7854],[-84.2615,31.776],[-84.2576,31.7717],[-84.2585,31.7681],[-84.253,31.765],[-84.2539,31.7594],[-84.2501,31.7537],[-84.254,31.7513],[-84.248,31.7467],[-84.2469,31.7383],[-84.244,31.7356],[-84.226,31.7344],[-84.2148,31.7422],[-84.2042,31.7299],[-84.1987,31.7318],[-84.1983,31.7372],[-84.1929,31.7353],[-84.1894,31.7319],[-84.1904,31.7267],[-84.1857,31.7239],[-84.1856,31.7145],[-84.1883,31.7123],[-84.1835,31.7057],[-84.187,31.6923],[-84.1824,31.6891],[-84.179,31.6707],[-84.1875,31.6527],[-84.1906,31.6553],[-84.196,31.6486],[-84.187,31.6351],[-84.1816,31.6325],[-84.1822,31.6296],[-84.1731,31.6226],[-84.1825,31.6294],[-84.1817,31.6323],[-84.1872,31.6348],[-84.1963,31.6488],[-84.1909,31.6554],[-84.1876,31.653],[-84.1792,31.6709],[-84.1827,31.689],[-84.1874,31.6924],[-84.1839,31.7057],[-84.1886,31.7121],[-84.1857,31.7147],[-84.1878,31.7154],[-84.1859,31.7239],[-84.1879,31.7257],[-84.1917,31.721],[-84.1895,31.7316],[-84.193,31.7352],[-84.1981,31.7369],[-84.1985,31.7318],[-84.2042,31.7297],[-84.2149,31.742],[-84.2266,31.7341],[-84.244,31.7353],[-84.2473,31.7383],[-84.2482,31.7464],[-84.2543,31.7511],[-84.2504,31.7538],[-84.2541,31.7591],[-84.2532,31.765],[-84.2586,31.7677],[-84.2579,31.7717],[-84.2618,31.7758],[-84.2625,31.7823],[-84.2585,31.7911],[-84.2612,31.7912],[-84.2631,31.7971],[-84.26,31.8038],[-84.2646,31.8125],[-84.262,31.8149],[-84.264,31.8238],[-84.2597,31.8278],[-84.2778,31.8418],[-84.2769,31.8505],[-84.29,31.8569],[-84.3001,31.8678],[-84.3105,31.8701],[-84.3142,31.8679],[-84.327,31.8729],[-84.3436,31.8745],[-84.3489,31.882],[-84.3518,31.8807],[-84.3578,31.8852],[-84.3647,31.8957],[-84.3742,31.9012],[-84.3827,31.916],[-84.3978,31.9251],[-84.4033,31.9348],[-84.4117,31.9364],[-84.421,31.9428],[-84.435,31.9542],[-84.4371,31.9598],[-84.4404,31.9596],[-84.4416,31.9655],[-84.4517,31.9746],[-84.4623,31.9789],[-84.4715,31.9907],[-84.4723,31.9987],[-84.4801,32.0017],[-84.4998,32.0295],[-84.5107,32.0369],[-84.5113,32.0423],[-84.5199,32.0462],[-84.5371,32.0459],[-84.5413,32.0512],[-84.549,32.0528],[-84.5589,32.0649],[-84.5569,32.0723],[-84.5617,32.0869],[-84.5768,32.107],[-84.5904,32.1188],[-84.596,32.1372],[-84.593,32.1495],[-84.5946,32.1541],[-84.5912,32.156],[-84.5896,32.1639],[-84.5838,32.1679],[-84.5893,32.1631]],[[-84.5099,32.04],[-84.5088,32.0369],[-84.5059,32.0364],[-84.5099,32.04]],[[-84.5058,32.0365],[-84.5049,32.0355],[-84.5051,32.0365],[-84.5058,32.0365]],[[-84.5059,32.0362],[-84.5071,32.0358],[-84.5044,32.0341],[-84.5059,32.0362]],[[-84.5044,32.034],[-84.5028,32.0311],[-84.5021,32.0324],[-84.5044,32.034]],[[-84.5025,32.0312],[-84.5009,32.0304],[-84.5015,32.032],[-84.5025,32.0312]],[[-84.5068,32.0353],[-84.5066,32.0354],[-84.5072,32.0357],[-84.5068,32.0353]],[[-84.5077,32.0358],[-84.5062,32.0363],[-84.5083,32.0364],[-84.5077,32.0358]],[[-84.5102,32.0398],[-84.5104,32.0368],[-84.5092,32.0371],[-84.5102,32.0398]],[[-84.4979,32.0249],[-84.4929,32.0206],[-84.4936,32.0232],[-84.4979,32.0249]],[[-84.4903,32.0173],[-84.4902,32.0172],[-84.4901,32.0172],[-84.4903,32.0173]],[[-84.4901,32.0166],[-84.4897,32.0169],[-84.4902,32.017],[-84.4901,32.0166]],[[-84.4896,32.0165],[-84.4888,32.0157],[-84.4884,32.0164],[-84.4896,32.0165]],[[-84.4899,32.0164],[-84.4903,32.0155],[-84.4889,32.0153],[-84.4899,32.0164]],[[-84.4846,32.012],[-84.4855,32.0118],[-84.4846,32.0113],[-84.4846,32.012]],[[-84.485,32.0114],[-84.4859,32.0099],[-84.4858,32.0097],[-84.485,32.0114]],[[-84.4842,32.0113],[-84.4843,32.0081],[-84.482,32.0123],[-84.4842,32.0113]],[[-84.4828,32.0094],[-84.4815,32.0086],[-84.4811,32.012],[-84.4828,32.0094]],[[-84.4818,32.0093],[-84.4839,32.0082],[-84.4821,32.0071],[-84.4818,32.0093]],[[-84.4855,32.0114],[-84.4856,32.013],[-84.4866,32.0117],[-84.4855,32.0114]],[[-84.2947,31.8647],[-84.2939,31.8635],[-84.2931,31.8647],[-84.2947,31.8647]],[[-84.1911,31.7208],[-84.1881,31.7253],[-84.1908,31.7269],[-84.1911,31.7208]]],[[[-84.486,32.013],[-84.4864,32.0159],[-84.4882,32.0154],[-84.486,32.013]]],[[[-84.4859,32.0147],[-84.4856,32.0151],[-84.4862,32.0159],[-84.4859,32.0147]]],[[[-84.4854,32.0147],[-84.4855,32.0122],[-84.4849,32.0119],[-84.4854,32.0147]]],[[[-84.4248,31.947],[-84.4245,31.9473],[-84.4248,31.9473],[-84.4248,31.947]]],[[[-84.3066,31.8683],[-84.3059,31.8677],[-84.3049,31.8682],[-84.3066,31.8683]]],[[[-84.1971,31.7353],[-84.1961,31.7364],[-84.1973,31.7361],[-84.1971,31.7353]]],[[[-84.194,31.7354],[-84.1943,31.7356],[-84.1943,31.735],[-84.194,31.7354]]],[[[-84.1919,31.7319],[-84.1907,31.7335],[-84.1918,31.7339],[-84.1919,31.7319]]],[[[-84.5094,32.0638],[-84.5102,32.0617],[-84.5087,32.063],[-84.5094,32.0638]]],[[[-84.5092,32.0639],[-84.5078,32.0675],[-84.5097,32.0644],[-84.5092,32.0639]]],[[[-84.509,32.0656],[-84.5094,32.0661],[-84.5095,32.0649],[-84.509,32.0656]]],[[[-84.5092,32.0658],[-84.5089,32.0666],[-84.5092,32.0663],[-84.5092,32.0658]]],[[[-84.5082,32.0675],[-84.5081,32.0694],[-84.5089,32.0669],[-84.5082,32.0675]]],[[[-84.4394,32.2329],[-84.4383,32.2217],[-84.4189,32.2092],[-84.4084,32.1918],[-84.3976,32.1837],[-84.3846,32.1822],[-84.3666,32.1745],[-84.3525,32.1562],[-84.337,32.1475],[-84.3297,32.1395],[-84.3312,32.1358],[-84.3263,32.1294],[-84.3139,32.1201],[-84.2904,32.1184],[-84.2796,32.1079],[-84.2793,32.1285],[-84.2895,32.1681],[-84.2792,32.1285],[-84.2774,32.116],[-84.2799,32.1083],[-84.2651,32.1006],[-84.2575,32.08],[-84.248,32.0723],[-84.2443,32.0562],[-84.2389,32.0445],[-84.2318,32.0379],[-84.2326,32.0318],[-84.2272,32.0241],[-84.2253,32.0135],[-84.2294,31.9917],[-84.2285,31.9674],[-84.2258,31.9662],[-84.2237,31.9561],[-84.2064,31.9441],[-84.2084,31.9393],[-84.2036,31.9351],[-84.2048,31.9251],[-84.1999,31.911],[-84.2011,31.9036],[-84.1974,31.8982],[-84.1984,31.8888],[-84.1796,31.8562],[-84.1722,31.8521],[-84.1614,31.8375],[-84.1635,31.8342],[-84.16,31.8291],[-84.1633,31.8195],[-84.1604,31.8049],[-84.1477,31.7925],[-84.149,31.7885],[-84.1422,31.7775],[-84.132,31.7725],[-84.135,31.766],[-84.132,31.7619],[-84.132,31.7506],[-84.1221,31.7375],[-84.1259,31.7279],[-84.1182,31.7245],[-84.1169,31.7166],[-84.1096,31.7104],[-84.1097,31.6977],[-84.1039,31.6918],[-84.1055,31.6847],[-84.0976,31.6806],[-84.1039,31.6743],[-84.0995,31.6677],[-84.1075,31.6561],[-84.1085,31.6494],[-84.1312,31.6406],[-84.1418,31.6231],[-84.1442,31.6235],[-84.1337,31.6338],[-84.1313,31.6408],[-84.1087,31.6495],[-84.1052,31.6612],[-84.101,31.6633],[-84.1042,31.6743],[-84.0978,31.6804],[-84.1057,31.6847],[-84.1042,31.6918],[-84.1081,31.6933],[-84.1109,31.7005],[-84.1099,31.7103],[-84.1175,31.7169],[-84.1182,31.724],[-84.1265,31.728],[-84.1223,31.7374],[-84.1322,31.7504],[-84.1322,31.7619],[-84.1352,31.766],[-84.1321,31.7723],[-84.1423,31.7774],[-84.1492,31.7885],[-84.1479,31.7925],[-84.1524,31.7941],[-84.1542,31.8001],[-84.1605,31.8048],[-84.1635,31.8195],[-84.1601,31.8291],[-84.1637,31.8341],[-84.1616,31.8375],[-84.1723,31.852],[-84.1807,31.8574],[-84.1824,31.8637],[-84.1924,31.8748],[-84.1941,31.8848],[-84.1986,31.8887],[-84.2003,31.8946],[-84.1976,31.8983],[-84.2013,31.9036],[-84.2002,31.911],[-84.2038,31.9154],[-84.205,31.9251],[-84.2038,31.9349],[-84.2085,31.9392],[-84.2066,31.9441],[-84.2212,31.9534],[-84.2267,31.9613],[-84.2296,31.9874],[-84.2256,32.0091],[-84.2273,32.0241],[-84.2327,32.0317],[-84.2319,32.0378],[-84.239,32.0445],[-84.2444,32.0561],[-84.2481,32.0722],[-84.258,32.0805],[-84.2654,32.1007],[-84.2817,32.1075],[-84.2904,32.1183],[-84.314,32.1199],[-84.3264,32.1293],[-84.3313,32.1357],[-84.3299,32.1394],[-84.3372,32.1474],[-84.3526,32.1561],[-84.3667,32.1744],[-84.3846,32.1821],[-84.3977,32.1835],[-84.4086,32.1917],[-84.419,32.2091],[-84.4385,32.2217],[-84.4394,32.2329]],[[-84.199,31.8949],[-84.198,31.8947],[-84.1976,31.8956],[-84.199,31.8949]],[[-84.1101,31.7088],[-84.1096,31.7094],[-84.1102,31.709],[-84.1101,31.7088]],[[-84.1097,31.6983],[-84.1091,31.7009],[-84.1107,31.7006],[-84.1097,31.6983]],[[-84.1006,31.6683],[-84.1011,31.6672],[-84.0998,31.6676],[-84.1006,31.6683]],[[-84.1428,31.6235],[-84.142,31.6233],[-84.1419,31.624],[-84.1428,31.6235]]],[[[-84.2097,31.9476],[-84.2099,31.9475],[-84.2095,31.9475],[-84.2097,31.9476]]],[[[-84.2075,31.9371],[-84.2073,31.9372],[-84.2075,31.9372],[-84.2075,31.9371]]],[[[-84.1125,31.713],[-84.1125,31.7133],[-84.1127,31.7132],[-84.1125,31.713]]],[[[-84.1002,31.6683],[-84.0997,31.6686],[-84.1005,31.6691],[-84.1002,31.6683]]],[[[-85.183,32.3801],[-85.1795,32.3767],[-85.1808,32.3743],[-85.1651,32.3687],[-85.1465,32.3703],[-85.1328,32.362],[-85.117,32.3645],[-85.1081,32.3602],[-85.1051,32.3542],[-85.1,32.3566],[-85.0929,32.3532],[-85.0765,32.3537],[-85.0597,32.3449],[-85.0558,32.3464],[-85.0531,32.342],[-85.05,32.3447],[-85.0462,32.3356],[-85.0436,32.3377],[-85.0343,32.3294],[-85.0225,32.3263],[-85.0196,32.3176],[-85.0063,32.3141],[-85.0049,32.2973],[-85.0024,32.2956],[-84.9919,32.2974],[-84.9786,32.2937],[-84.9735,32.2981],[-84.9668,32.2964],[-84.9704,32.2976],[-84.9628,32.3011],[-84.9665,32.3002],[-84.9651,32.3024],[-84.9536,32.3034],[-84.9636,32.2973],[-84.9673,32.2982],[-84.9636,32.3002],[-84.9684,32.2991],[-84.9673,32.2957],[-84.9738,32.2977],[-84.9784,32.2935],[-85.0023,32.2951],[-85.0054,32.2974],[-85.0042,32.3095],[-85.0068,32.3141],[-85.0192,32.317],[-85.0226,32.3261],[-85.0346,32.3291],[-85.0437,32.3371],[-85.0463,32.3354],[-85.05,32.3444],[-85.053,32.3419],[-85.0558,32.3461],[-85.06,32.3448],[-85.0765,32.3536],[-85.081,32.3514],[-85.1,32.3565],[-85.1052,32.3541],[-85.1072,32.3592],[-85.1168,32.3643],[-85.1327,32.3618],[-85.1465,32.3701],[-85.1653,32.3684],[-85.1809,32.3741],[-85.1796,32.3766],[-85.183,32.3801]],[[-84.9912,32.2962],[-84.992,32.2972],[-84.992,32.2966],[-84.9912,32.2962]],[[-84.9873,32.2939],[-84.9871,32.294],[-84.988,32.2944],[-84.9873,32.2939]],[[-84.9632,32.3],[-84.9621,32.2987],[-84.9596,32.3009],[-84.9632,32.3]],[[-84.9653,32.2989],[-84.9655,32.2985],[-84.9652,32.2984],[-84.9653,32.2989]],[[-84.9568,32.3025],[-84.9563,32.3026],[-84.9571,32.3027],[-84.9568,32.3025]]],[[[-84.9683,32.2997],[-84.9692,32.2997],[-84.9692,32.2991],[-84.9683,32.2997]]],[[[-84.9544,32.3038],[-84.9545,32.3038],[-84.9545,32.3035],[-84.9544,32.3038]]]]},"properties":{"common_name":"Unknown","scientific_name":"","status":"","layer":"critical_habitat"}},{"type":"Feature","geometry":{"type":"Polygon","coordinates":[[[-84.8343,35.1497],[-84.8306,35.1518],[-84.8177,35.1472],[-84.8158,35.1393],[-84.8201,35.1371],[-84.8182,35.1254],[-84.8208,35.1225],[-84.8045,35.108],[-84.8017,35.097],[-84.7952,35.1027],[-84.791,35.1015],[-84.7874,35.0987],[-84.7899,35.0932],[-84.7878,35.0897],[-84.7729,35.0882],[-84.774,35.085],[-84.7676,35.083],[-84.7628,35.0765],[-84.7572,35.0793],[-84.752,35.0744],[-84.7461,35.0772],[-84.7416,35.0744],[-84.7413,35.0665],[-84.728,35.0743],[-84.7205,35.0674],[-84.7105,35.064],[-84.7066,35.0656],[-84.7065,35.057],[-84.7,35.0544],[-84.6893,35.0556],[-84.6839,35.0603],[-84.6814,35.0558],[-84.6827,35.0405],[-84.6786,35.0362],[-84.6646,35.0393],[-84.661,35.0327],[-84.6545,35.0312],[-84.6504,35.0258],[-84.6431,35.0262],[-84.6438,35.019],[-84.6314,35.0115],[-84.6259,35.0157],[-84.6164,35.0163],[-84.6087,35.0258],[-84.5925,35.0196],[-84.5885,35.0224],[-84.5851,35.0197],[-84.5695,35.028],[-84.5626,35.0265],[-84.5525,35.0072],[-84.5345,35.0035],[-84.523,34.9963],[-84.5189,34.9878],[-84.5181,34.9737],[-84.5231,34.9683],[-84.5212,34.9621],[-84.5243,34.9578],[-84.5214,34.9535],[-84.5264,34.9374],[-84.5131,34.9324],[-84.5136,34.9282],[-84.5096,34.9258],[-84.5081,34.928],[-84.5072,34.9227],[-84.501,34.9184],[-84.5052,34.9133],[-84.5035,34.9082],[-84.5119,34.9071],[-84.5156,34.9023],[-84.5155,34.8916],[-84.5108,34.884],[-84.5153,34.8768],[-84.5148,34.8685],[-84.5134,34.8652],[-84.5055,34.8638],[-84.504,34.8576],[-84.4985,34.8551],[-84.4968,34.8467],[-84.5021,34.8437],[-84.5044,34.8328],[-84.4919,34.8255],[-84.4878,34.8197],[-84.4875,34.812],[-84.4657,34.8199],[-84.4484,34.8215],[-84.4447,34.8267],[-84.4362,34.8295],[-84.4272,34.8389],[-84.4269,34.8434],[-84.4218,34.8438],[-84.4201,34.8496],[-84.4072,34.8475],[-84.4021,34.8497],[-84.391,34.8625],[-84.3846,34.8644],[-84.3816,34.8566],[-84.3953,34.8322],[-84.3862,34.8393],[-84.3794,34.839],[-84.3675,34.8445],[-84.3634,34.8519],[-84.3526,34.8551],[-84.346,34.8633],[-84.3407,34.8622],[-84.3304,34.868],[-84.3259,34.8619],[-84.3315,34.8552],[-84.3238,34.8462],[-84.3441,34.8236],[-84.3309,34.8174],[-84.3341,34.8124],[-84.3321,34.8094],[-84.3214,34.8059],[-84.3246,34.7995],[-84.3214,34.7883],[-84.3121,34.7814],[-84.3415,34.7617],[-84.3353,34.7472],[-84.3431,34.7436],[-84.3414,34.7366],[-84.327,34.7255],[-84.3179,34.7271],[-84.3059,34.7234],[-84.2973,34.7277],[-84.2787,34.7214],[-84.2647,34.6942],[-84.2573,34.6938],[-84.2553,34.6869],[-84.2408,34.6741],[-84.2422,34.6701],[-84.2331,34.6664],[-84.226,34.654],[-84.2159,34.6489],[-84.2109,34.6495],[-84.2108,34.6463],[-84.2029,34.6424],[-84.1976,34.6429],[-84.1937,34.6386],[-84.1966,34.634],[-84.1934,34.6296],[-84.1911,34.6323],[-84.1844,34.6298],[-84.1712,34.6371],[-84.1609,34.6334],[-84.161,34.6402],[-84.1564,34.6482],[-84.1515,34.651],[-84.1479,34.6464],[-84.1416,34.6491],[-84.1367,34.6542],[-84.1374,34.6606],[-84.1269,34.6646],[-84.1177,34.6583],[-84.0891,34.6514],[-84.081,34.6533],[-84.0781,34.6573],[-84.0713,34.6572],[-84.0677,34.6479],[-84.0626,34.6485],[-84.0481,34.6408],[-84.037,34.6418],[-84.0381,34.6512],[-84.03,34.6538],[-84.0242,34.6702],[-83.9947,34.6783],[-83.9916,34.6966],[-83.9866,34.7002],[-83.9895,34.7075],[-83.9846,34.7143],[-83.9403,34.7408],[-83.9271,34.7352],[-83.9217,34.7377],[-83.9064,34.7316],[-83.9004,34.7321],[-83.8937,34.7256],[-83.8855,34.7265],[-83.8787,34.7229],[-83.8702,34.7273],[-83.8568,34.7219],[-83.8501,34.7262],[-83.8409,34.7249],[-83.8383,34.7289],[-83.8295,34.7311],[-83.8296,34.7407],[-83.825,34.7435],[-83.8306,34.7663],[-83.8243,34.78],[-83.8148,34.787],[-83.8114,34.7941],[-83.8136,34.8076],[-83.7949,34.8247],[-83.7895,34.8243],[-83.7785,34.816],[-83.7545,34.8126],[-83.7518,34.8051],[-83.7467,34.8016],[-83.723,34.7978],[-83.7121,34.7906],[-83.696,34.7935],[-83.6911,34.7992],[-83.667,34.8065],[-83.6494,34.8252],[-83.613,34.8222],[-83.6074,34.8277],[-83.5969,34.8251],[-83.5871,34.8202],[-83.5822,34.8072],[-83.5752,34.7995],[-83.5762,34.7956],[-83.5566,34.785],[-83.5621,34.7813],[-83.5588,34.7752],[-83.5602,34.7717],[-83.5548,34.766],[-83.5566,34.7575],[-83.5516,34.7507],[-83.5368,34.7487],[-83.5349,34.7404],[-83.5131,34.7319],[-83.5035,34.7343],[-83.4966,34.7289],[-83.4915,34.7294],[-83.4921,34.7271],[-83.4732,34.7217],[-83.4653,34.7236],[-83.4622,34.717],[-83.4501,34.7156],[-83.4364,34.7005],[-83.4295,34.7001],[-83.426,34.6793],[-83.4283,34.6737],[-83.4173,34.6618],[-83.4251,34.6602],[-83.4258,34.6554],[-83.4293,34.657],[-83.4374,34.6534],[-83.4361,34.6482],[-83.4414,34.642],[-83.4382,34.6352],[-83.449,34.6233],[-83.4458,34.6138],[-83.4181,34.6118],[-83.4087,34.5989],[-83.4144,34.595],[-83.4122,34.5905],[-83.4179,34.5824],[-83.4171,34.577],[-83.4331,34.5836],[-83.4398,34.5809],[-83.4499,34.5633],[-83.4587,34.5586],[-83.4664,34.5423],[-83.465,34.5336],[-83.49,34.5266],[-83.4978,34.5153],[-83.5149,34.5129],[-83.5144,34.5071],[-83.5185,34.5027],[-83.53,34.5023],[-83.5299,34.4989],[-83.5432,34.4827],[-83.5486,34.4851],[-83.5606,34.4796],[-83.5689,34.4695],[-83.5785,34.465],[-83.5768,34.4589],[-83.5813,34.4582],[-83.5858,34.4517],[-83.6068,34.4454],[-83.6092,34.4356],[-83.6166,34.431],[-83.6233,34.4197],[-83.6423,34.4153],[-83.6449,34.4124],[-83.6432,34.4059],[-83.6546,34.4018],[-83.6574,34.3953],[-83.666,34.3915],[-83.6635,34.3895],[-83.678,34.3817],[-83.6848,34.3904],[-83.7028,34.3832],[-83.7279,34.3808],[-83.7349,34.3736],[-83.7476,34.3692],[-83.7586,34.3585],[-83.7678,34.3554],[-83.7869,34.3316],[-83.7957,34.3272],[-83.7912,34.3193],[-83.7946,34.3161],[-83.7898,34.3105],[-83.8014,34.2974],[-83.8019,34.2916],[-83.8181,34.2957],[-83.8249,34.2862],[-83.8246,34.279],[-83.8478,34.2574],[-83.8423,34.2575],[-83.8401,34.2487],[-83.8462,34.2478],[-83.8536,34.2409],[-83.8604,34.2217],[-83.8712,34.2149],[-83.8785,34.2143],[-83.8879,34.196],[-83.9249,34.1624],[-83.9245,34.1523],[-83.9347,34.1346],[-83.9352,34.1205],[-83.9409,34.1064],[-83.9382,34.0942],[-83.9277,34.0919],[-83.9285,34.0862],[-83.925,34.0823],[-83.9161,34.0806],[-83.9195,34.0724],[-83.9172,34.0677],[-83.9235,34.0664],[-83.9273,34.0619],[-83.9251,34.0504],[-83.942,34.0475],[-83.9517,34.036],[-83.9602,34.0354],[-83.9757,34.0364],[-83.9828,34.0494],[-83.9872,34.0498],[-83.9872,34.0458],[-83.9916,34.0444],[-84.002,34.0503],[-84.0078,34.0483],[-84.0097,34.0428],[-84.0203,34.0357],[-84.0231,34.037],[-84.0284,34.0326],[-84.0277,34.0359],[-84.0318,34.0375],[-84.0424,34.0334],[-84.0463,34.0249],[-84.0552,34.0225],[-84.054,34.0117],[-84.068,34.0002],[-84.0769,34.0031],[-84.0824,34.0014],[-84.0916,34.0137],[-84.0985,34.0172],[-84.1117,34.0143],[-84.1229,34.0059],[-84.1294,34.0092],[-84.1456,34.0033],[-84.1479,33.9974],[-84.1525,33.9953],[-84.1581,33.9775],[-84.1671,33.9793],[-84.1709,33.9719],[-84.1935,33.9658],[-84.1993,33.9708],[-84.2065,33.9696],[-84.2076,33.9553],[-84.2113,33.9531],[-84.2077,33.9476],[-84.2131,33.945],[-84.2164,33.9359],[-84.2223,33.936],[-84.2237,33.9305],[-84.2207,33.9208],[-84.2071,33.9149],[-84.2059,33.908],[-84.2057,33.9007],[-84.2103,33.8973],[-84.2127,33.8898],[-84.2201,33.886],[-84.2152,33.8701],[-84.2198,33.8643],[-84.2192,33.8567],[-84.2118,33.8563],[-84.2045,33.8475],[-84.197,33.8257],[-84.2126,33.8179],[-84.2329,33.8196],[-84.2392,33.8117],[-84.2385,33.8057],[-84.2519,33.8025],[-84.2656,33.793],[-84.2622,33.7811],[-84.2677,33.776],[-84.2893,33.775],[-84.2922,33.7695],[-84.3084,33.7645],[-84.3164,33.7653],[-84.322,33.7601],[-84.3368,33.7632],[-84.3525,33.7593],[-84.356,33.7547],[-84.3685,33.7558],[-84.3777,33.749],[-84.3909,33.7541],[-84.4066,33.7413],[-84.4142,33.7421],[-84.4145,33.7304],[-84.4253,33.7187],[-84.4229,33.7088],[-84.4269,33.7102],[-84.4262,33.7004],[-84.4303,33.6941],[-84.4345,33.6944],[-84.4399,33.6874],[-84.4381,33.6859],[-84.444,33.6839],[-84.4385,33.6804],[-84.4411,33.6726],[-84.437,33.6694],[-84.4155,33.6627],[-84.408,33.6559],[-84.4011,33.6563],[-84.3926,33.6505],[-84.3891,33.644],[-84.3902,33.6327],[-84.3849,33.6317],[-84.3825,33.6217],[-84.3696,33.6224],[-84.3529,33.6183],[-84.3389,33.614],[-84.3386,33.6095],[-84.3324,33.607],[-84.3438,33.5722],[-84.3427,33.564],[-84.3469,33.5597],[-84.3438,33.5565],[-84.3466,33.5537],[-84.3454,33.547],[-84.3413,33.5444],[-84.3541,33.5342],[-84.3538,33.5163],[-84.3484,33.5048],[-84.3435,33.5045],[-84.3374,33.4897],[-84.3347,33.4657],[-84.3252,33.4572],[-84.3271,33.4545],[-84.321,33.4406],[-84.3108,33.4339],[-84.3012,33.4352],[-84.2919,33.4319],[-84.2796,33.4236],[-84.2864,33.4171],[-84.288,33.4091],[-84.2943,33.4014],[-84.2871,33.3964],[-84.2824,33.3837],[-84.2889,33.3816],[-84.2965,33.3729],[-84.2948,33.368],[-84.2888,33.3659],[-84.2871,33.359],[-84.2925,33.3486],[-84.2963,33.3483],[-84.2962,33.3434],[-84.2868,33.3382],[-84.288,33.3344],[-84.2824,33.3233],[-84.2883,33.3101],[-84.2868,33.3002],[-84.2891,33.299],[-84.2863,33.2977],[-84.2827,33.2788],[-84.2851,33.2733],[-84.2881,33.2739],[-84.271,33.252],[-84.2644,33.2489],[-84.2474,33.2494],[-84.2446,33.2442],[-84.23,33.2376],[-84.2216,33.2278],[-84.2252,33.219],[-84.2122,33.1925],[-84.2138,33.1886],[-84.2016,33.1868],[-84.2077,33.1755],[-84.2041,33.1646],[-84.2097,33.1547],[-84.1966,33.1493],[-84.1978,33.1439],[-84.1945,33.1425],[-84.1922,33.131],[-84.1973,33.1224],[-84.1971,33.0906],[-84.1932,33.0878],[-84.1965,33.0802],[-84.1994,33.0798],[-84.2016,33.0696],[-84.1982,33.0597],[-84.1623,33.0527],[-84.1625,33.0419],[-84.1515,33.0386],[-84.1444,33.0304],[-84.1331,33.0246],[-84.1318,33.0187],[-84.1389,33.0052],[-84.1372,33.0005],[-84.1498,32.9879],[-84.1511,32.9818],[-84.1469,32.9714],[-84.1517,32.9585],[-84.1453,32.9535],[-84.1441,32.9497],[-84.1473,32.9479],[-84.14,32.9453],[-84.1388,32.9336],[-84.1416,32.9332],[-84.1374,32.9178],[-84.1234,32.9155],[-84.123,32.9088],[-84.1143,32.9053],[-84.1077,32.8964],[-84.1097,32.8921],[-84.0949,32.884],[-84.0934,32.8813],[-84.0959,32.8801],[-84.0889,32.8787],[-84.0929,32.8744],[-84.0906,32.871],[-84.0945,32.8667],[-84.0917,32.8661],[-84.0927,32.8613],[-84.0855,32.8601],[-84.0752,32.8461],[-84.0782,32.839],[-84.075,32.833],[-84.0699,32.831],[-84.0718,32.8276],[-84.0662,32.824],[-84.0691,32.8224],[-84.0564,32.8216],[-84.0494,32.8067],[-84.0433,32.8034],[-84.0382,32.8058],[-84.0348,32.8005],[-84.0183,32.7918],[-84.0198,32.7892],[-84.0134,32.7822],[-84.0177,32.7772],[-84.0107,32.7677],[-84.0107,32.7612],[-84.0067,32.7655],[-83.9975,32.7607],[-83.9928,32.7627],[-83.9925,32.7662],[-83.9884,32.7624],[-83.9826,32.7621],[-83.9791,32.7657],[-83.9692,32.7608],[-83.9715,32.7481],[-83.9656,32.7388],[-83.9587,32.7355],[-83.9583,32.726],[-83.9472,32.7205],[-83.9495,32.7161],[-83.9469,32.7123],[-83.9364,32.7087],[-83.9309,32.6903],[-83.9251,32.6832],[-83.9171,32.68],[-83.9249,32.6685],[-83.9238,32.6603],[-83.9333,32.6604],[-83.9274,32.6498],[-83.9329,32.6431],[-83.9324,32.6371],[-83.9448,32.6344],[-83.9488,32.6283],[-83.9539,32.6292],[-83.9667,32.6167],[-83.9606,32.6084],[-83.9347,32.5962],[-83.9387,32.5899],[-83.9355,32.5832],[-83.9405,32.5819],[-83.9476,32.5676],[-83.9562,32.5688],[-83.958,32.5654],[-83.9551,32.5638],[-83.9576,32.5548],[-83.949,32.5439],[-83.9557,32.5379],[-83.9581,32.5302],[-83.9529,32.527],[-83.9533,32.5162],[-83.9453,32.5172],[-83.9428,32.5115],[-83.9287,32.5002],[-83.9293,32.491],[-83.9346,32.4846],[-83.9294,32.4806],[-83.9284,32.4737],[-83.9418,32.4569],[-83.9332,32.4505],[-83.9326,32.4442],[-83.9262,32.4503],[-83.9248,32.445],[-83.9192,32.4417],[-83.9159,32.4232],[-83.9108,32.4188],[-83.8987,32.415],[-83.8972,32.4114],[-83.8898,32.4171],[-83.8834,32.4148],[-83.8812,32.4064],[-83.8775,32.4057],[-83.8789,32.4003],[-83.8747,32.4006],[-83.8661,32.3921],[-83.8674,32.3879],[-83.86,32.3832],[-83.8598,32.3786],[-83.847,32.3807],[-83.8368,32.3752],[-83.8298,32.3652],[-83.8394,32.3475],[-83.8356,32.3288],[-83.8302,32.3248],[-83.8292,32.3192],[-83.8229,32.3173],[-83.8226,32.3118],[-83.8092,32.3063],[-83.8066,32.2948],[-83.8009,32.2976],[-83.7931,32.2934],[-83.7853,32.2796],[-83.7789,32.2772],[-83.7835,32.2737],[-83.7839,32.2667],[-83.7882,32.2675],[-83.7898,32.2612],[-83.7829,32.2594],[-83.773,32.2475],[-83.7682,32.2487],[-83.7586,32.2396],[-83.7607,32.2298],[-83.7651,32.2284],[-83.7681,32.2227],[-83.7664,32.2186],[-83.7785,32.2115],[-83.7772,32.2065],[-83.774,32.2076],[-83.7634,32.2017],[-83.7644,32.1933],[-83.7615,32.1896],[-83.7662,32.1835],[-83.7467,32.1692],[-83.7227,32.1695],[-83.7129,32.1629],[-83.7032,32.1409],[-83.6901,32.1213],[-83.6869,32.1116],[-83.6886,32.097],[-83.6796,32.0851],[-83.6803,32.0801],[-83.6755,32.0765],[-83.6728,32.0657],[-83.668,32.0605],[-83.652,32.0565],[-83.6494,32.0532],[-83.6553,32.0468],[-83.6523,32.0374],[-83.6569,32.0356],[-83.6601,32.0249],[-83.6601,32.0205],[-83.655,32.0172],[-83.6559,32.0096],[-83.6609,32.0073],[-83.6593,32.0025],[-83.6623,31.9987],[-83.6723,31.9939],[-83.6683,31.991],[-83.669,31.9857],[-83.6771,31.9822],[-83.6825,31.9677],[-83.7055,31.9712],[-83.7118,31.9696],[-83.7207,31.96],[-83.7127,31.9486],[-83.718,31.9418],[-83.7024,31.9365],[-83.7035,31.9286],[-83.7085,31.9223],[-83.7048,31.918],[-83.7089,31.9085],[-83.7132,31.9064],[-83.7135,31.8976],[-83.7168,31.8936],[-83.7279,31.8946],[-83.7384,31.8819],[-83.7451,31.8843],[-83.7525,31.8814],[-83.7514,31.8719],[-83.7433,31.8575],[-83.7464,31.8488],[-83.7424,31.8432],[-83.7457,31.8403],[-83.7401,31.8292],[-83.7439,31.8245],[-83.7484,31.8258],[-83.7525,31.8218],[-83.7478,31.8154],[-83.7456,31.8011],[-83.7489,31.7868],[-83.7466,31.7759],[-83.7548,31.7737],[-83.7583,31.7613],[-83.7536,31.755],[-83.7564,31.7518],[-83.7664,31.7523],[-83.7684,31.7313],[-83.7721,31.7286],[-83.761,31.7088],[-83.7534,31.7016],[-83.7619,31.6923],[-83.7576,31.6815],[-83.7626,31.665],[-83.7569,31.6518],[-83.7646,31.6439],[-83.7605,31.6375],[-83.7646,31.6144],[-83.7845,31.6208],[-83.7854,31.6126],[-83.7915,31.6055],[-83.8108,31.6053],[-83.8193,31.6012],[-83.8256,31.5908],[-83.8388,31.5993],[-83.8423,31.5834],[-83.8395,31.5789],[-83.8475,31.5743],[-83.8491,31.5693],[-83.8539,31.5734],[-83.8584,31.5725],[-83.8646,31.5627],[-83.871,31.5637],[-83.8783,31.5569],[-83.8756,31.5448],[-83.8811,31.5404],[-83.8832,31.5327],[-83.8789,31.5277],[-83.8839,31.5189],[-83.8825,31.5118],[-83.8889,31.5076],[-83.8893,31.4956],[-83.8777,31.4869],[-83.8734,31.477],[-83.8762,31.4668],[-83.8851,31.457],[-83.8776,31.4446],[-83.8775,31.4354],[-83.8724,31.4297],[-83.8736,31.4231],[-83.8691,31.4186],[-83.8582,31.4184],[-83.8572,31.413],[-83.8639,31.4058],[-83.8562,31.3971],[-83.859,31.3937],[-83.853,31.3832],[-83.8561,31.3768],[-83.8492,31.334],[-83.8417,31.3221],[-83.821,31.3055],[-83.8231,31.3023],[-83.8146,31.287],[-83.8157,31.278],[-83.8127,31.276],[-83.8173,31.2655],[-83.8093,31.2501],[-83.8101,31.2374],[-83.8018,31.2319],[-83.7975,31.2245],[-83.7993,31.2183],[-83.795,31.2124],[-83.7942,31.2014],[-83.7898,31.1969],[-83.7906,31.1839],[-83.783,31.1662],[-83.7856,31.1601],[-83.7803,31.1389],[-83.7817,31.125],[-83.786,31.1143],[-83.7941,31.1123],[-83.7903,31.1045],[-83.7983,31.1031],[-83.8004,31.0999],[-83.7926,31.0797],[-83.7938,31.061],[-83.7893,31.0547],[-83.7914,31.0506],[-83.7875,31.0392],[-83.7827,31.0356],[-83.7842,31.0294],[-83.7634,31.01],[-83.7697,31.001],[-83.776,31.0023],[-83.7747,30.9859],[-83.7889,30.9855],[-83.7983,30.9813],[-83.7974,30.9637],[-83.8036,30.9465],[-83.8094,30.9432],[-83.8214,30.9485],[-83.8241,30.9459],[-83.821,30.9402],[-83.8231,30.9345],[-83.8315,30.9333],[-83.8392,30.9368],[-83.8564,30.929],[-83.8646,30.9307],[-83.8899,30.923],[-83.8915,30.9167],[-83.8869,30.9079],[-83.8929,30.9061],[-83.8961,30.8992],[-83.9158,30.8949],[-83.9191,30.8908],[-83.9188,30.884],[-83.9307,30.8758],[-83.9268,30.8719],[-83.9312,30.8591],[-83.9503,30.8532],[-83.9557,30.8557],[-83.9665,30.8431],[-83.9647,30.8373],[-83.9725,30.8367],[-83.972,30.8281],[-83.9809,30.826],[-83.9819,30.821],[-83.9887,30.8237],[-83.9992,30.8183],[-83.9887,30.8073],[-83.9686,30.8021],[-83.9799,30.7908],[-83.9777,30.7854],[-83.9647,30.7869],[-83.9553,30.7937],[-83.9509,30.7875],[-83.9386,30.7823],[-83.9301,30.785],[-83.9269,30.7901],[-83.9125,30.7873],[-83.9103,30.7825],[-83.9047,30.7817],[-83.9019,30.7693],[-83.8979,30.77],[-83.8966,30.765],[-83.889,30.7661],[-83.8834,30.7716],[-83.8759,30.7637],[-83.8664,30.7604],[-83.8694,30.7535],[-83.8615,30.7361],[-83.8747,30.726],[-83.8724,30.721],[-83.8612,30.7137],[-83.8675,30.6947],[-83.8633,30.6901],[-83.8567,30.6919],[-83.8525,30.6874],[-83.8448,30.6882],[-83.843,30.6814],[-83.8482,30.6793],[-83.8481,30.6733],[-83.8554,30.6712],[-83.8551,30.6624],[-83.8488,30.661],[-83.8487,30.6546],[-83.8416,30.6473],[-83.8451,30.6458],[-83.8426,30.6413],[-83.8289,30.6393],[-83.8347,30.6306],[-83.8299,30.6256],[-83.8312,30.6188],[-83.828,30.6116],[-83.8221,30.6071],[-83.8296,30.6041],[-83.8364,30.6101],[-83.8482,30.6026],[-83.8503,30.5996],[-83.848,30.5957],[-83.8523,30.5924],[-83.8447,30.5801],[-83.8464,30.5757],[-83.8687,30.5644],[-83.8701,30.549],[-83.8667,30.5389],[-83.8611,30.5362],[-83.8682,30.5248],[-83.8672,30.5177],[-83.887,30.5155],[-83.89,30.5192],[-83.8995,30.5135],[-83.913,30.5147],[-83.9154,30.5107],[-83.9114,30.5037],[-83.9179,30.4979],[-83.917,30.4895],[-83.9139,30.4869],[-83.9167,30.4854],[-83.9162,30.4775],[-83.9116,30.473],[-83.9136,30.4703],[-83.9073,30.4587],[-83.8995,30.4562],[-83.8986,30.4424],[-83.8899,30.4411],[-83.8913,30.435],[-83.9002,30.4366],[-83.9083,30.4303],[-83.9122,30.4152],[-83.9235,30.4204],[-83.9384,30.4118],[-83.9466,30.417],[-83.9501,30.4129],[-83.9598,30.4127],[-83.9651,30.4058],[-83.9609,30.3938],[-83.9712,30.388],[-83.974,30.3876],[-83.9724,30.394],[-83.9789,30.3976],[-83.9842,30.3986],[-83.9841,30.3959],[-83.9921,30.3948],[-83.9934,30.4012],[-83.9978,30.401],[-84.0023,30.4063],[-84.0141,30.4052],[-84.0204,30.3975],[-84.011,30.3918],[-84.014,30.3859],[-84.0231,30.3799],[-84.0184,30.3706],[-84.0223,30.3674],[-84.023,30.3583],[-84.0286,30.356],[-84.0118,30.3452],[-84.0121,30.3412],[-84.0193,30.3347],[-84.0102,30.3272],[-84.0061,30.3183],[-84.0088,30.3084],[-84.005,30.2996],[-84.0098,30.2902],[-84.0106,30.2774],[-84.0004,30.2779],[-83.9965,30.2732],[-83.9981,30.2638],[-84.0017,30.2603],[-84.0003,30.2564],[-84.0076,30.251],[-84.0104,30.2392],[-84.0087,30.1808],[-84.0036,30.1751],[-84.0065,30.1689],[-84.0037,30.1627],[-83.9832,30.1511],[-83.9884,30.1468],[-83.9823,30.1311],[-83.984,30.1154],[-83.9923,30.1037],[-83.9958,30.0894],[-84.0013,30.0873],[-83.9993,30.0774],[-84.0182,30.0517],[-84.0152,30.0453],[-84.0168,30.0403],[-84.0649,29.9401],[-84.1205,29.9255],[-84.1608,29.9213],[-84.1702,29.8713],[-84.19,29.8304],[-84.2179,29.7966],[-84.2592,29.7682],[-84.2867,29.7567],[-84.3233,29.7481],[-84.3801,29.7429],[-84.42,29.747],[-84.4428,29.7152],[-84.4745,29.6877],[-84.5453,29.6545],[-84.5887,29.6407],[-84.6594,29.5806],[-84.7106,29.5521],[-84.7973,29.5221],[-84.8728,29.481],[-84.8964,29.4712],[-85.0008,29.4417],[-85.0603,29.4362],[-85.0968,29.4417],[-85.1296,29.4533],[-85.1539,29.467],[-85.1771,29.4852],[-85.2188,29.5004],[-85.2597,29.5248],[-85.3084,29.5089],[-85.3545,29.5054],[-85.3987,29.5126],[-85.4409,29.5301],[-85.4676,29.5487],[-85.4923,29.5727],[-85.5227,29.6131],[-85.5427,29.6493],[-85.5648,29.704],[-85.5772,29.7459],[-85.5865,29.7909],[-85.5896,29.8376],[-85.6459,29.8759],[-85.7098,29.9358],[-85.7907,29.9708],[-85.8434,30.0041],[-85.8935,30.0453],[-85.966,30.0858],[-86.0313,30.1175],[-86.1075,30.1475],[-86.1905,30.1756],[-86.3064,30.2094],[-86.385,30.2252],[-86.4592,30.233],[-86.5281,30.2319],[-86.5913,30.2428],[-86.6318,30.246],[-86.7422,30.2413],[-86.8556,30.2279],[-87.1769,30.1728],[-87.2583,30.1654],[-87.3028,30.1683],[-87.5184,30.1255],[-87.5184,30.2295],[-87.6478,30.1992],[-87.718,30.1918],[-87.8072,30.1774],[-87.9874,30.1779],[-88.0036,30.1734],[-88.0208,30.1552],[-88.0461,30.1447],[-88.0749,30.1472],[-88.0902,30.1545],[-88.1034,30.1664],[-88.1285,30.1721],[-88.162,30.2001],[-88.303,30.178],[-88.3249,30.1802],[-88.3477,30.1901],[-88.3598,30.1745],[-88.3852,30.1581],[-88.4194,30.1492],[-88.45,30.1461],[-88.4799,30.1499],[-88.5098,30.1579],[-88.5459,30.1767],[-88.5679,30.1705],[-88.5866,30.1691],[-88.6774,30.1797],[-88.7174,30.1909],[-88.7401,30.1881],[-88.7653,30.1899],[-88.8006,30.2024],[-88.8214,30.2174],[-88.8504,30.1923],[-88.875,30.179],[-88.9003,30.17],[-88.889,30.1399],[-89.0943,30.1655],[-89.1838,30.2121],[-89.2592,30.182],[-89.3061,30.178],[-89.4171,30.1777],[-89.454,30.1662],[-89.4887,30.1642],[-89.5047,30.1579],[-89.5114,30.1607],[-89.5244,30.1804],[-89.5198,30.1829],[-89.5167,30.1927],[-89.5,30.2033],[-89.4996,30.2097],[-89.4792,30.2217],[-89.4976,30.2356],[-89.4995,30.2475],[-89.5103,30.252],[-89.5115,30.2564],[-89.539,30.2631],[-89.5551,30.2712],[-89.5843,30.2766],[-89.5955,30.2847],[-89.5905,30.2872],[-89.5772,30.2858],[-89.5719,30.3008],[-89.5816,30.301],[-89.6003,30.2951],[-89.6039,30.3031],[-89.597,30.3149],[-89.6043,30.3217],[-89.6067,30.3444],[-89.6043,30.3504],[-89.58,30.3536],[-89.5696,30.3596],[-89.5679,30.3623],[-89.5721,30.3671],[-89.5646,30.3712],[-89.5652,30.3826],[-89.5781,30.3828],[-89.5826,30.3791],[-89.6041,30.3795],[-89.6041,30.3858],[-89.5956,30.3858],[-89.5959,30.3957],[-89.6067,30.4046],[-89.5963,30.4312],[-89.6083,30.4474],[-89.6163,30.4686],[-89.6339,30.4851],[-89.6406,30.5044],[-89.6321,30.5158],[-89.5967,30.5179],[-89.5979,30.5307],[-89.6021,30.5349],[-89.5987,30.5449],[-89.5867,30.5615],[-89.5746,30.5583],[-89.5705,30.5612],[-89.5759,30.5757],[-89.5733,30.5806],[-89.5743,30.5896],[-89.5699,30.5922],[-89.568,30.6026],[-89.5585,30.6026],[-89.5506,30.6105],[-89.5542,30.6239],[-89.5364,30.6385],[-89.5381,30.645],[-89.5278,30.6507],[-89.5299,30.6533],[-89.5232,30.6682],[-89.5277,30.6763],[-89.5211,30.6905],[-89.5214,30.7022],[-89.5171,30.7022],[-89.5192,30.7131],[-89.4986,30.7295],[-89.4978,30.7337],[-89.493,30.7341],[-89.4874,30.7461],[-89.4881,30.7506],[-89.4982,30.7615],[-89.4965,30.7796],[-89.5047,30.7871],[-89.5041,30.7999],[-89.4988,30.8032],[-89.5023,30.811],[-89.5082,30.8164],[-89.5159,30.8153],[-89.5201,30.819],[-89.5187,30.8249],[-89.5311,30.8339],[-89.5418,30.8559],[-89.5424,30.8636],[-89.5493,30.8682],[-89.5489,30.875],[-89.5528,30.8825],[-89.5475,30.8841],[-89.5458,30.8888],[-89.5537,30.8922],[-89.5542,30.901],[-89.5606,30.91],[-89.5564,30.9126],[-89.5569,30.9253],[-89.5484,30.93],[-89.5521,30.9368],[-89.5516,30.9439],[-89.564,30.9511],[-89.5629,30.9571],[-89.5703,30.9664],[-89.5691,30.9789],[-89.5721,30.9898],[-89.578,30.9956],[-89.5781,31.0028],[-89.5669,31.0073],[-89.5701,31.0129],[-89.5802,31.0184],[-89.577,31.0251],[-89.5732,31.0249],[-89.5711,31.0315],[-89.5764,31.0334],[-89.5812,31.0421],[-89.5734,31.0468],[-89.5882,31.0784],[-89.5814,31.0849],[-89.5794,31.0791],[-89.5723,31.08],[-89.5696,31.0761],[-89.5648,31.0853],[-89.5581,31.0881],[-89.5613,31.0956],[-89.5537,31.0952],[-89.5434,31.1081],[-89.5357,31.1083],[-89.5102,31.1298],[-89.5058,31.1293],[-89.5062,31.1343],[-89.503,31.1362],[-89.5048,31.145],[-89.4972,31.1497],[-89.5009,31.1587],[-89.4942,31.1686],[-89.5029,31.1773],[-89.4981,31.1881],[-89.4885,31.1948],[-89.4963,31.2004],[-89.4936,31.2087],[-89.4982,31.2124],[-89.5073,31.2118],[-89.5136,31.2173],[-89.5206,31.2183],[-89.5252,31.2182],[-89.5262,31.2145],[-89.5323,31.2171],[-89.5311,31.2258],[-89.5278,31.2255],[-89.527,31.2299],[-89.5324,31.2326],[-89.5334,31.2376],[-89.5441,31.242],[-89.5496,31.2499],[-89.5543,31.2442],[-89.5778,31.2523],[-89.5792,31.2543],[-89.5739,31.2609],[-89.582,31.2718],[-89.5846,31.2932],[-89.5897,31.2977],[-89.5814,31.31],[-89.5831,31.319],[-89.5916,31.323],[-89.5873,31.3308],[-89.5878,31.3382],[-89.597,31.3404],[-89.606,31.3533],[-89.6113,31.3551],[-89.6117,31.3653],[-89.6154,31.3655],[-89.6304,31.3857],[-89.637,31.3845],[-89.649,31.3984],[-89.6702,31.4027],[-89.6859,31.4138],[-89.6838,31.4187],[-89.6949,31.4227],[-89.7017,31.4216],[-89.7078,31.4274],[-89.6904,31.4421],[-89.6935,31.4536],[-89.7014,31.4582],[-89.701,31.4662],[-89.7248,31.4898],[-89.738,31.4918],[-89.7374,31.4957],[-89.7469,31.4967],[-89.7518,31.5057],[-89.7566,31.5052],[-89.7546,31.515],[-89.7573,31.5171],[-89.7549,31.5194],[-89.7658,31.5265],[-89.7661,31.5353],[-89.7726,31.541],[-89.7764,31.5506],[-89.773,31.553],[-89.7732,31.5643],[-89.7681,31.5728],[-89.7719,31.5795],[-89.7656,31.5858],[-89.7693,31.5911],[-89.764,31.5981],[-89.7661,31.6033],[-89.774,31.607],[-89.774,31.6193],[-89.7838,31.6207],[-89.7916,31.6257],[-89.7914,31.6348],[-89.7868,31.6391],[-89.7913,31.6421],[-89.7892,31.6454],[-89.7925,31.6512],[-89.7901,31.664],[-89.7864,31.667],[-89.7909,31.6795],[-89.7888,31.6811],[-89.798,31.681],[-89.813,31.6867],[-89.8125,31.7064],[-89.822,31.7121],[-89.8187,31.7168],[-89.8199,31.7263],[-89.8132,31.7297],[-89.8139,31.735],[-89.8291,31.7471],[-89.8224,31.7584],[-89.8247,31.7629],[-89.8208,31.7678],[-89.8234,31.7744],[-89.8216,31.7775],[-89.8295,31.7909],[-89.8284,31.7969],[-89.8361,31.8091],[-89.8449,31.8141],[-89.8474,31.8215],[-89.8447,31.8241],[-89.853,31.83],[-89.853,31.8333],[-89.8381,31.8466],[-89.8347,31.8461],[-89.8338,31.8413],[-89.8266,31.8417],[-89.825,31.8369],[-89.8067,31.838],[-89.8033,31.8466],[-89.8061,31.8501],[-89.8053,31.8609],[-89.8022,31.8714],[-89.7976,31.8721],[-89.7964,31.8816],[-89.7875,31.8853],[-89.7825,31.8954],[-89.7723,31.8994],[-89.7691,31.9089],[-89.7649,31.9101],[-89.7644,31.9144],[-89.7699,31.9196],[-89.7646,31.9248],[-89.769,31.9339],[-89.7663,31.9398],[-89.7776,31.9475],[-89.776,31.9586],[-89.7833,31.9615],[-89.7833,31.9641],[-89.7737,31.9693],[-89.7663,31.9658],[-89.762,31.9681],[-89.7591,31.974],[-89.7617,31.9767],[-89.748,31.9844],[-89.7421,31.9806],[-89.7354,31.9836],[-89.7288,31.9734],[-89.7223,31.9751],[-89.7184,31.9705],[-89.7085,31.9798],[-89.7021,31.9798],[-89.6994,31.9876],[-89.7014,31.9968],[-89.69,31.9972],[-89.6867,31.9946],[-89.6785,31.9979],[-89.6784,32.0043],[-89.6744,32.0076],[-89.6553,32.0042],[-89.6529,32.0085],[-89.65,32.0075],[-89.6519,32.0201],[-89.6465,32.0449],[-89.6389,32.0472],[-89.6405,32.0586],[-89.631,32.0667],[-89.6349,32.079],[-89.6303,32.0801],[-89.6267,32.0861],[-89.6312,32.093],[-89.6284,32.0982],[-89.631,32.1064],[-89.6264,32.1123],[-89.6284,32.1256],[-89.621,32.1266],[-89.616,32.131],[-89.6179,32.136],[-89.6127,32.1412],[-89.6136,32.1516],[-89.6037,32.1522],[-89.6001,32.1605],[-89.5868,32.1721],[-89.5764,32.1704],[-89.5731,32.1768],[-89.5648,32.1818],[-89.5643,32.1886],[-89.5576,32.1893],[-89.5464,32.1981],[-89.5423,32.2073],[-89.5438,32.2189],[-89.5319,32.225],[-89.5302,32.2302],[-89.5257,32.2282],[-89.5214,32.2336],[-89.5129,32.2335],[-89.5108,32.2433],[-89.5128,32.2455],[-89.5066,32.253],[-89.5107,32.2712],[-89.5044,32.2785],[-89.5065,32.283],[-89.5028,32.2937],[-89.507,32.3052],[-89.5048,32.3264],[-89.5095,32.3329],[-89.5051,32.3389],[-89.5114,32.3446],[-89.5015,32.3519],[-89.4998,32.3597],[-89.4892,32.3577],[-89.4854,32.3487],[-89.4685,32.3412],[-89.4627,32.3327],[-89.4521,32.3382],[-89.4309,32.3324],[-89.4264,32.3373],[-89.4182,32.339],[-89.4069,32.3302],[-89.3928,32.3285],[-89.3879,32.3223],[-89.3794,32.3229],[-89.364,32.315],[-89.3513,32.3158],[-89.3428,32.3094],[-89.3367,32.3101],[-89.3307,32.3027],[-89.316,32.309],[-89.3029,32.3193],[-89.295,32.3205],[-89.2893,32.3174],[-89.283,32.3196],[-89.2732,32.295],[-89.2621,32.3008],[-89.2603,32.3056],[-89.2501,32.3056],[-89.2469,32.3138],[-89.2491,32.3184],[-89.2475,32.325],[-89.2363,32.3365],[-89.2392,32.3397],[-89.2369,32.3482],[-89.2318,32.3496],[-89.2335,32.3531],[-89.2246,32.3623],[-89.2245,32.3698],[-89.2188,32.3726],[-89.2231,32.3829],[-89.2207,32.391],[-89.2145,32.3875],[-89.2083,32.3902],[-89.2083,32.396],[-89.2025,32.3964],[-89.2018,32.4028],[-89.1933,32.4062],[-89.1937,32.4106],[-89.1899,32.4132],[-89.1949,32.4201],[-89.1872,32.4297],[-89.1791,32.4309],[-89.1801,32.4355],[-89.1755,32.437],[-89.1719,32.4477],[-89.18,32.4575],[-89.1721,32.459],[-89.1676,32.4655],[-89.1693,32.4696],[-89.1632,32.4696],[-89.1665,32.478],[-89.1625,32.4853],[-89.1656,32.4953],[-89.1609,32.5014],[-89.1554,32.5009],[-89.1521,32.5182],[-89.1443,32.5289],[-89.148,32.5326],[-89.1557,32.5286],[-89.1604,32.5345],[-89.1652,32.5337],[-89.1664,32.5378],[-89.1621,32.5449],[-89.143,32.5592],[-89.1418,32.575],[-89.1477,32.5774],[-89.1497,32.5842],[-89.1474,32.5868],[-89.1191,32.5937],[-89.1149,32.5895],[-89.1086,32.5919],[-89.0898,32.5901],[-89.0794,32.5856],[-89.0672,32.5879],[-89.0631,32.595],[-89.0624,32.6107],[-89.067,32.6211],[-89.0446,32.6249],[-89.0425,32.6305],[-89.0355,32.6321],[-89.0339,32.6357],[-89.0254,32.6359],[-89.0243,32.6418],[-89.0184,32.643],[-89.013,32.6516],[-89.0049,32.6544],[-89.0031,32.668],[-88.9895,32.6816],[-88.9864,32.6801],[-88.9853,32.6828],[-88.9759,32.684],[-88.9727,32.6788],[-88.963,32.6745],[-88.9512,32.6836],[-88.946,32.6924],[-88.9486,32.6993],[-88.9358,32.71],[-88.9433,32.7239],[-88.9394,32.7276],[-88.9183,32.7286],[-88.9138,32.7224],[-88.9083,32.7231],[-88.9038,32.719],[-88.9013,32.715],[-88.9042,32.7111],[-88.8994,32.7076],[-88.8951,32.7073],[-88.8877,32.713],[-88.8686,32.7101],[-88.8374,32.7289],[-88.8244,32.7402],[-88.8165,32.7413],[-88.8154,32.7471],[-88.8029,32.7548],[-88.7999,32.7626],[-88.8069,32.7696],[-88.8048,32.7761],[-88.8137,32.7999],[-88.8096,32.8026],[-88.8101,32.8071],[-88.8021,32.8088],[-88.8014,32.8145],[-88.7928,32.8235],[-88.7926,32.8323],[-88.7964,32.8367],[-88.7947,32.8421],[-88.8017,32.8481],[-88.8002,32.855],[-88.8058,32.8611],[-88.8066,32.8688],[-88.7931,32.8641],[-88.7855,32.8719],[-88.7773,32.8733],[-88.7865,32.8782],[-88.7823,32.8828],[-88.7836,32.8901],[-88.7796,32.8927],[-88.7913,32.8994],[-88.7817,32.9171],[-88.7897,32.9287],[-88.8078,32.9284],[-88.8091,32.9424],[-88.822,32.9536],[-88.8198,32.9598],[-88.825,32.9681],[-88.834,32.9741],[-88.8464,32.9744],[-88.8502,32.9807],[-88.8627,32.9839],[-88.8537,32.9948],[-88.8586,32.993],[-88.8732,32.9959],[-88.8759,32.9982],[-88.8717,33.0062],[-88.8749,33.0124],[-88.8856,33.0122],[-88.8917,33.0175],[-88.8864,33.0227],[-88.8857,33.0278],[-88.8895,33.0314],[-88.8918,33.0426],[-88.8862,33.054],[-88.8805,33.0549],[-88.8826,33.0586],[-88.8801,33.0648],[-88.8714,33.0655],[-88.869,33.0685],[-88.8769,33.0757],[-88.8763,33.0929],[-88.8823,33.0923],[-88.8822,33.0964],[-88.8739,33.1037],[-88.8802,33.1177],[-88.8747,33.1253],[-88.8572,33.127],[-88.8607,33.131],[-88.8575,33.1325],[-88.8585,33.1354],[-88.8651,33.1418],[-88.8739,33.1447],[-88.8711,33.1555],[-88.8868,33.1603],[-88.8928,33.166],[-88.9123,33.1687],[-88.9198,33.1751],[-88.928,33.1673],[-88.9128,33.1541],[-88.9159,33.1359],[-88.9194,33.131],[-88.9392,33.135],[-88.949,33.1312],[-88.9555,33.1354],[-88.9544,33.1406],[-88.9579,33.1445],[-88.9661,33.1432],[-88.9758,33.1567],[-88.9913,33.1579],[-88.9973,33.169],[-88.9959,33.174],[-89.0072,33.1816],[-89.0175,33.1778],[-89.0157,33.1674],[-89.022,33.1591],[-89.0216,33.1534],[-89.0372,33.1497],[-89.0415,33.1436],[-89.0587,33.1485],[-89.0744,33.1476],[-89.0763,33.1447],[-89.0866,33.1484],[-89.0961,33.1569],[-89.0928,33.1626],[-89.0979,33.1709],[-89.1135,33.1733],[-89.116,33.1812],[-89.119,33.1808],[-89.1206,33.1955],[-89.1366,33.2042],[-89.1388,33.2105],[-89.1354,33.217],[-89.1437,33.225],[-89.1411,33.2287],[-89.1434,33.2359],[-89.1589,33.2416],[-89.1556,33.2484],[-89.156,33.2641],[-89.1625,33.2736],[-89.161,33.2827],[-89.1676,33.2837],[-89.169,33.2868],[-89.1633,33.2954],[-89.1542,33.3031],[-89.1493,33.3014],[-89.1457,33.3076],[-89.1507,33.3177],[-89.1561,33.3182],[-89.1584,33.3256],[-89.1634,33.3281],[-89.1571,33.3325],[-89.1593,33.3355],[-89.1581,33.3473],[-89.151,33.3537],[-89.1564,33.3586],[-89.1716,33.3633],[-89.1698,33.3789],[-89.1721,33.3901],[-89.162,33.3935],[-89.1553,33.3894],[-89.1549,33.3852],[-89.1471,33.387],[-89.1473,33.3923],[-89.1436,33.3937],[-89.1359,33.3914],[-89.1262,33.3934],[-89.1225,33.4024],[-89.1063,33.4057],[-89.1047,33.4085],[-89.0997,33.4095],[-89.0896,33.4054],[-89.0878,33.4131],[-89.0832,33.4151],[-89.0912,33.4263],[-89.0867,33.4372],[-89.0884,33.4409],[-89.0825,33.4448],[-89.0813,33.4523],[-89.0734,33.4569],[-89.0762,33.4614],[-89.0768,33.4801],[-89.0879,33.4826],[-89.0959,33.4906],[-89.0929,33.4952],[-89.0942,33.4995],[-89.0895,33.5045],[-89.0764,33.4998],[-89.0674,33.5011],[-89.0653,33.5048],[-89.0681,33.5049],[-89.0724,33.5139],[-89.0661,33.5253],[-89.0668,33.5355],[-89.0587,33.5369],[-89.0523,33.545],[-89.0604,33.5566],[-89.0749,33.5605],[-89.0762,33.5762],[-89.0796,33.5778],[-89.0733,33.5888],[-89.0655,33.5936],[-89.0784,33.6051],[-89.0744,33.6174],[-89.0793,33.6203],[-89.0804,33.6276],[-89.091,33.6403],[-89.0921,33.6497],[-89.0962,33.6489],[-89.1043,33.6582],[-89.102,33.6635],[-89.1095,33.6697],[-89.1075,33.6727],[-89.1098,33.6793],[-89.115,33.6845],[-89.0971,33.6945],[-89.0939,33.6997],[-89.0958,33.7056],[-89.0859,33.7126],[-89.0965,33.7192],[-89.092,33.7339],[-89.0955,33.7402],[-89.0876,33.7416],[-89.0797,33.7542],[-89.0836,33.7686],[-89.0803,33.7765],[-89.0856,33.7805],[-89.0854,33.7919],[-89.0919,33.7946],[-89.0915,33.8],[-89.0967,33.804],[-89.0967,33.8081],[-89.0887,33.8182],[-89.0878,33.8253],[-89.0692,33.8303],[-89.0607,33.8411],[-89.0485,33.8468],[-89.0497,33.8503],[-89.0427,33.8518],[-89.0419,33.8544],[-89.0461,33.8573],[-89.0392,33.8596],[-89.0366,33.8645],[-89.0406,33.8708],[-89.0373,33.8766],[-89.0411,33.8827],[-89.0333,33.8901],[-89.0347,33.9004],[-89.0388,33.9028],[-89.0339,33.9114],[-89.0396,33.9151],[-89.0345,33.9175],[-89.0373,33.9211],[-89.0351,33.9305],[-89.0403,33.9345],[-89.0399,33.9493],[-89.0474,33.9526],[-89.0405,33.9553],[-89.0399,33.9596],[-89.0499,33.968],[-89.0499,33.9718],[-89.0546,33.9724],[-89.0522,33.979],[-89.0583,33.9849],[-89.0552,33.9966],[-89.0604,34.0008],[-89.0625,34.0091],[-89.0735,34.019],[-89.0695,34.0253],[-89.0582,34.0302],[-89.0649,34.0384],[-89.048,34.0556],[-89.0509,34.0717],[-89.0481,34.0799],[-89.0432,34.0829],[-89.0403,34.0938],[-89.0342,34.0933],[-89.0314,34.0966],[-89.0329,34.1035],[-89.0291,34.1073],[-89.0292,34.1191],[-89.0167,34.1298],[-89.0156,34.136],[-89.0075,34.1405],[-89.0092,34.1436],[-89.0165,34.1403],[-89.0236,34.1432],[-89.0306,34.1463],[-89.0305,34.1516],[-89.0369,34.1531],[-89.0297,34.1582],[-89.0329,34.1631],[-89.0425,34.1668],[-89.0358,34.1718],[-89.0427,34.1756],[-89.0331,34.1788],[-89.0382,34.1883],[-89.0364,34.2038],[-89.0432,34.2114],[-89.0385,34.2193],[-89.0437,34.2228],[-89.0427,34.2284],[-89.0456,34.2326],[-89.0384,34.2369],[-89.0389,34.2412],[-89.0346,34.2417],[-89.0337,34.2472],[-89.0229,34.2471],[-89.0174,34.2503],[-89.0156,34.2463],[-89.0046,34.2494],[-89.003,34.2533],[-88.9885,34.254],[-88.9858,34.257],[-88.9778,34.2551],[-88.9708,34.2585],[-88.9651,34.2698],[-88.972,34.2808],[-88.9719,34.2877],[-88.9672,34.2894],[-88.9699,34.3002],[-88.9668,34.3013],[-88.966,34.31],[-88.9551,34.3091],[-88.951,34.3131],[-88.9511,34.3214],[-88.946,34.3214],[-88.9405,34.3283],[-88.9376,34.3262],[-88.93,34.33],[-88.9267,34.3366],[-88.9281,34.3443],[-88.9178,34.3455],[-88.9145,34.3513],[-88.9055,34.3507],[-88.8905,34.3665],[-88.8906,34.3751],[-88.887,34.38],[-88.8938,34.3883],[-88.8858,34.3938],[-88.8827,34.4016],[-88.8838,34.4085],[-88.8802,34.4082],[-88.8807,34.4138],[-88.8767,34.418],[-88.8801,34.4188],[-88.8823,34.4389],[-88.8793,34.4422],[-88.8866,34.4552],[-88.8857,34.4623],[-88.8907,34.4632],[-88.891,34.4738],[-88.8951,34.4759],[-88.8992,34.4856],[-88.8923,34.505],[-88.8941,34.5131],[-88.8881,34.5119],[-88.8727,34.5191],[-88.8665,34.5168],[-88.8528,34.5199],[-88.8524,34.5267],[-88.841,34.5386],[-88.842,34.5452],[-88.838,34.5488],[-88.83,34.55],[-88.8255,34.547],[-88.8165,34.5549],[-88.8057,34.5551],[-88.7998,34.5619],[-88.7877,34.5634],[-88.7834,34.5695],[-88.7747,34.5677],[-88.7689,34.5708],[-88.7678,34.5753],[-88.7741,34.5772],[-88.7728,34.5839],[-88.7645,34.5883],[-88.7606,34.5868],[-88.7556,34.5948],[-88.7461,34.5905],[-88.7418,34.594],[-88.7391,34.6008],[-88.7406,34.6105],[-88.7306,34.6101],[-88.7232,34.6165],[-88.7239,34.6235],[-88.7207,34.6283],[-88.7128,34.6296],[-88.7135,34.6392],[-88.7051,34.6557],[-88.6896,34.6609],[-88.6785,34.6735],[-88.6758,34.6777],[-88.6797,34.6798],[-88.681,34.6865],[-88.6764,34.6973],[-88.6676,34.7052],[-88.6481,34.707],[-88.6355,34.6996],[-88.6179,34.6955],[-88.6115,34.6864],[-88.6025,34.6804],[-88.6055,34.6765],[-88.5943,34.6741],[-88.5925,34.67],[-88.5857,34.6698],[-88.583,34.6633],[-88.5763,34.6611],[-88.574,34.6516],[-88.5657,34.6536],[-88.562,34.6476],[-88.552,34.6471],[-88.5513,34.6419],[-88.5422,34.6385],[-88.5387,34.6418],[-88.5288,34.6415],[-88.5165,34.6492],[-88.5196,34.6536],[-88.5128,34.6562],[-88.5126,34.6593],[-88.5191,34.6647],[-88.5155,34.6739],[-88.4987,34.6879],[-88.4952,34.6878],[-88.4934,34.6938],[-88.4874,34.695],[-88.4689,34.7184],[-88.4567,34.7237],[-88.4554,34.7296],[-88.452,34.7291],[-88.4504,34.7327],[-88.4415,34.7332],[-88.4263,34.7402],[-88.4161,34.7352],[-88.4131,34.743],[-88.4052,34.7457],[-88.4035,34.754],[-88.3961,34.751],[-88.3963,34.7377],[-88.3912,34.7353],[-88.3907,34.725],[-88.3829,34.7178],[-88.3756,34.7016],[-88.3559,34.6952],[-88.358,34.6904],[-88.3495,34.6835],[-88.3444,34.6875],[-88.3406,34.6847],[-88.3317,34.69],[-88.3216,34.6828],[-88.3181,34.6879],[-88.3114,34.6899],[-88.3097,34.6949],[-88.3058,34.6929],[-88.3052,34.6968],[-88.3122,34.7054],[-88.3092,34.7135],[-88.3063,34.7157],[-88.2996,34.7135],[-88.2944,34.7078],[-88.2885,34.71],[-88.2856,34.7236],[-88.2802,34.7262],[-88.2705,34.7094],[-88.2603,34.709],[-88.2532,34.6927],[-88.2466,34.6898],[-88.2384,34.668],[-88.2327,34.6667],[-88.2315,34.6499],[-88.2071,34.6342],[-88.2086,34.6198],[-88.217,34.6114],[-88.2131,34.6102],[-88.212,34.6055],[-88.2167,34.6006],[-88.2192,34.5882],[-88.2255,34.5831],[-88.2303,34.5837],[-88.2302,34.5772],[-88.2246,34.5738],[-88.2208,34.5658],[-88.2278,34.5585],[-88.2183,34.5376],[-88.2173,34.5234],[-88.213,34.5161],[-88.2155,34.5091],[-88.2107,34.5076],[-88.2121,34.5021],[-88.2079,34.5017],[-88.2062,34.4981],[-88.2083,34.4957],[-88.206,34.4877],[-88.2084,34.4858],[-88.205,34.4811],[-88.2069,34.4763],[-88.1992,34.4638],[-88.1884,34.4575],[-88.1813,34.4569],[-88.1746,34.4479],[-88.1581,34.4392],[-88.1482,34.4414],[-88.1418,34.4385],[-88.1351,34.4275],[-88.1283,34.4326],[-88.1103,34.4166],[-88.1112,34.413],[-88.1067,34.4079],[-88.0869,34.4061],[-88.0764,34.394],[-88.0755,34.3907],[-88.0808,34.383],[-88.0743,34.3758],[-88.0632,34.3758],[-88.0588,34.3835],[-88.0489,34.3737],[-88.0494,34.3709],[-88.0418,34.3692],[-88.0358,34.3608],[-88.0201,34.371],[-88.0072,34.3569],[-88.003,34.3572],[-88.0013,34.3616],[-87.9939,34.3625],[-87.9911,34.3485],[-87.9843,34.3443],[-87.9734,34.3453],[-87.9696,34.3514],[-87.9595,34.3547],[-87.9522,34.3536],[-87.9489,34.3458],[-87.9513,34.3401],[-87.9409,34.3383],[-87.9358,34.3425],[-87.9263,34.3276],[-87.9235,34.3007],[-87.9133,34.3006],[-87.9009,34.2846],[-87.8914,34.2843],[-87.8799,34.289],[-87.8626,34.2878],[-87.8581,34.2835],[-87.8498,34.285],[-87.842,34.2808],[-87.8317,34.2839],[-87.8303,34.2757],[-87.8252,34.2735],[-87.8212,34.2658],[-87.8149,34.268],[-87.7996,34.2568],[-87.7881,34.2548],[-87.7823,34.2468],[-87.7779,34.2478],[-87.772,34.2442],[-87.7713,34.2375],[-87.7677,34.2343],[-87.7573,34.2344],[-87.7538,34.2248],[-87.7451,34.2195],[-87.7313,34.2285],[-87.7256,34.2394],[-87.7269,34.2426],[-87.7218,34.248],[-87.7103,34.2434],[-87.7036,34.2463],[-87.6982,34.2418],[-87.6879,34.2434],[-87.673,34.2375],[-87.6643,34.2379],[-87.6527,34.23],[-87.6415,34.2346],[-87.6365,34.2307],[-87.6332,34.2333],[-87.6221,34.2284],[-87.62,34.2376],[-87.5921,34.2399],[-87.5783,34.2478],[-87.5737,34.2548],[-87.559,34.2557],[-87.5553,34.2665],[-87.5442,34.2713],[-87.5484,34.2862],[-87.5469,34.2913],[-87.5365,34.2956],[-87.5349,34.3028],[-87.5312,34.3041],[-87.5417,34.3311],[-87.5384,34.3313],[-87.5363,34.3367],[-87.5284,34.3361],[-87.5191,34.3411],[-87.5207,34.3673],[-87.5098,34.3761],[-87.51,34.3828],[-87.5019,34.3901],[-87.4943,34.3959],[-87.4762,34.3892],[-87.4737,34.3923],[-87.4662,34.392],[-87.4614,34.3986],[-87.4575,34.3993],[-87.4573,34.3964],[-87.4521,34.3974],[-87.4496,34.3927],[-87.4422,34.3983],[-87.4347,34.3982],[-87.4342,34.4036],[-87.4292,34.4018],[-87.4274,34.406],[-87.4196,34.4019],[-87.4028,34.4094],[-87.383,34.3982],[-87.374,34.405],[-87.3685,34.4043],[-87.3666,34.4091],[-87.3606,34.4104],[-87.358,34.4169],[-87.3494,34.4193],[-87.3466,34.4243],[-87.3482,34.4312],[-87.3381,34.4356],[-87.3358,34.431],[-87.3326,34.431],[-87.3345,34.422],[-87.3312,34.4175],[-87.3139,34.4168],[-87.317,34.4027],[-87.3134,34.3997],[-87.3167,34.3927],[-87.3146,34.3886],[-87.31,34.3899],[-87.3105,34.3845],[-87.2971,34.3779],[-87.2696,34.3765],[-87.2648,34.3691],[-87.254,34.3654],[-87.2536,34.3582],[-87.2488,34.3585],[-87.2415,34.3515],[-87.238,34.3518],[-87.2334,34.345],[-87.2187,34.3453],[-87.2108,34.3368],[-87.2036,34.3346],[-87.1916,34.3379],[-87.1853,34.3356],[-87.1739,34.3426],[-87.151,34.3405],[-87.1371,34.3463],[-87.1291,34.335],[-87.1156,34.3328],[-87.1122,34.3233],[-87.1156,34.3167],[-87.0788,34.3002],[-87.0723,34.3058],[-87.0545,34.3029],[-87.0454,34.3086],[-87.0356,34.3032],[-87.0254,34.3051],[-87.0148,34.3117],[-86.9947,34.3031],[-86.9898,34.3063],[-86.9912,34.3095],[-86.9887,34.3116],[-86.9675,34.3042],[-86.9622,34.2971],[-86.9631,34.2902],[-86.9448,34.2896],[-86.9285,34.2764],[-86.9277,34.2712],[-86.9366,34.2603],[-86.9332,34.2564],[-86.9218,34.2512],[-86.9164,34.2534],[-86.8884,34.2492],[-86.8842,34.2523],[-86.8782,34.2458],[-86.8672,34.2442],[-86.8643,34.2405],[-86.8498,34.2508],[-86.851,34.2589],[-86.846,34.2645],[-86.8332,34.2651],[-86.8253,34.2708],[-86.818,34.2691],[-86.8119,34.2763],[-86.811,34.2838],[-86.8052,34.2918],[-86.7995,34.2921],[-86.7933,34.3036],[-86.7821,34.3023],[-86.7632,34.307],[-86.7615,34.3242],[-86.7574,34.3278],[-86.726,34.3088],[-86.723,34.2918],[-86.7142,34.293],[-86.7103,34.297],[-86.702,34.2959],[-86.6984,34.299],[-86.7013,34.305],[-86.6991,34.3077],[-86.6956,34.304],[-86.6855,34.3022],[-86.677,34.2942],[-86.6696,34.2984],[-86.6545,34.2947],[-86.6483,34.3003],[-86.6392,34.2998],[-86.6326,34.2935],[-86.6203,34.2906],[-86.608,34.2804],[-86.6007,34.2859],[-86.602,34.292],[-86.5976,34.2995],[-86.5965,34.31],[-86.5867,34.3087],[-86.5788,34.3127],[-86.5723,34.3122],[-86.5703,34.3172],[-86.543,34.318],[-86.5388,34.315],[-86.5287,34.317],[-86.5126,34.3124],[-86.5027,34.3135],[-86.5007,34.3177],[-86.4962,34.3179],[-86.4956,34.3227],[-86.4902,34.3245],[-86.487,34.318],[-86.4789,34.3142],[-86.4753,34.3084],[-86.4473,34.2989],[-86.4417,34.288],[-86.4477,34.2808],[-86.4481,34.2702],[-86.4548,34.2639],[-86.4501,34.2503],[-86.4667,34.2415],[-86.4682,34.2356],[-86.474,34.235],[-86.4745,34.2258],[-86.4815,34.2234],[-86.4822,34.2163],[-86.51,34.1852],[-86.507,34.1821],[-86.5091,34.1776],[-86.506,34.1709],[-86.498,34.1696],[-86.4958,34.1647],[-86.5039,34.15],[-86.5094,34.1476],[-86.511,34.1401],[-86.5172,34.1362],[-86.5084,34.1342],[-86.4999,34.1251],[-86.4895,34.1233],[-86.4845,34.1279],[-86.4753,34.1291],[-86.4649,34.147],[-86.458,34.1424],[-86.4509,34.1424],[-86.4505,34.156],[-86.454,34.1584],[-86.4537,34.1637],[-86.4291,34.1945],[-86.4169,34.1953],[-86.4027,34.2102],[-86.3905,34.205],[-86.3911,34.2144],[-86.3949,34.2166],[-86.3919,34.2219],[-86.3945,34.2241],[-86.378,34.223],[-86.3865,34.2357],[-86.3772,34.2487],[-86.3601,34.2415],[-86.3587,34.2439],[-86.3517,34.242],[-86.343,34.2335],[-86.3302,34.2375],[-86.3202,34.2305],[-86.2756,34.2426],[-86.2742,34.2496],[-86.2687,34.2549],[-86.2691,34.2611],[-86.2404,34.2488],[-86.2276,34.2547],[-86.2141,34.2522],[-86.2073,34.2473],[-86.1984,34.2545],[-86.1863,34.2441],[-86.1757,34.2466],[-86.1636,34.2369],[-86.1496,34.2343],[-86.1503,34.2217],[-86.1442,34.2164],[-86.151,34.2011],[-86.1378,34.1928],[-86.1367,34.1865],[-86.1395,34.1823],[-86.1347,34.1782],[-86.1383,34.1761],[-86.1384,34.1677],[-86.1484,34.163],[-86.1519,34.153],[-86.1388,34.1454],[-86.1407,34.1396],[-86.1383,34.1326],[-86.1271,34.1309],[-86.1096,34.1116],[-86.1123,34.1204],[-86.1038,34.1222],[-86.1056,34.133],[-86.1006,34.1397],[-86.1063,34.1429],[-86.1073,34.1504],[-86.0977,34.1525],[-86.092,34.1465],[-86.0766,34.1447],[-86.0725,34.1391],[-86.0706,34.1442],[-86.0643,34.1412],[-86.055,34.1454],[-86.0583,34.1537],[-86.0501,34.1639],[-86.0427,34.1672],[-86.0379,34.1659],[-86.037,34.169],[-86.0311,34.1706],[-86.0296,34.1823],[-86.0174,34.1899],[-86.0135,34.1943],[-86.0152,34.199],[-86.0074,34.202],[-85.9813,34.2294],[-85.984,34.2477],[-85.9787,34.251],[-85.9703,34.2487],[-85.9587,34.2576],[-85.9544,34.2684],[-85.9577,34.2755],[-85.9566,34.2852],[-85.926,34.3021],[-85.9153,34.3205],[-85.8992,34.3343],[-85.9022,34.3382],[-85.8997,34.3479],[-85.8949,34.3479],[-85.8868,34.3562],[-85.8718,34.3643],[-85.8652,34.3706],[-85.8647,34.3778],[-85.8532,34.3847],[-85.8356,34.4157],[-85.8285,34.4208],[-85.8262,34.4358],[-85.8155,34.4357],[-85.806,34.4412],[-85.7812,34.4694],[-85.7152,34.5214],[-85.7162,34.5303],[-85.71,34.5345],[-85.712,34.5428],[-85.7012,34.5463],[-85.6916,34.5572],[-85.6878,34.5667],[-85.6826,34.5716],[-85.6775,34.5707],[-85.6616,34.5921],[-85.645,34.5846],[-85.6406,34.5894],[-85.6366,34.5892],[-85.6318,34.5973],[-85.62,34.5887],[-85.6094,34.5888],[-85.6033,34.5842],[-85.5904,34.5815],[-85.5879,34.5834],[-85.5855,34.5953],[-85.5767,34.6137],[-85.5707,34.6167],[-85.5712,34.6225],[-85.5659,34.6316],[-85.544,34.6559],[-85.5186,34.6943],[-85.5023,34.6969],[-85.4967,34.7026],[-85.4774,34.7079],[-85.4731,34.7142],[-85.4664,34.7096],[-85.4699,34.6981],[-85.4779,34.6884],[-85.47,34.676],[-85.4715,34.6694],[-85.4678,34.6571],[-85.4738,34.6317],[-85.4679,34.6257],[-85.4736,34.6217],[-85.4804,34.6222],[-85.4852,34.6164],[-85.4729,34.6074],[-85.465,34.6101],[-85.4554,34.6055],[-85.4275,34.6218],[-85.4275,34.6297],[-85.4196,34.6421],[-85.4034,34.6437],[-85.4088,34.6559],[-85.4086,34.6632],[-85.3998,34.6636],[-85.3947,34.6677],[-85.3985,34.6691],[-85.3913,34.6745],[-85.3956,34.6763],[-85.3953,34.6798],[-85.3865,34.6882],[-85.3863,34.6968],[-85.3633,34.6977],[-85.3591,34.7073],[-85.3625,34.7097],[-85.3626,34.7178],[-85.3502,34.725],[-85.3355,34.7425],[-85.3268,34.7422],[-85.3131,34.7592],[-85.3064,34.7614],[-85.3054,34.7671],[-85.3097,34.7715],[-85.3077,34.7755],[-85.2996,34.7764],[-85.3014,34.781],[-85.2916,34.7816],[-85.2933,34.7721],[-85.2788,34.7643],[-85.2726,34.7807],[-85.2668,34.7838],[-85.2661,34.788],[-85.2615,34.7897],[-85.2584,34.7812],[-85.2522,34.7895],[-85.2468,34.7858],[-85.2442,34.7778],[-85.2385,34.7773],[-85.2318,34.7681],[-85.2271,34.7672],[-85.2298,34.7606],[-85.2269,34.7598],[-85.2275,34.755],[-85.2359,34.7439],[-85.2297,34.7403],[-85.2326,34.7348],[-85.2267,34.7284],[-85.2282,34.723],[-85.2339,34.7216],[-85.2307,34.7177],[-85.2326,34.7134],[-85.2245,34.7078],[-85.2142,34.7064],[-85.205,34.7201],[-85.1913,34.7189],[-85.1775,34.7084],[-85.1672,34.7242],[-85.1522,34.7191],[-85.1461,34.7234],[-85.1409,34.7191],[-85.131,34.7254],[-85.1196,34.7206],[-85.1153,34.7225],[-85.101,34.7095],[-85.0923,34.7122],[-85.0898,34.708],[-85.0822,34.7111],[-85.0802,34.7063],[-85.0756,34.7063],[-85.078,34.7125],[-85.0749,34.7206],[-85.0702,34.7235],[-85.0692,34.7311],[-85.0748,34.731],[-85.0764,34.7361],[-85.0617,34.7448],[-85.0592,34.7508],[-85.0459,34.7515],[-85.0422,34.756],[-85.0463,34.7731],[-85.0425,34.7859],[-85.0469,34.795],[-85.0418,34.8169],[-85.039,34.813],[-85.0346,34.8135],[-85.0384,34.8224],[-85.0353,34.8272],[-85.0381,34.8281],[-85.0329,34.8407],[-85.0246,34.8458],[-85.024,34.8572],[-85.0083,34.8515],[-85.0034,34.8557],[-85.0026,34.8618],[-85.0074,34.8673],[-85.0052,34.873],[-84.9998,34.8754],[-85.0037,34.881],[-85.0018,34.8882],[-84.992,34.8959],[-84.9901,34.9086],[-84.9849,34.9086],[-84.9799,34.9185],[-84.9766,34.9194],[-84.9753,34.9295],[-84.9777,34.9308],[-84.9739,34.9345],[-84.9749,34.9386],[-84.9661,34.9514],[-84.9666,34.9551],[-84.9616,34.9563],[-84.9648,34.9671],[-84.9529,34.986],[-84.9554,34.9905],[-84.9519,34.9999],[-84.9634,35.0051],[-84.9636,35.0095],[-84.9533,35.0271],[-84.955,35.031],[-84.9494,35.0345],[-84.9508,35.0435],[-84.9337,35.0373],[-84.9264,35.0541],[-84.9167,35.049],[-84.9105,35.0525],[-84.9038,35.0788],[-84.8946,35.0971],[-84.8853,35.1112],[-84.8753,35.1141],[-84.8559,35.1507],[-84.8425,35.1488],[-84.8383,35.152],[-84.8343,35.1497]]]},"properties":{"name":"US Army Engineer District, Mobile","abbreviation":"CESAM","division_name":"South Atlantic Division","division_abbreviation":null,"website_url":"","phone":"","address":"","layer":"usace_districts"}},{"type":"Feature","geometry":{"type":"Polygon","coordinates":[[[-84.9281,32.2753],[-84.9277,32.2773],[-84.9276,32.2763],[-84.9281,32.2753]]]},"properties":{"name":"Unnamed Lake (14691928)","layer":"nhd_lakes","waterbody_type":"Lake/Pond","area_acres":1.73,"elevation":null,"fcode":39004}},{"type":"Feature","geometry":{"type":"Polygon","coordinates":[[[-85.0645,32.3537],[-85.064,32.3539],[-85.0638,32.3538],[-85.0645,32.3537]]]},"properties":{"name":"Unnamed Lake (14691894)","layer":"nhd_lakes","waterbody_type":"Lake/Pond","area_acres":0.25,"elevation":null,"fcode":39004}},{"type":"Feature","geometry":{"type":"Polygon","coordinates":[[[-84.9017,32.3549],[-84.9017,32.3546],[-84.9019,32.3546],[-84.9017,32.3549]]]},"properties":{"name":"Unnamed Lake (14691890)","layer":"nhd_lakes","waterbody_type":"Lake/Pond","area_acres":0.25,"elevation":null,"fcode":39004}},{"type":"Feature","geometry":{"type":"Polygon","coordinates":[[[-85.111,32.3785],[-85.1104,32.3788],[-85.1105,32.3783],[-85.111,32.3785]]]},"properties":{"name":"Unnamed Lake (14691888)","layer":"nhd_lakes","waterbody_type":"Lake/Pond","area_acres":0.74,"elevation":null,"fcode":39004}},{"type":"Feature","geometry":{"type":"Polygon","coordinates":[[[-84.9125,32.3984],[-84.9128,32.398],[-84.9135,32.3987],[-84.9125,32.3984]]]},"properties":{"name":"Unnamed Lake (14691843)","layer":"nhd_lakes","waterbody_type":"Lake/Pond","area_acres":1.48,"elevation":null,"fcode":39001}},{"type":"Feature","geometry":{"type":"Polygon","coordinates":[[[-85.0836,32.459],[-85.0841,32.4602],[-85.083,32.46],[-85.0836,32.459]]]},"properties":{"name":"Unnamed Lake (14691791)","layer":"nhd_lakes","waterbody_type":"Lake/Pond","area_acres":2.72,"elevation":null,"fcode":39004}},{"type":"Feature","geometry":{"type":"Polygon","coordinates":[[[-85.0574,32.4733],[-85.0585,32.4741],[-85.0577,32.4743],[-85.0574,32.4733]]]},"properties":{"name":"Unnamed Lake (14691780)","layer":"nhd_lakes","waterbody_type":"Lake/Pond","area_acres":1.24,"elevation":null,"fcode":39004}},{"type":"Feature","geometry":{"type":"Polygon","coordinates":[[[-84.9961,32.2963],[-84.9961,32.2972],[-84.9956,32.2966],[-84.9961,32.2963]]]},"properties":{"name":"Unnamed Lake (14691920)","layer":"nhd_lakes","waterbody_type":"Lake/Pond","area_acres":1.24,"elevation":null,"fcode":39004}},{"type":"Feature","geometry":{"type":"Polygon","coordinates":[[[-84.9975,32.2967],[-84.9976,32.2972],[-84.9973,32.297],[-84.9975,32.2967]]]},"properties":{"name":"Unnamed Lake (14691921)","layer":"nhd_lakes","waterbody_type":"Lake/Pond","area_acres":0.49,"elevation":null,"fcode":39004}},{"type":"Feature","geometry":{"type":"Polygon","coordinates":[[[-84.9092,32.3973],[-84.9092,32.3982],[-84.9089,32.3985],[-84.9092,32.3973]]]},"properties":{"name":"Unnamed Lake (14691843)","layer":"nhd_lakes","waterbody_type":"Lake/Pond","area_acres":0.99,"elevation":null,"fcode":39001}},{"type":"Feature","geometry":{"type":"Polygon","coordinates":[[[-84.9727,32.4039],[-84.9728,32.4043],[-84.9726,32.4045],[-84.9727,32.4039]]]},"properties":{"name":"Unnamed Lake (14691844)","layer":"nhd_lakes","waterbody_type":"Lake/Pond","area_acres":0.49,"elevation":null,"fcode":39004}},{"type":"Feature","geometry":{"type":"Polygon","coordinates":[[[-84.9853,32.4178],[-84.9855,32.4181],[-84.9847,32.418],[-84.9853,32.4178]]]},"properties":{"name":"Unnamed Lake (14691813)","layer":"nhd_lakes","waterbody_type":"Lake/Pond","area_acres":0.49,"elevation":null,"fcode":39004}},{"type":"Feature","geometry":{"type":"Polygon","coordinates":[[[-85.0983,32.4395],[-85.0987,32.439],[-85.099,32.4393],[-85.0983,32.4395]]]},"properties":{"name":"Unnamed Lake (14691804)","layer":"nhd_lakes","waterbody_type":"Lake/Pond","area_acres":0.74,"elevation":null,"fcode":39004}},{"type":"Feature","geometry":{"type":"Polygon","coordinates":[[[-85.1012,32.4488],[-85.1018,32.4476],[-85.1024,32.448],[-85.1012,32.4488]]]},"properties":{"name":"Unnamed Lake (14691799)","layer":"nhd_lakes","waterbody_type":"Lake/Pond","area_acres":1.48,"elevation":null,"fcode":39004}},{"type":"Feature","geometry":{"type":"Polygon","coordinates":[[[-85.1566,32.3241],[-85.1567,32.3246],[-85.1563,32.3244],[-85.1566,32.3241]]]},"properties":{"name":"Unnamed Lake (14691913)","layer":"nhd_lakes","waterbody_type":"Lake/Pond","area_acres":0.49,"elevation":null,"fcode":39004}},{"type":"Feature","geometry":{"type":"Polygon","coordinates":[[[-85.0194,32.3212],[-85.0196,32.3212],[-85.0197,32.3215],[-85.0194,32.3212]]]},"properties":{"name":"Unnamed Lake (14691909)","layer":"nhd_lakes","waterbody_type":"Lake/Pond","area_acres":0.25,"elevation":null,"fcode":39004}},{"type":"Feature","geometry":{"type":"Polygon","coordinates":[[[-84.9614,32.4004],[-84.9622,32.4006],[-84.9612,32.4008],[-84.9614,32.4004]]]},"properties":{"name":"Unnamed Lake (14691847)","layer":"nhd_lakes","waterbody_type":"Lake/Pond","area_acres":0.99,"elevation":null,"fcode":39004}},{"type":"Feature","geometry":{"type":"Polygon","coordinates":[[[-85.0761,32.4477],[-85.0773,32.4475],[-85.0769,32.4478],[-85.0761,32.4477]]]},"properties":{"name":"Unnamed Lake (14691798)","layer":"nhd_lakes","waterbody_type":"Lake/Pond","area_acres":0.74,"elevation":null,"fcode":39004}},{"type":"Feature","geometry":{"type":"Polygon","coordinates":[[[-85.1358,32.3315],[-85.1325,32.3322],[-85.1313,32.3316],[-85.1358,32.3315]]]},"properties":{"name":"Unnamed Lake (14691909)","layer":"nhd_lakes","waterbody_type":"Lake/Pond","area_acres":6.42,"elevation":null,"fcode":39004}},{"type":"Feature","geometry":{"type":"Polygon","coordinates":[[[-85.0662,32.393],[-85.0663,32.3933],[-85.0661,32.3933],[-85.0662,32.393]]]},"properties":{"name":"Unnamed Lake (14691874)","layer":"nhd_lakes","waterbody_type":"Lake/Pond","area_acres":0.25,"elevation":null,"fcode":39004}},{"type":"Feature","geometry":{"type":"Polygon","coordinates":[[[-85.1304,32.4138],[-85.1319,32.4137],[-85.1304,32.4142],[-85.1304,32.4138]]]},"properties":{"name":"Unnamed Lake (14691852)","layer":"nhd_lakes","waterbody_type":"Lake/Pond","area_acres":1.48,"elevation":null,"fcode":39004}},{"type":"Feature","geometry":{"type":"Polygon","coordinates":[[[-85.0866,32.45],[-85.0857,32.4506],[-85.0854,32.4486],[-85.0866,32.45]]]},"properties":{"name":"Preers Pond","layer":"nhd_lakes","waterbody_type":"Lake/Pond","area_acres":3.46,"elevation":null,"fcode":39004}},{"type":"Feature","geometry":{"type":"Polygon","coordinates":[[[-84.9076,32.4345],[-84.9084,32.4338],[-84.9085,32.4346],[-84.9076,32.4345]]]},"properties":{"name":"Unnamed Lake (14691796)","layer":"nhd_lakes","waterbody_type":"Lake/Pond","area_acres":1.73,"elevation":null,"fcode":39004}},{"type":"Feature","geometry":{"type":"Polygon","coordinates":[[[-85.1204,32.2586],[-85.1199,32.2584],[-85.1203,32.258],[-85.1204,32.2586]]]},"properties":{"name":"Unnamed Lake (14691987)","layer":"nhd_lakes","waterbody_type":"Lake/Pond","area_acres":0.49,"elevation":null,"fcode":39004}},{"type":"Feature","geometry":{"type":"Polygon","coordinates":[[[-85.0595,32.3483],[-85.0597,32.3487],[-85.0596,32.3488],[-85.0595,32.3483]]]},"properties":{"name":"Unnamed Lake (14691895)","layer":"nhd_lakes","waterbody_type":"Lake/Pond","area_acres":0.25,"elevation":null,"fcode":39004}},{"type":"Feature","geometry":{"type":"Polygon","coordinates":[[[-84.9807,32.4348],[-84.9806,32.4357],[-84.9803,32.435],[-84.9807,32.4348]]]},"properties":{"name":"Unnamed Lake (14691800)","layer":"nhd_lakes","waterbody_type":"Lake/Pond","area_acres":1.24,"elevation":null,"fcode":39004}},{"type":"Feature","geometry":{"type":"Polygon","coordinates":[[[-85.0629,32.4646],[-85.0631,32.4653],[-85.0623,32.4648],[-85.0629,32.4646]]]},"properties":{"name":"Unnamed Lake (14691788)","layer":"nhd_lakes","waterbody_type":"Lake/Pond","area_acres":0.99,"elevation":null,"fcode":39004}},{"type":"Feature","geometry":{"type":"Polygon","coordinates":[[[-85.0684,32.4715],[-85.0695,32.4715],[-85.0693,32.472],[-85.0684,32.4715]]]},"properties":{"name":"Unnamed Lake (14691784)","layer":"nhd_lakes","waterbody_type":"Lake/Pond","area_acres":0.99,"elevation":null,"fcode":39004}},{"type":"Feature","geometry":{"type":"Polygon","coordinates":[[[-84.9804,32.2587],[-84.9807,32.2591],[-84.9804,32.2593],[-84.9804,32.2587]]]},"properties":{"name":"Unnamed Lake (14691977)","layer":"nhd_lakes","waterbody_type":"Lake/Pond","area_acres":0.49,"elevation":null,"fcode":39004}},{"type":"Feature","geometry":{"type":"Polygon","coordinates":[[[-85.0988,32.2849],[-85.0973,32.284],[-85.0977,32.2836],[-85.0988,32.2849]]]},"properties":{"name":"Unnamed Lake (14691931)","layer":"nhd_lakes","waterbody_type":"Lake/Pond","area_acres":1.48,"elevation":null,"fcode":39004}},{"type":"Feature","geometry":{"type":"Polygon","coordinates":[[[-85.093,32.3791],[-85.0931,32.3794],[-85.093,32.3795],[-85.093,32.3791]]]},"properties":{"name":"Unnamed Lake (14691887)","layer":"nhd_lakes","waterbody_type":"Lake/Pond","area_acres":0.25,"elevation":null,"fcode":39004}},{"type":"Feature","geometry":{"type":"Polygon","coordinates":[[[-85.0934,32.4317],[-85.092,32.4323],[-85.0893,32.429],[-85.0934,32.4317]]]},"properties":{"name":"Unnamed Lake (14691809)","layer":"nhd_lakes","waterbody_type":"Lake/Pond","area_acres":11.12,"elevation":null,"fcode":39004}},{"type":"Feature","geometry":{"type":"Polygon","coordinates":[[[-84.9809,32.4191],[-84.9807,32.4195],[-84.9805,32.4192],[-84.9809,32.4191]]]},"properties":{"name":"Unnamed Lake (14691810)","layer":"nhd_lakes","waterbody_type":"Lake/Pond","area_acres":0.25,"elevation":null,"fcode":39004}},{"type":"Feature","geometry":{"type":"Polygon","coordinates":[[[-85.0458,32.4727],[-85.045,32.4734],[-85.0449,32.4731],[-85.0458,32.4727]]]},"properties":{"name":"Unnamed Lake (14691779)","layer":"nhd_lakes","waterbody_type":"Lake/Pond","area_acres":0.74,"elevation":null,"fcode":39004}},{"type":"Feature","geometry":{"type":"Polygon","coordinates":[[[-84.9913,32.2591],[-84.9912,32.259],[-84.9913,32.259],[-84.9913,32.2591]]]},"properties":{"name":"Unnamed Lake (14691978)","layer":"nhd_lakes","waterbody_type":"Lake/Pond","area_acres":0.04,"elevation":null,"fcode":39004}},{"type":"Feature","geometry":{"type":"Polygon","coordinates":[[[-85.1086,32.3868],[-85.1087,32.3872],[-85.1083,32.3872],[-85.1086,32.3868]]]},"properties":{"name":"Unnamed Lake (14691885)","layer":"nhd_lakes","waterbody_type":"Lake/Pond","area_acres":0.25,"elevation":null,"fcode":39004}},{"type":"Feature","geometry":{"type":"Polygon","coordinates":[[[-85.0423,32.4278],[-85.0417,32.427],[-85.0422,32.427],[-85.0423,32.4278]]]},"properties":{"name":"Unnamed Lake (14691807)","layer":"nhd_lakes","waterbody_type":"Lake/Pond","area_acres":1.73,"elevation":null,"fcode":39004}},{"type":"Feature","geometry":{"type":"Polygon","coordinates":[[[-84.9727,32.2958],[-84.9729,32.2961],[-84.9722,32.2964],[-84.9727,32.2958]]]},"properties":{"name":"Unnamed Lake (14691919)","layer":"nhd_lakes","waterbody_type":"Lake/Pond","area_acres":0.99,"elevation":null,"fcode":39004}},{"type":"Feature","geometry":{"type":"Polygon","coordinates":[[[-85.0598,32.4235],[-85.0616,32.4238],[-85.0611,32.4241],[-85.0598,32.4235]]]},"properties":{"name":"Unnamed Lake (14691815)","layer":"nhd_lakes","waterbody_type":"Lake/Pond","area_acres":1.73,"elevation":null,"fcode":39004}},{"type":"Feature","geometry":{"type":"Polygon","coordinates":[[[-84.9999,32.4233],[-84.9995,32.4233],[-85.0,32.4228],[-84.9999,32.4233]]]},"properties":{"name":"Unnamed Lake (14691808)","layer":"nhd_lakes","waterbody_type":"Lake/Pond","area_acres":0.74,"elevation":null,"fcode":39004}},{"type":"Feature","geometry":{"type":"Polygon","coordinates":[[[-84.9978,32.4333],[-84.995,32.4332],[-84.9951,32.4322],[-84.9978,32.4333]]]},"properties":{"name":"Unnamed Lake (14691802)","layer":"nhd_lakes","waterbody_type":"Lake/Pond","area_acres":4.69,"elevation":null,"fcode":39004}},{"type":"Feature","geometry":{"type":"Polygon","coordinates":[[[-84.9139,32.4391],[-84.9152,32.4381],[-84.9154,32.4391],[-84.9139,32.4391]]]},"properties":{"name":"Unnamed Lake (14691794)","layer":"nhd_lakes","waterbody_type":"Lake/Pond","area_acres":3.21,"elevation":null,"fcode":39004}},{"type":"Feature","geometry":{"type":"Polygon","coordinates":[[[-84.9674,32.2973],[-84.9674,32.2975],[-84.9668,32.2974],[-84.9674,32.2973]]]},"properties":{"name":"Unnamed Lake (14691917)","layer":"nhd_lakes","waterbody_type":"Lake/Pond","area_acres":0.25,"elevation":null,"fcode":39004}},{"type":"Feature","geometry":{"type":"Polygon","coordinates":[[[-85.13,32.3325],[-85.1238,32.3342],[-85.1199,32.3328],[-85.13,32.3325]]]},"properties":{"name":"Mott Lake","layer":"nhd_lakes","waterbody_type":"Lake/Pond","area_acres":24.71,"elevation":null,"fcode":39004}},{"type":"Feature","geometry":{"type":"Polygon","coordinates":[[[-84.9644,32.3873],[-84.9644,32.3877],[-84.9641,32.3875],[-84.9644,32.3873]]]},"properties":{"name":"Unnamed Lake (14691869)","layer":"nhd_lakes","waterbody_type":"Lake/Pond","area_acres":0.25,"elevation":null,"fcode":39004}},{"type":"Feature","geometry":{"type":"Polygon","coordinates":[[[-84.9388,32.2389],[-84.9386,32.2386],[-84.9391,32.2387],[-84.9388,32.2389]]]},"properties":{"name":"Unnamed Lake (14691989)","layer":"nhd_lakes","waterbody_type":"Lake/Pond","area_acres":0.49,"elevation":null,"fcode":39001}},{"type":"Feature","geometry":{"type":"Polygon","coordinates":[[[-84.9827,32.263],[-84.9825,32.2612],[-84.984,32.2609],[-84.9827,32.263]]]},"properties":{"name":"Unnamed Lake (14691974)","layer":"nhd_lakes","waterbody_type":"Lake/Pond","area_acres":4.94,"elevation":null,"fcode":39004}},{"type":"Feature","geometry":{"type":"Polygon","coordinates":[[[-85.1093,32.4171],[-85.1096,32.418],[-85.1089,32.4178],[-85.1093,32.4171]]]},"properties":{"name":"Unnamed Lake (14691842)","layer":"nhd_lakes","waterbody_type":"Lake/Pond","area_acres":1.73,"elevation":null,"fcode":39004}},{"type":"Feature","geometry":{"type":"Polygon","coordinates":[[[-84.9835,32.4025],[-84.9846,32.4028],[-84.9825,32.4044],[-84.9835,32.4025]]]},"properties":{"name":"Unnamed Lake (14691845)","layer":"nhd_lakes","waterbody_type":"Lake/Pond","area_acres":5.19,"elevation":null,"fcode":39004}},{"type":"Feature","geometry":{"type":"Polygon","coordinates":[[[-85.0957,32.4227],[-85.0939,32.4253],[-85.093,32.4248],[-85.0957,32.4227]]]},"properties":{"name":"Unnamed Lake (14691818)","layer":"nhd_lakes","waterbody_type":"Lake/Pond","area_acres":7.66,"elevation":null,"fcode":39004}},{"type":"Feature","geometry":{"type":"Polygon","coordinates":[[[-85.1178,32.2712],[-85.118,32.2707],[-85.1184,32.2712],[-85.1178,32.2712]]]},"properties":{"name":"Unnamed Lake (14691978)","layer":"nhd_lakes","waterbody_type":"Lake/Pond","area_acres":0.49,"elevation":null,"fcode":39004}},{"type":"Feature","geometry":{"type":"Polygon","coordinates":[[[-85.1479,32.327],[-85.1441,32.3306],[-85.1432,32.3301],[-85.1479,32.327]]]},"properties":{"name":"Unnamed Lake (14691910)","layer":"nhd_lakes","waterbody_type":"Lake/Pond","area_acres":10.13,"elevation":null,"fcode":39004}},{"type":"Feature","geometry":{"type":"Polygon","coordinates":[[[-84.964,32.3879],[-84.9641,32.3885],[-84.9637,32.3883],[-84.964,32.3879]]]},"properties":{"name":"Unnamed Lake (14691867)","layer":"nhd_lakes","waterbody_type":"Lake/Pond","area_acres":0.49,"elevation":null,"fcode":39004}},{"type":"Feature","geometry":{"type":"Polygon","coordinates":[[[-85.0715,32.4485],[-85.0711,32.4482],[-85.0719,32.4479],[-85.0715,32.4485]]]},"properties":{"name":"Unnamed Lake (14691797)","layer":"nhd_lakes","waterbody_type":"Lake/Pond","area_acres":0.74,"elevation":null,"fcode":39004}},{"type":"Feature","geometry":{"type":"Polygon","coordinates":[[[-85.1289,32.3237],[-85.1271,32.3241],[-85.1278,32.3233],[-85.1289,32.3237]]]},"properties":{"name":"Unnamed Lake (14691912)","layer":"nhd_lakes","waterbody_type":"Lake/Pond","area_acres":2.72,"elevation":null,"fcode":39004}},{"type":"Feature","geometry":{"type":"Polygon","coordinates":[[[-85.1344,32.3502],[-85.1345,32.3522],[-85.1324,32.3527],[-85.1344,32.3502]]]},"properties":{"name":"Unnamed Lake (14691896)","layer":"nhd_lakes","waterbody_type":"Lake/Pond","area_acres":13.1,"elevation":null,"fcode":39004}},{"type":"Feature","geometry":{"type":"Polygon","coordinates":[[[-85.0262,32.3957],[-85.0262,32.396],[-85.0259,32.396],[-85.0262,32.3957]]]},"properties":{"name":"Unnamed Lake (14691865)","layer":"nhd_lakes","waterbody_type":"Lake/Pond","area_acres":0.25,"elevation":null,"fcode":39004}},{"type":"Feature","geometry":{"type":"Polygon","coordinates":[[[-85.0369,32.4018],[-85.0372,32.4019],[-85.0368,32.4022],[-85.0369,32.4018]]]},"properties":{"name":"Unnamed Lake (14691857)","layer":"nhd_lakes","waterbody_type":"Lake/Pond","area_acres":0.25,"elevation":null,"fcode":39004}},{"type":"Feature","geometry":{"type":"Polygon","coordinates":[[[-84.9871,32.4024],[-84.9871,32.4052],[-84.9844,32.4052],[-84.9871,32.4024]]]},"properties":{"name":"Unnamed Lake (14691844)","layer":"nhd_lakes","waterbody_type":"Lake/Pond","area_acres":8.15,"elevation":null,"fcode":39004}},{"type":"Feature","geometry":{"type":"Polygon","coordinates":[[[-84.8827,32.3799],[-84.8793,32.3787],[-84.8811,32.3752],[-84.8827,32.3799]]]},"properties":{"name":"Twilight Pond","layer":"nhd_lakes","waterbody_type":"Lake/Pond","area_acres":26.69,"elevation":null,"fcode":39004}},{"type":"Feature","geometry":{"type":"Polygon","coordinates":[[[-85.0117,32.4006],[-85.0121,32.4012],[-85.0108,32.4014],[-85.0117,32.4006]]]},"properties":{"name":"Unnamed Lake (14691854)","layer":"nhd_lakes","waterbody_type":"Lake/Pond","area_acres":2.22,"elevation":null,"fcode":39004}},{"type":"Feature","geometry":{"type":"Polygon","coordinates":[[[-84.9754,32.423],[-84.9751,32.4239],[-84.975,32.4232],[-84.9754,32.423]]]},"properties":{"name":"Unnamed Lake (14691806)","layer":"nhd_lakes","waterbody_type":"Lake/Pond","area_acres":0.99,"elevation":null,"fcode":39004}},{"type":"Feature","geometry":{"type":"Polygon","coordinates":[[[-85.0291,32.4527],[-85.0279,32.452],[-85.0283,32.4504],[-85.0291,32.4527]]]},"properties":{"name":"Unnamed Lake (14691792)","layer":"nhd_lakes","waterbody_type":"Lake/Pond","area_acres":4.94,"elevation":null,"fcode":39004}},{"type":"Feature","geometry":{"type":"Polygon","coordinates":[[[-85.0486,32.4705],[-85.0484,32.4708],[-85.0481,32.4706],[-85.0486,32.4705]]]},"properties":{"name":"Unnamed Lake (14691782)","layer":"nhd_lakes","waterbody_type":"Lake/Pond","area_acres":0.25,"elevation":null,"fcode":39004}},{"type":"Feature","geometry":{"type":"Polygon","coordinates":[[[-84.8875,32.3311],[-84.8836,32.3298],[-84.8846,32.3272],[-84.8902,32.3259],[-84.8875,32.3311]]]},"properties":{"name":"Harps Pond","layer":"nhd_lakes","waterbody_type":"Lake/Pond","area_acres":49.17,"elevation":null,"fcode":39004}},{"type":"Feature","geometry":{"type":"MultiPolygon","coordinates":[[[[-84.9765,32.4191],[-84.9763,32.4236],[-84.9736,32.4207],[-84.9765,32.4191]]],[[[-84.9764,32.4208],[-84.9765,32.4215],[-84.9768,32.4209],[-84.9764,32.4208]]],[[[-84.9766,32.4221],[-84.9765,32.4223],[-84.9768,32.4225],[-84.9766,32.4221]]]]},"properties":{"name":"Unnamed Lake (14691806)","layer":"nhd_lakes","waterbody_type":"Lake/Pond","area_acres":18.53,"elevation":null,"fcode":39004}},{"type":"Feature","geometry":{"type":"Polygon","coordinates":[[[-85.048,32.4707],[-85.048,32.4709],[-85.0478,32.4709],[-85.048,32.4707]]]},"properties":{"name":"Unnamed Lake (14691781)","layer":"nhd_lakes","waterbody_type":"Lake/Pond","area_acres":0.25,"elevation":null,"fcode":39004}},{"type":"Feature","geometry":{"type":"MultiPolygon","coordinates":[[[[-84.9371,32.2642],[-84.9345,32.2643],[-84.932,32.2536],[-84.9251,32.2475],[-84.9229,32.2512],[-84.9267,32.2546],[-84.9257,32.2577],[-84.9131,32.2572],[-84.9072,32.2608],[-84.9088,32.256],[-84.914,32.256],[-84.9067,32.255],[-84.9008,32.2625],[-84.9022,32.2585],[-84.8995,32.2598],[-84.8993,32.2685],[-84.8951,32.264],[-84.8963,32.2609],[-84.8944,32.263],[-84.8902,32.2593],[-84.9003,32.2575],[-84.8954,32.2565],[-84.8945,32.2534],[-84.9101,32.2475],[-84.9128,32.24],[-84.9217,32.2318],[-84.918,32.2321],[-84.9168,32.2281],[-84.9185,32.232],[-84.924,32.2308],[-84.9308,32.2379],[-84.9436,32.243],[-84.9395,32.2434],[-84.9433,32.25],[-84.9383,32.2578],[-84.9351,32.2464],[-84.936,32.2518],[-84.9318,32.2463],[-84.9211,32.2433],[-84.9327,32.2529],[-84.9371,32.2642]],[[-84.9239,32.2321],[-84.9168,32.237],[-84.9164,32.2428],[-84.9282,32.2399],[-84.9337,32.2443],[-84.9388,32.2434],[-84.9239,32.2321]],[[-84.9207,32.2541],[-84.9202,32.2568],[-84.9244,32.2561],[-84.9207,32.2541]],[[-84.9051,32.2513],[-84.9048,32.2549],[-84.9075,32.2529],[-84.9051,32.2513]],[[-84.9176,32.2425],[-84.9154,32.2425],[-84.9184,32.2441],[-84.9176,32.2425]],[[-84.9202,32.2423],[-84.9196,32.2431],[-84.9207,32.2436],[-84.9202,32.2423]],[[-84.9068,32.2502],[-84.9084,32.2493],[-84.9055,32.2506],[-84.9068,32.2502]],[[-84.8961,32.259],[-84.8969,32.2596],[-84.8987,32.2594],[-84.8961,32.259]],[[-84.9087,32.2509],[-84.9074,32.2516],[-84.9087,32.2514],[-84.9087,32.2509]],[[-84.8945,32.2587],[-84.893,32.2589],[-84.8949,32.2589],[-84.8945,32.2587]],[[-84.9281,32.2434],[-84.9275,32.2435],[-84.9294,32.244],[-84.9281,32.2434]],[[-84.9156,32.2468],[-84.915,32.2474],[-84.9159,32.2475],[-84.9156,32.2468]],[[-84.9035,32.2571],[-84.9025,32.2581],[-84.9026,32.2584],[-84.9035,32.2571]],[[-84.9176,32.2475],[-84.9165,32.2478],[-84.9176,32.2478],[-84.9176,32.2475]],[[-84.9212,32.2522],[-84.921,32.2526],[-84.9216,32.2529],[-84.9212,32.2522]],[[-84.9168,32.2523],[-84.9168,32.2527],[-84.917,32.2529],[-84.9168,32.2523]],[[-84.9234,32.2317],[-84.9232,32.232],[-84.9233,32.2323],[-84.9234,32.2317]],[[-84.9173,32.2536],[-84.9172,32.2542],[-84.9174,32.2538],[-84.9173,32.2536]],[[-84.9043,32.2557],[-84.9041,32.2559],[-84.9041,32.2562],[-84.9043,32.2557]],[[-84.923,32.2422],[-84.9225,32.2425],[-84.9231,32.2424],[-84.923,32.2422]],[[-84.9221,32.2427],[-84.9214,32.2429],[-84.9219,32.2428],[-84.9221,32.2427]],[[-84.9108,32.2499],[-84.9105,32.2501],[-84.9109,32.25],[-84.9108,32.2499]],[[-84.9209,32.2422],[-84.9208,32.2423],[-84.921,32.2425],[-84.9209,32.2422]],[[-84.9273,32.2409],[-84.9273,32.2411],[-84.9275,32.2411],[-84.9273,32.2409]],[[-84.9122,32.2468],[-84.9121,32.2472],[-84.9123,32.247],[-84.9122,32.2468]],[[-84.9283,32.2418],[-84.9281,32.2419],[-84.9284,32.242],[-84.9283,32.2418]],[[-84.924,32.242],[-84.924,32.2422],[-84.9241,32.2421],[-84.924,32.242]]],[[[-84.9255,32.2334],[-84.9253,32.2338],[-84.9256,32.2337],[-84.9255,32.2334]]],[[[-84.9251,32.233],[-84.9249,32.2333],[-84.9252,32.2332],[-84.9251,32.233]]],[[[-84.9252,32.234],[-84.9252,32.2341],[-84.9254,32.2343],[-84.9252,32.234]]]]},"properties":{"name":"Unnamed Lake (14691998)","layer":"nhd_lakes","waterbody_type":"Lake/Pond","area_acres":1409.49,"elevation":null,"fcode":39004}},{"type":"Feature","geometry":{"type":"Polygon","coordinates":[[[-84.9839,32.2925],[-84.9839,32.2932],[-84.9835,32.2933],[-84.9839,32.2925]]]},"properties":{"name":"Unnamed Lake (14691923)","layer":"nhd_lakes","waterbody_type":"Lake/Pond","area_acres":0.74,"elevation":null,"fcode":39004}},{"type":"Feature","geometry":{"type":"Polygon","coordinates":[[[-84.9741,32.3507],[-84.9742,32.351],[-84.974,32.351],[-84.9741,32.3507]]]},"properties":{"name":"Unnamed Lake (14691893)","layer":"nhd_lakes","waterbody_type":"Lake/Pond","area_acres":0.25,"elevation":null,"fcode":39004}},{"type":"Feature","geometry":{"type":"Polygon","coordinates":[[[-84.9273,32.3854],[-84.9269,32.386],[-84.9266,32.3858],[-84.9273,32.3854]]]},"properties":{"name":"Unnamed Lake (14691866)","layer":"nhd_lakes","waterbody_type":"Lake/Pond","area_acres":0.74,"elevation":null,"fcode":39001}},{"type":"Feature","geometry":{"type":"Polygon","coordinates":[[[-84.9932,32.3999],[-84.9933,32.4001],[-84.9928,32.4002],[-84.9932,32.3999]]]},"properties":{"name":"Unnamed Lake (14691853)","layer":"nhd_lakes","waterbody_type":"Lake/Pond","area_acres":0.25,"elevation":null,"fcode":39004}},{"type":"Feature","geometry":{"type":"Polygon","coordinates":[[[-85.047,32.4161],[-85.0465,32.4157],[-85.0476,32.4149],[-85.047,32.4161]]]},"properties":{"name":"Unnamed Lake (14691824)","layer":"nhd_lakes","waterbody_type":"Lake/Pond","area_acres":1.73,"elevation":null,"fcode":39004}},{"type":"Feature","geometry":{"type":"Polygon","coordinates":[[[-84.9902,32.4065],[-84.9913,32.4077],[-84.99,32.4067],[-84.9902,32.4065]]]},"properties":{"name":"Unnamed Lake (14691839)","layer":"nhd_lakes","waterbody_type":"Lake/Pond","area_acres":2.22,"elevation":null,"fcode":39004}},{"type":"Feature","geometry":{"type":"Polygon","coordinates":[[[-85.0491,32.4212],[-85.0483,32.4203],[-85.0491,32.4201],[-85.0491,32.4212]]]},"properties":{"name":"Unnamed Lake (14691817)","layer":"nhd_lakes","waterbody_type":"Lake/Pond","area_acres":1.98,"elevation":null,"fcode":39004}},{"type":"Feature","geometry":{"type":"Polygon","coordinates":[[[-84.9998,32.4146],[-84.9997,32.4149],[-84.9993,32.4151],[-84.9998,32.4146]]]},"properties":{"name":"Unnamed Lake (14691818)","layer":"nhd_lakes","waterbody_type":"Lake/Pond","area_acres":0.49,"elevation":null,"fcode":39004}},{"type":"Feature","geometry":{"type":"Polygon","coordinates":[[[-84.9052,32.4238],[-84.9061,32.4232],[-84.9063,32.4238],[-84.9052,32.4238]]]},"properties":{"name":"Unnamed Lake (14691803)","layer":"nhd_lakes","waterbody_type":"Lake/Pond","area_acres":1.48,"elevation":null,"fcode":39004}},{"type":"Feature","geometry":{"type":"Polygon","coordinates":[[[-85.0918,32.2279],[-85.0933,32.2286],[-85.0914,32.228],[-85.0918,32.2279]]]},"properties":{"name":"Unnamed Lake (14692002)","layer":"nhd_lakes","waterbody_type":"Lake/Pond","area_acres":1.73,"elevation":null,"fcode":39004}},{"type":"Feature","geometry":{"type":"Polygon","coordinates":[[[-85.1051,32.3094],[-85.1043,32.3077],[-85.105,32.3078],[-85.1051,32.3094]]]},"properties":{"name":"Unnamed Lake (14691919)","layer":"nhd_lakes","waterbody_type":"Lake/Pond","area_acres":1.98,"elevation":null,"fcode":39004}},{"type":"Feature","geometry":{"type":"Polygon","coordinates":[[[-84.9634,32.3861],[-84.9639,32.3866],[-84.9613,32.3868],[-84.9634,32.3861]]]},"properties":{"name":"Unnamed Lake (14691870)","layer":"nhd_lakes","waterbody_type":"Lake/Pond","area_acres":3.21,"elevation":null,"fcode":39004}},{"type":"Feature","geometry":{"type":"Polygon","coordinates":[[[-85.0521,32.4031],[-85.0503,32.4024],[-85.0509,32.4014],[-85.0521,32.4031]]]},"properties":{"name":"Unnamed Lake (14691857)","layer":"nhd_lakes","waterbody_type":"Lake/Pond","area_acres":5.44,"elevation":null,"fcode":39004}},{"type":"Feature","geometry":{"type":"Polygon","coordinates":[[[-84.9973,32.4011],[-84.9971,32.4037],[-84.9932,32.4028],[-84.9973,32.4011]]]},"properties":{"name":"Unnamed Lake (14691848)","layer":"nhd_lakes","waterbody_type":"Lake/Pond","area_acres":17.3,"elevation":null,"fcode":39004}},{"type":"Feature","geometry":{"type":"Polygon","coordinates":[[[-84.9876,32.4057],[-84.9878,32.4066],[-84.9865,32.4064],[-84.9876,32.4057]]]},"properties":{"name":"Unnamed Lake (14691841)","layer":"nhd_lakes","waterbody_type":"Lake/Pond","area_acres":2.72,"elevation":null,"fcode":39004}},{"type":"Feature","geometry":{"type":"Polygon","coordinates":[[[-85.0218,32.4704],[-85.0217,32.4711],[-85.0214,32.4711],[-85.0218,32.4704]]]},"properties":{"name":"Unnamed Lake (14691779)","layer":"nhd_lakes","waterbody_type":"Lake/Pond","area_acres":0.49,"elevation":null,"fcode":39004}},{"type":"Feature","geometry":{"type":"Polygon","coordinates":[[[-85.1479,32.2987],[-85.148,32.2993],[-85.1472,32.2989],[-85.1479,32.2987]]]},"properties":{"name":"Unnamed Lake (14691927)","layer":"nhd_lakes","waterbody_type":"Lake/Pond","area_acres":0.99,"elevation":null,"fcode":39004}},{"type":"Feature","geometry":{"type":"Polygon","coordinates":[[[-85.1018,32.373],[-85.1014,32.3739],[-85.1003,32.3727],[-85.1018,32.373]]]},"properties":{"name":"Unnamed Lake (14691890)","layer":"nhd_lakes","waterbody_type":"Lake/Pond","area_acres":3.46,"elevation":null,"fcode":39004}},{"type":"Feature","geometry":{"type":"Polygon","coordinates":[[[-84.9794,32.3599],[-84.9794,32.3602],[-84.9791,32.3601],[-84.9794,32.3599]]]},"properties":{"name":"Unnamed Lake (14691890)","layer":"nhd_lakes","waterbody_type":"Lake/Pond","area_acres":0.25,"elevation":null,"fcode":39004}},{"type":"Feature","geometry":{"type":"Polygon","coordinates":[[[-84.9999,32.2264],[-84.9952,32.2267],[-84.9948,32.2251],[-84.9999,32.2264]]]},"properties":{"name":"Lonesome Duck Lake","layer":"nhd_lakes","waterbody_type":"Lake/Pond","area_acres":10.38,"elevation":null,"fcode":39004}},{"type":"Feature","geometry":{"type":"Polygon","coordinates":[[[-84.9474,32.2387],[-84.9481,32.2386],[-84.9471,32.2393],[-84.9474,32.2387]]]},"properties":{"name":"Unnamed Lake (14691990)","layer":"nhd_lakes","waterbody_type":"Lake/Pond","area_acres":1.24,"elevation":null,"fcode":39004}},{"type":"Feature","geometry":{"type":"Polygon","coordinates":[[[-84.999,32.2668],[-84.9993,32.2673],[-84.9986,32.2676],[-84.999,32.2668]]]},"properties":{"name":"Unnamed Lake (14691973)","layer":"nhd_lakes","waterbody_type":"Lake/Pond","area_acres":1.24,"elevation":null,"fcode":39004}},{"type":"Feature","geometry":{"type":"Polygon","coordinates":[[[-84.9905,32.3442],[-84.9906,32.3445],[-84.9903,32.3445],[-84.9905,32.3442]]]},"properties":{"name":"Unnamed Lake (14691895)","layer":"nhd_lakes","waterbody_type":"Lake/Pond","area_acres":0.25,"elevation":null,"fcode":39004}},{"type":"Feature","geometry":{"type":"Polygon","coordinates":[[[-85.0409,32.4029],[-85.0425,32.4021],[-85.0426,32.4026],[-85.0409,32.4029]]]},"properties":{"name":"Unnamed Lake (14691857)","layer":"nhd_lakes","waterbody_type":"Lake/Pond","area_acres":2.47,"elevation":null,"fcode":39004}},{"type":"Feature","geometry":{"type":"Polygon","coordinates":[[[-84.9874,32.4008],[-84.9875,32.4018],[-84.9869,32.401],[-84.9874,32.4008]]]},"properties":{"name":"Unnamed Lake (14691849)","layer":"nhd_lakes","waterbody_type":"Lake/Pond","area_acres":1.24,"elevation":null,"fcode":39004}},{"type":"Feature","geometry":{"type":"Polygon","coordinates":[[[-84.9839,32.437],[-84.9839,32.4373],[-84.9835,32.4375],[-84.9839,32.437]]]},"properties":{"name":"Unnamed Lake (14691799)","layer":"nhd_lakes","waterbody_type":"Lake/Pond","area_acres":0.49,"elevation":null,"fcode":39004}},{"type":"Feature","geometry":{"type":"Polygon","coordinates":[[[-85.105,32.3763],[-85.1063,32.3768],[-85.1048,32.3768],[-85.105,32.3763]]]},"properties":{"name":"Unnamed Lake (14691889)","layer":"nhd_lakes","waterbody_type":"Lake/Pond","area_acres":1.48,"elevation":null,"fcode":39004}},{"type":"Feature","geometry":{"type":"Polygon","coordinates":[[[-85.0767,32.3969],[-85.0767,32.3976],[-85.0762,32.3973],[-85.0767,32.3969]]]},"properties":{"name":"Unnamed Lake (14691871)","layer":"nhd_lakes","waterbody_type":"Lake/Pond","area_acres":0.74,"elevation":null,"fcode":39004}},{"type":"Feature","geometry":{"type":"Polygon","coordinates":[[[-84.9963,32.4071],[-84.9966,32.4078],[-84.9955,32.4076],[-84.9963,32.4071]]]},"properties":{"name":"Unnamed Lake (14691840)","layer":"nhd_lakes","waterbody_type":"Lake/Pond","area_acres":1.98,"elevation":null,"fcode":39004}},{"type":"Feature","geometry":{"type":"Polygon","coordinates":[[[-85.0409,32.4145],[-85.0415,32.4147],[-85.0412,32.4154],[-85.0409,32.4145]]]},"properties":{"name":"Unnamed Lake (14691824)","layer":"nhd_lakes","waterbody_type":"Lake/Pond","area_acres":0.99,"elevation":null,"fcode":39004}},{"type":"Feature","geometry":{"type":"Polygon","coordinates":[[[-85.1014,32.4368],[-85.1018,32.434],[-85.1043,32.434],[-85.1014,32.4368]]]},"properties":{"name":"Venable Lake","layer":"nhd_lakes","waterbody_type":"Lake/Pond","area_acres":19.27,"elevation":null,"fcode":39004}},{"type":"Feature","geometry":{"type":"Polygon","coordinates":[[[-85.1066,32.2347],[-85.1066,32.235],[-85.1064,32.2348],[-85.1066,32.2347]]]},"properties":{"name":"Unnamed Lake (14692000)","layer":"nhd_lakes","waterbody_type":"Lake/Pond","area_acres":0.25,"elevation":null,"fcode":39004}},{"type":"Feature","geometry":{"type":"Polygon","coordinates":[[[-84.9919,32.2939],[-84.9922,32.2943],[-84.9915,32.2944],[-84.9919,32.2939]]]},"properties":{"name":"Unnamed Lake (14691923)","layer":"nhd_lakes","waterbody_type":"Lake/Pond","area_acres":0.74,"elevation":null,"fcode":39004}},{"type":"Feature","geometry":{"type":"Polygon","coordinates":[[[-84.9628,32.369],[-84.9634,32.3695],[-84.9632,32.3701],[-84.9628,32.369]]]},"properties":{"name":"Unnamed Lake (14691886)","layer":"nhd_lakes","waterbody_type":"Lake/Pond","area_acres":1.48,"elevation":null,"fcode":39004}},{"type":"Feature","geometry":{"type":"Polygon","coordinates":[[[-84.9963,32.3972],[-84.9964,32.3984],[-84.9955,32.3991],[-84.9963,32.3972]]]},"properties":{"name":"Unnamed Lake (14691855)","layer":"nhd_lakes","waterbody_type":"Lake/Pond","area_acres":2.47,"elevation":null,"fcode":39004}},{"type":"Feature","geometry":{"type":"Polygon","coordinates":[[[-84.8796,32.407],[-84.8803,32.406],[-84.8821,32.4073],[-84.8796,32.407]]]},"properties":{"name":"Unnamed Lake (14691814)","layer":"nhd_lakes","waterbody_type":"Lake/Pond","area_acres":3.71,"elevation":null,"fcode":39004}},{"type":"Feature","geometry":{"type":"Polygon","coordinates":[[[-84.9441,32.4515],[-84.9443,32.452],[-84.9438,32.452],[-84.9441,32.4515]]]},"properties":{"name":"Unnamed Lake (14691789)","layer":"nhd_lakes","waterbody_type":"Lake/Pond","area_acres":0.49,"elevation":null,"fcode":39004}},{"type":"Feature","geometry":{"type":"Polygon","coordinates":[[[-84.9624,32.3161],[-84.9621,32.3163],[-84.9617,32.3157],[-84.9624,32.3161]]]},"properties":{"name":"Unnamed Lake (14691909)","layer":"nhd_lakes","waterbody_type":"Lake/Pond","area_acres":0.99,"elevation":null,"fcode":39004}},{"type":"Feature","geometry":{"type":"Polygon","coordinates":[[[-85.1334,32.3855],[-85.1336,32.3861],[-85.133,32.3857],[-85.1334,32.3855]]]},"properties":{"name":"Unnamed Lake (14691887)","layer":"nhd_lakes","waterbody_type":"Lake/Pond","area_acres":0.49,"elevation":null,"fcode":39004}},{"type":"Feature","geometry":{"type":"Polygon","coordinates":[[[-84.9866,32.3929],[-84.9873,32.3931],[-84.9866,32.3937],[-84.9866,32.3929]]]},"properties":{"name":"Unnamed Lake (14691862)","layer":"nhd_lakes","waterbody_type":"Lake/Pond","area_acres":0.99,"elevation":null,"fcode":39004}},{"type":"Feature","geometry":{"type":"Polygon","coordinates":[[[-85.0822,32.4089],[-85.0873,32.4093],[-85.0868,32.4106],[-85.0822,32.4089]]]},"properties":{"name":"Bowers Lake","layer":"nhd_lakes","waterbody_type":"Lake/Pond","area_acres":13.59,"elevation":null,"fcode":39004}},{"type":"Feature","geometry":{"type":"Polygon","coordinates":[[[-85.1408,32.4141],[-85.1412,32.4145],[-85.1404,32.4146],[-85.1408,32.4141]]]},"properties":{"name":"Unnamed Lake (14691853)","layer":"nhd_lakes","waterbody_type":"Lake/Pond","area_acres":0.74,"elevation":null,"fcode":39004}},{"type":"Feature","geometry":{"type":"Polygon","coordinates":[[[-84.9732,32.404],[-84.9739,32.4049],[-84.9728,32.405],[-84.9732,32.404]]]},"properties":{"name":"Unnamed Lake (14691841)","layer":"nhd_lakes","waterbody_type":"Lake/Pond","area_acres":1.73,"elevation":null,"fcode":39004}},{"type":"Feature","geometry":{"type":"Polygon","coordinates":[[[-85.1382,32.3119],[-85.1382,32.3115],[-85.1384,32.3116],[-85.1382,32.3119]]]},"properties":{"name":"Unnamed Lake (14691920)","layer":"nhd_lakes","waterbody_type":"Lake/Pond","area_acres":0.49,"elevation":null,"fcode":39004}},{"type":"Feature","geometry":{"type":"Polygon","coordinates":[[[-84.9688,32.2945],[-84.9689,32.2948],[-84.9686,32.2947],[-84.9688,32.2945]]]},"properties":{"name":"Unnamed Lake (14691920)","layer":"nhd_lakes","waterbody_type":"Lake/Pond","area_acres":0.25,"elevation":null,"fcode":39004}},{"type":"Feature","geometry":{"type":"Polygon","coordinates":[[[-85.0462,32.3158],[-85.0469,32.318],[-85.0456,32.3169],[-85.0462,32.3158]]]},"properties":{"name":"Bradleys Pond","layer":"nhd_lakes","waterbody_type":"Lake/Pond","area_acres":3.71,"elevation":null,"fcode":39004}},{"type":"Feature","geometry":{"type":"Polygon","coordinates":[[[-84.9744,32.3528],[-84.9742,32.3525],[-84.9746,32.3526],[-84.9744,32.3528]]]},"properties":{"name":"Unnamed Lake (14691892)","layer":"nhd_lakes","waterbody_type":"Lake/Pond","area_acres":0.25,"elevation":null,"fcode":39004}},{"type":"Feature","geometry":{"type":"Polygon","coordinates":[[[-85.1285,32.3992],[-85.1266,32.4012],[-85.1255,32.4006],[-85.1285,32.3992]]]},"properties":{"name":"Unnamed Lake (14691873)","layer":"nhd_lakes","waterbody_type":"Lake/Pond","area_acres":5.93,"elevation":null,"fcode":39004}},{"type":"Feature","geometry":{"type":"Polygon","coordinates":[[[-84.9681,32.3883],[-84.9672,32.3898],[-84.9664,32.3898],[-84.9681,32.3883]]]},"properties":{"name":"Unnamed Lake (14691866)","layer":"nhd_lakes","waterbody_type":"Lake/Pond","area_acres":3.46,"elevation":null,"fcode":39004}},{"type":"Feature","geometry":{"type":"Polygon","coordinates":[[[-84.9086,32.3994],[-84.91,32.3985],[-84.9096,32.399],[-84.9086,32.3994]]]},"properties":{"name":"Unnamed Lake (14691840)","layer":"nhd_lakes","waterbody_type":"Lake/Pond","area_acres":0.99,"elevation":null,"fcode":39001}},{"type":"Feature","geometry":{"type":"Polygon","coordinates":[[[-85.0919,32.4467],[-85.0916,32.4468],[-85.0915,32.4465],[-85.0919,32.4467]]]},"properties":{"name":"Unnamed Lake (14691800)","layer":"nhd_lakes","waterbody_type":"Lake/Pond","area_acres":0.25,"elevation":null,"fcode":39004}},{"type":"Feature","geometry":{"type":"Polygon","coordinates":[[[-85.0354,32.4662],[-85.0355,32.4669],[-85.035,32.4671],[-85.0354,32.4662]]]},"properties":{"name":"Unnamed Lake (14691785)","layer":"nhd_lakes","waterbody_type":"Lake/Pond","area_acres":1.24,"elevation":null,"fcode":39004}},{"type":"Feature","geometry":{"type":"Polygon","coordinates":[[[-84.9806,32.2915],[-84.9824,32.2928],[-84.9819,32.2938],[-84.9806,32.2915]]]},"properties":{"name":"Unnamed Lake (14691922)","layer":"nhd_lakes","waterbody_type":"Lake/Pond","area_acres":3.71,"elevation":null,"fcode":39004}},{"type":"Feature","geometry":{"type":"Polygon","coordinates":[[[-85.0526,32.3412],[-85.0526,32.3415],[-85.0525,32.3414],[-85.0526,32.3412]]]},"properties":{"name":"Unnamed Lake (14691897)","layer":"nhd_lakes","waterbody_type":"Lake/Pond","area_acres":0.25,"elevation":null,"fcode":39004}},{"type":"Feature","geometry":{"type":"Polygon","coordinates":[[[-84.8637,32.3169],[-84.8653,32.3163],[-84.8649,32.317],[-84.8637,32.3169]]]},"properties":{"name":"Unnamed Lake (14691898)","layer":"nhd_lakes","waterbody_type":"Lake/Pond","area_acres":2.47,"elevation":null,"fcode":39004}},{"type":"Feature","geometry":{"type":"Polygon","coordinates":[[[-84.9646,32.4036],[-84.9603,32.4029],[-84.9602,32.4017],[-84.9646,32.4036]]]},"properties":{"name":"Unnamed Lake (14691844)","layer":"nhd_lakes","waterbody_type":"Lake/Pond","area_acres":6.18,"elevation":null,"fcode":39004}},{"type":"Feature","geometry":{"type":"Polygon","coordinates":[[[-85.03,32.4182],[-85.0294,32.4189],[-85.0289,32.4187],[-85.03,32.4182]]]},"properties":{"name":"Unnamed Lake (14691817)","layer":"nhd_lakes","waterbody_type":"Lake/Pond","area_acres":1.48,"elevation":null,"fcode":39004}},{"type":"Feature","geometry":{"type":"Polygon","coordinates":[[[-84.9157,32.4428],[-84.9174,32.4433],[-84.9165,32.4439],[-84.9157,32.4428]]]},"properties":{"name":"Head Lake","layer":"nhd_lakes","waterbody_type":"Lake/Pond","area_acres":3.21,"elevation":null,"fcode":39004}},{"type":"Feature","geometry":{"type":"Polygon","coordinates":[[[-84.9229,32.2332],[-84.9226,32.2341],[-84.9219,32.2341],[-84.9229,32.2332]]]},"properties":{"name":"Unnamed Lake (14691992)","layer":"nhd_lakes","waterbody_type":"Lake/Pond","area_acres":1.24,"elevation":null,"fcode":39004}},{"type":"Feature","geometry":{"type":"Polygon","coordinates":[[[-85.0588,32.3486],[-85.0588,32.3475],[-85.059,32.3481],[-85.0588,32.3486]]]},"properties":{"name":"Unnamed Lake (14691896)","layer":"nhd_lakes","waterbody_type":"Lake/Pond","area_acres":0.74,"elevation":null,"fcode":39004}},{"type":"Feature","geometry":{"type":"Polygon","coordinates":[[[-84.9425,32.3662],[-84.943,32.3679],[-84.9424,32.3679],[-84.9425,32.3662]]]},"properties":{"name":"Unnamed Lake (14691886)","layer":"nhd_lakes","waterbody_type":"Lake/Pond","area_acres":3.21,"elevation":null,"fcode":39004}},{"type":"Feature","geometry":{"type":"Polygon","coordinates":[[[-84.9646,32.396],[-84.9651,32.3964],[-84.9646,32.3968],[-84.9646,32.396]]]},"properties":{"name":"Unnamed Lake (14691854)","layer":"nhd_lakes","waterbody_type":"Lake/Pond","area_acres":0.99,"elevation":null,"fcode":39004}},{"type":"Feature","geometry":{"type":"Polygon","coordinates":[[[-85.0821,32.4365],[-85.0822,32.437],[-85.0815,32.4368],[-85.0821,32.4365]]]},"properties":{"name":"Unnamed Lake (14691804)","layer":"nhd_lakes","waterbody_type":"Lake/Pond","area_acres":0.74,"elevation":null,"fcode":39004}},{"type":"Feature","geometry":{"type":"Polygon","coordinates":[[[-84.9746,32.2933],[-84.9747,32.2939],[-84.9744,32.2934],[-84.9746,32.2933]]]},"properties":{"name":"Unnamed Lake (14691922)","layer":"nhd_lakes","waterbody_type":"Lake/Pond","area_acres":0.49,"elevation":null,"fcode":39004}},{"type":"Feature","geometry":{"type":"Polygon","coordinates":[[[-84.9829,32.2922],[-84.9833,32.2924],[-84.9828,32.2924],[-84.9829,32.2922]]]},"properties":{"name":"Unnamed Lake (14691925)","layer":"nhd_lakes","waterbody_type":"Lake/Pond","area_acres":0.25,"elevation":null,"fcode":39004}},{"type":"Feature","geometry":{"type":"Polygon","coordinates":[[[-85.158,32.3788],[-85.1559,32.3805],[-85.1508,32.3783],[-85.158,32.3788]]]},"properties":{"name":"Parkmans Pond","layer":"nhd_lakes","waterbody_type":"Lake/Pond","area_acres":15.07,"elevation":null,"fcode":39004}},{"type":"Feature","geometry":{"type":"Polygon","coordinates":[[[-84.999,32.358],[-84.9985,32.3579],[-84.9986,32.356],[-84.999,32.358]]]},"properties":{"name":"Unnamed Lake (14691891)","layer":"nhd_lakes","waterbody_type":"Lake/Pond","area_acres":2.22,"elevation":null,"fcode":39004}},{"type":"Feature","geometry":{"type":"Polygon","coordinates":[[[-85.1474,32.4033],[-85.1486,32.4045],[-85.1466,32.4033],[-85.1474,32.4033]]]},"properties":{"name":"Unnamed Lake (14691871)","layer":"nhd_lakes","waterbody_type":"Lake/Pond","area_acres":2.47,"elevation":null,"fcode":39004}},{"type":"Feature","geometry":{"type":"Polygon","coordinates":[[[-84.9741,32.3869],[-84.9703,32.3888],[-84.9712,32.3878],[-84.9741,32.3869]]]},"properties":{"name":"Unnamed Lake (14691868)","layer":"nhd_lakes","waterbody_type":"Lake/Pond","area_acres":2.97,"elevation":null,"fcode":39004}},{"type":"Feature","geometry":{"type":"Polygon","coordinates":[[[-85.1142,32.2425],[-85.1131,32.2413],[-85.1145,32.2407],[-85.1142,32.2425]]]},"properties":{"name":"Unnamed Lake (14691999)","layer":"nhd_lakes","waterbody_type":"Lake/Pond","area_acres":3.21,"elevation":null,"fcode":39004}},{"type":"Feature","geometry":{"type":"Polygon","coordinates":[[[-85.1619,32.3212],[-85.1613,32.3219],[-85.1613,32.3212],[-85.1619,32.3212]]]},"properties":{"name":"Unnamed Lake (14691915)","layer":"nhd_lakes","waterbody_type":"Lake/Pond","area_acres":1.24,"elevation":null,"fcode":39004}},{"type":"Feature","geometry":{"type":"Polygon","coordinates":[[[-84.8383,32.3032],[-84.8427,32.3036],[-84.8413,32.3115],[-84.8383,32.3032]]]},"properties":{"name":"Weems Pond","layer":"nhd_lakes","waterbody_type":"Lake/Pond","area_acres":61.03,"elevation":null,"fcode":39004}},{"type":"Feature","geometry":{"type":"Polygon","coordinates":[[[-85.0647,32.3956],[-85.0642,32.3944],[-85.0657,32.3938],[-85.0647,32.3956]]]},"properties":{"name":"Unnamed Lake (14691872)","layer":"nhd_lakes","waterbody_type":"Lake/Pond","area_acres":3.71,"elevation":null,"fcode":39004}},{"type":"Feature","geometry":{"type":"Polygon","coordinates":[[[-84.8821,32.3746],[-84.8809,32.3743],[-84.8821,32.3739],[-84.8821,32.3746]]]},"properties":{"name":"Unnamed Lake (14691875)","layer":"nhd_lakes","waterbody_type":"Lake/Pond","area_acres":1.98,"elevation":null,"fcode":39004}},{"type":"Feature","geometry":{"type":"Polygon","coordinates":[[[-84.9705,32.3976],[-84.9705,32.398],[-84.9695,32.3982],[-84.9705,32.3976]]]},"properties":{"name":"Unnamed Lake (14691853)","layer":"nhd_lakes","waterbody_type":"Lake/Pond","area_acres":0.74,"elevation":null,"fcode":39004}},{"type":"Feature","geometry":{"type":"Polygon","coordinates":[[[-85.096,32.4215],[-85.0973,32.4174],[-85.0981,32.4183],[-85.096,32.4215]]]},"properties":{"name":"Dudley Lake","layer":"nhd_lakes","waterbody_type":"Lake/Pond","area_acres":9.14,"elevation":null,"fcode":39004}},{"type":"Feature","geometry":{"type":"Polygon","coordinates":[[[-85.0708,32.4494],[-85.071,32.4488],[-85.0717,32.4488],[-85.0708,32.4494]]]},"properties":{"name":"Unnamed Lake (14691797)","layer":"nhd_lakes","waterbody_type":"Lake/Pond","area_acres":1.48,"elevation":null,"fcode":39004}},{"type":"Feature","geometry":{"type":"Polygon","coordinates":[[[-84.9673,32.2736],[-84.9673,32.2746],[-84.9669,32.275],[-84.9673,32.2736]]]},"properties":{"name":"Unnamed Lake (14691930)","layer":"nhd_lakes","waterbody_type":"Lake/Pond","area_acres":1.24,"elevation":null,"fcode":39004}},{"type":"Feature","geometry":{"type":"Polygon","coordinates":[[[-85.0274,32.3262],[-85.0273,32.3274],[-85.0258,32.327],[-85.0274,32.3262]]]},"properties":{"name":"Unnamed Lake (14691899)","layer":"nhd_lakes","waterbody_type":"Lake/Pond","area_acres":2.97,"elevation":null,"fcode":39004}},{"type":"Feature","geometry":{"type":"Polygon","coordinates":[[[-85.1421,32.3465],[-85.1449,32.346],[-85.1459,32.3483],[-85.1421,32.3465]]]},"properties":{"name":"Unnamed Lake (14691898)","layer":"nhd_lakes","waterbody_type":"Lake/Pond","area_acres":9.39,"elevation":null,"fcode":39004}},{"type":"Feature","geometry":{"type":"Polygon","coordinates":[[[-85.1122,32.3665],[-85.1116,32.3673],[-85.1117,32.3667],[-85.1122,32.3665]]]},"properties":{"name":"Unnamed Lake (14691892)","layer":"nhd_lakes","waterbody_type":"Lake/Pond","area_acres":0.99,"elevation":null,"fcode":39004}},{"type":"Feature","geometry":{"type":"Polygon","coordinates":[[[-84.9719,32.4038],[-84.9722,32.4046],[-84.9716,32.4043],[-84.9719,32.4038]]]},"properties":{"name":"Unnamed Lake (14691843)","layer":"nhd_lakes","waterbody_type":"Lake/Pond","area_acres":1.48,"elevation":null,"fcode":39004}},{"type":"Feature","geometry":{"type":"Polygon","coordinates":[[[-85.0826,32.4268],[-85.0829,32.4273],[-85.082,32.4278],[-85.0826,32.4268]]]},"properties":{"name":"Unnamed Lake (14691812)","layer":"nhd_lakes","waterbody_type":"Lake/Pond","area_acres":1.48,"elevation":null,"fcode":39004}},{"type":"Feature","geometry":{"type":"Polygon","coordinates":[[[-85.0606,32.4561],[-85.0609,32.4562],[-85.0607,32.4565],[-85.0606,32.4561]]]},"properties":{"name":"Unnamed Lake (14691792)","layer":"nhd_lakes","waterbody_type":"Lake/Pond","area_acres":0.25,"elevation":null,"fcode":39004}},{"type":"Feature","geometry":{"type":"Polygon","coordinates":[[[-84.9123,32.2369],[-84.9125,32.2405],[-84.9092,32.2417],[-84.9123,32.2369]]]},"properties":{"name":"Unnamed Lake (14691984)","layer":"nhd_lakes","waterbody_type":"Lake/Pond","area_acres":8.65,"elevation":null,"fcode":39004}},{"type":"Feature","geometry":{"type":"Polygon","coordinates":[[[-84.9984,32.2972],[-84.998,32.2981],[-84.9966,32.2981],[-84.9984,32.2972]]]},"properties":{"name":"Unnamed Lake (14691920)","layer":"nhd_lakes","waterbody_type":"Lake/Pond","area_acres":2.97,"elevation":null,"fcode":39004}},{"type":"Feature","geometry":{"type":"Polygon","coordinates":[[[-84.9555,32.3046],[-84.9558,32.3047],[-84.9552,32.3051],[-84.9555,32.3046]]]},"properties":{"name":"Unnamed Lake (14691913)","layer":"nhd_lakes","waterbody_type":"Lake/Pond","area_acres":0.74,"elevation":null,"fcode":39004}},{"type":"Feature","geometry":{"type":"Polygon","coordinates":[[[-85.0975,32.3749],[-85.0967,32.3733],[-85.0976,32.3736],[-85.0975,32.3749]]]},"properties":{"name":"Unnamed Lake (14691889)","layer":"nhd_lakes","waterbody_type":"Lake/Pond","area_acres":3.21,"elevation":null,"fcode":39004}},{"type":"Feature","geometry":{"type":"Polygon","coordinates":[[[-85.1158,32.3894],[-85.1145,32.3874],[-85.1156,32.3877],[-85.1158,32.3894]]]},"properties":{"name":"Unnamed Lake (14691883)","layer":"nhd_lakes","waterbody_type":"Lake/Pond","area_acres":4.2,"elevation":null,"fcode":39004}},{"type":"Feature","geometry":{"type":"Polygon","coordinates":[[[-85.1203,32.4004],[-85.1211,32.3993],[-85.1209,32.4007],[-85.1203,32.4004]]]},"properties":{"name":"Unnamed Lake (14691872)","layer":"nhd_lakes","waterbody_type":"Lake/Pond","area_acres":1.98,"elevation":null,"fcode":39004}},{"type":"Feature","geometry":{"type":"Polygon","coordinates":[[[-84.9656,32.4037],[-84.9681,32.4049],[-84.9659,32.4049],[-84.9656,32.4037]],[[-84.966,32.4043],[-84.966,32.4045],[-84.9665,32.4046],[-84.966,32.4043]]]},"properties":{"name":"Unnamed Lake (14691840)","layer":"nhd_lakes","waterbody_type":"Lake/Pond","area_acres":4.94,"elevation":null,"fcode":39004}},{"type":"Feature","geometry":{"type":"Polygon","coordinates":[[[-85.0413,32.4113],[-85.0422,32.4113],[-85.0424,32.4119],[-85.0413,32.4113]]]},"properties":{"name":"Unnamed Lake (14691842)","layer":"nhd_lakes","waterbody_type":"Lake/Pond","area_acres":0.99,"elevation":null,"fcode":39004}},{"type":"Feature","geometry":{"type":"Polygon","coordinates":[[[-84.9509,32.4333],[-84.9509,32.4336],[-84.9507,32.4335],[-84.9509,32.4333]]]},"properties":{"name":"Unnamed Lake (14691799)","layer":"nhd_lakes","waterbody_type":"Lake/Pond","area_acres":0.25,"elevation":null,"fcode":39004}},{"type":"Feature","geometry":{"type":"Polygon","coordinates":[[[-85.1001,32.3788],[-85.1011,32.379],[-85.1002,32.3801],[-85.1001,32.3788]]]},"properties":{"name":"Unnamed Lake (14691888)","layer":"nhd_lakes","waterbody_type":"Lake/Pond","area_acres":3.46,"elevation":null,"fcode":39004}},{"type":"Feature","geometry":{"type":"Polygon","coordinates":[[[-85.0272,32.3957],[-85.0272,32.3961],[-85.0266,32.396],[-85.0272,32.3957]]]},"properties":{"name":"Unnamed Lake (14691865)","layer":"nhd_lakes","waterbody_type":"Lake/Pond","area_acres":0.49,"elevation":null,"fcode":39004}},{"type":"Feature","geometry":{"type":"Polygon","coordinates":[[[-84.9879,32.408],[-84.9888,32.4061],[-84.9892,32.4075],[-84.9879,32.408]]]},"properties":{"name":"Unnamed Lake (14691838)","layer":"nhd_lakes","waterbody_type":"Lake/Pond","area_acres":4.45,"elevation":null,"fcode":39004}},{"type":"Feature","geometry":{"type":"Polygon","coordinates":[[[-85.0342,32.4669],[-85.0343,32.4673],[-85.0339,32.4674],[-85.0342,32.4669]]]},"properties":{"name":"Unnamed Lake (14691785)","layer":"nhd_lakes","waterbody_type":"Lake/Pond","area_acres":0.49,"elevation":null,"fcode":39004}},{"type":"Feature","geometry":{"type":"Polygon","coordinates":[[[-84.9659,32.2977],[-84.9663,32.2979],[-84.9657,32.2978],[-84.9659,32.2977]]]},"properties":{"name":"Unnamed Lake (14691917)","layer":"nhd_lakes","waterbody_type":"Lake/Pond","area_acres":0.25,"elevation":null,"fcode":39004}},{"type":"Feature","geometry":{"type":"Polygon","coordinates":[[[-85.0417,32.4053],[-85.0448,32.4052],[-85.0449,32.4063],[-85.0417,32.4053]]]},"properties":{"name":"Unnamed Lake (14691852)","layer":"nhd_lakes","waterbody_type":"Lake/Pond","area_acres":5.93,"elevation":null,"fcode":39004}},{"type":"Feature","geometry":{"type":"Polygon","coordinates":[[[-84.9576,32.4276],[-84.958,32.4277],[-84.9579,32.428],[-84.9576,32.4276]]]},"properties":{"name":"Unnamed Lake (14691804)","layer":"nhd_lakes","waterbody_type":"Lake/Pond","area_acres":0.25,"elevation":null,"fcode":39004}},{"type":"Feature","geometry":{"type":"Polygon","coordinates":[[[-85.0829,32.4445],[-85.0838,32.4439],[-85.0837,32.4444],[-85.0829,32.4445]]]},"properties":{"name":"Unnamed Lake (14691800)","layer":"nhd_lakes","waterbody_type":"Lake/Pond","area_acres":0.74,"elevation":null,"fcode":39004}},{"type":"Feature","geometry":{"type":"Polygon","coordinates":[[[-84.9475,32.4476],[-84.9476,32.4478],[-84.9474,32.4477],[-84.9475,32.4476]]]},"properties":{"name":"Unnamed Lake (14691790)","layer":"nhd_lakes","waterbody_type":"Lake/Pond","area_acres":0.08,"elevation":null,"fcode":39004}},{"type":"Feature","geometry":{"type":"Polygon","coordinates":[[[-85.1421,32.3001],[-85.1422,32.3004],[-85.142,32.3005],[-85.1421,32.3001]]]},"properties":{"name":"Unnamed Lake (14691926)","layer":"nhd_lakes","waterbody_type":"Lake/Pond","area_acres":0.25,"elevation":null,"fcode":39004}},{"type":"Feature","geometry":{"type":"Polygon","coordinates":[[[-84.9571,32.3111],[-84.9568,32.311],[-84.9574,32.3109],[-84.9571,32.3111]]]},"properties":{"name":"Unnamed Lake (14691911)","layer":"nhd_lakes","waterbody_type":"Lake/Pond","area_acres":0.25,"elevation":null,"fcode":39004}},{"type":"Feature","geometry":{"type":"Polygon","coordinates":[[[-84.8675,32.3131],[-84.8678,32.3132],[-84.8666,32.3134],[-84.8675,32.3131]]]},"properties":{"name":"Unnamed Lake (14691899)","layer":"nhd_lakes","waterbody_type":"Lake/Pond","area_acres":0.99,"elevation":null,"fcode":39004}},{"type":"Feature","geometry":{"type":"Polygon","coordinates":[[[-85.0983,32.3715],[-85.0988,32.3718],[-85.0986,32.3724],[-85.0983,32.3715]]]},"properties":{"name":"Unnamed Lake (14691890)","layer":"nhd_lakes","waterbody_type":"Lake/Pond","area_acres":1.24,"elevation":null,"fcode":39004}},{"type":"Feature","geometry":{"type":"Polygon","coordinates":[[[-84.9567,32.4026],[-84.9579,32.4036],[-84.9573,32.4045],[-84.9567,32.4026]]]},"properties":{"name":"Unnamed Lake (14691839)","layer":"nhd_lakes","waterbody_type":"Lake/Pond","area_acres":4.2,"elevation":null,"fcode":39004}},{"type":"Feature","geometry":{"type":"Polygon","coordinates":[[[-85.0956,32.4454],[-85.0959,32.4445],[-85.0978,32.4449],[-85.0956,32.4454]]]},"properties":{"name":"Unnamed Lake (14691800)","layer":"nhd_lakes","waterbody_type":"Lake/Pond","area_acres":3.71,"elevation":null,"fcode":39004}},{"type":"Feature","geometry":{"type":"Polygon","coordinates":[[[-84.908,32.4431],[-84.9075,32.4441],[-84.9069,32.4438],[-84.908,32.4431]]]},"properties":{"name":"Unnamed Lake (14691790)","layer":"nhd_lakes","waterbody_type":"Lake/Pond","area_acres":1.73,"elevation":null,"fcode":39004}},{"type":"Feature","geometry":{"type":"Polygon","coordinates":[[[-84.9176,32.4416],[-84.9188,32.4413],[-84.9189,32.4423],[-84.9176,32.4416]]]},"properties":{"name":"Unnamed Lake (14691792)","layer":"nhd_lakes","waterbody_type":"Lake/Pond","area_acres":2.47,"elevation":null,"fcode":39004}},{"type":"Feature","geometry":{"type":"Polygon","coordinates":[[[-84.9406,32.457],[-84.9408,32.4572],[-84.9407,32.4574],[-84.9406,32.457]]]},"properties":{"name":"Unnamed Lake (14691786)","layer":"nhd_lakes","waterbody_type":"Lake/Pond","area_acres":0.25,"elevation":null,"fcode":39004}},{"type":"Feature","geometry":{"type":"Polygon","coordinates":[[[-85.1645,32.3504],[-85.1619,32.3573],[-85.1569,32.3549],[-85.1645,32.3504]]]},"properties":{"name":"Unnamed Lake (14691897)","layer":"nhd_lakes","waterbody_type":"Lake/Pond","area_acres":39.78,"elevation":null,"fcode":39004}},{"type":"Feature","geometry":{"type":"Polygon","coordinates":[[[-85.1317,32.353],[-85.1317,32.3549],[-85.1312,32.3547],[-85.1317,32.353]]]},"properties":{"name":"Unnamed Lake (14691896)","layer":"nhd_lakes","waterbody_type":"Lake/Pond","area_acres":1.73,"elevation":null,"fcode":39004}},{"type":"Feature","geometry":{"type":"Polygon","coordinates":[[[-84.9771,32.3516],[-84.9773,32.352],[-84.9769,32.3517],[-84.9771,32.3516]]]},"properties":{"name":"Unnamed Lake (14691893)","layer":"nhd_lakes","waterbody_type":"Lake/Pond","area_acres":0.25,"elevation":null,"fcode":39004}},{"type":"Feature","geometry":{"type":"Polygon","coordinates":[[[-85.1381,32.3794],[-85.1384,32.3796],[-85.1381,32.3797],[-85.1381,32.3794]]]},"properties":{"name":"Unnamed Lake (14691889)","layer":"nhd_lakes","waterbody_type":"Lake/Pond","area_acres":0.25,"elevation":null,"fcode":39004}},{"type":"Feature","geometry":{"type":"Polygon","coordinates":[[[-84.9464,32.4452],[-84.9466,32.4454],[-84.9463,32.4455],[-84.9464,32.4452]]]},"properties":{"name":"Unnamed Lake (14691792)","layer":"nhd_lakes","waterbody_type":"Lake/Pond","area_acres":0.25,"elevation":null,"fcode":39004}},{"type":"Feature","geometry":{"type":"Polygon","coordinates":[[[-85.0131,32.26],[-85.0117,32.2596],[-85.0131,32.2597],[-85.0131,32.26]]]},"properties":{"name":"Unnamed Lake (14691979)","layer":"nhd_lakes","waterbody_type":"Lake/Pond","area_acres":1.24,"elevation":null,"fcode":39004}},{"type":"Feature","geometry":{"type":"Polygon","coordinates":[[[-85.0843,32.2726],[-85.0839,32.272],[-85.0846,32.272],[-85.0843,32.2726]]]},"properties":{"name":"Unnamed Lake (14691975)","layer":"nhd_lakes","waterbody_type":"Lake/Pond","area_acres":0.99,"elevation":null,"fcode":39004}},{"type":"Feature","geometry":{"type":"Polygon","coordinates":[[[-84.9623,32.3712],[-84.9631,32.3719],[-84.9625,32.372],[-84.9623,32.3712]]]},"properties":{"name":"Russ Pond","layer":"nhd_lakes","waterbody_type":"Lake/Pond","area_acres":0.74,"elevation":null,"fcode":39004}},{"type":"Feature","geometry":{"type":"Polygon","coordinates":[[[-85.008,32.3919],[-85.0095,32.3931],[-85.0089,32.3945],[-85.008,32.3919]]]},"properties":{"name":"Unnamed Lake (14691864)","layer":"nhd_lakes","waterbody_type":"Lake/Pond","area_acres":5.68,"elevation":null,"fcode":39004}},{"type":"Feature","geometry":{"type":"Polygon","coordinates":[[[-84.967,32.3967],[-84.9671,32.3975],[-84.9663,32.398],[-84.967,32.3967]]]},"properties":{"name":"Unnamed Lake (14691852)","layer":"nhd_lakes","waterbody_type":"Lake/Pond","area_acres":1.73,"elevation":null,"fcode":39004}},{"type":"Feature","geometry":{"type":"Polygon","coordinates":[[[-84.9698,32.4036],[-84.9695,32.4048],[-84.9682,32.4049],[-84.9698,32.4036]]]},"properties":{"name":"Unnamed Lake (14691841)","layer":"nhd_lakes","waterbody_type":"Lake/Pond","area_acres":3.71,"elevation":null,"fcode":39004}},{"type":"Feature","geometry":{"type":"Polygon","coordinates":[[[-84.9801,32.4166],[-84.9803,32.4175],[-84.9794,32.4179],[-84.9801,32.4166]]]},"properties":{"name":"Unnamed Lake (14691812)","layer":"nhd_lakes","waterbody_type":"Lake/Pond","area_acres":1.98,"elevation":null,"fcode":39004}},{"type":"Feature","geometry":{"type":"Polygon","coordinates":[[[-85.0178,32.4289],[-85.014,32.4301],[-85.0143,32.4287],[-85.0178,32.4289]]]},"properties":{"name":"Asbury Park Lake","layer":"nhd_lakes","waterbody_type":"Lake/Pond","area_acres":8.65,"elevation":null,"fcode":39004}},{"type":"Feature","geometry":{"type":"Polygon","coordinates":[[[-85.0993,32.4508],[-85.0994,32.4501],[-85.0998,32.4502],[-85.0993,32.4508]]]},"properties":{"name":"Unnamed Lake (14691797)","layer":"nhd_lakes","waterbody_type":"Lake/Pond","area_acres":0.74,"elevation":null,"fcode":39004}},{"type":"Feature","geometry":{"type":"Polygon","coordinates":[[[-85.0298,32.4554],[-85.0294,32.4548],[-85.0296,32.4547],[-85.0298,32.4554]]]},"properties":{"name":"Unnamed Lake (14691790)","layer":"nhd_lakes","waterbody_type":"Lake/Pond","area_acres":0.49,"elevation":null,"fcode":39004}},{"type":"Feature","geometry":{"type":"Polygon","coordinates":[[[-84.9465,32.4456],[-84.9466,32.446],[-84.9464,32.4458],[-84.9465,32.4456]]]},"properties":{"name":"Unnamed Lake (14691791)","layer":"nhd_lakes","waterbody_type":"Lake/Pond","area_acres":0.25,"elevation":null,"fcode":39004}},{"type":"Feature","geometry":{"type":"Polygon","coordinates":[[[-84.9694,32.2937],[-84.9702,32.294],[-84.9697,32.2941],[-84.9694,32.2937]]]},"properties":{"name":"Unnamed Lake (14691921)","layer":"nhd_lakes","waterbody_type":"Lake/Pond","area_acres":0.49,"elevation":null,"fcode":39004}},{"type":"Feature","geometry":{"type":"Polygon","coordinates":[[[-85.1094,32.3795],[-85.1085,32.3776],[-85.1099,32.3782],[-85.1094,32.3795]]]},"properties":{"name":"Unnamed Lake (14691888)","layer":"nhd_lakes","waterbody_type":"Lake/Pond","area_acres":5.44,"elevation":null,"fcode":39004}},{"type":"Feature","geometry":{"type":"Polygon","coordinates":[[[-84.9663,32.3984],[-84.9623,32.4003],[-84.9632,32.3994],[-84.9663,32.3984]]]},"properties":{"name":"Unnamed Lake (14691848)","layer":"nhd_lakes","waterbody_type":"Lake/Pond","area_acres":3.46,"elevation":null,"fcode":39004}},{"type":"Feature","geometry":{"type":"Polygon","coordinates":[[[-85.0245,32.4549],[-85.0243,32.4556],[-85.0239,32.4551],[-85.0245,32.4549]]]},"properties":{"name":"Unnamed Lake (14691790)","layer":"nhd_lakes","waterbody_type":"Lake/Pond","area_acres":0.74,"elevation":null,"fcode":39004}},{"type":"Feature","geometry":{"type":"Polygon","coordinates":[[[-85.052,32.3006],[-85.052,32.301],[-85.0514,32.3008],[-85.052,32.3006]]]},"properties":{"name":"Unnamed Lake (14691922)","layer":"nhd_lakes","waterbody_type":"Lake/Pond","area_acres":0.49,"elevation":null,"fcode":39004}},{"type":"Feature","geometry":{"type":"Polygon","coordinates":[[[-84.9657,32.3974],[-84.9658,32.3978],[-84.9652,32.3977],[-84.9657,32.3974]]]},"properties":{"name":"Unnamed Lake (14691852)","layer":"nhd_lakes","waterbody_type":"Lake/Pond","area_acres":0.74,"elevation":null,"fcode":39004}},{"type":"Feature","geometry":{"type":"Polygon","coordinates":[[[-84.893,32.4233],[-84.8925,32.4228],[-84.8931,32.4228],[-84.893,32.4233]]]},"properties":{"name":"Unnamed Lake (14691802)","layer":"nhd_lakes","waterbody_type":"Lake/Pond","area_acres":0.74,"elevation":null,"fcode":39004}},{"type":"Feature","geometry":{"type":"Polygon","coordinates":[[[-84.9715,32.2567],[-84.9718,32.2568],[-84.9714,32.2577],[-84.9715,32.2567]]]},"properties":{"name":"Unnamed Lake (14691978)","layer":"nhd_lakes","waterbody_type":"Lake/Pond","area_acres":1.24,"elevation":null,"fcode":39001}},{"type":"Feature","geometry":{"type":"Polygon","coordinates":[[[-85.0633,32.2815],[-85.0625,32.2811],[-85.0634,32.2811],[-85.0633,32.2815]]]},"properties":{"name":"Unnamed Lake (14691931)","layer":"nhd_lakes","waterbody_type":"Lake/Pond","area_acres":1.24,"elevation":null,"fcode":39004}},{"type":"Feature","geometry":{"type":"Polygon","coordinates":[[[-84.9474,32.303],[-84.949,32.3037],[-84.9474,32.3032],[-84.9474,32.303]]]},"properties":{"name":"Unnamed Lake (14691913)","layer":"nhd_lakes","waterbody_type":"Lake/Pond","area_acres":0.99,"elevation":null,"fcode":39004}},{"type":"Feature","geometry":{"type":"Polygon","coordinates":[[[-84.997,32.355],[-84.9969,32.3555],[-84.9967,32.3553],[-84.997,32.355]]]},"properties":{"name":"Unnamed Lake (14691892)","layer":"nhd_lakes","waterbody_type":"Lake/Pond","area_acres":0.25,"elevation":null,"fcode":39004}},{"type":"Feature","geometry":{"type":"Polygon","coordinates":[[[-84.9529,32.3752],[-84.9527,32.3756],[-84.9521,32.3736],[-84.9529,32.3752]]]},"properties":{"name":"Unnamed Lake (14691882)","layer":"nhd_lakes","waterbody_type":"Lake/Pond","area_acres":2.22,"elevation":null,"fcode":39004}},{"type":"Feature","geometry":{"type":"Polygon","coordinates":[[[-85.0131,32.398],[-85.0145,32.3991],[-85.013,32.3991],[-85.0131,32.398]]]},"properties":{"name":"Unnamed Lake (14691858)","layer":"nhd_lakes","waterbody_type":"Lake/Pond","area_acres":2.97,"elevation":null,"fcode":39004}},{"type":"Feature","geometry":{"type":"Polygon","coordinates":[[[-84.9994,32.4226],[-84.9988,32.4227],[-84.9993,32.4219],[-84.9994,32.4226]]]},"properties":{"name":"Unnamed Lake (14691809)","layer":"nhd_lakes","waterbody_type":"Lake/Pond","area_acres":1.24,"elevation":null,"fcode":39004}},{"type":"Feature","geometry":{"type":"Polygon","coordinates":[[[-85.0976,32.4466],[-85.098,32.4467],[-85.0973,32.447],[-85.0976,32.4466]]]},"properties":{"name":"Unnamed Lake (14691800)","layer":"nhd_lakes","waterbody_type":"Lake/Pond","area_acres":0.49,"elevation":null,"fcode":39004}},{"type":"Feature","geometry":{"type":"Polygon","coordinates":[[[-85.0719,32.4477],[-85.0717,32.4473],[-85.0721,32.4473],[-85.0719,32.4477]]]},"properties":{"name":"Unnamed Lake (14691798)","layer":"nhd_lakes","waterbody_type":"Lake/Pond","area_acres":0.49,"elevation":null,"fcode":39004}},{"type":"Feature","geometry":{"type":"Polygon","coordinates":[[[-85.1446,32.2821],[-85.1446,32.2824],[-85.1443,32.2824],[-85.1446,32.2821]]]},"properties":{"name":"Unnamed Lake (14691973)","layer":"nhd_lakes","waterbody_type":"Lake/Pond","area_acres":0.49,"elevation":null,"fcode":39004}},{"type":"Feature","geometry":{"type":"Polygon","coordinates":[[[-84.9662,32.3889],[-84.9648,32.3911],[-84.9639,32.3906],[-84.9662,32.3889]]]},"properties":{"name":"Unnamed Lake (14691862)","layer":"nhd_lakes","waterbody_type":"Lake/Pond","area_acres":4.45,"elevation":null,"fcode":39004}},{"type":"Feature","geometry":{"type":"Polygon","coordinates":[[[-85.0592,32.4449],[-85.0574,32.4463],[-85.0574,32.4457],[-85.0592,32.4449]]]},"properties":{"name":"Unnamed Lake (14691798)","layer":"nhd_lakes","waterbody_type":"Lake/Pond","area_acres":3.21,"elevation":null,"fcode":39004}},{"type":"Feature","geometry":{"type":"Polygon","coordinates":[[[-85.1507,32.3116],[-85.1507,32.3102],[-85.1513,32.3102],[-85.1507,32.3116]]]},"properties":{"name":"Unnamed Lake (14691921)","layer":"nhd_lakes","waterbody_type":"Lake/Pond","area_acres":1.48,"elevation":null,"fcode":39004}},{"type":"Feature","geometry":{"type":"Polygon","coordinates":[[[-85.1026,32.3008],[-85.1026,32.3014],[-85.1017,32.3011],[-85.1026,32.3008]]]},"properties":{"name":"Unnamed Lake (14691926)","layer":"nhd_lakes","waterbody_type":"Lake/Pond","area_acres":1.48,"elevation":null,"fcode":39004}},{"type":"Feature","geometry":{"type":"Polygon","coordinates":[[[-85.1264,32.3237],[-85.1184,32.3235],[-85.1206,32.3224],[-85.1264,32.3237]]]},"properties":{"name":"Mullin Lake","layer":"nhd_lakes","waterbody_type":"Lake/Pond","area_acres":23.47,"elevation":null,"fcode":39004}},{"type":"Feature","geometry":{"type":"Polygon","coordinates":[[[-85.0541,32.3458],[-85.0541,32.3463],[-85.0538,32.346],[-85.0541,32.3458]]]},"properties":{"name":"Unnamed Lake (14691896)","layer":"nhd_lakes","waterbody_type":"Lake/Pond","area_acres":0.25,"elevation":null,"fcode":39004}},{"type":"Feature","geometry":{"type":"Polygon","coordinates":[[[-84.9967,32.3725],[-84.9958,32.3715],[-84.9963,32.3712],[-84.9967,32.3725]]]},"properties":{"name":"Unnamed Lake (14691887)","layer":"nhd_lakes","waterbody_type":"Lake/Pond","area_acres":2.22,"elevation":null,"fcode":39004}},{"type":"Feature","geometry":{"type":"Polygon","coordinates":[[[-84.943,32.3653],[-84.943,32.3657],[-84.9428,32.3654],[-84.943,32.3653]]]},"properties":{"name":"Unnamed Lake (14691887)","layer":"nhd_lakes","waterbody_type":"Lake/Pond","area_acres":0.25,"elevation":null,"fcode":39004}},{"type":"Feature","geometry":{"type":"Polygon","coordinates":[[[-85.0058,32.3752],[-85.0042,32.3695],[-85.0071,32.373],[-85.0057,32.3775],[-85.0008,32.3821],[-84.999,32.3806],[-85.0058,32.3752]],[[-85.0011,32.3801],[-85.0015,32.3808],[-85.0015,32.3804],[-85.0011,32.3801]]]},"properties":{"name":"Lake Bickerstaff","layer":"nhd_lakes","waterbody_type":"Lake/Pond","area_acres":68.7,"elevation":null,"fcode":39004}},{"type":"Feature","geometry":{"type":"Polygon","coordinates":[[[-84.927,32.3865],[-84.927,32.3862],[-84.9274,32.386],[-84.927,32.3865]]]},"properties":{"name":"Unnamed Lake (14691864)","layer":"nhd_lakes","waterbody_type":"Lake/Pond","area_acres":0.25,"elevation":null,"fcode":39001}},{"type":"Feature","geometry":{"type":"Polygon","coordinates":[[[-85.0405,32.4068],[-85.0401,32.4054],[-85.0415,32.4048],[-85.0405,32.4068]]]},"properties":{"name":"Unnamed Lake (14691850)","layer":"nhd_lakes","waterbody_type":"Lake/Pond","area_acres":3.46,"elevation":null,"fcode":39004}},{"type":"Feature","geometry":{"type":"Polygon","coordinates":[[[-85.003,32.4093],[-84.9967,32.415],[-85.0066,32.4052],[-85.003,32.4093]]]},"properties":{"name":"Gum Pond","layer":"nhd_lakes","waterbody_type":"Lake/Pond","area_acres":50.41,"elevation":null,"fcode":39004}},{"type":"Feature","geometry":{"type":"Polygon","coordinates":[[[-85.0728,32.4221],[-85.0779,32.4224],[-85.0789,32.4242],[-85.0728,32.4221]]]},"properties":{"name":"Unnamed Lake (14691817)","layer":"nhd_lakes","waterbody_type":"Lake/Pond","area_acres":27.68,"elevation":null,"fcode":39004}},{"type":"Feature","geometry":{"type":"Polygon","coordinates":[[[-85.0934,32.2317],[-85.0933,32.232],[-85.0933,32.2318],[-85.0934,32.2317]]]},"properties":{"name":"Unnamed Lake (14692001)","layer":"nhd_lakes","waterbody_type":"Lake/Pond","area_acres":0.09,"elevation":null,"fcode":39004}},{"type":"Feature","geometry":{"type":"Polygon","coordinates":[[[-85.0929,32.3757],[-85.0929,32.376],[-85.0927,32.376],[-85.0929,32.3757]]]},"properties":{"name":"Unnamed Lake (14691888)","layer":"nhd_lakes","waterbody_type":"Lake/Pond","area_acres":0.25,"elevation":null,"fcode":39004}},{"type":"Feature","geometry":{"type":"Polygon","coordinates":[[[-85.1482,32.3879],[-85.1486,32.3889],[-85.1474,32.3886],[-85.1482,32.3879]]]},"properties":{"name":"Unnamed Lake (14691886)","layer":"nhd_lakes","waterbody_type":"Lake/Pond","area_acres":1.48,"elevation":null,"fcode":39004}},{"type":"Feature","geometry":{"type":"Polygon","coordinates":[[[-85.1406,32.3967],[-85.1408,32.3958],[-85.1424,32.3954],[-85.1406,32.3967]]]},"properties":{"name":"Unnamed Lake (14691877)","layer":"nhd_lakes","waterbody_type":"Lake/Pond","area_acres":2.97,"elevation":null,"fcode":39004}},{"type":"Feature","geometry":{"type":"Polygon","coordinates":[[[-85.1504,32.3998],[-85.1509,32.4003],[-85.1498,32.4005],[-85.1504,32.3998]]]},"properties":{"name":"Unnamed Lake (14691875)","layer":"nhd_lakes","waterbody_type":"Lake/Pond","area_acres":0.99,"elevation":null,"fcode":39004}},{"type":"Feature","geometry":{"type":"Polygon","coordinates":[[[-84.9871,32.3997],[-84.9867,32.4004],[-84.9865,32.3998],[-84.9871,32.3997]]]},"properties":{"name":"Unnamed Lake (14691851)","layer":"nhd_lakes","waterbody_type":"Lake/Pond","area_acres":0.99,"elevation":null,"fcode":39004}},{"type":"Feature","geometry":{"type":"Polygon","coordinates":[[[-84.9075,32.3989],[-84.907,32.3981],[-84.9075,32.3983],[-84.9075,32.3989]]]},"properties":{"name":"Unnamed Lake (14691841)","layer":"nhd_lakes","waterbody_type":"Lake/Pond","area_acres":1.24,"elevation":null,"fcode":39001}},{"type":"Feature","geometry":{"type":"Polygon","coordinates":[[[-84.8659,32.4249],[-84.8657,32.4239],[-84.8665,32.4238],[-84.8659,32.4249]]]},"properties":{"name":"Unnamed Lake (14691800)","layer":"nhd_lakes","waterbody_type":"Lake/Pond","area_acres":1.73,"elevation":null,"fcode":39004}},{"type":"Feature","geometry":{"type":"Polygon","coordinates":[[[-84.9822,32.4369],[-84.982,32.4373],[-84.982,32.4371],[-84.9822,32.4369]]]},"properties":{"name":"Unnamed Lake (14691799)","layer":"nhd_lakes","waterbody_type":"Lake/Pond","area_acres":0.25,"elevation":null,"fcode":39004}},{"type":"Feature","geometry":{"type":"Polygon","coordinates":[[[-85.0951,32.2329],[-85.0951,32.2331],[-85.095,32.2332],[-85.0951,32.2329]]]},"properties":{"name":"Unnamed Lake (14692000)","layer":"nhd_lakes","waterbody_type":"Lake/Pond","area_acres":0.1,"elevation":null,"fcode":39004}},{"type":"Feature","geometry":{"type":"Polygon","coordinates":[[[-84.9748,32.2966],[-84.975,32.2968],[-84.9748,32.2973],[-84.9748,32.2966]]]},"properties":{"name":"Unnamed Lake (14691918)","layer":"nhd_lakes","waterbody_type":"Lake/Pond","area_acres":0.25,"elevation":null,"fcode":39004}},{"type":"Feature","geometry":{"type":"Polygon","coordinates":[[[-85.1413,32.3897],[-85.1411,32.3888],[-85.1415,32.3888],[-85.1413,32.3897]]]},"properties":{"name":"Unnamed Lake (14691886)","layer":"nhd_lakes","waterbody_type":"Lake/Pond","area_acres":0.74,"elevation":null,"fcode":39004}},{"type":"Feature","geometry":{"type":"Polygon","coordinates":[[[-85.1059,32.3905],[-85.106,32.3911],[-85.1056,32.3909],[-85.1059,32.3905]]]},"properties":{"name":"Unnamed Lake (14691880)","layer":"nhd_lakes","waterbody_type":"Lake/Pond","area_acres":0.74,"elevation":null,"fcode":39004}},{"type":"Feature","geometry":{"type":"Polygon","coordinates":[[[-84.9996,32.3891],[-84.9949,32.3868],[-85.0,32.3869],[-84.9996,32.3891]]]},"properties":{"name":"Unnamed Lake (14691870)","layer":"nhd_lakes","waterbody_type":"Lake/Pond","area_acres":33.5,"elevation":null,"fcode":39004}},{"type":"Feature","geometry":{"type":"Polygon","coordinates":[[[-85.0985,32.4432],[-85.0992,32.4436],[-85.0987,32.444],[-85.0985,32.4432]]]},"properties":{"name":"Unnamed Lake (14691802)","layer":"nhd_lakes","waterbody_type":"Lake/Pond","area_acres":0.99,"elevation":null,"fcode":39004}},{"type":"Feature","geometry":{"type":"MultiPolygon","coordinates":[[[[-84.9869,32.4408],[-84.9854,32.441],[-84.986,32.4399],[-84.9869,32.4408]]],[[[-84.986,32.4408],[-84.9858,32.4408],[-84.9859,32.4413],[-84.986,32.4408]]]]},"properties":{"name":"Unnamed Lake (14691797)","layer":"nhd_lakes","waterbody_type":"Lake/Pond","area_acres":3.46,"elevation":null,"fcode":39004}},{"type":"Feature","geometry":{"type":"Polygon","coordinates":[[[-85.047,32.4721],[-85.0465,32.4727],[-85.0463,32.4722],[-85.047,32.4721]]]},"properties":{"name":"Unnamed Lake (14691780)","layer":"nhd_lakes","waterbody_type":"Lake/Pond","area_acres":0.74,"elevation":null,"fcode":39004}},{"type":"Feature","geometry":{"type":"Polygon","coordinates":[[[-85.0581,32.4717],[-85.0586,32.4726],[-85.058,32.4725],[-85.0581,32.4717]]]},"properties":{"name":"Unnamed Lake (14691781)","layer":"nhd_lakes","waterbody_type":"Lake/Pond","area_acres":1.24,"elevation":null,"fcode":39004}},{"type":"Feature","geometry":{"type":"Polygon","coordinates":[[[-85.0488,32.4776],[-85.0493,32.4781],[-85.0477,32.4767],[-85.0488,32.4776]]]},"properties":{"name":"Unnamed Lake (14691776)","layer":"nhd_lakes","waterbody_type":"Lake/Pond","area_acres":2.72,"elevation":null,"fcode":39004}},{"type":"Feature","geometry":{"type":"Polygon","coordinates":[[[-84.9917,32.26],[-84.9918,32.2597],[-84.9919,32.2601],[-84.9917,32.26]]]},"properties":{"name":"Unnamed Lake (14691977)","layer":"nhd_lakes","waterbody_type":"Lake/Pond","area_acres":0.25,"elevation":null,"fcode":39004}},{"type":"Feature","geometry":{"type":"Polygon","coordinates":[[[-84.9868,32.2926],[-84.9872,32.2933],[-84.9866,32.2936],[-84.9868,32.2926]]]},"properties":{"name":"Unnamed Lake (14691923)","layer":"nhd_lakes","waterbody_type":"Lake/Pond","area_acres":1.24,"elevation":null,"fcode":39004}},{"type":"Feature","geometry":{"type":"Polygon","coordinates":[[[-85.1403,32.3846],[-85.1403,32.385],[-85.1401,32.385],[-85.1403,32.3846]]]},"properties":{"name":"Unnamed Lake (14691887)","layer":"nhd_lakes","waterbody_type":"Lake/Pond","area_acres":0.25,"elevation":null,"fcode":39004}},{"type":"Feature","geometry":{"type":"Polygon","coordinates":[[[-84.9599,32.3776],[-84.9596,32.3781],[-84.9591,32.378],[-84.9599,32.3776]]]},"properties":{"name":"Unnamed Lake (14691878)","layer":"nhd_lakes","waterbody_type":"Lake/Pond","area_acres":0.99,"elevation":null,"fcode":39004}},{"type":"Feature","geometry":{"type":"Polygon","coordinates":[[[-84.9651,32.3845],[-84.965,32.3849],[-84.9643,32.3854],[-84.9651,32.3845]]]},"properties":{"name":"Unnamed Lake (14691872)","layer":"nhd_lakes","waterbody_type":"Lake/Pond","area_acres":0.74,"elevation":null,"fcode":39004}},{"type":"Feature","geometry":{"type":"Polygon","coordinates":[[[-84.9888,32.3889],[-84.9911,32.3896],[-84.9892,32.3897],[-84.9888,32.3889]]]},"properties":{"name":"Unnamed Lake (14691869)","layer":"nhd_lakes","waterbody_type":"Lake/Pond","area_acres":3.95,"elevation":null,"fcode":39004}},{"type":"Feature","geometry":{"type":"Polygon","coordinates":[[[-85.0077,32.3939],[-85.0078,32.3946],[-85.0076,32.3944],[-85.0077,32.3939]]]},"properties":{"name":"Unnamed Lake (14691864)","layer":"nhd_lakes","waterbody_type":"Lake/Pond","area_acres":0.49,"elevation":null,"fcode":39004}},{"type":"Feature","geometry":{"type":"Polygon","coordinates":[[[-85.0625,32.4076],[-85.0627,32.4079],[-85.0625,32.4081],[-85.0625,32.4076]]]},"properties":{"name":"Unnamed Lake (14691850)","layer":"nhd_lakes","waterbody_type":"Lake/Pond","area_acres":0.49,"elevation":null,"fcode":39004}},{"type":"Feature","geometry":{"type":"Polygon","coordinates":[[[-84.9504,32.4311],[-84.9505,32.4312],[-84.9503,32.4312],[-84.9504,32.4311]]]},"properties":{"name":"Unnamed Lake (14691800)","layer":"nhd_lakes","waterbody_type":"Lake/Pond","area_acres":0.06,"elevation":null,"fcode":39004}},{"type":"Feature","geometry":{"type":"Polygon","coordinates":[[[-84.9115,32.4264],[-84.909,32.4233],[-84.911,32.4233],[-84.9115,32.4264]]]},"properties":{"name":"Opossum Lake","layer":"nhd_lakes","waterbody_type":"Lake/Pond","area_acres":18.78,"elevation":null,"fcode":39004}},{"type":"Feature","geometry":{"type":"Polygon","coordinates":[[[-84.9691,32.4512],[-84.9694,32.4515],[-84.9691,32.4518],[-84.9691,32.4512]]]},"properties":{"name":"Unnamed Lake (14691789)","layer":"nhd_lakes","waterbody_type":"Lake/Pond","area_acres":0.49,"elevation":null,"fcode":39004}},{"type":"Feature","geometry":{"type":"Polygon","coordinates":[[[-84.8708,32.4403],[-84.8701,32.4386],[-84.8707,32.4386],[-84.8708,32.4403]]]},"properties":{"name":"Unnamed Lake (14691790)","layer":"nhd_lakes","waterbody_type":"Lake/Pond","area_acres":2.97,"elevation":null,"fcode":39004}},{"type":"Feature","geometry":{"type":"Polygon","coordinates":[[[-85.0259,32.4515],[-85.0262,32.4523],[-85.0255,32.4517],[-85.0259,32.4515]]]},"properties":{"name":"Unnamed Lake (14691792)","layer":"nhd_lakes","waterbody_type":"Lake/Pond","area_acres":0.74,"elevation":null,"fcode":39004}},{"type":"Feature","geometry":{"type":"Polygon","coordinates":[[[-85.07,32.4704],[-85.0712,32.4707],[-85.0705,32.4711],[-85.07,32.4704]]]},"properties":{"name":"Unnamed Lake (14691785)","layer":"nhd_lakes","waterbody_type":"Lake/Pond","area_acres":1.98,"elevation":null,"fcode":39004}},{"type":"Feature","geometry":{"type":"Polygon","coordinates":[[[-85.1392,32.2769],[-85.1396,32.2758],[-85.1407,32.2765],[-85.1392,32.2769]]]},"properties":{"name":"Unnamed Lake (14691976)","layer":"nhd_lakes","waterbody_type":"Lake/Pond","area_acres":2.72,"elevation":null,"fcode":39004}},{"type":"Feature","geometry":{"type":"Polygon","coordinates":[[[-84.9906,32.2931],[-84.9912,32.2936],[-84.9903,32.2934],[-84.9906,32.2931]]]},"properties":{"name":"Unnamed Lake (14691924)","layer":"nhd_lakes","waterbody_type":"Lake/Pond","area_acres":0.99,"elevation":null,"fcode":39004}},{"type":"Feature","geometry":{"type":"Polygon","coordinates":[[[-85.1186,32.3834],[-85.1169,32.3821],[-85.1181,32.3815],[-85.1186,32.3834]]]},"properties":{"name":"Unnamed Lake (14691887)","layer":"nhd_lakes","waterbody_type":"Lake/Pond","area_acres":4.69,"elevation":null,"fcode":39004}},{"type":"Feature","geometry":{"type":"Polygon","coordinates":[[[-85.0427,32.3795],[-85.0439,32.3806],[-85.042,32.3825],[-85.0427,32.3795]]]},"properties":{"name":"Unnamed Lake (14691883)","layer":"nhd_lakes","waterbody_type":"Lake/Pond","area_acres":9.14,"elevation":null,"fcode":39004}},{"type":"Feature","geometry":{"type":"Polygon","coordinates":[[[-85.06,32.402],[-85.059,32.4006],[-85.0596,32.4005],[-85.06,32.402]]]},"properties":{"name":"Unnamed Lake (14691860)","layer":"nhd_lakes","waterbody_type":"Lake/Pond","area_acres":1.98,"elevation":null,"fcode":39004}},{"type":"Feature","geometry":{"type":"Polygon","coordinates":[[[-84.9888,32.3955],[-84.9892,32.3959],[-84.9886,32.3962],[-84.9888,32.3955]]]},"properties":{"name":"Unnamed Lake (14691859)","layer":"nhd_lakes","waterbody_type":"Lake/Pond","area_acres":1.24,"elevation":null,"fcode":39004}},{"type":"Feature","geometry":{"type":"Polygon","coordinates":[[[-84.9826,32.4023],[-84.9831,32.4025],[-84.9824,32.403],[-84.9826,32.4023]]]},"properties":{"name":"Unnamed Lake (14691847)","layer":"nhd_lakes","waterbody_type":"Lake/Pond","area_acres":1.24,"elevation":null,"fcode":39004}},{"type":"Feature","geometry":{"type":"Polygon","coordinates":[[[-85.0041,32.4104],[-85.0041,32.4107],[-85.0039,32.4106],[-85.0041,32.4104]]]},"properties":{"name":"Unnamed Lake (14691825)","layer":"nhd_lakes","waterbody_type":"Lake/Pond","area_acres":0.25,"elevation":null,"fcode":39004}},{"type":"Feature","geometry":{"type":"Polygon","coordinates":[[[-84.9825,32.4327],[-84.9832,32.4335],[-84.982,32.4334],[-84.9825,32.4327]]]},"properties":{"name":"Unnamed Lake (14691801)","layer":"nhd_lakes","waterbody_type":"Lake/Pond","area_acres":1.48,"elevation":null,"fcode":39004}},{"type":"Feature","geometry":{"type":"Polygon","coordinates":[[[-84.9722,32.2541],[-84.9711,32.2546],[-84.9727,32.2532],[-84.9722,32.2541]]]},"properties":{"name":"Unnamed Lake (14691980)","layer":"nhd_lakes","waterbody_type":"Lake/Pond","area_acres":3.71,"elevation":null,"fcode":39001}},{"type":"Feature","geometry":{"type":"Polygon","coordinates":[[[-85.1029,32.2757],[-85.1025,32.275],[-85.1033,32.2756],[-85.1029,32.2757]]]},"properties":{"name":"Unnamed Lake (14691974)","layer":"nhd_lakes","waterbody_type":"Lake/Pond","area_acres":0.74,"elevation":null,"fcode":39004}},{"type":"Feature","geometry":{"type":"Polygon","coordinates":[[[-85.0994,32.3196],[-85.0987,32.3213],[-85.0986,32.32],[-85.0994,32.3196]]]},"properties":{"name":"Unnamed Lake (14691912)","layer":"nhd_lakes","waterbody_type":"Lake/Pond","area_acres":1.98,"elevation":null,"fcode":39004}},{"type":"Feature","geometry":{"type":"Polygon","coordinates":[[[-85.0966,32.3619],[-85.0991,32.3625],[-85.097,32.3634],[-85.0966,32.3619]]]},"properties":{"name":"Unnamed Lake (14691893)","layer":"nhd_lakes","waterbody_type":"Lake/Pond","area_acres":4.45,"elevation":null,"fcode":39004}},{"type":"Feature","geometry":{"type":"Polygon","coordinates":[[[-85.1113,32.3778],[-85.1111,32.3755],[-85.1127,32.3757],[-85.1113,32.3778]]]},"properties":{"name":"Unnamed Lake (14691888)","layer":"nhd_lakes","waterbody_type":"Lake/Pond","area_acres":5.93,"elevation":null,"fcode":39004}},{"type":"Feature","geometry":{"type":"Polygon","coordinates":[[[-84.9409,32.4093],[-84.941,32.4094],[-84.9409,32.4095],[-84.9409,32.4093]]]},"properties":{"name":"Unnamed Lake (14691818)","layer":"nhd_lakes","waterbody_type":"Lake/Pond","area_acres":0.08,"elevation":null,"fcode":39004}},{"type":"Feature","geometry":{"type":"Polygon","coordinates":[[[-84.9987,32.4221],[-84.9976,32.4223],[-84.997,32.4213],[-84.9987,32.4221]]]},"properties":{"name":"Unnamed Lake (14691809)","layer":"nhd_lakes","waterbody_type":"Lake/Pond","area_acres":3.21,"elevation":null,"fcode":39004}},{"type":"Feature","geometry":{"type":"Polygon","coordinates":[[[-85.049,32.4753],[-85.0477,32.4763],[-85.0472,32.4754],[-85.049,32.4753]]]},"properties":{"name":"Unnamed Lake (14691777)","layer":"nhd_lakes","waterbody_type":"Lake/Pond","area_acres":3.21,"elevation":null,"fcode":39004}},{"type":"Feature","geometry":{"type":"Polygon","coordinates":[[[-85.1426,32.3243],[-85.1421,32.3246],[-85.142,32.3245],[-85.1426,32.3243]]]},"properties":{"name":"Unnamed Lake (14691912)","layer":"nhd_lakes","waterbody_type":"Lake/Pond","area_acres":0.25,"elevation":null,"fcode":39004}},{"type":"Feature","geometry":{"type":"Polygon","coordinates":[[[-84.9973,32.3195],[-84.9977,32.3197],[-84.9973,32.3198],[-84.9973,32.3195]]]},"properties":{"name":"Unnamed Lake (14691908)","layer":"nhd_lakes","waterbody_type":"Lake/Pond","area_acres":0.25,"elevation":null,"fcode":39004}},{"type":"Feature","geometry":{"type":"Polygon","coordinates":[[[-84.9926,32.3904],[-84.9914,32.3916],[-84.9903,32.3913],[-84.9926,32.3904]]]},"properties":{"name":"Unnamed Lake (14691867)","layer":"nhd_lakes","waterbody_type":"Lake/Pond","area_acres":3.46,"elevation":null,"fcode":39004}},{"type":"Feature","geometry":{"type":"Polygon","coordinates":[[[-84.9663,32.387],[-84.966,32.3877],[-84.9653,32.3872],[-84.9663,32.387]]]},"properties":{"name":"Unnamed Lake (14691869)","layer":"nhd_lakes","waterbody_type":"Lake/Pond","area_acres":1.24,"elevation":null,"fcode":39004}},{"type":"Feature","geometry":{"type":"Polygon","coordinates":[[[-85.1181,32.4156],[-85.1175,32.4166],[-85.1161,32.4154],[-85.1181,32.4156]]]},"properties":{"name":"Unnamed Lake (14691848)","layer":"nhd_lakes","waterbody_type":"Lake/Pond","area_acres":5.44,"elevation":null,"fcode":39004}},{"type":"Feature","geometry":{"type":"Polygon","coordinates":[[[-84.9847,32.4371],[-84.9832,32.4353],[-84.9842,32.4354],[-84.9847,32.4371]]]},"properties":{"name":"Unnamed Lake (14691799)","layer":"nhd_lakes","waterbody_type":"Lake/Pond","area_acres":4.2,"elevation":null,"fcode":39004}},{"type":"Feature","geometry":{"type":"Polygon","coordinates":[[[-85.0874,32.4571],[-85.087,32.4575],[-85.087,32.4571],[-85.0874,32.4571]]]},"properties":{"name":"Unnamed Lake (14691793)","layer":"nhd_lakes","waterbody_type":"Lake/Pond","area_acres":0.49,"elevation":null,"fcode":39004}},{"type":"Feature","geometry":{"type":"Polygon","coordinates":[[[-84.9721,32.2584],[-84.9737,32.2578],[-84.9719,32.2607],[-84.9721,32.2584]]]},"properties":{"name":"Unnamed Lake (14691977)","layer":"nhd_lakes","waterbody_type":"Lake/Pond","area_acres":10.38,"elevation":null,"fcode":39001}},{"type":"Feature","geometry":{"type":"Polygon","coordinates":[[[-85.1132,32.2849],[-85.1128,32.2845],[-85.1135,32.2842],[-85.1132,32.2849]]]},"properties":{"name":"Unnamed Lake (14691971)","layer":"nhd_lakes","waterbody_type":"Lake/Pond","area_acres":1.24,"elevation":null,"fcode":39004}},{"type":"Feature","geometry":{"type":"Polygon","coordinates":[[[-84.99,32.2916],[-84.9899,32.2925],[-84.9893,32.2919],[-84.99,32.2916]]]},"properties":{"name":"Unnamed Lake (14691925)","layer":"nhd_lakes","waterbody_type":"Lake/Pond","area_acres":1.48,"elevation":null,"fcode":39004}},{"type":"Feature","geometry":{"type":"Polygon","coordinates":[[[-84.9768,32.2967],[-84.9771,32.2982],[-84.9753,32.2978],[-84.9768,32.2967]]]},"properties":{"name":"Unnamed Lake (14691918)","layer":"nhd_lakes","waterbody_type":"Lake/Pond","area_acres":2.47,"elevation":null,"fcode":39004}},{"type":"Feature","geometry":{"type":"Polygon","coordinates":[[[-85.0588,32.3472],[-85.0574,32.3473],[-85.059,32.3461],[-85.0588,32.3472]]]},"properties":{"name":"Unnamed Lake (14691896)","layer":"nhd_lakes","waterbody_type":"Lake/Pond","area_acres":4.2,"elevation":null,"fcode":39004}},{"type":"Feature","geometry":{"type":"Polygon","coordinates":[[[-85.1473,32.3805],[-85.1472,32.3797],[-85.1477,32.3797],[-85.1473,32.3805]]]},"properties":{"name":"Unnamed Lake (14691889)","layer":"nhd_lakes","waterbody_type":"Lake/Pond","area_acres":0.99,"elevation":null,"fcode":39004}},{"type":"Feature","geometry":{"type":"Polygon","coordinates":[[[-85.0747,32.3954],[-85.075,32.396],[-85.0741,32.396],[-85.0747,32.3954]]]},"properties":{"name":"Unnamed Lake (14691872)","layer":"nhd_lakes","waterbody_type":"Lake/Pond","area_acres":1.48,"elevation":null,"fcode":39004}},{"type":"Feature","geometry":{"type":"Polygon","coordinates":[[[-85.0039,32.4101],[-85.0023,32.4111],[-85.0045,32.4092],[-85.0039,32.4101]]]},"properties":{"name":"Unnamed Lake (14691838)","layer":"nhd_lakes","waterbody_type":"Lake/Pond","area_acres":5.68,"elevation":null,"fcode":39004}},{"type":"Feature","geometry":{"type":"Polygon","coordinates":[[[-85.0474,32.426],[-85.0417,32.4247],[-85.0427,32.4215],[-85.0474,32.426]]]},"properties":{"name":"Unnamed Lake (14691811)","layer":"nhd_lakes","waterbody_type":"Lake/Pond","area_acres":22.73,"elevation":null,"fcode":39004}},{"type":"Feature","geometry":{"type":"Polygon","coordinates":[[[-85.0011,32.3885],[-85.0012,32.3892],[-85.0006,32.3896],[-85.0011,32.3885]]]},"properties":{"name":"Unnamed Lake (14691871)","layer":"nhd_lakes","waterbody_type":"Lake/Pond","area_acres":0.74,"elevation":null,"fcode":39004}},{"type":"Feature","geometry":{"type":"Polygon","coordinates":[[[-84.9775,32.4231],[-84.9771,32.4237],[-84.9769,32.4233],[-84.9775,32.4231]]]},"properties":{"name":"Unnamed Lake (14691807)","layer":"nhd_lakes","waterbody_type":"Lake/Pond","area_acres":0.49,"elevation":null,"fcode":39004}},{"type":"Feature","geometry":{"type":"Polygon","coordinates":[[[-84.9472,32.4463],[-84.9474,32.4467],[-84.9471,32.4465],[-84.9472,32.4463]]]},"properties":{"name":"Unnamed Lake (14691791)","layer":"nhd_lakes","waterbody_type":"Lake/Pond","area_acres":0.25,"elevation":null,"fcode":39004}},{"type":"Feature","geometry":{"type":"Polygon","coordinates":[[[-84.9632,32.2348],[-84.9631,32.2354],[-84.9629,32.235],[-84.9632,32.2348]]]},"properties":{"name":"Unnamed Lake (14691996)","layer":"nhd_lakes","waterbody_type":"Lake/Pond","area_acres":0.49,"elevation":null,"fcode":39004}},{"type":"Feature","geometry":{"type":"Polygon","coordinates":[[[-84.9667,32.2951],[-84.967,32.2953],[-84.9657,32.2959],[-84.9667,32.2951]]]},"properties":{"name":"Unnamed Lake (14691919)","layer":"nhd_lakes","waterbody_type":"Lake/Pond","area_acres":0.99,"elevation":null,"fcode":39004}},{"type":"Feature","geometry":{"type":"Polygon","coordinates":[[[-85.1026,32.36],[-85.1007,32.3597],[-85.1024,32.3597],[-85.1026,32.36]]]},"properties":{"name":"Unnamed Lake (14691894)","layer":"nhd_lakes","waterbody_type":"Lake/Pond","area_acres":1.24,"elevation":null,"fcode":39004}},{"type":"Feature","geometry":{"type":"Polygon","coordinates":[[[-85.0402,32.4085],[-85.0389,32.4088],[-85.0412,32.4077],[-85.0402,32.4085]]]},"properties":{"name":"Unnamed Lake (14691847)","layer":"nhd_lakes","waterbody_type":"Lake/Pond","area_acres":3.71,"elevation":null,"fcode":39004}},{"type":"Feature","geometry":{"type":"Polygon","coordinates":[[[-84.976,32.4153],[-84.9768,32.416],[-84.9762,32.4168],[-84.976,32.4153]]]},"properties":{"name":"Unnamed Lake (14691814)","layer":"nhd_lakes","waterbody_type":"Lake/Pond","area_acres":1.24,"elevation":null,"fcode":39004}},{"type":"Feature","geometry":{"type":"Polygon","coordinates":[[[-84.9987,32.2455],[-84.9987,32.2468],[-84.9978,32.246],[-84.9987,32.2455]]]},"properties":{"name":"Unnamed Lake (14691987)","layer":"nhd_lakes","waterbody_type":"Lake/Pond","area_acres":1.98,"elevation":null,"fcode":39004}},{"type":"Feature","geometry":{"type":"Polygon","coordinates":[[[-84.9885,32.2931],[-84.9893,32.2936],[-84.9874,32.2926],[-84.9885,32.2931]]]},"properties":{"name":"Unnamed Lake (14691924)","layer":"nhd_lakes","waterbody_type":"Lake/Pond","area_acres":1.98,"elevation":null,"fcode":39004}},{"type":"Feature","geometry":{"type":"Polygon","coordinates":[[[-84.9999,32.2994],[-84.9997,32.3001],[-84.9971,32.2996],[-84.9999,32.2994]]]},"properties":{"name":"Unnamed Lake (14691918)","layer":"nhd_lakes","waterbody_type":"Lake/Pond","area_acres":2.97,"elevation":null,"fcode":39004}},{"type":"Feature","geometry":{"type":"Polygon","coordinates":[[[-85.1549,32.3828],[-85.1544,32.3835],[-85.1542,32.3832],[-85.1549,32.3828]]]},"properties":{"name":"Unnamed Lake (14691888)","layer":"nhd_lakes","waterbody_type":"Lake/Pond","area_acres":0.74,"elevation":null,"fcode":39004}},{"type":"Feature","geometry":{"type":"Polygon","coordinates":[[[-84.9564,32.393],[-84.9565,32.3936],[-84.9563,32.3935],[-84.9564,32.393]]]},"properties":{"name":"Unnamed Lake (14691858)","layer":"nhd_lakes","waterbody_type":"Lake/Pond","area_acres":0.49,"elevation":null,"fcode":39004}},{"type":"Feature","geometry":{"type":"Polygon","coordinates":[[[-84.998,32.4056],[-84.9982,32.4058],[-84.9981,32.4059],[-84.998,32.4056]]]},"properties":{"name":"Unnamed Lake (14691845)","layer":"nhd_lakes","waterbody_type":"Lake/Pond","area_acres":0.25,"elevation":null,"fcode":39004}},{"type":"Feature","geometry":{"type":"Polygon","coordinates":[[[-84.9901,32.4087],[-84.9896,32.4087],[-84.99,32.4085],[-84.9901,32.4087]]]},"properties":{"name":"Unnamed Lake (14691837)","layer":"nhd_lakes","waterbody_type":"Lake/Pond","area_acres":0.25,"elevation":null,"fcode":39004}},{"type":"Feature","geometry":{"type":"Polygon","coordinates":[[[-85.0606,32.4712],[-85.0614,32.472],[-85.0607,32.4723],[-85.0606,32.4712]]]},"properties":{"name":"Unnamed Lake (14691782)","layer":"nhd_lakes","waterbody_type":"Lake/Pond","area_acres":1.24,"elevation":null,"fcode":39004}},{"type":"Feature","geometry":{"type":"Polygon","coordinates":[[[-85.105,32.3521],[-85.1052,32.3522],[-85.105,32.3531],[-85.105,32.3521]]]},"properties":{"name":"Unnamed Lake (14691896)","layer":"nhd_lakes","waterbody_type":"Lake/Pond","area_acres":0.49,"elevation":null,"fcode":39004}},{"type":"Feature","geometry":{"type":"Polygon","coordinates":[[[-84.9648,32.3837],[-84.9645,32.3846],[-84.9644,32.3839],[-84.9648,32.3837]]]},"properties":{"name":"Unnamed Lake (14691873)","layer":"nhd_lakes","waterbody_type":"Lake/Pond","area_acres":0.74,"elevation":null,"fcode":39004}},{"type":"Feature","geometry":{"type":"Polygon","coordinates":[[[-85.1331,32.4063],[-85.134,32.4064],[-85.1329,32.408],[-85.1331,32.4063]]]},"properties":{"name":"Gullatts Lake","layer":"nhd_lakes","waterbody_type":"Lake/Pond","area_acres":3.71,"elevation":null,"fcode":39004}},{"type":"Feature","geometry":{"type":"Polygon","coordinates":[[[-84.9913,32.3922],[-84.992,32.3928],[-84.9912,32.3932],[-84.9913,32.3922]]]},"properties":{"name":"Unnamed Lake (14691863)","layer":"nhd_lakes","waterbody_type":"Lake/Pond","area_acres":2.22,"elevation":null,"fcode":39004}},{"type":"Feature","geometry":{"type":"Polygon","coordinates":[[[-84.9979,32.3992],[-84.9966,32.3964],[-84.9986,32.3965],[-84.9979,32.3992]]]},"properties":{"name":"Unnamed Lake (14691855)","layer":"nhd_lakes","waterbody_type":"Lake/Pond","area_acres":11.59,"elevation":null,"fcode":39004}},{"type":"Feature","geometry":{"type":"Polygon","coordinates":[[[-85.0742,32.4493],[-85.0736,32.4504],[-85.0738,32.4493],[-85.0742,32.4493]]]},"properties":{"name":"Unnamed Lake (14691796)","layer":"nhd_lakes","waterbody_type":"Lake/Pond","area_acres":1.48,"elevation":null,"fcode":39004}},{"type":"Feature","geometry":{"type":"Polygon","coordinates":[[[-84.9457,32.4451],[-84.9458,32.4453],[-84.9457,32.4452],[-84.9457,32.4451]]]},"properties":{"name":"Unnamed Lake (14691792)","layer":"nhd_lakes","waterbody_type":"Lake/Pond","area_acres":0.07,"elevation":null,"fcode":39004}},{"type":"Feature","geometry":{"type":"Polygon","coordinates":[[[-85.1355,32.2838],[-85.1356,32.284],[-85.1352,32.2841],[-85.1355,32.2838]]]},"properties":{"name":"Unnamed Lake (14691972)","layer":"nhd_lakes","waterbody_type":"Lake/Pond","area_acres":0.25,"elevation":null,"fcode":39004}},{"type":"Feature","geometry":{"type":"Polygon","coordinates":[[[-85.1446,32.4019],[-85.1458,32.4002],[-85.1466,32.4006],[-85.1446,32.4019]]]},"properties":{"name":"Unnamed Lake (14691873)","layer":"nhd_lakes","waterbody_type":"Lake/Pond","area_acres":3.21,"elevation":null,"fcode":39004}},{"type":"Feature","geometry":{"type":"Polygon","coordinates":[[[-84.9942,32.3994],[-84.9906,32.3992],[-84.9956,32.3944],[-84.9973,32.3958],[-84.9942,32.3994]],[[-84.9946,32.3952],[-84.9945,32.3958],[-84.9948,32.3955],[-84.9946,32.3952]],[[-84.9956,32.3955],[-84.9955,32.3956],[-84.9956,32.3959],[-84.9956,32.3955]],[[-84.9947,32.3969],[-84.9946,32.3971],[-84.9948,32.3972],[-84.9947,32.3969]],[[-84.9927,32.3975],[-84.9925,32.3977],[-84.9929,32.3978],[-84.9927,32.3975]]]},"properties":{"name":"Unnamed Lake (14691861)","layer":"nhd_lakes","waterbody_type":"Lake/Pond","area_acres":38.55,"elevation":null,"fcode":39004}},{"type":"Feature","geometry":{"type":"MultiPolygon","coordinates":[[[[-84.9879,32.3981],[-84.9889,32.4002],[-84.988,32.4002],[-84.9879,32.3981]]],[[[-84.9883,32.399],[-84.9887,32.3999],[-84.9888,32.3995],[-84.9883,32.399]]]]},"properties":{"name":"Unnamed Lake (14691851)","layer":"nhd_lakes","waterbody_type":"Lake/Pond","area_acres":3.71,"elevation":null,"fcode":39004}},{"type":"Feature","geometry":{"type":"Polygon","coordinates":[[[-84.8911,32.4166],[-84.8908,32.4176],[-84.8897,32.4158],[-84.8911,32.4166]]]},"properties":{"name":"Unnamed Lake (14691805)","layer":"nhd_lakes","waterbody_type":"Lake/Pond","area_acres":2.47,"elevation":null,"fcode":39004}},{"type":"Feature","geometry":{"type":"Polygon","coordinates":[[[-84.9839,32.4339],[-84.9838,32.4344],[-84.9834,32.4339],[-84.9839,32.4339]]]},"properties":{"name":"Unnamed Lake (14691801)","layer":"nhd_lakes","waterbody_type":"Lake/Pond","area_acres":0.49,"elevation":null,"fcode":39004}},{"type":"Feature","geometry":{"type":"Polygon","coordinates":[[[-84.9907,32.4057],[-84.9908,32.4064],[-84.9901,32.4062],[-84.9907,32.4057]]]},"properties":{"name":"Unnamed Lake (14691843)","layer":"nhd_lakes","waterbody_type":"Lake/Pond","area_acres":0.74,"elevation":null,"fcode":39004}},{"type":"Feature","geometry":{"type":"Polygon","coordinates":[[[-85.0731,32.4464],[-85.074,32.4452],[-85.0742,32.4459],[-85.0731,32.4464]]]},"properties":{"name":"Unnamed Lake (14691799)","layer":"nhd_lakes","waterbody_type":"Lake/Pond","area_acres":2.22,"elevation":null,"fcode":39004}},{"type":"Feature","geometry":{"type":"Polygon","coordinates":[[[-84.8365,32.3643],[-84.8301,32.3665],[-84.8313,32.3628],[-84.8324,32.3656],[-84.8365,32.3643]]]},"properties":{"name":"Victoria Pond","layer":"nhd_lakes","waterbody_type":"Lake/Pond","area_acres":33.85,"elevation":null,"fcode":39004}},{"type":"Feature","geometry":{"type":"Polygon","coordinates":[[[-84.9596,32.3764],[-84.9602,32.3771],[-84.9587,32.3774],[-84.9596,32.3764]]]},"properties":{"name":"Unnamed Lake (14691879)","layer":"nhd_lakes","waterbody_type":"Lake/Pond","area_acres":2.72,"elevation":null,"fcode":39004}},{"type":"Feature","geometry":{"type":"Polygon","coordinates":[[[-84.9925,32.3947],[-84.9935,32.3956],[-84.9907,32.3982],[-84.9925,32.3947]]]},"properties":{"name":"Unnamed Lake (14691856)","layer":"nhd_lakes","waterbody_type":"Lake/Pond","area_acres":10.87,"elevation":null,"fcode":39004}},{"type":"Feature","geometry":{"type":"Polygon","coordinates":[[[-85.1204,32.4069],[-85.1182,32.4083],[-85.1182,32.4072],[-85.1204,32.4069]]]},"properties":{"name":"Bachlador Pond","layer":"nhd_lakes","waterbody_type":"Lake/Pond","area_acres":4.94,"elevation":null,"fcode":39004}},{"type":"Feature","geometry":{"type":"Polygon","coordinates":[[[-84.9819,32.4159],[-84.9824,32.4171],[-84.9815,32.4177],[-84.9819,32.4159]]]},"properties":{"name":"Unnamed Lake (14691813)","layer":"nhd_lakes","waterbody_type":"Lake/Pond","area_acres":2.47,"elevation":null,"fcode":39004}},{"type":"Feature","geometry":{"type":"Polygon","coordinates":[[[-84.9804,32.4195],[-84.9807,32.4202],[-84.9805,32.4205],[-84.9804,32.4195]]]},"properties":{"name":"Unnamed Lake (14691809)","layer":"nhd_lakes","waterbody_type":"Lake/Pond","area_acres":0.74,"elevation":null,"fcode":39004}},{"type":"Feature","geometry":{"type":"Polygon","coordinates":[[[-84.8975,32.4348],[-84.8954,32.4362],[-84.8951,32.433],[-84.8975,32.4348]]]},"properties":{"name":"Unnamed Lake (14691795)","layer":"nhd_lakes","waterbody_type":"Lake/Pond","area_acres":16.56,"elevation":null,"fcode":39004}},{"type":"Feature","geometry":{"type":"Polygon","coordinates":[[[-85.1018,32.4532],[-85.1022,32.4535],[-85.1016,32.4536],[-85.1018,32.4532]]]},"properties":{"name":"Unnamed Lake (14691796)","layer":"nhd_lakes","waterbody_type":"Lake/Pond","area_acres":0.49,"elevation":null,"fcode":39004}},{"type":"Feature","geometry":{"type":"Polygon","coordinates":[[[-84.9536,32.2338],[-84.9544,32.2333],[-84.9534,32.2345],[-84.9536,32.2338]]]},"properties":{"name":"Unnamed Lake (14691995)","layer":"nhd_lakes","waterbody_type":"Lake/Pond","area_acres":1.48,"elevation":null,"fcode":39004}},{"type":"Feature","geometry":{"type":"Polygon","coordinates":[[[-85.1299,32.271],[-85.1304,32.2711],[-85.13,32.2714],[-85.1299,32.271]]]},"properties":{"name":"Unnamed Lake (14691978)","layer":"nhd_lakes","waterbody_type":"Lake/Pond","area_acres":0.49,"elevation":null,"fcode":39004}},{"type":"Feature","geometry":{"type":"Polygon","coordinates":[[[-84.9757,32.2951],[-84.9749,32.2948],[-84.9752,32.2946],[-84.9757,32.2951]]]},"properties":{"name":"Unnamed Lake (14691920)","layer":"nhd_lakes","waterbody_type":"Lake/Pond","area_acres":0.74,"elevation":null,"fcode":39004}},{"type":"Feature","geometry":{"type":"Polygon","coordinates":[[[-85.12,32.318],[-85.1202,32.3186],[-85.1199,32.3187],[-85.12,32.318]]]},"properties":{"name":"Unnamed Lake (14691914)","layer":"nhd_lakes","waterbody_type":"Lake/Pond","area_acres":0.25,"elevation":null,"fcode":39004}},{"type":"Feature","geometry":{"type":"Polygon","coordinates":[[[-84.9678,32.2985],[-84.9676,32.2989],[-84.9672,32.299],[-84.9678,32.2985]]]},"properties":{"name":"Unnamed Lake (14691916)","layer":"nhd_lakes","waterbody_type":"Lake/Pond","area_acres":0.25,"elevation":null,"fcode":39004}},{"type":"Feature","geometry":{"type":"Polygon","coordinates":[[[-85.0391,32.3194],[-85.0389,32.3201],[-85.0383,32.3196],[-85.0391,32.3194]]]},"properties":{"name":"Unnamed Lake (14691910)","layer":"nhd_lakes","waterbody_type":"Lake/Pond","area_acres":0.99,"elevation":null,"fcode":39004}},{"type":"Feature","geometry":{"type":"Polygon","coordinates":[[[-85.0526,32.4032],[-85.0533,32.4046],[-85.0517,32.4039],[-85.0526,32.4032]]]},"properties":{"name":"Unnamed Lake (14691856)","layer":"nhd_lakes","waterbody_type":"Lake/Pond","area_acres":3.71,"elevation":null,"fcode":39004}},{"type":"Feature","geometry":{"type":"Polygon","coordinates":[[[-85.0561,32.4415],[-85.0552,32.4424],[-85.0554,32.4414],[-85.0561,32.4415]]]},"properties":{"name":"Unnamed Lake (14691800)","layer":"nhd_lakes","waterbody_type":"Lake/Pond","area_acres":1.48,"elevation":null,"fcode":39004}},{"type":"Feature","geometry":{"type":"Polygon","coordinates":[[[-85.0987,32.3136],[-85.0995,32.3141],[-85.098,32.315],[-85.0987,32.3136]]]},"properties":{"name":"Unnamed Lake (14691915)","layer":"nhd_lakes","waterbody_type":"Lake/Pond","area_acres":2.47,"elevation":null,"fcode":39004}},{"type":"Feature","geometry":{"type":"Polygon","coordinates":[[[-85.0015,32.412],[-85.002,32.4124],[-85.0009,32.4118],[-85.0015,32.412]]]},"properties":{"name":"Unnamed Lake (14691822)","layer":"nhd_lakes","waterbody_type":"Lake/Pond","area_acres":1.24,"elevation":null,"fcode":39004}},{"type":"Feature","geometry":{"type":"Polygon","coordinates":[[[-85.101,32.2655],[-85.102,32.2671],[-85.1004,32.2661],[-85.101,32.2655]]]},"properties":{"name":"Unnamed Lake (14691980)","layer":"nhd_lakes","waterbody_type":"Lake/Pond","area_acres":3.71,"elevation":null,"fcode":39004}},{"type":"Feature","geometry":{"type":"Polygon","coordinates":[[[-85.0914,32.3275],[-85.0929,32.3319],[-85.0908,32.3281],[-85.0914,32.3275]]]},"properties":{"name":"Sniders Lake","layer":"nhd_lakes","waterbody_type":"Lake/Pond","area_acres":7.66,"elevation":null,"fcode":39004}},{"type":"Feature","geometry":{"type":"Polygon","coordinates":[[[-84.9621,32.3963],[-84.9608,32.3917],[-84.9629,32.3936],[-84.9621,32.3963]]]},"properties":{"name":"Unnamed Lake (14691854)","layer":"nhd_lakes","waterbody_type":"Lake/Pond","area_acres":19.77,"elevation":null,"fcode":39004}},{"type":"Feature","geometry":{"type":"Polygon","coordinates":[[[-85.0135,32.4048],[-85.0096,32.4045],[-85.0112,32.4034],[-85.0135,32.4048]]]},"properties":{"name":"Bickerstaffs Pond","layer":"nhd_lakes","waterbody_type":"Lake/Pond","area_acres":8.4,"elevation":null,"fcode":39004}},{"type":"Feature","geometry":{"type":"Polygon","coordinates":[[[-84.9773,32.4163],[-84.9782,32.4171],[-84.977,32.4167],[-84.9773,32.4163]]]},"properties":{"name":"Unnamed Lake (14691814)","layer":"nhd_lakes","waterbody_type":"Lake/Pond","area_acres":2.22,"elevation":null,"fcode":39004}},{"type":"Feature","geometry":{"type":"Polygon","coordinates":[[[-84.9826,32.4161],[-84.983,32.4165],[-84.9826,32.4168],[-84.9826,32.4161]]]},"properties":{"name":"Unnamed Lake (14691815)","layer":"nhd_lakes","waterbody_type":"Lake/Pond","area_acres":0.99,"elevation":null,"fcode":39004}},{"type":"Feature","geometry":{"type":"Polygon","coordinates":[[[-85.0797,32.4461],[-85.08,32.4453],[-85.0805,32.4456],[-85.0797,32.4461]]]},"properties":{"name":"Unnamed Lake (14691799)","layer":"nhd_lakes","waterbody_type":"Lake/Pond","area_acres":1.24,"elevation":null,"fcode":39004}},{"type":"Feature","geometry":{"type":"Polygon","coordinates":[[[-84.9445,32.4517],[-84.9446,32.4518],[-84.9446,32.4519],[-84.9445,32.4517]]]},"properties":{"name":"Unnamed Lake (14691789)","layer":"nhd_lakes","waterbody_type":"Lake/Pond","area_acres":0.04,"elevation":null,"fcode":39004}},{"type":"Feature","geometry":{"type":"Polygon","coordinates":[[[-85.149,32.2875],[-85.1492,32.2881],[-85.1485,32.2877],[-85.149,32.2875]]]},"properties":{"name":"Unnamed Lake (14691971)","layer":"nhd_lakes","waterbody_type":"Lake/Pond","area_acres":0.74,"elevation":null,"fcode":39004}},{"type":"Feature","geometry":{"type":"Polygon","coordinates":[[[-84.9884,32.4007],[-84.9889,32.4007],[-84.9889,32.4013],[-84.9884,32.4007]]]},"properties":{"name":"Unnamed Lake (14691850)","layer":"nhd_lakes","waterbody_type":"Lake/Pond","area_acres":0.49,"elevation":null,"fcode":39004}},{"type":"Feature","geometry":{"type":"Polygon","coordinates":[[[-84.9889,32.4147],[-84.9899,32.4146],[-84.99,32.415],[-84.9889,32.4147]]]},"properties":{"name":"Unnamed Lake (14691817)","layer":"nhd_lakes","waterbody_type":"Lake/Pond","area_acres":1.24,"elevation":null,"fcode":39004}},{"type":"Feature","geometry":{"type":"Polygon","coordinates":[[[-85.0011,32.4127],[-85.0014,32.4127],[-85.0012,32.4131],[-85.0011,32.4127]]]},"properties":{"name":"Unnamed Lake (14691821)","layer":"nhd_lakes","waterbody_type":"Lake/Pond","area_acres":0.25,"elevation":null,"fcode":39004}},{"type":"Feature","geometry":{"type":"Polygon","coordinates":[[[-85.0264,32.4177],[-85.0254,32.4201],[-85.0288,32.419],[-85.0256,32.4211],[-85.0264,32.4177]]]},"properties":{"name":"Wilsons Pond","layer":"nhd_lakes","waterbody_type":"Lake/Pond","area_acres":14.33,"elevation":null,"fcode":39004}},{"type":"Feature","geometry":{"type":"Polygon","coordinates":[[[-84.9919,32.4281],[-84.9907,32.4273],[-84.9915,32.4272],[-84.9919,32.4281]]]},"properties":{"name":"Unnamed Lake (14691804)","layer":"nhd_lakes","waterbody_type":"Lake/Pond","area_acres":1.73,"elevation":null,"fcode":39004}},{"type":"Feature","geometry":{"type":"Polygon","coordinates":[[[-85.026,32.456],[-85.0264,32.4564],[-85.0259,32.4569],[-85.026,32.456]]]},"properties":{"name":"Unnamed Lake (14691789)","layer":"nhd_lakes","waterbody_type":"Lake/Pond","area_acres":0.74,"elevation":null,"fcode":39004}},{"type":"Feature","geometry":{"type":"Polygon","coordinates":[[[-85.0982,32.2694],[-85.0984,32.2716],[-85.0974,32.2692],[-85.0982,32.2694]]]},"properties":{"name":"Unnamed Lake (14691977)","layer":"nhd_lakes","waterbody_type":"Lake/Pond","area_acres":4.94,"elevation":null,"fcode":39004}},{"type":"Feature","geometry":{"type":"Polygon","coordinates":[[[-85.1249,32.3883],[-85.126,32.3895],[-85.1217,32.3888],[-85.1249,32.3883]]]},"properties":{"name":"Unnamed Lake (14691885)","layer":"nhd_lakes","waterbody_type":"Lake/Pond","area_acres":15.32,"elevation":null,"fcode":39004}},{"type":"Feature","geometry":{"type":"Polygon","coordinates":[[[-84.9914,32.3938],[-84.9925,32.3943],[-84.9914,32.3945],[-84.9914,32.3938]]]},"properties":{"name":"Unnamed Lake (14691861)","layer":"nhd_lakes","waterbody_type":"Lake/Pond","area_acres":1.73,"elevation":null,"fcode":39004}},{"type":"Feature","geometry":{"type":"Polygon","coordinates":[[[-85.0268,32.3967],[-85.0267,32.3977],[-85.0263,32.3971],[-85.0268,32.3967]]]},"properties":{"name":"Unnamed Lake (14691862)","layer":"nhd_lakes","waterbody_type":"Lake/Pond","area_acres":1.24,"elevation":null,"fcode":39004}},{"type":"Feature","geometry":{"type":"Polygon","coordinates":[[[-84.979,32.434],[-84.9768,32.437],[-84.978,32.4346],[-84.979,32.434]]]},"properties":{"name":"Unnamed Lake (14691799)","layer":"nhd_lakes","waterbody_type":"Lake/Pond","area_acres":4.45,"elevation":null,"fcode":39004}},{"type":"Feature","geometry":{"type":"Polygon","coordinates":[[[-85.0743,32.2898],[-85.0734,32.2894],[-85.0756,32.2892],[-85.0743,32.2898]]]},"properties":{"name":"Unnamed Lake (14691928)","layer":"nhd_lakes","waterbody_type":"Lake/Pond","area_acres":4.2,"elevation":null,"fcode":39004}},{"type":"Feature","geometry":{"type":"Polygon","coordinates":[[[-85.1026,32.3481],[-85.102,32.3466],[-85.1033,32.3472],[-85.1026,32.3481]]]},"properties":{"name":"Unnamed Lake (14691897)","layer":"nhd_lakes","waterbody_type":"Lake/Pond","area_acres":2.97,"elevation":null,"fcode":39004}},{"type":"Feature","geometry":{"type":"Polygon","coordinates":[[[-85.0431,32.4022],[-85.0447,32.4006],[-85.0455,32.4009],[-85.0431,32.4022]]]},"properties":{"name":"Unnamed Lake (14691858)","layer":"nhd_lakes","waterbody_type":"Lake/Pond","area_acres":4.2,"elevation":null,"fcode":39004}},{"type":"Feature","geometry":{"type":"Polygon","coordinates":[[[-84.9955,32.4083],[-84.9952,32.4093],[-84.9943,32.41],[-84.9955,32.4083]]]},"properties":{"name":"Unnamed Lake (14691825)","layer":"nhd_lakes","waterbody_type":"Lake/Pond","area_acres":1.24,"elevation":null,"fcode":39004}},{"type":"Feature","geometry":{"type":"Polygon","coordinates":[[[-85.107,32.2576],[-85.107,32.257],[-85.1072,32.2571],[-85.107,32.2576]]]},"properties":{"name":"Unnamed Lake (14691986)","layer":"nhd_lakes","waterbody_type":"Lake/Pond","area_acres":0.25,"elevation":null,"fcode":39004}},{"type":"Feature","geometry":{"type":"Polygon","coordinates":[[[-85.0741,32.3352],[-85.0744,32.3356],[-85.0739,32.3356],[-85.0741,32.3352]]]},"properties":{"name":"Unnamed Lake (14691898)","layer":"nhd_lakes","waterbody_type":"Lake/Pond","area_acres":0.49,"elevation":null,"fcode":39004}},{"type":"Feature","geometry":{"type":"Polygon","coordinates":[[[-84.9629,32.3821],[-84.9647,32.3832],[-84.9608,32.3864],[-84.9629,32.3821]]]},"properties":{"name":"Unnamed Lake (14691870)","layer":"nhd_lakes","waterbody_type":"Lake/Pond","area_acres":17.79,"elevation":null,"fcode":39004}},{"type":"Feature","geometry":{"type":"Polygon","coordinates":[[[-84.9901,32.4009],[-84.9907,32.402],[-84.9896,32.4012],[-84.9901,32.4009]]]},"properties":{"name":"Unnamed Lake (14691849)","layer":"nhd_lakes","waterbody_type":"Lake/Pond","area_acres":1.48,"elevation":null,"fcode":39004}},{"type":"Feature","geometry":{"type":"Polygon","coordinates":[[[-84.9713,32.4036],[-84.9711,32.4051],[-84.9706,32.4042],[-84.9713,32.4036]]]},"properties":{"name":"Unnamed Lake (14691841)","layer":"nhd_lakes","waterbody_type":"Lake/Pond","area_acres":2.72,"elevation":null,"fcode":39004}},{"type":"Feature","geometry":{"type":"Polygon","coordinates":[[[-84.9561,32.4018],[-84.9562,32.4019],[-84.9559,32.4019],[-84.9561,32.4018]]]},"properties":{"name":"Unnamed Lake (14691845)","layer":"nhd_lakes","waterbody_type":"Lake/Pond","area_acres":0.05,"elevation":null,"fcode":39004}},{"type":"Feature","geometry":{"type":"Polygon","coordinates":[[[-84.9827,32.2911],[-84.9827,32.2919],[-84.9816,32.2918],[-84.9827,32.2911]]]},"properties":{"name":"Unnamed Lake (14691925)","layer":"nhd_lakes","waterbody_type":"Lake/Pond","area_acres":1.98,"elevation":null,"fcode":39004}},{"type":"Feature","geometry":{"type":"Polygon","coordinates":[[[-85.0604,32.3475],[-85.06,32.3487],[-85.0601,32.348],[-85.0604,32.3475]]]},"properties":{"name":"Unnamed Lake (14691896)","layer":"nhd_lakes","waterbody_type":"Lake/Pond","area_acres":0.74,"elevation":null,"fcode":39004}},{"type":"Feature","geometry":{"type":"Polygon","coordinates":[[[-85.093,32.3661],[-85.0934,32.367],[-85.0917,32.3671],[-85.093,32.3661]]]},"properties":{"name":"Unnamed Lake (14691891)","layer":"nhd_lakes","waterbody_type":"Lake/Pond","area_acres":3.95,"elevation":null,"fcode":39004}},{"type":"Feature","geometry":{"type":"Polygon","coordinates":[[[-84.9621,32.3872],[-84.9623,32.3876],[-84.961,32.3874],[-84.9621,32.3872]]]},"properties":{"name":"Unnamed Lake (14691868)","layer":"nhd_lakes","waterbody_type":"Lake/Pond","area_acres":0.99,"elevation":null,"fcode":39004}},{"type":"Feature","geometry":{"type":"Polygon","coordinates":[[[-84.9857,32.398],[-84.986,32.3986],[-84.9854,32.3982],[-84.9857,32.398]]]},"properties":{"name":"Unnamed Lake (14691854)","layer":"nhd_lakes","waterbody_type":"Lake/Pond","area_acres":0.49,"elevation":null,"fcode":39004}},{"type":"Feature","geometry":{"type":"Polygon","coordinates":[[[-84.9609,32.4032],[-84.9616,32.4039],[-84.9604,32.4035],[-84.9609,32.4032]]]},"properties":{"name":"Unnamed Lake (14691842)","layer":"nhd_lakes","waterbody_type":"Lake/Pond","area_acres":1.73,"elevation":null,"fcode":39004}},{"type":"Feature","geometry":{"type":"Polygon","coordinates":[[[-84.9621,32.4036],[-84.9668,32.4054],[-84.9627,32.4046],[-84.9621,32.4036]]]},"properties":{"name":"Unnamed Lake (14691839)","layer":"nhd_lakes","waterbody_type":"Lake/Pond","area_acres":6.67,"elevation":null,"fcode":39004}},{"type":"Feature","geometry":{"type":"Polygon","coordinates":[[[-85.001,32.4128],[-85.0007,32.413],[-85.0008,32.4129],[-85.001,32.4128]]]},"properties":{"name":"Unnamed Lake (14691821)","layer":"nhd_lakes","waterbody_type":"Lake/Pond","area_acres":0.25,"elevation":null,"fcode":39004}},{"type":"Feature","geometry":{"type":"Polygon","coordinates":[[[-84.9907,32.4268],[-84.9867,32.4267],[-84.9951,32.4244],[-84.9907,32.4268]]]},"properties":{"name":"Busseys Lake","layer":"nhd_lakes","waterbody_type":"Lake/Pond","area_acres":32.62,"elevation":null,"fcode":39004}},{"type":"Feature","geometry":{"type":"Polygon","coordinates":[[[-85.0888,32.4463],[-85.0873,32.4464],[-85.0877,32.4461],[-85.0888,32.4463]]]},"properties":{"name":"Unnamed Lake (14691800)","layer":"nhd_lakes","waterbody_type":"Lake/Pond","area_acres":1.24,"elevation":null,"fcode":39004}},{"type":"Feature","geometry":{"type":"Polygon","coordinates":[[[-85.0712,32.4473],[-85.0715,32.4477],[-85.0708,32.4475],[-85.0712,32.4473]]]},"properties":{"name":"Unnamed Lake (14691798)","layer":"nhd_lakes","waterbody_type":"Lake/Pond","area_acres":0.49,"elevation":null,"fcode":39004}},{"type":"Feature","geometry":{"type":"Polygon","coordinates":[[[-85.0465,32.4687],[-85.0466,32.4691],[-85.0463,32.4689],[-85.0465,32.4687]]]},"properties":{"name":"Unnamed Lake (14691784)","layer":"nhd_lakes","waterbody_type":"Lake/Pond","area_acres":0.25,"elevation":null,"fcode":39004}},{"type":"Feature","geometry":{"type":"Polygon","coordinates":[[[-85.0461,32.3186],[-85.0471,32.3218],[-85.0508,32.3193],[-85.0492,32.3226],[-85.0455,32.3232],[-85.0461,32.3186]]]},"properties":{"name":"Unnamed Lake (14691909)","layer":"nhd_lakes","waterbody_type":"Lake/Pond","area_acres":25.2,"elevation":null,"fcode":39004}},{"type":"Feature","geometry":{"type":"Polygon","coordinates":[[[-85.1394,32.3993],[-85.1391,32.3985],[-85.1396,32.3985],[-85.1394,32.3993]]]},"properties":{"name":"Unnamed Lake (14691875)","layer":"nhd_lakes","waterbody_type":"Lake/Pond","area_acres":1.24,"elevation":null,"fcode":39004}},{"type":"Feature","geometry":{"type":"Polygon","coordinates":[[[-84.9875,32.3917],[-84.989,32.393],[-84.9875,32.3923],[-84.9875,32.3917]]]},"properties":{"name":"Unnamed Lake (14691863)","layer":"nhd_lakes","waterbody_type":"Lake/Pond","area_acres":3.21,"elevation":null,"fcode":39004}},{"type":"Feature","geometry":{"type":"Polygon","coordinates":[[[-84.986,32.4028],[-84.9861,32.4032],[-84.9856,32.4034],[-84.986,32.4028]]]},"properties":{"name":"Unnamed Lake (14691847)","layer":"nhd_lakes","waterbody_type":"Lake/Pond","area_acres":0.74,"elevation":null,"fcode":39004}},{"type":"Feature","geometry":{"type":"Polygon","coordinates":[[[-85.0892,32.4523],[-85.0886,32.4517],[-85.0889,32.4513],[-85.0892,32.4523]]]},"properties":{"name":"Unnamed Lake (14691796)","layer":"nhd_lakes","waterbody_type":"Lake/Pond","area_acres":0.99,"elevation":null,"fcode":39004}},{"type":"Feature","geometry":{"type":"Polygon","coordinates":[[[-85.0623,32.471],[-85.0623,32.4714],[-85.062,32.4715],[-85.0623,32.471]]]},"properties":{"name":"Unnamed Lake (14691783)","layer":"nhd_lakes","waterbody_type":"Lake/Pond","area_acres":0.25,"elevation":null,"fcode":39004}},{"type":"Feature","geometry":{"type":"Polygon","coordinates":[[[-84.962,32.2364],[-84.9618,32.2368],[-84.9612,32.2367],[-84.962,32.2364]]]},"properties":{"name":"Unnamed Lake (14691993)","layer":"nhd_lakes","waterbody_type":"Lake/Pond","area_acres":0.74,"elevation":null,"fcode":39004}},{"type":"Feature","geometry":{"type":"Polygon","coordinates":[[[-84.9878,32.293],[-84.9877,32.2933],[-84.9875,32.2932],[-84.9878,32.293]]]},"properties":{"name":"Unnamed Lake (14691924)","layer":"nhd_lakes","waterbody_type":"Lake/Pond","area_acres":0.25,"elevation":null,"fcode":39004}},{"type":"Feature","geometry":{"type":"Polygon","coordinates":[[[-85.0943,32.325],[-85.0939,32.3238],[-85.0951,32.3238],[-85.0943,32.325]]]},"properties":{"name":"Unnamed Lake (14691910)","layer":"nhd_lakes","waterbody_type":"Lake/Pond","area_acres":2.22,"elevation":null,"fcode":39004}},{"type":"Feature","geometry":{"type":"Polygon","coordinates":[[[-85.1365,32.38],[-85.1347,32.3787],[-85.135,32.3773],[-85.1365,32.38]]]},"properties":{"name":"Wheeless Pond","layer":"nhd_lakes","waterbody_type":"Lake/Pond","area_acres":8.4,"elevation":null,"fcode":39004}},{"type":"Feature","geometry":{"type":"Polygon","coordinates":[[[-85.1258,32.3971],[-85.126,32.3972],[-85.1258,32.3975],[-85.1258,32.3971]]]},"properties":{"name":"Unnamed Lake (14691876)","layer":"nhd_lakes","waterbody_type":"Lake/Pond","area_acres":0.25,"elevation":null,"fcode":39004}},{"type":"Feature","geometry":{"type":"Polygon","coordinates":[[[-84.9631,32.3965],[-84.9646,32.399],[-84.9621,32.3986],[-84.9631,32.3965]]]},"properties":{"name":"Unnamed Lake (14691850)","layer":"nhd_lakes","waterbody_type":"Lake/Pond","area_acres":6.92,"elevation":null,"fcode":39004}},{"type":"Feature","geometry":{"type":"Polygon","coordinates":[[[-84.9368,32.4608],[-84.9372,32.4613],[-84.9364,32.4617],[-84.9368,32.4608]]]},"properties":{"name":"Unnamed Lake (14691780)","layer":"nhd_lakes","waterbody_type":"Lake/Pond","area_acres":1.48,"elevation":null,"fcode":39004}},{"type":"Feature","geometry":{"type":"Polygon","coordinates":[[[-85.0436,32.4752],[-85.0428,32.4751],[-85.0428,32.4748],[-85.0436,32.4752]]]},"properties":{"name":"Unnamed Lake (14691777)","layer":"nhd_lakes","waterbody_type":"Lake/Pond","area_acres":0.49,"elevation":null,"fcode":39004}},{"type":"Feature","geometry":{"type":"Polygon","coordinates":[[[-85.1485,32.3935],[-85.1488,32.3937],[-85.1485,32.3939],[-85.1485,32.3935]]]},"properties":{"name":"Unnamed Lake (14691883)","layer":"nhd_lakes","waterbody_type":"Lake/Pond","area_acres":0.49,"elevation":null,"fcode":39004}},{"type":"Feature","geometry":{"type":"Polygon","coordinates":[[[-85.1456,32.3916],[-85.1454,32.3898],[-85.1463,32.3894],[-85.1456,32.3916]]]},"properties":{"name":"Smiths Pond","layer":"nhd_lakes","waterbody_type":"Lake/Pond","area_acres":3.95,"elevation":null,"fcode":39004}},{"type":"Feature","geometry":{"type":"Polygon","coordinates":[[[-84.9672,32.3823],[-84.9681,32.388],[-84.9656,32.3843],[-84.9672,32.3823]]]},"properties":{"name":"Unnamed Lake (14691869)","layer":"nhd_lakes","waterbody_type":"Lake/Pond","area_acres":29.65,"elevation":null,"fcode":39004}},{"type":"Feature","geometry":{"type":"Polygon","coordinates":[[[-84.9869,32.3939],[-84.9876,32.3944],[-84.9864,32.3943],[-84.9869,32.3939]]]},"properties":{"name":"Unnamed Lake (14691861)","layer":"nhd_lakes","waterbody_type":"Lake/Pond","area_acres":0.99,"elevation":null,"fcode":39004}},{"type":"Feature","geometry":{"type":"Polygon","coordinates":[[[-85.0019,32.4118],[-85.0013,32.4117],[-85.002,32.411],[-85.0019,32.4118]]]},"properties":{"name":"Unnamed Lake (14691823)","layer":"nhd_lakes","waterbody_type":"Lake/Pond","area_acres":1.24,"elevation":null,"fcode":39004}},{"type":"Feature","geometry":{"type":"Polygon","coordinates":[[[-84.9996,32.3978],[-85.0034,32.3994],[-85.0003,32.4003],[-84.9996,32.3978]]]},"properties":{"name":"Unnamed Lake ({026B7F2)","layer":"nhd_lakes","waterbody_type":"Lake/Pond","area_acres":29.34,"elevation":null,"fcode":39011}},{"type":"Feature","geometry":{"type":"Polygon","coordinates":[[[-84.9436,32.3739],[-84.9432,32.3743],[-84.9431,32.3742],[-84.9436,32.3739]]]},"properties":{"name":"Unnamed Reservoir (14691883)","layer":"nhd_reservoirs","waterbody_type":"Reservoir","area_acres":0.25,"elevation":null,"fcode":43612}},{"type":"Feature","geometry":{"type":"Polygon","coordinates":[[[-84.9521,32.3725],[-84.9522,32.3722],[-84.9522,32.3725],[-84.9521,32.3725]]]},"properties":{"name":"Unnamed Reservoir (14691884)","layer":"nhd_reservoirs","waterbody_type":"Reservoir","area_acres":0.09,"elevation":null,"fcode":43612}},{"type":"Feature","geometry":{"type":"Polygon","coordinates":[[[-84.9724,32.4302],[-84.9723,32.43],[-84.9727,32.43],[-84.9724,32.4302]]]},"properties":{"name":"Unnamed Reservoir (14691803)","layer":"nhd_reservoirs","waterbody_type":"Reservoir","area_acres":0.25,"elevation":null,"fcode":43613}},{"type":"Feature","geometry":{"type":"Polygon","coordinates":[[[-84.9706,32.4317],[-84.9707,32.432],[-84.9704,32.432],[-84.9706,32.4317]]]},"properties":{"name":"Unnamed Reservoir (14691801)","layer":"nhd_reservoirs","waterbody_type":"Reservoir","area_acres":0.25,"elevation":null,"fcode":43613}},{"type":"Feature","geometry":{"type":"Polygon","coordinates":[[[-84.9803,32.334],[-84.9804,32.3342],[-84.9801,32.3341],[-84.9803,32.334]]]},"properties":{"name":"Unnamed Reservoir (14691897)","layer":"nhd_reservoirs","waterbody_type":"Reservoir","area_acres":0.11,"elevation":null,"fcode":43612}},{"type":"Feature","geometry":{"type":"Polygon","coordinates":[[[-84.9799,32.3344],[-84.9801,32.3346],[-84.9799,32.3347],[-84.9799,32.3344]]]},"properties":{"name":"Unnamed Reservoir (14691897)","layer":"nhd_reservoirs","waterbody_type":"Reservoir","area_acres":0.25,"elevation":null,"fcode":43612}},{"type":"Feature","geometry":{"type":"Polygon","coordinates":[[[-84.9432,32.3747],[-84.9428,32.3749],[-84.9431,32.3746],[-84.9432,32.3747]]]},"properties":{"name":"Unnamed Reservoir (14691881)","layer":"nhd_reservoirs","waterbody_type":"Reservoir","area_acres":0.1,"elevation":null,"fcode":43612}},{"type":"Feature","geometry":{"type":"Polygon","coordinates":[[[-84.9522,32.3725],[-84.9523,32.3722],[-84.9524,32.3725],[-84.9522,32.3725]]]},"properties":{"name":"Unnamed Reservoir (14691884)","layer":"nhd_reservoirs","waterbody_type":"Reservoir","area_acres":0.11,"elevation":null,"fcode":43612}},{"type":"Feature","geometry":{"type":"Polygon","coordinates":[[[-84.9428,32.3749],[-84.9424,32.375],[-84.9427,32.3747],[-84.9428,32.3749]]]},"properties":{"name":"Unnamed Reservoir (14691880)","layer":"nhd_reservoirs","waterbody_type":"Reservoir","area_acres":0.25,"elevation":null,"fcode":43612}},{"type":"Feature","geometry":{"type":"Polygon","coordinates":[[[-84.9795,32.3348],[-84.9795,32.335],[-84.9793,32.3349],[-84.9795,32.3348]]]},"properties":{"name":"Unnamed Reservoir (14691897)","layer":"nhd_reservoirs","waterbody_type":"Reservoir","area_acres":0.11,"elevation":null,"fcode":43612}},{"type":"Feature","geometry":{"type":"Polygon","coordinates":[[[-84.9842,32.3476],[-84.9855,32.3486],[-84.9841,32.3482],[-84.9842,32.3476]]]},"properties":{"name":"Unnamed Reservoir (14691894)","layer":"nhd_reservoirs","waterbody_type":"Reservoir","area_acres":2.22,"elevation":null,"fcode":43610}},{"type":"Feature","geometry":{"type":"Polygon","coordinates":[[[-84.9427,32.3747],[-84.9431,32.3746],[-84.9428,32.3749],[-84.9427,32.3747]]]},"properties":{"name":"Unnamed Reservoir (14691881)","layer":"nhd_reservoirs","waterbody_type":"Reservoir","area_acres":0.25,"elevation":null,"fcode":43612}},{"type":"Feature","geometry":{"type":"Polygon","coordinates":[[[-84.9777,32.4109],[-84.9768,32.4113],[-84.9772,32.4106],[-84.9777,32.4109]]]},"properties":{"name":"Unnamed Reservoir (14691820)","layer":"nhd_reservoirs","waterbody_type":"Reservoir","area_acres":0.99,"elevation":null,"fcode":43612}},{"type":"Feature","geometry":{"type":"Polygon","coordinates":[[[-84.9779,32.41],[-84.9781,32.4102],[-84.9779,32.4103],[-84.9779,32.41]]]},"properties":{"name":"Unnamed Reservoir (14691822)","layer":"nhd_reservoirs","waterbody_type":"Reservoir","area_acres":0.11,"elevation":null,"fcode":43612}},{"type":"Feature","geometry":{"type":"Polygon","coordinates":[[[-84.9432,32.3747],[-84.9431,32.3746],[-84.9432,32.3745],[-84.9432,32.3747]]]},"properties":{"name":"Unnamed Reservoir (14691882)","layer":"nhd_reservoirs","waterbody_type":"Reservoir","area_acres":0.09,"elevation":null,"fcode":43612}},{"type":"Feature","geometry":{"type":"Polygon","coordinates":[[[-84.943,32.3743],[-84.9431,32.3746],[-84.9429,32.3745],[-84.943,32.3743]]]},"properties":{"name":"Unnamed Reservoir (14691882)","layer":"nhd_reservoirs","waterbody_type":"Reservoir","area_acres":0.25,"elevation":null,"fcode":43612}},{"type":"Feature","geometry":{"type":"Polygon","coordinates":[[[-84.9514,32.3725],[-84.9516,32.3722],[-84.9516,32.3725],[-84.9514,32.3725]]]},"properties":{"name":"Unnamed Reservoir (14691884)","layer":"nhd_reservoirs","waterbody_type":"Reservoir","area_acres":0.25,"elevation":null,"fcode":43612}},{"type":"Feature","geometry":{"type":"Polygon","coordinates":[[[-84.9427,32.3747],[-84.9422,32.3749],[-84.9425,32.3746],[-84.9427,32.3747]]]},"properties":{"name":"Unnamed Reservoir (14691880)","layer":"nhd_reservoirs","waterbody_type":"Reservoir","area_acres":0.25,"elevation":null,"fcode":43612}},{"type":"Feature","geometry":{"type":"Polygon","coordinates":[[[-84.9782,32.4107],[-84.9782,32.4109],[-84.978,32.4108],[-84.9782,32.4107]]]},"properties":{"name":"Unnamed Reservoir (14691821)","layer":"nhd_reservoirs","waterbody_type":"Reservoir","area_acres":0.12,"elevation":null,"fcode":43612}},{"type":"Feature","geometry":{"type":"Polygon","coordinates":[[[-84.9785,32.4085],[-84.9786,32.4091],[-84.9772,32.4091],[-84.9785,32.4085]]]},"properties":{"name":"Unnamed Reservoir (14691824)","layer":"nhd_reservoirs","waterbody_type":"Reservoir","area_acres":1.98,"elevation":null,"fcode":43612}},{"type":"Feature","geometry":{"type":"Polygon","coordinates":[[[-84.9777,32.4109],[-84.9781,32.4111],[-84.9777,32.4117],[-84.9777,32.4109]]]},"properties":{"name":"Unnamed Reservoir (14691819)","layer":"nhd_reservoirs","waterbody_type":"Reservoir","area_acres":0.99,"elevation":null,"fcode":43612}},{"type":"Feature","geometry":{"type":"Polygon","coordinates":[[[-84.9836,32.3488],[-84.9839,32.3483],[-84.9852,32.3488],[-84.9836,32.3488]]]},"properties":{"name":"Unnamed Reservoir (14691894)","layer":"nhd_reservoirs","waterbody_type":"Reservoir","area_acres":2.47,"elevation":null,"fcode":43610}},{"type":"Feature","geometry":{"type":"Polygon","coordinates":[[[-84.9798,32.3344],[-84.9796,32.3342],[-84.9798,32.3342],[-84.9798,32.3344]]]},"properties":{"name":"Unnamed Reservoir (14691897)","layer":"nhd_reservoirs","waterbody_type":"Reservoir","area_acres":0.25,"elevation":null,"fcode":43612}},{"type":"Feature","geometry":{"type":"Polygon","coordinates":[[[-84.9518,32.3717],[-84.9517,32.3719],[-84.9516,32.3717],[-84.9518,32.3717]]]},"properties":{"name":"Unnamed Reservoir (14691885)","layer":"nhd_reservoirs","waterbody_type":"Reservoir","area_acres":0.25,"elevation":null,"fcode":43612}},{"type":"Feature","geometry":{"type":"Polygon","coordinates":[[[-84.9427,32.3744],[-84.9429,32.3745],[-84.9427,32.3747],[-84.9427,32.3744]]]},"properties":{"name":"Unnamed Reservoir (14691881)","layer":"nhd_reservoirs","waterbody_type":"Reservoir","area_acres":0.25,"elevation":null,"fcode":43612}},{"type":"Feature","geometry":{"type":"Polygon","coordinates":[[[-84.9778,32.4104],[-84.9777,32.4106],[-84.9776,32.4105],[-84.9778,32.4104]]]},"properties":{"name":"Unnamed Reservoir (14691822)","layer":"nhd_reservoirs","waterbody_type":"Reservoir","area_acres":0.12,"elevation":null,"fcode":43612}},{"type":"Feature","geometry":{"type":"Polygon","coordinates":[[[-84.9836,32.3488],[-84.9849,32.3499],[-84.9833,32.3494],[-84.9836,32.3488]]]},"properties":{"name":"Unnamed Reservoir (14691894)","layer":"nhd_reservoirs","waterbody_type":"Reservoir","area_acres":2.72,"elevation":null,"fcode":43610}},{"type":"Feature","geometry":{"type":"Polygon","coordinates":[[[-84.9706,32.4322],[-84.9706,32.4324],[-84.9703,32.4324],[-84.9706,32.4322]]]},"properties":{"name":"Unnamed Reservoir (14691801)","layer":"nhd_reservoirs","waterbody_type":"Reservoir","area_acres":0.25,"elevation":null,"fcode":43613}},{"type":"Feature","geometry":{"type":"Polygon","coordinates":[[[-84.971,32.4319],[-84.9709,32.432],[-84.9709,32.4319],[-84.971,32.4319]]]},"properties":{"name":"Unnamed Reservoir (14691801)","layer":"nhd_reservoirs","waterbody_type":"Reservoir","area_acres":0.04,"elevation":null,"fcode":43613}},{"type":"Feature","geometry":{"type":"Polygon","coordinates":[[[-84.9785,32.4103],[-84.9785,32.4105],[-84.9783,32.4105],[-84.9785,32.4103]]]},"properties":{"name":"Unnamed Reservoir (14691822)","layer":"nhd_reservoirs","waterbody_type":"Reservoir","area_acres":0.25,"elevation":null,"fcode":43612}},{"type":"Feature","geometry":{"type":"Polygon","coordinates":[[[-84.9434,32.3744],[-84.9439,32.3741],[-84.9435,32.3745],[-84.9434,32.3744]]]},"properties":{"name":"Unnamed Reservoir (14691882)","layer":"nhd_reservoirs","waterbody_type":"Reservoir","area_acres":0.25,"elevation":null,"fcode":43612}},{"type":"Feature","geometry":{"type":"Polygon","coordinates":[[[-84.9521,32.3725],[-84.952,32.3725],[-84.952,32.3722],[-84.9521,32.3725]]]},"properties":{"name":"Unnamed Reservoir (14691884)","layer":"nhd_reservoirs","waterbody_type":"Reservoir","area_acres":0.09,"elevation":null,"fcode":43612}},{"type":"Feature","geometry":{"type":"Polygon","coordinates":[[[-84.9432,32.3743],[-84.9438,32.374],[-84.9434,32.3744],[-84.9432,32.3743]]]},"properties":{"name":"Unnamed Reservoir (14691883)","layer":"nhd_reservoirs","waterbody_type":"Reservoir","area_acres":0.25,"elevation":null,"fcode":43612}},{"type":"Feature","geometry":{"type":"Polygon","coordinates":[[[-84.951,32.3724],[-84.9512,32.3723],[-84.9512,32.3724],[-84.951,32.3724]]]},"properties":{"name":"Unnamed Reservoir (14691884)","layer":"nhd_reservoirs","waterbody_type":"Reservoir","area_acres":0.08,"elevation":null,"fcode":43612}},{"type":"Feature","geometry":{"type":"Polygon","coordinates":[[[-84.9712,32.4319],[-84.9712,32.432],[-84.9711,32.432],[-84.9712,32.4319]]]},"properties":{"name":"Unnamed Reservoir (14691802)","layer":"nhd_reservoirs","waterbody_type":"Reservoir","area_acres":0.04,"elevation":null,"fcode":43613}},{"type":"Feature","geometry":{"type":"Polygon","coordinates":[[[-84.9724,32.4302],[-84.9727,32.4305],[-84.9724,32.4305],[-84.9724,32.4302]]]},"properties":{"name":"Unnamed Reservoir (14691803)","layer":"nhd_reservoirs","waterbody_type":"Reservoir","area_acres":0.25,"elevation":null,"fcode":43613}},{"type":"Feature","geometry":{"type":"Polygon","coordinates":[[[-84.9429,32.3742],[-84.9429,32.3745],[-84.9427,32.3744],[-84.9429,32.3742]]]},"properties":{"name":"Unnamed Reservoir (14691882)","layer":"nhd_reservoirs","waterbody_type":"Reservoir","area_acres":0.25,"elevation":null,"fcode":43612}},{"type":"Feature","geometry":{"type":"Polygon","coordinates":[[[-84.9712,32.4321],[-84.9712,32.4322],[-84.9711,32.4322],[-84.9712,32.4321]]]},"properties":{"name":"Unnamed Reservoir (14691801)","layer":"nhd_reservoirs","waterbody_type":"Reservoir","area_acres":0.05,"elevation":null,"fcode":43613}},{"type":"Feature","geometry":{"type":"Polygon","coordinates":[[[-84.9513,32.3716],[-84.9514,32.3718],[-84.9513,32.3719],[-84.9513,32.3716]]]},"properties":{"name":"Unnamed Reservoir (14691885)","layer":"nhd_reservoirs","waterbody_type":"Reservoir","area_acres":0.25,"elevation":null,"fcode":43612}},{"type":"Feature","geometry":{"type":"Polygon","coordinates":[[[-84.9842,32.3476],[-84.9846,32.347],[-84.986,32.3477],[-84.9842,32.3476]]]},"properties":{"name":"Unnamed Reservoir (14691894)","layer":"nhd_reservoirs","waterbody_type":"Reservoir","area_acres":2.72,"elevation":null,"fcode":43610}},{"type":"Feature","geometry":{"type":"Polygon","coordinates":[[[-84.9739,32.4299],[-84.9739,32.4302],[-84.9734,32.4301],[-84.9739,32.4299]]]},"properties":{"name":"Unnamed Reservoir (14691803)","layer":"nhd_reservoirs","waterbody_type":"Reservoir","area_acres":0.25,"elevation":null,"fcode":43613}},{"type":"Feature","geometry":{"type":"Polygon","coordinates":[[[-84.9524,32.3725],[-84.9523,32.3722],[-84.9525,32.3722],[-84.9524,32.3725]]]},"properties":{"name":"Unnamed Reservoir (14691884)","layer":"nhd_reservoirs","waterbody_type":"Reservoir","area_acres":0.11,"elevation":null,"fcode":43612}},{"type":"Feature","geometry":{"type":"Polygon","coordinates":[[[-84.9774,32.4103],[-84.9774,32.4104],[-84.9772,32.4104],[-84.9774,32.4103]]]},"properties":{"name":"Unnamed Reservoir (14691822)","layer":"nhd_reservoirs","waterbody_type":"Reservoir","area_acres":0.07,"elevation":null,"fcode":43612}},{"type":"Feature","geometry":{"type":"Polygon","coordinates":[[[-84.9527,32.3722],[-84.9528,32.3725],[-84.9526,32.3726],[-84.9527,32.3722]]]},"properties":{"name":"Unnamed Reservoir (14691885)","layer":"nhd_reservoirs","waterbody_type":"Reservoir","area_acres":0.25,"elevation":null,"fcode":43612}},{"type":"Feature","geometry":{"type":"Polygon","coordinates":[[[-84.9782,32.4078],[-84.9782,32.4084],[-84.977,32.4084],[-84.9782,32.4078]]]},"properties":{"name":"Unnamed Reservoir (14691825)","layer":"nhd_reservoirs","waterbody_type":"Reservoir","area_acres":1.98,"elevation":null,"fcode":43612}},{"type":"Feature","geometry":{"type":"Polygon","coordinates":[[[-84.9526,32.3722],[-84.9526,32.3726],[-84.9525,32.3725],[-84.9526,32.3722]]]},"properties":{"name":"Unnamed Reservoir (14691885)","layer":"nhd_reservoirs","waterbody_type":"Reservoir","area_acres":0.11,"elevation":null,"fcode":43612}},{"type":"Feature","geometry":{"type":"Polygon","coordinates":[[[-84.9732,32.43],[-84.9732,32.4302],[-84.973,32.4302],[-84.9732,32.43]]]},"properties":{"name":"Unnamed Reservoir (14691803)","layer":"nhd_reservoirs","waterbody_type":"Reservoir","area_acres":0.1,"elevation":null,"fcode":43613}},{"type":"Feature","geometry":{"type":"Polygon","coordinates":[[[-84.9516,32.3713],[-84.9516,32.3715],[-84.9514,32.3715],[-84.9516,32.3713]]]},"properties":{"name":"Unnamed Reservoir (14691885)","layer":"nhd_reservoirs","waterbody_type":"Reservoir","area_acres":0.12,"elevation":null,"fcode":43612}},{"type":"Feature","geometry":{"type":"Polygon","coordinates":[[[-84.9951,32.2041],[-84.9954,32.2045],[-84.9949,32.2047],[-84.9951,32.2041]]]},"properties":{"name":"Unnamed Reservoir (14692009)","layer":"nhd_reservoirs","waterbody_type":"Reservoir","area_acres":0.99,"elevation":null,"fcode":43612}},{"type":"Feature","geometry":{"type":"Polygon","coordinates":[[[-84.971,32.4321],[-84.9709,32.4322],[-84.9709,32.4321],[-84.971,32.4321]]]},"properties":{"name":"Unnamed Reservoir (14691801)","layer":"nhd_reservoirs","waterbody_type":"Reservoir","area_acres":0.04,"elevation":null,"fcode":43613}},{"type":"Feature","geometry":{"type":"LineString","coordinates":[[-85.0426,32.2628],[-85.0413,32.2619]]},"properties":{"name":"Unnamed Stream","layer":"nhd_perennial_streams","stream_type":"Perennial Stream","length_miles":null,"flow_direction":"","reach_code":""}},{"type":"Feature","geometry":{"type":"LineString","coordinates":[[-84.9269,32.4597],[-84.9345,32.4611]]},"properties":{"name":"Unnamed Stream","layer":"nhd_perennial_streams","stream_type":"Perennial Stream","length_miles":null,"flow_direction":"","reach_code":""}},{"type":"Feature","geometry":{"type":"LineString","coordinates":[[-84.8697,32.3919],[-84.869,32.3968]]},"properties":{"name":"Unnamed Stream","layer":"nhd_perennial_streams","stream_type":"Perennial Stream","length_miles":null,"flow_direction":"","reach_code":""}},{"type":"Feature","geometry":{"type":"LineString","coordinates":[[-84.9873,32.4246],[-84.9845,32.4267]]},"properties":{"name":"Unnamed Stream","layer":"nhd_perennial_streams","stream_type":"Perennial Stream","length_miles":null,"flow_direction":"","reach_code":""}},{"type":"Feature","geometry":{"type":"LineString","coordinates":[[-84.9089,32.4338],[-84.9102,32.4323]]},"properties":{"name":"Unnamed Stream","layer":"nhd_perennial_streams","stream_type":"Perennial Stream","length_miles":null,"flow_direction":"","reach_code":""}},{"type":"Feature","geometry":{"type":"LineString","coordinates":[[-85.0199,32.3025],[-85.0187,32.3023]]},"properties":{"name":"Unnamed Stream","layer":"nhd_perennial_streams","stream_type":"Perennial Stream","length_miles":null,"flow_direction":"","reach_code":""}},{"type":"Feature","geometry":{"type":"LineString","coordinates":[[-85.0067,32.2506],[-85.0101,32.2487]]},"properties":{"name":"Unnamed Stream","layer":"nhd_perennial_streams","stream_type":"Perennial Stream","length_miles":null,"flow_direction":"","reach_code":""}},{"type":"Feature","geometry":{"type":"LineString","coordinates":[[-85.0568,32.4521],[-85.0483,32.4493]]},"properties":{"name":"Unnamed Stream","layer":"nhd_perennial_streams","stream_type":"Perennial Stream","length_miles":null,"flow_direction":"","reach_code":""}},{"type":"Feature","geometry":{"type":"LineString","coordinates":[[-84.83,32.3481],[-84.8197,32.347]]},"properties":{"name":"Unnamed Stream","layer":"nhd_perennial_streams","stream_type":"Perennial Stream","length_miles":null,"flow_direction":"","reach_code":""}},{"type":"Feature","geometry":{"type":"LineString","coordinates":[[-84.8911,32.3081],[-84.8935,32.309]]},"properties":{"name":"Unnamed Stream","layer":"nhd_perennial_streams","stream_type":"Perennial Stream","length_miles":null,"flow_direction":"","reach_code":""}},{"type":"Feature","geometry":{"type":"LineString","coordinates":[[-84.8808,32.4221],[-84.8807,32.4211]]},"properties":{"name":"Unnamed Stream","layer":"nhd_perennial_streams","stream_type":"Perennial Stream","length_miles":null,"flow_direction":"","reach_code":""}},{"type":"Feature","geometry":{"type":"LineString","coordinates":[[-84.8743,32.4332],[-84.8749,32.4308]]},"properties":{"name":"Unnamed Stream","layer":"nhd_perennial_streams","stream_type":"Perennial Stream","length_miles":null,"flow_direction":"","reach_code":""}},{"type":"Feature","geometry":{"type":"LineString","coordinates":[[-85.007,32.2047],[-85.0069,32.2031]]},"properties":{"name":"Unnamed Stream","layer":"nhd_perennial_streams","stream_type":"Perennial Stream","length_miles":null,"flow_direction":"","reach_code":""}},{"type":"Feature","geometry":{"type":"LineString","coordinates":[[-85.0101,32.2487],[-85.0066,32.2426]]},"properties":{"name":"Unnamed Stream","layer":"nhd_perennial_streams","stream_type":"Perennial Stream","length_miles":null,"flow_direction":"","reach_code":""}},{"type":"Feature","geometry":{"type":"LineString","coordinates":[[-84.9099,32.3984],[-84.9092,32.3968]]},"properties":{"name":"Unnamed Stream","layer":"nhd_perennial_streams","stream_type":"Perennial Stream","length_miles":null,"flow_direction":"","reach_code":""}},{"type":"Feature","geometry":{"type":"LineString","coordinates":[[-85.1562,32.3565],[-85.1537,32.3581]]},"properties":{"name":"Unnamed Stream","layer":"nhd_perennial_streams","stream_type":"Perennial Stream","length_miles":null,"flow_direction":"","reach_code":""}},{"type":"Feature","geometry":{"type":"LineString","coordinates":[[-84.8438,32.3479],[-84.8528,32.3466]]},"properties":{"name":"Unnamed Stream","layer":"nhd_perennial_streams","stream_type":"Perennial Stream","length_miles":null,"flow_direction":"","reach_code":""}},{"type":"Feature","geometry":{"type":"LineString","coordinates":[[-84.837,32.3295],[-84.8398,32.3268]]},"properties":{"name":"Unnamed Stream","layer":"nhd_perennial_streams","stream_type":"Perennial Stream","length_miles":null,"flow_direction":"","reach_code":""}},{"type":"Feature","geometry":{"type":"LineString","coordinates":[[-84.8505,32.2943],[-84.8564,32.2972]]},"properties":{"name":"Unnamed Stream","layer":"nhd_perennial_streams","stream_type":"Perennial Stream","length_miles":null,"flow_direction":"","reach_code":""}},{"type":"Feature","geometry":{"type":"LineString","coordinates":[[-84.8749,32.2569],[-84.874,32.2571]]},"properties":{"name":"Unnamed Stream","layer":"nhd_perennial_streams","stream_type":"Perennial Stream","length_miles":null,"flow_direction":"","reach_code":""}},{"type":"Feature","geometry":{"type":"LineString","coordinates":[[-84.8328,32.315],[-84.8339,32.3153]]},"properties":{"name":"Unnamed Stream","layer":"nhd_perennial_streams","stream_type":"Perennial Stream","length_miles":null,"flow_direction":"","reach_code":""}},{"type":"Feature","geometry":{"type":"LineString","coordinates":[[-84.8686,32.3149],[-84.8741,32.3187]]},"properties":{"name":"Unnamed Stream","layer":"nhd_perennial_streams","stream_type":"Perennial Stream","length_miles":null,"flow_direction":"","reach_code":""}},{"type":"Feature","geometry":{"type":"LineString","coordinates":[[-84.8564,32.2972],[-84.8598,32.2949]]},"properties":{"name":"Unnamed Stream","layer":"nhd_perennial_streams","stream_type":"Perennial Stream","length_miles":null,"flow_direction":"","reach_code":""}},{"type":"Feature","geometry":{"type":"LineString","coordinates":[[-85.1076,32.2889],[-85.0988,32.2849]]},"properties":{"name":"Unnamed Stream","layer":"nhd_perennial_streams","stream_type":"Perennial Stream","length_miles":null,"flow_direction":"","reach_code":""}},{"type":"Feature","geometry":{"type":"LineString","coordinates":[[-85.0368,32.2704],[-85.0342,32.2703]]},"properties":{"name":"Unnamed Stream","layer":"nhd_perennial_streams","stream_type":"Perennial Stream","length_miles":null,"flow_direction":"","reach_code":""}},{"type":"Feature","geometry":{"type":"LineString","coordinates":[[-84.8536,32.3829],[-84.8508,32.3843]]},"properties":{"name":"Unnamed Stream","layer":"nhd_perennial_streams","stream_type":"Perennial Stream","length_miles":null,"flow_direction":"","reach_code":""}},{"type":"Feature","geometry":{"type":"LineString","coordinates":[[-85.1158,32.3325],[-85.1122,32.3305]]},"properties":{"name":"Unnamed Stream","layer":"nhd_perennial_streams","stream_type":"Perennial Stream","length_miles":null,"flow_direction":"","reach_code":""}},{"type":"Feature","geometry":{"type":"LineString","coordinates":[[-85.0044,32.2217],[-84.9974,32.2191]]},"properties":{"name":"Unnamed Stream","layer":"nhd_perennial_streams","stream_type":"Perennial Stream","length_miles":null,"flow_direction":"","reach_code":""}},{"type":"Feature","geometry":{"type":"LineString","coordinates":[[-84.9322,32.2157],[-84.9327,32.2171]]},"properties":{"name":"Unnamed Stream","layer":"nhd_perennial_streams","stream_type":"Perennial Stream","length_miles":null,"flow_direction":"","reach_code":""}},{"type":"Feature","geometry":{"type":"LineString","coordinates":[[-85.0855,32.3226],[-85.0811,32.3241]]},"properties":{"name":"Unnamed Stream","layer":"nhd_perennial_streams","stream_type":"Perennial Stream","length_miles":null,"flow_direction":"","reach_code":""}},{"type":"Feature","geometry":{"type":"LineString","coordinates":[[-84.8656,32.4361],[-84.8703,32.4374]]},"properties":{"name":"Unnamed Stream","layer":"nhd_perennial_streams","stream_type":"Perennial Stream","length_miles":null,"flow_direction":"","reach_code":""}},{"type":"Feature","geometry":{"type":"LineString","coordinates":[[-84.8365,32.3598],[-84.8351,32.3646]]},"properties":{"name":"Unnamed Stream","layer":"nhd_perennial_streams","stream_type":"Perennial Stream","length_miles":null,"flow_direction":"","reach_code":""}},{"type":"Feature","geometry":{"type":"LineString","coordinates":[[-85.0938,32.2818],[-85.0912,32.2789]]},"properties":{"name":"Unnamed Stream","layer":"nhd_perennial_streams","stream_type":"Perennial Stream","length_miles":null,"flow_direction":"","reach_code":""}},{"type":"Feature","geometry":{"type":"LineString","coordinates":[[-84.9644,32.4889],[-84.9669,32.4723],[-84.9745,32.4697]]},"properties":{"name":"Unnamed Stream","layer":"nhd_perennial_streams","stream_type":"Perennial Stream","length_miles":null,"flow_direction":"","reach_code":""}},{"type":"Feature","geometry":{"type":"LineString","coordinates":[[-85.0936,32.2926],[-85.0944,32.2886]]},"properties":{"name":"Unnamed Stream","layer":"nhd_perennial_streams","stream_type":"Perennial Stream","length_miles":null,"flow_direction":"","reach_code":""}},{"type":"Feature","geometry":{"type":"LineString","coordinates":[[-85.1051,32.2795],[-85.0963,32.2794]]},"properties":{"name":"Unnamed Stream","layer":"nhd_perennial_streams","stream_type":"Perennial Stream","length_miles":null,"flow_direction":"","reach_code":""}},{"type":"Feature","geometry":{"type":"LineString","coordinates":[[-85.0225,32.3495],[-85.0039,32.3484]]},"properties":{"name":"Unnamed Stream","layer":"nhd_perennial_streams","stream_type":"Perennial Stream","length_miles":null,"flow_direction":"","reach_code":""}},{"type":"Feature","geometry":{"type":"LineString","coordinates":[[-85.0134,32.2217],[-85.0104,32.2154],[-85.0129,32.2108],[-85.007,32.2047]]},"properties":{"name":"Unnamed Stream","layer":"nhd_perennial_streams","stream_type":"Perennial Stream","length_miles":null,"flow_direction":"","reach_code":""}},{"type":"Feature","geometry":{"type":"LineString","coordinates":[[-85.0519,32.3806],[-85.0524,32.3777]]},"properties":{"name":"Unnamed Stream","layer":"nhd_perennial_streams","stream_type":"Perennial Stream","length_miles":null,"flow_direction":"","reach_code":""}},{"type":"Feature","geometry":{"type":"LineString","coordinates":[[-84.8598,32.2949],[-84.8623,32.2929]]},"properties":{"name":"Unnamed Stream","layer":"nhd_perennial_streams","stream_type":"Perennial Stream","length_miles":null,"flow_direction":"","reach_code":""}},{"type":"Feature","geometry":{"type":"LineString","coordinates":[[-84.8321,32.3421],[-84.8416,32.3464]]},"properties":{"name":"Unnamed Stream","layer":"nhd_perennial_streams","stream_type":"Perennial Stream","length_miles":null,"flow_direction":"","reach_code":""}},{"type":"Feature","geometry":{"type":"LineString","coordinates":[[-85.0469,32.3984],[-85.0464,32.3975]]},"properties":{"name":"Unnamed Stream","layer":"nhd_perennial_streams","stream_type":"Perennial Stream","length_miles":null,"flow_direction":"","reach_code":""}},{"type":"Feature","geometry":{"type":"LineString","coordinates":[[-84.9804,32.2326],[-84.9785,32.2316]]},"properties":{"name":"Unnamed Stream","layer":"nhd_perennial_streams","stream_type":"Perennial Stream","length_miles":null,"flow_direction":"","reach_code":""}},{"type":"Feature","geometry":{"type":"LineString","coordinates":[[-84.8505,32.3986],[-84.8483,32.4018]]},"properties":{"name":"Unnamed Stream","layer":"nhd_perennial_streams","stream_type":"Perennial Stream","length_miles":null,"flow_direction":"","reach_code":""}},{"type":"Feature","geometry":{"type":"LineString","coordinates":[[-84.8929,32.4227],[-84.8925,32.4206]]},"properties":{"name":"Unnamed Stream","layer":"nhd_perennial_streams","stream_type":"Perennial Stream","length_miles":null,"flow_direction":"","reach_code":""}},{"type":"Feature","geometry":{"type":"LineString","coordinates":[[-84.8549,32.3911],[-84.8508,32.3876]]},"properties":{"name":"Unnamed Stream","layer":"nhd_perennial_streams","stream_type":"Perennial Stream","length_miles":null,"flow_direction":"","reach_code":""}},{"type":"Feature","geometry":{"type":"LineString","coordinates":[[-84.9376,32.3795],[-84.9387,32.3784]]},"properties":{"name":"Unnamed Stream","layer":"nhd_perennial_streams","stream_type":"Perennial Stream","length_miles":null,"flow_direction":"","reach_code":""}},{"type":"Feature","geometry":{"type":"LineString","coordinates":[[-84.9932,32.219],[-84.9909,32.215]]},"properties":{"name":"Unnamed Stream","layer":"nhd_perennial_streams","stream_type":"Perennial Stream","length_miles":null,"flow_direction":"","reach_code":""}},{"type":"Feature","geometry":{"type":"LineString","coordinates":[[-85.0754,32.2889],[-85.0804,32.2862]]},"properties":{"name":"Unnamed Stream","layer":"nhd_perennial_streams","stream_type":"Perennial Stream","length_miles":null,"flow_direction":"","reach_code":""}},{"type":"Feature","geometry":{"type":"LineString","coordinates":[[-85.037,32.3065],[-85.0343,32.3056]]},"properties":{"name":"Unnamed Stream","layer":"nhd_perennial_streams","stream_type":"Perennial Stream","length_miles":null,"flow_direction":"","reach_code":""}},{"type":"Feature","geometry":{"type":"LineString","coordinates":[[-84.8863,32.3337],[-84.8868,32.3327]]},"properties":{"name":"Unnamed Stream","layer":"nhd_perennial_streams","stream_type":"Perennial Stream","length_miles":null,"flow_direction":"","reach_code":""}},{"type":"Feature","geometry":{"type":"LineString","coordinates":[[-84.8435,32.3065],[-84.8515,32.3069]]},"properties":{"name":"Unnamed Stream","layer":"nhd_perennial_streams","stream_type":"Perennial Stream","length_miles":null,"flow_direction":"","reach_code":""}},{"type":"Feature","geometry":{"type":"LineString","coordinates":[[-85.0942,32.3221],[-85.0927,32.3213]]},"properties":{"name":"Unnamed Stream","layer":"nhd_perennial_streams","stream_type":"Perennial Stream","length_miles":null,"flow_direction":"","reach_code":""}},{"type":"Feature","geometry":{"type":"LineString","coordinates":[[-85.0446,32.3535],[-85.0448,32.3514]]},"properties":{"name":"Unnamed Stream","layer":"nhd_perennial_streams","stream_type":"Perennial Stream","length_miles":null,"flow_direction":"","reach_code":""}},{"type":"Feature","geometry":{"type":"LineString","coordinates":[[-85.0966,32.291],[-85.0944,32.2886]]},"properties":{"name":"Unnamed Stream","layer":"nhd_perennial_streams","stream_type":"Perennial Stream","length_miles":null,"flow_direction":"","reach_code":""}},{"type":"Feature","geometry":{"type":"LineString","coordinates":[[-84.8938,32.3497],[-84.8992,32.334]]},"properties":{"name":"Unnamed Stream","layer":"nhd_perennial_streams","stream_type":"Perennial Stream","length_miles":null,"flow_direction":"","reach_code":""}},{"type":"Feature","geometry":{"type":"LineString","coordinates":[[-84.8659,32.3213],[-84.8691,32.3207]]},"properties":{"name":"Unnamed Stream","layer":"nhd_perennial_streams","stream_type":"Perennial Stream","length_miles":null,"flow_direction":"","reach_code":""}},{"type":"Feature","geometry":{"type":"LineString","coordinates":[[-84.8556,32.2932],[-84.8598,32.2949]]},"properties":{"name":"Unnamed Stream","layer":"nhd_perennial_streams","stream_type":"Perennial Stream","length_miles":null,"flow_direction":"","reach_code":""}},{"type":"Feature","geometry":{"type":"LineString","coordinates":[[-84.9252,32.3121],[-84.9387,32.3074]]},"properties":{"name":"Unnamed Stream","layer":"nhd_perennial_streams","stream_type":"Perennial Stream","length_miles":null,"flow_direction":"","reach_code":""}},{"type":"Feature","geometry":{"type":"LineString","coordinates":[[-84.8625,32.3357],[-84.8664,32.3367]]},"properties":{"name":"Unnamed Stream","layer":"nhd_perennial_streams","stream_type":"Perennial Stream","length_miles":null,"flow_direction":"","reach_code":""}},{"type":"Feature","geometry":{"type":"LineString","coordinates":[[-84.8744,32.3456],[-84.875,32.3462]]},"properties":{"name":"Unnamed Stream","layer":"nhd_perennial_streams","stream_type":"Perennial Stream","length_miles":null,"flow_direction":"","reach_code":""}},{"type":"Feature","geometry":{"type":"LineString","coordinates":[[-85.1581,32.3565],[-85.1578,32.3565]]},"properties":{"name":"Unnamed Stream","layer":"nhd_perennial_streams","stream_type":"Perennial Stream","length_miles":null,"flow_direction":"","reach_code":""}},{"type":"Feature","geometry":{"type":"LineString","coordinates":[[-84.8521,32.3064],[-84.8526,32.3068]]},"properties":{"name":"Unnamed Stream","layer":"nhd_perennial_streams","stream_type":"Perennial Stream","length_miles":null,"flow_direction":"","reach_code":""}},{"type":"Feature","geometry":{"type":"LineString","coordinates":[[-84.9373,32.4416],[-84.9469,32.4375]]},"properties":{"name":"Unnamed Stream","layer":"nhd_perennial_streams","stream_type":"Perennial Stream","length_miles":null,"flow_direction":"","reach_code":""}},{"type":"Feature","geometry":{"type":"LineString","coordinates":[[-84.854,32.3093],[-84.8587,32.306]]},"properties":{"name":"Unnamed Stream","layer":"nhd_perennial_streams","stream_type":"Perennial Stream","length_miles":null,"flow_direction":"","reach_code":""}},{"type":"Feature","geometry":{"type":"LineString","coordinates":[[-84.8478,32.2883],[-84.8482,32.2837]]},"properties":{"name":"Unnamed Stream","layer":"nhd_perennial_streams","stream_type":"Perennial Stream","length_miles":null,"flow_direction":"","reach_code":""}},{"type":"Feature","geometry":{"type":"LineString","coordinates":[[-85.1291,32.304],[-85.1237,32.3006],[-85.1196,32.2911]]},"properties":{"name":"Unnamed Stream","layer":"nhd_perennial_streams","stream_type":"Perennial Stream","length_miles":null,"flow_direction":"","reach_code":""}},{"type":"Feature","geometry":{"type":"LineString","coordinates":[[-85.0376,32.2655],[-85.0331,32.2698]]},"properties":{"name":"Unnamed Stream","layer":"nhd_perennial_streams","stream_type":"Perennial Stream","length_miles":null,"flow_direction":"","reach_code":""}},{"type":"Feature","geometry":{"type":"LineString","coordinates":[[-84.9268,32.4789],[-84.9229,32.4716]]},"properties":{"name":"Unnamed Stream","layer":"nhd_perennial_streams","stream_type":"Perennial Stream","length_miles":null,"flow_direction":"","reach_code":""}},{"type":"Feature","geometry":{"type":"LineString","coordinates":[[-85.0628,32.2612],[-85.0567,32.2621]]},"properties":{"name":"Unnamed Stream","layer":"nhd_perennial_streams","stream_type":"Perennial Stream","length_miles":null,"flow_direction":"","reach_code":""}},{"type":"Feature","geometry":{"type":"LineString","coordinates":[[-85.107,32.257],[-85.1068,32.2497]]},"properties":{"name":"Unnamed Stream","layer":"nhd_perennial_streams","stream_type":"Perennial Stream","length_miles":null,"flow_direction":"","reach_code":""}},{"type":"Feature","geometry":{"type":"LineString","coordinates":[[-84.8244,32.2999],[-84.8333,32.3032]]},"properties":{"name":"Unnamed Stream","layer":"nhd_perennial_streams","stream_type":"Perennial Stream","length_miles":null,"flow_direction":"","reach_code":""}},{"type":"Feature","geometry":{"type":"LineString","coordinates":[[-84.9909,32.215],[-84.986,32.215],[-84.9844,32.2121]]},"properties":{"name":"Unnamed Stream","layer":"nhd_perennial_streams","stream_type":"Perennial Stream","length_miles":null,"flow_direction":"","reach_code":""}},{"type":"Feature","geometry":{"type":"LineString","coordinates":[[-84.8599,32.394],[-84.8531,32.4065]]},"properties":{"name":"Unnamed Stream","layer":"nhd_perennial_streams","stream_type":"Perennial Stream","length_miles":null,"flow_direction":"","reach_code":""}},{"type":"Feature","geometry":{"type":"LineString","coordinates":[[-85.0252,32.302],[-85.0206,32.3022]]},"properties":{"name":"Unnamed Stream","layer":"nhd_perennial_streams","stream_type":"Perennial Stream","length_miles":null,"flow_direction":"","reach_code":""}},{"type":"Feature","geometry":{"type":"LineString","coordinates":[[-85.0791,32.3247],[-85.0757,32.3263]]},"properties":{"name":"Unnamed Stream","layer":"nhd_perennial_streams","stream_type":"Perennial Stream","length_miles":null,"flow_direction":"","reach_code":""}},{"type":"Feature","geometry":{"type":"LineString","coordinates":[[-85.0535,32.281],[-85.0493,32.2722]]},"properties":{"name":"Unnamed Stream","layer":"nhd_perennial_streams","stream_type":"Perennial Stream","length_miles":null,"flow_direction":"","reach_code":""}},{"type":"Feature","geometry":{"type":"LineString","coordinates":[[-84.9709,32.2357],[-84.9702,32.2296]]},"properties":{"name":"Unnamed Stream","layer":"nhd_perennial_streams","stream_type":"Perennial Stream","length_miles":null,"flow_direction":"","reach_code":""}},{"type":"Feature","geometry":{"type":"LineString","coordinates":[[-85.1138,32.296],[-85.1133,32.2951]]},"properties":{"name":"Unnamed Stream","layer":"nhd_perennial_streams","stream_type":"Perennial Stream","length_miles":null,"flow_direction":"","reach_code":""}},{"type":"Feature","geometry":{"type":"LineString","coordinates":[[-84.8857,32.2691],[-84.8882,32.2682]]},"properties":{"name":"Unnamed Stream","layer":"nhd_perennial_streams","stream_type":"Perennial Stream","length_miles":null,"flow_direction":"","reach_code":""}},{"type":"Feature","geometry":{"type":"LineString","coordinates":[[-84.9402,32.482],[-84.9403,32.4784]]},"properties":{"name":"Unnamed Stream","layer":"nhd_perennial_streams","stream_type":"Perennial Stream","length_miles":null,"flow_direction":"","reach_code":""}},{"type":"Feature","geometry":{"type":"LineString","coordinates":[[-85.0971,32.3017],[-85.0948,32.3007]]},"properties":{"name":"Unnamed Stream","layer":"nhd_perennial_streams","stream_type":"Perennial Stream","length_miles":null,"flow_direction":"","reach_code":""}},{"type":"Feature","geometry":{"type":"LineString","coordinates":[[-85.0982,32.3226],[-85.0942,32.3221]]},"properties":{"name":"Unnamed Stream","layer":"nhd_perennial_streams","stream_type":"Perennial Stream","length_miles":null,"flow_direction":"","reach_code":""}},{"type":"Feature","geometry":{"type":"LineString","coordinates":[[-84.8919,32.2374],[-84.8928,32.2366]]},"properties":{"name":"Unnamed Stream","layer":"nhd_perennial_streams","stream_type":"Perennial Stream","length_miles":null,"flow_direction":"","reach_code":""}},{"type":"Feature","geometry":{"type":"LineString","coordinates":[[-84.8592,32.2643],[-84.8591,32.2633]]},"properties":{"name":"Unnamed Stream","layer":"nhd_perennial_streams","stream_type":"Perennial Stream","length_miles":null,"flow_direction":"","reach_code":""}},{"type":"Feature","geometry":{"type":"LineString","coordinates":[[-85.1578,32.3565],[-85.1562,32.3565]]},"properties":{"name":"Unnamed Stream","layer":"nhd_perennial_streams","stream_type":"Perennial Stream","length_miles":null,"flow_direction":"","reach_code":""}},{"type":"Feature","geometry":{"type":"LineString","coordinates":[[-85.0296,32.3037],[-85.0295,32.3037]]},"properties":{"name":"Unnamed Stream","layer":"nhd_perennial_streams","stream_type":"Perennial Stream","length_miles":null,"flow_direction":"","reach_code":""}},{"type":"Feature","geometry":{"type":"LineString","coordinates":[[-85.0588,32.3475],[-85.0588,32.3472]]},"properties":{"name":"Unnamed Stream","layer":"nhd_perennial_streams","stream_type":"Perennial Stream","length_miles":null,"flow_direction":"","reach_code":""}},{"type":"Feature","geometry":{"type":"LineString","coordinates":[[-84.8961,32.3591],[-84.8938,32.3498]]},"properties":{"name":"Unnamed Stream","layer":"nhd_perennial_streams","stream_type":"Perennial Stream","length_miles":null,"flow_direction":"","reach_code":""}},{"type":"Feature","geometry":{"type":"LineString","coordinates":[[-84.9753,32.3227],[-84.9766,32.3186]]},"properties":{"name":"Unnamed Stream","layer":"nhd_perennial_streams","stream_type":"Perennial Stream","length_miles":null,"flow_direction":"","reach_code":""}},{"type":"Feature","geometry":{"type":"LineString","coordinates":[[-84.8749,32.3068],[-84.8813,32.3091]]},"properties":{"name":"Unnamed Stream","layer":"nhd_perennial_streams","stream_type":"Perennial Stream","length_miles":null,"flow_direction":"","reach_code":""}},{"type":"Feature","geometry":{"type":"LineString","coordinates":[[-84.8898,32.2454],[-84.8919,32.2374]]},"properties":{"name":"Unnamed Stream","layer":"nhd_perennial_streams","stream_type":"Perennial Stream","length_miles":null,"flow_direction":"","reach_code":""}},{"type":"Feature","geometry":{"type":"LineString","coordinates":[[-84.8528,32.2714],[-84.857,32.2707],[-84.8592,32.2643]]},"properties":{"name":"Unnamed Stream","layer":"nhd_perennial_streams","stream_type":"Perennial Stream","length_miles":null,"flow_direction":"","reach_code":""}},{"type":"Feature","geometry":{"type":"LineString","coordinates":[[-84.875,32.3462],[-84.8756,32.3456]]},"properties":{"name":"Unnamed Stream","layer":"nhd_perennial_streams","stream_type":"Perennial Stream","length_miles":null,"flow_direction":"","reach_code":""}},{"type":"Feature","geometry":{"type":"LineString","coordinates":[[-84.9883,32.2465],[-84.985,32.2433]]},"properties":{"name":"Unnamed Stream","layer":"nhd_perennial_streams","stream_type":"Perennial Stream","length_miles":null,"flow_direction":"","reach_code":""}},{"type":"Feature","geometry":{"type":"LineString","coordinates":[[-85.0448,32.3514],[-85.0513,32.3452]]},"properties":{"name":"Unnamed Stream","layer":"nhd_perennial_streams","stream_type":"Perennial Stream","length_miles":null,"flow_direction":"","reach_code":""}},{"type":"Feature","geometry":{"type":"LineString","coordinates":[[-84.9387,32.3074],[-84.9386,32.3065]]},"properties":{"name":"Unnamed Stream","layer":"nhd_perennial_streams","stream_type":"Perennial Stream","length_miles":null,"flow_direction":"","reach_code":""}},{"type":"Feature","geometry":{"type":"LineString","coordinates":[[-85.0546,32.2591],[-85.0563,32.2621]]},"properties":{"name":"Unnamed Stream","layer":"nhd_perennial_streams","stream_type":"Perennial Stream","length_miles":null,"flow_direction":"","reach_code":""}},{"type":"Feature","geometry":{"type":"LineString","coordinates":[[-84.8446,32.3035],[-84.8461,32.3053]]},"properties":{"name":"Unnamed Stream","layer":"nhd_perennial_streams","stream_type":"Perennial Stream","length_miles":null,"flow_direction":"","reach_code":""}},{"type":"Feature","geometry":{"type":"LineString","coordinates":[[-85.0103,32.2632],[-85.0078,32.262]]},"properties":{"name":"Unnamed Stream","layer":"nhd_perennial_streams","stream_type":"Perennial Stream","length_miles":null,"flow_direction":"","reach_code":""}},{"type":"Feature","geometry":{"type":"LineString","coordinates":[[-85.0483,32.4493],[-85.0435,32.4472]]},"properties":{"name":"Unnamed Stream","layer":"nhd_perennial_streams","stream_type":"Perennial Stream","length_miles":null,"flow_direction":"","reach_code":""}},{"type":"Feature","geometry":{"type":"LineString","coordinates":[[-84.9013,32.3448],[-84.8992,32.334]]},"properties":{"name":"Unnamed Stream","layer":"nhd_perennial_streams","stream_type":"Perennial Stream","length_miles":null,"flow_direction":"","reach_code":""}},{"type":"Feature","geometry":{"type":"LineString","coordinates":[[-85.0278,32.4814],[-85.0198,32.4789]]},"properties":{"name":"Unnamed Stream","layer":"nhd_perennial_streams","stream_type":"Perennial Stream","length_miles":null,"flow_direction":"","reach_code":""}},{"type":"Feature","geometry":{"type":"LineString","coordinates":[[-84.9403,32.4784],[-84.9445,32.4723],[-84.9429,32.4694]]},"properties":{"name":"Unnamed Stream","layer":"nhd_perennial_streams","stream_type":"Perennial Stream","length_miles":null,"flow_direction":"","reach_code":""}},{"type":"Feature","geometry":{"type":"LineString","coordinates":[[-85.1178,32.3336],[-85.1158,32.3325]]},"properties":{"name":"Unnamed Stream","layer":"nhd_perennial_streams","stream_type":"Perennial Stream","length_miles":null,"flow_direction":"","reach_code":""}},{"type":"Feature","geometry":{"type":"LineString","coordinates":[[-84.8773,32.3321],[-84.8807,32.3311]]},"properties":{"name":"Unnamed Stream","layer":"nhd_perennial_streams","stream_type":"Perennial Stream","length_miles":null,"flow_direction":"","reach_code":""}},{"type":"Feature","geometry":{"type":"LineString","coordinates":[[-85.0426,32.2628],[-85.0376,32.2655]]},"properties":{"name":"Unnamed Stream","layer":"nhd_perennial_streams","stream_type":"Perennial Stream","length_miles":null,"flow_direction":"","reach_code":""}},{"type":"Feature","geometry":{"type":"LineString","coordinates":[[-85.0746,32.2616],[-85.0743,32.2617]]},"properties":{"name":"Unnamed Stream","layer":"nhd_perennial_streams","stream_type":"Perennial Stream","length_miles":null,"flow_direction":"","reach_code":""}},{"type":"Feature","geometry":{"type":"LineString","coordinates":[[-85.0176,32.2535],[-85.0158,32.2517]]},"properties":{"name":"Unnamed Stream","layer":"nhd_perennial_streams","stream_type":"Perennial Stream","length_miles":null,"flow_direction":"","reach_code":""}},{"type":"Feature","geometry":{"type":"LineString","coordinates":[[-85.1129,32.2803],[-85.1111,32.2807]]},"properties":{"name":"Unnamed Stream","layer":"nhd_perennial_streams","stream_type":"Perennial Stream","length_miles":null,"flow_direction":"","reach_code":""}},{"type":"Feature","geometry":{"type":"LineString","coordinates":[[-84.8447,32.4039],[-84.8468,32.4017]]},"properties":{"name":"Unnamed Stream","layer":"nhd_perennial_streams","stream_type":"Perennial Stream","length_miles":null,"flow_direction":"","reach_code":""}},{"type":"Feature","geometry":{"type":"LineString","coordinates":[[-84.9081,32.4039],[-84.9092,32.4014]]},"properties":{"name":"Unnamed Stream","layer":"nhd_perennial_streams","stream_type":"Perennial Stream","length_miles":null,"flow_direction":"","reach_code":""}},{"type":"Feature","geometry":{"type":"LineString","coordinates":[[-84.9955,32.2372],[-84.9951,32.2371]]},"properties":{"name":"Unnamed Stream","layer":"nhd_perennial_streams","stream_type":"Perennial Stream","length_miles":null,"flow_direction":"","reach_code":""}},{"type":"Feature","geometry":{"type":"LineString","coordinates":[[-84.9777,32.4619],[-84.9783,32.4593]]},"properties":{"name":"Unnamed Stream","layer":"nhd_perennial_streams","stream_type":"Perennial Stream","length_miles":null,"flow_direction":"","reach_code":""}},{"type":"Feature","geometry":{"type":"LineString","coordinates":[[-85.1581,32.3566],[-85.1578,32.3565]]},"properties":{"name":"Unnamed Stream","layer":"nhd_perennial_streams","stream_type":"Perennial Stream","length_miles":null,"flow_direction":"","reach_code":""}},{"type":"Feature","geometry":{"type":"LineString","coordinates":[[-84.9156,32.3136],[-84.9252,32.3121]]},"properties":{"name":"Unnamed Stream","layer":"nhd_perennial_streams","stream_type":"Perennial Stream","length_miles":null,"flow_direction":"","reach_code":""}},{"type":"Feature","geometry":{"type":"LineString","coordinates":[[-84.8711,32.2666],[-84.8754,32.2702]]},"properties":{"name":"Unnamed Stream","layer":"nhd_perennial_streams","stream_type":"Perennial Stream","length_miles":null,"flow_direction":"","reach_code":""}},{"type":"Feature","geometry":{"type":"LineString","coordinates":[[-85.0191,32.2647],[-85.0163,32.2646]]},"properties":{"name":"Unnamed Stream","layer":"nhd_perennial_streams","stream_type":"Perennial Stream","length_miles":null,"flow_direction":"","reach_code":""}},{"type":"Feature","geometry":{"type":"LineString","coordinates":[[-85.0519,32.272],[-85.0493,32.2722]]},"properties":{"name":"Unnamed Stream","layer":"nhd_perennial_streams","stream_type":"Perennial Stream","length_miles":null,"flow_direction":"","reach_code":""}},{"type":"Feature","geometry":{"type":"LineString","coordinates":[[-84.8416,32.3464],[-84.8438,32.3479]]},"properties":{"name":"Unnamed Stream","layer":"nhd_perennial_streams","stream_type":"Perennial Stream","length_miles":null,"flow_direction":"","reach_code":""}},{"type":"Feature","geometry":{"type":"LineString","coordinates":[[-84.8749,32.2581],[-84.874,32.2571]]},"properties":{"name":"Unnamed Stream","layer":"nhd_perennial_streams","stream_type":"Perennial Stream","length_miles":null,"flow_direction":"","reach_code":""}},{"type":"Feature","geometry":{"type":"LineString","coordinates":[[-84.8581,32.345],[-84.859,32.3443]]},"properties":{"name":"Unnamed Stream","layer":"nhd_perennial_streams","stream_type":"Perennial Stream","length_miles":null,"flow_direction":"","reach_code":""}},{"type":"Feature","geometry":{"type":"LineString","coordinates":[[-85.0013,32.3701],[-84.9943,32.3692]]},"properties":{"name":"Unnamed Stream","layer":"nhd_perennial_streams","stream_type":"Perennial Stream","length_miles":null,"flow_direction":"","reach_code":""}},{"type":"Feature","geometry":{"type":"LineString","coordinates":[[-85.0579,32.2147],[-85.0561,32.2145]]},"properties":{"name":"Unnamed Stream","layer":"nhd_perennial_streams","stream_type":"Perennial Stream","length_miles":null,"flow_direction":"","reach_code":""}},{"type":"Feature","geometry":{"type":"LineString","coordinates":[[-84.8807,32.3311],[-84.8838,32.33]]},"properties":{"name":"Unnamed Stream","layer":"nhd_perennial_streams","stream_type":"Perennial Stream","length_miles":null,"flow_direction":"","reach_code":""}},{"type":"Feature","geometry":{"type":"LineString","coordinates":[[-84.9307,32.394],[-84.9277,32.3858]]},"properties":{"name":"Unnamed Stream","layer":"nhd_perennial_streams","stream_type":"Perennial Stream","length_miles":null,"flow_direction":"","reach_code":""}},{"type":"Feature","geometry":{"type":"LineString","coordinates":[[-84.873,32.3123],[-84.8749,32.3123]]},"properties":{"name":"Unnamed Stream","layer":"nhd_perennial_streams","stream_type":"Perennial Stream","length_miles":null,"flow_direction":"","reach_code":""}},{"type":"Feature","geometry":{"type":"LineString","coordinates":[[-85.0982,32.2294],[-85.1048,32.2239]]},"properties":{"name":"Unnamed Stream","layer":"nhd_perennial_streams","stream_type":"Perennial Stream","length_miles":null,"flow_direction":"","reach_code":""}},{"type":"Feature","geometry":{"type":"LineString","coordinates":[[-85.0058,32.3697],[-85.0048,32.3698]]},"properties":{"name":"Unnamed Stream","layer":"nhd_perennial_streams","stream_type":"Perennial Stream","length_miles":null,"flow_direction":"","reach_code":""}},{"type":"Feature","geometry":{"type":"LineString","coordinates":[[-85.004,32.37],[-85.0013,32.3701]]},"properties":{"name":"Unnamed Stream","layer":"nhd_perennial_streams","stream_type":"Perennial Stream","length_miles":null,"flow_direction":"","reach_code":""}},{"type":"Feature","geometry":{"type":"LineString","coordinates":[[-84.845,32.2781],[-84.8512,32.2801]]},"properties":{"name":"Unnamed Stream","layer":"nhd_perennial_streams","stream_type":"Perennial Stream","length_miles":null,"flow_direction":"","reach_code":""}},{"type":"Feature","geometry":{"type":"LineString","coordinates":[[-84.8566,32.3052],[-84.8579,32.3061]]},"properties":{"name":"Unnamed Stream","layer":"nhd_perennial_streams","stream_type":"Perennial Stream","length_miles":null,"flow_direction":"","reach_code":""}},{"type":"Feature","geometry":{"type":"LineString","coordinates":[[-84.9913,32.3665],[-84.9864,32.366]]},"properties":{"name":"Unnamed Stream","layer":"nhd_perennial_streams","stream_type":"Perennial Stream","length_miles":null,"flow_direction":"","reach_code":""}},{"type":"Feature","geometry":{"type":"LineString","coordinates":[[-84.8686,32.3976],[-84.8691,32.4002]]},"properties":{"name":"Unnamed Stream","layer":"nhd_perennial_streams","stream_type":"Perennial Stream","length_miles":null,"flow_direction":"","reach_code":""}},{"type":"Feature","geometry":{"type":"LineString","coordinates":[[-84.9824,32.2402],[-84.98,32.2378]]},"properties":{"name":"Unnamed Stream","layer":"nhd_perennial_streams","stream_type":"Perennial Stream","length_miles":null,"flow_direction":"","reach_code":""}},{"type":"Feature","geometry":{"type":"LineString","coordinates":[[-84.8518,32.3421],[-84.855,32.342]]},"properties":{"name":"Unnamed Stream","layer":"nhd_perennial_streams","stream_type":"Perennial Stream","length_miles":null,"flow_direction":"","reach_code":""}},{"type":"Feature","geometry":{"type":"LineString","coordinates":[[-84.8731,32.4038],[-84.8754,32.4068]]},"properties":{"name":"Unnamed Stream","layer":"nhd_perennial_streams","stream_type":"Perennial Stream","length_miles":null,"flow_direction":"","reach_code":""}},{"type":"Feature","geometry":{"type":"LineString","coordinates":[[-84.9274,32.3855],[-84.9277,32.3855]]},"properties":{"name":"Unnamed Stream","layer":"nhd_perennial_streams","stream_type":"Perennial Stream","length_miles":null,"flow_direction":"","reach_code":""}},{"type":"Feature","geometry":{"type":"LineString","coordinates":[[-84.9956,32.2373],[-84.9955,32.2372]]},"properties":{"name":"Unnamed Stream","layer":"nhd_perennial_streams","stream_type":"Perennial Stream","length_miles":null,"flow_direction":"","reach_code":""}},{"type":"Feature","geometry":{"type":"LineString","coordinates":[[-84.8594,32.2902],[-84.8649,32.2899]]},"properties":{"name":"Unnamed Stream","layer":"nhd_perennial_streams","stream_type":"Perennial Stream","length_miles":null,"flow_direction":"","reach_code":""}},{"type":"Feature","geometry":{"type":"LineString","coordinates":[[-84.8898,32.4157],[-84.8922,32.4105]]},"properties":{"name":"Unnamed Stream","layer":"nhd_perennial_streams","stream_type":"Perennial Stream","length_miles":null,"flow_direction":"","reach_code":""}},{"type":"Feature","geometry":{"type":"LineString","coordinates":[[-84.8515,32.3069],[-84.8526,32.3068]]},"properties":{"name":"Unnamed Stream","layer":"nhd_perennial_streams","stream_type":"Perennial Stream","length_miles":null,"flow_direction":"","reach_code":""}},{"type":"Feature","geometry":{"type":"LineString","coordinates":[[-84.8601,32.3059],[-84.8642,32.3056]]},"properties":{"name":"Unnamed Stream","layer":"nhd_perennial_streams","stream_type":"Perennial Stream","length_miles":null,"flow_direction":"","reach_code":""}},{"type":"Feature","geometry":{"type":"LineString","coordinates":[[-84.8412,32.338],[-84.8438,32.3353]]},"properties":{"name":"Unnamed Stream","layer":"nhd_perennial_streams","stream_type":"Perennial Stream","length_miles":null,"flow_direction":"","reach_code":""}},{"type":"Feature","geometry":{"type":"LineString","coordinates":[[-84.8931,32.3189],[-84.904,32.3129]]},"properties":{"name":"Unnamed Stream","layer":"nhd_perennial_streams","stream_type":"Perennial Stream","length_miles":null,"flow_direction":"","reach_code":""}},{"type":"Feature","geometry":{"type":"LineString","coordinates":[[-84.8154,32.3293],[-84.8233,32.3298],[-84.8317,32.318]]},"properties":{"name":"Unnamed Stream","layer":"nhd_perennial_streams","stream_type":"Perennial Stream","length_miles":null,"flow_direction":"","reach_code":""}},{"type":"Feature","geometry":{"type":"LineString","coordinates":[[-85.0958,32.2835],[-85.0938,32.2818]]},"properties":{"name":"Unnamed Stream","layer":"nhd_perennial_streams","stream_type":"Perennial Stream","length_miles":null,"flow_direction":"","reach_code":""}},{"type":"Feature","geometry":{"type":"LineString","coordinates":[[-84.8856,32.4459],[-84.8869,32.4455]]},"properties":{"name":"Unnamed Stream","layer":"nhd_perennial_streams","stream_type":"Perennial Stream","length_miles":null,"flow_direction":"","reach_code":""}},{"type":"Feature","geometry":{"type":"LineString","coordinates":[[-85.0743,32.2617],[-85.0738,32.2617]]},"properties":{"name":"Unnamed Stream","layer":"nhd_perennial_streams","stream_type":"Perennial Stream","length_miles":null,"flow_direction":"","reach_code":""}},{"type":"Feature","geometry":{"type":"LineString","coordinates":[[-85.1089,32.2638],[-85.1187,32.2573]]},"properties":{"name":"Unnamed Stream","layer":"nhd_perennial_streams","stream_type":"Perennial Stream","length_miles":null,"flow_direction":"","reach_code":""}},{"type":"Feature","geometry":{"type":"LineString","coordinates":[[-84.8528,32.2975],[-84.8564,32.2972]]},"properties":{"name":"Unnamed Stream","layer":"nhd_perennial_streams","stream_type":"Perennial Stream","length_miles":null,"flow_direction":"","reach_code":""}},{"type":"Feature","geometry":{"type":"LineString","coordinates":[[-85.0754,32.2748],[-85.072,32.2741]]},"properties":{"name":"Unnamed Stream","layer":"nhd_perennial_streams","stream_type":"Perennial Stream","length_miles":null,"flow_direction":"","reach_code":""}},{"type":"Feature","geometry":{"type":"LineString","coordinates":[[-84.9967,32.2557],[-84.9942,32.2551]]},"properties":{"name":"Unnamed Stream","layer":"nhd_perennial_streams","stream_type":"Perennial Stream","length_miles":null,"flow_direction":"","reach_code":""}},{"type":"Feature","geometry":{"type":"LineString","coordinates":[[-85.0487,32.3883],[-85.0499,32.3859]]},"properties":{"name":"Unnamed Stream","layer":"nhd_perennial_streams","stream_type":"Perennial Stream","length_miles":null,"flow_direction":"","reach_code":""}},{"type":"Feature","geometry":{"type":"LineString","coordinates":[[-84.8277,32.3123],[-84.8328,32.315]]},"properties":{"name":"Unnamed Stream","layer":"nhd_perennial_streams","stream_type":"Perennial Stream","length_miles":null,"flow_direction":"","reach_code":""}},{"type":"Feature","geometry":{"type":"LineString","coordinates":[[-85.0069,32.2031],[-85.0012,32.1942]]},"properties":{"name":"Unnamed Stream","layer":"nhd_perennial_streams","stream_type":"Perennial Stream","length_miles":null,"flow_direction":"","reach_code":""}},{"type":"Feature","geometry":{"type":"LineString","coordinates":[[-84.8484,32.3654],[-84.8429,32.3668]]},"properties":{"name":"Unnamed Stream","layer":"nhd_perennial_streams","stream_type":"Perennial Stream","length_miles":null,"flow_direction":"","reach_code":""}},{"type":"Feature","geometry":{"type":"LineString","coordinates":[[-84.8386,32.2983],[-84.8393,32.3026]]},"properties":{"name":"Unnamed Stream","layer":"nhd_perennial_streams","stream_type":"Perennial Stream","length_miles":null,"flow_direction":"","reach_code":""}},{"type":"Feature","geometry":{"type":"LineString","coordinates":[[-84.9078,32.2273],[-84.9098,32.2269]]},"properties":{"name":"Unnamed Stream","layer":"nhd_perennial_streams","stream_type":"Perennial Stream","length_miles":null,"flow_direction":"","reach_code":""}},{"type":"Feature","geometry":{"type":"LineString","coordinates":[[-84.8318,32.3178],[-84.8339,32.3153]]},"properties":{"name":"Unnamed Stream","layer":"nhd_perennial_streams","stream_type":"Perennial Stream","length_miles":null,"flow_direction":"","reach_code":""}},{"type":"Feature","geometry":{"type":"LineString","coordinates":[[-84.8431,32.2836],[-84.8482,32.2837]]},"properties":{"name":"Unnamed Stream","layer":"nhd_perennial_streams","stream_type":"Perennial Stream","length_miles":null,"flow_direction":"","reach_code":""}},{"type":"Feature","geometry":{"type":"LineString","coordinates":[[-84.9092,32.3973],[-84.9092,32.3968]]},"properties":{"name":"Unnamed Stream","layer":"nhd_perennial_streams","stream_type":"Perennial Stream","length_miles":null,"flow_direction":"","reach_code":""}},{"type":"Feature","geometry":{"type":"LineString","coordinates":[[-85.0187,32.3023],[-85.01,32.3051],[-85.0065,32.3029]]},"properties":{"name":"Unnamed Stream","layer":"nhd_perennial_streams","stream_type":"Perennial Stream","length_miles":null,"flow_direction":"","reach_code":""}},{"type":"Feature","geometry":{"type":"LineString","coordinates":[[-84.9092,32.3968],[-84.9089,32.3963]]},"properties":{"name":"Unnamed Stream","layer":"nhd_perennial_streams","stream_type":"Perennial Stream","length_miles":null,"flow_direction":"","reach_code":""}},{"type":"Feature","geometry":{"type":"LineString","coordinates":[[-84.874,32.2571],[-84.8721,32.2565]]},"properties":{"name":"Unnamed Stream","layer":"nhd_perennial_streams","stream_type":"Perennial Stream","length_miles":null,"flow_direction":"","reach_code":""}},{"type":"Feature","geometry":{"type":"LineString","coordinates":[[-84.8923,32.4396],[-84.8934,32.4383]]},"properties":{"name":"Unnamed Stream","layer":"nhd_perennial_streams","stream_type":"Perennial Stream","length_miles":null,"flow_direction":"","reach_code":""}},{"type":"Feature","geometry":{"type":"LineString","coordinates":[[-84.8536,32.3109],[-84.8601,32.3059]]},"properties":{"name":"Unnamed Stream","layer":"nhd_perennial_streams","stream_type":"Perennial Stream","length_miles":null,"flow_direction":"","reach_code":""}},{"type":"Feature","geometry":{"type":"LineString","coordinates":[[-84.8637,32.2667],[-84.8592,32.2643]]},"properties":{"name":"Unnamed Stream","layer":"nhd_perennial_streams","stream_type":"Perennial Stream","length_miles":null,"flow_direction":"","reach_code":""}},{"type":"Feature","geometry":{"type":"LineString","coordinates":[[-84.863,32.327],[-84.875,32.319]]},"properties":{"name":"Unnamed Stream","layer":"nhd_perennial_streams","stream_type":"Perennial Stream","length_miles":null,"flow_direction":"","reach_code":""}},{"type":"Feature","geometry":{"type":"LineString","coordinates":[[-84.9974,32.2191],[-84.9932,32.219]]},"properties":{"name":"Unnamed Stream","layer":"nhd_perennial_streams","stream_type":"Perennial Stream","length_miles":null,"flow_direction":"","reach_code":""}},{"type":"Feature","geometry":{"type":"LineString","coordinates":[[-84.8831,32.4489],[-84.8854,32.446]]},"properties":{"name":"Unnamed Stream","layer":"nhd_perennial_streams","stream_type":"Perennial Stream","length_miles":null,"flow_direction":"","reach_code":""}},{"type":"Feature","geometry":{"type":"LineString","coordinates":[[-85.1442,32.3627],[-85.1403,32.3652]]},"properties":{"name":"Unnamed Stream","layer":"nhd_perennial_streams","stream_type":"Perennial Stream","length_miles":null,"flow_direction":"","reach_code":""}},{"type":"Feature","geometry":{"type":"LineString","coordinates":[[-84.8887,32.3925],[-84.8924,32.3979]]},"properties":{"name":"Unnamed Stream","layer":"nhd_perennial_streams","stream_type":"Perennial Stream","length_miles":null,"flow_direction":"","reach_code":""}},{"type":"Feature","geometry":{"type":"LineString","coordinates":[[-85.0843,32.2948],[-85.082,32.2897]]},"properties":{"name":"Unnamed Stream","layer":"nhd_perennial_streams","stream_type":"Perennial Stream","length_miles":null,"flow_direction":"","reach_code":""}},{"type":"Feature","geometry":{"type":"LineString","coordinates":[[-85.0065,32.2538],[-85.0068,32.2518]]},"properties":{"name":"Unnamed Stream","layer":"nhd_perennial_streams","stream_type":"Perennial Stream","length_miles":null,"flow_direction":"","reach_code":""}},{"type":"Feature","geometry":{"type":"LineString","coordinates":[[-85.0409,32.2836],[-85.0345,32.272]]},"properties":{"name":"Unnamed Stream","layer":"nhd_perennial_streams","stream_type":"Perennial Stream","length_miles":null,"flow_direction":"","reach_code":""}},{"type":"Feature","geometry":{"type":"LineString","coordinates":[[-84.9762,32.2336],[-84.9751,32.23],[-84.9705,32.2294]]},"properties":{"name":"Unnamed Stream","layer":"nhd_perennial_streams","stream_type":"Perennial Stream","length_miles":null,"flow_direction":"","reach_code":""}},{"type":"Feature","geometry":{"type":"LineString","coordinates":[[-84.9172,32.4071],[-84.9092,32.4014]]},"properties":{"name":"Unnamed Stream","layer":"nhd_perennial_streams","stream_type":"Perennial Stream","length_miles":null,"flow_direction":"","reach_code":""}},{"type":"Feature","geometry":{"type":"LineString","coordinates":[[-85.1178,32.2537],[-85.1269,32.243]]},"properties":{"name":"Unnamed Stream","layer":"nhd_perennial_streams","stream_type":"Perennial Stream","length_miles":null,"flow_direction":"","reach_code":""}},{"type":"Feature","geometry":{"type":"LineString","coordinates":[[-84.8745,32.2388],[-84.8749,32.2328]]},"properties":{"name":"Unnamed Stream","layer":"nhd_perennial_streams","stream_type":"Perennial Stream","length_miles":null,"flow_direction":"","reach_code":""}},{"type":"Feature","geometry":{"type":"LineString","coordinates":[[-85.0692,32.4588],[-85.064,32.4566]]},"properties":{"name":"Unnamed Stream","layer":"nhd_perennial_streams","stream_type":"Perennial Stream","length_miles":null,"flow_direction":"","reach_code":""}},{"type":"Feature","geometry":{"type":"LineString","coordinates":[[-84.8882,32.3119],[-84.8953,32.3101]]},"properties":{"name":"Unnamed Stream","layer":"nhd_perennial_streams","stream_type":"Perennial Stream","length_miles":null,"flow_direction":"","reach_code":""}},{"type":"Feature","geometry":{"type":"LineString","coordinates":[[-84.8443,32.3631],[-84.8435,32.3617]]},"properties":{"name":"Unnamed Stream","layer":"nhd_perennial_streams","stream_type":"Perennial Stream","length_miles":null,"flow_direction":"","reach_code":""}},{"type":"Feature","geometry":{"type":"LineString","coordinates":[[-84.8621,32.2433],[-84.8726,32.2445]]},"properties":{"name":"Unnamed Stream","layer":"nhd_perennial_streams","stream_type":"Perennial Stream","length_miles":null,"flow_direction":"","reach_code":""}},{"type":"Feature","geometry":{"type":"LineString","coordinates":[[-84.8845,32.3082],[-84.8887,32.3106]]},"properties":{"name":"Unnamed Stream","layer":"nhd_perennial_streams","stream_type":"Perennial Stream","length_miles":null,"flow_direction":"","reach_code":""}},{"type":"Feature","geometry":{"type":"LineString","coordinates":[[-85.0377,32.215],[-85.0392,32.2128],[-85.0315,32.2089]]},"properties":{"name":"Unnamed Stream","layer":"nhd_perennial_streams","stream_type":"Perennial Stream","length_miles":null,"flow_direction":"","reach_code":""}},{"type":"Feature","geometry":{"type":"LineString","coordinates":[[-84.8421,32.3004],[-84.8438,32.3013]]},"properties":{"name":"Unnamed Stream","layer":"nhd_perennial_streams","stream_type":"Perennial Stream","length_miles":null,"flow_direction":"","reach_code":""}},{"type":"Feature","geometry":{"type":"LineString","coordinates":[[-85.0322,32.3049],[-85.032,32.3049]]},"properties":{"name":"Unnamed Stream","layer":"nhd_perennial_streams","stream_type":"Perennial Stream","length_miles":null,"flow_direction":"","reach_code":""}},{"type":"Feature","geometry":{"type":"LineString","coordinates":[[-84.8935,32.4379],[-84.8927,32.4345]]},"properties":{"name":"Unnamed Stream","layer":"nhd_perennial_streams","stream_type":"Perennial Stream","length_miles":null,"flow_direction":"","reach_code":""}},{"type":"Feature","geometry":{"type":"LineString","coordinates":[[-84.9652,32.4477],[-84.9569,32.4413],[-84.9642,32.4368]]},"properties":{"name":"Unnamed Stream","layer":"nhd_perennial_streams","stream_type":"Perennial Stream","length_miles":null,"flow_direction":"","reach_code":""}},{"type":"Feature","geometry":{"type":"LineString","coordinates":[[-84.811,32.3239],[-84.8218,32.3219],[-84.8275,32.317]]},"properties":{"name":"Unnamed Stream","layer":"nhd_perennial_streams","stream_type":"Perennial Stream","length_miles":null,"flow_direction":"","reach_code":""}},{"type":"Feature","geometry":{"type":"LineString","coordinates":[[-84.866,32.2892],[-84.8718,32.2835]]},"properties":{"name":"Unnamed Stream","layer":"nhd_perennial_streams","stream_type":"Perennial Stream","length_miles":null,"flow_direction":"","reach_code":""}},{"type":"Feature","geometry":{"type":"LineString","coordinates":[[-84.8923,32.2278],[-84.8916,32.225]]},"properties":{"name":"Unnamed Stream","layer":"nhd_perennial_streams","stream_type":"Perennial Stream","length_miles":null,"flow_direction":"","reach_code":""}},{"type":"Feature","geometry":{"type":"LineString","coordinates":[[-84.883,32.2392],[-84.8749,32.2328]]},"properties":{"name":"Unnamed Stream","layer":"nhd_perennial_streams","stream_type":"Perennial Stream","length_miles":null,"flow_direction":"","reach_code":""}},{"type":"Feature","geometry":{"type":"LineString","coordinates":[[-84.8726,32.2445],[-84.8745,32.2433]]},"properties":{"name":"Unnamed Stream","layer":"nhd_perennial_streams","stream_type":"Perennial Stream","length_miles":null,"flow_direction":"","reach_code":""}},{"type":"Feature","geometry":{"type":"LineString","coordinates":[[-84.8751,32.4372],[-84.8743,32.4332]]},"properties":{"name":"Unnamed Stream","layer":"nhd_perennial_streams","stream_type":"Perennial Stream","length_miles":null,"flow_direction":"","reach_code":""}},{"type":"Feature","geometry":{"type":"LineString","coordinates":[[-85.0567,32.2621],[-85.0563,32.2621]]},"properties":{"name":"Unnamed Stream","layer":"nhd_perennial_streams","stream_type":"Perennial Stream","length_miles":null,"flow_direction":"","reach_code":""}},{"type":"Feature","geometry":{"type":"LineString","coordinates":[[-84.8708,32.4221],[-84.8662,32.4193]]},"properties":{"name":"Unnamed Stream","layer":"nhd_perennial_streams","stream_type":"Perennial Stream","length_miles":null,"flow_direction":"","reach_code":""}},{"type":"Feature","geometry":{"type":"LineString","coordinates":[[-84.9791,32.2376],[-84.9762,32.2336]]},"properties":{"name":"Unnamed Stream","layer":"nhd_perennial_streams","stream_type":"Perennial Stream","length_miles":null,"flow_direction":"","reach_code":""}},{"type":"Feature","geometry":{"type":"LineString","coordinates":[[-85.1111,32.2807],[-85.108,32.2807]]},"properties":{"name":"Unnamed Stream","layer":"nhd_perennial_streams","stream_type":"Perennial Stream","length_miles":null,"flow_direction":"","reach_code":""}},{"type":"Feature","geometry":{"type":"LineString","coordinates":[[-84.8472,32.4108],[-84.8493,32.414]]},"properties":{"name":"Unnamed Stream","layer":"nhd_perennial_streams","stream_type":"Perennial Stream","length_miles":null,"flow_direction":"","reach_code":""}},{"type":"Feature","geometry":{"type":"LineString","coordinates":[[-85.0413,32.2619],[-85.0376,32.2655]]},"properties":{"name":"Unnamed Stream","layer":"nhd_perennial_streams","stream_type":"Perennial Stream","length_miles":null,"flow_direction":"","reach_code":""}},{"type":"Feature","geometry":{"type":"LineString","coordinates":[[-84.9705,32.3889],[-84.9702,32.3895]]},"properties":{"name":"Unnamed Stream","layer":"nhd_perennial_streams","stream_type":"Perennial Stream","length_miles":null,"flow_direction":"","reach_code":""}},{"type":"Feature","geometry":{"type":"LineString","coordinates":[[-85.006,32.262],[-85.0031,32.2605]]},"properties":{"name":"Unnamed Stream","layer":"nhd_perennial_streams","stream_type":"Perennial Stream","length_miles":null,"flow_direction":"","reach_code":""}},{"type":"Feature","geometry":{"type":"LineString","coordinates":[[-84.8684,32.3636],[-84.8703,32.3608],[-84.8677,32.3577],[-84.8711,32.3522]]},"properties":{"name":"Unnamed Stream","layer":"nhd_perennial_streams","stream_type":"Perennial Stream","length_miles":null,"flow_direction":"","reach_code":""}},{"type":"Feature","geometry":{"type":"LineString","coordinates":[[-84.8429,32.3668],[-84.8381,32.366]]},"properties":{"name":"Unnamed Stream","layer":"nhd_perennial_streams","stream_type":"Perennial Stream","length_miles":null,"flow_direction":"","reach_code":""}},{"type":"Feature","geometry":{"type":"LineString","coordinates":[[-85.0892,32.2996],[-85.0873,32.2987]]},"properties":{"name":"Unnamed Stream","layer":"nhd_perennial_streams","stream_type":"Perennial Stream","length_miles":null,"flow_direction":"","reach_code":""}},{"type":"Feature","geometry":{"type":"LineString","coordinates":[[-85.0298,32.202],[-85.0182,32.1953]]},"properties":{"name":"Unnamed Stream","layer":"nhd_perennial_streams","stream_type":"Perennial Stream","length_miles":null,"flow_direction":"","reach_code":""}},{"type":"Feature","geometry":{"type":"LineString","coordinates":[[-84.8649,32.2899],[-84.866,32.2892]]},"properties":{"name":"Unnamed Stream","layer":"nhd_perennial_streams","stream_type":"Perennial Stream","length_miles":null,"flow_direction":"","reach_code":""}},{"type":"Feature","geometry":{"type":"LineString","coordinates":[[-85.1148,32.3756],[-85.1116,32.3731]]},"properties":{"name":"Unnamed Stream","layer":"nhd_perennial_streams","stream_type":"Perennial Stream","length_miles":null,"flow_direction":"","reach_code":""}},{"type":"Feature","geometry":{"type":"LineString","coordinates":[[-85.048,32.2628],[-85.0413,32.2619]]},"properties":{"name":"Unnamed Stream","layer":"nhd_perennial_streams","stream_type":"Perennial Stream","length_miles":null,"flow_direction":"","reach_code":""}},{"type":"Feature","geometry":{"type":"LineString","coordinates":[[-85.079,32.3033],[-85.0707,32.2927],[-85.0631,32.2906]]},"properties":{"name":"Unnamed Stream","layer":"nhd_perennial_streams","stream_type":"Perennial Stream","length_miles":null,"flow_direction":"","reach_code":""}},{"type":"Feature","geometry":{"type":"LineString","coordinates":[[-85.0039,32.3484],[-85.003,32.3468]]},"properties":{"name":"Unnamed Stream","layer":"nhd_perennial_streams","stream_type":"Perennial Stream","length_miles":null,"flow_direction":"","reach_code":""}},{"type":"Feature","geometry":{"type":"LineString","coordinates":[[-84.9893,32.4247],[-84.9845,32.4267]]},"properties":{"name":"Unnamed Stream","layer":"nhd_perennial_streams","stream_type":"Perennial Stream","length_miles":null,"flow_direction":"","reach_code":""}},{"type":"Feature","geometry":{"type":"LineString","coordinates":[[-84.8512,32.2801],[-84.8586,32.2842]]},"properties":{"name":"Unnamed Stream","layer":"nhd_perennial_streams","stream_type":"Perennial Stream","length_miles":null,"flow_direction":"","reach_code":""}},{"type":"Feature","geometry":{"type":"LineString","coordinates":[[-85.0998,32.3229],[-85.0982,32.3226]]},"properties":{"name":"Unnamed Stream","layer":"nhd_perennial_streams","stream_type":"Perennial Stream","length_miles":null,"flow_direction":"","reach_code":""}},{"type":"Feature","geometry":{"type":"LineString","coordinates":[[-84.8717,32.3961],[-84.869,32.3968]]},"properties":{"name":"Unnamed Stream","layer":"nhd_perennial_streams","stream_type":"Perennial Stream","length_miles":null,"flow_direction":"","reach_code":""}},{"type":"Feature","geometry":{"type":"LineString","coordinates":[[-84.9546,32.4859],[-84.9464,32.4805]]},"properties":{"name":"Unnamed Stream","layer":"nhd_perennial_streams","stream_type":"Perennial Stream","length_miles":null,"flow_direction":"","reach_code":""}},{"type":"Feature","geometry":{"type":"LineString","coordinates":[[-84.8927,32.4345],[-84.8928,32.4315]]},"properties":{"name":"Unnamed Stream","layer":"nhd_perennial_streams","stream_type":"Perennial Stream","length_miles":null,"flow_direction":"","reach_code":""}},{"type":"Feature","geometry":{"type":"LineString","coordinates":[[-84.8422,32.3072],[-84.8435,32.3065]]},"properties":{"name":"Unnamed Stream","layer":"nhd_perennial_streams","stream_type":"Perennial Stream","length_miles":null,"flow_direction":"","reach_code":""}},{"type":"Feature","geometry":{"type":"LineString","coordinates":[[-85.111,32.3238],[-85.1082,32.3243]]},"properties":{"name":"Unnamed Stream","layer":"nhd_perennial_streams","stream_type":"Perennial Stream","length_miles":null,"flow_direction":"","reach_code":""}},{"type":"Feature","geometry":{"type":"LineString","coordinates":[[-84.9464,32.2035],[-84.9493,32.2053]]},"properties":{"name":"Unnamed Stream","layer":"nhd_perennial_streams","stream_type":"Perennial Stream","length_miles":null,"flow_direction":"","reach_code":""}},{"type":"Feature","geometry":{"type":"LineString","coordinates":[[-84.9192,32.2178],[-84.9193,32.2178]]},"properties":{"name":"Unnamed Stream","layer":"nhd_perennial_streams","stream_type":"Perennial Stream","length_miles":null,"flow_direction":"","reach_code":""}},{"type":"Feature","geometry":{"type":"LineString","coordinates":[[-84.888,32.3074],[-84.8911,32.3081]]},"properties":{"name":"Unnamed Stream","layer":"nhd_perennial_streams","stream_type":"Perennial Stream","length_miles":null,"flow_direction":"","reach_code":""}},{"type":"Feature","geometry":{"type":"LineString","coordinates":[[-84.8588,32.368],[-84.857,32.359]]},"properties":{"name":"Unnamed Stream","layer":"nhd_perennial_streams","stream_type":"Perennial Stream","length_miles":null,"flow_direction":"","reach_code":""}},{"type":"Feature","geometry":{"type":"LineString","coordinates":[[-85.0395,32.2296],[-85.0337,32.2258]]},"properties":{"name":"Unnamed Stream","layer":"nhd_perennial_streams","stream_type":"Perennial Stream","length_miles":null,"flow_direction":"","reach_code":""}},{"type":"Feature","geometry":{"type":"LineString","coordinates":[[-85.0499,32.3859],[-85.0518,32.381]]},"properties":{"name":"Unnamed Stream","layer":"nhd_perennial_streams","stream_type":"Perennial Stream","length_miles":null,"flow_direction":"","reach_code":""}},{"type":"Feature","geometry":{"type":"LineString","coordinates":[[-85.0518,32.2626],[-85.0487,32.2628]]},"properties":{"name":"Unnamed Stream","layer":"nhd_perennial_streams","stream_type":"Perennial Stream","length_miles":null,"flow_direction":"","reach_code":""}},{"type":"Feature","geometry":{"type":"LineString","coordinates":[[-84.8528,32.3466],[-84.8541,32.3463]]},"properties":{"name":"Unnamed Stream","layer":"nhd_perennial_streams","stream_type":"Perennial Stream","length_miles":null,"flow_direction":"","reach_code":""}},{"type":"Feature","geometry":{"type":"LineString","coordinates":[[-84.908,32.4206],[-84.904,32.4078]]},"properties":{"name":"Unnamed Stream","layer":"nhd_perennial_streams","stream_type":"Perennial Stream","length_miles":null,"flow_direction":"","reach_code":""}},{"type":"Feature","geometry":{"type":"LineString","coordinates":[[-84.8735,32.334],[-84.8756,32.3327]]},"properties":{"name":"Unnamed Stream","layer":"nhd_perennial_streams","stream_type":"Perennial Stream","length_miles":null,"flow_direction":"","reach_code":""}},{"type":"Feature","geometry":{"type":"LineString","coordinates":[[-84.9362,32.2676],[-84.9358,32.2653]]},"properties":{"name":"Unnamed Stream","layer":"nhd_perennial_streams","stream_type":"Perennial Stream","length_miles":null,"flow_direction":"","reach_code":""}},{"type":"Feature","geometry":{"type":"LineString","coordinates":[[-84.9597,32.2045],[-84.9598,32.2035]]},"properties":{"name":"Unnamed Stream","layer":"nhd_perennial_streams","stream_type":"Perennial Stream","length_miles":null,"flow_direction":"","reach_code":""}},{"type":"Feature","geometry":{"type":"LineString","coordinates":[[-85.0435,32.4472],[-85.0365,32.4433]]},"properties":{"name":"Unnamed Stream","layer":"nhd_perennial_streams","stream_type":"Perennial Stream","length_miles":null,"flow_direction":"","reach_code":""}},{"type":"Feature","geometry":{"type":"LineString","coordinates":[[-85.0862,32.2644],[-85.0837,32.2639]]},"properties":{"name":"Unnamed Stream","layer":"nhd_perennial_streams","stream_type":"Perennial Stream","length_miles":null,"flow_direction":"","reach_code":""}},{"type":"Feature","geometry":{"type":"LineString","coordinates":[[-85.1178,32.3224],[-85.1166,32.3228]]},"properties":{"name":"Unnamed Stream","layer":"nhd_perennial_streams","stream_type":"Perennial Stream","length_miles":null,"flow_direction":"","reach_code":""}},{"type":"Feature","geometry":{"type":"LineString","coordinates":[[-85.1196,32.2911],[-85.1125,32.2907]]},"properties":{"name":"Unnamed Stream","layer":"nhd_perennial_streams","stream_type":"Perennial Stream","length_miles":null,"flow_direction":"","reach_code":""}},{"type":"Feature","geometry":{"type":"LineString","coordinates":[[-84.8548,32.3039],[-84.8566,32.3052]]},"properties":{"name":"Unnamed Stream","layer":"nhd_perennial_streams","stream_type":"Perennial Stream","length_miles":null,"flow_direction":"","reach_code":""}},{"type":"Feature","geometry":{"type":"LineString","coordinates":[[-84.9257,32.2841],[-84.9235,32.2854]]},"properties":{"name":"Unnamed Stream","layer":"nhd_perennial_streams","stream_type":"Perennial Stream","length_miles":null,"flow_direction":"","reach_code":""}},{"type":"Feature","geometry":{"type":"LineString","coordinates":[[-84.9326,32.2122],[-84.9322,32.2157]]},"properties":{"name":"Unnamed Stream","layer":"nhd_perennial_streams","stream_type":"Perennial Stream","length_miles":null,"flow_direction":"","reach_code":""}},{"type":"Feature","geometry":{"type":"LineString","coordinates":[[-85.0923,32.2648],[-85.0901,32.2638]]},"properties":{"name":"Unnamed Stream","layer":"nhd_perennial_streams","stream_type":"Perennial Stream","length_miles":null,"flow_direction":"","reach_code":""}},{"type":"Feature","geometry":{"type":"LineString","coordinates":[[-84.8703,32.4374],[-84.8743,32.4332]]},"properties":{"name":"Unnamed Stream","layer":"nhd_perennial_streams","stream_type":"Perennial Stream","length_miles":null,"flow_direction":"","reach_code":""}},{"type":"Feature","geometry":{"type":"LineString","coordinates":[[-84.9824,32.2402],[-84.98,32.2378]]},"properties":{"name":"Unnamed Stream","layer":"nhd_perennial_streams","stream_type":"Perennial Stream","length_miles":null,"flow_direction":"","reach_code":""}},{"type":"Feature","geometry":{"type":"LineString","coordinates":[[-85.0973,32.284],[-85.0958,32.2835]]},"properties":{"name":"Unnamed Stream","layer":"nhd_perennial_streams","stream_type":"Perennial Stream","length_miles":null,"flow_direction":"","reach_code":""}},{"type":"Feature","geometry":{"type":"LineString","coordinates":[[-84.9464,32.4805],[-84.9403,32.4784]]},"properties":{"name":"Unnamed Stream","layer":"nhd_perennial_streams","stream_type":"Perennial Stream","length_miles":null,"flow_direction":"","reach_code":""}},{"type":"Feature","geometry":{"type":"LineString","coordinates":[[-84.8806,32.4154],[-84.8809,32.4111]]},"properties":{"name":"Unnamed Stream","layer":"nhd_perennial_streams","stream_type":"Perennial Stream","length_miles":null,"flow_direction":"","reach_code":""}},{"type":"Feature","geometry":{"type":"LineString","coordinates":[[-85.1142,32.3238],[-85.111,32.3238]]},"properties":{"name":"Unnamed Stream","layer":"nhd_perennial_streams","stream_type":"Perennial Stream","length_miles":null,"flow_direction":"","reach_code":""}},{"type":"Feature","geometry":{"type":"LineString","coordinates":[[-85.1247,32.3184],[-85.1202,32.3213]]},"properties":{"name":"Unnamed Stream","layer":"nhd_perennial_streams","stream_type":"Perennial Stream","length_miles":null,"flow_direction":"","reach_code":""}},{"type":"Feature","geometry":{"type":"LineString","coordinates":[[-84.8992,32.2867],[-84.9026,32.2843]]},"properties":{"name":"Unnamed Stream","layer":"nhd_perennial_streams","stream_type":"Perennial Stream","length_miles":null,"flow_direction":"","reach_code":""}},{"type":"Feature","geometry":{"type":"LineString","coordinates":[[-84.9988,32.4176],[-84.9979,32.4189]]},"properties":{"name":"Unnamed Stream","layer":"nhd_perennial_streams","stream_type":"Perennial Stream","length_miles":null,"flow_direction":"","reach_code":""}},{"type":"Feature","geometry":{"type":"LineString","coordinates":[[-84.8706,32.3697],[-84.8684,32.3636]]},"properties":{"name":"Unnamed Stream","layer":"nhd_perennial_streams","stream_type":"Perennial Stream","length_miles":null,"flow_direction":"","reach_code":""}},{"type":"Feature","geometry":{"type":"LineString","coordinates":[[-84.8482,32.3729],[-84.8469,32.3764]]},"properties":{"name":"Unnamed Stream","layer":"nhd_perennial_streams","stream_type":"Perennial Stream","length_miles":null,"flow_direction":"","reach_code":""}},{"type":"Feature","geometry":{"type":"LineString","coordinates":[[-84.9845,32.4267],[-84.9809,32.4273]]},"properties":{"name":"Unnamed Stream","layer":"nhd_perennial_streams","stream_type":"Perennial Stream","length_miles":null,"flow_direction":"","reach_code":""}},{"type":"Feature","geometry":{"type":"LineString","coordinates":[[-84.8693,32.3201],[-84.8741,32.3187]]},"properties":{"name":"Unnamed Stream","layer":"nhd_perennial_streams","stream_type":"Perennial Stream","length_miles":null,"flow_direction":"","reach_code":""}},{"type":"Feature","geometry":{"type":"LineString","coordinates":[[-84.8292,32.3384],[-84.8222,32.3403]]},"properties":{"name":"Unnamed Stream","layer":"nhd_perennial_streams","stream_type":"Perennial Stream","length_miles":null,"flow_direction":"","reach_code":""}},{"type":"Feature","geometry":{"type":"LineString","coordinates":[[-84.9277,32.3858],[-84.9277,32.3855]]},"properties":{"name":"Unnamed Stream","layer":"nhd_perennial_streams","stream_type":"Perennial Stream","length_miles":null,"flow_direction":"","reach_code":""}},{"type":"Feature","geometry":{"type":"LineString","coordinates":[[-84.9102,32.4323],[-84.9104,32.4316]]},"properties":{"name":"Unnamed Stream","layer":"nhd_perennial_streams","stream_type":"Perennial Stream","length_miles":null,"flow_direction":"","reach_code":""}},{"type":"Feature","geometry":{"type":"LineString","coordinates":[[-84.877,32.2458],[-84.8745,32.2433]]},"properties":{"name":"Unnamed Stream","layer":"nhd_perennial_streams","stream_type":"Perennial Stream","length_miles":null,"flow_direction":"","reach_code":""}},{"type":"Feature","geometry":{"type":"LineString","coordinates":[[-84.859,32.3443],[-84.8664,32.3367]]},"properties":{"name":"Unnamed Stream","layer":"nhd_perennial_streams","stream_type":"Perennial Stream","length_miles":null,"flow_direction":"","reach_code":""}},{"type":"Feature","geometry":{"type":"LineString","coordinates":[[-85.0055,32.3554],[-85.0038,32.3491]]},"properties":{"name":"Unnamed Stream","layer":"nhd_perennial_streams","stream_type":"Perennial Stream","length_miles":null,"flow_direction":"","reach_code":""}},{"type":"Feature","geometry":{"type":"LineString","coordinates":[[-84.8664,32.3367],[-84.8684,32.336]]},"properties":{"name":"Unnamed Stream","layer":"nhd_perennial_streams","stream_type":"Perennial Stream","length_miles":null,"flow_direction":"","reach_code":""}},{"type":"Feature","geometry":{"type":"LineString","coordinates":[[-84.8966,32.2219],[-84.903,32.2251]]},"properties":{"name":"Unnamed Stream","layer":"nhd_perennial_streams","stream_type":"Perennial Stream","length_miles":null,"flow_direction":"","reach_code":""}},{"type":"Feature","geometry":{"type":"LineString","coordinates":[[-85.0464,32.3998],[-85.0469,32.3984]]},"properties":{"name":"Unnamed Stream","layer":"nhd_perennial_streams","stream_type":"Perennial Stream","length_miles":null,"flow_direction":"","reach_code":""}},{"type":"Feature","geometry":{"type":"LineString","coordinates":[[-84.9619,32.3156],[-84.9573,32.3121]]},"properties":{"name":"Unnamed Stream","layer":"nhd_perennial_streams","stream_type":"Perennial Stream","length_miles":null,"flow_direction":"","reach_code":""}},{"type":"Feature","geometry":{"type":"LineString","coordinates":[[-84.8499,32.2642],[-84.8591,32.2633]]},"properties":{"name":"Unnamed Stream","layer":"nhd_perennial_streams","stream_type":"Perennial Stream","length_miles":null,"flow_direction":"","reach_code":""}},{"type":"Feature","geometry":{"type":"LineString","coordinates":[[-84.8749,32.256],[-84.874,32.2549]]},"properties":{"name":"Unnamed Stream","layer":"nhd_perennial_streams","stream_type":"Perennial Stream","length_miles":null,"flow_direction":"","reach_code":""}},{"type":"Feature","geometry":{"type":"LineString","coordinates":[[-84.904,32.4078],[-84.9086,32.3994]]},"properties":{"name":"Unnamed Stream","layer":"nhd_perennial_streams","stream_type":"Perennial Stream","length_miles":null,"flow_direction":"","reach_code":""}},{"type":"Feature","geometry":{"type":"LineString","coordinates":[[-84.858,32.279],[-84.8641,32.2794]]},"properties":{"name":"Unnamed Stream","layer":"nhd_perennial_streams","stream_type":"Perennial Stream","length_miles":null,"flow_direction":"","reach_code":""}},{"type":"Feature","geometry":{"type":"LineString","coordinates":[[-84.837,32.3653],[-84.8366,32.3653]]},"properties":{"name":"Unnamed Stream","layer":"nhd_perennial_streams","stream_type":"Perennial Stream","length_miles":null,"flow_direction":"","reach_code":""}},{"type":"Feature","geometry":{"type":"LineString","coordinates":[[-84.8438,32.3353],[-84.8466,32.3333]]},"properties":{"name":"Unnamed Stream","layer":"nhd_perennial_streams","stream_type":"Perennial Stream","length_miles":null,"flow_direction":"","reach_code":""}},{"type":"Feature","geometry":{"type":"LineString","coordinates":[[-84.8747,32.4296],[-84.8772,32.4274]]},"properties":{"name":"Unnamed Stream","layer":"nhd_perennial_streams","stream_type":"Perennial Stream","length_miles":null,"flow_direction":"","reach_code":""}},{"type":"Feature","geometry":{"type":"LineString","coordinates":[[-84.8813,32.3091],[-84.8845,32.3082]]},"properties":{"name":"Unnamed Stream","layer":"nhd_perennial_streams","stream_type":"Perennial Stream","length_miles":null,"flow_direction":"","reach_code":""}},{"type":"Feature","geometry":{"type":"LineString","coordinates":[[-84.8922,32.4105],[-84.8885,32.4043]]},"properties":{"name":"Unnamed Stream","layer":"nhd_perennial_streams","stream_type":"Perennial Stream","length_miles":null,"flow_direction":"","reach_code":""}},{"type":"Feature","geometry":{"type":"LineString","coordinates":[[-84.8608,32.3573],[-84.8711,32.3522]]},"properties":{"name":"Unnamed Stream","layer":"nhd_perennial_streams","stream_type":"Perennial Stream","length_miles":null,"flow_direction":"","reach_code":""}},{"type":"Feature","geometry":{"type":"LineString","coordinates":[[-84.9021,32.3022],[-84.9046,32.2906]]},"properties":{"name":"Unnamed Stream","layer":"nhd_perennial_streams","stream_type":"Perennial Stream","length_miles":null,"flow_direction":"","reach_code":""}},{"type":"Feature","geometry":{"type":"LineString","coordinates":[[-84.8804,32.3388],[-84.8829,32.3382]]},"properties":{"name":"Unnamed Stream","layer":"nhd_perennial_streams","stream_type":"Perennial Stream","length_miles":null,"flow_direction":"","reach_code":""}},{"type":"Feature","geometry":{"type":"LineString","coordinates":[[-85.046,32.3939],[-85.0487,32.3883]]},"properties":{"name":"Unnamed Stream","layer":"nhd_perennial_streams","stream_type":"Perennial Stream","length_miles":null,"flow_direction":"","reach_code":""}},{"type":"Feature","geometry":{"type":"LineString","coordinates":[[-85.0114,32.2645],[-85.0103,32.2632]]},"properties":{"name":"Unnamed Stream","layer":"nhd_perennial_streams","stream_type":"Perennial Stream","length_miles":null,"flow_direction":"","reach_code":""}},{"type":"Feature","geometry":{"type":"LineString","coordinates":[[-84.8482,32.2837],[-84.8512,32.2801]]},"properties":{"name":"Unnamed Stream","layer":"nhd_perennial_streams","stream_type":"Perennial Stream","length_miles":null,"flow_direction":"","reach_code":""}},{"type":"Feature","geometry":{"type":"LineString","coordinates":[[-84.9838,32.2736],[-84.9823,32.2787],[-84.9846,32.2809]]},"properties":{"name":"Unnamed Stream","layer":"nhd_perennial_streams","stream_type":"Perennial Stream","length_miles":null,"flow_direction":"","reach_code":""}},{"type":"Feature","geometry":{"type":"LineString","coordinates":[[-84.9993,32.4151],[-84.9988,32.4176]]},"properties":{"name":"Unnamed Stream","layer":"nhd_perennial_streams","stream_type":"Perennial Stream","length_miles":null,"flow_direction":"","reach_code":""}},{"type":"Feature","geometry":{"type":"LineString","coordinates":[[-85.0054,32.4683],[-85.0003,32.4665]]},"properties":{"name":"Unnamed Stream","layer":"nhd_perennial_streams","stream_type":"Perennial Stream","length_miles":null,"flow_direction":"","reach_code":""}},{"type":"Feature","geometry":{"type":"LineString","coordinates":[[-85.0727,32.3272],[-85.0717,32.327]]},"properties":{"name":"Unnamed Stream","layer":"nhd_perennial_streams","stream_type":"Perennial Stream","length_miles":null,"flow_direction":"","reach_code":""}},{"type":"Feature","geometry":{"type":"LineString","coordinates":[[-85.0102,32.2491],[-85.0101,32.2487]]},"properties":{"name":"Unnamed Stream","layer":"nhd_perennial_streams","stream_type":"Perennial Stream","length_miles":null,"flow_direction":"","reach_code":""}},{"type":"Feature","geometry":{"type":"LineString","coordinates":[[-85.0901,32.2638],[-85.0862,32.2644]]},"properties":{"name":"Unnamed Stream","layer":"nhd_perennial_streams","stream_type":"Perennial Stream","length_miles":null,"flow_direction":"","reach_code":""}},{"type":"Feature","geometry":{"type":"LineString","coordinates":[[-84.8656,32.4256],[-84.8659,32.4249]]},"properties":{"name":"Unnamed Stream","layer":"nhd_perennial_streams","stream_type":"Perennial Stream","length_miles":null,"flow_direction":"","reach_code":""}},{"type":"Feature","geometry":{"type":"LineString","coordinates":[[-84.8317,32.318],[-84.8318,32.3178]]},"properties":{"name":"Unnamed Stream","layer":"nhd_perennial_streams","stream_type":"Perennial Stream","length_miles":null,"flow_direction":"","reach_code":""}},{"type":"Feature","geometry":{"type":"LineString","coordinates":[[-85.0068,32.2518],[-85.0067,32.2506]]},"properties":{"name":"Unnamed Stream","layer":"nhd_perennial_streams","stream_type":"Perennial Stream","length_miles":null,"flow_direction":"","reach_code":""}},{"type":"Feature","geometry":{"type":"LineString","coordinates":[[-85.0156,32.369],[-85.0058,32.3697]]},"properties":{"name":"Unnamed Stream","layer":"nhd_perennial_streams","stream_type":"Perennial Stream","length_miles":null,"flow_direction":"","reach_code":""}},{"type":"Feature","geometry":{"type":"LineString","coordinates":[[-84.8294,32.4027],[-84.8384,32.4016],[-84.8439,32.3967]]},"properties":{"name":"Unnamed Stream","layer":"nhd_perennial_streams","stream_type":"Perennial Stream","length_miles":null,"flow_direction":"","reach_code":""}},{"type":"Feature","geometry":{"type":"LineString","coordinates":[[-84.8813,32.4202],[-84.8806,32.4154]]},"properties":{"name":"Unnamed Stream","layer":"nhd_perennial_streams","stream_type":"Perennial Stream","length_miles":null,"flow_direction":"","reach_code":""}},{"type":"Feature","geometry":{"type":"LineString","coordinates":[[-84.838,32.2857],[-84.8335,32.2812]]},"properties":{"name":"Unnamed Stream","layer":"nhd_perennial_streams","stream_type":"Perennial Stream","length_miles":null,"flow_direction":"","reach_code":""}},{"type":"Feature","geometry":{"type":"LineString","coordinates":[[-85.0207,32.3555],[-85.0038,32.3491]]},"properties":{"name":"Unnamed Stream","layer":"nhd_perennial_streams","stream_type":"Perennial Stream","length_miles":null,"flow_direction":"","reach_code":""}},{"type":"Feature","geometry":{"type":"LineString","coordinates":[[-84.8639,32.3188],[-84.8685,32.3195]]},"properties":{"name":"Unnamed Stream","layer":"nhd_perennial_streams","stream_type":"Perennial Stream","length_miles":null,"flow_direction":"","reach_code":""}},{"type":"Feature","geometry":{"type":"LineString","coordinates":[[-84.8811,32.2779],[-84.883,32.2749]]},"properties":{"name":"Unnamed Stream","layer":"nhd_perennial_streams","stream_type":"Perennial Stream","length_miles":null,"flow_direction":"","reach_code":""}},{"type":"Feature","geometry":{"type":"LineString","coordinates":[[-84.8697,32.4502],[-84.8708,32.4403]]},"properties":{"name":"Unnamed Stream","layer":"nhd_perennial_streams","stream_type":"Perennial Stream","length_miles":null,"flow_direction":"","reach_code":""}},{"type":"Feature","geometry":{"type":"LineString","coordinates":[[-85.0031,32.2605],[-84.998,32.2575]]},"properties":{"name":"Unnamed Stream","layer":"nhd_perennial_streams","stream_type":"Perennial Stream","length_miles":null,"flow_direction":"","reach_code":""}},{"type":"Feature","geometry":{"type":"LineString","coordinates":[[-85.1246,32.3852],[-85.1252,32.3731],[-85.1194,32.3664]]},"properties":{"name":"Unnamed Stream","layer":"nhd_perennial_streams","stream_type":"Perennial Stream","length_miles":null,"flow_direction":"","reach_code":""}},{"type":"Feature","geometry":{"type":"LineString","coordinates":[[-84.9574,32.3109],[-84.9577,32.3103]]},"properties":{"name":"Unnamed Stream","layer":"nhd_perennial_streams","stream_type":"Perennial Stream","length_miles":null,"flow_direction":"","reach_code":""}},{"type":"Feature","geometry":{"type":"LineString","coordinates":[[-84.9911,32.4272],[-84.9907,32.4268]]},"properties":{"name":"Unnamed Stream","layer":"nhd_perennial_streams","stream_type":"Perennial Stream","length_miles":null,"flow_direction":"","reach_code":""}},{"type":"Feature","geometry":{"type":"LineString","coordinates":[[-84.8642,32.3056],[-84.8749,32.3052]]},"properties":{"name":"Unnamed Stream","layer":"nhd_perennial_streams","stream_type":"Perennial Stream","length_miles":null,"flow_direction":"","reach_code":""}},{"type":"Feature","geometry":{"type":"LineString","coordinates":[[-84.8934,32.4383],[-84.8935,32.4379]]},"properties":{"name":"Unnamed Stream","layer":"nhd_perennial_streams","stream_type":"Perennial Stream","length_miles":null,"flow_direction":"","reach_code":""}},{"type":"Feature","geometry":{"type":"LineString","coordinates":[[-84.869,32.3968],[-84.8686,32.3976]]},"properties":{"name":"Unnamed Stream","layer":"nhd_perennial_streams","stream_type":"Perennial Stream","length_miles":null,"flow_direction":"","reach_code":""}},{"type":"Feature","geometry":{"type":"LineString","coordinates":[[-84.8711,32.3522],[-84.8735,32.3495]]},"properties":{"name":"Unnamed Stream","layer":"nhd_perennial_streams","stream_type":"Perennial Stream","length_miles":null,"flow_direction":"","reach_code":""}},{"type":"Feature","geometry":{"type":"LineString","coordinates":[[-85.1194,32.3664],[-85.117,32.3645]]},"properties":{"name":"Unnamed Stream","layer":"nhd_perennial_streams","stream_type":"Perennial Stream","length_miles":null,"flow_direction":"","reach_code":""}},{"type":"Feature","geometry":{"type":"LineString","coordinates":[[-84.8697,32.2825],[-84.8747,32.2825]]},"properties":{"name":"Unnamed Stream","layer":"nhd_perennial_streams","stream_type":"Perennial Stream","length_miles":null,"flow_direction":"","reach_code":""}},{"type":"Feature","geometry":{"type":"LineString","coordinates":[[-84.8253,32.3169],[-84.8275,32.317]]},"properties":{"name":"Unnamed Stream","layer":"nhd_perennial_streams","stream_type":"Perennial Stream","length_miles":null,"flow_direction":"","reach_code":""}},{"type":"Feature","geometry":{"type":"LineString","coordinates":[[-84.9942,32.2551],[-84.994,32.2547]]},"properties":{"name":"Unnamed Stream","layer":"nhd_perennial_streams","stream_type":"Perennial Stream","length_miles":null,"flow_direction":"","reach_code":""}},{"type":"Feature","geometry":{"type":"LineString","coordinates":[[-84.9915,32.2889],[-84.9885,32.2931]]},"properties":{"name":"Unnamed Stream","layer":"nhd_perennial_streams","stream_type":"Perennial Stream","length_miles":null,"flow_direction":"","reach_code":""}},{"type":"Feature","geometry":{"type":"LineString","coordinates":[[-84.8892,32.3258],[-84.8907,32.3232]]},"properties":{"name":"Unnamed Stream","layer":"nhd_perennial_streams","stream_type":"Perennial Stream","length_miles":null,"flow_direction":"","reach_code":""}},{"type":"Feature","geometry":{"type":"LineString","coordinates":[[-84.9104,32.4316],[-84.9106,32.4301]]},"properties":{"name":"Unnamed Stream","layer":"nhd_perennial_streams","stream_type":"Perennial Stream","length_miles":null,"flow_direction":"","reach_code":""}},{"type":"Feature","geometry":{"type":"LineString","coordinates":[[-84.8829,32.3382],[-84.8843,32.3373]]},"properties":{"name":"Unnamed Stream","layer":"nhd_perennial_streams","stream_type":"Perennial Stream","length_miles":null,"flow_direction":"","reach_code":""}},{"type":"Feature","geometry":{"type":"LineString","coordinates":[[-84.8587,32.306],[-84.8601,32.3059]]},"properties":{"name":"Unnamed Stream","layer":"nhd_perennial_streams","stream_type":"Perennial Stream","length_miles":null,"flow_direction":"","reach_code":""}},{"type":"Feature","geometry":{"type":"LineString","coordinates":[[-85.0576,32.2843],[-85.0561,32.2829]]},"properties":{"name":"Unnamed Stream","layer":"nhd_perennial_streams","stream_type":"Perennial Stream","length_miles":null,"flow_direction":"","reach_code":""}},{"type":"Feature","geometry":{"type":"LineString","coordinates":[[-84.8747,32.2722],[-84.8849,32.2712]]},"properties":{"name":"Unnamed Stream","layer":"nhd_perennial_streams","stream_type":"Perennial Stream","length_miles":null,"flow_direction":"","reach_code":""}},{"type":"Feature","geometry":{"type":"LineString","coordinates":[[-84.8594,32.3176],[-84.8586,32.3166]]},"properties":{"name":"Unnamed Stream","layer":"nhd_perennial_streams","stream_type":"Perennial Stream","length_miles":null,"flow_direction":"","reach_code":""}},{"type":"Feature","geometry":{"type":"LineString","coordinates":[[-85.1076,32.324],[-85.1028,32.3233]]},"properties":{"name":"Unnamed Stream","layer":"nhd_perennial_streams","stream_type":"Perennial Stream","length_miles":null,"flow_direction":"","reach_code":""}},{"type":"Feature","geometry":{"type":"LineString","coordinates":[[-85.0295,32.3037],[-85.0264,32.3021]]},"properties":{"name":"Unnamed Stream","layer":"nhd_perennial_streams","stream_type":"Perennial Stream","length_miles":null,"flow_direction":"","reach_code":""}},{"type":"Feature","geometry":{"type":"LineString","coordinates":[[-85.0628,32.3318],[-85.0566,32.3338]]},"properties":{"name":"Unnamed Stream","layer":"nhd_perennial_streams","stream_type":"Perennial Stream","length_miles":null,"flow_direction":"","reach_code":""}},{"type":"Feature","geometry":{"type":"LineString","coordinates":[[-84.8563,32.2502],[-84.8671,32.2504]]},"properties":{"name":"Unnamed Stream","layer":"nhd_perennial_streams","stream_type":"Perennial Stream","length_miles":null,"flow_direction":"","reach_code":""}},{"type":"Feature","geometry":{"type":"LineString","coordinates":[[-84.8702,32.4386],[-84.8703,32.4374]]},"properties":{"name":"Unnamed Stream","layer":"nhd_perennial_streams","stream_type":"Perennial Stream","length_miles":null,"flow_direction":"","reach_code":""}},{"type":"Feature","geometry":{"type":"LineString","coordinates":[[-85.0596,32.2668],[-85.0567,32.2621]]},"properties":{"name":"Unnamed Stream","layer":"nhd_perennial_streams","stream_type":"Perennial Stream","length_miles":null,"flow_direction":"","reach_code":""}},{"type":"Feature","geometry":{"type":"LineString","coordinates":[[-85.1223,32.2917],[-85.1196,32.2911]]},"properties":{"name":"Unnamed Stream","layer":"nhd_perennial_streams","stream_type":"Perennial Stream","length_miles":null,"flow_direction":"","reach_code":""}},{"type":"Feature","geometry":{"type":"LineString","coordinates":[[-84.9701,32.3269],[-84.9759,32.3255],[-84.9753,32.3227]]},"properties":{"name":"Unnamed Stream","layer":"nhd_perennial_streams","stream_type":"Perennial Stream","length_miles":null,"flow_direction":"","reach_code":""}},{"type":"Feature","geometry":{"type":"LineString","coordinates":[[-84.8545,32.288],[-84.8586,32.2842]]},"properties":{"name":"Unnamed Stream","layer":"nhd_perennial_streams","stream_type":"Perennial Stream","length_miles":null,"flow_direction":"","reach_code":""}},{"type":"Feature","geometry":{"type":"LineString","coordinates":[[-84.8309,32.293],[-84.8351,32.2952]]},"properties":{"name":"Unnamed Stream","layer":"nhd_perennial_streams","stream_type":"Perennial Stream","length_miles":null,"flow_direction":"","reach_code":""}},{"type":"Feature","geometry":{"type":"LineString","coordinates":[[-84.9092,32.4014],[-84.9124,32.3976]]},"properties":{"name":"Unnamed Stream","layer":"nhd_perennial_streams","stream_type":"Perennial Stream","length_miles":null,"flow_direction":"","reach_code":""}},{"type":"Feature","geometry":{"type":"LineString","coordinates":[[-85.1089,32.2371],[-85.1097,32.2373]]},"properties":{"name":"Unnamed Stream","layer":"nhd_perennial_streams","stream_type":"Perennial Stream","length_miles":null,"flow_direction":"","reach_code":""}},{"type":"Feature","geometry":{"type":"LineString","coordinates":[[-85.1116,32.3731],[-85.1098,32.3718]]},"properties":{"name":"Unnamed Stream","layer":"nhd_perennial_streams","stream_type":"Perennial Stream","length_miles":null,"flow_direction":"","reach_code":""}},{"type":"Feature","geometry":{"type":"LineString","coordinates":[[-85.1151,32.3006],[-85.1138,32.296]]},"properties":{"name":"Unnamed Stream","layer":"nhd_perennial_streams","stream_type":"Perennial Stream","length_miles":null,"flow_direction":"","reach_code":""}},{"type":"Feature","geometry":{"type":"LineString","coordinates":[[-85.064,32.4566],[-85.0598,32.454]]},"properties":{"name":"Unnamed Stream","layer":"nhd_perennial_streams","stream_type":"Perennial Stream","length_miles":null,"flow_direction":"","reach_code":""}},{"type":"Feature","geometry":{"type":"LineString","coordinates":[[-84.8757,32.3529],[-84.8735,32.3495]]},"properties":{"name":"Unnamed Stream","layer":"nhd_perennial_streams","stream_type":"Perennial Stream","length_miles":null,"flow_direction":"","reach_code":""}},{"type":"Feature","geometry":{"type":"LineString","coordinates":[[-85.0561,32.2829],[-85.0555,32.2826]]},"properties":{"name":"Unnamed Stream","layer":"nhd_perennial_streams","stream_type":"Perennial Stream","length_miles":null,"flow_direction":"","reach_code":""}},{"type":"Feature","geometry":{"type":"LineString","coordinates":[[-84.8935,32.309],[-84.8953,32.3101]]},"properties":{"name":"Unnamed Stream","layer":"nhd_perennial_streams","stream_type":"Perennial Stream","length_miles":null,"flow_direction":"","reach_code":""}},{"type":"Feature","geometry":{"type":"LineString","coordinates":[[-84.8749,32.3123],[-84.8787,32.3107]]},"properties":{"name":"Unnamed Stream","layer":"nhd_perennial_streams","stream_type":"Perennial Stream","length_miles":null,"flow_direction":"","reach_code":""}},{"type":"Feature","geometry":{"type":"LineString","coordinates":[[-84.9676,32.2396],[-84.9709,32.2357]]},"properties":{"name":"Unnamed Stream","layer":"nhd_perennial_streams","stream_type":"Perennial Stream","length_miles":null,"flow_direction":"","reach_code":""}},{"type":"Feature","geometry":{"type":"LineString","coordinates":[[-85.0597,32.4539],[-85.0568,32.4521]]},"properties":{"name":"Unnamed Stream","layer":"nhd_perennial_streams","stream_type":"Perennial Stream","length_miles":null,"flow_direction":"","reach_code":""}},{"type":"Feature","geometry":{"type":"LineString","coordinates":[[-84.8718,32.2835],[-84.8747,32.2825]]},"properties":{"name":"Unnamed Stream","layer":"nhd_perennial_streams","stream_type":"Perennial Stream","length_miles":null,"flow_direction":"","reach_code":""}},{"type":"Feature","geometry":{"type":"LineString","coordinates":[[-84.831,32.3165],[-84.8339,32.3153]]},"properties":{"name":"Unnamed Stream","layer":"nhd_perennial_streams","stream_type":"Perennial Stream","length_miles":null,"flow_direction":"","reach_code":""}},{"type":"Feature","geometry":{"type":"LineString","coordinates":[[-85.0689,32.262],[-85.0628,32.2612]]},"properties":{"name":"Unnamed Stream","layer":"nhd_perennial_streams","stream_type":"Perennial Stream","length_miles":null,"flow_direction":"","reach_code":""}},{"type":"Feature","geometry":{"type":"LineString","coordinates":[[-85.012,32.3403],[-85.0079,32.336]]},"properties":{"name":"Unnamed Stream","layer":"nhd_perennial_streams","stream_type":"Perennial Stream","length_miles":null,"flow_direction":"","reach_code":""}},{"type":"Feature","geometry":{"type":"LineString","coordinates":[[-84.9277,32.3855],[-84.9272,32.3846]]},"properties":{"name":"Unnamed Stream","layer":"nhd_perennial_streams","stream_type":"Perennial Stream","length_miles":null,"flow_direction":"","reach_code":""}},{"type":"Feature","geometry":{"type":"LineString","coordinates":[[-84.862,32.3856],[-84.8572,32.3823]]},"properties":{"name":"Unnamed Stream","layer":"nhd_perennial_streams","stream_type":"Perennial Stream","length_miles":null,"flow_direction":"","reach_code":""}},{"type":"Feature","geometry":{"type":"LineString","coordinates":[[-85.088,32.3557],[-85.0862,32.3541]]},"properties":{"name":"Unnamed Stream","layer":"nhd_perennial_streams","stream_type":"Perennial Stream","length_miles":null,"flow_direction":"","reach_code":""}},{"type":"Feature","geometry":{"type":"LineString","coordinates":[[-85.0487,32.2628],[-85.048,32.2628]]},"properties":{"name":"Unnamed Stream","layer":"nhd_perennial_streams","stream_type":"Perennial Stream","length_miles":null,"flow_direction":"","reach_code":""}},{"type":"Feature","geometry":{"type":"LineString","coordinates":[[-85.0061,32.4033],[-85.0035,32.3965]]},"properties":{"name":"Unnamed Stream","layer":"nhd_perennial_streams","stream_type":"Perennial Stream","length_miles":null,"flow_direction":"","reach_code":""}},{"type":"Feature","geometry":{"type":"LineString","coordinates":[[-84.897,32.4424],[-84.8934,32.4383]]},"properties":{"name":"Unnamed Stream","layer":"nhd_perennial_streams","stream_type":"Perennial Stream","length_miles":null,"flow_direction":"","reach_code":""}},{"type":"Feature","geometry":{"type":"LineString","coordinates":[[-85.0625,32.3729],[-85.0636,32.3722]]},"properties":{"name":"Unnamed Stream","layer":"nhd_perennial_streams","stream_type":"Perennial Stream","length_miles":null,"flow_direction":"","reach_code":""}},{"type":"Feature","geometry":{"type":"LineString","coordinates":[[-84.8924,32.3979],[-84.8932,32.3982]]},"properties":{"name":"Unnamed Stream","layer":"nhd_perennial_streams","stream_type":"Perennial Stream","length_miles":null,"flow_direction":"","reach_code":""}},{"type":"Feature","geometry":{"type":"LineString","coordinates":[[-85.0802,32.262],[-85.0793,32.2618]]},"properties":{"name":"Unnamed Stream","layer":"nhd_perennial_streams","stream_type":"Perennial Stream","length_miles":null,"flow_direction":"","reach_code":""}},{"type":"Feature","geometry":{"type":"LineString","coordinates":[[-84.8524,32.3587],[-84.857,32.359]]},"properties":{"name":"Unnamed Stream","layer":"nhd_perennial_streams","stream_type":"Perennial Stream","length_miles":null,"flow_direction":"","reach_code":""}},{"type":"Feature","geometry":{"type":"LineString","coordinates":[[-84.9453,32.2041],[-84.9464,32.2035]]},"properties":{"name":"Unnamed Stream","layer":"nhd_perennial_streams","stream_type":"Perennial Stream","length_miles":null,"flow_direction":"","reach_code":""}},{"type":"Feature","geometry":{"type":"LineString","coordinates":[[-84.8579,32.3061],[-84.8587,32.306]]},"properties":{"name":"Unnamed Stream","layer":"nhd_perennial_streams","stream_type":"Perennial Stream","length_miles":null,"flow_direction":"","reach_code":""}},{"type":"Feature","geometry":{"type":"LineString","coordinates":[[-84.8469,32.3764],[-84.8508,32.3843]]},"properties":{"name":"Unnamed Stream","layer":"nhd_perennial_streams","stream_type":"Perennial Stream","length_miles":null,"flow_direction":"","reach_code":""}},{"type":"Feature","geometry":{"type":"LineString","coordinates":[[-84.839,32.3733],[-84.8321,32.3751],[-84.8308,32.3796]]},"properties":{"name":"Unnamed Stream","layer":"nhd_perennial_streams","stream_type":"Perennial Stream","length_miles":null,"flow_direction":"","reach_code":""}},{"type":"Feature","geometry":{"type":"LineString","coordinates":[[-85.1187,32.2573],[-85.1178,32.2537]]},"properties":{"name":"Unnamed Stream","layer":"nhd_perennial_streams","stream_type":"Perennial Stream","length_miles":null,"flow_direction":"","reach_code":""}},{"type":"Feature","geometry":{"type":"LineString","coordinates":[[-85.1266,32.318],[-85.1247,32.3184]]},"properties":{"name":"Unnamed Stream","layer":"nhd_perennial_streams","stream_type":"Perennial Stream","length_miles":null,"flow_direction":"","reach_code":""}},{"type":"Feature","geometry":{"type":"LineString","coordinates":[[-85.1483,32.3607],[-85.1442,32.3627]]},"properties":{"name":"Unnamed Stream","layer":"nhd_perennial_streams","stream_type":"Perennial Stream","length_miles":null,"flow_direction":"","reach_code":""}},{"type":"Feature","geometry":{"type":"LineString","coordinates":[[-84.8856,32.3346],[-84.8863,32.3337]]},"properties":{"name":"Unnamed Stream","layer":"nhd_perennial_streams","stream_type":"Perennial Stream","length_miles":null,"flow_direction":"","reach_code":""}},{"type":"Feature","geometry":{"type":"LineString","coordinates":[[-84.9124,32.3976],[-84.9119,32.3946]]},"properties":{"name":"Unnamed Stream","layer":"nhd_perennial_streams","stream_type":"Perennial Stream","length_miles":null,"flow_direction":"","reach_code":""}},{"type":"Feature","geometry":{"type":"LineString","coordinates":[[-84.8662,32.3318],[-84.8684,32.336]]},"properties":{"name":"Unnamed Stream","layer":"nhd_perennial_streams","stream_type":"Perennial Stream","length_miles":null,"flow_direction":"","reach_code":""}},{"type":"Feature","geometry":{"type":"LineString","coordinates":[[-85.0963,32.2794],[-85.0912,32.2789]]},"properties":{"name":"Unnamed Stream","layer":"nhd_perennial_streams","stream_type":"Perennial Stream","length_miles":null,"flow_direction":"","reach_code":""}},{"type":"Feature","geometry":{"type":"LineString","coordinates":[[-84.971,32.3203],[-84.9753,32.3227]]},"properties":{"name":"Unnamed Stream","layer":"nhd_perennial_streams","stream_type":"Perennial Stream","length_miles":null,"flow_direction":"","reach_code":""}},{"type":"Feature","geometry":{"type":"LineString","coordinates":[[-84.8416,32.3433],[-84.8416,32.3464]]},"properties":{"name":"Unnamed Stream","layer":"nhd_perennial_streams","stream_type":"Perennial Stream","length_miles":null,"flow_direction":"","reach_code":""}},{"type":"Feature","geometry":{"type":"LineString","coordinates":[[-84.9154,32.4387],[-84.9234,32.4413]]},"properties":{"name":"Unnamed Stream","layer":"nhd_perennial_streams","stream_type":"Perennial Stream","length_miles":null,"flow_direction":"","reach_code":""}},{"type":"Feature","geometry":{"type":"LineString","coordinates":[[-84.9997,32.2434],[-84.9951,32.2371]]},"properties":{"name":"Unnamed Stream","layer":"nhd_perennial_streams","stream_type":"Perennial Stream","length_miles":null,"flow_direction":"","reach_code":""}},{"type":"Feature","geometry":{"type":"LineString","coordinates":[[-84.8594,32.3142],[-84.8612,32.3138]]},"properties":{"name":"Unnamed Stream","layer":"nhd_perennial_streams","stream_type":"Perennial Stream","length_miles":null,"flow_direction":"","reach_code":""}},{"type":"Feature","geometry":{"type":"LineString","coordinates":[[-84.8721,32.2548],[-84.8715,32.2496]]},"properties":{"name":"Unnamed Stream","layer":"nhd_perennial_streams","stream_type":"Perennial Stream","length_miles":null,"flow_direction":"","reach_code":""}},{"type":"Feature","geometry":{"type":"LineString","coordinates":[[-85.0424,32.2178],[-85.0377,32.215]]},"properties":{"name":"Unnamed Stream","layer":"nhd_perennial_streams","stream_type":"Perennial Stream","length_miles":null,"flow_direction":"","reach_code":""}},{"type":"Feature","geometry":{"type":"LineString","coordinates":[[-84.8549,32.2998],[-84.859,32.3023]]},"properties":{"name":"Unnamed Stream","layer":"nhd_perennial_streams","stream_type":"Perennial Stream","length_miles":null,"flow_direction":"","reach_code":""}},{"type":"Feature","geometry":{"type":"LineString","coordinates":[[-84.8541,32.3463],[-84.8581,32.345]]},"properties":{"name":"Unnamed Stream","layer":"nhd_perennial_streams","stream_type":"Perennial Stream","length_miles":null,"flow_direction":"","reach_code":""}},{"type":"Feature","geometry":{"type":"LineString","coordinates":[[-84.8386,32.3197],[-84.842,32.317]]},"properties":{"name":"Unnamed Stream","layer":"nhd_perennial_streams","stream_type":"Perennial Stream","length_miles":null,"flow_direction":"","reach_code":""}},{"type":"Feature","geometry":{"type":"LineString","coordinates":[[-84.8662,32.4193],[-84.866,32.4143]]},"properties":{"name":"Unnamed Stream","layer":"nhd_perennial_streams","stream_type":"Perennial Stream","length_miles":null,"flow_direction":"","reach_code":""}},{"type":"Feature","geometry":{"type":"LineString","coordinates":[[-85.0657,32.3303],[-85.0633,32.3316]]},"properties":{"name":"Unnamed Stream","layer":"nhd_perennial_streams","stream_type":"Perennial Stream","length_miles":null,"flow_direction":"","reach_code":""}},{"type":"Feature","geometry":{"type":"LineString","coordinates":[[-85.0555,32.2826],[-85.0535,32.281]]},"properties":{"name":"Unnamed Stream","layer":"nhd_perennial_streams","stream_type":"Perennial Stream","length_miles":null,"flow_direction":"","reach_code":""}},{"type":"Feature","geometry":{"type":"LineString","coordinates":[[-84.9282,32.266],[-84.9281,32.2651]]},"properties":{"name":"Unnamed Stream","layer":"nhd_perennial_streams","stream_type":"Perennial Stream","length_miles":null,"flow_direction":"","reach_code":""}},{"type":"Feature","geometry":{"type":"LineString","coordinates":[[-84.9084,32.4341],[-84.9089,32.4338]]},"properties":{"name":"Unnamed Stream","layer":"nhd_perennial_streams","stream_type":"Perennial Stream","length_miles":null,"flow_direction":"","reach_code":""}},{"type":"Feature","geometry":{"type":"LineString","coordinates":[[-85.0938,32.4068],[-85.0948,32.4065]]},"properties":{"name":"Unnamed Stream","layer":"nhd_perennial_streams","stream_type":"Perennial Stream","length_miles":null,"flow_direction":"","reach_code":""}},{"type":"Feature","geometry":{"type":"LineString","coordinates":[[-85.0181,32.4527],[-85.0197,32.4445],[-85.017,32.4363]]},"properties":{"name":"Unnamed Stream","layer":"nhd_perennial_streams","stream_type":"Perennial Stream","length_miles":null,"flow_direction":"","reach_code":""}},{"type":"Feature","geometry":{"type":"LineString","coordinates":[[-84.8733,32.3742],[-84.8751,32.3763]]},"properties":{"name":"Unnamed Stream","layer":"nhd_perennial_streams","stream_type":"Perennial Stream","length_miles":null,"flow_direction":"","reach_code":""}},{"type":"Feature","geometry":{"type":"LineString","coordinates":[[-84.8748,32.2611],[-84.8721,32.2565]]},"properties":{"name":"Unnamed Stream","layer":"nhd_perennial_streams","stream_type":"Perennial Stream","length_miles":null,"flow_direction":"","reach_code":""}},{"type":"Feature","geometry":{"type":"LineString","coordinates":[[-84.8558,32.3875],[-84.8508,32.3876]]},"properties":{"name":"Unnamed Stream","layer":"nhd_perennial_streams","stream_type":"Perennial Stream","length_miles":null,"flow_direction":"","reach_code":""}},{"type":"Feature","geometry":{"type":"LineString","coordinates":[[-84.8772,32.4274],[-84.8808,32.4221]]},"properties":{"name":"Unnamed Stream","layer":"nhd_perennial_streams","stream_type":"Perennial Stream","length_miles":null,"flow_direction":"","reach_code":""}},{"type":"Feature","geometry":{"type":"LineString","coordinates":[[-85.1475,32.3773],[-85.1431,32.3683]]},"properties":{"name":"Unnamed Stream","layer":"nhd_perennial_streams","stream_type":"Perennial Stream","length_miles":null,"flow_direction":"","reach_code":""}},{"type":"Feature","geometry":{"type":"LineString","coordinates":[[-84.8805,32.454],[-84.8831,32.4489]]},"properties":{"name":"Unnamed Stream","layer":"nhd_perennial_streams","stream_type":"Perennial Stream","length_miles":null,"flow_direction":"","reach_code":""}},{"type":"Feature","geometry":{"type":"LineString","coordinates":[[-85.0977,32.3757],[-85.0975,32.3749]]},"properties":{"name":"Unnamed Stream","layer":"nhd_perennial_streams","stream_type":"Perennial Stream","length_miles":null,"flow_direction":"","reach_code":""}},{"type":"Feature","geometry":{"type":"LineString","coordinates":[[-84.9387,32.3784],[-84.9414,32.378]]},"properties":{"name":"Unnamed Stream","layer":"nhd_perennial_streams","stream_type":"Perennial Stream","length_miles":null,"flow_direction":"","reach_code":""}},{"type":"Feature","geometry":{"type":"LineString","coordinates":[[-85.0116,32.3637],[-85.006,32.362],[-85.0055,32.3554]]},"properties":{"name":"Unnamed Stream","layer":"nhd_perennial_streams","stream_type":"Perennial Stream","length_miles":null,"flow_direction":"","reach_code":""}},{"type":"Feature","geometry":{"type":"LineString","coordinates":[[-84.8992,32.334],[-84.9013,32.3314]]},"properties":{"name":"Unnamed Stream","layer":"nhd_perennial_streams","stream_type":"Perennial Stream","length_miles":null,"flow_direction":"","reach_code":""}},{"type":"Feature","geometry":{"type":"LineString","coordinates":[[-84.8926,32.4205],[-84.891,32.4176]]},"properties":{"name":"Unnamed Stream","layer":"nhd_perennial_streams","stream_type":"Perennial Stream","length_miles":null,"flow_direction":"","reach_code":""}},{"type":"Feature","geometry":{"type":"LineString","coordinates":[[-84.8664,32.346],[-84.8657,32.3419]]},"properties":{"name":"Unnamed Stream","layer":"nhd_perennial_streams","stream_type":"Perennial Stream","length_miles":null,"flow_direction":"","reach_code":""}},{"type":"Feature","geometry":{"type":"LineString","coordinates":[[-84.8667,32.2867],[-84.8718,32.2835]]},"properties":{"name":"Unnamed Stream","layer":"nhd_perennial_streams","stream_type":"Perennial Stream","length_miles":null,"flow_direction":"","reach_code":""}},{"type":"Feature","geometry":{"type":"LineString","coordinates":[[-85.1133,32.2951],[-85.1131,32.2924]]},"properties":{"name":"Unnamed Stream","layer":"nhd_perennial_streams","stream_type":"Perennial Stream","length_miles":null,"flow_direction":"","reach_code":""}},{"type":"Feature","geometry":{"type":"LineString","coordinates":[[-84.9922,32.4308],[-84.9917,32.4301]]},"properties":{"name":"Unnamed Stream","layer":"nhd_perennial_streams","stream_type":"Perennial Stream","length_miles":null,"flow_direction":"","reach_code":""}},{"type":"Feature","geometry":{"type":"LineString","coordinates":[[-84.8849,32.2712],[-84.8857,32.2691]]},"properties":{"name":"Unnamed Stream","layer":"nhd_perennial_streams","stream_type":"Perennial Stream","length_miles":null,"flow_direction":"","reach_code":""}},{"type":"Feature","geometry":{"type":"LineString","coordinates":[[-85.1026,32.2533],[-85.1068,32.2497]]},"properties":{"name":"Unnamed Stream","layer":"nhd_perennial_streams","stream_type":"Perennial Stream","length_miles":null,"flow_direction":"","reach_code":""}},{"type":"Feature","geometry":{"type":"LineString","coordinates":[[-84.8333,32.3032],[-84.8383,32.3032]]},"properties":{"name":"Unnamed Stream","layer":"nhd_perennial_streams","stream_type":"Perennial Stream","length_miles":null,"flow_direction":"","reach_code":""}},{"type":"Feature","geometry":{"type":"LineString","coordinates":[[-84.8368,32.316],[-84.8409,32.3116]]},"properties":{"name":"Unnamed Stream","layer":"nhd_perennial_streams","stream_type":"Perennial Stream","length_miles":null,"flow_direction":"","reach_code":""}},{"type":"Feature","geometry":{"type":"LineString","coordinates":[[-84.9795,32.4253],[-84.9836,32.4172],[-84.9796,32.4125]]},"properties":{"name":"Unnamed Stream","layer":"nhd_perennial_streams","stream_type":"Perennial Stream","length_miles":null,"flow_direction":"","reach_code":""}},{"type":"Feature","geometry":{"type":"LineString","coordinates":[[-85.108,32.2807],[-85.1054,32.2797]]},"properties":{"name":"Unnamed Stream","layer":"nhd_perennial_streams","stream_type":"Perennial Stream","length_miles":null,"flow_direction":"","reach_code":""}},{"type":"Feature","geometry":{"type":"LineString","coordinates":[[-85.067,32.365],[-85.0681,32.3648]]},"properties":{"name":"Unnamed Stream","layer":"nhd_perennial_streams","stream_type":"Perennial Stream","length_miles":null,"flow_direction":"","reach_code":""}},{"type":"Feature","geometry":{"type":"LineString","coordinates":[[-84.8431,32.288],[-84.8438,32.3013]]},"properties":{"name":"Unnamed Stream","layer":"nhd_perennial_streams","stream_type":"Perennial Stream","length_miles":null,"flow_direction":"","reach_code":""}},{"type":"Feature","geometry":{"type":"LineString","coordinates":[[-84.8937,32.4244],[-84.893,32.4233]]},"properties":{"name":"Unnamed Stream","layer":"nhd_perennial_streams","stream_type":"Perennial Stream","length_miles":null,"flow_direction":"","reach_code":""}},{"type":"Feature","geometry":{"type":"LineString","coordinates":[[-85.1212,32.3381],[-85.1178,32.3336]]},"properties":{"name":"Unnamed Stream","layer":"nhd_perennial_streams","stream_type":"Perennial Stream","length_miles":null,"flow_direction":"","reach_code":""}},{"type":"Feature","geometry":{"type":"LineString","coordinates":[[-85.053,32.3772],[-85.056,32.3741]]},"properties":{"name":"Unnamed Stream","layer":"nhd_perennial_streams","stream_type":"Perennial Stream","length_miles":null,"flow_direction":"","reach_code":""}},{"type":"Feature","geometry":{"type":"LineString","coordinates":[[-84.978,32.4669],[-84.9783,32.4593]]},"properties":{"name":"Unnamed Stream","layer":"nhd_perennial_streams","stream_type":"Perennial Stream","length_miles":null,"flow_direction":"","reach_code":""}},{"type":"Feature","geometry":{"type":"LineString","coordinates":[[-84.8709,32.3354],[-84.8735,32.334]]},"properties":{"name":"Unnamed Stream","layer":"nhd_perennial_streams","stream_type":"Perennial Stream","length_miles":null,"flow_direction":"","reach_code":""}},{"type":"Feature","geometry":{"type":"LineString","coordinates":[[-84.8263,32.3445],[-84.8216,32.3436]]},"properties":{"name":"Unnamed Stream","layer":"nhd_perennial_streams","stream_type":"Perennial Stream","length_miles":null,"flow_direction":"","reach_code":""}},{"type":"Feature","geometry":{"type":"LineString","coordinates":[[-85.0062,32.4053],[-85.0061,32.4033]]},"properties":{"name":"Unnamed Stream","layer":"nhd_perennial_streams","stream_type":"Perennial Stream","length_miles":null,"flow_direction":"","reach_code":""}},{"type":"Feature","geometry":{"type":"LineString","coordinates":[[-85.0944,32.2886],[-85.0958,32.2835]]},"properties":{"name":"Unnamed Stream","layer":"nhd_perennial_streams","stream_type":"Perennial Stream","length_miles":null,"flow_direction":"","reach_code":""}},{"type":"Feature","geometry":{"type":"LineString","coordinates":[[-84.9824,32.3667],[-84.9829,32.3668]]},"properties":{"name":"Unnamed Stream","layer":"nhd_perennial_streams","stream_type":"Perennial Stream","length_miles":null,"flow_direction":"","reach_code":""}},{"type":"Feature","geometry":{"type":"LineString","coordinates":[[-84.9979,32.4189],[-84.9969,32.4209]]},"properties":{"name":"Unnamed Stream","layer":"nhd_perennial_streams","stream_type":"Perennial Stream","length_miles":null,"flow_direction":"","reach_code":""}},{"type":"Feature","geometry":{"type":"LineString","coordinates":[[-84.8887,32.3106],[-84.8935,32.309]]},"properties":{"name":"Unnamed Stream","layer":"nhd_perennial_streams","stream_type":"Perennial Stream","length_miles":null,"flow_direction":"","reach_code":""}},{"type":"Feature","geometry":{"type":"LineString","coordinates":[[-84.8671,32.2504],[-84.8714,32.2493]]},"properties":{"name":"Unnamed Stream","layer":"nhd_perennial_streams","stream_type":"Perennial Stream","length_miles":null,"flow_direction":"","reach_code":""}},{"type":"Feature","geometry":{"type":"LineString","coordinates":[[-84.9785,32.2316],[-84.9762,32.2336]]},"properties":{"name":"Unnamed Stream","layer":"nhd_perennial_streams","stream_type":"Perennial Stream","length_miles":null,"flow_direction":"","reach_code":""}},{"type":"Feature","geometry":{"type":"LineString","coordinates":[[-85.0855,32.4389],[-85.0863,32.4253]]},"properties":{"name":"Unnamed Stream","layer":"nhd_perennial_streams","stream_type":"Perennial Stream","length_miles":null,"flow_direction":"","reach_code":""}},{"type":"Feature","geometry":{"type":"LineString","coordinates":[[-84.8351,32.2952],[-84.8392,32.3027]]},"properties":{"name":"Unnamed Stream","layer":"nhd_perennial_streams","stream_type":"Perennial Stream","length_miles":null,"flow_direction":"","reach_code":""}},{"type":"Feature","geometry":{"type":"LineString","coordinates":[[-85.0343,32.3056],[-85.0322,32.3049]]},"properties":{"name":"Unnamed Stream","layer":"nhd_perennial_streams","stream_type":"Perennial Stream","length_miles":null,"flow_direction":"","reach_code":""}},{"type":"Feature","geometry":{"type":"LineString","coordinates":[[-84.8526,32.3068],[-84.8579,32.3061]]},"properties":{"name":"Unnamed Stream","layer":"nhd_perennial_streams","stream_type":"Perennial Stream","length_miles":null,"flow_direction":"","reach_code":""}},{"type":"Feature","geometry":{"type":"LineString","coordinates":[[-84.8497,32.2569],[-84.8617,32.2576]]},"properties":{"name":"Unnamed Stream","layer":"nhd_perennial_streams","stream_type":"Perennial Stream","length_miles":null,"flow_direction":"","reach_code":""}},{"type":"Feature","geometry":{"type":"LineString","coordinates":[[-84.8756,32.3456],[-84.8769,32.3447]]},"properties":{"name":"Unnamed Stream","layer":"nhd_perennial_streams","stream_type":"Perennial Stream","length_miles":null,"flow_direction":"","reach_code":""}},{"type":"Feature","geometry":{"type":"LineString","coordinates":[[-84.8572,32.3823],[-84.8536,32.3829]]},"properties":{"name":"Unnamed Stream","layer":"nhd_perennial_streams","stream_type":"Perennial Stream","length_miles":null,"flow_direction":"","reach_code":""}},{"type":"Feature","geometry":{"type":"LineString","coordinates":[[-84.8469,32.3284],[-84.8511,32.3158],[-84.8594,32.3142]]},"properties":{"name":"Unnamed Stream","layer":"nhd_perennial_streams","stream_type":"Perennial Stream","length_miles":null,"flow_direction":"","reach_code":""}},{"type":"Feature","geometry":{"type":"LineString","coordinates":[[-84.853,32.3391],[-84.855,32.342]]},"properties":{"name":"Unnamed Stream","layer":"nhd_perennial_streams","stream_type":"Perennial Stream","length_miles":null,"flow_direction":"","reach_code":""}},{"type":"Feature","geometry":{"type":"LineString","coordinates":[[-85.1495,32.3788],[-85.1475,32.3773]]},"properties":{"name":"Unnamed Stream","layer":"nhd_perennial_streams","stream_type":"Perennial Stream","length_miles":null,"flow_direction":"","reach_code":""}},{"type":"Feature","geometry":{"type":"LineString","coordinates":[[-84.8637,32.4027],[-84.8643,32.4133]]},"properties":{"name":"Unnamed Stream","layer":"nhd_perennial_streams","stream_type":"Perennial Stream","length_miles":null,"flow_direction":"","reach_code":""}},{"type":"Feature","geometry":{"type":"LineString","coordinates":[[-85.0656,32.2174],[-85.0579,32.2147]]},"properties":{"name":"Unnamed Stream","layer":"nhd_perennial_streams","stream_type":"Perennial Stream","length_miles":null,"flow_direction":"","reach_code":""}},{"type":"Feature","geometry":{"type":"LineString","coordinates":[[-84.8358,32.3959],[-84.8426,32.3954]]},"properties":{"name":"Unnamed Stream","layer":"nhd_perennial_streams","stream_type":"Perennial Stream","length_miles":null,"flow_direction":"","reach_code":""}},{"type":"Feature","geometry":{"type":"LineString","coordinates":[[-85.0274,32.438],[-85.0225,32.436]]},"properties":{"name":"Unnamed Stream","layer":"nhd_perennial_streams","stream_type":"Perennial Stream","length_miles":null,"flow_direction":"","reach_code":""}},{"type":"Feature","geometry":{"type":"LineString","coordinates":[[-85.068,32.329],[-85.0657,32.3303]]},"properties":{"name":"Unnamed Stream","layer":"nhd_perennial_streams","stream_type":"Perennial Stream","length_miles":null,"flow_direction":"","reach_code":""}},{"type":"Feature","geometry":{"type":"LineString","coordinates":[[-85.1097,32.2444],[-85.1117,32.2417],[-85.1097,32.2373]]},"properties":{"name":"Unnamed Stream","layer":"nhd_perennial_streams","stream_type":"Perennial Stream","length_miles":null,"flow_direction":"","reach_code":""}},{"type":"Feature","geometry":{"type":"LineString","coordinates":[[-84.9724,32.3218],[-84.9629,32.3161]]},"properties":{"name":"Unnamed Stream","layer":"nhd_perennial_streams","stream_type":"Perennial Stream","length_miles":null,"flow_direction":"","reach_code":""}},{"type":"Feature","geometry":{"type":"LineString","coordinates":[[-84.9562,32.2316],[-84.9619,32.2291]]},"properties":{"name":"Unnamed Stream","layer":"nhd_perennial_streams","stream_type":"Perennial Stream","length_miles":null,"flow_direction":"","reach_code":""}},{"type":"Feature","geometry":{"type":"LineString","coordinates":[[-85.0948,32.3007],[-85.0892,32.2996]]},"properties":{"name":"Unnamed Stream","layer":"nhd_perennial_streams","stream_type":"Perennial Stream","length_miles":null,"flow_direction":"","reach_code":""}},{"type":"Feature","geometry":{"type":"LineString","coordinates":[[-84.9606,32.3923],[-84.9604,32.3908]]},"properties":{"name":"Unnamed Stream","layer":"nhd_perennial_streams","stream_type":"Perennial Stream","length_miles":null,"flow_direction":"","reach_code":""}},{"type":"Feature","geometry":{"type":"LineString","coordinates":[[-84.9269,32.3987],[-84.9299,32.3966]]},"properties":{"name":"Unnamed Stream","layer":"nhd_perennial_streams","stream_type":"Perennial Stream","length_miles":null,"flow_direction":"","reach_code":""}},{"type":"Feature","geometry":{"type":"LineString","coordinates":[[-84.8543,32.3376],[-84.8625,32.3357]]},"properties":{"name":"Unnamed Stream","layer":"nhd_perennial_streams","stream_type":"Perennial Stream","length_miles":null,"flow_direction":"","reach_code":""}},{"type":"Feature","geometry":{"type":"LineString","coordinates":[[-84.9456,32.4685],[-84.9429,32.4694]]},"properties":{"name":"Unnamed Stream","layer":"nhd_perennial_streams","stream_type":"Perennial Stream","length_miles":null,"flow_direction":"","reach_code":""}},{"type":"Feature","geometry":{"type":"LineString","coordinates":[[-84.8749,32.3052],[-84.8845,32.3082]]},"properties":{"name":"Unnamed Stream","layer":"nhd_perennial_streams","stream_type":"Perennial Stream","length_miles":null,"flow_direction":"","reach_code":""}},{"type":"Feature","geometry":{"type":"LineString","coordinates":[[-84.9925,32.4293],[-84.9919,32.4281]]},"properties":{"name":"Unnamed Stream","layer":"nhd_perennial_streams","stream_type":"Perennial Stream","length_miles":null,"flow_direction":"","reach_code":""}},{"type":"Feature","geometry":{"type":"LineString","coordinates":[[-85.0633,32.3316],[-85.0628,32.3318]]},"properties":{"name":"Unnamed Stream","layer":"nhd_perennial_streams","stream_type":"Perennial Stream","length_miles":null,"flow_direction":"","reach_code":""}},{"type":"Feature","geometry":{"type":"LineString","coordinates":[[-85.151,32.3787],[-85.1495,32.3788]]},"properties":{"name":"Unnamed Stream","layer":"nhd_perennial_streams","stream_type":"Perennial Stream","length_miles":null,"flow_direction":"","reach_code":""}},{"type":"Feature","geometry":{"type":"LineString","coordinates":[[-84.8335,32.3511],[-84.8315,32.3627]]},"properties":{"name":"Unnamed Stream","layer":"nhd_perennial_streams","stream_type":"Perennial Stream","length_miles":null,"flow_direction":"","reach_code":""}},{"type":"Feature","geometry":{"type":"LineString","coordinates":[[-85.0963,32.3664],[-85.0952,32.3625]]},"properties":{"name":"Unnamed Stream","layer":"nhd_perennial_streams","stream_type":"Perennial Stream","length_miles":null,"flow_direction":"","reach_code":""}},{"type":"Feature","geometry":{"type":"LineString","coordinates":[[-84.9766,32.3186],[-84.9771,32.3164]]},"properties":{"name":"Unnamed Stream","layer":"nhd_perennial_streams","stream_type":"Perennial Stream","length_miles":null,"flow_direction":"","reach_code":""}},{"type":"Feature","geometry":{"type":"LineString","coordinates":[[-84.8655,32.399],[-84.8691,32.4002]]},"properties":{"name":"Unnamed Stream","layer":"nhd_perennial_streams","stream_type":"Perennial Stream","length_miles":null,"flow_direction":"","reach_code":""}},{"type":"Feature","geometry":{"type":"LineString","coordinates":[[-84.8641,32.2794],[-84.8648,32.2795]]},"properties":{"name":"Unnamed Stream","layer":"nhd_perennial_streams","stream_type":"Perennial Stream","length_miles":null,"flow_direction":"","reach_code":""}},{"type":"Feature","geometry":{"type":"LineString","coordinates":[[-84.859,32.3023],[-84.8642,32.3056]]},"properties":{"name":"Unnamed Stream","layer":"nhd_perennial_streams","stream_type":"Perennial Stream","length_miles":null,"flow_direction":"","reach_code":""}},{"type":"Feature","geometry":{"type":"LineString","coordinates":[[-84.866,32.4201],[-84.8662,32.4193]]},"properties":{"name":"Unnamed Stream","layer":"nhd_perennial_streams","stream_type":"Perennial Stream","length_miles":null,"flow_direction":"","reach_code":""}},{"type":"Feature","geometry":{"type":"LineString","coordinates":[[-84.857,32.359],[-84.8608,32.3573]]},"properties":{"name":"Unnamed Stream","layer":"nhd_perennial_streams","stream_type":"Perennial Stream","length_miles":null,"flow_direction":"","reach_code":""}},{"type":"Feature","geometry":{"type":"LineString","coordinates":[[-85.072,32.2741],[-85.0644,32.2716]]},"properties":{"name":"Unnamed Stream","layer":"nhd_perennial_streams","stream_type":"Perennial Stream","length_miles":null,"flow_direction":"","reach_code":""}},{"type":"Feature","geometry":{"type":"LineString","coordinates":[[-84.9046,32.2906],[-84.9026,32.2843]]},"properties":{"name":"Unnamed Stream","layer":"nhd_perennial_streams","stream_type":"Perennial Stream","length_miles":null,"flow_direction":"","reach_code":""}},{"type":"Feature","geometry":{"type":"LineString","coordinates":[[-85.0066,32.2426],[-84.9956,32.2373]]},"properties":{"name":"Unnamed Stream","layer":"nhd_perennial_streams","stream_type":"Perennial Stream","length_miles":null,"flow_direction":"","reach_code":""}},{"type":"Feature","geometry":{"type":"LineString","coordinates":[[-84.8887,32.3106],[-84.8882,32.3119]]},"properties":{"name":"Unnamed Stream","layer":"nhd_perennial_streams","stream_type":"Perennial Stream","length_miles":null,"flow_direction":"","reach_code":""}},{"type":"Feature","geometry":{"type":"LineString","coordinates":[[-84.8611,32.3199],[-84.8594,32.3176]]},"properties":{"name":"Unnamed Stream","layer":"nhd_perennial_streams","stream_type":"Perennial Stream","length_miles":null,"flow_direction":"","reach_code":""}},{"type":"Feature","geometry":{"type":"LineString","coordinates":[[-84.9783,32.4593],[-84.9652,32.4477]]},"properties":{"name":"Unnamed Stream","layer":"nhd_perennial_streams","stream_type":"Perennial Stream","length_miles":null,"flow_direction":"","reach_code":""}},{"type":"Feature","geometry":{"type":"LineString","coordinates":[[-84.8932,32.3982],[-84.895,32.3995]]},"properties":{"name":"Unnamed Stream","layer":"nhd_perennial_streams","stream_type":"Perennial Stream","length_miles":null,"flow_direction":"","reach_code":""}},{"type":"Feature","geometry":{"type":"LineString","coordinates":[[-84.9824,32.3667],[-84.9827,32.3658]]},"properties":{"name":"Unnamed Stream","layer":"nhd_perennial_streams","stream_type":"Perennial Stream","length_miles":null,"flow_direction":"","reach_code":""}},{"type":"Feature","geometry":{"type":"LineString","coordinates":[[-85.0331,32.2698],[-85.0229,32.2668]]},"properties":{"name":"Unnamed Stream","layer":"nhd_perennial_streams","stream_type":"Perennial Stream","length_miles":null,"flow_direction":"","reach_code":""}},{"type":"Feature","geometry":{"type":"LineString","coordinates":[[-85.0616,32.2877],[-85.0576,32.2843]]},"properties":{"name":"Unnamed Stream","layer":"nhd_perennial_streams","stream_type":"Perennial Stream","length_miles":null,"flow_direction":"","reach_code":""}},{"type":"Feature","geometry":{"type":"LineString","coordinates":[[-85.0681,32.3648],[-85.0731,32.3572]]},"properties":{"name":"Unnamed Stream","layer":"nhd_perennial_streams","stream_type":"Perennial Stream","length_miles":null,"flow_direction":"","reach_code":""}},{"type":"Feature","geometry":{"type":"LineString","coordinates":[[-85.0738,32.2617],[-85.0689,32.262]]},"properties":{"name":"Unnamed Stream","layer":"nhd_perennial_streams","stream_type":"Perennial Stream","length_miles":null,"flow_direction":"","reach_code":""}},{"type":"Feature","geometry":{"type":"LineString","coordinates":[[-84.852,32.3733],[-84.8558,32.378]]},"properties":{"name":"Unnamed Stream","layer":"nhd_perennial_streams","stream_type":"Perennial Stream","length_miles":null,"flow_direction":"","reach_code":""}},{"type":"Feature","geometry":{"type":"LineString","coordinates":[[-84.9898,32.425],[-84.9893,32.4247]]},"properties":{"name":"Unnamed Stream","layer":"nhd_perennial_streams","stream_type":"Perennial Stream","length_miles":null,"flow_direction":"","reach_code":""}},{"type":"Feature","geometry":{"type":"LineString","coordinates":[[-85.1131,32.2924],[-85.1125,32.2907]]},"properties":{"name":"Unnamed Stream","layer":"nhd_perennial_streams","stream_type":"Perennial Stream","length_miles":null,"flow_direction":"","reach_code":""}},{"type":"Feature","geometry":{"type":"LineString","coordinates":[[-85.1535,32.3084],[-85.159,32.3015]]},"properties":{"name":"Unnamed Stream","layer":"nhd_perennial_streams","stream_type":"Perennial Stream","length_miles":null,"flow_direction":"","reach_code":""}},{"type":"Feature","geometry":{"type":"LineString","coordinates":[[-84.8612,32.3138],[-84.8654,32.3091],[-84.8749,32.3068]]},"properties":{"name":"Unnamed Stream","layer":"nhd_perennial_streams","stream_type":"Perennial Stream","length_miles":null,"flow_direction":"","reach_code":""}},{"type":"Feature","geometry":{"type":"LineString","coordinates":[[-84.8749,32.29],[-84.8804,32.2798]]},"properties":{"name":"Unnamed Stream","layer":"nhd_perennial_streams","stream_type":"Perennial Stream","length_miles":null,"flow_direction":"","reach_code":""}},{"type":"Feature","geometry":{"type":"LineString","coordinates":[[-84.8438,32.3013],[-84.8446,32.3035]]},"properties":{"name":"Unnamed Stream","layer":"nhd_perennial_streams","stream_type":"Perennial Stream","length_miles":null,"flow_direction":"","reach_code":""}},{"type":"Feature","geometry":{"type":"LineString","coordinates":[[-84.9429,32.4694],[-84.9395,32.4609],[-84.9426,32.4553]]},"properties":{"name":"Unnamed Stream","layer":"nhd_perennial_streams","stream_type":"Perennial Stream","length_miles":null,"flow_direction":"","reach_code":""}},{"type":"Feature","geometry":{"type":"LineString","coordinates":[[-84.8632,32.3594],[-84.8608,32.3573]]},"properties":{"name":"Unnamed Stream","layer":"nhd_perennial_streams","stream_type":"Perennial Stream","length_miles":null,"flow_direction":"","reach_code":""}},{"type":"Feature","geometry":{"type":"LineString","coordinates":[[-84.8612,32.3785],[-84.8572,32.3823]]},"properties":{"name":"Unnamed Stream","layer":"nhd_perennial_streams","stream_type":"Perennial Stream","length_miles":null,"flow_direction":"","reach_code":""}},{"type":"Feature","geometry":{"type":"LineString","coordinates":[[-85.0065,32.3029],[-85.0058,32.3028]]},"properties":{"name":"Unnamed Stream","layer":"nhd_perennial_streams","stream_type":"Perennial Stream","length_miles":null,"flow_direction":"","reach_code":""}},{"type":"Feature","geometry":{"type":"LineString","coordinates":[[-84.8898,32.4434],[-84.8923,32.4396]]},"properties":{"name":"Unnamed Stream","layer":"nhd_perennial_streams","stream_type":"Perennial Stream","length_miles":null,"flow_direction":"","reach_code":""}},{"type":"Feature","geometry":{"type":"LineString","coordinates":[[-84.883,32.2749],[-84.8849,32.2712]]},"properties":{"name":"Unnamed Stream","layer":"nhd_perennial_streams","stream_type":"Perennial Stream","length_miles":null,"flow_direction":"","reach_code":""}},{"type":"Feature","geometry":{"type":"LineString","coordinates":[[-84.8854,32.446],[-84.8856,32.4459]]},"properties":{"name":"Unnamed Stream","layer":"nhd_perennial_streams","stream_type":"Perennial Stream","length_miles":null,"flow_direction":"","reach_code":""}},{"type":"Feature","geometry":{"type":"LineString","coordinates":[[-84.8495,32.2982],[-84.8446,32.3035]]},"properties":{"name":"Unnamed Stream","layer":"nhd_perennial_streams","stream_type":"Perennial Stream","length_miles":null,"flow_direction":"","reach_code":""}},{"type":"Feature","geometry":{"type":"LineString","coordinates":[[-85.0256,32.3727],[-85.0217,32.3714]]},"properties":{"name":"Unnamed Stream","layer":"nhd_perennial_streams","stream_type":"Perennial Stream","length_miles":null,"flow_direction":"","reach_code":""}},{"type":"Feature","geometry":{"type":"LineString","coordinates":[[-84.8653,32.3165],[-84.8686,32.3149]]},"properties":{"name":"Unnamed Stream","layer":"nhd_perennial_streams","stream_type":"Perennial Stream","length_miles":null,"flow_direction":"","reach_code":""}},{"type":"Feature","geometry":{"type":"LineString","coordinates":[[-85.0553,32.2711],[-85.0519,32.272]]},"properties":{"name":"Unnamed Stream","layer":"nhd_perennial_streams","stream_type":"Perennial Stream","length_miles":null,"flow_direction":"","reach_code":""}},{"type":"Feature","geometry":{"type":"LineString","coordinates":[[-84.8598,32.3469],[-84.859,32.3443]]},"properties":{"name":"Unnamed Stream","layer":"nhd_perennial_streams","stream_type":"Perennial Stream","length_miles":null,"flow_direction":"","reach_code":""}},{"type":"Feature","geometry":{"type":"LineString","coordinates":[[-84.8787,32.3107],[-84.8813,32.3091]]},"properties":{"name":"Unnamed Stream","layer":"nhd_perennial_streams","stream_type":"Perennial Stream","length_miles":null,"flow_direction":"","reach_code":""}},{"type":"Feature","geometry":{"type":"LineString","coordinates":[[-85.0598,32.454],[-85.0597,32.4539]]},"properties":{"name":"Unnamed Stream","layer":"nhd_perennial_streams","stream_type":"Perennial Stream","length_miles":null,"flow_direction":"","reach_code":""}},{"type":"Feature","geometry":{"type":"LineString","coordinates":[[-85.0631,32.2906],[-85.0616,32.2877]]},"properties":{"name":"Unnamed Stream","layer":"nhd_perennial_streams","stream_type":"Perennial Stream","length_miles":null,"flow_direction":"","reach_code":""}},{"type":"Feature","geometry":{"type":"LineString","coordinates":[[-84.8398,32.3268],[-84.8409,32.3234]]},"properties":{"name":"Unnamed Stream","layer":"nhd_perennial_streams","stream_type":"Perennial Stream","length_miles":null,"flow_direction":"","reach_code":""}},{"type":"Feature","geometry":{"type":"LineString","coordinates":[[-84.944,32.1997],[-84.9464,32.2035]]},"properties":{"name":"Unnamed Stream","layer":"nhd_perennial_streams","stream_type":"Perennial Stream","length_miles":null,"flow_direction":"","reach_code":""}},{"type":"Feature","geometry":{"type":"LineString","coordinates":[[-85.0688,32.3014],[-85.0676,32.3005]]},"properties":{"name":"Unnamed Stream","layer":"nhd_perennial_streams","stream_type":"Perennial Stream","length_miles":null,"flow_direction":"","reach_code":""}},{"type":"Feature","geometry":{"type":"LineString","coordinates":[[-85.004,32.4252],[-84.9969,32.4209]]},"properties":{"name":"Unnamed Stream","layer":"nhd_perennial_streams","stream_type":"Perennial Stream","length_miles":null,"flow_direction":"","reach_code":""}},{"type":"Feature","geometry":{"type":"LineString","coordinates":[[-84.8715,32.2496],[-84.8714,32.2493]]},"properties":{"name":"Unnamed Stream","layer":"nhd_perennial_streams","stream_type":"Perennial Stream","length_miles":null,"flow_direction":"","reach_code":""}},{"type":"Feature","geometry":{"type":"LineString","coordinates":[[-84.8527,32.3281],[-84.8512,32.3276]]},"properties":{"name":"Unnamed Stream","layer":"nhd_perennial_streams","stream_type":"Perennial Stream","length_miles":null,"flow_direction":"","reach_code":""}},{"type":"Feature","geometry":{"type":"LineString","coordinates":[[-85.0561,32.2145],[-85.0532,32.2156]]},"properties":{"name":"Unnamed Stream","layer":"nhd_perennial_streams","stream_type":"Perennial Stream","length_miles":null,"flow_direction":"","reach_code":""}},{"type":"Feature","geometry":{"type":"LineString","coordinates":[[-84.9493,32.2053],[-84.9521,32.2072],[-84.9597,32.2045]]},"properties":{"name":"Unnamed Stream","layer":"nhd_perennial_streams","stream_type":"Perennial Stream","length_miles":null,"flow_direction":"","reach_code":""}},{"type":"Feature","geometry":{"type":"LineString","coordinates":[[-84.9146,32.2118],[-84.9192,32.2178]]},"properties":{"name":"Unnamed Stream","layer":"nhd_perennial_streams","stream_type":"Perennial Stream","length_miles":null,"flow_direction":"","reach_code":""}},{"type":"Feature","geometry":{"type":"LineString","coordinates":[[-84.9111,32.3202],[-84.9156,32.3136]]},"properties":{"name":"Unnamed Stream","layer":"nhd_perennial_streams","stream_type":"Perennial Stream","length_miles":null,"flow_direction":"","reach_code":""}},{"type":"Feature","geometry":{"type":"LineString","coordinates":[[-84.8895,32.4436],[-84.8898,32.4434]]},"properties":{"name":"Unnamed Stream","layer":"nhd_perennial_streams","stream_type":"Perennial Stream","length_miles":null,"flow_direction":"","reach_code":""}},{"type":"Feature","geometry":{"type":"LineString","coordinates":[[-84.8261,32.3614],[-84.822,32.368]]},"properties":{"name":"Unnamed Stream","layer":"nhd_perennial_streams","stream_type":"Perennial Stream","length_miles":null,"flow_direction":"","reach_code":""}},{"type":"Feature","geometry":{"type":"LineString","coordinates":[[-84.8398,32.3515],[-84.8438,32.3479]]},"properties":{"name":"Unnamed Stream","layer":"nhd_perennial_streams","stream_type":"Perennial Stream","length_miles":null,"flow_direction":"","reach_code":""}},{"type":"Feature","geometry":{"type":"LineString","coordinates":[[-84.9365,32.3948],[-84.9342,32.3953]]},"properties":{"name":"Unnamed Stream","layer":"nhd_perennial_streams","stream_type":"Perennial Stream","length_miles":null,"flow_direction":"","reach_code":""}},{"type":"Feature","geometry":{"type":"LineString","coordinates":[[-84.8315,32.299],[-84.8384,32.3031]]},"properties":{"name":"Unnamed Stream","layer":"nhd_perennial_streams","stream_type":"Perennial Stream","length_miles":null,"flow_direction":"","reach_code":""}},{"type":"Feature","geometry":{"type":"LineString","coordinates":[[-84.8656,32.3913],[-84.8686,32.3976]]},"properties":{"name":"Unnamed Stream","layer":"nhd_perennial_streams","stream_type":"Perennial Stream","length_miles":null,"flow_direction":"","reach_code":""}},{"type":"Feature","geometry":{"type":"LineString","coordinates":[[-84.8409,32.3234],[-84.842,32.317]]},"properties":{"name":"Unnamed Stream","layer":"nhd_perennial_streams","stream_type":"Perennial Stream","length_miles":null,"flow_direction":"","reach_code":""}},{"type":"Feature","geometry":{"type":"LineString","coordinates":[[-85.1118,32.3298],[-85.1089,32.3264]]},"properties":{"name":"Unnamed Stream","layer":"nhd_perennial_streams","stream_type":"Perennial Stream","length_miles":null,"flow_direction":"","reach_code":""}},{"type":"Feature","geometry":{"type":"LineString","coordinates":[[-84.8461,32.3751],[-84.8469,32.3764]]},"properties":{"name":"Unnamed Stream","layer":"nhd_perennial_streams","stream_type":"Perennial Stream","length_miles":null,"flow_direction":"","reach_code":""}},{"type":"Feature","geometry":{"type":"LineString","coordinates":[[-85.0518,32.381],[-85.0519,32.3806]]},"properties":{"name":"Unnamed Stream","layer":"nhd_perennial_streams","stream_type":"Perennial Stream","length_miles":null,"flow_direction":"","reach_code":""}},{"type":"Feature","geometry":{"type":"LineString","coordinates":[[-85.0532,32.2156],[-85.051,32.2154]]},"properties":{"name":"Unnamed Stream","layer":"nhd_perennial_streams","stream_type":"Perennial Stream","length_miles":null,"flow_direction":"","reach_code":""}},{"type":"Feature","geometry":{"type":"LineString","coordinates":[[-84.8747,32.2825],[-84.8804,32.2798]]},"properties":{"name":"Unnamed Stream","layer":"nhd_perennial_streams","stream_type":"Perennial Stream","length_miles":null,"flow_direction":"","reach_code":""}},{"type":"Feature","geometry":{"type":"LineString","coordinates":[[-85.1122,32.3305],[-85.1118,32.3298]]},"properties":{"name":"Unnamed Stream","layer":"nhd_perennial_streams","stream_type":"Perennial Stream","length_miles":null,"flow_direction":"","reach_code":""}},{"type":"Feature","geometry":{"type":"LineString","coordinates":[[-84.9913,32.2495],[-84.9883,32.2465]]},"properties":{"name":"Unnamed Stream","layer":"nhd_perennial_streams","stream_type":"Perennial Stream","length_miles":null,"flow_direction":"","reach_code":""}},{"type":"Feature","geometry":{"type":"LineString","coordinates":[[-84.8741,32.3187],[-84.875,32.319]]},"properties":{"name":"Unnamed Stream","layer":"nhd_perennial_streams","stream_type":"Perennial Stream","length_miles":null,"flow_direction":"","reach_code":""}},{"type":"Feature","geometry":{"type":"LineString","coordinates":[[-85.0493,32.2722],[-85.0415,32.2719]]},"properties":{"name":"Unnamed Stream","layer":"nhd_perennial_streams","stream_type":"Perennial Stream","length_miles":null,"flow_direction":"","reach_code":""}},{"type":"Feature","geometry":{"type":"LineString","coordinates":[[-84.8355,32.3697],[-84.834,32.3667]]},"properties":{"name":"Unnamed Stream","layer":"nhd_perennial_streams","stream_type":"Perennial Stream","length_miles":null,"flow_direction":"","reach_code":""}},{"type":"Feature","geometry":{"type":"LineString","coordinates":[[-85.0204,32.2542],[-85.0176,32.2535]]},"properties":{"name":"Unnamed Stream","layer":"nhd_perennial_streams","stream_type":"Perennial Stream","length_miles":null,"flow_direction":"","reach_code":""}},{"type":"Feature","geometry":{"type":"LineString","coordinates":[[-84.9106,32.4301],[-84.9108,32.4272]]},"properties":{"name":"Unnamed Stream","layer":"nhd_perennial_streams","stream_type":"Perennial Stream","length_miles":null,"flow_direction":"","reach_code":""}},{"type":"Feature","geometry":{"type":"LineString","coordinates":[[-85.0136,32.4717],[-85.0103,32.4717]]},"properties":{"name":"Unnamed Stream","layer":"nhd_perennial_streams","stream_type":"Perennial Stream","length_miles":null,"flow_direction":"","reach_code":""}},{"type":"Feature","geometry":{"type":"LineString","coordinates":[[-84.8508,32.3843],[-84.8497,32.387]]},"properties":{"name":"Unnamed Stream","layer":"nhd_perennial_streams","stream_type":"Perennial Stream","length_miles":null,"flow_direction":"","reach_code":""}},{"type":"Feature","geometry":{"type":"LineString","coordinates":[[-85.0204,32.3712],[-85.0163,32.3696]]},"properties":{"name":"Unnamed Stream","layer":"nhd_perennial_streams","stream_type":"Perennial Stream","length_miles":null,"flow_direction":"","reach_code":""}},{"type":"Feature","geometry":{"type":"LineString","coordinates":[[-85.0315,32.2089],[-85.0298,32.202]]},"properties":{"name":"Unnamed Stream","layer":"nhd_perennial_streams","stream_type":"Perennial Stream","length_miles":null,"flow_direction":"","reach_code":""}},{"type":"Feature","geometry":{"type":"LineString","coordinates":[[-84.8649,32.2384],[-84.8745,32.2388]]},"properties":{"name":"Unnamed Stream","layer":"nhd_perennial_streams","stream_type":"Perennial Stream","length_miles":null,"flow_direction":"","reach_code":""}},{"type":"Feature","geometry":{"type":"LineString","coordinates":[[-84.8938,32.3498],[-84.8938,32.3497]]},"properties":{"name":"Unnamed Stream","layer":"nhd_perennial_streams","stream_type":"Perennial Stream","length_miles":null,"flow_direction":"","reach_code":""}},{"type":"Feature","geometry":{"type":"LineString","coordinates":[[-85.0001,32.4142],[-84.9998,32.4146]]},"properties":{"name":"Unnamed Stream","layer":"nhd_perennial_streams","stream_type":"Perennial Stream","length_miles":null,"flow_direction":"","reach_code":""}},{"type":"Feature","geometry":{"type":"LineString","coordinates":[[-84.833,32.3057],[-84.8333,32.3032]]},"properties":{"name":"Unnamed Stream","layer":"nhd_perennial_streams","stream_type":"Perennial Stream","length_miles":null,"flow_direction":"","reach_code":""}},{"type":"Feature","geometry":{"type":"LineString","coordinates":[[-85.0644,32.2716],[-85.0553,32.2711]]},"properties":{"name":"Unnamed Stream","layer":"nhd_perennial_streams","stream_type":"Perennial Stream","length_miles":null,"flow_direction":"","reach_code":""}},{"type":"Feature","geometry":{"type":"LineString","coordinates":[[-85.0574,32.347],[-85.0569,32.346]]},"properties":{"name":"Unnamed Stream","layer":"nhd_perennial_streams","stream_type":"Perennial Stream","length_miles":null,"flow_direction":"","reach_code":""}},{"type":"Feature","geometry":{"type":"LineString","coordinates":[[-84.8412,32.3354],[-84.8438,32.3353]]},"properties":{"name":"Unnamed Stream","layer":"nhd_perennial_streams","stream_type":"Perennial Stream","length_miles":null,"flow_direction":"","reach_code":""}},{"type":"Feature","geometry":{"type":"LineString","coordinates":[[-84.8868,32.3327],[-84.8869,32.3314]]},"properties":{"name":"Unnamed Stream","layer":"nhd_perennial_streams","stream_type":"Perennial Stream","length_miles":null,"flow_direction":"","reach_code":""}},{"type":"Feature","geometry":{"type":"LineString","coordinates":[[-85.1537,32.3581],[-85.1483,32.3607]]},"properties":{"name":"Unnamed Stream","layer":"nhd_perennial_streams","stream_type":"Perennial Stream","length_miles":null,"flow_direction":"","reach_code":""}},{"type":"Feature","geometry":{"type":"LineString","coordinates":[[-85.0837,32.2639],[-85.0802,32.262]]},"properties":{"name":"Unnamed Stream","layer":"nhd_perennial_streams","stream_type":"Perennial Stream","length_miles":null,"flow_direction":"","reach_code":""}},{"type":"Feature","geometry":{"type":"LineString","coordinates":[[-85.0514,32.346],[-85.0513,32.3452]]},"properties":{"name":"Unnamed Stream","layer":"nhd_perennial_streams","stream_type":"Perennial Stream","length_miles":null,"flow_direction":"","reach_code":""}},{"type":"Feature","geometry":{"type":"LineString","coordinates":[[-84.9072,32.3136],[-84.9156,32.3136]]},"properties":{"name":"Unnamed Stream","layer":"nhd_perennial_streams","stream_type":"Perennial Stream","length_miles":null,"flow_direction":"","reach_code":""}},{"type":"Feature","geometry":{"type":"LineString","coordinates":[[-85.0248,32.2537],[-85.0161,32.2515]]},"properties":{"name":"Unnamed Stream","layer":"nhd_perennial_streams","stream_type":"Perennial Stream","length_miles":null,"flow_direction":"","reach_code":""}},{"type":"Feature","geometry":{"type":"LineString","coordinates":[[-84.8562,32.3327],[-84.8625,32.3357]]},"properties":{"name":"Unnamed Stream","layer":"nhd_perennial_streams","stream_type":"Perennial Stream","length_miles":null,"flow_direction":"","reach_code":""}},{"type":"Feature","geometry":{"type":"LineString","coordinates":[[-84.9943,32.3692],[-84.9913,32.3665]]},"properties":{"name":"Unnamed Stream","layer":"nhd_perennial_streams","stream_type":"Perennial Stream","length_miles":null,"flow_direction":"","reach_code":""}},{"type":"Feature","geometry":{"type":"LineString","coordinates":[[-85.1097,32.2373],[-85.1089,32.2295]]},"properties":{"name":"Unnamed Stream","layer":"nhd_perennial_streams","stream_type":"Perennial Stream","length_miles":null,"flow_direction":"","reach_code":""}},{"type":"Feature","geometry":{"type":"LineString","coordinates":[[-85.091,32.3279],[-85.0855,32.3226]]},"properties":{"name":"Unnamed Stream","layer":"nhd_perennial_streams","stream_type":"Perennial Stream","length_miles":null,"flow_direction":"","reach_code":""}},{"type":"Feature","geometry":{"type":"LineString","coordinates":[[-85.0796,32.464],[-85.0692,32.4588]]},"properties":{"name":"Unnamed Stream","layer":"nhd_perennial_streams","stream_type":"Perennial Stream","length_miles":null,"flow_direction":"","reach_code":""}},{"type":"Feature","geometry":{"type":"LineString","coordinates":[[-85.0804,32.3243],[-85.0791,32.3247]]},"properties":{"name":"Unnamed Stream","layer":"nhd_perennial_streams","stream_type":"Perennial Stream","length_miles":null,"flow_direction":"","reach_code":""}},{"type":"Feature","geometry":{"type":"LineString","coordinates":[[-84.8685,32.3195],[-84.8693,32.3201]]},"properties":{"name":"Unnamed Stream","layer":"nhd_perennial_streams","stream_type":"Perennial Stream","length_miles":null,"flow_direction":"","reach_code":""}},{"type":"Feature","geometry":{"type":"LineString","coordinates":[[-84.9629,32.3161],[-84.9624,32.3161]]},"properties":{"name":"Unnamed Stream","layer":"nhd_perennial_streams","stream_type":"Perennial Stream","length_miles":null,"flow_direction":"","reach_code":""}},{"type":"Feature","geometry":{"type":"LineString","coordinates":[[-85.0418,32.3564],[-85.0435,32.3552]]},"properties":{"name":"Unnamed Stream","layer":"nhd_perennial_streams","stream_type":"Perennial Stream","length_miles":null,"flow_direction":"","reach_code":""}},{"type":"Feature","geometry":{"type":"LineString","coordinates":[[-85.0514,32.346],[-85.0513,32.3452]]},"properties":{"name":"Unnamed Stream","layer":"nhd_perennial_streams","stream_type":"Perennial Stream","length_miles":null,"flow_direction":"","reach_code":""}},{"type":"Feature","geometry":{"type":"LineString","coordinates":[[-84.8907,32.3232],[-84.8931,32.3189]]},"properties":{"name":"Unnamed Stream","layer":"nhd_perennial_streams","stream_type":"Perennial Stream","length_miles":null,"flow_direction":"","reach_code":""}},{"type":"Feature","geometry":{"type":"LineString","coordinates":[[-85.0798,32.2847],[-85.0754,32.2748]]},"properties":{"name":"Unnamed Stream","layer":"nhd_perennial_streams","stream_type":"Perennial Stream","length_miles":null,"flow_direction":"","reach_code":""}},{"type":"Feature","geometry":{"type":"LineString","coordinates":[[-85.0873,32.4093],[-85.0935,32.4072]]},"properties":{"name":"Unnamed Stream","layer":"nhd_perennial_streams","stream_type":"Perennial Stream","length_miles":null,"flow_direction":"","reach_code":""}},{"type":"Feature","geometry":{"type":"LineString","coordinates":[[-85.0345,32.272],[-85.0342,32.2703]]},"properties":{"name":"Unnamed Stream","layer":"nhd_perennial_streams","stream_type":"Perennial Stream","length_miles":null,"flow_direction":"","reach_code":""}},{"type":"Feature","geometry":{"type":"LineString","coordinates":[[-84.994,32.2547],[-84.9935,32.2535]]},"properties":{"name":"Unnamed Stream","layer":"nhd_perennial_streams","stream_type":"Perennial Stream","length_miles":null,"flow_direction":"","reach_code":""}},{"type":"Feature","geometry":{"type":"LineString","coordinates":[[-84.9098,32.2269],[-84.9161,32.2284]]},"properties":{"name":"Unnamed Stream","layer":"nhd_perennial_streams","stream_type":"Perennial Stream","length_miles":null,"flow_direction":"","reach_code":""}},{"type":"Feature","geometry":{"type":"LineString","coordinates":[[-85.056,32.3741],[-85.0625,32.3729]]},"properties":{"name":"Unnamed Stream","layer":"nhd_perennial_streams","stream_type":"Perennial Stream","length_miles":null,"flow_direction":"","reach_code":""}},{"type":"Feature","geometry":{"type":"LineString","coordinates":[[-84.8275,32.317],[-84.831,32.3165]]},"properties":{"name":"Unnamed Stream","layer":"nhd_perennial_streams","stream_type":"Perennial Stream","length_miles":null,"flow_direction":"","reach_code":""}},{"type":"Feature","geometry":{"type":"LineString","coordinates":[[-85.1098,32.3718],[-85.1086,32.3691]]},"properties":{"name":"Unnamed Stream","layer":"nhd_perennial_streams","stream_type":"Perennial Stream","length_miles":null,"flow_direction":"","reach_code":""}},{"type":"Feature","geometry":{"type":"LineString","coordinates":[[-84.8689,32.4234],[-84.866,32.4201]]},"properties":{"name":"Unnamed Stream","layer":"nhd_perennial_streams","stream_type":"Perennial Stream","length_miles":null,"flow_direction":"","reach_code":""}},{"type":"Feature","geometry":{"type":"LineString","coordinates":[[-84.9299,32.3966],[-84.9307,32.394]]},"properties":{"name":"Unnamed Stream","layer":"nhd_perennial_streams","stream_type":"Perennial Stream","length_miles":null,"flow_direction":"","reach_code":""}},{"type":"Feature","geometry":{"type":"LineString","coordinates":[[-84.8424,32.3744],[-84.8375,32.3844]]},"properties":{"name":"Unnamed Stream","layer":"nhd_perennial_streams","stream_type":"Perennial Stream","length_miles":null,"flow_direction":"","reach_code":""}},{"type":"Feature","geometry":{"type":"LineString","coordinates":[[-84.8741,32.3899],[-84.8766,32.3902]]},"properties":{"name":"Unnamed Stream","layer":"nhd_perennial_streams","stream_type":"Perennial Stream","length_miles":null,"flow_direction":"","reach_code":""}},{"type":"Feature","geometry":{"type":"LineString","coordinates":[[-84.8701,32.3825],[-84.8778,32.3858]]},"properties":{"name":"Unnamed Stream","layer":"nhd_perennial_streams","stream_type":"Perennial Stream","length_miles":null,"flow_direction":"","reach_code":""}},{"type":"Feature","geometry":{"type":"LineString","coordinates":[[-84.8435,32.3617],[-84.837,32.3653]]},"properties":{"name":"Unnamed Stream","layer":"nhd_perennial_streams","stream_type":"Perennial Stream","length_miles":null,"flow_direction":"","reach_code":""}},{"type":"Feature","geometry":{"type":"LineString","coordinates":[[-84.8661,32.4238],[-84.866,32.4201]]},"properties":{"name":"Unnamed Stream","layer":"nhd_perennial_streams","stream_type":"Perennial Stream","length_miles":null,"flow_direction":"","reach_code":""}},{"type":"Feature","geometry":{"type":"LineString","coordinates":[[-85.048,32.2628],[-85.0426,32.2628]]},"properties":{"name":"Unnamed Stream","layer":"nhd_perennial_streams","stream_type":"Perennial Stream","length_miles":null,"flow_direction":"","reach_code":""}},{"type":"Feature","geometry":{"type":"LineString","coordinates":[[-85.0804,32.2862],[-85.0798,32.2847]]},"properties":{"name":"Unnamed Stream","layer":"nhd_perennial_streams","stream_type":"Perennial Stream","length_miles":null,"flow_direction":"","reach_code":""}},{"type":"Feature","geometry":{"type":"LineString","coordinates":[[-84.9089,32.3963],[-84.9094,32.3956]]},"properties":{"name":"Unnamed Stream","layer":"nhd_perennial_streams","stream_type":"Perennial Stream","length_miles":null,"flow_direction":"","reach_code":""}},{"type":"Feature","geometry":{"type":"LineString","coordinates":[[-84.9068,32.3248],[-84.9111,32.3202]]},"properties":{"name":"Unnamed Stream","layer":"nhd_perennial_streams","stream_type":"Perennial Stream","length_miles":null,"flow_direction":"","reach_code":""}},{"type":"Feature","geometry":{"type":"LineString","coordinates":[[-84.985,32.2433],[-84.9824,32.2402]]},"properties":{"name":"Unnamed Stream","layer":"nhd_perennial_streams","stream_type":"Perennial Stream","length_miles":null,"flow_direction":"","reach_code":""}},{"type":"Feature","geometry":{"type":"LineString","coordinates":[[-85.0301,32.2594],[-85.0204,32.2542]]},"properties":{"name":"Unnamed Stream","layer":"nhd_perennial_streams","stream_type":"Perennial Stream","length_miles":null,"flow_direction":"","reach_code":""}},{"type":"Feature","geometry":{"type":"LineString","coordinates":[[-84.8606,32.2875],[-84.866,32.2892]]},"properties":{"name":"Unnamed Stream","layer":"nhd_perennial_streams","stream_type":"Perennial Stream","length_miles":null,"flow_direction":"","reach_code":""}},{"type":"Feature","geometry":{"type":"LineString","coordinates":[[-85.0563,32.2621],[-85.0518,32.2626]]},"properties":{"name":"Unnamed Stream","layer":"nhd_perennial_streams","stream_type":"Perennial Stream","length_miles":null,"flow_direction":"","reach_code":""}},{"type":"Feature","geometry":{"type":"LineString","coordinates":[[-85.0206,32.3022],[-85.0199,32.3025]]},"properties":{"name":"Unnamed Stream","layer":"nhd_perennial_streams","stream_type":"Perennial Stream","length_miles":null,"flow_direction":"","reach_code":""}},{"type":"Feature","geometry":{"type":"LineString","coordinates":[[-85.051,32.2154],[-85.0424,32.2178]]},"properties":{"name":"Unnamed Stream","layer":"nhd_perennial_streams","stream_type":"Perennial Stream","length_miles":null,"flow_direction":"","reach_code":""}},{"type":"Feature","geometry":{"type":"LineString","coordinates":[[-84.8741,32.2419],[-84.8745,32.2388]]},"properties":{"name":"Unnamed Stream","layer":"nhd_perennial_streams","stream_type":"Perennial Stream","length_miles":null,"flow_direction":"","reach_code":""}},{"type":"Feature","geometry":{"type":"LineString","coordinates":[[-84.8512,32.3276],[-84.8586,32.3166]]},"properties":{"name":"Unnamed Stream","layer":"nhd_perennial_streams","stream_type":"Perennial Stream","length_miles":null,"flow_direction":"","reach_code":""}},{"type":"Feature","geometry":{"type":"LineString","coordinates":[[-85.1209,32.2816],[-85.1129,32.2803]]},"properties":{"name":"Unnamed Stream","layer":"nhd_perennial_streams","stream_type":"Perennial Stream","length_miles":null,"flow_direction":"","reach_code":""}},{"type":"Feature","geometry":{"type":"LineString","coordinates":[[-85.06,32.3487],[-85.0588,32.3486]]},"properties":{"name":"Unnamed Stream","layer":"nhd_perennial_streams","stream_type":"Perennial Stream","length_miles":null,"flow_direction":"","reach_code":""}},{"type":"Feature","geometry":{"type":"LineString","coordinates":[[-84.8648,32.2795],[-84.883,32.2749]]},"properties":{"name":"Unnamed Stream","layer":"nhd_perennial_streams","stream_type":"Perennial Stream","length_miles":null,"flow_direction":"","reach_code":""}},{"type":"Feature","geometry":{"type":"LineString","coordinates":[[-84.8684,32.336],[-84.8709,32.3354]]},"properties":{"name":"Unnamed Stream","layer":"nhd_perennial_streams","stream_type":"Perennial Stream","length_miles":null,"flow_direction":"","reach_code":""}},{"type":"Feature","geometry":{"type":"LineString","coordinates":[[-84.9342,32.3953],[-84.9307,32.394]]},"properties":{"name":"Unnamed Stream","layer":"nhd_perennial_streams","stream_type":"Perennial Stream","length_miles":null,"flow_direction":"","reach_code":""}},{"type":"Feature","geometry":{"type":"LineString","coordinates":[[-84.8347,32.2909],[-84.8351,32.2952]]},"properties":{"name":"Unnamed Stream","layer":"nhd_perennial_streams","stream_type":"Perennial Stream","length_miles":null,"flow_direction":"","reach_code":""}},{"type":"Feature","geometry":{"type":"LineString","coordinates":[[-84.9426,32.4553],[-84.9426,32.4549]]},"properties":{"name":"Unnamed Stream","layer":"nhd_perennial_streams","stream_type":"Perennial Stream","length_miles":null,"flow_direction":"","reach_code":""}},{"type":"Feature","geometry":{"type":"LineString","coordinates":[[-84.904,32.3129],[-84.9072,32.3136]]},"properties":{"name":"Unnamed Stream","layer":"nhd_perennial_streams","stream_type":"Perennial Stream","length_miles":null,"flow_direction":"","reach_code":""}},{"type":"Feature","geometry":{"type":"LineString","coordinates":[[-84.844,32.3539],[-84.8528,32.3466]]},"properties":{"name":"Unnamed Stream","layer":"nhd_perennial_streams","stream_type":"Perennial Stream","length_miles":null,"flow_direction":"","reach_code":""}},{"type":"Feature","geometry":{"type":"LineString","coordinates":[[-84.9602,32.402],[-84.9621,32.3963]]},"properties":{"name":"Unnamed Stream","layer":"nhd_perennial_streams","stream_type":"Perennial Stream","length_miles":null,"flow_direction":"","reach_code":""}},{"type":"Feature","geometry":{"type":"LineString","coordinates":[[-85.119,32.3222],[-85.1178,32.3224]]},"properties":{"name":"Unnamed Stream","layer":"nhd_perennial_streams","stream_type":"Perennial Stream","length_miles":null,"flow_direction":"","reach_code":""}},{"type":"Feature","geometry":{"type":"LineString","coordinates":[[-84.8769,32.3447],[-84.8804,32.3388]]},"properties":{"name":"Unnamed Stream","layer":"nhd_perennial_streams","stream_type":"Perennial Stream","length_miles":null,"flow_direction":"","reach_code":""}},{"type":"Feature","geometry":{"type":"LineString","coordinates":[[-84.9404,32.2042],[-84.9453,32.2041]]},"properties":{"name":"Unnamed Stream","layer":"nhd_perennial_streams","stream_type":"Perennial Stream","length_miles":null,"flow_direction":"","reach_code":""}},{"type":"Feature","geometry":{"type":"LineString","coordinates":[[-85.0061,32.2761],[-85.002,32.2662],[-85.006,32.262]]},"properties":{"name":"Unnamed Stream","layer":"nhd_perennial_streams","stream_type":"Perennial Stream","length_miles":null,"flow_direction":"","reach_code":""}},{"type":"Feature","geometry":{"type":"LineString","coordinates":[[-84.8749,32.4308],[-84.8747,32.4296]]},"properties":{"name":"Unnamed Stream","layer":"nhd_perennial_streams","stream_type":"Perennial Stream","length_miles":null,"flow_direction":"","reach_code":""}},{"type":"Feature","geometry":{"type":"LineString","coordinates":[[-84.9013,32.3314],[-84.9068,32.3248]]},"properties":{"name":"Unnamed Stream","layer":"nhd_perennial_streams","stream_type":"Perennial Stream","length_miles":null,"flow_direction":"","reach_code":""}},{"type":"Feature","geometry":{"type":"LineString","coordinates":[[-85.0266,32.3731],[-85.0256,32.3727]]},"properties":{"name":"Unnamed Stream","layer":"nhd_perennial_streams","stream_type":"Perennial Stream","length_miles":null,"flow_direction":"","reach_code":""}},{"type":"Feature","geometry":{"type":"LineString","coordinates":[[-84.9193,32.2178],[-84.9233,32.2216]]},"properties":{"name":"Unnamed Stream","layer":"nhd_perennial_streams","stream_type":"Perennial Stream","length_miles":null,"flow_direction":"","reach_code":""}},{"type":"Feature","geometry":{"type":"LineString","coordinates":[[-84.9822,32.3669],[-84.9824,32.3667]]},"properties":{"name":"Unnamed Stream","layer":"nhd_perennial_streams","stream_type":"Perennial Stream","length_miles":null,"flow_direction":"","reach_code":""}},{"type":"Feature","geometry":{"type":"LineString","coordinates":[[-85.0198,32.4789],[-85.0178,32.475]]},"properties":{"name":"Unnamed Stream","layer":"nhd_perennial_streams","stream_type":"Perennial Stream","length_miles":null,"flow_direction":"","reach_code":""}},{"type":"Feature","geometry":{"type":"LineString","coordinates":[[-85.1125,32.2907],[-85.1076,32.2889]]},"properties":{"name":"Unnamed Stream","layer":"nhd_perennial_streams","stream_type":"Perennial Stream","length_miles":null,"flow_direction":"","reach_code":""}},{"type":"Feature","geometry":{"type":"LineString","coordinates":[[-84.8617,32.2576],[-84.8671,32.2504]]},"properties":{"name":"Unnamed Stream","layer":"nhd_perennial_streams","stream_type":"Perennial Stream","length_miles":null,"flow_direction":"","reach_code":""}},{"type":"Feature","geometry":{"type":"LineString","coordinates":[[-85.0638,32.2935],[-85.0631,32.2906]]},"properties":{"name":"Unnamed Stream","layer":"nhd_perennial_streams","stream_type":"Perennial Stream","length_miles":null,"flow_direction":"","reach_code":""}},{"type":"Feature","geometry":{"type":"LineString","coordinates":[[-85.068,32.2399],[-85.0621,32.2432],[-85.0395,32.2296]]},"properties":{"name":"Unnamed Stream","layer":"nhd_perennial_streams","stream_type":"Perennial Stream","length_miles":null,"flow_direction":"","reach_code":""}},{"type":"Feature","geometry":{"type":"LineString","coordinates":[[-85.0178,32.475],[-85.0136,32.4717]]},"properties":{"name":"Unnamed Stream","layer":"nhd_perennial_streams","stream_type":"Perennial Stream","length_miles":null,"flow_direction":"","reach_code":""}},{"type":"Feature","geometry":{"type":"LineString","coordinates":[[-84.8691,32.4002],[-84.8731,32.4038]]},"properties":{"name":"Unnamed Stream","layer":"nhd_perennial_streams","stream_type":"Perennial Stream","length_miles":null,"flow_direction":"","reach_code":""}},{"type":"Feature","geometry":{"type":"LineString","coordinates":[[-85.017,32.4363],[-85.0144,32.4359]]},"properties":{"name":"Unnamed Stream","layer":"nhd_perennial_streams","stream_type":"Perennial Stream","length_miles":null,"flow_direction":"","reach_code":""}},{"type":"Feature","geometry":{"type":"LineString","coordinates":[[-85.0114,32.2648],[-85.0114,32.2645]]},"properties":{"name":"Unnamed Stream","layer":"nhd_perennial_streams","stream_type":"Perennial Stream","length_miles":null,"flow_direction":"","reach_code":""}},{"type":"Feature","geometry":{"type":"LineString","coordinates":[[-84.8387,32.3365],[-84.8412,32.3354]]},"properties":{"name":"Unnamed Stream","layer":"nhd_perennial_streams","stream_type":"Perennial Stream","length_miles":null,"flow_direction":"","reach_code":""}},{"type":"Feature","geometry":{"type":"LineString","coordinates":[[-85.087,32.3219],[-85.0855,32.3226]]},"properties":{"name":"Unnamed Stream","layer":"nhd_perennial_streams","stream_type":"Perennial Stream","length_miles":null,"flow_direction":"","reach_code":""}},{"type":"Feature","geometry":{"type":"LineString","coordinates":[[-85.0636,32.3722],[-85.067,32.365]]},"properties":{"name":"Unnamed Stream","layer":"nhd_perennial_streams","stream_type":"Perennial Stream","length_miles":null,"flow_direction":"","reach_code":""}},{"type":"Feature","geometry":{"type":"LineString","coordinates":[[-85.089,32.3218],[-85.087,32.3219]]},"properties":{"name":"Unnamed Stream","layer":"nhd_perennial_streams","stream_type":"Perennial Stream","length_miles":null,"flow_direction":"","reach_code":""}},{"type":"Feature","geometry":{"type":"LineString","coordinates":[[-85.0163,32.2646],[-85.0103,32.2632]]},"properties":{"name":"Unnamed Stream","layer":"nhd_perennial_streams","stream_type":"Perennial Stream","length_miles":null,"flow_direction":"","reach_code":""}},{"type":"Feature","geometry":{"type":"LineString","coordinates":[[-84.9601,32.3852],[-84.963,32.379],[-84.9673,32.3776]]},"properties":{"name":"Unnamed Stream","layer":"nhd_perennial_streams","stream_type":"Perennial Stream","length_miles":null,"flow_direction":"","reach_code":""}},{"type":"Feature","geometry":{"type":"LineString","coordinates":[[-84.9274,32.386],[-84.9277,32.3858]]},"properties":{"name":"Unnamed Stream","layer":"nhd_perennial_streams","stream_type":"Perennial Stream","length_miles":null,"flow_direction":"","reach_code":""}},{"type":"Feature","geometry":{"type":"LineString","coordinates":[[-84.9879,32.2375],[-84.9804,32.2326]]},"properties":{"name":"Unnamed Stream","layer":"nhd_perennial_streams","stream_type":"Perennial Stream","length_miles":null,"flow_direction":"","reach_code":""}},{"type":"Feature","geometry":{"type":"LineString","coordinates":[[-84.9234,32.4413],[-84.9373,32.4416]]},"properties":{"name":"Unnamed Stream","layer":"nhd_perennial_streams","stream_type":"Perennial Stream","length_miles":null,"flow_direction":"","reach_code":""}},{"type":"Feature","geometry":{"type":"LineString","coordinates":[[-84.8466,32.3333],[-84.8512,32.3276]]},"properties":{"name":"Unnamed Stream","layer":"nhd_perennial_streams","stream_type":"Perennial Stream","length_miles":null,"flow_direction":"","reach_code":""}},{"type":"Feature","geometry":{"type":"LineString","coordinates":[[-85.0672,32.218],[-85.0656,32.2174]]},"properties":{"name":"Unnamed Stream","layer":"nhd_perennial_streams","stream_type":"Perennial Stream","length_miles":null,"flow_direction":"","reach_code":""}},{"type":"Feature","geometry":{"type":"LineString","coordinates":[[-85.093,32.2413],[-85.0925,32.2357],[-85.0971,32.2307]]},"properties":{"name":"Unnamed Stream","layer":"nhd_perennial_streams","stream_type":"Perennial Stream","length_miles":null,"flow_direction":"","reach_code":""}},{"type":"Feature","geometry":{"type":"LineString","coordinates":[[-84.82,32.3161],[-84.8253,32.3169]]},"properties":{"name":"Unnamed Stream","layer":"nhd_perennial_streams","stream_type":"Perennial Stream","length_miles":null,"flow_direction":"","reach_code":""}},{"type":"Feature","geometry":{"type":"LineString","coordinates":[[-85.0935,32.4072],[-85.0938,32.4068]]},"properties":{"name":"Unnamed Stream","layer":"nhd_perennial_streams","stream_type":"Perennial Stream","length_miles":null,"flow_direction":"","reach_code":""}},{"type":"Feature","geometry":{"type":"LineString","coordinates":[[-85.0952,32.3625],[-85.088,32.3557]]},"properties":{"name":"Unnamed Stream","layer":"nhd_perennial_streams","stream_type":"Perennial Stream","length_miles":null,"flow_direction":"","reach_code":""}},{"type":"Feature","geometry":{"type":"LineString","coordinates":[[-84.903,32.2251],[-84.9078,32.2273]]},"properties":{"name":"Unnamed Stream","layer":"nhd_perennial_streams","stream_type":"Perennial Stream","length_miles":null,"flow_direction":"","reach_code":""}},{"type":"Feature","geometry":{"type":"LineString","coordinates":[[-84.8476,32.3344],[-84.8466,32.3333]]},"properties":{"name":"Unnamed Stream","layer":"nhd_perennial_streams","stream_type":"Perennial Stream","length_miles":null,"flow_direction":"","reach_code":""}},{"type":"Feature","geometry":{"type":"LineString","coordinates":[[-85.0103,32.4717],[-85.0054,32.4683]]},"properties":{"name":"Unnamed Stream","layer":"nhd_perennial_streams","stream_type":"Perennial Stream","length_miles":null,"flow_direction":"","reach_code":""}},{"type":"Feature","geometry":{"type":"LineString","coordinates":[[-84.8371,32.3247],[-84.8409,32.3234]]},"properties":{"name":"Unnamed Stream","layer":"nhd_perennial_streams","stream_type":"Perennial Stream","length_miles":null,"flow_direction":"","reach_code":""}},{"type":"Feature","geometry":{"type":"LineString","coordinates":[[-85.1028,32.3233],[-85.0998,32.3229]]},"properties":{"name":"Unnamed Stream","layer":"nhd_perennial_streams","stream_type":"Perennial Stream","length_miles":null,"flow_direction":"","reach_code":""}},{"type":"Feature","geometry":{"type":"LineString","coordinates":[[-84.8427,32.2704],[-84.8476,32.2685],[-84.8528,32.2714]]},"properties":{"name":"Unnamed Stream","layer":"nhd_perennial_streams","stream_type":"Perennial Stream","length_miles":null,"flow_direction":"","reach_code":""}},{"type":"Feature","geometry":{"type":"LineString","coordinates":[[-84.8497,32.387],[-84.8413,32.3899]]},"properties":{"name":"Unnamed Stream","layer":"nhd_perennial_streams","stream_type":"Perennial Stream","length_miles":null,"flow_direction":"","reach_code":""}},{"type":"Feature","geometry":{"type":"LineString","coordinates":[[-85.0757,32.3263],[-85.0727,32.3272]]},"properties":{"name":"Unnamed Stream","layer":"nhd_perennial_streams","stream_type":"Perennial Stream","length_miles":null,"flow_direction":"","reach_code":""}},{"type":"Feature","geometry":{"type":"LineString","coordinates":[[-85.1091,32.3735],[-85.1098,32.3718]]},"properties":{"name":"Unnamed Stream","layer":"nhd_perennial_streams","stream_type":"Perennial Stream","length_miles":null,"flow_direction":"","reach_code":""}},{"type":"Feature","geometry":{"type":"LineString","coordinates":[[-84.8306,32.3668],[-84.8246,32.3732]]},"properties":{"name":"Unnamed Stream","layer":"nhd_perennial_streams","stream_type":"Perennial Stream","length_miles":null,"flow_direction":"","reach_code":""}},{"type":"Feature","geometry":{"type":"LineString","coordinates":[[-84.8591,32.2633],[-84.8617,32.2576]]},"properties":{"name":"Unnamed Stream","layer":"nhd_perennial_streams","stream_type":"Perennial Stream","length_miles":null,"flow_direction":"","reach_code":""}},{"type":"Feature","geometry":{"type":"LineString","coordinates":[[-85.0971,32.3734],[-85.0947,32.3713],[-85.0963,32.3664]]},"properties":{"name":"Unnamed Stream","layer":"nhd_perennial_streams","stream_type":"Perennial Stream","length_miles":null,"flow_direction":"","reach_code":""}},{"type":"Feature","geometry":{"type":"LineString","coordinates":[[-84.9917,32.4301],[-84.9925,32.4293]]},"properties":{"name":"Unnamed Stream","layer":"nhd_perennial_streams","stream_type":"Perennial Stream","length_miles":null,"flow_direction":"","reach_code":""}},{"type":"Feature","geometry":{"type":"LineString","coordinates":[[-85.1054,32.2797],[-85.1051,32.2795]]},"properties":{"name":"Unnamed Stream","layer":"nhd_perennial_streams","stream_type":"Perennial Stream","length_miles":null,"flow_direction":"","reach_code":""}},{"type":"Feature","geometry":{"type":"LineString","coordinates":[[-84.8925,32.4206],[-84.8926,32.4205]]},"properties":{"name":"Unnamed Stream","layer":"nhd_perennial_streams","stream_type":"Perennial Stream","length_miles":null,"flow_direction":"","reach_code":""}},{"type":"Feature","geometry":{"type":"LineString","coordinates":[[-85.0214,32.2603],[-85.0176,32.2535]]},"properties":{"name":"Unnamed Stream","layer":"nhd_perennial_streams","stream_type":"Perennial Stream","length_miles":null,"flow_direction":"","reach_code":""}},{"type":"Feature","geometry":{"type":"LineString","coordinates":[[-85.0863,32.4253],[-85.0871,32.4222]]},"properties":{"name":"Unnamed Stream","layer":"nhd_perennial_streams","stream_type":"Perennial Stream","length_miles":null,"flow_direction":"","reach_code":""}},{"type":"Feature","geometry":{"type":"LineString","coordinates":[[-84.8339,32.3361],[-84.837,32.3295]]},"properties":{"name":"Unnamed Stream","layer":"nhd_perennial_streams","stream_type":"Perennial Stream","length_miles":null,"flow_direction":"","reach_code":""}},{"type":"Feature","geometry":{"type":"LineString","coordinates":[[-84.8825,32.2861],[-84.8811,32.2779]]},"properties":{"name":"Unnamed Stream","layer":"nhd_perennial_streams","stream_type":"Perennial Stream","length_miles":null,"flow_direction":"","reach_code":""}},{"type":"Feature","geometry":{"type":"LineString","coordinates":[[-84.855,32.342],[-84.8581,32.345]]},"properties":{"name":"Unnamed Stream","layer":"nhd_perennial_streams","stream_type":"Perennial Stream","length_miles":null,"flow_direction":"","reach_code":""}},{"type":"Feature","geometry":{"type":"LineString","coordinates":[[-84.8807,32.4211],[-84.8813,32.4202]]},"properties":{"name":"Unnamed Stream","layer":"nhd_perennial_streams","stream_type":"Perennial Stream","length_miles":null,"flow_direction":"","reach_code":""}},{"type":"Feature","geometry":{"type":"LineString","coordinates":[[-84.8766,32.2558],[-84.874,32.2549]]},"properties":{"name":"Unnamed Stream","layer":"nhd_perennial_streams","stream_type":"Perennial Stream","length_miles":null,"flow_direction":"","reach_code":""}},{"type":"Feature","geometry":{"type":"LineString","coordinates":[[-84.8657,32.3419],[-84.8709,32.3354]]},"properties":{"name":"Unnamed Stream","layer":"nhd_perennial_streams","stream_type":"Perennial Stream","length_miles":null,"flow_direction":"","reach_code":""}},{"type":"Feature","geometry":{"type":"LineString","coordinates":[[-84.8928,32.4315],[-84.8937,32.4244]]},"properties":{"name":"Unnamed Stream","layer":"nhd_perennial_streams","stream_type":"Perennial Stream","length_miles":null,"flow_direction":"","reach_code":""}},{"type":"Feature","geometry":{"type":"LineString","coordinates":[[-85.0225,32.436],[-85.017,32.4363]]},"properties":{"name":"Unnamed Stream","layer":"nhd_perennial_streams","stream_type":"Perennial Stream","length_miles":null,"flow_direction":"","reach_code":""}},{"type":"Feature","geometry":{"type":"LineString","coordinates":[[-85.1082,32.3243],[-85.1076,32.324]]},"properties":{"name":"Unnamed Stream","layer":"nhd_perennial_streams","stream_type":"Perennial Stream","length_miles":null,"flow_direction":"","reach_code":""}},{"type":"Feature","geometry":{"type":"LineString","coordinates":[[-85.0948,32.4065],[-85.1027,32.3982]]},"properties":{"name":"Unnamed Stream","layer":"nhd_perennial_streams","stream_type":"Perennial Stream","length_miles":null,"flow_direction":"","reach_code":""}},{"type":"Feature","geometry":{"type":"LineString","coordinates":[[-84.8928,32.2366],[-84.8923,32.2278]]},"properties":{"name":"Unnamed Stream","layer":"nhd_perennial_streams","stream_type":"Perennial Stream","length_miles":null,"flow_direction":"","reach_code":""}},{"type":"Feature","geometry":{"type":"LineString","coordinates":[[-84.9947,32.4377],[-84.9922,32.4308]]},"properties":{"name":"Unnamed Stream","layer":"nhd_perennial_streams","stream_type":"Perennial Stream","length_miles":null,"flow_direction":"","reach_code":""}},{"type":"Feature","geometry":{"type":"LineString","coordinates":[[-85.1202,32.3213],[-85.119,32.3222]]},"properties":{"name":"Unnamed Stream","layer":"nhd_perennial_streams","stream_type":"Perennial Stream","length_miles":null,"flow_direction":"","reach_code":""}},{"type":"Feature","geometry":{"type":"LineString","coordinates":[[-84.8843,32.3373],[-84.8856,32.3346]]},"properties":{"name":"Unnamed Stream","layer":"nhd_perennial_streams","stream_type":"Perennial Stream","length_miles":null,"flow_direction":"","reach_code":""}},{"type":"Feature","geometry":{"type":"LineString","coordinates":[[-85.03,32.3728],[-85.0266,32.3731]]},"properties":{"name":"Unnamed Stream","layer":"nhd_perennial_streams","stream_type":"Perennial Stream","length_miles":null,"flow_direction":"","reach_code":""}},{"type":"Feature","geometry":{"type":"LineString","coordinates":[[-84.8743,32.2519],[-84.8715,32.2496]]},"properties":{"name":"Unnamed Stream","layer":"nhd_perennial_streams","stream_type":"Perennial Stream","length_miles":null,"flow_direction":"","reach_code":""}},{"type":"Feature","geometry":{"type":"LineString","coordinates":[[-84.8674,32.2717],[-84.8747,32.2722]]},"properties":{"name":"Unnamed Stream","layer":"nhd_perennial_streams","stream_type":"Perennial Stream","length_miles":null,"flow_direction":"","reach_code":""}},{"type":"Feature","geometry":{"type":"LineString","coordinates":[[-84.8745,32.2433],[-84.8741,32.2419]]},"properties":{"name":"Unnamed Stream","layer":"nhd_perennial_streams","stream_type":"Perennial Stream","length_miles":null,"flow_direction":"","reach_code":""}},{"type":"Feature","geometry":{"type":"LineString","coordinates":[[-84.8586,32.3166],[-84.8612,32.3138]]},"properties":{"name":"Unnamed Stream","layer":"nhd_perennial_streams","stream_type":"Perennial Stream","length_miles":null,"flow_direction":"","reach_code":""}},{"type":"Feature","geometry":{"type":"LineString","coordinates":[[-85.0469,32.3086],[-85.0402,32.3068]]},"properties":{"name":"Unnamed Stream","layer":"nhd_perennial_streams","stream_type":"Perennial Stream","length_miles":null,"flow_direction":"","reach_code":""}},{"type":"Feature","geometry":{"type":"LineString","coordinates":[[-84.874,32.2549],[-84.8721,32.2548]]},"properties":{"name":"Unnamed Stream","layer":"nhd_perennial_streams","stream_type":"Perennial Stream","length_miles":null,"flow_direction":"","reach_code":""}},{"type":"Feature","geometry":{"type":"LineString","coordinates":[[-85.1027,32.3753],[-85.1015,32.3739]]},"properties":{"name":"Unnamed Stream","layer":"nhd_perennial_streams","stream_type":"Perennial Stream","length_miles":null,"flow_direction":"","reach_code":""}},{"type":"Feature","geometry":{"type":"LineString","coordinates":[[-84.8708,32.347],[-84.875,32.3462]]},"properties":{"name":"Unnamed Stream","layer":"nhd_perennial_streams","stream_type":"Perennial Stream","length_miles":null,"flow_direction":"","reach_code":""}},{"type":"Feature","geometry":{"type":"LineString","coordinates":[[-84.8591,32.3741],[-84.8558,32.378]]},"properties":{"name":"Unnamed Stream","layer":"nhd_perennial_streams","stream_type":"Perennial Stream","length_miles":null,"flow_direction":"","reach_code":""}},{"type":"Feature","geometry":{"type":"LineString","coordinates":[[-84.8716,32.3313],[-84.8735,32.334]]},"properties":{"name":"Unnamed Stream","layer":"nhd_perennial_streams","stream_type":"Perennial Stream","length_miles":null,"flow_direction":"","reach_code":""}},{"type":"Feature","geometry":{"type":"LineString","coordinates":[[-84.8426,32.3047],[-84.8461,32.3053]]},"properties":{"name":"Unnamed Stream","layer":"nhd_perennial_streams","stream_type":"Perennial Stream","length_miles":null,"flow_direction":"","reach_code":""}},{"type":"Feature","geometry":{"type":"LineString","coordinates":[[-84.9573,32.3121],[-84.9571,32.3111]]},"properties":{"name":"Unnamed Stream","layer":"nhd_perennial_streams","stream_type":"Perennial Stream","length_miles":null,"flow_direction":"","reach_code":""}},{"type":"Feature","geometry":{"type":"LineString","coordinates":[[-84.8943,32.2905],[-84.8992,32.2867]]},"properties":{"name":"Unnamed Stream","layer":"nhd_perennial_streams","stream_type":"Perennial Stream","length_miles":null,"flow_direction":"","reach_code":""}},{"type":"Feature","geometry":{"type":"LineString","coordinates":[[-84.8381,32.366],[-84.837,32.3653]]},"properties":{"name":"Unnamed Stream","layer":"nhd_perennial_streams","stream_type":"Perennial Stream","length_miles":null,"flow_direction":"","reach_code":""}},{"type":"Feature","geometry":{"type":"LineString","coordinates":[[-84.8513,32.3535],[-84.8569,32.349],[-84.8541,32.3463]]},"properties":{"name":"Unnamed Stream","layer":"nhd_perennial_streams","stream_type":"Perennial Stream","length_miles":null,"flow_direction":"","reach_code":""}},{"type":"Feature","geometry":{"type":"LineString","coordinates":[[-84.8454,32.3389],[-84.8476,32.3344]]},"properties":{"name":"Unnamed Stream","layer":"nhd_perennial_streams","stream_type":"Perennial Stream","length_miles":null,"flow_direction":"","reach_code":""}},{"type":"Feature","geometry":{"type":"LineString","coordinates":[[-85.1086,32.3691],[-85.1081,32.3602]]},"properties":{"name":"Unnamed Stream","layer":"nhd_perennial_streams","stream_type":"Perennial Stream","length_miles":null,"flow_direction":"","reach_code":""}},{"type":"Feature","geometry":{"type":"LineString","coordinates":[[-84.886,32.3166],[-84.8882,32.3119]]},"properties":{"name":"Unnamed Stream","layer":"nhd_perennial_streams","stream_type":"Perennial Stream","length_miles":null,"flow_direction":"","reach_code":""}},{"type":"Feature","geometry":{"type":"LineString","coordinates":[[-84.9951,32.2371],[-84.9879,32.2375]]},"properties":{"name":"Unnamed Stream","layer":"nhd_perennial_streams","stream_type":"Perennial Stream","length_miles":null,"flow_direction":"","reach_code":""}},{"type":"Feature","geometry":{"type":"LineString","coordinates":[[-85.0971,32.2307],[-85.0982,32.2294]]},"properties":{"name":"Unnamed Stream","layer":"nhd_perennial_streams","stream_type":"Perennial Stream","length_miles":null,"flow_direction":"","reach_code":""}},{"type":"Feature","geometry":{"type":"LineString","coordinates":[[-84.8833,32.3168],[-84.886,32.3166]]},"properties":{"name":"Unnamed Stream","layer":"nhd_perennial_streams","stream_type":"Perennial Stream","length_miles":null,"flow_direction":"","reach_code":""}},{"type":"Feature","geometry":{"type":"LineString","coordinates":[[-84.8401,32.3385],[-84.8412,32.338]]},"properties":{"name":"Unnamed Stream","layer":"nhd_perennial_streams","stream_type":"Perennial Stream","length_miles":null,"flow_direction":"","reach_code":""}},{"type":"Feature","geometry":{"type":"LineString","coordinates":[[-84.9809,32.4273],[-84.9795,32.4253]]},"properties":{"name":"Unnamed Stream","layer":"nhd_perennial_streams","stream_type":"Perennial Stream","length_miles":null,"flow_direction":"","reach_code":""}},{"type":"Feature","geometry":{"type":"LineString","coordinates":[[-84.8508,32.3876],[-84.8497,32.387]]},"properties":{"name":"Unnamed Stream","layer":"nhd_perennial_streams","stream_type":"Perennial Stream","length_miles":null,"flow_direction":"","reach_code":""}},{"type":"Feature","geometry":{"type":"LineString","coordinates":[[-84.867,32.4326],[-84.8747,32.4296]]},"properties":{"name":"Unnamed Stream","layer":"nhd_perennial_streams","stream_type":"Perennial Stream","length_miles":null,"flow_direction":"","reach_code":""}},{"type":"Feature","geometry":{"type":"LineString","coordinates":[[-84.8676,32.3277],[-84.8762,32.3312]]},"properties":{"name":"Unnamed Stream","layer":"nhd_perennial_streams","stream_type":"Perennial Stream","length_miles":null,"flow_direction":"","reach_code":""}},{"type":"Feature","geometry":{"type":"LineString","coordinates":[[-85.0912,32.2789],[-85.0754,32.2748]]},"properties":{"name":"Unnamed Stream","layer":"nhd_perennial_streams","stream_type":"Perennial Stream","length_miles":null,"flow_direction":"","reach_code":""}},{"type":"Feature","geometry":{"type":"LineString","coordinates":[[-84.8735,32.3495],[-84.875,32.3462]]},"properties":{"name":"Unnamed Stream","layer":"nhd_perennial_streams","stream_type":"Perennial Stream","length_miles":null,"flow_direction":"","reach_code":""}},{"type":"Feature","geometry":{"type":"LineString","coordinates":[[-84.8475,32.3056],[-84.8515,32.3069]]},"properties":{"name":"Unnamed Stream","layer":"nhd_perennial_streams","stream_type":"Perennial Stream","length_miles":null,"flow_direction":"","reach_code":""}},{"type":"Feature","geometry":{"type":"LineString","coordinates":[[-84.8659,32.4256],[-84.8659,32.4249]]},"properties":{"name":"Unnamed Stream","layer":"nhd_perennial_streams","stream_type":"Perennial Stream","length_miles":null,"flow_direction":"","reach_code":""}},{"type":"Feature","geometry":{"type":"LineString","coordinates":[[-85.0038,32.3491],[-85.0039,32.3484]]},"properties":{"name":"Unnamed Stream","layer":"nhd_perennial_streams","stream_type":"Perennial Stream","length_miles":null,"flow_direction":"","reach_code":""}},{"type":"Feature","geometry":{"type":"LineString","coordinates":[[-85.0871,32.4222],[-85.0882,32.4199]]},"properties":{"name":"Unnamed Stream","layer":"nhd_perennial_streams","stream_type":"Perennial Stream","length_miles":null,"flow_direction":"","reach_code":""}},{"type":"Feature","geometry":{"type":"LineString","coordinates":[[-84.8487,32.3693],[-84.8429,32.3668]]},"properties":{"name":"Unnamed Stream","layer":"nhd_perennial_streams","stream_type":"Perennial Stream","length_miles":null,"flow_direction":"","reach_code":""}},{"type":"Feature","geometry":{"type":"LineString","coordinates":[[-84.9935,32.2535],[-84.9924,32.2502]]},"properties":{"name":"Unnamed Stream","layer":"nhd_perennial_streams","stream_type":"Perennial Stream","length_miles":null,"flow_direction":"","reach_code":""}},{"type":"Feature","geometry":{"type":"LineString","coordinates":[[-84.832,32.324],[-84.8317,32.318]]},"properties":{"name":"Unnamed Stream","layer":"nhd_perennial_streams","stream_type":"Perennial Stream","length_miles":null,"flow_direction":"","reach_code":""}},{"type":"Feature","geometry":{"type":"LineString","coordinates":[[-84.8861,32.2939],[-84.8943,32.2905]]},"properties":{"name":"Unnamed Stream","layer":"nhd_perennial_streams","stream_type":"Perennial Stream","length_miles":null,"flow_direction":"","reach_code":""}},{"type":"Feature","geometry":{"type":"LineString","coordinates":[[-85.0811,32.3241],[-85.0804,32.3243]]},"properties":{"name":"Unnamed Stream","layer":"nhd_perennial_streams","stream_type":"Perennial Stream","length_miles":null,"flow_direction":"","reach_code":""}},{"type":"Feature","geometry":{"type":"LineString","coordinates":[[-85.0873,32.2987],[-85.0843,32.2948]]},"properties":{"name":"Unnamed Stream","layer":"nhd_perennial_streams","stream_type":"Perennial Stream","length_miles":null,"flow_direction":"","reach_code":""}},{"type":"Feature","geometry":{"type":"LineString","coordinates":[[-85.0217,32.3714],[-85.0204,32.3712]]},"properties":{"name":"Unnamed Stream","layer":"nhd_perennial_streams","stream_type":"Perennial Stream","length_miles":null,"flow_direction":"","reach_code":""}},{"type":"Feature","geometry":{"type":"LineString","coordinates":[[-84.8322,32.3091],[-84.839,32.3066]]},"properties":{"name":"Unnamed Stream","layer":"nhd_perennial_streams","stream_type":"Perennial Stream","length_miles":null,"flow_direction":"","reach_code":""}},{"type":"Feature","geometry":{"type":"LineString","coordinates":[[-84.9604,32.3908],[-84.9601,32.3852]]},"properties":{"name":"Unnamed Stream","layer":"nhd_perennial_streams","stream_type":"Perennial Stream","length_miles":null,"flow_direction":"","reach_code":""}},{"type":"Feature","geometry":{"type":"LineString","coordinates":[[-84.9924,32.2502],[-84.9913,32.2495]]},"properties":{"name":"Unnamed Stream","layer":"nhd_perennial_streams","stream_type":"Perennial Stream","length_miles":null,"flow_direction":"","reach_code":""}},{"type":"Feature","geometry":{"type":"LineString","coordinates":[[-85.0524,32.3777],[-85.053,32.3772]]},"properties":{"name":"Unnamed Stream","layer":"nhd_perennial_streams","stream_type":"Perennial Stream","length_miles":null,"flow_direction":"","reach_code":""}},{"type":"Feature","geometry":{"type":"LineString","coordinates":[[-85.0513,32.3452],[-85.0513,32.3452]]},"properties":{"name":"Unnamed Stream","layer":"nhd_perennial_streams","stream_type":"Perennial Stream","length_miles":null,"flow_direction":"","reach_code":""}},{"type":"Feature","geometry":{"type":"LineString","coordinates":[[-84.87,32.3452],[-84.875,32.3396],[-84.88,32.3388]]},"properties":{"name":"Unnamed Stream","layer":"nhd_perennial_streams","stream_type":"Perennial Stream","length_miles":null,"flow_direction":"","reach_code":""}},{"type":"Feature","geometry":{"type":"LineString","coordinates":[[-84.842,32.317],[-84.8536,32.3109]]},"properties":{"name":"Unnamed Stream","layer":"nhd_perennial_streams","stream_type":"Perennial Stream","length_miles":null,"flow_direction":"","reach_code":""}},{"type":"Feature","geometry":{"type":"LineString","coordinates":[[-84.8339,32.3153],[-84.8405,32.3111]]},"properties":{"name":"Unnamed Stream","layer":"nhd_perennial_streams","stream_type":"Perennial Stream","length_miles":null,"flow_direction":"","reach_code":""}},{"type":"Feature","geometry":{"type":"LineString","coordinates":[[-84.8768,32.2502],[-84.8734,32.2473]]},"properties":{"name":"Unnamed Stream","layer":"nhd_perennial_streams","stream_type":"Perennial Stream","length_miles":null,"flow_direction":"","reach_code":""}},{"type":"Feature","geometry":{"type":"LineString","coordinates":[[-84.9026,32.2843],[-84.9079,32.2801]]},"properties":{"name":"Unnamed Stream","layer":"nhd_perennial_streams","stream_type":"Perennial Stream","length_miles":null,"flow_direction":"","reach_code":""}},{"type":"Feature","geometry":{"type":"LineString","coordinates":[[-85.1256,32.2943],[-85.1223,32.2917]]},"properties":{"name":"Unnamed Stream","layer":"nhd_perennial_streams","stream_type":"Perennial Stream","length_miles":null,"flow_direction":"","reach_code":""}},{"type":"Feature","geometry":{"type":"LineString","coordinates":[[-85.0882,32.4199],[-85.0895,32.4156]]},"properties":{"name":"Unnamed Stream","layer":"nhd_perennial_streams","stream_type":"Perennial Stream","length_miles":null,"flow_direction":"","reach_code":""}},{"type":"Feature","geometry":{"type":"LineString","coordinates":[[-85.0365,32.4433],[-85.0274,32.438]]},"properties":{"name":"Unnamed Stream","layer":"nhd_perennial_streams","stream_type":"Perennial Stream","length_miles":null,"flow_direction":"","reach_code":""}},{"type":"Feature","geometry":{"type":"LineString","coordinates":[[-85.0402,32.3068],[-85.037,32.3065]]},"properties":{"name":"Unnamed Stream","layer":"nhd_perennial_streams","stream_type":"Perennial Stream","length_miles":null,"flow_direction":"","reach_code":""}},{"type":"Feature","geometry":{"type":"LineString","coordinates":[[-85.0676,32.3005],[-85.0668,32.2969]]},"properties":{"name":"Unnamed Stream","layer":"nhd_perennial_streams","stream_type":"Perennial Stream","length_miles":null,"flow_direction":"","reach_code":""}},{"type":"Feature","geometry":{"type":"LineString","coordinates":[[-85.0264,32.3021],[-85.0252,32.302]]},"properties":{"name":"Unnamed Stream","layer":"nhd_perennial_streams","stream_type":"Perennial Stream","length_miles":null,"flow_direction":"","reach_code":""}},{"type":"Feature","geometry":{"type":"LineString","coordinates":[[-85.0435,32.2896],[-85.0409,32.2836]]},"properties":{"name":"Unnamed Stream","layer":"nhd_perennial_streams","stream_type":"Perennial Stream","length_miles":null,"flow_direction":"","reach_code":""}},{"type":"Feature","geometry":{"type":"LineString","coordinates":[[-84.8845,32.3082],[-84.888,32.3074]]},"properties":{"name":"Unnamed Stream","layer":"nhd_perennial_streams","stream_type":"Perennial Stream","length_miles":null,"flow_direction":"","reach_code":""}},{"type":"Feature","geometry":{"type":"LineString","coordinates":[[-84.8732,32.3131],[-84.8749,32.3123]]},"properties":{"name":"Unnamed Stream","layer":"nhd_perennial_streams","stream_type":"Perennial Stream","length_miles":null,"flow_direction":"","reach_code":""}},{"type":"Feature","geometry":{"type":"LineString","coordinates":[[-84.8449,32.2748],[-84.8528,32.2714]]},"properties":{"name":"Unnamed Stream","layer":"nhd_perennial_streams","stream_type":"Perennial Stream","length_miles":null,"flow_direction":"","reach_code":""}},{"type":"Feature","geometry":{"type":"LineString","coordinates":[[-85.1089,32.3264],[-85.1082,32.3243]]},"properties":{"name":"Unnamed Stream","layer":"nhd_perennial_streams","stream_type":"Perennial Stream","length_miles":null,"flow_direction":"","reach_code":""}},{"type":"Feature","geometry":{"type":"LineString","coordinates":[[-85.0668,32.2969],[-85.0638,32.2935]]},"properties":{"name":"Unnamed Stream","layer":"nhd_perennial_streams","stream_type":"Perennial Stream","length_miles":null,"flow_direction":"","reach_code":""}},{"type":"Feature","geometry":{"type":"LineString","coordinates":[[-85.0415,32.2719],[-85.0368,32.2704]]},"properties":{"name":"Unnamed Stream","layer":"nhd_perennial_streams","stream_type":"Perennial Stream","length_miles":null,"flow_direction":"","reach_code":""}},{"type":"Feature","geometry":{"type":"LineString","coordinates":[[-85.1666,32.3856],[-85.158,32.3788]]},"properties":{"name":"Unnamed Stream","layer":"nhd_perennial_streams","stream_type":"Perennial Stream","length_miles":null,"flow_direction":"","reach_code":""}},{"type":"Feature","geometry":{"type":"LineString","coordinates":[[-84.9969,32.4209],[-84.9873,32.4246]]},"properties":{"name":"Unnamed Stream","layer":"nhd_perennial_streams","stream_type":"Perennial Stream","length_miles":null,"flow_direction":"","reach_code":""}},{"type":"Feature","geometry":{"type":"LineString","coordinates":[[-85.0435,32.3552],[-85.0446,32.3535]]},"properties":{"name":"Unnamed Stream","layer":"nhd_perennial_streams","stream_type":"Perennial Stream","length_miles":null,"flow_direction":"","reach_code":""}},{"type":"Feature","geometry":{"type":"LineString","coordinates":[[-84.8721,32.2565],[-84.8721,32.2548]]},"properties":{"name":"Unnamed Stream","layer":"nhd_perennial_streams","stream_type":"Perennial Stream","length_miles":null,"flow_direction":"","reach_code":""}},{"type":"Feature","geometry":{"type":"LineString","coordinates":[[-85.0121,32.4347],[-85.004,32.4252]]},"properties":{"name":"Unnamed Stream","layer":"nhd_perennial_streams","stream_type":"Perennial Stream","length_miles":null,"flow_direction":"","reach_code":""}},{"type":"Feature","geometry":{"type":"LineString","coordinates":[[-84.9971,32.43],[-84.9925,32.4293]]},"properties":{"name":"Unnamed Stream","layer":"nhd_perennial_streams","stream_type":"Perennial Stream","length_miles":null,"flow_direction":"","reach_code":""}},{"type":"Feature","geometry":{"type":"LineString","coordinates":[[-85.032,32.3049],[-85.0296,32.3037]]},"properties":{"name":"Unnamed Stream","layer":"nhd_perennial_streams","stream_type":"Perennial Stream","length_miles":null,"flow_direction":"","reach_code":""}},{"type":"Feature","geometry":{"type":"LineString","coordinates":[[-85.0161,32.2515],[-85.0158,32.2517]]},"properties":{"name":"Unnamed Stream","layer":"nhd_perennial_streams","stream_type":"Perennial Stream","length_miles":null,"flow_direction":"","reach_code":""}},{"type":"Feature","geometry":{"type":"LineString","coordinates":[[-84.8631,32.4286],[-84.8572,32.4271]]},"properties":{"name":"Unnamed Stream","layer":"nhd_perennial_streams","stream_type":"Perennial Stream","length_miles":null,"flow_direction":"","reach_code":""}},{"type":"Feature","geometry":{"type":"LineString","coordinates":[[-84.8756,32.3327],[-84.8773,32.3321]]},"properties":{"name":"Unnamed Stream","layer":"nhd_perennial_streams","stream_type":"Perennial Stream","length_miles":null,"flow_direction":"","reach_code":""}},{"type":"Feature","geometry":{"type":"LineString","coordinates":[[-85.0337,32.2258],[-85.0134,32.2217]]},"properties":{"name":"Unnamed Stream","layer":"nhd_perennial_streams","stream_type":"Perennial Stream","length_miles":null,"flow_direction":"","reach_code":""}},{"type":"Feature","geometry":{"type":"LineString","coordinates":[[-85.0158,32.2517],[-85.0102,32.2491]]},"properties":{"name":"Unnamed Stream","layer":"nhd_perennial_streams","stream_type":"Perennial Stream","length_miles":null,"flow_direction":"","reach_code":""}},{"type":"Feature","geometry":{"type":"LineString","coordinates":[[-85.0566,32.3338],[-85.0463,32.3354]]},"properties":{"name":"Unnamed Stream","layer":"nhd_perennial_streams","stream_type":"Perennial Stream","length_miles":null,"flow_direction":"","reach_code":""}},{"type":"Feature","geometry":{"type":"LineString","coordinates":[[-84.8652,32.3713],[-84.8684,32.3636]]},"properties":{"name":"Unnamed Stream","layer":"nhd_perennial_streams","stream_type":"Perennial Stream","length_miles":null,"flow_direction":"","reach_code":""}},{"type":"Feature","geometry":{"type":"LineString","coordinates":[[-84.8162,32.305],[-84.8253,32.3169]]},"properties":{"name":"Unnamed Stream","layer":"nhd_perennial_streams","stream_type":"Perennial Stream","length_miles":null,"flow_direction":"","reach_code":""}},{"type":"Feature","geometry":{"type":"LineString","coordinates":[[-84.8253,32.3977],[-84.8386,32.3885]]},"properties":{"name":"Unnamed Stream","layer":"nhd_perennial_streams","stream_type":"Perennial Stream","length_miles":null,"flow_direction":"","reach_code":""}},{"type":"Feature","geometry":{"type":"LineString","coordinates":[[-85.1166,32.3228],[-85.1142,32.3238]]},"properties":{"name":"Unnamed Stream","layer":"nhd_perennial_streams","stream_type":"Perennial Stream","length_miles":null,"flow_direction":"","reach_code":""}},{"type":"Feature","geometry":{"type":"LineString","coordinates":[[-84.9956,32.3944],[-84.994,32.3894],[-84.9872,32.3877]]},"properties":{"name":"Unnamed Stream","layer":"nhd_perennial_streams","stream_type":"Perennial Stream","length_miles":null,"flow_direction":"","reach_code":""}},{"type":"Feature","geometry":{"type":"LineString","coordinates":[[-84.9509,32.4882],[-84.9471,32.4876],[-84.9464,32.4805]]},"properties":{"name":"Unnamed Stream","layer":"nhd_perennial_streams","stream_type":"Perennial Stream","length_miles":null,"flow_direction":"","reach_code":""}},{"type":"Feature","geometry":{"type":"LineString","coordinates":[[-84.998,32.2575],[-84.9967,32.2557]]},"properties":{"name":"Unnamed Stream","layer":"nhd_perennial_streams","stream_type":"Perennial Stream","length_miles":null,"flow_direction":"","reach_code":""}},{"type":"Feature","geometry":{"type":"LineString","coordinates":[[-84.8461,32.3053],[-84.8475,32.3056]]},"properties":{"name":"Unnamed Stream","layer":"nhd_perennial_streams","stream_type":"Perennial Stream","length_miles":null,"flow_direction":"","reach_code":""}},{"type":"Feature","geometry":{"type":"LineString","coordinates":[[-84.8302,32.3333],[-84.837,32.3295]]},"properties":{"name":"Unnamed Stream","layer":"nhd_perennial_streams","stream_type":"Perennial Stream","length_miles":null,"flow_direction":"","reach_code":""}},{"type":"Feature","geometry":{"type":"LineString","coordinates":[[-85.0144,32.4359],[-85.0121,32.4347]]},"properties":{"name":"Unnamed Stream","layer":"nhd_perennial_streams","stream_type":"Perennial Stream","length_miles":null,"flow_direction":"","reach_code":""}},{"type":"Feature","geometry":{"type":"LineString","coordinates":[[-84.8691,32.3207],[-84.8693,32.3201]]},"properties":{"name":"Unnamed Stream","layer":"nhd_perennial_streams","stream_type":"Perennial Stream","length_miles":null,"flow_direction":"","reach_code":""}},{"type":"Feature","geometry":{"type":"LineString","coordinates":[[-85.1011,32.3726],[-85.1023,32.369],[-85.0963,32.3664]]},"properties":{"name":"Unnamed Stream","layer":"nhd_perennial_streams","stream_type":"Perennial Stream","length_miles":null,"flow_direction":"","reach_code":""}},{"type":"Feature","geometry":{"type":"LineString","coordinates":[[-84.8586,32.2842],[-84.8648,32.2795]]},"properties":{"name":"Unnamed Stream","layer":"nhd_perennial_streams","stream_type":"Perennial Stream","length_miles":null,"flow_direction":"","reach_code":""}},{"type":"Feature","geometry":{"type":"LineString","coordinates":[[-85.1068,32.2497],[-85.1097,32.2444]]},"properties":{"name":"Unnamed Stream","layer":"nhd_perennial_streams","stream_type":"Perennial Stream","length_miles":null,"flow_direction":"","reach_code":""}},{"type":"Feature","geometry":{"type":"LineString","coordinates":[[-84.8495,32.3029],[-84.8521,32.3064]]},"properties":{"name":"Unnamed Stream","layer":"nhd_perennial_streams","stream_type":"Perennial Stream","length_miles":null,"flow_direction":"","reach_code":""}},{"type":"Feature","geometry":{"type":"LineString","coordinates":[[-84.8243,32.3061],[-84.8333,32.3032]]},"properties":{"name":"Unnamed Stream","layer":"nhd_perennial_streams","stream_type":"Perennial Stream","length_miles":null,"flow_direction":"","reach_code":""}},{"type":"Feature","geometry":{"type":"LineString","coordinates":[[-85.0302,32.4884],[-85.0278,32.4814]]},"properties":{"name":"Unnamed Stream","layer":"nhd_perennial_streams","stream_type":"Perennial Stream","length_miles":null,"flow_direction":"","reach_code":""}},{"type":"Feature","geometry":{"type":"LineString","coordinates":[[-84.8804,32.2798],[-84.8811,32.2779]]},"properties":{"name":"Unnamed Stream","layer":"nhd_perennial_streams","stream_type":"Perennial Stream","length_miles":null,"flow_direction":"","reach_code":""}},{"type":"Feature","geometry":{"type":"LineString","coordinates":[[-84.98,32.2378],[-84.9791,32.2376]]},"properties":{"name":"Unnamed Stream","layer":"nhd_perennial_streams","stream_type":"Perennial Stream","length_miles":null,"flow_direction":"","reach_code":""}},{"type":"Feature","geometry":{"type":"LineString","coordinates":[[-85.0895,32.4156],[-85.0935,32.4072]]},"properties":{"name":"Unnamed Stream","layer":"nhd_perennial_streams","stream_type":"Perennial Stream","length_miles":null,"flow_direction":"","reach_code":""}},{"type":"Feature","geometry":{"type":"LineString","coordinates":[[-85.0717,32.327],[-85.068,32.329]]},"properties":{"name":"Unnamed Stream","layer":"nhd_perennial_streams","stream_type":"Perennial Stream","length_miles":null,"flow_direction":"","reach_code":""}},{"type":"Feature","geometry":{"type":"LineString","coordinates":[[-84.8525,32.3334],[-84.8527,32.3281]]},"properties":{"name":"Unnamed Stream","layer":"nhd_perennial_streams","stream_type":"Perennial Stream","length_miles":null,"flow_direction":"","reach_code":""}},{"type":"Feature","geometry":{"type":"LineString","coordinates":[[-85.0927,32.3213],[-85.089,32.3218]]},"properties":{"name":"Unnamed Stream","layer":"nhd_perennial_streams","stream_type":"Perennial Stream","length_miles":null,"flow_direction":"","reach_code":""}},{"type":"Feature","geometry":{"type":"LineString","coordinates":[[-84.8623,32.2929],[-84.8649,32.2899]]},"properties":{"name":"Unnamed Stream","layer":"nhd_perennial_streams","stream_type":"Perennial Stream","length_miles":null,"flow_direction":"","reach_code":""}},{"type":"Feature","geometry":{"type":"LineString","coordinates":[[-84.8617,32.2738],[-84.8641,32.2794]]},"properties":{"name":"Unnamed Stream","layer":"nhd_perennial_streams","stream_type":"Perennial Stream","length_miles":null,"flow_direction":"","reach_code":""}},{"type":"Feature","geometry":{"type":"LineString","coordinates":[[-84.8413,32.3291],[-84.8398,32.3268]]},"properties":{"name":"Unnamed Stream","layer":"nhd_perennial_streams","stream_type":"Perennial Stream","length_miles":null,"flow_direction":"","reach_code":""}},{"type":"Feature","geometry":{"type":"LineString","coordinates":[[-85.0513,32.3452],[-85.0506,32.3446]]},"properties":{"name":"Unnamed Stream","layer":"nhd_perennial_streams","stream_type":"Perennial Stream","length_miles":null,"flow_direction":"","reach_code":""}},{"type":"Feature","geometry":{"type":"LineString","coordinates":[[-84.8572,32.4271],[-84.8549,32.4177],[-84.857,32.4147]]},"properties":{"name":"Unnamed Stream","layer":"nhd_perennial_streams","stream_type":"Perennial Stream","length_miles":null,"flow_direction":"","reach_code":""}},{"type":"Feature","geometry":{"type":"LineString","coordinates":[[-84.8521,32.2905],[-84.8623,32.2929]]},"properties":{"name":"Unnamed Stream","layer":"nhd_perennial_streams","stream_type":"Perennial Stream","length_miles":null,"flow_direction":"","reach_code":""}},{"type":"Feature","geometry":{"type":"LineString","coordinates":[[-85.0163,32.3696],[-85.0156,32.369]]},"properties":{"name":"Unnamed Stream","layer":"nhd_perennial_streams","stream_type":"Perennial Stream","length_miles":null,"flow_direction":"","reach_code":""}},{"type":"Feature","geometry":{"type":"LineString","coordinates":[[-85.0078,32.262],[-85.006,32.262]]},"properties":{"name":"Unnamed Stream","layer":"nhd_perennial_streams","stream_type":"Perennial Stream","length_miles":null,"flow_direction":"","reach_code":""}},{"type":"Feature","geometry":{"type":"LineString","coordinates":[[-84.9276,32.4008],[-84.9299,32.3966]]},"properties":{"name":"Unnamed Stream","layer":"nhd_perennial_streams","stream_type":"Perennial Stream","length_miles":null,"flow_direction":"","reach_code":""}},{"type":"Feature","geometry":{"type":"LineString","coordinates":[[-85.0342,32.2703],[-85.0331,32.2698]]},"properties":{"name":"Unnamed Stream","layer":"nhd_perennial_streams","stream_type":"Perennial Stream","length_miles":null,"flow_direction":"","reach_code":""}},{"type":"Feature","geometry":{"type":"LineString","coordinates":[[-84.8635,32.3456],[-84.8657,32.3419]]},"properties":{"name":"Unnamed Stream","layer":"nhd_perennial_streams","stream_type":"Perennial Stream","length_miles":null,"flow_direction":"","reach_code":""}},{"type":"Feature","geometry":{"type":"LineString","coordinates":[[-84.9846,32.2809],[-84.9915,32.2889]]},"properties":{"name":"Unnamed Stream","layer":"nhd_perennial_streams","stream_type":"Perennial Stream","length_miles":null,"flow_direction":"","reach_code":""}},{"type":"Feature","geometry":{"type":"LineString","coordinates":[[-84.8953,32.3101],[-84.904,32.3129]]},"properties":{"name":"Unnamed Stream","layer":"nhd_perennial_streams","stream_type":"Perennial Stream","length_miles":null,"flow_direction":"","reach_code":""}},{"type":"Feature","geometry":{"type":"LineString","coordinates":[[-84.8558,32.378],[-84.8536,32.3829]]},"properties":{"name":"Unnamed Stream","layer":"nhd_perennial_streams","stream_type":"Perennial Stream","length_miles":null,"flow_direction":"","reach_code":""}},{"type":"Feature","geometry":{"type":"LineString","coordinates":[[-85.0464,32.3975],[-85.046,32.3939]]},"properties":{"name":"Unnamed Stream","layer":"nhd_perennial_streams","stream_type":"Perennial Stream","length_miles":null,"flow_direction":"","reach_code":""}},{"type":"Feature","geometry":{"type":"LineString","coordinates":[[-84.8714,32.2493],[-84.8734,32.2473]]},"properties":{"name":"Unnamed Stream","layer":"nhd_perennial_streams","stream_type":"Perennial Stream","length_miles":null,"flow_direction":"","reach_code":""}},{"type":"Feature","geometry":{"type":"LineString","coordinates":[[-85.0793,32.2618],[-85.0746,32.2616]]},"properties":{"name":"Unnamed Stream","layer":"nhd_perennial_streams","stream_type":"Perennial Stream","length_miles":null,"flow_direction":"","reach_code":""}},{"type":"Feature","geometry":{"type":"LineString","coordinates":[[-84.9677,32.2458],[-84.9676,32.2396]]},"properties":{"name":"Unnamed Stream","layer":"nhd_perennial_streams","stream_type":"Perennial Stream","length_miles":null,"flow_direction":"","reach_code":""}},{"type":"Feature","geometry":{"type":"LineString","coordinates":[[-84.8734,32.2473],[-84.8726,32.2445]]},"properties":{"name":"Unnamed Stream","layer":"nhd_perennial_streams","stream_type":"Perennial Stream","length_miles":null,"flow_direction":"","reach_code":""}},{"type":"Feature","geometry":{"type":"LineString","coordinates":[[-84.8789,32.2434],[-84.8741,32.2419]]},"properties":{"name":"Unnamed Stream","layer":"nhd_perennial_streams","stream_type":"Perennial Stream","length_miles":null,"flow_direction":"","reach_code":""}},{"type":"Feature","geometry":{"type":"LineString","coordinates":[[-84.8894,32.2248],[-84.8916,32.225]]},"properties":{"name":"Unnamed Stream","layer":"nhd_perennial_streams","stream_type":"Perennial Stream","length_miles":null,"flow_direction":"","reach_code":""}},{"type":"Feature","geometry":{"type":"LineString","coordinates":[[-84.8916,32.225],[-84.8966,32.2219]]},"properties":{"name":"Unnamed Stream","layer":"nhd_perennial_streams","stream_type":"Perennial Stream","length_miles":null,"flow_direction":"","reach_code":""}},{"type":"Feature","geometry":{"type":"LineString","coordinates":[[-84.8604,32.4336],[-84.8572,32.4271]]},"properties":{"name":"Unnamed Stream","layer":"nhd_perennial_streams","stream_type":"Perennial Stream","length_miles":null,"flow_direction":"","reach_code":""}},{"type":"Feature","geometry":{"type":"LineString","coordinates":[[-85.0117,32.2596],[-85.0065,32.2538]]},"properties":{"name":"Unnamed Stream","layer":"nhd_perennial_streams","stream_type":"Perennial Stream","length_miles":null,"flow_direction":"","reach_code":""}},{"type":"Feature","geometry":{"type":"Polygon","coordinates":[[[-84.9962,32.4697],[-84.9962,32.4695],[-84.9965,32.4696],[-84.9962,32.4697]]]},"properties":{"name":"Unnamed Stream Area","layer":"nhd_stream_areas","waterbody_type":"River/Stream Area","area_acres":0.25,"fcode":46006}},{"type":"Feature","geometry":{"type":"MultiPolygon","coordinates":[[[[-84.8514,32.1461],[-84.8469,32.1453],[-84.8281,32.1558],[-84.8086,32.1568],[-84.8038,32.1524],[-84.793,32.1516],[-84.8145,32.1565],[-84.8276,32.155],[-84.8473,32.145],[-84.8567,32.1478],[-84.8707,32.1467],[-84.8646,32.1426],[-84.8576,32.1299],[-84.8649,32.1427],[-84.8741,32.1484],[-84.8799,32.145],[-84.8922,32.1463],[-84.908,32.1529],[-84.9223,32.1463],[-84.9379,32.1446],[-84.9414,32.1411],[-84.9551,32.144],[-84.9625,32.1404],[-84.9783,32.1499],[-84.9792,32.154],[-85.0192,32.1532],[-85.0193,32.1557],[-85.0252,32.1567],[-85.0218,32.1601],[-85.0248,32.1615],[-85.0239,32.1653],[-85.0452,32.1412],[-85.0548,32.1374],[-85.0676,32.1412],[-85.0785,32.1374],[-85.0839,32.1405],[-85.0834,32.1449],[-85.0927,32.1425],[-85.0991,32.1488],[-85.0968,32.1495],[-85.1042,32.1511],[-85.1031,32.1541],[-85.1123,32.1552],[-85.1147,32.1598],[-85.1289,32.1604],[-85.129,32.165],[-85.1339,32.1655],[-85.1348,32.1759],[-85.1338,32.1655],[-85.1289,32.1652],[-85.1288,32.1605],[-85.1237,32.1615],[-85.1244,32.164],[-85.1206,32.1589],[-85.1123,32.1612],[-85.1124,32.1556],[-85.0976,32.1526],[-85.0955,32.1481],[-85.0917,32.1505],[-85.0916,32.1438],[-85.0815,32.1456],[-85.0837,32.1414],[-85.0789,32.1384],[-85.0689,32.1418],[-85.0719,32.1471],[-85.0655,32.1404],[-85.0635,32.144],[-85.0582,32.1418],[-85.0567,32.1448],[-85.055,32.1389],[-85.0468,32.143],[-85.0386,32.1548],[-85.0335,32.1573],[-85.0327,32.1617],[-85.0322,32.1594],[-85.0165,32.1745],[-85.0138,32.179],[-85.0152,32.1838],[-85.014,32.1795],[-85.0101,32.1816],[-85.0131,32.1884],[-85.0071,32.1835],[-85.0088,32.1819],[-85.002,32.183],[-84.9966,32.1881],[-85.0012,32.1942],[-84.9953,32.1938],[-84.9975,32.1846],[-84.9637,32.197],[-84.9669,32.2038],[-84.9787,32.2024],[-84.9801,32.2119],[-84.9844,32.2121],[-84.9707,32.2192],[-84.9591,32.2186],[-84.9621,32.2288],[-84.9681,32.2259],[-84.9703,32.2296],[-84.968,32.226],[-84.9622,32.2296],[-84.9563,32.2256],[-84.9578,32.2185],[-84.9413,32.2184],[-84.9282,32.2205],[-84.9224,32.2307],[-84.9233,32.2217],[-84.9327,32.2171],[-84.9679,32.2185],[-84.974,32.2161],[-84.9795,32.2083],[-84.9739,32.2046],[-84.9598,32.2035],[-84.9614,32.1965],[-84.9711,32.1918],[-84.9699,32.1891],[-84.9719,32.1914],[-84.9926,32.185],[-84.9912,32.1811],[-84.9935,32.1845],[-85.0114,32.1793],[-85.0262,32.165],[-85.022,32.1665],[-85.0227,32.1636],[-85.0176,32.1616],[-85.0194,32.1536],[-84.9792,32.1542],[-84.9783,32.1501],[-84.9625,32.1406],[-84.9548,32.1442],[-84.9414,32.1413],[-84.9381,32.1447],[-84.9225,32.1465],[-84.9077,32.1531],[-84.8923,32.1465],[-84.8797,32.1452],[-84.8749,32.1486],[-84.8514,32.1461]],[[-85.0945,32.1463],[-85.0936,32.1472],[-85.0946,32.1487],[-85.0945,32.1463]],[[-85.0545,32.1385],[-85.0521,32.1397],[-85.0529,32.1397],[-85.0545,32.1385]],[[-85.0407,32.1472],[-85.039,32.1482],[-85.0401,32.1478],[-85.0407,32.1472]],[[-85.0366,32.1525],[-85.0359,32.1528],[-85.0359,32.153],[-85.0366,32.1525]],[[-84.963,32.1988],[-84.9629,32.1992],[-84.9633,32.1995],[-84.963,32.1988]],[[-85.0107,32.1857],[-85.0103,32.186],[-85.0109,32.1858],[-85.0107,32.1857]],[[-85.0521,32.1399],[-85.0518,32.1402],[-85.0523,32.14],[-85.0521,32.1399]],[[-84.9762,32.2138],[-84.9758,32.214],[-84.976,32.2141],[-84.9762,32.2138]],[[-85.06,32.1396],[-85.0596,32.1398],[-85.06,32.1398],[-85.06,32.1396]]],[[[-85.0132,32.1766],[-85.0131,32.1768],[-85.0133,32.1767],[-85.0132,32.1766]]]]},"properties":{"name":"Unnamed Stream Area","layer":"nhd_stream_areas","waterbody_type":"River/Stream Area","area_acres":1459.16,"fcode":46006}},{"type":"Feature","geometry":{"type":"MultiPolygon","coordinates":[[[[-84.9961,32.4706],[-84.9984,32.47],[-84.9954,32.4805],[-84.9933,32.4756],[-84.9961,32.4706]],[[-84.9944,32.4746],[-84.9939,32.475],[-84.9938,32.476],[-84.9944,32.4746]],[[-84.9947,32.4766],[-84.9942,32.477],[-84.9945,32.4773],[-84.9947,32.4766]],[[-84.9944,32.4776],[-84.9942,32.4781],[-84.9946,32.478],[-84.9944,32.4776]],[[-84.9943,32.4759],[-84.9942,32.4765],[-84.9946,32.4765],[-84.9943,32.4759]]],[[[-84.9952,32.4797],[-84.9947,32.4799],[-84.9952,32.48],[-84.9952,32.4797]]],[[[-84.9942,32.4791],[-84.994,32.4793],[-84.9944,32.4793],[-84.9942,32.4791]]],[[[-84.994,32.4797],[-84.9938,32.4797],[-84.9942,32.4798],[-84.994,32.4797]]],[[[-84.9941,32.4784],[-84.9942,32.4786],[-84.9944,32.4786],[-84.9941,32.4784]]]]},"properties":{"name":"Unnamed Stream Area","layer":"nhd_stream_areas","waterbody_type":"River/Stream Area","area_acres":48.93,"fcode":46006}},{"type":"Feature","geometry":{"type":"Polygon","coordinates":[[[-84.9961,32.4896],[-84.9988,32.4947],[-84.9962,32.4948],[-84.996,32.4985],[-84.9933,32.4799],[-84.9961,32.4896]]]},"properties":{"name":"Unnamed Stream Area","layer":"nhd_stream_areas","waterbody_type":"River/Stream Area","area_acres":83.77,"fcode":46006}},{"type":"Feature","geometry":{"type":"Polygon","coordinates":[[[-84.9963,32.4701],[-84.9961,32.4706],[-84.9961,32.4701],[-84.9963,32.4701]]]},"properties":{"name":"Unnamed Stream Area","layer":"nhd_stream_areas","waterbody_type":"River/Stream Area","area_acres":0.25,"fcode":46006}},{"type":"Feature","geometry":{"type":"MultiPolygon","coordinates":[[[[-85.1492,32.3704],[-85.1328,32.362],[-85.1164,32.3643],[-85.1081,32.3602],[-85.1051,32.3542],[-85.1,32.3566],[-85.093,32.3532],[-85.0719,32.3521],[-85.0821,32.3802],[-85.0917,32.3802],[-85.1029,32.3863],[-85.1036,32.4087],[-85.1075,32.4115],[-85.1096,32.4242],[-85.115,32.4308],[-85.1161,32.4422],[-85.1224,32.4453],[-85.1286,32.4537],[-85.1266,32.4548],[-85.1322,32.4599],[-85.1318,32.4651],[-85.1505,32.4639],[-85.1532,32.4682],[-85.1648,32.4686],[-85.1727,32.481],[-85.1703,32.4843],[-85.1753,32.4917],[-85.1746,32.4989],[-85.1841,32.5082],[-85.1982,32.5347],[-85.2059,32.5397],[-85.2108,32.536],[-85.2158,32.5415],[-85.2349,32.5288],[-85.2382,32.5357],[-85.2424,32.5327],[-85.241,32.5301],[-85.2522,32.525],[-85.2547,32.5284],[-85.2621,32.5233],[-85.2693,32.5361],[-85.2621,32.5236],[-85.2546,32.5286],[-85.2523,32.5251],[-85.2409,32.5303],[-85.2426,32.5326],[-85.2383,32.5358],[-85.235,32.5289],[-85.2158,32.5416],[-85.2108,32.5362],[-85.2059,32.5398],[-85.1981,32.5348],[-85.1841,32.5088],[-85.1743,32.4988],[-85.1749,32.4911],[-85.1702,32.4843],[-85.1726,32.4811],[-85.1647,32.4688],[-85.153,32.4682],[-85.1508,32.464],[-85.133,32.4665],[-85.1321,32.46],[-85.1265,32.4549],[-85.1283,32.4537],[-85.1159,32.4424],[-85.1147,32.431],[-85.1023,32.405],[-85.1043,32.4028],[-85.1012,32.3845],[-85.0957,32.3848],[-85.0916,32.3803],[-85.082,32.3803],[-85.0717,32.3523],[-85.0597,32.3449],[-85.0558,32.3464],[-85.0531,32.342],[-85.0499,32.3446],[-85.0462,32.3356],[-85.0436,32.3377],[-85.0343,32.3294],[-85.0225,32.3263],[-85.0196,32.3176],[-85.0063,32.3141],[-85.0037,32.2962],[-84.9919,32.2974],[-84.9842,32.2935],[-84.9734,32.2981],[-84.9669,32.2963],[-84.9704,32.2976],[-84.9695,32.2998],[-84.9635,32.3029],[-84.9594,32.3013],[-84.9545,32.3052],[-84.9577,32.3035],[-84.9566,32.3068],[-85.0026,32.3226],[-85.0078,32.3369],[-85.0041,32.3458],[-84.9838,32.3631],[-84.9864,32.366],[-84.9836,32.3644],[-84.9852,32.3727],[-84.9723,32.3767],[-84.975,32.3803],[-84.9865,32.3807],[-84.9884,32.3848],[-84.9833,32.3917],[-84.9685,32.3916],[-84.9801,32.4001],[-84.9811,32.4066],[-84.9796,32.4125],[-84.9632,32.4236],[-84.9717,32.4421],[-84.9949,32.4516],[-85.0004,32.4666],[-84.9981,32.4699],[-84.9937,32.4519],[-84.9719,32.4434],[-84.9665,32.4357],[-84.9647,32.4373],[-84.9608,32.4334],[-84.96,32.4283],[-84.9537,32.4263],[-84.9441,32.4439],[-84.9474,32.45],[-84.9351,32.4602],[-84.9332,32.4677],[-84.9245,32.4698],[-84.9217,32.4761],[-84.9126,32.4797],[-84.9049,32.4923],[-84.8911,32.5001],[-84.9048,32.4922],[-84.9125,32.4796],[-84.9215,32.4761],[-84.9243,32.4696],[-84.9332,32.4676],[-84.935,32.4602],[-84.9473,32.4499],[-84.9439,32.4438],[-84.9529,32.4265],[-84.9599,32.4281],[-84.9609,32.4331],[-84.9662,32.4369],[-84.9627,32.4224],[-84.9785,32.4122],[-84.9798,32.4054],[-84.9772,32.3989],[-84.9682,32.3948],[-84.9675,32.3916],[-84.9833,32.3907],[-84.9874,32.3835],[-84.9568,32.3738],[-84.9515,32.3773],[-84.9447,32.3764],[-84.9403,32.3821],[-84.9328,32.3805],[-84.9225,32.3893],[-84.9039,32.3961],[-84.9004,32.4022],[-84.8953,32.3998],[-84.89,32.4016],[-84.8824,32.4106],[-84.8745,32.4131],[-84.8705,32.411],[-84.866,32.4143],[-84.8515,32.4126],[-84.8478,32.4151],[-84.8355,32.4117],[-84.8329,32.4145],[-84.8187,32.413],[-84.8114,32.4161],[-84.8081,32.4224],[-84.8049,32.419],[-84.8011,32.4198],[-84.8041,32.4228],[-84.7978,32.4392],[-84.7936,32.4423],[-84.7947,32.4481],[-84.7907,32.4504],[-84.7896,32.4736],[-84.7928,32.4788],[-84.7897,32.4953],[-84.7848,32.5006],[-84.7834,32.5082],[-84.7924,32.4793],[-84.7894,32.4738],[-84.7905,32.4506],[-84.7944,32.4483],[-84.7933,32.4424],[-84.8013,32.43],[-84.8037,32.4225],[-84.8007,32.4199],[-84.8045,32.4189],[-84.793,32.414],[-84.7911,32.4181],[-84.7868,32.4177],[-84.779,32.4251],[-84.7681,32.4206],[-84.7701,32.4263],[-84.767,32.4287],[-84.7669,32.4351],[-84.7607,32.437],[-84.7517,32.4575],[-84.7447,32.4593],[-84.7471,32.4601],[-84.7427,32.4665],[-84.7435,32.4715],[-84.7343,32.483],[-84.7348,32.4882],[-84.7296,32.4945],[-84.7307,32.4983],[-84.7254,32.501],[-84.724,32.5081],[-84.7136,32.51],[-84.7129,32.5145],[-84.7017,32.5191],[-84.6783,32.519],[-84.6506,32.5346],[-84.6433,32.5363],[-84.6246,32.5312],[-84.6434,32.536],[-84.6505,32.5343],[-84.6782,32.5188],[-84.7018,32.5187],[-84.7136,32.5098],[-84.7243,32.5076],[-84.724,32.5028],[-84.7305,32.4983],[-84.7291,32.4945],[-84.7345,32.4881],[-84.734,32.4829],[-84.7432,32.4717],[-84.7426,32.4658],[-84.7468,32.4601],[-84.7445,32.4593],[-84.7516,32.4572],[-84.7606,32.4366],[-84.7667,32.4347],[-84.7699,32.4237],[-84.768,32.4203],[-84.7776,32.4221],[-84.779,32.4248],[-84.7864,32.4176],[-84.7912,32.4177],[-84.7926,32.4137],[-84.8041,32.418],[-84.8073,32.4224],[-84.8112,32.4198],[-84.8109,32.4163],[-84.8187,32.4128],[-84.833,32.4142],[-84.8355,32.4115],[-84.8483,32.4147],[-84.8526,32.4124],[-84.8546,32.4076],[-84.8449,32.4009],[-84.8367,32.3835],[-84.8264,32.3788],[-84.8235,32.3694],[-84.8,32.351],[-84.7798,32.3416],[-84.7768,32.337],[-84.7676,32.3347],[-84.777,32.337],[-84.7798,32.3415],[-84.8,32.3508],[-84.8236,32.3693],[-84.8267,32.3786],[-84.8371,32.3835],[-84.8451,32.401],[-84.855,32.4077],[-84.8527,32.4114],[-84.8555,32.4145],[-84.8819,32.4106],[-84.89,32.4014],[-84.895,32.3995],[-84.9002,32.402],[-84.9036,32.3959],[-84.9111,32.3951],[-84.9324,32.3804],[-84.9404,32.3819],[-84.9447,32.3759],[-84.9512,32.377],[-84.957,32.3737],[-84.9639,32.3764],[-84.9631,32.3739],[-84.9685,32.3788],[-84.9746,32.3733],[-84.9841,32.3724],[-84.983,32.3622],[-85.0035,32.3449],[-85.0062,32.3387],[-85.0039,32.3246],[-84.9379,32.3016],[-84.941,32.305],[-84.9386,32.3065],[-84.9408,32.3049],[-84.9177,32.2825],[-84.9113,32.2781],[-84.908,32.2802],[-84.9105,32.2777],[-84.899,32.2706],[-84.9025,32.2745],[-84.8931,32.2679],[-84.8873,32.2688],[-84.8908,32.2669],[-84.884,32.262],[-84.8899,32.2565],[-84.8942,32.2569],[-84.89,32.2583],[-84.8897,32.2614],[-84.921,32.2832],[-84.9337,32.2976],[-84.9426,32.3026],[-84.9541,32.3048],[-84.9545,32.3012],[-84.9585,32.3025],[-84.9636,32.2973],[-84.9673,32.2982],[-84.9636,32.3002],[-84.9675,32.2994],[-84.9667,32.296],[-84.9737,32.2977],[-84.9789,32.2934],[-85.0023,32.2951],[-85.0054,32.2974],[-85.0042,32.3095],[-85.0068,32.3141],[-85.0192,32.317],[-85.0226,32.3261],[-85.0346,32.3291],[-85.0437,32.3371],[-85.0463,32.3354],[-85.05,32.3444],[-85.053,32.3419],[-85.0558,32.3461],[-85.06,32.3448],[-85.0765,32.3536],[-85.081,32.3514],[-85.1,32.3565],[-85.1052,32.3541],[-85.1072,32.3592],[-85.1168,32.3643],[-85.1327,32.3618],[-85.1465,32.3701],[-85.1653,32.3684],[-85.1781,32.3723],[-85.1831,32.3774],[-85.1797,32.3768],[-85.1819,32.3793],[-85.1778,32.3725],[-85.1611,32.3678],[-85.1492,32.3704]],[[-84.8924,32.2657],[-84.8987,32.2718],[-84.8973,32.2687],[-84.8924,32.2657]],[[-84.9624,32.2987],[-84.9596,32.3009],[-84.9635,32.3004],[-84.9624,32.2987]],[[-84.7099,32.5145],[-84.7128,32.5138],[-84.7117,32.5129],[-84.7099,32.5145]],[[-84.7042,32.5166],[-84.705,32.5171],[-84.7062,32.5166],[-84.7042,32.5166]],[[-84.8908,32.264],[-84.8911,32.2659],[-84.8914,32.2651],[-84.8908,32.264]],[[-84.992,32.2972],[-84.992,32.2966],[-84.9911,32.2962],[-84.992,32.2972]],[[-84.9691,32.299],[-84.9682,32.2996],[-84.9692,32.2997],[-84.9691,32.299]],[[-84.9981,32.4675],[-84.9979,32.468],[-84.9986,32.468],[-84.9981,32.4675]],[[-84.9873,32.2939],[-84.9871,32.294],[-84.988,32.2944],[-84.9873,32.2939]],[[-84.9568,32.3025],[-84.9563,32.3026],[-84.9572,32.3027],[-84.9568,32.3025]],[[-84.9653,32.2984],[-84.9654,32.2989],[-84.9655,32.2985],[-84.9653,32.2984]],[[-84.9545,32.3035],[-84.9543,32.3036],[-84.9545,32.3038],[-84.9545,32.3035]],[[-84.7127,32.5127],[-84.7124,32.5123],[-84.7124,32.5126],[-84.7127,32.5127]],[[-84.9981,32.4669],[-84.9981,32.4667],[-84.9979,32.467],[-84.9981,32.4669]],[[-84.9975,32.4669],[-84.9974,32.4669],[-84.9975,32.467],[-84.9975,32.4669]],[[-84.9686,32.3938],[-84.9684,32.3939],[-84.9686,32.3939],[-84.9686,32.3938]],[[-84.9978,32.4667],[-84.9976,32.4668],[-84.9977,32.4668],[-84.9978,32.4667]]],[[[-85.0747,32.3581],[-85.0749,32.36],[-85.0759,32.3591],[-85.0747,32.3581]]],[[[-84.8399,32.3895],[-84.8406,32.3904],[-84.8412,32.3902],[-84.8399,32.3895]]],[[[-84.8389,32.3882],[-84.8384,32.3888],[-84.8393,32.389],[-84.8389,32.3882]]],[[[-85.1031,32.3989],[-85.103,32.3992],[-85.103,32.3993],[-85.1031,32.3989]]],[[[-84.9975,32.468],[-84.9974,32.4683],[-84.9976,32.4682],[-84.9975,32.468]]],[[[-85.1028,32.3993],[-85.1028,32.3997],[-85.1029,32.3996],[-85.1028,32.3993]]],[[[-85.1014,32.3846],[-85.1012,32.3849],[-85.1014,32.3848],[-85.1014,32.3846]]],[[[-84.9972,32.4673],[-84.9971,32.4675],[-84.9973,32.4674],[-84.9972,32.4673]]],[[[-84.9974,32.4672],[-84.9973,32.4673],[-84.9975,32.4673],[-84.9974,32.4672]]],[[[-85.0912,32.3808],[-85.0911,32.3807],[-85.0912,32.3809],[-85.0912,32.3808]]]]},"properties":{"name":"Unnamed Stream Area","layer":"nhd_stream_areas","waterbody_type":"River/Stream Area","area_acres":2344.06,"fcode":46006}},{"type":"Feature","geometry":{"type":"Polygon","coordinates":[[[-84.9745,32.4697],[-84.978,32.4669],[-84.9752,32.4693],[-84.9745,32.4697]]]},"properties":{"name":"Unnamed Stream Area","layer":"nhd_stream_areas","waterbody_type":"River/Stream Area","area_acres":1.24,"fcode":46006}},{"type":"Feature","geometry":{"type":"Polygon","coordinates":[[[-84.9965,32.4692],[-84.9965,32.4696],[-84.9963,32.469],[-84.9965,32.4692]]]},"properties":{"name":"Unnamed Stream Area","layer":"nhd_stream_areas","waterbody_type":"River/Stream Area","area_acres":0.22,"fcode":46006}},{"type":"Feature","geometry":{"type":"Polygon","coordinates":[[[-84.9961,32.4701],[-84.9962,32.4697],[-84.9964,32.4698],[-84.9961,32.4701]]]},"properties":{"name":"Unnamed Stream Area","layer":"nhd_stream_areas","waterbody_type":"River/Stream Area","area_acres":0.25,"fcode":46006}}],"metadata":{"site_id":"fort-benning-ga","retrieved_at":"2026-08-21T21:53:59.132766Z","nepa_mcp_version":"0.1.1","buffer_miles":10.0,"layers":{"roi":{"status":"ok","feature_count":2,"warnings":[],"query_buffer_miles":10.0},"tribal_lands":{"status":"empty","feature_count":0,"warnings":[],"query_buffer_miles":10.0},"critical_habitat":{"status":"ok","feature_count":1,"warnings":[],"query_buffer_miles":10.0},"wildlife_refuges":{"status":"empty","feature_count":0,"warnings":[],"query_buffer_miles":10.0},"usace_districts":{"status":"ok","feature_count":1,"warnings":[],"query_buffer_miles":10.0},"nhd_lakes":{"status":"ok","feature_count":402,"warnings":[],"query_buffer_miles":10.0},"nhd_reservoirs":{"status":"ok","feature_count":50,"warnings":[],"query_buffer_miles":10.0},"nhd_perennial_streams":{"status":"ok","feature_count":765,"warnings":[],"query_buffer_miles":10.0},"nhd_stream_areas":{"status":"ok","feature_count":9,"warnings":[],"query_buffer_miles":10.0},"federal_lands":{"status":"empty","feature_count":0,"warnings":[],"query_buffer_miles":0.1},"nps_boundaries":{"status":"empty","feature_count":0,"warnings":[],"query_buffer_miles":10.0},"fire_perimeters":{"status":"empty","feature_count":0,"warnings":[],"query_buffer_miles":10.0}},"limitations":"Installation-reference screening only; proposed reactor parcel unknown. Unavailable layers are not no-hit findings."}}