{"type":"FeatureCollection","features":[{"type":"Feature","geometry":{"type":"Point","coordinates":[-87.750278,36.463333]},"properties":{"type":"Project Location","latitude":36.463333,"longitude":-87.750278}},{"type":"Feature","geometry":{"type":"Polygon","coordinates":[[[-87.74584522999999,36.31834697200003],[-87.75471076999997,36.31834697200003],[-87.76356552299995,36.31870112300004],[-87.77238793899994,36.31940856400007],[-87.78115654599998,36.32046757300003],[-87.78985000199998,36.32187557100008],[-87.79844714299998,36.323629133000054],[-87.80692703699998,36.32572398900004],[-87.81526903199995,36.32815504000007],[-87.82345280599998,36.33091636700004],[-87.83145841799995,36.33400124700006],[-87.83926635299997,36.33740216800004],[-87.84685756899995,36.34111084800003],[-87.85421354599998,36.34511825300007],[-87.86131632899998,36.34941462200004],[-87.86814856899997,36.35398948500006],[-87.87469357099997,36.35883169600004],[-87.88093532799996,36.363929452000036],[-87.88685856499995,36.36927032600005],[-87.89244877399994,36.374841297000046],[-87.89769225099997,36.38062877800007],[-87.90257612699997,36.38661865300003],[-87.90708840399998,36.392796307000026],[-87.91121798099994,36.399146665000046],[-87.91495468399995,36.40565422700007],[-87.91828929099995,36.412303103000056],[-87.92121355599994,36.41907705800003],[-87.92372022699999,36.42595954300003],[-87.92580306899998,36.432933744000024],[-87.92745687799999,36.43998261400003],[-87.92867749199996,36.447088922000034],[-87.92946180999996,36.45423529000004],[-87.92980779199996,36.461404240000036],[-87.92971447099995,36.46857823100004],[-87.92918195399994,36.47573970600007],[-87.92821142299994,36.48287113400005],[-87.92680513499994,36.48995505400006],[-87.92496641599996,36.49697411400007],[-87.92269965399998,36.503911118000076],[-87.92001028999994,36.51074906700006],[-87.91690480699998,36.517471199000056],[-87.91339071199997,36.52406103200008],[-87.90947651999994,36.53050240500005],[-87.90517173499995,36.536779516000024],[-87.90048682699995,36.542876963000026],[-87.89543320699994,36.548779781000064],[-87.89002319699995,36.55447347900008],[-87.88427000499996,36.55994407800006],[-87.87818768899996,36.565178142000036],[-87.87179112699994,36.57016281400007],[-87.86509597599996,36.574885847000076],[-87.85811863499998,36.579335635000064],[-87.85087620699994,36.58350124100008],[-87.84338645499997,36.58737242600006],[-87.83566775899999,36.59093967100006],[-87.82773906799997,36.594194205000065],[-87.81961985899994,36.597128025000075],[-87.81133007999995,36.59973391400007],[-87.80289010799999,36.60200546200008],[-87.79432069499995,36.60393708200007],[-87.78564291599997,36.605524021000065],[-87.77687811599998,36.60676237500007],[-87.76804785999997,36.607649097000035],[-87.75917387599998,36.60818200400007],[-87.75027799999998,36.60835978500006],[-87.74138212399998,36.60818200400007],[-87.73250813999994,36.607649097000035],[-87.72367788399998,36.60676237500007],[-87.71491308399999,36.605524021000065],[-87.70623530499995,36.60393708200007],[-87.69766589199997,36.60200546200008],[-87.68922591999996,36.59973391400007],[-87.68093614099996,36.597128025000075],[-87.67281693199999,36.594194205000065],[-87.66488824099997,36.59093967100006],[-87.65716954499999,36.58737242600006],[-87.64967979299996,36.58350124100008],[-87.64243736499998,36.579335635000064],[-87.63546002399994,36.574885847000076],[-87.62876487299997,36.57016281400007],[-87.62236831099995,36.565178142000036],[-87.61628599499994,36.55994407800006],[-87.61053280299996,36.55447347900008],[-87.60512279299996,36.548779781000064],[-87.60006917299995,36.542876963000026],[-87.59538426499995,36.536779516000024],[-87.59107947999996,36.53050240500005],[-87.58716528799994,36.52406103200008],[-87.58365119299998,36.517471199000056],[-87.58054570999997,36.51074906700006],[-87.57785634599998,36.503911118000076],[-87.57558958399994,36.49697411400007],[-87.57375086499997,36.48995505400006],[-87.57234457699997,36.48287113400005],[-87.57137404599996,36.47573970600007],[-87.57084152899995,36.46857823100004],[-87.57074820799994,36.461404240000036],[-87.57109418999994,36.45423529000004],[-87.57187850799994,36.447088922000034],[-87.57309912199997,36.43998261400003],[-87.57475293099998,36.432933744000024],[-87.57683577299997,36.42595954300003],[-87.57934244399996,36.41907705800003],[-87.58226670899995,36.412303103000056],[-87.58560131599995,36.40565422700007],[-87.58933801899997,36.399146665000046],[-87.59346759599998,36.392796307000026],[-87.59797987299999,36.38661865300003],[-87.60286374899994,36.38062877800007],[-87.60810722599996,36.374841297000046],[-87.61369743499995,36.36927032600005],[-87.61962067199994,36.363929452000036],[-87.62586242899994,36.35883169600004],[-87.63240743099999,36.35398948500006],[-87.63923967099998,36.34941462200004],[-87.64634245399998,36.34511825300007],[-87.65369843099995,36.34111084800003],[-87.66128964699999,36.33740216800004],[-87.66909758199995,36.33400124700006],[-87.67710319399998,36.33091636700004],[-87.68528696799996,36.32815504000007],[-87.69362896299998,36.32572398900004],[-87.70210885699998,36.323629133000054],[-87.71070599799998,36.32187557100008],[-87.71939945399998,36.32046757300003],[-87.72816806099996,36.31940856400007],[-87.73699047699995,36.31870112300004],[-87.74584522999999,36.31834697200003]]]},"properties":{"type":"Region of Interest","buffer_miles":10.0,"center_lat":36.463333,"center_lon":-87.750278}},{"type":"Feature","geometry":{"type":"MultiPolygon","coordinates":[[[[-87.6654,36.406],[-87.6664,36.4075],[-87.6658,36.409],[-87.6654,36.406]]],[[[-87.8086,36.5001],[-87.7986,36.504],[-87.803,36.5013],[-87.8086,36.5001]]],[[[-87.7853,36.5061],[-87.7628,36.5009],[-87.7371,36.4806],[-87.708,36.4419],[-87.6671,36.4167],[-87.6656,36.4055],[-87.672,36.4108],[-87.6754,36.4093],[-87.677,36.4137],[-87.683,36.4124],[-87.6823,36.4163],[-87.685,36.416],[-87.6884,36.4218],[-87.6912,36.4195],[-87.6889,36.41],[-87.6928,36.4028],[-87.6934,36.4142],[-87.6989,36.4147],[-87.6989,36.4118],[-87.7057,36.412],[-87.7167,36.4011],[-87.7112,36.4125],[-87.7142,36.4126],[-87.7136,36.4161],[-87.7077,36.417],[-87.7094,36.4237],[-87.7159,36.43],[-87.7091,36.4315],[-87.698,36.4281],[-87.7155,36.4482],[-87.7194,36.4453],[-87.7189,36.4415],[-87.722,36.4476],[-87.7255,36.4471],[-87.7175,36.4502],[-87.7261,36.456],[-87.726,36.4596],[-87.7328,36.4548],[-87.7355,36.4586],[-87.7417,36.4537],[-87.7397,36.437],[-87.7507,36.4421],[-87.7551,36.4327],[-87.7497,36.456],[-87.7574,36.4537],[-87.7568,36.4574],[-87.7491,36.4579],[-87.75,36.4641],[-87.7464,36.4633],[-87.7408,36.4709],[-87.7409,36.4773],[-87.749,36.4769],[-87.7467,36.4823],[-87.7547,36.4846],[-87.7533,36.4867],[-87.7628,36.4919],[-87.7659,36.4855],[-87.765,36.4898],[-87.768,36.4911],[-87.7657,36.4931],[-87.7763,36.4974],[-87.7773,36.4946],[-87.7808,36.4979],[-87.7937,36.495],[-87.7935,36.4906],[-87.801,36.4911],[-87.8009,36.495],[-87.8124,36.4912],[-87.813,36.4978],[-87.7853,36.5061]],[[-87.6932,36.4164],[-87.6928,36.4163],[-87.6942,36.4165],[-87.6932,36.4164]]],[[[-87.7372,36.5181],[-87.7462,36.51],[-87.748,36.5059],[-87.745,36.5039],[-87.7519,36.5004],[-87.7441,36.4947],[-87.7414,36.4976],[-87.7418,36.4922],[-87.733,36.4828],[-87.728,36.4837],[-87.7267,36.4917],[-87.726,36.4879],[-87.7092,36.4905],[-87.705,36.4886],[-87.6933,36.503],[-87.6912,36.4991],[-87.6957,36.4926],[-87.6931,36.4929],[-87.6935,36.4896],[-87.6883,36.4861],[-87.704,36.4843],[-87.7117,36.4793],[-87.7106,36.4741],[-87.6991,36.4794],[-87.7019,36.4777],[-87.6979,36.4702],[-87.7095,36.4713],[-87.7135,36.4685],[-87.7097,36.4669],[-87.7074,36.4585],[-87.6996,36.4578],[-87.7007,36.4545],[-87.7048,36.4547],[-87.7001,36.4486],[-87.6932,36.4508],[-87.6978,36.4467],[-87.6917,36.4406],[-87.6817,36.4419],[-87.6782,36.4387],[-87.6726,36.4446],[-87.6745,36.4399],[-87.6666,36.4401],[-87.6676,36.4367],[-87.6875,36.4363],[-87.6792,36.4338],[-87.6843,36.4318],[-87.6737,36.427],[-87.6633,36.4165],[-87.7066,36.4435],[-87.7343,36.4802],[-87.7599,36.5014],[-87.7876,36.5076],[-87.8131,36.4998],[-87.8116,36.504],[-87.8099,36.5017],[-87.8043,36.506],[-87.8036,36.504],[-87.7984,36.5057],[-87.7989,36.5089],[-87.7963,36.5062],[-87.792,36.5072],[-87.7939,36.512],[-87.7907,36.5074],[-87.7854,36.5083],[-87.786,36.5119],[-87.7838,36.5082],[-87.7748,36.5077],[-87.7759,36.5109],[-87.7672,36.5062],[-87.7686,36.5202],[-87.7631,36.5076],[-87.7602,36.5068],[-87.7632,36.5049],[-87.76,36.5037],[-87.7518,36.5077],[-87.7467,36.5171],[-87.745,36.5154],[-87.7427,36.518],[-87.7437,36.5202],[-87.7416,36.5178],[-87.7355,36.5208],[-87.7372,36.5181]]]]},"properties":{"name":"CROSS CREEKS NATIONAL WILDLIFE REFUGE","type":"NWR","fws_region":"4","layer":"wildlife_refuges"}},{"type":"Feature","geometry":{"type":"Polygon","coordinates":[[[-84.3438,37.5395],[-84.337,37.536],[-84.3301,37.5395],[-84.3196,37.5384],[-84.3145,37.5283],[-84.309,37.5293],[-84.304,37.5373],[-84.2982,37.5348],[-84.3027,37.5299],[-84.3014,37.5231],[-84.2778,37.5237],[-84.2677,37.5153],[-84.2552,37.5181],[-84.2534,37.5235],[-84.2476,37.5255],[-84.2383,37.5237],[-84.2347,37.5197],[-84.2247,37.5271],[-84.2131,37.5251],[-84.2136,37.5217],[-84.205,37.5245],[-84.1978,37.5148],[-84.2129,37.5075],[-84.2067,37.4991],[-84.195,37.4946],[-84.1952,37.4906],[-84.1747,37.493],[-84.1695,37.4872],[-84.1656,37.4921],[-84.1541,37.495],[-84.1504,37.4993],[-84.1441,37.4986],[-84.1335,37.5066],[-84.1146,37.5035],[-84.1113,37.5063],[-84.106,37.5037],[-84.1043,37.4991],[-84.0938,37.4963],[-84.0918,37.4861],[-84.0829,37.4852],[-84.0832,37.481],[-84.059,37.4913],[-84.0467,37.4902],[-84.0424,37.4946],[-84.0381,37.4912],[-84.0253,37.4946],[-84.0214,37.493],[-84.0126,37.4984],[-84.0041,37.4912],[-83.9995,37.4916],[-83.9926,37.4778],[-83.9847,37.476],[-83.9795,37.48],[-83.9722,37.4799],[-83.9744,37.4759],[-83.9706,37.4718],[-83.9718,37.4612],[-83.9617,37.4556],[-83.9701,37.4464],[-83.9577,37.4413],[-83.9577,37.4305],[-83.9539,37.4272],[-83.9563,37.4238],[-83.9494,37.4209],[-83.9414,37.4242],[-83.9356,37.4226],[-83.9366,37.4184],[-83.9334,37.4142],[-83.9359,37.4093],[-83.9277,37.4083],[-83.9316,37.4044],[-83.926,37.4032],[-83.9221,37.3968],[-83.924,37.3957],[-83.9097,37.3916],[-83.9037,37.3783],[-83.8967,37.374],[-83.8965,37.368],[-83.9022,37.3646],[-83.8916,37.3589],[-83.895,37.3532],[-83.8891,37.3515],[-83.8893,37.3383],[-83.8854,37.3351],[-83.8892,37.3296],[-83.8857,37.3272],[-83.8875,37.3245],[-83.876,37.3233],[-83.8701,37.3164],[-83.8732,37.3077],[-83.8787,37.3121],[-83.8832,37.3099],[-83.8817,37.3034],[-83.8859,37.3063],[-83.898,37.3047],[-83.9008,37.3099],[-83.9078,37.3097],[-83.9102,37.309],[-83.909,37.3011],[-83.9218,37.2965],[-83.9183,37.2881],[-83.9216,37.2853],[-83.9207,37.2814],[-83.9146,37.2808],[-83.9133,37.2756],[-83.9032,37.275],[-83.9085,37.2679],[-83.9052,37.2646],[-83.9016,37.2671],[-83.8973,37.264],[-83.9013,37.2538],[-83.8926,37.2447],[-83.8845,37.2436],[-83.8871,37.2386],[-83.8838,37.2385],[-83.8767,37.2292],[-83.8802,37.2189],[-83.8879,37.2115],[-83.8854,37.2061],[-83.8908,37.203],[-83.8975,37.2054],[-83.9086,37.1959],[-83.9015,37.1893],[-83.9023,37.1836],[-83.8948,37.1801],[-83.8892,37.1832],[-83.8858,37.1818],[-83.8841,37.1773],[-83.8875,37.169],[-83.8846,37.1626],[-83.8915,37.1557],[-83.9095,37.165],[-83.9113,37.1586],[-83.9208,37.1601],[-83.9245,37.1556],[-83.9316,37.1548],[-83.9278,37.1481],[-83.9293,37.1398],[-83.9382,37.1382],[-83.9327,37.1284],[-83.9349,37.116],[-83.9318,37.114],[-83.9303,37.1041],[-83.9216,37.1061],[-83.9145,37.113],[-83.9076,37.1086],[-83.8859,37.1191],[-83.8807,37.114],[-83.8835,37.1097],[-83.8765,37.1077],[-83.8764,37.1006],[-83.8666,37.0881],[-83.8682,37.0827],[-83.8751,37.0827],[-83.8877,37.075],[-83.8845,37.0618],[-83.8763,37.0628],[-83.8714,37.0548],[-83.8628,37.0515],[-83.8587,37.0545],[-83.8557,37.047],[-83.8584,37.0439],[-83.8565,37.0397],[-83.8669,37.029],[-83.8688,37.023],[-83.8606,37.0158],[-83.8675,37.0078],[-83.8662,37.0023],[-83.8726,37.0016],[-83.8726,36.9987],[-83.8649,36.9944],[-83.8599,36.9835],[-83.8757,36.9634],[-83.8687,36.9604],[-83.8701,36.9552],[-83.8752,36.9526],[-83.8735,36.9502],[-83.8767,36.9443],[-83.8631,36.9359],[-83.8467,36.9349],[-83.8421,36.9413],[-83.8359,36.9382],[-83.8257,36.9519],[-83.8154,36.9558],[-83.8178,36.9608],[-83.8114,36.9644],[-83.8041,36.9632],[-83.7959,36.971],[-83.7917,36.9661],[-83.779,36.9647],[-83.7805,36.958],[-83.7745,36.9514],[-83.7677,36.9545],[-83.7712,36.9589],[-83.7638,36.968],[-83.7649,36.9748],[-83.7549,36.9806],[-83.7509,36.9882],[-83.7463,36.988],[-83.7409,36.9936],[-83.7254,36.9906],[-83.7198,36.9952],[-83.7105,36.9963],[-83.7098,36.9924],[-83.705,36.9926],[-83.7006,36.9866],[-83.6952,36.9869],[-83.692,36.9827],[-83.6825,36.9839],[-83.6792,36.9799],[-83.6754,36.9818],[-83.6733,36.9761],[-83.6698,36.975],[-83.6605,36.9765],[-83.6537,36.9705],[-83.6546,36.9678],[-83.6416,36.9597],[-83.634,36.9625],[-83.6237,36.9587],[-83.6159,36.9621],[-83.6079,36.9526],[-83.5898,36.9572],[-83.5906,36.9515],[-83.5838,36.9412],[-83.5782,36.9378],[-83.5698,36.9395],[-83.5702,36.9351],[-83.5663,36.9314],[-83.5759,36.9225],[-83.5757,36.9119],[-83.5685,36.9146],[-83.5582,36.9112],[-83.5626,36.8975],[-83.5579,36.8951],[-83.5519,36.8953],[-83.5513,36.9003],[-83.5462,36.9033],[-83.5348,36.8988],[-83.5262,36.9002],[-83.5066,36.9113],[-83.5039,36.9095],[-83.5044,36.8986],[-83.5003,36.8953],[-83.4928,36.8967],[-83.4837,36.8931],[-83.4768,36.8966],[-83.4745,36.8918],[-83.4572,36.8828],[-83.4517,36.8921],[-83.4468,36.8898],[-83.4339,36.8943],[-83.4329,36.8888],[-83.4197,36.8889],[-83.4086,36.8903],[-83.4002,36.8988],[-83.3962,36.899],[-83.3954,36.9037],[-83.383,36.8977],[-83.3778,36.9029],[-83.3713,36.9009],[-83.366,36.9077],[-83.3557,36.909],[-83.355,36.9142],[-83.3491,36.9111],[-83.3505,36.9069],[-83.3458,36.9048],[-83.3446,36.8951],[-83.3122,36.898],[-83.2574,36.9179],[-83.1965,36.9333],[-83.1725,36.9462],[-83.1395,36.9581],[-83.038,36.9842],[-83.0369,36.981],[-83.0207,36.9779],[-83.0052,36.9931],[-82.9668,37.0002],[-82.9458,37.0131],[-82.8978,37.0322],[-82.8792,37.045],[-82.8744,37.0436],[-82.8706,37.0496],[-82.8487,37.0565],[-82.8477,37.0605],[-82.8345,37.0614],[-82.8322,37.066],[-82.8227,37.067],[-82.8208,37.0709],[-82.8,37.0804],[-82.7869,37.0902],[-82.7793,37.0907],[-82.774,37.0977],[-82.762,37.1048],[-82.7558,37.104],[-82.7278,37.1155],[-82.7222,37.1061],[-82.722,37.0952],[-82.7251,37.0917],[-82.7167,37.0774],[-82.7268,37.0728],[-82.7222,37.058],[-82.7243,37.0428],[-82.719,37.0408],[-82.7173,37.0352],[-82.7105,37.0315],[-82.7026,37.0323],[-82.6987,37.0398],[-82.6768,37.0611],[-82.6629,37.0558],[-82.6277,37.0523],[-82.6258,37.0474],[-82.6291,37.0426],[-82.6241,37.0359],[-82.6188,37.0341],[-82.614,37.022],[-82.5806,37.0113],[-82.5679,37.0159],[-82.5689,37.0109],[-82.5754,37.0083],[-82.5737,36.9964],[-82.5705,36.9999],[-82.5486,36.992],[-82.5452,36.9963],[-82.5279,36.9985],[-82.5268,36.9942],[-82.5206,36.9939],[-82.5216,36.9866],[-82.5259,36.987],[-82.522,36.9824],[-82.5265,36.9754],[-82.5129,36.9688],[-82.5153,36.9611],[-82.5115,36.9568],[-82.5192,36.9521],[-82.5191,36.9479],[-82.5111,36.9429],[-82.5024,36.9432],[-82.4896,36.9502],[-82.4903,36.9561],[-82.4834,36.9578],[-82.4895,36.9677],[-82.4794,36.978],[-82.4826,36.9841],[-82.4713,36.9912],[-82.4573,36.9879],[-82.4447,36.9792],[-82.4359,36.9781],[-82.4336,36.9813],[-82.4244,36.9792],[-82.4175,36.9862],[-82.41,36.9837],[-82.4084,36.9886],[-82.4008,36.9893],[-82.4012,36.9862],[-82.3958,36.9823],[-82.3789,36.9803],[-82.3812,36.9774],[-82.3789,36.9746],[-82.3717,36.9755],[-82.3653,36.9693],[-82.3615,36.9555],[-82.3523,36.9577],[-82.3551,36.967],[-82.3491,36.9698],[-82.3485,36.9737],[-82.3365,36.9844],[-82.3321,36.9826],[-82.3232,36.9859],[-82.3125,36.9941],[-82.3163,37.0017],[-82.3107,37.0076],[-82.3017,37.0075],[-82.2993,37.0041],[-82.3007,36.9985],[-82.2939,36.9915],[-82.2871,36.9973],[-82.2744,37.0014],[-82.2622,36.9895],[-82.2578,36.989],[-82.2438,36.9952],[-82.2405,37.0023],[-82.2319,37.0051],[-82.2362,37.0149],[-82.2256,37.0135],[-82.2292,37.0202],[-82.2265,37.0223],[-82.2281,37.0247],[-82.2172,37.031],[-82.2013,37.0321],[-82.1954,37.0278],[-82.1843,37.0266],[-82.1801,37.035],[-82.1685,37.0412],[-82.1605,37.037],[-82.1501,37.0416],[-82.1412,37.04],[-82.1357,37.0437],[-82.127,37.039],[-82.1202,37.0416],[-82.1182,37.0389],[-82.1071,37.0415],[-82.1072,37.0481],[-82.0968,37.0519],[-82.0878,37.0414],[-82.0756,37.0382],[-82.0564,37.048],[-82.0447,37.0466],[-82.0356,37.0519],[-82.0316,37.0651],[-82.0179,37.0684],[-82.0213,37.0746],[-82.0139,37.0795],[-82.0155,37.0828],[-82.0212,37.0837],[-82.0212,37.0891],[-82.0127,37.0981],[-82.0169,37.102],[-82.0103,37.1074],[-82.0117,37.112],[-82.0067,37.1155],[-82.0077,37.12],[-82.0003,37.1181],[-81.9909,37.1287],[-81.9874,37.1237],[-81.976,37.1206],[-81.9672,37.1224],[-81.9639,37.128],[-81.9531,37.1258],[-81.9463,37.1301],[-81.9312,37.1266],[-81.9297,37.1316],[-81.923,37.1341],[-81.9145,37.1306],[-81.9093,37.1403],[-81.8997,37.1423],[-81.8975,37.1522],[-81.8895,37.1488],[-81.8672,37.1578],[-81.8725,37.1647],[-81.8572,37.1745],[-81.8455,37.1731],[-81.8334,37.1801],[-81.8216,37.1787],[-81.8119,37.1853],[-81.7998,37.1851],[-81.7874,37.1908],[-81.7841,37.198],[-81.7738,37.204],[-81.7631,37.201],[-81.7571,37.2072],[-81.7553,37.2192],[-81.7411,37.2258],[-81.7433,37.2324],[-81.7405,37.2374],[-81.7263,37.2405],[-81.7195,37.2384],[-81.7156,37.2287],[-81.6991,37.2198],[-81.6947,37.2131],[-81.6835,37.2115],[-81.6833,37.2056],[-81.6782,37.2022],[-81.6868,37.1966],[-81.6872,37.1888],[-81.6939,37.1859],[-81.6922,37.1812],[-81.698,37.1755],[-81.6994,37.1612],[-81.6922,37.1492],[-81.6866,37.1466],[-81.6779,37.1302],[-81.6736,37.1317],[-81.6669,37.1261],[-81.6642,37.1177],[-81.6381,37.1276],[-81.6349,37.1247],[-81.6255,37.1269],[-81.6254,37.1299],[-81.6158,37.1344],[-81.6112,37.1348],[-81.6078,37.1289],[-81.6035,37.13],[-81.5936,37.1342],[-81.5882,37.1425],[-81.571,37.1471],[-81.5657,37.1524],[-81.5652,37.1582],[-81.5545,37.1647],[-81.5588,37.1725],[-81.5651,37.1707],[-81.5708,37.1747],[-81.5548,37.1828],[-81.5446,37.1838],[-81.5165,37.1979],[-81.5123,37.1923],[-81.5019,37.195],[-81.4987,37.1923],[-81.4657,37.2022],[-81.4423,37.2141],[-81.432,37.2034],[-81.4292,37.1939],[-81.4379,37.1878],[-81.4356,37.1838],[-81.4307,37.1845],[-81.4302,37.1789],[-81.4167,37.1662],[-81.4309,37.1564],[-81.4247,37.1479],[-81.4256,37.1415],[-81.4153,37.1381],[-81.414,37.1346],[-81.4178,37.1321],[-81.4117,37.1221],[-81.4533,37.1081],[-81.4013,37.1162],[-81.3976,37.1057],[-81.4115,37.0932],[-81.4167,37.0829],[-81.4096,37.0781],[-81.4021,37.0777],[-81.4025,37.0737],[-81.3976,37.0692],[-81.404,37.0635],[-81.4031,37.0604],[-81.3773,37.0535],[-81.374,37.0567],[-81.3263,37.0674],[-81.3112,37.0749],[-81.3064,37.0694],[-81.3075,37.0645],[-81.2995,37.0558],[-81.296,37.0596],[-81.2907,37.0588],[-81.2698,37.0683],[-81.2678,37.0639],[-81.2719,37.0615],[-81.2648,37.0555],[-81.2735,37.0426],[-81.2635,37.0371],[-81.2611,37.0317],[-81.2964,37.0125],[-81.3504,36.9661],[-81.3678,36.9674],[-81.3727,36.9639],[-81.3628,36.9432],[-81.3572,36.9419],[-81.3544,36.9366],[-81.3434,36.9353],[-81.3412,36.9325],[-81.3408,36.9189],[-81.3361,36.9145],[-81.3389,36.9123],[-81.3283,36.9117],[-81.3247,36.906],[-81.3161,36.9035],[-81.3154,36.8995],[-81.3018,36.8935],[-81.3037,36.8917],[-81.2856,36.8854],[-81.291,36.8812],[-81.3042,36.881],[-81.3023,36.8779],[-81.3047,36.8758],[-81.3003,36.8721],[-81.3181,36.8696],[-81.317,36.8527],[-81.3209,36.8479],[-81.3698,36.84],[-81.3699,36.8313],[-81.3743,36.8286],[-81.3733,36.8224],[-81.3861,36.8202],[-81.3832,36.8125],[-81.3911,36.8102],[-81.3926,36.8054],[-81.3817,36.8051],[-81.3811,36.7996],[-81.3718,36.7922],[-81.3743,36.785],[-81.3692,36.7857],[-81.3705,36.784],[-81.3649,36.7794],[-81.3692,36.762],[-81.3608,36.7594],[-81.3507,36.7611],[-81.3436,36.7516],[-81.3299,36.7514],[-81.3294,36.7478],[-81.3343,36.7457],[-81.3362,36.7397],[-81.3491,36.7388],[-81.3701,36.7313],[-81.3724,36.7279],[-81.3864,36.7247],[-81.3872,36.7288],[-81.396,36.7345],[-81.4327,36.7186],[-81.4464,36.7163],[-81.4561,36.7187],[-81.4681,36.7154],[-81.4717,36.7143],[-81.471,36.7061],[-81.4763,36.7046],[-81.5033,36.7042],[-81.5075,36.7075],[-81.525,36.7078],[-81.5446,36.7018],[-81.5434,36.6972],[-81.5317,36.6939],[-81.5333,36.6766],[-81.5396,36.6645],[-81.5476,36.6568],[-81.5637,36.6587],[-81.5815,36.6466],[-81.6022,36.6424],[-81.6123,36.6154],[-81.6281,36.6133],[-81.6256,36.6029],[-81.6302,36.5955],[-81.6532,36.5993],[-81.6724,36.5927],[-81.6801,36.5857],[-81.6772,36.5706],[-81.6914,36.5679],[-81.6902,36.5517],[-81.6933,36.5511],[-81.6999,36.5367],[-81.708,36.5362],[-81.7086,36.5238],[-81.7031,36.5214],[-81.6971,36.5059],[-81.7003,36.4984],[-81.6959,36.4916],[-81.6982,36.4884],[-81.6953,36.4673],[-81.7169,36.4565],[-81.7138,36.4473],[-81.7179,36.4451],[-81.7149,36.4371],[-81.7213,36.4339],[-81.7179,36.4299],[-81.7196,36.4247],[-81.7345,36.4125],[-81.7419,36.4112],[-81.7394,36.3956],[-81.7289,36.3916],[-81.7295,36.3854],[-81.7347,36.3796],[-81.7261,36.3688],[-81.7225,36.3529],[-81.7173,36.3478],[-81.708,36.3461],[-81.7053,36.3415],[-81.7115,36.3147],[-81.7189,36.3109],[-81.7284,36.292],[-81.7266,36.2764],[-81.7379,36.2696],[-81.7282,36.2627],[-81.7254,36.2445],[-81.6994,36.2336],[-81.7036,36.2066],[-81.6953,36.1986],[-81.7049,36.192],[-81.7038,36.1775],[-81.7119,36.1656],[-81.7027,36.1463],[-81.7124,36.138],[-81.7124,36.1313],[-81.7187,36.1214],[-81.7228,36.1191],[-81.7267,36.1233],[-81.7376,36.1235],[-81.7502,36.1192],[-81.7623,36.1212],[-81.8019,36.1089],[-81.8376,36.1154],[-81.8406,36.1242],[-81.8383,36.1275],[-81.8421,36.1291],[-81.8539,36.1231],[-81.8544,36.1179],[-81.8591,36.115],[-81.8656,36.1147],[-81.8694,36.1224],[-81.8757,36.125],[-81.8881,36.114],[-81.8908,36.1071],[-81.8903,36.097],[-81.8836,36.0905],[-81.8877,36.0796],[-81.8943,36.0745],[-81.8966,36.0634],[-81.9075,36.0634],[-81.9145,36.068],[-81.9293,36.0602],[-81.9383,36.0628],[-81.9428,36.061],[-81.9352,36.0543],[-81.9372,36.0457],[-81.954,36.0336],[-81.9608,36.014],[-81.9637,36.0132],[-81.9634,36.0071],[-81.9552,36.0062],[-81.9532,36.0025],[-81.9553,36.0008],[-81.9506,35.9943],[-81.951,35.9882],[-81.9564,35.9843],[-81.9551,35.9777],[-81.9608,35.9735],[-81.9559,35.9726],[-81.954,35.9632],[-81.9591,35.9606],[-81.9637,35.9469],[-81.9633,35.9388],[-81.9548,35.9324],[-81.9545,35.9269],[-81.9605,35.9212],[-81.9824,35.9114],[-81.9791,35.9015],[-81.9803,35.8848],[-81.9994,35.8742],[-82.0077,35.8828],[-82.0226,35.8851],[-82.0288,35.8794],[-82.0295,35.868],[-82.0345,35.8614],[-82.0488,35.8529],[-82.075,35.8484],[-82.0996,35.8515],[-82.1022,35.8403],[-82.1167,35.8333],[-82.1215,35.8244],[-82.1333,35.8243],[-82.1423,35.8126],[-82.15,35.8096],[-82.1478,35.804],[-82.1584,35.8014],[-82.1623,35.7973],[-82.1679,35.7876],[-82.1585,35.7799],[-82.1606,35.7744],[-82.1642,35.7728],[-82.1701,35.7607],[-82.1845,35.7534],[-82.1936,35.7348],[-82.1981,35.7361],[-82.2137,35.7243],[-82.2427,35.7127],[-82.258,35.6988],[-82.2755,35.7047],[-82.2892,35.6963],[-82.295,35.6841],[-82.2841,35.6768],[-82.2804,35.6679],[-82.2866,35.6581],[-82.2857,35.6483],[-82.2817,35.6391],[-82.2716,35.6331],[-82.2742,35.6291],[-82.2722,35.6219],[-82.2646,35.6177],[-82.265,35.6139],[-82.2806,35.6088],[-82.2817,35.603],[-82.289,35.5994],[-82.2913,35.5909],[-82.2961,35.5867],[-82.326,35.5818],[-82.3379,35.5691],[-82.3427,35.5689],[-82.3443,35.5612],[-82.3277,35.5535],[-82.3232,35.5479],[-82.338,35.5408],[-82.344,35.5281],[-82.3344,35.5166],[-82.3217,35.517],[-82.3141,35.5058],[-82.3368,35.4993],[-82.3408,35.489],[-82.3566,35.4906],[-82.3608,35.4851],[-82.3693,35.4856],[-82.3719,35.4801],[-82.3673,35.4641],[-82.363,35.4609],[-82.3491,35.4653],[-82.3392,35.4643],[-82.3289,35.4597],[-82.3256,35.4545],[-82.3172,35.4567],[-82.3122,35.4535],[-82.3136,35.4371],[-82.3183,35.4333],[-82.3205,35.4235],[-82.3298,35.4266],[-82.3305,35.4202],[-82.328,35.4192],[-82.3376,35.4128],[-82.3452,35.4133],[-82.3457,35.4086],[-82.3434,35.4028],[-82.3334,35.3994],[-82.3314,35.3894],[-82.3223,35.3835],[-82.3131,35.3913],[-82.3091,35.3903],[-82.3098,35.38],[-82.3151,35.3763],[-82.3175,35.3675],[-82.3316,35.3633],[-82.3339,35.3595],[-82.3455,35.3681],[-82.3556,35.3522],[-82.3652,35.3483],[-82.3669,35.3425],[-82.3709,35.3435],[-82.3766,35.3357],[-82.375,35.324],[-82.3645,35.3193],[-82.3645,35.3165],[-82.3794,35.3061],[-82.3806,35.2976],[-82.3909,35.2972],[-82.3915,35.2916],[-82.3955,35.2886],[-82.4049,35.288],[-82.4027,35.2706],[-82.4056,35.2659],[-82.4157,35.2668],[-82.4148,35.2575],[-82.4248,35.2561],[-82.4289,35.247],[-82.4351,35.243],[-82.462,35.2453],[-82.4666,35.2386],[-82.4725,35.2363],[-82.4951,35.2381],[-82.5059,35.233],[-82.5332,35.2331],[-82.5486,35.2201],[-82.5533,35.2027],[-82.543,35.1992],[-82.5415,35.1933],[-82.5477,35.189],[-82.5555,35.1886],[-82.5567,35.1829],[-82.5677,35.1794],[-82.5692,35.1734],[-82.5762,35.176],[-82.591,35.1644],[-82.5896,35.16],[-82.5859,35.1592],[-82.5856,35.1521],[-82.5757,35.1457],[-82.579,35.1415],[-82.5884,35.1432],[-82.5983,35.1384],[-82.6137,35.14],[-82.6235,35.1346],[-82.6292,35.1258],[-82.6361,35.1256],[-82.6364,35.1305],[-82.6413,35.1325],[-82.6453,35.1269],[-82.6521,35.1261],[-82.6569,35.1189],[-82.6623,35.1182],[-82.6694,35.1207],[-82.6743,35.1173],[-82.6742,35.1261],[-82.6814,35.1281],[-82.6871,35.1255],[-82.6873,35.1195],[-82.6944,35.1161],[-82.6866,35.1082],[-82.6979,35.0955],[-82.7005,35.1007],[-82.7155,35.0931],[-82.727,35.0947],[-82.7302,35.0879],[-82.7353,35.087],[-82.7392,35.0777],[-82.7508,35.0816],[-82.754,35.0688],[-82.7746,35.0646],[-82.782,35.0664],[-82.776,35.0809],[-82.7786,35.0838],[-82.8022,35.087],[-82.8053,35.0904],[-82.8041,35.0938],[-82.8112,35.0972],[-82.8175,35.0955],[-82.8247,35.0807],[-82.831,35.0817],[-82.8292,35.0907],[-82.8319,35.1023],[-82.8371,35.1041],[-82.8363,35.1102],[-82.8402,35.1183],[-82.8451,35.1171],[-82.8516,35.1228],[-82.8687,35.1212],[-82.8754,35.1256],[-82.882,35.1233],[-82.8885,35.1156],[-82.897,35.1129],[-82.8948,35.1082],[-82.9062,35.1025],[-82.9105,35.1091],[-82.906,35.1145],[-82.911,35.1195],[-82.9083,35.1291],[-82.9114,35.1313],[-82.9116,35.1432],[-82.9177,35.1444],[-82.9206,35.1489],[-82.9171,35.1523],[-82.9223,35.1555],[-82.9216,35.1649],[-82.9283,35.1726],[-82.9444,35.1696],[-82.9452,35.1664],[-82.9538,35.1668],[-82.9601,35.161],[-82.9802,35.1676],[-82.9967,35.1635],[-82.9947,35.1534],[-82.9887,35.1484],[-82.9848,35.1503],[-82.981,35.1482],[-82.9763,35.1346],[-82.9788,35.1301],[-82.997,35.1382],[-83.0152,35.1388],[-83.0164,35.1442],[-83.0314,35.1449],[-83.032,35.1491],[-83.0379,35.1475],[-83.0397,35.1519],[-83.0437,35.1502],[-83.0516,35.1558],[-83.0554,35.1543],[-83.0604,35.1632],[-83.0695,35.1615],[-83.0751,35.1572],[-83.0778,35.1472],[-83.0844,35.1407],[-83.0975,35.1349],[-83.1072,35.135],[-83.1108,35.1251],[-83.1162,35.1247],[-83.1247,35.1171],[-83.124,35.1137],[-83.1328,35.1106],[-83.1394,35.1165],[-83.1474,35.1128],[-83.1519,35.1073],[-83.1529,35.0984],[-83.1474,35.0925],[-83.1435,35.0786],[-83.1578,35.0789],[-83.165,35.0712],[-83.1718,35.0692],[-83.1711,35.0605],[-83.1628,35.055],[-83.1813,35.0583],[-83.1867,35.0397],[-83.1923,35.0381],[-83.1995,35.0433],[-83.2098,35.0413],[-83.2108,35.037],[-83.2149,35.0365],[-83.2239,35.0462],[-83.2291,35.0393],[-83.2306,35.0532],[-83.2377,35.0574],[-83.2441,35.0517],[-83.2418,35.0453],[-83.2471,35.0467],[-83.2503,35.0355],[-83.2563,35.0313],[-83.2598,35.0383],[-83.2676,35.0418],[-83.2734,35.0348],[-83.2858,35.0371],[-83.2918,35.0319],[-83.2966,35.018],[-83.2843,35.0071],[-83.2872,34.9971],[-83.3048,34.9895],[-83.3016,34.9853],[-83.3043,34.9796],[-83.2997,34.9655],[-83.3148,34.9509],[-83.3178,34.9435],[-83.345,34.9348],[-83.3409,34.9202],[-83.3439,34.9148],[-83.3497,34.9152],[-83.3679,34.9061],[-83.3798,34.9201],[-83.3969,34.9247],[-83.4019,34.9208],[-83.4007,34.9135],[-83.405,34.9068],[-83.4161,34.9065],[-83.4205,34.9034],[-83.426,34.9111],[-83.4346,34.9108],[-83.4398,34.9174],[-83.4574,34.9205],[-83.4517,34.9365],[-83.458,34.9407],[-83.459,34.945],[-83.4653,34.9449],[-83.4696,34.962],[-83.4738,34.9636],[-83.4808,34.9752],[-83.4819,34.99],[-83.4865,34.9986],[-83.5047,35.0008],[-83.5105,35.0052],[-83.5211,34.9968],[-83.522,35.0036],[-83.5272,35.0094],[-83.522,35.0132],[-83.5212,35.0182],[-83.5385,35.0361],[-83.5584,35.039],[-83.5689,35.0283],[-83.5791,35.0253],[-83.5778,35.0159],[-83.5848,35.0032],[-83.6014,34.9923],[-83.5914,34.9664],[-83.5969,34.9594],[-83.5888,34.951],[-83.5931,34.9403],[-83.602,34.9386],[-83.5984,34.9224],[-83.5932,34.9203],[-83.599,34.9133],[-83.6154,34.9145],[-83.6186,34.9092],[-83.6267,34.9101],[-83.63,34.9061],[-83.6281,34.8996],[-83.6304,34.8949],[-83.6446,34.8916],[-83.6499,34.881],[-83.6566,34.8786],[-83.6551,34.8655],[-83.6618,34.8482],[-83.6591,34.8303],[-83.6522,34.823],[-83.667,34.8065],[-83.6911,34.7992],[-83.696,34.7935],[-83.7121,34.7906],[-83.723,34.7978],[-83.7467,34.8016],[-83.7518,34.8051],[-83.7545,34.8126],[-83.7785,34.816],[-83.7895,34.8243],[-83.7949,34.8247],[-83.8136,34.8076],[-83.8114,34.7941],[-83.8148,34.787],[-83.8243,34.78],[-83.8306,34.7663],[-83.825,34.7435],[-83.8296,34.7407],[-83.8295,34.7311],[-83.8383,34.7289],[-83.8409,34.7249],[-83.8501,34.7262],[-83.8568,34.7219],[-83.8702,34.7273],[-83.8787,34.7229],[-83.8855,34.7265],[-83.8937,34.7256],[-83.9004,34.7321],[-83.9064,34.7316],[-83.9217,34.7377],[-83.9271,34.7352],[-83.9403,34.7408],[-83.9846,34.7143],[-83.9895,34.7075],[-83.9866,34.7002],[-83.9916,34.6966],[-83.9947,34.6783],[-84.0242,34.6702],[-84.03,34.6538],[-84.0381,34.6512],[-84.0367,34.6419],[-84.0481,34.6408],[-84.0626,34.6485],[-84.0677,34.6479],[-84.0713,34.6572],[-84.0781,34.6573],[-84.081,34.6533],[-84.0891,34.6514],[-84.1177,34.6583],[-84.1269,34.6646],[-84.1374,34.6606],[-84.1367,34.6542],[-84.1416,34.6491],[-84.1479,34.6464],[-84.1515,34.651],[-84.1564,34.6482],[-84.161,34.6402],[-84.1609,34.6334],[-84.1712,34.6371],[-84.1849,34.6297],[-84.1911,34.6323],[-84.1934,34.6296],[-84.1966,34.634],[-84.1937,34.6386],[-84.1976,34.6429],[-84.2029,34.6424],[-84.2108,34.6463],[-84.2109,34.6495],[-84.2166,34.6491],[-84.2262,34.6542],[-84.2331,34.6664],[-84.2422,34.6701],[-84.2408,34.6741],[-84.2553,34.6869],[-84.2573,34.6938],[-84.2647,34.6942],[-84.2787,34.7214],[-84.2973,34.7277],[-84.3059,34.7234],[-84.3179,34.7271],[-84.327,34.7255],[-84.3414,34.7366],[-84.3431,34.7436],[-84.3353,34.7472],[-84.3415,34.7617],[-84.3121,34.7814],[-84.3214,34.7883],[-84.3246,34.7995],[-84.3214,34.8059],[-84.3321,34.8094],[-84.3341,34.8124],[-84.3309,34.8174],[-84.3441,34.8236],[-84.3238,34.8462],[-84.3315,34.8552],[-84.3259,34.8619],[-84.3304,34.868],[-84.3407,34.8622],[-84.346,34.8633],[-84.3526,34.8551],[-84.3634,34.8519],[-84.3675,34.8445],[-84.3794,34.839],[-84.3862,34.8393],[-84.3953,34.8322],[-84.3816,34.8566],[-84.3846,34.8644],[-84.391,34.8625],[-84.4021,34.8497],[-84.4072,34.8475],[-84.4201,34.8496],[-84.4218,34.8438],[-84.4269,34.8434],[-84.4272,34.8389],[-84.4362,34.8295],[-84.4447,34.8267],[-84.4484,34.8215],[-84.4657,34.8199],[-84.4875,34.812],[-84.4878,34.8197],[-84.4919,34.8255],[-84.5044,34.8328],[-84.5021,34.8437],[-84.4968,34.8467],[-84.4985,34.8551],[-84.504,34.8576],[-84.5055,34.8638],[-84.5134,34.8652],[-84.5148,34.8685],[-84.5153,34.8768],[-84.5108,34.884],[-84.5155,34.8916],[-84.5156,34.9023],[-84.5119,34.9071],[-84.5035,34.9082],[-84.5052,34.9133],[-84.501,34.9184],[-84.5072,34.9227],[-84.5081,34.928],[-84.5096,34.9258],[-84.5136,34.9282],[-84.5131,34.9324],[-84.5264,34.9374],[-84.5214,34.9535],[-84.5243,34.9578],[-84.5212,34.9621],[-84.5231,34.9683],[-84.5181,34.9737],[-84.5189,34.9878],[-84.523,34.9963],[-84.5345,35.0035],[-84.5525,35.0072],[-84.5626,35.0265],[-84.5695,35.028],[-84.5851,35.0197],[-84.5885,35.0224],[-84.5925,35.0196],[-84.6087,35.0258],[-84.6164,35.0163],[-84.6259,35.0157],[-84.6314,35.0115],[-84.6438,35.019],[-84.6431,35.0262],[-84.6504,35.0258],[-84.6545,35.0312],[-84.661,35.0327],[-84.6646,35.0393],[-84.6786,35.0362],[-84.6827,35.0405],[-84.6814,35.0558],[-84.6839,35.0603],[-84.6893,35.0556],[-84.7,35.0544],[-84.7065,35.057],[-84.7066,35.0656],[-84.7105,35.064],[-84.7205,35.0674],[-84.728,35.0743],[-84.7413,35.0665],[-84.7416,35.0744],[-84.7461,35.0772],[-84.752,35.0744],[-84.7572,35.0793],[-84.7628,35.0765],[-84.7676,35.083],[-84.774,35.085],[-84.7729,35.0882],[-84.7878,35.0897],[-84.7899,35.0932],[-84.7874,35.0987],[-84.791,35.1015],[-84.7952,35.1027],[-84.8017,35.097],[-84.8045,35.108],[-84.8208,35.1225],[-84.8182,35.1254],[-84.8201,35.1371],[-84.8158,35.1393],[-84.819,35.1489],[-84.8306,35.1518],[-84.834,35.1496],[-84.8392,35.1519],[-84.8425,35.1488],[-84.8548,35.1514],[-84.8753,35.1141],[-84.8853,35.1112],[-84.8946,35.0971],[-84.9038,35.0788],[-84.9105,35.0525],[-84.9167,35.049],[-84.9264,35.0541],[-84.9337,35.0373],[-84.9451,35.0436],[-84.9509,35.0433],[-84.9494,35.0345],[-84.955,35.031],[-84.9533,35.0271],[-84.9636,35.0095],[-84.9634,35.0051],[-84.9519,34.9999],[-84.9554,34.9905],[-84.9529,34.986],[-84.9648,34.9671],[-84.9616,34.9563],[-84.9666,34.9551],[-84.9661,34.9514],[-84.9749,34.9386],[-84.9739,34.9345],[-84.9777,34.9308],[-84.9753,34.9295],[-84.9766,34.9194],[-84.9799,34.9185],[-84.9849,34.9086],[-84.9901,34.9086],[-84.992,34.8959],[-85.0018,34.8882],[-85.0037,34.881],[-84.9998,34.8754],[-85.0052,34.873],[-85.0074,34.8673],[-85.0026,34.8618],[-85.0034,34.8557],[-85.0083,34.8515],[-85.024,34.8572],[-85.0246,34.8458],[-85.0329,34.8407],[-85.0381,34.8281],[-85.0353,34.8272],[-85.0384,34.8224],[-85.0346,34.8135],[-85.039,34.813],[-85.0418,34.8169],[-85.0469,34.795],[-85.0425,34.7859],[-85.0463,34.7731],[-85.0422,34.756],[-85.0459,34.7515],[-85.0592,34.7508],[-85.0617,34.7448],[-85.0764,34.7361],[-85.0748,34.731],[-85.0692,34.7311],[-85.0702,34.7235],[-85.0749,34.7206],[-85.078,34.7125],[-85.0756,34.7063],[-85.0802,34.7063],[-85.0822,34.7111],[-85.0898,34.708],[-85.0923,34.7122],[-85.101,34.7095],[-85.1153,34.7225],[-85.1196,34.7206],[-85.131,34.7254],[-85.1409,34.7191],[-85.1461,34.7234],[-85.1522,34.7191],[-85.1672,34.7242],[-85.1775,34.7084],[-85.1913,34.7189],[-85.205,34.7201],[-85.2142,34.7064],[-85.2245,34.7078],[-85.2326,34.7134],[-85.2307,34.7177],[-85.2339,34.7216],[-85.2282,34.723],[-85.2267,34.7284],[-85.2326,34.7348],[-85.2297,34.7403],[-85.2359,34.7439],[-85.2275,34.755],[-85.2269,34.7598],[-85.2298,34.7606],[-85.2271,34.7672],[-85.2318,34.7681],[-85.2385,34.7773],[-85.2442,34.7778],[-85.2468,34.7858],[-85.2522,34.7895],[-85.2584,34.7812],[-85.2615,34.7897],[-85.2661,34.788],[-85.2668,34.7838],[-85.2726,34.7807],[-85.2788,34.7643],[-85.2933,34.7721],[-85.2916,34.7816],[-85.3014,34.781],[-85.2996,34.7764],[-85.3077,34.7755],[-85.3097,34.7715],[-85.3054,34.7671],[-85.3064,34.7614],[-85.3131,34.7592],[-85.3268,34.7422],[-85.3355,34.7425],[-85.3502,34.725],[-85.3626,34.7178],[-85.3625,34.7097],[-85.3591,34.7073],[-85.3633,34.6977],[-85.3863,34.6968],[-85.3865,34.6882],[-85.3953,34.6798],[-85.3956,34.6763],[-85.3913,34.6745],[-85.3985,34.6691],[-85.3947,34.6677],[-85.3998,34.6636],[-85.4086,34.6632],[-85.4088,34.6559],[-85.4034,34.6437],[-85.4196,34.6421],[-85.4275,34.6297],[-85.4275,34.6218],[-85.4554,34.6055],[-85.465,34.6101],[-85.4729,34.6074],[-85.4852,34.6164],[-85.4804,34.6222],[-85.4736,34.6217],[-85.4679,34.6257],[-85.4738,34.6317],[-85.4678,34.6571],[-85.4715,34.6694],[-85.47,34.676],[-85.4779,34.6884],[-85.4699,34.6981],[-85.4664,34.7096],[-85.4731,34.7142],[-85.4774,34.7079],[-85.4967,34.7026],[-85.5023,34.6969],[-85.5186,34.6943],[-85.544,34.6559],[-85.5659,34.6316],[-85.5712,34.6225],[-85.5707,34.6167],[-85.5767,34.6137],[-85.5855,34.5953],[-85.5879,34.5834],[-85.5904,34.5815],[-85.6033,34.5842],[-85.6094,34.5888],[-85.62,34.5887],[-85.6318,34.5973],[-85.6366,34.5892],[-85.6406,34.5894],[-85.645,34.5846],[-85.6616,34.5921],[-85.6775,34.5707],[-85.6826,34.5716],[-85.6878,34.5667],[-85.6916,34.5572],[-85.7012,34.5463],[-85.712,34.5428],[-85.71,34.5345],[-85.7162,34.5303],[-85.7152,34.5214],[-85.7812,34.4694],[-85.806,34.4412],[-85.8155,34.4357],[-85.8262,34.4358],[-85.8285,34.4208],[-85.8356,34.4157],[-85.8532,34.3847],[-85.8647,34.3778],[-85.8652,34.3706],[-85.8718,34.3643],[-85.8868,34.3562],[-85.8949,34.3479],[-85.8997,34.3479],[-85.9022,34.3382],[-85.8992,34.3343],[-85.9153,34.3205],[-85.926,34.3021],[-85.9566,34.2852],[-85.9577,34.2755],[-85.9544,34.2684],[-85.9587,34.2576],[-85.9703,34.2487],[-85.9787,34.251],[-85.984,34.2477],[-85.9813,34.2294],[-86.0074,34.202],[-86.0152,34.199],[-86.0135,34.1943],[-86.0174,34.1899],[-86.0296,34.1823],[-86.0311,34.1706],[-86.037,34.169],[-86.0379,34.1659],[-86.0427,34.1672],[-86.0501,34.1639],[-86.0583,34.1537],[-86.055,34.1454],[-86.0643,34.1412],[-86.0706,34.1442],[-86.0725,34.1391],[-86.0766,34.1447],[-86.092,34.1465],[-86.0977,34.1525],[-86.1073,34.1504],[-86.1063,34.1429],[-86.1006,34.1397],[-86.1056,34.133],[-86.1038,34.1222],[-86.1123,34.1204],[-86.1096,34.1116],[-86.1271,34.1309],[-86.1383,34.1326],[-86.1407,34.1396],[-86.1388,34.1454],[-86.1519,34.153],[-86.1484,34.163],[-86.1384,34.1677],[-86.1383,34.1761],[-86.1347,34.1782],[-86.1395,34.1823],[-86.1367,34.1865],[-86.1378,34.1928],[-86.151,34.2011],[-86.1442,34.2164],[-86.1503,34.2217],[-86.1496,34.2343],[-86.1636,34.2369],[-86.1757,34.2466],[-86.1863,34.2441],[-86.1984,34.2545],[-86.2073,34.2473],[-86.2141,34.2522],[-86.2276,34.2547],[-86.2404,34.2488],[-86.2691,34.2611],[-86.2687,34.2549],[-86.2742,34.2496],[-86.2756,34.2426],[-86.3202,34.2305],[-86.3302,34.2375],[-86.343,34.2335],[-86.3517,34.242],[-86.3587,34.2439],[-86.3601,34.2415],[-86.3772,34.2487],[-86.3865,34.2357],[-86.378,34.223],[-86.3945,34.2241],[-86.3919,34.2219],[-86.3949,34.2166],[-86.3911,34.2144],[-86.3905,34.205],[-86.4027,34.2102],[-86.4169,34.1953],[-86.4291,34.1945],[-86.4537,34.1637],[-86.454,34.1584],[-86.4505,34.156],[-86.4509,34.1424],[-86.458,34.1424],[-86.4649,34.147],[-86.4753,34.1291],[-86.4845,34.1279],[-86.4895,34.1233],[-86.4999,34.1251],[-86.5084,34.1342],[-86.5172,34.1362],[-86.511,34.1401],[-86.5094,34.1476],[-86.5039,34.15],[-86.4958,34.1647],[-86.498,34.1696],[-86.506,34.1709],[-86.5091,34.1776],[-86.507,34.1821],[-86.51,34.1852],[-86.4822,34.2163],[-86.4815,34.2234],[-86.4745,34.2258],[-86.474,34.235],[-86.4682,34.2356],[-86.4667,34.2415],[-86.4501,34.2503],[-86.4548,34.2639],[-86.4481,34.2702],[-86.4477,34.2808],[-86.4417,34.288],[-86.4473,34.2989],[-86.4753,34.3084],[-86.4789,34.3142],[-86.487,34.318],[-86.4902,34.3245],[-86.4956,34.3227],[-86.4962,34.3179],[-86.5007,34.3177],[-86.5027,34.3135],[-86.5126,34.3124],[-86.5287,34.317],[-86.5388,34.315],[-86.543,34.318],[-86.5703,34.3172],[-86.5723,34.3122],[-86.5788,34.3127],[-86.5867,34.3087],[-86.5965,34.31],[-86.5976,34.2995],[-86.602,34.292],[-86.6007,34.2859],[-86.608,34.2804],[-86.6203,34.2906],[-86.6326,34.2935],[-86.6392,34.2998],[-86.6483,34.3003],[-86.6545,34.2947],[-86.6696,34.2984],[-86.677,34.2942],[-86.6855,34.3022],[-86.6956,34.304],[-86.6991,34.3077],[-86.7013,34.305],[-86.6984,34.299],[-86.702,34.2959],[-86.7103,34.297],[-86.7142,34.293],[-86.723,34.2918],[-86.726,34.3088],[-86.7574,34.3278],[-86.7615,34.3242],[-86.7632,34.307],[-86.7821,34.3023],[-86.7933,34.3036],[-86.7995,34.2921],[-86.8052,34.2918],[-86.811,34.2838],[-86.8119,34.2763],[-86.818,34.2691],[-86.8253,34.2708],[-86.8332,34.2651],[-86.846,34.2645],[-86.851,34.2589],[-86.8498,34.2508],[-86.8643,34.2405],[-86.8672,34.2442],[-86.8782,34.2458],[-86.8842,34.2523],[-86.8884,34.2492],[-86.9164,34.2534],[-86.9218,34.2512],[-86.9332,34.2564],[-86.9366,34.2603],[-86.9277,34.2712],[-86.9285,34.2764],[-86.9448,34.2896],[-86.9631,34.2902],[-86.9622,34.2971],[-86.9675,34.3042],[-86.9887,34.3116],[-86.9912,34.3095],[-86.9898,34.3063],[-86.9947,34.3031],[-87.0148,34.3117],[-87.0254,34.3051],[-87.0356,34.3032],[-87.0454,34.3086],[-87.0545,34.3029],[-87.0723,34.3058],[-87.0788,34.3002],[-87.1156,34.3167],[-87.1122,34.3233],[-87.1156,34.3328],[-87.1291,34.335],[-87.1371,34.3463],[-87.151,34.3405],[-87.1739,34.3426],[-87.1853,34.3356],[-87.1916,34.3379],[-87.2036,34.3346],[-87.2108,34.3368],[-87.2187,34.3453],[-87.2334,34.345],[-87.238,34.3518],[-87.2415,34.3515],[-87.2488,34.3585],[-87.2536,34.3582],[-87.254,34.3654],[-87.2648,34.3691],[-87.2696,34.3765],[-87.2971,34.3779],[-87.3105,34.3845],[-87.31,34.3899],[-87.3146,34.3886],[-87.3167,34.3927],[-87.3134,34.3997],[-87.317,34.4027],[-87.3139,34.4168],[-87.3312,34.4175],[-87.3345,34.422],[-87.3326,34.431],[-87.3358,34.431],[-87.3381,34.4356],[-87.3482,34.4312],[-87.3466,34.4243],[-87.3494,34.4193],[-87.358,34.4169],[-87.3606,34.4104],[-87.3666,34.4091],[-87.3685,34.4043],[-87.374,34.405],[-87.383,34.3982],[-87.4028,34.4094],[-87.4196,34.4019],[-87.4274,34.406],[-87.4292,34.4018],[-87.4342,34.4036],[-87.4347,34.3982],[-87.4422,34.3983],[-87.4496,34.3927],[-87.4521,34.3974],[-87.4573,34.3964],[-87.4575,34.3993],[-87.4614,34.3986],[-87.4662,34.392],[-87.4737,34.3923],[-87.4762,34.3892],[-87.4943,34.3959],[-87.5019,34.3901],[-87.51,34.3828],[-87.5098,34.3761],[-87.5207,34.3673],[-87.5191,34.3411],[-87.5284,34.3361],[-87.5363,34.3367],[-87.5384,34.3313],[-87.5417,34.3311],[-87.5312,34.3041],[-87.5349,34.3028],[-87.5365,34.2956],[-87.5469,34.2913],[-87.5484,34.2862],[-87.5442,34.2713],[-87.5553,34.2665],[-87.559,34.2557],[-87.5737,34.2548],[-87.5783,34.2478],[-87.5921,34.2399],[-87.62,34.2376],[-87.6221,34.2284],[-87.6332,34.2333],[-87.6365,34.2307],[-87.6415,34.2346],[-87.6527,34.23],[-87.6643,34.2379],[-87.673,34.2375],[-87.6879,34.2434],[-87.6982,34.2418],[-87.7036,34.2463],[-87.7103,34.2434],[-87.7218,34.248],[-87.7269,34.2426],[-87.7256,34.2394],[-87.7313,34.2285],[-87.7448,34.2195],[-87.7538,34.2248],[-87.7573,34.2344],[-87.7677,34.2343],[-87.7713,34.2375],[-87.772,34.2442],[-87.7779,34.2478],[-87.7823,34.2468],[-87.7881,34.2548],[-87.7996,34.2568],[-87.8149,34.268],[-87.8212,34.2658],[-87.8252,34.2735],[-87.8303,34.2757],[-87.8317,34.2839],[-87.842,34.2808],[-87.8498,34.285],[-87.8581,34.2835],[-87.8626,34.2878],[-87.8799,34.289],[-87.8914,34.2843],[-87.9009,34.2846],[-87.9133,34.3006],[-87.9235,34.3007],[-87.9263,34.3276],[-87.9358,34.3425],[-87.9409,34.3383],[-87.9513,34.3401],[-87.9489,34.3458],[-87.9522,34.3536],[-87.9595,34.3547],[-87.9696,34.3514],[-87.9734,34.3453],[-87.9843,34.3443],[-87.9911,34.3485],[-87.9939,34.3625],[-88.0013,34.3616],[-88.003,34.3572],[-88.0072,34.3569],[-88.0201,34.371],[-88.0358,34.3608],[-88.0418,34.3692],[-88.0494,34.3709],[-88.0489,34.3737],[-88.0588,34.3835],[-88.0632,34.3758],[-88.0746,34.376],[-88.0808,34.383],[-88.0755,34.3907],[-88.0764,34.394],[-88.0869,34.4061],[-88.1067,34.4079],[-88.1112,34.413],[-88.1103,34.4166],[-88.1283,34.4326],[-88.1351,34.4275],[-88.1418,34.4385],[-88.1482,34.4414],[-88.1584,34.4394],[-88.1746,34.4479],[-88.1813,34.4569],[-88.1884,34.4575],[-88.1992,34.4638],[-88.2004,34.4694],[-88.2041,34.47],[-88.2069,34.4763],[-88.2054,34.4839],[-88.2084,34.4858],[-88.206,34.4877],[-88.2083,34.4957],[-88.2062,34.4981],[-88.2079,34.5017],[-88.2121,34.5021],[-88.2107,34.5076],[-88.2155,34.5091],[-88.213,34.5161],[-88.2279,34.559],[-88.2208,34.5658],[-88.2247,34.5739],[-88.2299,34.576],[-88.2304,34.5834],[-88.2255,34.5831],[-88.2191,34.5883],[-88.2167,34.6006],[-88.2119,34.6058],[-88.2131,34.6102],[-88.217,34.6114],[-88.2086,34.6198],[-88.207,34.634],[-88.2315,34.6499],[-88.2329,34.667],[-88.2384,34.668],[-88.2409,34.6798],[-88.2466,34.6898],[-88.2532,34.6927],[-88.2577,34.706],[-88.261,34.7094],[-88.2705,34.7094],[-88.2763,34.7171],[-88.2759,34.7227],[-88.2804,34.7261],[-88.2856,34.7236],[-88.2885,34.71],[-88.2944,34.7078],[-88.2996,34.7135],[-88.3063,34.7157],[-88.3092,34.7135],[-88.3122,34.7054],[-88.3052,34.6968],[-88.3058,34.6929],[-88.3097,34.6949],[-88.3114,34.6899],[-88.3181,34.6879],[-88.3216,34.6828],[-88.3317,34.69],[-88.3406,34.6847],[-88.3444,34.6875],[-88.3495,34.6835],[-88.358,34.6904],[-88.3559,34.6952],[-88.3756,34.7016],[-88.3829,34.7178],[-88.3907,34.725],[-88.3912,34.7353],[-88.3963,34.7377],[-88.3961,34.751],[-88.4039,34.7542],[-88.4044,34.7593],[-88.4114,34.7633],[-88.4114,34.7687],[-88.4005,34.7714],[-88.3932,34.7806],[-88.4001,34.7887],[-88.4069,34.7892],[-88.4041,34.803],[-88.4104,34.8064],[-88.4158,34.8158],[-88.422,34.8159],[-88.4243,34.8241],[-88.4162,34.8319],[-88.4189,34.8388],[-88.4124,34.8402],[-88.4153,34.845],[-88.4123,34.8515],[-88.4347,34.8613],[-88.4443,34.877],[-88.4404,34.8802],[-88.4365,34.9001],[-88.4316,34.9019],[-88.4369,34.9051],[-88.4372,34.9106],[-88.4335,34.9139],[-88.4395,34.921],[-88.4297,34.9314],[-88.4381,34.931],[-88.4448,34.9365],[-88.4527,34.9354],[-88.4537,34.9524],[-88.4638,34.9551],[-88.4728,34.9686],[-88.4764,34.969],[-88.4758,34.975],[-88.4814,34.9798],[-88.4763,34.984],[-88.4865,34.9966],[-88.4852,35.0032],[-88.4982,35.0143],[-88.4983,35.0197],[-88.4881,35.0263],[-88.4814,35.0359],[-88.4861,35.0416],[-88.4869,35.0486],[-88.4774,35.0553],[-88.4825,35.0596],[-88.4821,35.069],[-88.4875,35.0717],[-88.4868,35.0764],[-88.4928,35.0816],[-88.4807,35.0941],[-88.4787,35.1037],[-88.4869,35.114],[-88.4846,35.1173],[-88.4941,35.1197],[-88.4976,35.1265],[-88.4929,35.1345],[-88.494,35.1423],[-88.499,35.1444],[-88.4977,35.1606],[-88.5087,35.1654],[-88.5091,35.1722],[-88.5054,35.1745],[-88.4977,35.1918],[-88.4998,35.2061],[-88.509,35.2057],[-88.5113,35.212],[-88.5322,35.2187],[-88.5303,35.2345],[-88.5371,35.2359],[-88.5432,35.2602],[-88.5363,35.2648],[-88.534,35.2714],[-88.5366,35.2763],[-88.5321,35.2837],[-88.5362,35.2896],[-88.5265,35.293],[-88.5275,35.3021],[-88.5235,35.3047],[-88.5225,35.311],[-88.5176,35.3096],[-88.5116,35.3151],[-88.5105,35.3265],[-88.5156,35.3422],[-88.4968,35.3573],[-88.4962,35.3641],[-88.4896,35.3735],[-88.4966,35.3793],[-88.4982,35.3866],[-88.4911,35.3923],[-88.4935,35.3967],[-88.4828,35.4146],[-88.485,35.4202],[-88.4728,35.4314],[-88.4742,35.4466],[-88.4692,35.4467],[-88.4635,35.4535],[-88.4651,35.4626],[-88.4501,35.4688],[-88.454,35.4782],[-88.4496,35.4845],[-88.4419,35.4861],[-88.4419,35.4926],[-88.439,35.4948],[-88.4402,35.5063],[-88.4356,35.5124],[-88.454,35.5262],[-88.4548,35.5298],[-88.4435,35.5419],[-88.4417,35.5552],[-88.4372,35.5589],[-88.4406,35.5629],[-88.439,35.5696],[-88.4466,35.573],[-88.4491,35.5703],[-88.4553,35.571],[-88.4616,35.5812],[-88.4701,35.5839],[-88.4725,35.5908],[-88.4839,35.594],[-88.4864,35.5984],[-88.479,35.6102],[-88.4806,35.6152],[-88.4849,35.6163],[-88.4806,35.6248],[-88.4703,35.6266],[-88.4592,35.6334],[-88.4676,35.6389],[-88.4622,35.6497],[-88.4665,35.6585],[-88.4712,35.6601],[-88.4716,35.6685],[-88.4753,35.6696],[-88.4766,35.6748],[-88.4834,35.6755],[-88.479,35.6803],[-88.4785,35.6886],[-88.4671,35.6943],[-88.4679,35.7041],[-88.4565,35.7174],[-88.4497,35.7348],[-88.4557,35.7482],[-88.4511,35.7554],[-88.4621,35.7611],[-88.4616,35.7688],[-88.4577,35.77],[-88.4588,35.7759],[-88.4659,35.7809],[-88.4807,35.7799],[-88.48,35.7848],[-88.4748,35.7917],[-88.4581,35.7919],[-88.451,35.7952],[-88.4502,35.8048],[-88.4548,35.8077],[-88.4537,35.8137],[-88.443,35.8257],[-88.4568,35.8478],[-88.4529,35.8532],[-88.4472,35.8544],[-88.4401,35.8643],[-88.4477,35.8809],[-88.444,35.8928],[-88.4351,35.901],[-88.4285,35.9016],[-88.424,35.8971],[-88.4109,35.8944],[-88.3869,35.8993],[-88.382,35.9044],[-88.3812,35.9012],[-88.3701,35.899],[-88.3593,35.906],[-88.3528,35.9065],[-88.3523,35.913],[-88.3441,35.9107],[-88.3398,35.9191],[-88.3343,35.9177],[-88.3266,35.922],[-88.3255,35.9255],[-88.3353,35.9332],[-88.3317,35.9397],[-88.3252,35.9431],[-88.3315,35.9506],[-88.3322,35.9564],[-88.338,35.9598],[-88.335,35.9688],[-88.3393,35.9717],[-88.3355,35.9849],[-88.3268,35.9837],[-88.3234,35.9929],[-88.3173,35.9934],[-88.3262,36.0082],[-88.3156,36.0175],[-88.3238,36.0255],[-88.3284,36.0243],[-88.3232,36.0324],[-88.3267,36.0381],[-88.3196,36.0438],[-88.309,36.0455],[-88.3061,36.0511],[-88.3108,36.0574],[-88.3071,36.0603],[-88.308,36.0724],[-88.3043,36.0742],[-88.3046,36.0775],[-88.3106,36.0821],[-88.3107,36.0859],[-88.3058,36.0896],[-88.3108,36.0941],[-88.3202,36.1218],[-88.3202,36.1273],[-88.3154,36.1315],[-88.3272,36.1355],[-88.33,36.1477],[-88.3275,36.1551],[-88.3314,36.161],[-88.3271,36.1638],[-88.326,36.1703],[-88.3296,36.1722],[-88.326,36.1749],[-88.3281,36.1836],[-88.3245,36.1884],[-88.3303,36.1931],[-88.3287,36.2026],[-88.3313,36.2065],[-88.3463,36.207],[-88.3449,36.2162],[-88.3529,36.2222],[-88.3517,36.2259],[-88.3582,36.2332],[-88.3465,36.2447],[-88.3443,36.251],[-88.3338,36.2537],[-88.3318,36.2592],[-88.3351,36.2678],[-88.3327,36.2759],[-88.322,36.2811],[-88.3214,36.2842],[-88.3238,36.2837],[-88.3297,36.2934],[-88.3394,36.2907],[-88.3405,36.2957],[-88.347,36.2929],[-88.3458,36.295],[-88.3498,36.2958],[-88.3526,36.3021],[-88.3595,36.3017],[-88.3633,36.3068],[-88.3691,36.3076],[-88.3706,36.3117],[-88.382,36.315],[-88.3864,36.3109],[-88.3886,36.3138],[-88.3815,36.3206],[-88.3828,36.3279],[-88.369,36.3348],[-88.3604,36.3275],[-88.3563,36.3295],[-88.3519,36.3234],[-88.3431,36.3252],[-88.3442,36.3291],[-88.3402,36.3331],[-88.3436,36.3387],[-88.338,36.3393],[-88.34,36.3445],[-88.344,36.345],[-88.3412,36.349],[-88.343,36.3518],[-88.3351,36.3573],[-88.3236,36.3547],[-88.322,36.3594],[-88.3088,36.366],[-88.3084,36.3694],[-88.2911,36.376],[-88.2894,36.3831],[-88.2969,36.3873],[-88.2944,36.4055],[-88.3043,36.4178],[-88.3049,36.4234],[-88.3323,36.4267],[-88.3343,36.4372],[-88.3427,36.4435],[-88.342,36.4511],[-88.3466,36.4552],[-88.3418,36.4682],[-88.3446,36.4711],[-88.3442,36.4793],[-88.3554,36.4773],[-88.3633,36.472],[-88.3699,36.4777],[-88.3716,36.4855],[-88.3783,36.4868],[-88.3822,36.4835],[-88.3873,36.4849],[-88.3937,36.4764],[-88.4002,36.4784],[-88.4065,36.4835],[-88.4039,36.4872],[-88.4062,36.4909],[-88.411,36.4912],[-88.4179,36.5031],[-88.4251,36.4992],[-88.4312,36.5043],[-88.4393,36.5058],[-88.4459,36.5149],[-88.4441,36.5204],[-88.4528,36.522],[-88.4505,36.5329],[-88.4593,36.5369],[-88.4615,36.5417],[-88.4442,36.5569],[-88.4487,36.57],[-88.4467,36.5754],[-88.4433,36.5751],[-88.4386,36.5807],[-88.4361,36.5949],[-88.4387,36.5997],[-88.4486,36.6073],[-88.4584,36.6101],[-88.4657,36.6182],[-88.4757,36.6195],[-88.4844,36.6249],[-88.4849,36.6295],[-88.4773,36.6334],[-88.4773,36.6362],[-88.479,36.6411],[-88.4841,36.6423],[-88.4836,36.6462],[-88.4904,36.6477],[-88.488,36.656],[-88.4948,36.6529],[-88.506,36.6554],[-88.5118,36.6639],[-88.5221,36.6688],[-88.5163,36.6736],[-88.5169,36.6885],[-88.5109,36.6884],[-88.5068,36.6975],[-88.5096,36.7056],[-88.5286,36.7199],[-88.5463,36.7237],[-88.5618,36.7393],[-88.5587,36.7431],[-88.5609,36.746],[-88.5703,36.7439],[-88.5763,36.7501],[-88.5883,36.7542],[-88.5903,36.7617],[-88.5858,36.7657],[-88.5877,36.7692],[-88.5807,36.7729],[-88.5805,36.7814],[-88.5838,36.7875],[-88.5948,36.7948],[-88.5957,36.802],[-88.607,36.8026],[-88.6117,36.8086],[-88.6145,36.8332],[-88.6214,36.8379],[-88.622,36.8469],[-88.6272,36.8522],[-88.6241,36.8588],[-88.6277,36.8634],[-88.625,36.8732],[-88.6291,36.8854],[-88.6257,36.8917],[-88.6284,36.9002],[-88.6355,36.9097],[-88.6418,36.9111],[-88.6412,36.9191],[-88.6489,36.9234],[-88.6486,36.9289],[-88.6539,36.9299],[-88.6578,36.9398],[-88.67,36.946],[-88.6796,36.9658],[-88.6732,36.9768],[-88.6721,36.9872],[-88.6674,36.9914],[-88.6659,36.9986],[-88.6698,37.0108],[-88.6621,37.0185],[-88.6706,37.0318],[-88.6668,37.0352],[-88.6591,37.0353],[-88.6583,37.0392],[-88.6419,37.0426],[-88.6398,37.0497],[-88.6501,37.0615],[-88.6437,37.0669],[-88.6332,37.0671],[-88.6298,37.0836],[-88.5928,37.0877],[-88.5724,37.0719],[-88.5297,37.0539],[-88.5211,37.0408],[-88.5133,37.0454],[-88.509,37.0536],[-88.507,37.0459],[-88.4961,37.0408],[-88.497,37.038],[-88.4889,37.0416],[-88.4834,37.0394],[-88.4834,37.0351],[-88.476,37.0398],[-88.4678,37.0378],[-88.4699,37.0416],[-88.4599,37.0474],[-88.4601,37.0544],[-88.4498,37.0495],[-88.444,37.0509],[-88.4411,37.0593],[-88.433,37.0636],[-88.4343,37.0684],[-88.4284,37.0745],[-88.4318,37.0789],[-88.4273,37.0846],[-88.4196,37.0876],[-88.4159,37.0934],[-88.406,37.0929],[-88.4044,37.1025],[-88.3971,37.1031],[-88.3951,37.1102],[-88.3996,37.1123],[-88.3973,37.1181],[-88.4015,37.1302],[-88.3996,37.1404],[-88.408,37.1444],[-88.3946,37.1595],[-88.3813,37.1684],[-88.3896,37.179],[-88.395,37.1801],[-88.3953,37.1845],[-88.3918,37.1881],[-88.3933,37.1918],[-88.3763,37.2093],[-88.3696,37.2055],[-88.3628,37.2121],[-88.361,37.2232],[-88.3651,37.2267],[-88.3698,37.2237],[-88.3751,37.2281],[-88.365,37.2421],[-88.3585,37.2444],[-88.3497,37.2332],[-88.3331,37.2376],[-88.3329,37.2432],[-88.3397,37.2508],[-88.3208,37.2569],[-88.3061,37.2561],[-88.2978,37.2654],[-88.3002,37.2686],[-88.2979,37.2728],[-88.2924,37.2724],[-88.2713,37.2836],[-88.2615,37.291],[-88.2629,37.2963],[-88.2552,37.3011],[-88.2466,37.3039],[-88.2408,37.3024],[-88.2337,37.3065],[-88.2309,37.3099],[-88.2358,37.3162],[-88.2292,37.3238],[-88.2184,37.3213],[-88.217,37.3091],[-88.2042,37.299],[-88.2004,37.2993],[-88.193,37.3119],[-88.1829,37.3131],[-88.1771,37.3109],[-88.1763,37.303],[-88.1696,37.2994],[-88.1617,37.2986],[-88.1578,37.3037],[-88.1541,37.2986],[-88.1479,37.3022],[-88.1453,37.3085],[-88.1477,37.3119],[-88.134,37.3245],[-88.1286,37.3278],[-88.126,37.3242],[-88.119,37.3265],[-88.1086,37.3227],[-88.1063,37.3188],[-88.1095,37.3061],[-88.1026,37.3057],[-88.0987,37.3006],[-88.1018,37.2983],[-88.0965,37.2958],[-88.1049,37.288],[-88.1036,37.2797],[-88.0727,37.278],[-88.0669,37.2756],[-88.0656,37.2705],[-88.0514,37.2738],[-88.0391,37.2706],[-88.0366,37.2608],[-88.0214,37.2583],[-88.0189,37.2497],[-88.0146,37.2472],[-88.0159,37.2441],[-88.0079,37.2366],[-87.9902,37.2358],[-87.9835,37.2309],[-87.9802,37.2208],[-87.9862,37.2166],[-87.9901,37.2073],[-87.9973,37.2066],[-88.004,37.1999],[-88.01,37.1988],[-88.0085,37.1931],[-88,37.1899],[-88.0038,37.1828],[-87.9931,37.1796],[-87.989,37.1841],[-87.9682,37.1789],[-87.9685,37.173],[-87.9636,37.1666],[-87.9551,37.1656],[-87.9523,37.1591],[-87.9543,37.1569],[-87.9425,37.1514],[-87.9324,37.1557],[-87.9004,37.1498],[-87.8944,37.1338],[-87.8903,37.1317],[-87.8776,37.1343],[-87.8752,37.1268],[-87.8787,37.122],[-87.8662,37.1179],[-87.8637,37.1108],[-87.8574,37.1114],[-87.8473,37.0977],[-87.8414,37.098],[-87.8352,37.0927],[-87.8349,37.0881],[-87.8259,37.0833],[-87.8164,37.0861],[-87.8117,37.0844],[-87.8108,37.0806],[-87.8063,37.082],[-87.8018,37.0704],[-87.7922,37.0753],[-87.7887,37.0728],[-87.7854,37.0776],[-87.7733,37.0774],[-87.7653,37.0735],[-87.7608,37.0773],[-87.7535,37.0753],[-87.7521,37.0774],[-87.7377,37.0678],[-87.7418,37.0625],[-87.735,37.0497],[-87.7297,37.0515],[-87.7233,37.0468],[-87.7077,37.0457],[-87.7069,37.0403],[-87.7033,37.0383],[-87.6977,37.0431],[-87.6793,37.0423],[-87.6662,37.0377],[-87.6624,37.0406],[-87.6531,37.0319],[-87.6547,37.0216],[-87.6323,37.0168],[-87.6382,37.0132],[-87.6361,37.0053],[-87.6331,37.0018],[-87.6225,37.0019],[-87.6198,36.9949],[-87.6136,36.9931],[-87.6168,36.9861],[-87.6086,36.9828],[-87.6088,36.9769],[-87.6021,36.9763],[-87.5923,36.9695],[-87.5856,36.9764],[-87.5658,36.9746],[-87.5617,36.9697],[-87.5459,36.9724],[-87.5376,36.9647],[-87.5265,36.9659],[-87.5216,36.9621],[-87.5235,36.952],[-87.5193,36.9485],[-87.5126,36.9525],[-87.5051,36.9489],[-87.4811,36.9498],[-87.474,36.947],[-87.4692,36.957],[-87.4708,36.967],[-87.4645,36.9693],[-87.4573,36.9643],[-87.451,36.9645],[-87.448,36.9551],[-87.4433,36.9529],[-87.4346,36.9558],[-87.4265,36.9511],[-87.4096,36.9558],[-87.4073,36.9482],[-87.3977,36.9412],[-87.3883,36.9386],[-87.3872,36.9348],[-87.3792,36.9355],[-87.3777,36.9294],[-87.3703,36.929],[-87.3603,36.9217],[-87.3483,36.9221],[-87.3462,36.918],[-87.3404,36.9241],[-87.3257,36.9209],[-87.3255,36.9152],[-87.3138,36.906],[-87.3178,36.8997],[-87.3133,36.8971],[-87.3104,36.8898],[-87.303,36.8907],[-87.3023,36.8943],[-87.2892,36.8933],[-87.2812,36.8805],[-87.2782,36.8843],[-87.2669,36.8867],[-87.2657,36.8916],[-87.2592,36.8928],[-87.258,36.8883],[-87.2521,36.8849],[-87.2377,36.8859],[-87.2303,36.8742],[-87.2326,36.8702],[-87.2304,36.8656],[-87.2245,36.8647],[-87.2173,36.8755],[-87.1977,36.8797],[-87.1849,36.8755],[-87.1779,36.88],[-87.1784,36.8843],[-87.1748,36.8841],[-87.1718,36.8891],[-87.1737,36.8963],[-87.1672,36.8988],[-87.1647,36.9034],[-87.1617,36.9216],[-87.1326,36.9071],[-87.1276,36.9],[-87.1287,36.8937],[-87.1192,36.8902],[-87.11,36.8909],[-87.0964,36.8819],[-87.0867,36.8811],[-87.0783,36.8879],[-87.0683,36.8854],[-87.0674,36.8891],[-87.0598,36.8881],[-87.0479,36.8769],[-87.0491,36.8741],[-87.0356,36.864],[-87.0344,36.8588],[-87.0245,36.8689],[-87.0074,36.8623],[-87.0075,36.8566],[-87.0015,36.8531],[-86.9829,36.8588],[-86.9821,36.8535],[-86.9781,36.8529],[-86.9631,36.8545],[-86.9588,36.8524],[-86.9522,36.855],[-86.9349,36.838],[-86.9353,36.8319],[-86.9194,36.8256],[-86.9141,36.8266],[-86.9145,36.8197],[-86.9064,36.8117],[-86.8912,36.8179],[-86.8844,36.8279],[-86.8733,36.8242],[-86.8685,36.8171],[-86.8511,36.8145],[-86.8323,36.8214],[-86.8289,36.8164],[-86.8221,36.8195],[-86.8174,36.8143],[-86.8097,36.818],[-86.8037,36.829],[-86.7913,36.8306],[-86.7914,36.8349],[-86.7826,36.8325],[-86.7716,36.8378],[-86.7615,36.833],[-86.7332,36.8408],[-86.7205,36.8242],[-86.7097,36.8223],[-86.707,36.8251],[-86.6912,36.8159],[-86.6825,36.8237],[-86.6681,36.8206],[-86.6696,36.8112],[-86.6649,36.8062],[-86.6678,36.803],[-86.6444,36.7911],[-86.653,36.7859],[-86.6525,36.7824],[-86.645,36.7739],[-86.636,36.7711],[-86.629,36.7604],[-86.6299,36.7406],[-86.6325,36.7391],[-86.6246,36.7312],[-86.6256,36.7248],[-86.6232,36.7212],[-86.6184,36.7237],[-86.6134,36.719],[-86.6079,36.7186],[-86.6055,36.7094],[-86.6008,36.7058],[-86.6007,36.7016],[-86.6059,36.6992],[-86.6178,36.6985],[-86.6161,36.6935],[-86.609,36.69],[-86.6127,36.6818],[-86.6095,36.678],[-86.6145,36.673],[-86.6093,36.6698],[-86.6173,36.6638],[-86.6062,36.6615],[-86.6061,36.6578],[-86.6005,36.6559],[-86.6008,36.6517],[-86.5935,36.6483],[-86.5639,36.6497],[-86.556,36.6444],[-86.5578,36.6372],[-86.5408,36.633],[-86.5395,36.6305],[-86.546,36.6282],[-86.5458,36.6242],[-86.5525,36.6203],[-86.5489,36.6165],[-86.5373,36.6159],[-86.5308,36.6069],[-86.5208,36.6036],[-86.5141,36.595],[-86.5152,36.5876],[-86.5287,36.5885],[-86.5325,36.5857],[-86.5275,36.5835],[-86.5266,36.5731],[-86.5333,36.561],[-86.5242,36.5613],[-86.5193,36.5483],[-86.5303,36.5462],[-86.5231,36.5388],[-86.525,36.5316],[-86.5209,36.5313],[-86.5181,36.5243],[-86.5086,36.5194],[-86.5084,36.5128],[-86.4937,36.506],[-86.4992,36.497],[-86.4874,36.4842],[-86.4846,36.4763],[-86.4721,36.4671],[-86.4648,36.4754],[-86.4574,36.4741],[-86.445,36.4817],[-86.4383,36.4807],[-86.4301,36.4979],[-86.4241,36.4999],[-86.426,36.5016],[-86.4232,36.5107],[-86.4168,36.5102],[-86.4173,36.5138],[-86.4125,36.5191],[-86.4014,36.518],[-86.3969,36.5081],[-86.3896,36.5108],[-86.3831,36.5068],[-86.3809,36.514],[-86.3732,36.5124],[-86.3718,36.5154],[-86.3752,36.5176],[-86.3713,36.5218],[-86.3671,36.52],[-86.3597,36.526],[-86.3461,36.5247],[-86.3418,36.535],[-86.3362,36.5349],[-86.3327,36.529],[-86.3277,36.5329],[-86.3229,36.5307],[-86.3109,36.5328],[-86.3028,36.5378],[-86.2914,36.5347],[-86.2891,36.5419],[-86.2816,36.547],[-86.2851,36.5567],[-86.2704,36.5505],[-86.2519,36.5569],[-86.2431,36.5483],[-86.2362,36.5474],[-86.2351,36.5433],[-86.2252,36.5358],[-86.2195,36.5376],[-86.2175,36.5321],[-86.1864,36.5346],[-86.1873,36.5314],[-86.1776,36.5279],[-86.1796,36.5185],[-86.1757,36.5142],[-86.1726,36.5183],[-86.1638,36.5206],[-86.1506,36.5166],[-86.1483,36.5216],[-86.1376,36.5159],[-86.1273,36.5164],[-86.1111,36.5264],[-86.0985,36.5189],[-86.0954,36.5104],[-86.0898,36.5096],[-86.0865,36.5154],[-86.0666,36.512],[-86.0588,36.5262],[-86.0375,36.5259],[-86.0232,36.5179],[-86.019,36.5064],[-86.0118,36.5053],[-85.9977,36.4975],[-85.9949,36.4926],[-85.9824,36.4897],[-85.9793,36.4854],[-85.9727,36.4899],[-85.9625,36.485],[-85.9472,36.464],[-85.9423,36.4657],[-85.9422,36.4624],[-85.9363,36.4611],[-85.937,36.4584],[-85.9328,36.4601],[-85.926,36.4565],[-85.9199,36.4597],[-85.9093,36.459],[-85.9072,36.4633],[-85.9032,36.4618],[-85.9016,36.4651],[-85.8897,36.4626],[-85.8909,36.4695],[-85.8804,36.4665],[-85.8755,36.4777],[-85.8521,36.4709],[-85.8418,36.4768],[-85.8398,36.484],[-85.8336,36.4903],[-85.8179,36.4918],[-85.8146,36.5048],[-85.8068,36.5136],[-85.7942,36.5115],[-85.787,36.516],[-85.7781,36.5125],[-85.7702,36.5212],[-85.7461,36.5228],[-85.7405,36.527],[-85.7425,36.5295],[-85.7384,36.5346],[-85.7401,36.5444],[-85.7376,36.5455],[-85.7208,36.5437],[-85.7129,36.5478],[-85.6981,36.5354],[-85.6828,36.5391],[-85.6761,36.5474],[-85.6834,36.5577],[-85.6742,36.5723],[-85.6562,36.5885],[-85.642,36.5891],[-85.6358,36.5951],[-85.6279,36.5969],[-85.6299,36.6014],[-85.64,36.6062],[-85.6368,36.614],[-85.6407,36.6169],[-85.6284,36.6261],[-85.6268,36.6307],[-85.651,36.6482],[-85.6505,36.6507],[-85.6394,36.651],[-85.6408,36.6566],[-85.6377,36.6609],[-85.6424,36.6728],[-85.6571,36.6814],[-85.6564,36.6853],[-85.6599,36.6864],[-85.6547,36.6927],[-85.6607,36.7013],[-85.6512,36.7107],[-85.6629,36.7197],[-85.6583,36.7275],[-85.6439,36.7242],[-85.646,36.7306],[-85.6366,36.7357],[-85.6402,36.7424],[-85.6373,36.7478],[-85.6402,36.7607],[-85.6371,36.7669],[-85.6477,36.7737],[-85.6457,36.7769],[-85.6481,36.7797],[-85.6393,36.7932],[-85.6407,36.7985],[-85.6454,36.8009],[-85.6437,36.8033],[-85.6468,36.8042],[-85.6449,36.8091],[-85.6501,36.8102],[-85.652,36.8284],[-85.6586,36.8337],[-85.6612,36.8445],[-85.668,36.8468],[-85.67,36.8572],[-85.6748,36.8588],[-85.6688,36.8645],[-85.6724,36.8693],[-85.6677,36.8725],[-85.6657,36.8803],[-85.6609,36.8709],[-85.6521,36.8748],[-85.6478,36.8733],[-85.6453,36.8675],[-85.636,36.8661],[-85.6271,36.8741],[-85.615,36.8789],[-85.6087,36.8937],[-85.6034,36.8935],[-85.6022,36.8973],[-85.5863,36.9027],[-85.5673,36.9033],[-85.5627,36.9087],[-85.5582,36.9077],[-85.5545,36.9142],[-85.5404,36.9106],[-85.5416,36.9048],[-85.5376,36.898],[-85.5314,36.9015],[-85.53,36.906],[-85.5133,36.9047],[-85.4944,36.9083],[-85.4905,36.9021],[-85.4842,36.9082],[-85.4719,36.9095],[-85.4731,36.9155],[-85.4671,36.9191],[-85.4688,36.923],[-85.4634,36.9308],[-85.4672,36.9326],[-85.4674,36.937],[-85.4524,36.9379],[-85.4439,36.9474],[-85.4459,36.9511],[-85.4438,36.9578],[-85.4465,36.9589],[-85.4413,36.9618],[-85.4401,36.9667],[-85.4565,36.9743],[-85.4475,36.9829],[-85.4497,36.9862],[-85.4442,36.9864],[-85.4413,36.9911],[-85.4396,36.988],[-85.4341,36.9909],[-85.4274,36.9898],[-85.4262,36.9934],[-85.4122,37.0023],[-85.4051,37.0021],[-85.4048,37.006],[-85.4016,37.0059],[-85.4037,37.011],[-85.3898,37.0218],[-85.3713,37.0115],[-85.367,37.0056],[-85.3622,37.0067],[-85.3455,36.9965],[-85.3404,36.9963],[-85.3328,37.0032],[-85.3295,36.9991],[-85.3215,36.9975],[-85.3167,37.002],[-85.3131,37.0005],[-85.3151,37.0051],[-85.3083,37.0057],[-85.303,37.0133],[-85.2974,37.0128],[-85.2906,37.0054],[-85.2687,37.0062],[-85.2487,36.9855],[-85.233,36.9959],[-85.2239,36.9888],[-85.2177,36.9903],[-85.204,36.9861],[-85.1988,36.9777],[-85.1822,36.9717],[-85.1767,36.9769],[-85.171,36.9777],[-85.172,36.9817],[-85.1684,36.9838],[-85.154,36.9833],[-85.1286,36.9991],[-85.1248,37.0056],[-85.125,37.0162],[-85.1202,37.0207],[-85.1193,37.0361],[-85.1015,37.0409],[-85.1025,37.043],[-85.0945,37.0467],[-85.0943,37.0544],[-85.0907,37.0582],[-85.0868,37.0574],[-85.0747,37.0645],[-85.0622,37.0662],[-85.0586,37.0703],[-85.0524,37.0672],[-85.0347,37.0733],[-85.0301,37.07],[-85.0222,37.0752],[-85.0133,37.0739],[-85.0058,37.0673],[-84.9992,37.0688],[-84.9809,37.0578],[-84.9725,37.0633],[-84.969,37.0593],[-84.9602,37.0572],[-84.9589,37.0606],[-84.9402,37.0687],[-84.9422,37.0727],[-84.935,37.0808],[-84.9244,37.0802],[-84.9256,37.0854],[-84.917,37.0924],[-84.9125,37.1047],[-84.9151,37.1058],[-84.9117,37.1157],[-84.9157,37.1195],[-84.915,37.1256],[-84.8928,37.1327],[-84.8818,37.1271],[-84.8528,37.136],[-84.8453,37.1535],[-84.8382,37.1598],[-84.8251,37.1617],[-84.8233,37.1701],[-84.8132,37.1762],[-84.8147,37.18],[-84.8203,37.1811],[-84.8231,37.1912],[-84.8278,37.1927],[-84.8248,37.1981],[-84.8269,37.2017],[-84.8183,37.2074],[-84.8229,37.2123],[-84.8203,37.2184],[-84.8071,37.2187],[-84.8058,37.229],[-84.81,37.2364],[-84.8031,37.2444],[-84.8077,37.2482],[-84.7999,37.2585],[-84.7859,37.2605],[-84.7763,37.266],[-84.7745,37.2727],[-84.7683,37.275],[-84.7698,37.2792],[-84.754,37.2832],[-84.7463,37.2929],[-84.7406,37.2942],[-84.7416,37.3019],[-84.7342,37.3043],[-84.7409,37.3074],[-84.7397,37.3128],[-84.7328,37.3149],[-84.7316,37.328],[-84.7214,37.3454],[-84.7244,37.3503],[-84.7234,37.3559],[-84.7285,37.3616],[-84.7198,37.3633],[-84.7175,37.3689],[-84.7004,37.378],[-84.6978,37.3829],[-84.6994,37.3877],[-84.679,37.3853],[-84.6753,37.3884],[-84.667,37.3882],[-84.6626,37.3969],[-84.6539,37.4001],[-84.6535,37.4067],[-84.6484,37.405],[-84.6457,37.4081],[-84.6555,37.4193],[-84.6556,37.4274],[-84.6427,37.4335],[-84.6356,37.4432],[-84.6381,37.4559],[-84.6302,37.4632],[-84.6233,37.4588],[-84.6242,37.4519],[-84.6036,37.4394],[-84.6015,37.4285],[-84.5958,37.4235],[-84.5883,37.428],[-84.5876,37.4244],[-84.5806,37.4234],[-84.5783,37.4186],[-84.5642,37.4097],[-84.5565,37.4127],[-84.5482,37.4097],[-84.5404,37.4128],[-84.5262,37.4064],[-84.5152,37.4115],[-84.5095,37.4053],[-84.5118,37.3981],[-84.5163,37.395],[-84.5095,37.3793],[-84.482,37.3739],[-84.4821,37.3716],[-84.4746,37.3718],[-84.4676,37.3676],[-84.4597,37.3681],[-84.4657,37.364],[-84.4603,37.3581],[-84.4494,37.3534],[-84.4517,37.3453],[-84.441,37.3428],[-84.4327,37.3341],[-84.4149,37.3352],[-84.4076,37.3399],[-84.4096,37.3461],[-84.4048,37.3488],[-84.3836,37.3479],[-84.3796,37.3544],[-84.384,37.3641],[-84.382,37.3703],[-84.3852,37.3727],[-84.3828,37.3771],[-84.3772,37.3775],[-84.3703,37.3978],[-84.374,37.4022],[-84.3772,37.4213],[-84.3804,37.4234],[-84.3827,37.4459],[-84.3762,37.4488],[-84.3754,37.4574],[-84.3637,37.4604],[-84.363,37.4655],[-84.3564,37.469],[-84.3507,37.4786],[-84.3556,37.4861],[-84.3452,37.4962],[-84.3333,37.4972],[-84.3369,37.5034],[-84.3428,37.5038],[-84.3448,37.5069],[-84.337,37.5198],[-84.3377,37.5244],[-84.3438,37.5252],[-84.3476,37.5295],[-84.3461,37.5324],[-84.3493,37.5376],[-84.3438,37.5395]]]},"properties":{"name":"US Army Engineer District, Nashville","abbreviation":"CELRN","division_name":"Great Lakes and Ohio River Division","division_abbreviation":null,"website_url":"","phone":"","address":"","layer":"usace_districts"}},{"type":"Feature","geometry":{"type":"Polygon","coordinates":[[[-87.7116,36.5604],[-87.7118,36.5604],[-87.7117,36.561],[-87.7116,36.5604]]]},"properties":{"name":"Unnamed Lake (54405288)","layer":"nhd_lakes","waterbody_type":"Lake/Pond","area_acres":0.25,"elevation":null,"fcode":39004}},{"type":"Feature","geometry":{"type":"Polygon","coordinates":[[[-87.6669,36.5467],[-87.667,36.547],[-87.6668,36.547],[-87.6669,36.5467]]]},"properties":{"name":"Unnamed Lake (54405530)","layer":"nhd_lakes","waterbody_type":"Lake/Pond","area_acres":null,"elevation":null,"fcode":39004}},{"type":"Feature","geometry":{"type":"Polygon","coordinates":[[[-87.7606,36.5849],[-87.7602,36.5849],[-87.7604,36.5847],[-87.7606,36.5849]]]},"properties":{"name":"Unnamed Lake (58823884)","layer":"nhd_lakes","waterbody_type":"Lake/Pond","area_acres":0.25,"elevation":null,"fcode":39004}},{"type":"Feature","geometry":{"type":"Polygon","coordinates":[[[-87.7464,36.5807],[-87.7471,36.5805],[-87.7467,36.581],[-87.7464,36.5807]]]},"properties":{"name":"Unnamed Lake (58823889)","layer":"nhd_lakes","waterbody_type":"Lake/Pond","area_acres":0.49,"elevation":null,"fcode":39004}},{"type":"Feature","geometry":{"type":"Polygon","coordinates":[[[-87.7518,36.5744],[-87.751,36.5744],[-87.7515,36.5741],[-87.7518,36.5744]]]},"properties":{"name":"Unnamed Lake (58823905)","layer":"nhd_lakes","waterbody_type":"Lake/Pond","area_acres":0.49,"elevation":null,"fcode":39004}},{"type":"Feature","geometry":{"type":"Polygon","coordinates":[[[-87.8781,36.5597],[-87.8781,36.5595],[-87.8783,36.5595],[-87.8781,36.5597]]]},"properties":{"name":"Unnamed Lake (58824065)","layer":"nhd_lakes","waterbody_type":"Lake/Pond","area_acres":null,"elevation":null,"fcode":39004}},{"type":"Feature","geometry":{"type":"Polygon","coordinates":[[[-87.6563,36.5433],[-87.6564,36.543],[-87.6565,36.5433],[-87.6563,36.5433]]]},"properties":{"name":"Unnamed Lake (58824079)","layer":"nhd_lakes","waterbody_type":"Lake/Pond","area_acres":0.25,"elevation":null,"fcode":39004}},{"type":"Feature","geometry":{"type":"Polygon","coordinates":[[[-87.6194,36.5357],[-87.6194,36.5361],[-87.6191,36.536],[-87.6194,36.5357]]]},"properties":{"name":"Unnamed Lake (58824149)","layer":"nhd_lakes","waterbody_type":"Lake/Pond","area_acres":0.25,"elevation":null,"fcode":39004}},{"type":"Feature","geometry":{"type":"Polygon","coordinates":[[[-87.6371,36.5368],[-87.6384,36.5362],[-87.6383,36.5367],[-87.6371,36.5368]]]},"properties":{"name":"Unnamed Lake (58824151)","layer":"nhd_lakes","waterbody_type":"Lake/Pond","area_acres":1.24,"elevation":null,"fcode":39004}},{"type":"Feature","geometry":{"type":"Polygon","coordinates":[[[-87.7953,36.5216],[-87.7952,36.5214],[-87.7954,36.5214],[-87.7953,36.5216]]]},"properties":{"name":"Unnamed Lake (58824480)","layer":"nhd_lakes","waterbody_type":"Lake/Pond","area_acres":null,"elevation":null,"fcode":39004}},{"type":"Feature","geometry":{"type":"Polygon","coordinates":[[[-87.88,36.5254],[-87.88,36.5266],[-87.8798,36.5271],[-87.88,36.5254]]]},"properties":{"name":"Unnamed Lake (58824481)","layer":"nhd_lakes","waterbody_type":"Lake/Pond","area_acres":0.99,"elevation":null,"fcode":39004}},{"type":"Feature","geometry":{"type":"Polygon","coordinates":[[[-87.5925,36.5037],[-87.5926,36.5039],[-87.5924,36.5038],[-87.5925,36.5037]]]},"properties":{"name":"Unnamed Lake (58824528)","layer":"nhd_lakes","waterbody_type":"Lake/Pond","area_acres":null,"elevation":null,"fcode":39004}},{"type":"Feature","geometry":{"type":"Polygon","coordinates":[[[-87.8091,36.4866],[-87.8098,36.4869],[-87.8088,36.4872],[-87.8091,36.4866]]]},"properties":{"name":"Unnamed Lake (58824913)","layer":"nhd_lakes","waterbody_type":"Lake/Pond","area_acres":1.24,"elevation":null,"fcode":39004}},{"type":"Feature","geometry":{"type":"Polygon","coordinates":[[[-87.6806,36.4712],[-87.6808,36.4713],[-87.6804,36.4713],[-87.6806,36.4712]]]},"properties":{"name":"Unnamed Lake (58825011)","layer":"nhd_lakes","waterbody_type":"Lake/Pond","area_acres":null,"elevation":null,"fcode":39004}},{"type":"Feature","geometry":{"type":"Polygon","coordinates":[[[-87.5765,36.4606],[-87.5766,36.4606],[-87.5765,36.4607],[-87.5765,36.4606]]]},"properties":{"name":"Unnamed Lake (58825051)","layer":"nhd_lakes","waterbody_type":"Lake/Pond","area_acres":null,"elevation":null,"fcode":39004}},{"type":"Feature","geometry":{"type":"Polygon","coordinates":[[[-87.5738,36.4591],[-87.5739,36.4591],[-87.5737,36.4592],[-87.5738,36.4591]]]},"properties":{"name":"Unnamed Lake (58825077)","layer":"nhd_lakes","waterbody_type":"Lake/Pond","area_acres":null,"elevation":null,"fcode":39004}},{"type":"Feature","geometry":{"type":"Polygon","coordinates":[[[-87.6408,36.4305],[-87.6412,36.4306],[-87.6408,36.4307],[-87.6408,36.4305]]]},"properties":{"name":"Unnamed Lake (58825472)","layer":"nhd_lakes","waterbody_type":"Lake/Pond","area_acres":0.25,"elevation":null,"fcode":39004}},{"type":"Feature","geometry":{"type":"Polygon","coordinates":[[[-87.6099,36.4004],[-87.6099,36.4005],[-87.6098,36.4005],[-87.6099,36.4004]]]},"properties":{"name":"Unnamed Lake (58825811)","layer":"nhd_lakes","waterbody_type":"Lake/Pond","area_acres":null,"elevation":null,"fcode":39004}},{"type":"Feature","geometry":{"type":"Polygon","coordinates":[[[-87.903,36.45],[-87.9029,36.4496],[-87.9032,36.4495],[-87.903,36.45]]]},"properties":{"name":"Unnamed Lake (59228553)","layer":"nhd_lakes","waterbody_type":"Lake/Pond","area_acres":0.49,"elevation":null,"fcode":39004}},{"type":"Feature","geometry":{"type":"Polygon","coordinates":[[[-87.8296,36.5894],[-87.8295,36.5894],[-87.8295,36.5893],[-87.8296,36.5894]]]},"properties":{"name":"Unnamed Lake (58823885)","layer":"nhd_lakes","waterbody_type":"Lake/Pond","area_acres":null,"elevation":null,"fcode":39004}},{"type":"Feature","geometry":{"type":"Polygon","coordinates":[[[-87.7591,36.5697],[-87.7591,36.5701],[-87.7588,36.5698],[-87.7591,36.5697]]]},"properties":{"name":"Unnamed Lake (58823945)","layer":"nhd_lakes","waterbody_type":"Lake/Pond","area_acres":0.25,"elevation":null,"fcode":39004}},{"type":"Feature","geometry":{"type":"Polygon","coordinates":[[[-87.8039,36.5616],[-87.8041,36.5618],[-87.8039,36.5618],[-87.8039,36.5616]]]},"properties":{"name":"Unnamed Lake (58823998)","layer":"nhd_lakes","waterbody_type":"Lake/Pond","area_acres":null,"elevation":null,"fcode":39004}},{"type":"Feature","geometry":{"type":"Polygon","coordinates":[[[-87.6157,36.5274],[-87.6156,36.5275],[-87.6156,36.5273],[-87.6157,36.5274]]]},"properties":{"name":"Unnamed Lake (58824240)","layer":"nhd_lakes","waterbody_type":"Lake/Pond","area_acres":null,"elevation":null,"fcode":39004}},{"type":"Feature","geometry":{"type":"Polygon","coordinates":[[[-87.7546,36.5305],[-87.7544,36.5307],[-87.7543,36.5307],[-87.7546,36.5305]]]},"properties":{"name":"Unnamed Lake (58824315)","layer":"nhd_lakes","waterbody_type":"Lake/Pond","area_acres":null,"elevation":null,"fcode":39004}},{"type":"Feature","geometry":{"type":"Polygon","coordinates":[[[-87.6205,36.5195],[-87.6203,36.5195],[-87.6205,36.5194],[-87.6205,36.5195]]]},"properties":{"name":"Unnamed Lake (58824347)","layer":"nhd_lakes","waterbody_type":"Lake/Pond","area_acres":null,"elevation":null,"fcode":39004}},{"type":"Feature","geometry":{"type":"Polygon","coordinates":[[[-87.8103,36.5113],[-87.81,36.5114],[-87.81,36.5113],[-87.8103,36.5113]]]},"properties":{"name":"Unnamed Lake (58824627)","layer":"nhd_lakes","waterbody_type":"Lake/Pond","area_acres":null,"elevation":null,"fcode":39004}},{"type":"Feature","geometry":{"type":"Polygon","coordinates":[[[-87.583,36.4678],[-87.5826,36.468],[-87.5826,36.4678],[-87.583,36.4678]]]},"properties":{"name":"Unnamed Lake (58824961)","layer":"nhd_lakes","waterbody_type":"Lake/Pond","area_acres":0.25,"elevation":null,"fcode":39004}},{"type":"Feature","geometry":{"type":"Polygon","coordinates":[[[-87.5733,36.4645],[-87.5733,36.4646],[-87.5732,36.4646],[-87.5733,36.4645]]]},"properties":{"name":"Unnamed Lake (58825004)","layer":"nhd_lakes","waterbody_type":"Lake/Pond","area_acres":null,"elevation":null,"fcode":39004}},{"type":"Feature","geometry":{"type":"Polygon","coordinates":[[[-87.8089,36.4742],[-87.8092,36.4743],[-87.8087,36.4744],[-87.8089,36.4742]]]},"properties":{"name":"Unnamed Lake (58825090)","layer":"nhd_lakes","waterbody_type":"Lake/Pond","area_acres":0.25,"elevation":null,"fcode":39004}},{"type":"Feature","geometry":{"type":"Polygon","coordinates":[[[-87.8347,36.4738],[-87.8348,36.474],[-87.8345,36.4741],[-87.8347,36.4738]]]},"properties":{"name":"Unnamed Lake (58825113)","layer":"nhd_lakes","waterbody_type":"Lake/Pond","area_acres":0.25,"elevation":null,"fcode":39004}},{"type":"Feature","geometry":{"type":"Polygon","coordinates":[[[-87.8397,36.4733],[-87.84,36.474],[-87.8394,36.4738],[-87.8397,36.4733]]]},"properties":{"name":"Unnamed Lake (58825126)","layer":"nhd_lakes","waterbody_type":"Lake/Pond","area_acres":0.99,"elevation":null,"fcode":39004}},{"type":"Feature","geometry":{"type":"Polygon","coordinates":[[[-87.7112,36.4165],[-87.711,36.4168],[-87.7107,36.4166],[-87.7112,36.4165]]]},"properties":{"name":"Unnamed Lake (58825671)","layer":"nhd_lakes","waterbody_type":"Lake/Pond","area_acres":0.25,"elevation":null,"fcode":39004}},{"type":"Feature","geometry":{"type":"Polygon","coordinates":[[[-87.6319,36.403],[-87.6292,36.4056],[-87.6291,36.4039],[-87.6319,36.403]]]},"properties":{"name":"Unnamed Lake (58825748)","layer":"nhd_lakes","waterbody_type":"Lake/Pond","area_acres":8.4,"elevation":112.8,"fcode":39009}},{"type":"Feature","geometry":{"type":"Polygon","coordinates":[[[-87.6316,36.3945],[-87.6317,36.3947],[-87.6312,36.3948],[-87.6316,36.3945]]]},"properties":{"name":"Unnamed Lake (58825905)","layer":"nhd_lakes","waterbody_type":"Lake/Pond","area_acres":0.25,"elevation":null,"fcode":39004}},{"type":"Feature","geometry":{"type":"Polygon","coordinates":[[[-87.673,36.3678],[-87.673,36.368],[-87.6729,36.3679],[-87.673,36.3678]]]},"properties":{"name":"Unnamed Lake (58826131)","layer":"nhd_lakes","waterbody_type":"Lake/Pond","area_acres":null,"elevation":null,"fcode":39004}},{"type":"Feature","geometry":{"type":"Polygon","coordinates":[[[-87.7174,36.3246],[-87.7176,36.3245],[-87.7177,36.3246],[-87.7174,36.3246]]]},"properties":{"name":"Unnamed Lake (58826535)","layer":"nhd_lakes","waterbody_type":"Lake/Pond","area_acres":null,"elevation":null,"fcode":39004}},{"type":"Feature","geometry":{"type":"Polygon","coordinates":[[[-87.8606,36.4139],[-87.8604,36.4143],[-87.8601,36.4139],[-87.8606,36.4139]]]},"properties":{"name":"Unnamed Lake (59228657)","layer":"nhd_lakes","waterbody_type":"Lake/Pond","area_acres":0.25,"elevation":null,"fcode":39004}},{"type":"Feature","geometry":{"type":"Polygon","coordinates":[[[-87.7232,36.5591],[-87.7226,36.5589],[-87.7233,36.5588],[-87.7232,36.5591]]]},"properties":{"name":"Unnamed Lake (54405343)","layer":"nhd_lakes","waterbody_type":"Lake/Pond","area_acres":0.52,"elevation":null,"fcode":39004}},{"type":"Feature","geometry":{"type":"Polygon","coordinates":[[[-87.7032,36.549],[-87.7031,36.549],[-87.7032,36.5489],[-87.7032,36.549]]]},"properties":{"name":"Unnamed Lake (54405542)","layer":"nhd_lakes","waterbody_type":"Lake/Pond","area_acres":null,"elevation":null,"fcode":39004}},{"type":"Feature","geometry":{"type":"Polygon","coordinates":[[[-87.7611,36.5746],[-87.7611,36.5749],[-87.7609,36.5749],[-87.7611,36.5746]]]},"properties":{"name":"Unnamed Lake (58823911)","layer":"nhd_lakes","waterbody_type":"Lake/Pond","area_acres":null,"elevation":null,"fcode":39004}},{"type":"Feature","geometry":{"type":"Polygon","coordinates":[[[-87.787,36.5745],[-87.7867,36.5742],[-87.7869,36.5742],[-87.787,36.5745]]]},"properties":{"name":"Unnamed Lake (58823926)","layer":"nhd_lakes","waterbody_type":"Lake/Pond","area_acres":0.25,"elevation":null,"fcode":39004}},{"type":"Feature","geometry":{"type":"Polygon","coordinates":[[[-87.789,36.5559],[-87.7888,36.5563],[-87.7888,36.5561],[-87.789,36.5559]]]},"properties":{"name":"Unnamed Lake (58824037)","layer":"nhd_lakes","waterbody_type":"Lake/Pond","area_acres":0.25,"elevation":null,"fcode":39004}},{"type":"Feature","geometry":{"type":"Polygon","coordinates":[[[-87.649,36.5428],[-87.6489,36.543],[-87.6488,36.5427],[-87.649,36.5428]]]},"properties":{"name":"Unnamed Lake (58824076)","layer":"nhd_lakes","waterbody_type":"Lake/Pond","area_acres":null,"elevation":null,"fcode":39004}},{"type":"Feature","geometry":{"type":"Polygon","coordinates":[[[-87.7387,36.5468],[-87.7388,36.546],[-87.7393,36.5461],[-87.7387,36.5468]]]},"properties":{"name":"Unnamed Lake (58824113)","layer":"nhd_lakes","waterbody_type":"Lake/Pond","area_acres":0.74,"elevation":null,"fcode":39004}},{"type":"Feature","geometry":{"type":"Polygon","coordinates":[[[-87.8274,36.5375],[-87.8276,36.5375],[-87.8274,36.5379],[-87.8274,36.5375]]]},"properties":{"name":"Unnamed Lake (58824290)","layer":"nhd_lakes","waterbody_type":"Lake/Pond","area_acres":null,"elevation":null,"fcode":39004}},{"type":"Feature","geometry":{"type":"Polygon","coordinates":[[[-87.7567,36.5067],[-87.7568,36.5065],[-87.7569,36.5067],[-87.7567,36.5067]]]},"properties":{"name":"Unnamed Lake (58824642)","layer":"nhd_lakes","waterbody_type":"Lake/Pond","area_acres":null,"elevation":null,"fcode":39004}},{"type":"Feature","geometry":{"type":"Polygon","coordinates":[[[-87.6867,36.471],[-87.6868,36.4712],[-87.6866,36.4712],[-87.6867,36.471]]]},"properties":{"name":"Unnamed Lake (58825025)","layer":"nhd_lakes","waterbody_type":"Lake/Pond","area_acres":null,"elevation":null,"fcode":39004}},{"type":"Feature","geometry":{"type":"Polygon","coordinates":[[[-87.6137,36.4416],[-87.6138,36.4417],[-87.6137,36.4417],[-87.6137,36.4416]]]},"properties":{"name":"Unnamed Lake (58825328)","layer":"nhd_lakes","waterbody_type":"Lake/Pond","area_acres":null,"elevation":null,"fcode":39004}},{"type":"Feature","geometry":{"type":"Polygon","coordinates":[[[-87.7169,36.4056],[-87.7168,36.4057],[-87.7167,36.4056],[-87.7169,36.4056]]]},"properties":{"name":"Unnamed Lake (58825841)","layer":"nhd_lakes","waterbody_type":"Lake/Pond","area_acres":null,"elevation":null,"fcode":39004}},{"type":"Feature","geometry":{"type":"Polygon","coordinates":[[[-87.8439,36.4125],[-87.844,36.4128],[-87.8437,36.4128],[-87.8439,36.4125]]]},"properties":{"name":"Unnamed Lake (58825866)","layer":"nhd_lakes","waterbody_type":"Lake/Pond","area_acres":0.25,"elevation":null,"fcode":39004}},{"type":"Feature","geometry":{"type":"Polygon","coordinates":[[[-87.8002,36.5726],[-87.8004,36.5726],[-87.8004,36.5728],[-87.8002,36.5726]]]},"properties":{"name":"Unnamed Lake (58823946)","layer":"nhd_lakes","waterbody_type":"Lake/Pond","area_acres":null,"elevation":null,"fcode":39004}},{"type":"Feature","geometry":{"type":"Polygon","coordinates":[[[-87.722,36.5545],[-87.7217,36.5545],[-87.7217,36.5544],[-87.722,36.5545]]]},"properties":{"name":"Unnamed Lake (58824015)","layer":"nhd_lakes","waterbody_type":"Lake/Pond","area_acres":null,"elevation":null,"fcode":39004}},{"type":"Feature","geometry":{"type":"Polygon","coordinates":[[[-87.8386,36.561],[-87.8389,36.561],[-87.8388,36.5611],[-87.8386,36.561]]]},"properties":{"name":"Unnamed Lake (58824027)","layer":"nhd_lakes","waterbody_type":"Lake/Pond","area_acres":null,"elevation":null,"fcode":39004}},{"type":"Feature","geometry":{"type":"Polygon","coordinates":[[[-87.8802,36.537],[-87.8805,36.5377],[-87.8804,36.5391],[-87.8802,36.537]]]},"properties":{"name":"Unnamed Lake (58824319)","layer":"nhd_lakes","waterbody_type":"Lake/Pond","area_acres":0.99,"elevation":null,"fcode":39004}},{"type":"Feature","geometry":{"type":"Polygon","coordinates":[[[-87.8472,36.5228],[-87.8467,36.5223],[-87.847,36.5223],[-87.8472,36.5228]]]},"properties":{"name":"Unnamed Lake (58824511)","layer":"nhd_lakes","waterbody_type":"Lake/Pond","area_acres":0.49,"elevation":null,"fcode":39004}},{"type":"Feature","geometry":{"type":"Polygon","coordinates":[[[-87.7596,36.4869],[-87.7601,36.4872],[-87.7598,36.4872],[-87.7596,36.4869]]]},"properties":{"name":"Unnamed Lake (58824880)","layer":"nhd_lakes","waterbody_type":"Lake/Pond","area_acres":0.25,"elevation":null,"fcode":39004}},{"type":"Feature","geometry":{"type":"Polygon","coordinates":[[[-87.7931,36.4863],[-87.7934,36.4864],[-87.7931,36.4867],[-87.7931,36.4863]]]},"properties":{"name":"Unnamed Lake (58824906)","layer":"nhd_lakes","waterbody_type":"Lake/Pond","area_acres":0.25,"elevation":null,"fcode":39004}},{"type":"Feature","geometry":{"type":"Polygon","coordinates":[[[-87.6843,36.4165],[-87.6843,36.4168],[-87.6839,36.4167],[-87.6843,36.4165]]]},"properties":{"name":"Unnamed Lake (58825649)","layer":"nhd_lakes","waterbody_type":"Lake/Pond","area_acres":0.25,"elevation":null,"fcode":39004}},{"type":"Feature","geometry":{"type":"Polygon","coordinates":[[[-87.6592,36.403],[-87.6596,36.4035],[-87.6591,36.4034],[-87.6592,36.403]]]},"properties":{"name":"Unnamed Lake (58825814)","layer":"nhd_lakes","waterbody_type":"Lake/Pond","area_acres":0.49,"elevation":null,"fcode":39004}},{"type":"Feature","geometry":{"type":"Polygon","coordinates":[[[-87.7007,36.338],[-87.7008,36.3382],[-87.7007,36.3383],[-87.7007,36.338]]]},"properties":{"name":"Unnamed Lake (58826372)","layer":"nhd_lakes","waterbody_type":"Lake/Pond","area_acres":0.25,"elevation":null,"fcode":39004}},{"type":"Feature","geometry":{"type":"Polygon","coordinates":[[[-87.8786,36.416],[-87.8784,36.4156],[-87.8788,36.4157],[-87.8786,36.416]]]},"properties":{"name":"Unnamed Lake (59228655)","layer":"nhd_lakes","waterbody_type":"Lake/Pond","area_acres":0.49,"elevation":null,"fcode":39004}},{"type":"Feature","geometry":{"type":"Polygon","coordinates":[[[-87.7425,36.5778],[-87.7432,36.578],[-87.7429,36.5783],[-87.7425,36.5778]]]},"properties":{"name":"Unnamed Lake (58823891)","layer":"nhd_lakes","waterbody_type":"Lake/Pond","area_acres":0.49,"elevation":null,"fcode":39004}},{"type":"Feature","geometry":{"type":"Polygon","coordinates":[[[-87.8038,36.5638],[-87.8035,36.5637],[-87.8038,36.5636],[-87.8038,36.5638]]]},"properties":{"name":"Unnamed Lake (58823983)","layer":"nhd_lakes","waterbody_type":"Lake/Pond","area_acres":0.25,"elevation":null,"fcode":39004}},{"type":"Feature","geometry":{"type":"Polygon","coordinates":[[[-87.8392,36.5631],[-87.8389,36.5628],[-87.8393,36.5626],[-87.8392,36.5631]]]},"properties":{"name":"Unnamed Lake (58824010)","layer":"nhd_lakes","waterbody_type":"Lake/Pond","area_acres":0.25,"elevation":null,"fcode":39004}},{"type":"Feature","geometry":{"type":"Polygon","coordinates":[[[-87.664,36.54],[-87.6639,36.5402],[-87.6637,36.54],[-87.664,36.54]]]},"properties":{"name":"Unnamed Lake (58824137)","layer":"nhd_lakes","waterbody_type":"Lake/Pond","area_acres":0.25,"elevation":null,"fcode":39004}},{"type":"Feature","geometry":{"type":"Polygon","coordinates":[[[-87.6166,36.5236],[-87.6165,36.5238],[-87.6163,36.5236],[-87.6166,36.5236]]]},"properties":{"name":"Unnamed Lake (58824282)","layer":"nhd_lakes","waterbody_type":"Lake/Pond","area_acres":0.25,"elevation":null,"fcode":39004}},{"type":"Feature","geometry":{"type":"Polygon","coordinates":[[[-87.8021,36.5078],[-87.8023,36.5078],[-87.8023,36.508],[-87.8021,36.5078]]]},"properties":{"name":"Unnamed Lake (58824668)","layer":"nhd_lakes","waterbody_type":"Lake/Pond","area_acres":null,"elevation":null,"fcode":39004}},{"type":"Feature","geometry":{"type":"Polygon","coordinates":[[[-87.6299,36.4939],[-87.63,36.4942],[-87.6297,36.4942],[-87.6299,36.4939]]]},"properties":{"name":"Unnamed Lake (58824694)","layer":"nhd_lakes","waterbody_type":"Lake/Pond","area_acres":0.25,"elevation":null,"fcode":39004}},{"type":"Feature","geometry":{"type":"Polygon","coordinates":[[[-87.6269,36.4535],[-87.6269,36.4537],[-87.6267,36.4538],[-87.6269,36.4535]]]},"properties":{"name":"Unnamed Lake (58825190)","layer":"nhd_lakes","waterbody_type":"Lake/Pond","area_acres":null,"elevation":null,"fcode":39004}},{"type":"Feature","geometry":{"type":"Polygon","coordinates":[[[-87.587,36.4392],[-87.5871,36.4392],[-87.5867,36.4394],[-87.587,36.4392]]]},"properties":{"name":"Unnamed Lake (58825335)","layer":"nhd_lakes","waterbody_type":"Lake/Pond","area_acres":null,"elevation":null,"fcode":39004}},{"type":"Feature","geometry":{"type":"Polygon","coordinates":[[[-87.6795,36.4022],[-87.6797,36.4025],[-87.6793,36.4024],[-87.6795,36.4022]]]},"properties":{"name":"Unnamed Lake (58825849)","layer":"nhd_lakes","waterbody_type":"Lake/Pond","area_acres":0.25,"elevation":null,"fcode":39004}},{"type":"Feature","geometry":{"type":"Polygon","coordinates":[[[-87.6338,36.3803],[-87.634,36.38],[-87.634,36.3803],[-87.6338,36.3803]]]},"properties":{"name":"Unnamed Lake (58826017)","layer":"nhd_lakes","waterbody_type":"Lake/Pond","area_acres":0.25,"elevation":null,"fcode":39004}},{"type":"Feature","geometry":{"type":"Polygon","coordinates":[[[-87.74,36.3851],[-87.7403,36.3854],[-87.7399,36.3852],[-87.74,36.3851]]]},"properties":{"name":"Unnamed Lake (58826037)","layer":"nhd_lakes","waterbody_type":"Lake/Pond","area_acres":0.25,"elevation":null,"fcode":39004}},{"type":"Feature","geometry":{"type":"Polygon","coordinates":[[[-87.7946,36.5985],[-87.7948,36.5987],[-87.7946,36.5986],[-87.7946,36.5985]]]},"properties":{"name":"Unnamed Lake (58823850)","layer":"nhd_lakes","waterbody_type":"Lake/Pond","area_acres":null,"elevation":null,"fcode":39004}},{"type":"Feature","geometry":{"type":"Polygon","coordinates":[[[-87.831,36.5355],[-87.831,36.5357],[-87.8309,36.5356],[-87.831,36.5355]]]},"properties":{"name":"Unnamed Lake (58824320)","layer":"nhd_lakes","waterbody_type":"Lake/Pond","area_acres":null,"elevation":null,"fcode":39004}},{"type":"Feature","geometry":{"type":"Polygon","coordinates":[[[-87.813,36.5151],[-87.8134,36.5148],[-87.8133,36.5151],[-87.813,36.5151]]]},"properties":{"name":"Unnamed Lake (58824580)","layer":"nhd_lakes","waterbody_type":"Lake/Pond","area_acres":0.25,"elevation":null,"fcode":39004}},{"type":"Feature","geometry":{"type":"Polygon","coordinates":[[[-87.9022,36.5121],[-87.9025,36.5118],[-87.9026,36.5121],[-87.9022,36.5121]]]},"properties":{"name":"Unnamed Lake (58824706)","layer":"nhd_lakes","waterbody_type":"Lake/Pond","area_acres":0.25,"elevation":null,"fcode":39004}},{"type":"Feature","geometry":{"type":"Polygon","coordinates":[[[-87.8278,36.46],[-87.8279,36.4603],[-87.8275,36.4603],[-87.8278,36.46]]]},"properties":{"name":"Unnamed Lake (58825279)","layer":"nhd_lakes","waterbody_type":"Lake/Pond","area_acres":0.25,"elevation":null,"fcode":39004}},{"type":"Feature","geometry":{"type":"Polygon","coordinates":[[[-87.8906,36.4461],[-87.8904,36.4459],[-87.8908,36.4458],[-87.8906,36.4461]]]},"properties":{"name":"Unnamed Lake (58825494)","layer":"nhd_lakes","waterbody_type":"Lake/Pond","area_acres":0.25,"elevation":null,"fcode":39004}},{"type":"Feature","geometry":{"type":"Polygon","coordinates":[[[-87.6082,36.4019],[-87.6082,36.4021],[-87.6079,36.402],[-87.6082,36.4019]]]},"properties":{"name":"Unnamed Lake (58825776)","layer":"nhd_lakes","waterbody_type":"Lake/Pond","area_acres":0.25,"elevation":null,"fcode":39004}},{"type":"Feature","geometry":{"type":"Polygon","coordinates":[[[-87.7203,36.4034],[-87.7206,36.4035],[-87.7202,36.4038],[-87.7203,36.4034]]]},"properties":{"name":"Unnamed Lake (58825871)","layer":"nhd_lakes","waterbody_type":"Lake/Pond","area_acres":0.25,"elevation":null,"fcode":39004}},{"type":"Feature","geometry":{"type":"Polygon","coordinates":[[[-87.6948,36.3883],[-87.6949,36.3884],[-87.6948,36.3885],[-87.6948,36.3883]]]},"properties":{"name":"Unnamed Lake (58825998)","layer":"nhd_lakes","waterbody_type":"Lake/Pond","area_acres":null,"elevation":null,"fcode":39004}},{"type":"Feature","geometry":{"type":"Polygon","coordinates":[[[-87.6894,36.5476],[-87.6894,36.5474],[-87.6897,36.5476],[-87.6894,36.5476]]]},"properties":{"name":"Unnamed Lake (54405559)","layer":"nhd_lakes","waterbody_type":"Lake/Pond","area_acres":0.25,"elevation":null,"fcode":39004}},{"type":"Feature","geometry":{"type":"Polygon","coordinates":[[[-87.8152,36.598],[-87.8154,36.5981],[-87.8152,36.5981],[-87.8152,36.598]]]},"properties":{"name":"Unnamed Lake (58823858)","layer":"nhd_lakes","waterbody_type":"Lake/Pond","area_acres":null,"elevation":null,"fcode":39004}},{"type":"Feature","geometry":{"type":"Polygon","coordinates":[[[-87.762,36.5753],[-87.7619,36.5752],[-87.7621,36.575],[-87.762,36.5753]]]},"properties":{"name":"Unnamed Lake (58823906)","layer":"nhd_lakes","waterbody_type":"Lake/Pond","area_acres":null,"elevation":null,"fcode":39004}},{"type":"Feature","geometry":{"type":"Polygon","coordinates":[[[-87.6338,36.5362],[-87.6339,36.536],[-87.6341,36.5363],[-87.6338,36.5362]]]},"properties":{"name":"Unnamed Lake (58824161)","layer":"nhd_lakes","waterbody_type":"Lake/Pond","area_acres":0.25,"elevation":null,"fcode":39004}},{"type":"Feature","geometry":{"type":"Polygon","coordinates":[[[-87.6852,36.5031],[-87.6853,36.5029],[-87.6856,36.5031],[-87.6852,36.5031]]]},"properties":{"name":"Unnamed Lake (58824620)","layer":"nhd_lakes","waterbody_type":"Lake/Pond","area_acres":0.25,"elevation":null,"fcode":39004}},{"type":"Feature","geometry":{"type":"Polygon","coordinates":[[[-87.8178,36.4402],[-87.818,36.4404],[-87.8176,36.4406],[-87.8178,36.4402]]]},"properties":{"name":"Unnamed Lake (58825501)","layer":"nhd_lakes","waterbody_type":"Lake/Pond","area_acres":0.25,"elevation":null,"fcode":39004}},{"type":"Feature","geometry":{"type":"Polygon","coordinates":[[[-87.7163,36.3295],[-87.7161,36.3293],[-87.7164,36.3292],[-87.7163,36.3295]]]},"properties":{"name":"Unnamed Lake (58826460)","layer":"nhd_lakes","waterbody_type":"Lake/Pond","area_acres":0.25,"elevation":null,"fcode":39004}},{"type":"Feature","geometry":{"type":"Polygon","coordinates":[[[-87.7277,36.3274],[-87.7279,36.3274],[-87.7278,36.3276],[-87.7277,36.3274]]]},"properties":{"name":"Unnamed Lake (58826494)","layer":"nhd_lakes","waterbody_type":"Lake/Pond","area_acres":null,"elevation":null,"fcode":39004}},{"type":"Feature","geometry":{"type":"Polygon","coordinates":[[[-87.7117,36.326],[-87.7118,36.3261],[-87.7117,36.3262],[-87.7117,36.326]]]},"properties":{"name":"Unnamed Lake (58826500)","layer":"nhd_lakes","waterbody_type":"Lake/Pond","area_acres":null,"elevation":null,"fcode":39004}},{"type":"Feature","geometry":{"type":"Polygon","coordinates":[[[-87.8285,36.3791],[-87.8292,36.3793],[-87.829,36.3799],[-87.8285,36.3791]]]},"properties":{"name":"Unnamed Lake (59228748)","layer":"nhd_lakes","waterbody_type":"Lake/Pond","area_acres":0.99,"elevation":null,"fcode":39004}},{"type":"Feature","geometry":{"type":"Polygon","coordinates":[[[-87.7076,36.5954],[-87.7077,36.5951],[-87.7079,36.5953],[-87.7076,36.5954]]]},"properties":{"name":"Unnamed Lake (54404444)","layer":"nhd_lakes","waterbody_type":"Lake/Pond","area_acres":0.25,"elevation":null,"fcode":39004}},{"type":"Feature","geometry":{"type":"Polygon","coordinates":[[[-87.6613,36.5761],[-87.6591,36.5806],[-87.6519,36.5814],[-87.6578,36.5743],[-87.6589,36.5778],[-87.6613,36.5761]]]},"properties":{"name":"Lake Kyle","layer":"nhd_lakes","waterbody_type":"Lake/Pond","area_acres":75.37,"elevation":181.4,"fcode":39009}},{"type":"Feature","geometry":{"type":"Polygon","coordinates":[[[-87.7091,36.5561],[-87.7088,36.5563],[-87.7089,36.556],[-87.7091,36.5561]]]},"properties":{"name":"Unnamed Lake (54405388)","layer":"nhd_lakes","waterbody_type":"Lake/Pond","area_acres":0.25,"elevation":null,"fcode":39004}},{"type":"Feature","geometry":{"type":"Polygon","coordinates":[[[-87.8737,36.5475],[-87.8739,36.5474],[-87.8739,36.5476],[-87.8737,36.5475]]]},"properties":{"name":"Unnamed Lake (58824223)","layer":"nhd_lakes","waterbody_type":"Lake/Pond","area_acres":null,"elevation":null,"fcode":39004}},{"type":"Feature","geometry":{"type":"Polygon","coordinates":[[[-87.6083,36.5135],[-87.6087,36.5134],[-87.6087,36.5136],[-87.6083,36.5135]]]},"properties":{"name":"Unnamed Lake (58824415)","layer":"nhd_lakes","waterbody_type":"Lake/Pond","area_acres":0.25,"elevation":null,"fcode":39004}},{"type":"Feature","geometry":{"type":"Polygon","coordinates":[[[-87.8417,36.5286],[-87.8412,36.5289],[-87.8413,36.5286],[-87.8417,36.5286]]]},"properties":{"name":"Unnamed Lake (58824429)","layer":"nhd_lakes","waterbody_type":"Lake/Pond","area_acres":0.25,"elevation":null,"fcode":39004}},{"type":"Feature","geometry":{"type":"Polygon","coordinates":[[[-87.5782,36.452],[-87.5782,36.4522],[-87.5781,36.4521],[-87.5782,36.452]]]},"properties":{"name":"Unnamed Lake (58825168)","layer":"nhd_lakes","waterbody_type":"Lake/Pond","area_acres":null,"elevation":null,"fcode":39004}},{"type":"Feature","geometry":{"type":"Polygon","coordinates":[[[-87.6438,36.3879],[-87.644,36.3879],[-87.6439,36.388],[-87.6438,36.3879]]]},"properties":{"name":"Unnamed Lake (58825977)","layer":"nhd_lakes","waterbody_type":"Lake/Pond","area_acres":null,"elevation":null,"fcode":39004}},{"type":"Feature","geometry":{"type":"Polygon","coordinates":[[[-87.7202,36.3612],[-87.7205,36.3612],[-87.7203,36.3614],[-87.7202,36.3612]]]},"properties":{"name":"Unnamed Lake (58826202)","layer":"nhd_lakes","waterbody_type":"Lake/Pond","area_acres":0.25,"elevation":null,"fcode":39004}},{"type":"Feature","geometry":{"type":"Polygon","coordinates":[[[-87.7276,36.3282],[-87.7277,36.3283],[-87.7275,36.3283],[-87.7276,36.3282]]]},"properties":{"name":"Unnamed Lake (58826478)","layer":"nhd_lakes","waterbody_type":"Lake/Pond","area_acres":null,"elevation":null,"fcode":39004}},{"type":"Feature","geometry":{"type":"Polygon","coordinates":[[[-87.7222,36.3275],[-87.7224,36.3276],[-87.7222,36.3277],[-87.7222,36.3275]]]},"properties":{"name":"Unnamed Lake (58826487)","layer":"nhd_lakes","waterbody_type":"Lake/Pond","area_acres":null,"elevation":null,"fcode":39004}},{"type":"Feature","geometry":{"type":"Polygon","coordinates":[[[-87.7339,36.5706],[-87.7342,36.5704],[-87.7342,36.5706],[-87.7339,36.5706]]]},"properties":{"name":"Unnamed Lake (54405130)","layer":"nhd_lakes","waterbody_type":"Lake/Pond","area_acres":null,"elevation":null,"fcode":39004}},{"type":"Feature","geometry":{"type":"Polygon","coordinates":[[[-87.7412,36.5837],[-87.7409,36.5838],[-87.7409,36.5837],[-87.7412,36.5837]]]},"properties":{"name":"Unnamed Lake (58823883)","layer":"nhd_lakes","waterbody_type":"Lake/Pond","area_acres":null,"elevation":null,"fcode":39004}},{"type":"Feature","geometry":{"type":"Polygon","coordinates":[[[-87.6912,36.5444],[-87.6914,36.5443],[-87.6913,36.5445],[-87.6912,36.5444]]]},"properties":{"name":"Unnamed Lake (58824098)","layer":"nhd_lakes","waterbody_type":"Lake/Pond","area_acres":0.25,"elevation":null,"fcode":39004}},{"type":"Feature","geometry":{"type":"Polygon","coordinates":[[[-87.8679,36.5564],[-87.868,36.5566],[-87.8678,36.5565],[-87.8679,36.5564]]]},"properties":{"name":"Unnamed Lake (58824099)","layer":"nhd_lakes","waterbody_type":"Lake/Pond","area_acres":null,"elevation":null,"fcode":39004}},{"type":"Feature","geometry":{"type":"Polygon","coordinates":[[[-87.6358,36.5191],[-87.6365,36.519],[-87.6358,36.5195],[-87.6358,36.5191]]]},"properties":{"name":"Unnamed Lake (58824372)","layer":"nhd_lakes","waterbody_type":"Lake/Pond","area_acres":0.99,"elevation":null,"fcode":39004}},{"type":"Feature","geometry":{"type":"Polygon","coordinates":[[[-87.768,36.526],[-87.7682,36.5262],[-87.768,36.5263],[-87.768,36.526]]]},"properties":{"name":"Unnamed Lake (58824392)","layer":"nhd_lakes","waterbody_type":"Lake/Pond","area_acres":0.25,"elevation":null,"fcode":39004}},{"type":"Feature","geometry":{"type":"Polygon","coordinates":[[[-87.8401,36.5101],[-87.84,36.5098],[-87.8402,36.51],[-87.8401,36.5101]]]},"properties":{"name":"Unnamed Lake (58824678)","layer":"nhd_lakes","waterbody_type":"Lake/Pond","area_acres":null,"elevation":null,"fcode":39004}},{"type":"Feature","geometry":{"type":"Polygon","coordinates":[[[-87.8911,36.4788],[-87.8909,36.4788],[-87.891,36.4784],[-87.8911,36.4788]]]},"properties":{"name":"Unnamed Lake (58825104)","layer":"nhd_lakes","waterbody_type":"Lake/Pond","area_acres":0.25,"elevation":null,"fcode":39004}},{"type":"Feature","geometry":{"type":"Polygon","coordinates":[[[-87.6393,36.4411],[-87.6394,36.4414],[-87.6391,36.4414],[-87.6393,36.4411]]]},"properties":{"name":"Unnamed Lake (58825363)","layer":"nhd_lakes","waterbody_type":"Lake/Pond","area_acres":0.25,"elevation":null,"fcode":39004}},{"type":"Feature","geometry":{"type":"Polygon","coordinates":[[[-87.648,36.4342],[-87.6481,36.4345],[-87.6478,36.4344],[-87.648,36.4342]]]},"properties":{"name":"Unnamed Lake (58825439)","layer":"nhd_lakes","waterbody_type":"Lake/Pond","area_acres":0.25,"elevation":null,"fcode":39004}},{"type":"Feature","geometry":{"type":"Polygon","coordinates":[[[-87.6338,36.428],[-87.6338,36.4282],[-87.6336,36.4281],[-87.6338,36.428]]]},"properties":{"name":"Unnamed Lake (58825496)","layer":"nhd_lakes","waterbody_type":"Lake/Pond","area_acres":null,"elevation":null,"fcode":39004}},{"type":"Feature","geometry":{"type":"Polygon","coordinates":[[[-87.7472,36.4273],[-87.7472,36.4276],[-87.747,36.4276],[-87.7472,36.4273]]]},"properties":{"name":"Unnamed Lake (58825587)","layer":"nhd_lakes","waterbody_type":"Lake/Pond","area_acres":0.25,"elevation":null,"fcode":39004}},{"type":"Feature","geometry":{"type":"Polygon","coordinates":[[[-87.6025,36.4034],[-87.6027,36.4041],[-87.6023,36.4039],[-87.6025,36.4034]]]},"properties":{"name":"Unnamed Lake (58825734)","layer":"nhd_lakes","waterbody_type":"Lake/Pond","area_acres":0.74,"elevation":null,"fcode":39004}},{"type":"Feature","geometry":{"type":"Polygon","coordinates":[[[-87.7109,36.364],[-87.7112,36.3644],[-87.7109,36.3643],[-87.7109,36.364]]]},"properties":{"name":"Unnamed Lake (58826181)","layer":"nhd_lakes","waterbody_type":"Lake/Pond","area_acres":0.25,"elevation":null,"fcode":39004}},{"type":"Feature","geometry":{"type":"Polygon","coordinates":[[[-87.6323,36.355],[-87.6323,36.3553],[-87.6321,36.3552],[-87.6323,36.355]]]},"properties":{"name":"Unnamed Lake (58826201)","layer":"nhd_lakes","waterbody_type":"Lake/Pond","area_acres":0.25,"elevation":null,"fcode":39004}},{"type":"Feature","geometry":{"type":"Polygon","coordinates":[[[-87.708,36.588],[-87.708,36.5882],[-87.7078,36.5882],[-87.708,36.588]]]},"properties":{"name":"Unnamed Lake (54404634)","layer":"nhd_lakes","waterbody_type":"Lake/Pond","area_acres":0.25,"elevation":null,"fcode":39004}},{"type":"Feature","geometry":{"type":"Polygon","coordinates":[[[-87.7785,36.5614],[-87.7783,36.5616],[-87.7782,36.5615],[-87.7785,36.5614]]]},"properties":{"name":"Unnamed Lake (58823986)","layer":"nhd_lakes","waterbody_type":"Lake/Pond","area_acres":0.25,"elevation":null,"fcode":39004}},{"type":"Feature","geometry":{"type":"Polygon","coordinates":[[[-87.8175,36.5579],[-87.8177,36.5579],[-87.8177,36.5581],[-87.8175,36.5579]]]},"properties":{"name":"Unnamed Lake (58824040)","layer":"nhd_lakes","waterbody_type":"Lake/Pond","area_acres":null,"elevation":null,"fcode":39004}},{"type":"Feature","geometry":{"type":"Polygon","coordinates":[[[-87.878,36.5601],[-87.8779,36.5601],[-87.878,36.56],[-87.878,36.5601]]]},"properties":{"name":"Unnamed Lake (58824059)","layer":"nhd_lakes","waterbody_type":"Lake/Pond","area_acres":null,"elevation":null,"fcode":39004}},{"type":"Feature","geometry":{"type":"Polygon","coordinates":[[[-87.6791,36.5415],[-87.6792,36.5414],[-87.6794,36.5415],[-87.6791,36.5415]]]},"properties":{"name":"Unnamed Lake (58824131)","layer":"nhd_lakes","waterbody_type":"Lake/Pond","area_acres":0.25,"elevation":null,"fcode":39004}},{"type":"Feature","geometry":{"type":"Polygon","coordinates":[[[-87.5725,36.4707],[-87.5726,36.4708],[-87.5725,36.4709],[-87.5725,36.4707]]]},"properties":{"name":"Unnamed Lake (58824912)","layer":"nhd_lakes","waterbody_type":"Lake/Pond","area_acres":null,"elevation":null,"fcode":39004}},{"type":"Feature","geometry":{"type":"Polygon","coordinates":[[[-87.7043,36.4429],[-87.7052,36.4437],[-87.7043,36.4437],[-87.7043,36.4429]]]},"properties":{"name":"Unnamed Lake (58825387)","layer":"nhd_lakes","waterbody_type":"Lake/Pond","area_acres":1.73,"elevation":109.4,"fcode":39009}},{"type":"Feature","geometry":{"type":"Polygon","coordinates":[[[-87.5905,36.4287],[-87.5907,36.4288],[-87.5905,36.4289],[-87.5905,36.4287]]]},"properties":{"name":"Unnamed Lake (58825454)","layer":"nhd_lakes","waterbody_type":"Lake/Pond","area_acres":null,"elevation":null,"fcode":39004}},{"type":"Feature","geometry":{"type":"Polygon","coordinates":[[[-87.7272,36.4321],[-87.7272,36.4323],[-87.727,36.4322],[-87.7272,36.4321]]]},"properties":{"name":"Unnamed Lake (58825527)","layer":"nhd_lakes","waterbody_type":"Lake/Pond","area_acres":null,"elevation":null,"fcode":39004}},{"type":"Feature","geometry":{"type":"Polygon","coordinates":[[[-87.7487,36.4168],[-87.7489,36.417],[-87.7486,36.417],[-87.7487,36.4168]]]},"properties":{"name":"Unnamed Lake (58825702)","layer":"nhd_lakes","waterbody_type":"Lake/Pond","area_acres":0.25,"elevation":null,"fcode":39004}},{"type":"Feature","geometry":{"type":"Polygon","coordinates":[[[-87.6969,36.3253],[-87.6967,36.3252],[-87.6971,36.3252],[-87.6969,36.3253]]]},"properties":{"name":"Unnamed Lake (58826499)","layer":"nhd_lakes","waterbody_type":"Lake/Pond","area_acres":null,"elevation":null,"fcode":39004}},{"type":"Feature","geometry":{"type":"Polygon","coordinates":[[[-87.7615,36.3319],[-87.7614,36.3322],[-87.7611,36.3321],[-87.7615,36.3319]]]},"properties":{"name":"Unnamed Lake (59228846)","layer":"nhd_lakes","waterbody_type":"Lake/Pond","area_acres":0.25,"elevation":null,"fcode":39004}},{"type":"Feature","geometry":{"type":"Polygon","coordinates":[[[-87.7713,36.5632],[-87.7715,36.5637],[-87.7711,36.5633],[-87.7713,36.5632]]]},"properties":{"name":"Unnamed Lake (58823969)","layer":"nhd_lakes","waterbody_type":"Lake/Pond","area_acres":0.25,"elevation":null,"fcode":39004}},{"type":"Feature","geometry":{"type":"Polygon","coordinates":[[[-87.724,36.5537],[-87.7239,36.5539],[-87.7236,36.5537],[-87.724,36.5537]]]},"properties":{"name":"Unnamed Lake (58824021)","layer":"nhd_lakes","waterbody_type":"Lake/Pond","area_acres":0.25,"elevation":null,"fcode":39004}},{"type":"Feature","geometry":{"type":"Polygon","coordinates":[[[-87.7862,36.5299],[-87.7863,36.5301],[-87.7858,36.5301],[-87.7862,36.5299]]]},"properties":{"name":"Unnamed Lake (58824357)","layer":"nhd_lakes","waterbody_type":"Lake/Pond","area_acres":0.25,"elevation":null,"fcode":39001}},{"type":"Feature","geometry":{"type":"Polygon","coordinates":[[[-87.7142,36.5189],[-87.7141,36.5191],[-87.7141,36.5189],[-87.7142,36.5189]]]},"properties":{"name":"Unnamed Lake (58824440)","layer":"nhd_lakes","waterbody_type":"Lake/Pond","area_acres":null,"elevation":null,"fcode":39004}},{"type":"Feature","geometry":{"type":"Polygon","coordinates":[[[-87.757,36.5069],[-87.7571,36.5073],[-87.7567,36.507],[-87.757,36.5069]]]},"properties":{"name":"Unnamed Lake (58824636)","layer":"nhd_lakes","waterbody_type":"Lake/Pond","area_acres":0.25,"elevation":null,"fcode":39004}},{"type":"Feature","geometry":{"type":"Polygon","coordinates":[[[-87.8201,36.506],[-87.8208,36.5058],[-87.8208,36.506],[-87.8201,36.506]]]},"properties":{"name":"Unnamed Lake (58824715)","layer":"nhd_lakes","waterbody_type":"Lake/Pond","area_acres":0.25,"elevation":null,"fcode":39004}},{"type":"Feature","geometry":{"type":"Polygon","coordinates":[[[-87.6442,36.447],[-87.6441,36.4473],[-87.6438,36.4472],[-87.6442,36.447]]]},"properties":{"name":"Unnamed Lake (58825286)","layer":"nhd_lakes","waterbody_type":"Lake/Pond","area_acres":0.25,"elevation":null,"fcode":39004}},{"type":"Feature","geometry":{"type":"Polygon","coordinates":[[[-87.8007,36.5794],[-87.8012,36.5795],[-87.8008,36.5796],[-87.8007,36.5794]]]},"properties":{"name":"Unnamed Lake (58823901)","layer":"nhd_lakes","waterbody_type":"Lake/Pond","area_acres":0.25,"elevation":null,"fcode":39004}},{"type":"Feature","geometry":{"type":"Polygon","coordinates":[[[-87.5973,36.5274],[-87.5971,36.5273],[-87.5975,36.5274],[-87.5973,36.5274]]]},"properties":{"name":"Unnamed Lake (58824228)","layer":"nhd_lakes","waterbody_type":"Lake/Pond","area_acres":0.25,"elevation":null,"fcode":39004}},{"type":"Feature","geometry":{"type":"Polygon","coordinates":[[[-87.5841,36.5021],[-87.5838,36.5021],[-87.5841,36.5019],[-87.5841,36.5021]]]},"properties":{"name":"Unnamed Lake (58824545)","layer":"nhd_lakes","waterbody_type":"Lake/Pond","area_acres":0.25,"elevation":null,"fcode":39004}},{"type":"Feature","geometry":{"type":"Polygon","coordinates":[[[-87.6447,36.4951],[-87.6448,36.4952],[-87.6446,36.4952],[-87.6447,36.4951]]]},"properties":{"name":"Unnamed Lake (58824695)","layer":"nhd_lakes","waterbody_type":"Lake/Pond","area_acres":null,"elevation":null,"fcode":39004}},{"type":"Feature","geometry":{"type":"Polygon","coordinates":[[[-87.5849,36.4482],[-87.5849,36.4483],[-87.5848,36.4483],[-87.5849,36.4482]]]},"properties":{"name":"Unnamed Lake (58825220)","layer":"nhd_lakes","waterbody_type":"Lake/Pond","area_acres":null,"elevation":null,"fcode":39004}},{"type":"Feature","geometry":{"type":"Polygon","coordinates":[[[-87.6783,36.4456],[-87.6783,36.4459],[-87.6781,36.4459],[-87.6783,36.4456]]]},"properties":{"name":"Unnamed Lake (58825333)","layer":"nhd_lakes","waterbody_type":"Lake/Pond","area_acres":0.25,"elevation":null,"fcode":39004}},{"type":"Feature","geometry":{"type":"Polygon","coordinates":[[[-87.5961,36.3991],[-87.5972,36.3999],[-87.5963,36.3999],[-87.5961,36.3991]]]},"properties":{"name":"Unnamed Lake (58825804)","layer":"nhd_lakes","waterbody_type":"Lake/Pond","area_acres":1.98,"elevation":null,"fcode":39004}},{"type":"Feature","geometry":{"type":"Polygon","coordinates":[[[-87.6287,36.3629],[-87.6285,36.3629],[-87.6287,36.3627],[-87.6287,36.3629]]]},"properties":{"name":"Unnamed Lake (58826147)","layer":"nhd_lakes","waterbody_type":"Lake/Pond","area_acres":0.25,"elevation":null,"fcode":39004}},{"type":"Feature","geometry":{"type":"Polygon","coordinates":[[[-87.7291,36.3536],[-87.7293,36.3537],[-87.7292,36.3538],[-87.7291,36.3536]]]},"properties":{"name":"Unnamed Lake (58826263)","layer":"nhd_lakes","waterbody_type":"Lake/Pond","area_acres":null,"elevation":null,"fcode":39004}},{"type":"Feature","geometry":{"type":"Polygon","coordinates":[[[-87.7274,36.567],[-87.7275,36.5674],[-87.7273,36.5675],[-87.7274,36.567]]]},"properties":{"name":"Unnamed Lake (54405179)","layer":"nhd_lakes","waterbody_type":"Lake/Pond","area_acres":0.25,"elevation":null,"fcode":39004}},{"type":"Feature","geometry":{"type":"Polygon","coordinates":[[[-87.7048,36.5315],[-87.7049,36.5317],[-87.7045,36.5317],[-87.7048,36.5315]]]},"properties":{"name":"Unnamed Lake (58824263)","layer":"nhd_lakes","waterbody_type":"Lake/Pond","area_acres":0.25,"elevation":null,"fcode":39004}},{"type":"Feature","geometry":{"type":"Polygon","coordinates":[[[-87.8496,36.5243],[-87.8498,36.5241],[-87.8502,36.5245],[-87.8496,36.5243]]]},"properties":{"name":"Unnamed Lake (58824491)","layer":"nhd_lakes","waterbody_type":"Lake/Pond","area_acres":0.25,"elevation":null,"fcode":39004}},{"type":"Feature","geometry":{"type":"Polygon","coordinates":[[[-87.5968,36.4602],[-87.5969,36.4602],[-87.5968,36.4603],[-87.5968,36.4602]]]},"properties":{"name":"Unnamed Lake (58825085)","layer":"nhd_lakes","waterbody_type":"Lake/Pond","area_acres":null,"elevation":null,"fcode":39004}},{"type":"Feature","geometry":{"type":"Polygon","coordinates":[[[-87.673,36.4467],[-87.6731,36.4468],[-87.6729,36.4469],[-87.673,36.4467]]]},"properties":{"name":"Unnamed Lake (58825319)","layer":"nhd_lakes","waterbody_type":"Lake/Pond","area_acres":null,"elevation":null,"fcode":39004}},{"type":"Feature","geometry":{"type":"Polygon","coordinates":[[[-87.7153,36.4423],[-87.7152,36.4424],[-87.7149,36.4424],[-87.7153,36.4423]]]},"properties":{"name":"Unnamed Lake (58825406)","layer":"nhd_lakes","waterbody_type":"Lake/Pond","area_acres":0.25,"elevation":null,"fcode":39004}},{"type":"Feature","geometry":{"type":"Polygon","coordinates":[[[-87.6601,36.4367],[-87.6601,36.4369],[-87.6599,36.4369],[-87.6601,36.4367]]]},"properties":{"name":"Unnamed Lake (58825420)","layer":"nhd_lakes","waterbody_type":"Lake/Pond","area_acres":null,"elevation":null,"fcode":39004}},{"type":"Feature","geometry":{"type":"Polygon","coordinates":[[[-87.8188,36.4437],[-87.819,36.444],[-87.8185,36.444],[-87.8188,36.4437]]]},"properties":{"name":"Unnamed Lake (58825461)","layer":"nhd_lakes","waterbody_type":"Lake/Pond","area_acres":0.25,"elevation":null,"fcode":39004}},{"type":"Feature","geometry":{"type":"Polygon","coordinates":[[[-87.6029,36.4238],[-87.6028,36.424],[-87.6025,36.424],[-87.6029,36.4238]]]},"properties":{"name":"Unnamed Lake (58825522)","layer":"nhd_lakes","waterbody_type":"Lake/Pond","area_acres":0.25,"elevation":null,"fcode":39004}},{"type":"Feature","geometry":{"type":"Polygon","coordinates":[[[-87.7157,36.4109],[-87.7156,36.411],[-87.7155,36.4108],[-87.7157,36.4109]]]},"properties":{"name":"Unnamed Lake (58825751)","layer":"nhd_lakes","waterbody_type":"Lake/Pond","area_acres":null,"elevation":null,"fcode":39004}},{"type":"Feature","geometry":{"type":"Polygon","coordinates":[[[-87.646,36.3899],[-87.6428,36.3922],[-87.643,36.3887],[-87.646,36.3899]]]},"properties":{"name":"Lake Barkley","layer":"nhd_lakes","waterbody_type":"Lake/Pond","area_acres":18.78,"elevation":112.8,"fcode":39009}},{"type":"Feature","geometry":{"type":"Polygon","coordinates":[[[-87.7337,36.5594],[-87.7337,36.5597],[-87.7328,36.5598],[-87.7337,36.5594]]]},"properties":{"name":"Unnamed Lake (58823975)","layer":"nhd_lakes","waterbody_type":"Lake/Pond","area_acres":0.74,"elevation":null,"fcode":39004}},{"type":"Feature","geometry":{"type":"Polygon","coordinates":[[[-87.8328,36.5432],[-87.833,36.543],[-87.8331,36.5435],[-87.8328,36.5432]]]},"properties":{"name":"Unnamed Lake (58824232)","layer":"nhd_lakes","waterbody_type":"Lake/Pond","area_acres":0.25,"elevation":null,"fcode":39004}},{"type":"Feature","geometry":{"type":"Polygon","coordinates":[[[-87.8903,36.5363],[-87.8912,36.5368],[-87.891,36.5376],[-87.8903,36.5363]]]},"properties":{"name":"Lake Barkley","layer":"nhd_lakes","waterbody_type":"Lake/Pond","area_acres":1.48,"elevation":null,"fcode":39004}},{"type":"Feature","geometry":{"type":"Polygon","coordinates":[[[-87.6621,36.521],[-87.6624,36.5206],[-87.6636,36.5211],[-87.6621,36.521]]]},"properties":{"name":"Unnamed Lake (58824366)","layer":"nhd_lakes","waterbody_type":"Lake/Pond","area_acres":1.73,"elevation":null,"fcode":39004}},{"type":"Feature","geometry":{"type":"Polygon","coordinates":[[[-87.7655,36.5133],[-87.7657,36.5134],[-87.7657,36.5136],[-87.7655,36.5133]]]},"properties":{"name":"Unnamed Lake (58824559)","layer":"nhd_lakes","waterbody_type":"Lake/Pond","area_acres":null,"elevation":null,"fcode":39004}},{"type":"Feature","geometry":{"type":"Polygon","coordinates":[[[-87.6184,36.5018],[-87.6181,36.5019],[-87.6182,36.5017],[-87.6184,36.5018]]]},"properties":{"name":"Unnamed Lake (58824576)","layer":"nhd_lakes","waterbody_type":"Lake/Pond","area_acres":0.25,"elevation":null,"fcode":39004}},{"type":"Feature","geometry":{"type":"Polygon","coordinates":[[[-87.7494,36.4781],[-87.7494,36.4782],[-87.7492,36.4782],[-87.7494,36.4781]]]},"properties":{"name":"Unnamed Lake (58824985)","layer":"nhd_lakes","waterbody_type":"Lake/Pond","area_acres":null,"elevation":null,"fcode":39004}},{"type":"Feature","geometry":{"type":"Polygon","coordinates":[[[-87.6584,36.44],[-87.6579,36.4415],[-87.6574,36.4408],[-87.6584,36.44]]]},"properties":{"name":"Unnamed Lake (58825378)","layer":"nhd_lakes","waterbody_type":"Lake/Pond","area_acres":2.22,"elevation":149.4,"fcode":39009}},{"type":"Feature","geometry":{"type":"Polygon","coordinates":[[[-87.7467,36.419],[-87.7467,36.4192],[-87.7465,36.4191],[-87.7467,36.419]]]},"properties":{"name":"Unnamed Lake (58825672)","layer":"nhd_lakes","waterbody_type":"Lake/Pond","area_acres":null,"elevation":null,"fcode":39004}},{"type":"Feature","geometry":{"type":"Polygon","coordinates":[[[-87.605,36.3919],[-87.6051,36.3919],[-87.605,36.3922],[-87.605,36.3919]]]},"properties":{"name":"Unnamed Lake (58825913)","layer":"nhd_lakes","waterbody_type":"Lake/Pond","area_acres":0.25,"elevation":null,"fcode":39004}},{"type":"Feature","geometry":{"type":"Polygon","coordinates":[[[-87.6244,36.3738],[-87.6246,36.3739],[-87.6244,36.374],[-87.6244,36.3738]]]},"properties":{"name":"Unnamed Lake (58826069)","layer":"nhd_lakes","waterbody_type":"Lake/Pond","area_acres":null,"elevation":null,"fcode":39004}},{"type":"Feature","geometry":{"type":"Polygon","coordinates":[[[-87.628,36.3586],[-87.6286,36.359],[-87.6279,36.3593],[-87.628,36.3586]]]},"properties":{"name":"Unnamed Lake (58826170)","layer":"nhd_lakes","waterbody_type":"Lake/Pond","area_acres":1.48,"elevation":null,"fcode":39004}},{"type":"Feature","geometry":{"type":"Polygon","coordinates":[[[-87.8993,36.4352],[-87.8991,36.435],[-87.8993,36.4349],[-87.8993,36.4352]]]},"properties":{"name":"Unnamed Lake (59228604)","layer":"nhd_lakes","waterbody_type":"Lake/Pond","area_acres":0.25,"elevation":null,"fcode":39004}},{"type":"Feature","geometry":{"type":"Polygon","coordinates":[[[-87.6902,36.5418],[-87.6902,36.5417],[-87.6903,36.5418],[-87.6902,36.5418]]]},"properties":{"name":"Unnamed Lake (58824138)","layer":"nhd_lakes","waterbody_type":"Lake/Pond","area_acres":null,"elevation":null,"fcode":39004}},{"type":"Feature","geometry":{"type":"Polygon","coordinates":[[[-87.883,36.5383],[-87.8818,36.5384],[-87.8829,36.5375],[-87.883,36.5383]]]},"properties":{"name":"Unnamed Lake (58824327)","layer":"nhd_lakes","waterbody_type":"Lake/Pond","area_acres":0.49,"elevation":null,"fcode":39004}},{"type":"Feature","geometry":{"type":"Polygon","coordinates":[[[-87.6033,36.5145],[-87.6031,36.5148],[-87.603,36.5145],[-87.6033,36.5145]]]},"properties":{"name":"Unnamed Lake (58824393)","layer":"nhd_lakes","waterbody_type":"Lake/Pond","area_acres":0.25,"elevation":null,"fcode":39004}},{"type":"Feature","geometry":{"type":"Polygon","coordinates":[[[-87.8618,36.5323],[-87.8621,36.5326],[-87.8618,36.5325],[-87.8618,36.5323]]]},"properties":{"name":"Unnamed Lake (58824394)","layer":"nhd_lakes","waterbody_type":"Lake/Pond","area_acres":0.25,"elevation":null,"fcode":39004}},{"type":"Feature","geometry":{"type":"Polygon","coordinates":[[[-87.6688,36.514],[-87.669,36.5139],[-87.669,36.514],[-87.6688,36.514]]]},"properties":{"name":"Unnamed Lake (58824467)","layer":"nhd_lakes","waterbody_type":"Lake/Pond","area_acres":null,"elevation":null,"fcode":39004}},{"type":"Feature","geometry":{"type":"Polygon","coordinates":[[[-87.5916,36.429],[-87.5917,36.4291],[-87.5915,36.4291],[-87.5916,36.429]]]},"properties":{"name":"Unnamed Lake (58825453)","layer":"nhd_lakes","waterbody_type":"Lake/Pond","area_acres":null,"elevation":null,"fcode":39004}},{"type":"Feature","geometry":{"type":"Polygon","coordinates":[[[-87.6449,36.42],[-87.645,36.4201],[-87.6448,36.4202],[-87.6449,36.42]]]},"properties":{"name":"Unnamed Lake (58825590)","layer":"nhd_lakes","waterbody_type":"Lake/Pond","area_acres":null,"elevation":null,"fcode":39004}},{"type":"Feature","geometry":{"type":"Polygon","coordinates":[[[-87.6881,36.4175],[-87.688,36.4177],[-87.6878,36.4177],[-87.6881,36.4175]]]},"properties":{"name":"Unnamed Lake (58825644)","layer":"nhd_lakes","waterbody_type":"Lake/Pond","area_acres":null,"elevation":null,"fcode":39004}},{"type":"Feature","geometry":{"type":"Polygon","coordinates":[[[-87.614,36.4076],[-87.6105,36.4108],[-87.6076,36.4119],[-87.614,36.4076]],[[-87.6115,36.4091],[-87.6083,36.4113],[-87.6106,36.4106],[-87.6115,36.4091]]]},"properties":{"name":"Unnamed Lake (58825646)","layer":"nhd_lakes","waterbody_type":"Lake/Pond","area_acres":6.92,"elevation":null,"fcode":39004}},{"type":"Feature","geometry":{"type":"Polygon","coordinates":[[[-87.6152,36.4019],[-87.6151,36.402],[-87.615,36.4021],[-87.6152,36.4019]]]},"properties":{"name":"Unnamed Lake (58825787)","layer":"nhd_lakes","waterbody_type":"Lake/Pond","area_acres":null,"elevation":null,"fcode":39004}},{"type":"Feature","geometry":{"type":"Polygon","coordinates":[[[-87.6155,36.3988],[-87.6154,36.3989],[-87.6153,36.3989],[-87.6155,36.3988]]]},"properties":{"name":"Unnamed Lake (58825837)","layer":"nhd_lakes","waterbody_type":"Lake/Pond","area_acres":null,"elevation":null,"fcode":39004}},{"type":"Feature","geometry":{"type":"Polygon","coordinates":[[[-87.7358,36.3729],[-87.7359,36.3731],[-87.7356,36.3731],[-87.7358,36.3729]]]},"properties":{"name":"Unnamed Lake (58826127)","layer":"nhd_lakes","waterbody_type":"Lake/Pond","area_acres":0.25,"elevation":null,"fcode":39004}},{"type":"Feature","geometry":{"type":"Polygon","coordinates":[[[-87.6726,36.3357],[-87.6736,36.3354],[-87.6732,36.3358],[-87.6726,36.3357]]]},"properties":{"name":"Unnamed Lake (58826378)","layer":"nhd_lakes","waterbody_type":"Lake/Pond","area_acres":0.74,"elevation":null,"fcode":39004}},{"type":"Feature","geometry":{"type":"Polygon","coordinates":[[[-87.7257,36.3253],[-87.7255,36.3253],[-87.7256,36.3252],[-87.7257,36.3253]]]},"properties":{"name":"Unnamed Lake (58826528)","layer":"nhd_lakes","waterbody_type":"Lake/Pond","area_acres":null,"elevation":null,"fcode":39004}},{"type":"Feature","geometry":{"type":"Polygon","coordinates":[[[-87.7667,36.3292],[-87.7668,36.3295],[-87.7663,36.3296],[-87.7667,36.3292]]]},"properties":{"name":"Unnamed Lake (59228854)","layer":"nhd_lakes","waterbody_type":"Lake/Pond","area_acres":0.25,"elevation":null,"fcode":39004}},{"type":"Feature","geometry":{"type":"Polygon","coordinates":[[[-87.7595,36.5661],[-87.7594,36.5662],[-87.7593,36.5662],[-87.7595,36.5661]]]},"properties":{"name":"Unnamed Lake (58823956)","layer":"nhd_lakes","waterbody_type":"Lake/Pond","area_acres":null,"elevation":null,"fcode":39004}},{"type":"Feature","geometry":{"type":"Polygon","coordinates":[[[-87.8085,36.5624],[-87.8088,36.5625],[-87.8086,36.5626],[-87.8085,36.5624]]]},"properties":{"name":"Unnamed Lake (58823994)","layer":"nhd_lakes","waterbody_type":"Lake/Pond","area_acres":0.25,"elevation":null,"fcode":39004}},{"type":"Feature","geometry":{"type":"Polygon","coordinates":[[[-87.7265,36.5565],[-87.7262,36.5562],[-87.7267,36.5564],[-87.7265,36.5565]]]},"properties":{"name":"Unnamed Lake (58824002)","layer":"nhd_lakes","waterbody_type":"Lake/Pond","area_acres":0.25,"elevation":null,"fcode":39004}},{"type":"Feature","geometry":{"type":"Polygon","coordinates":[[[-87.8167,36.5569],[-87.8168,36.5569],[-87.8169,36.5571],[-87.8167,36.5569]]]},"properties":{"name":"Unnamed Lake (58824049)","layer":"nhd_lakes","waterbody_type":"Lake/Pond","area_acres":null,"elevation":null,"fcode":39004}},{"type":"Feature","geometry":{"type":"Polygon","coordinates":[[[-87.6065,36.5291],[-87.6067,36.5291],[-87.6064,36.5292],[-87.6065,36.5291]]]},"properties":{"name":"Unnamed Lake (58824218)","layer":"nhd_lakes","waterbody_type":"Lake/Pond","area_acres":0.25,"elevation":null,"fcode":39004}},{"type":"Feature","geometry":{"type":"Polygon","coordinates":[[[-87.7934,36.5418],[-87.7932,36.5416],[-87.7933,36.5415],[-87.7934,36.5418]]]},"properties":{"name":"Unnamed Lake (58824225)","layer":"nhd_lakes","waterbody_type":"Lake/Pond","area_acres":null,"elevation":null,"fcode":39004}},{"type":"Feature","geometry":{"type":"Polygon","coordinates":[[[-87.743,36.4988],[-87.7434,36.4993],[-87.7428,36.4989],[-87.743,36.4988]]]},"properties":{"name":"Unnamed Lake (58824730)","layer":"nhd_lakes","waterbody_type":"Lake/Pond","area_acres":0.25,"elevation":null,"fcode":39004}},{"type":"Feature","geometry":{"type":"Polygon","coordinates":[[[-87.8778,36.4975],[-87.8775,36.4971],[-87.878,36.4972],[-87.8778,36.4975]]]},"properties":{"name":"Unnamed Lake (58824843)","layer":"nhd_lakes","waterbody_type":"Lake/Pond","area_acres":0.25,"elevation":null,"fcode":39004}},{"type":"Feature","geometry":{"type":"Polygon","coordinates":[[[-87.5822,36.4402],[-87.5825,36.4404],[-87.5822,36.4404],[-87.5822,36.4402]]]},"properties":{"name":"Unnamed Lake (58825320)","layer":"nhd_lakes","waterbody_type":"Lake/Pond","area_acres":0.25,"elevation":null,"fcode":39004}},{"type":"Feature","geometry":{"type":"Polygon","coordinates":[[[-87.6811,36.41],[-87.6812,36.4103],[-87.6809,36.4105],[-87.6811,36.41]]]},"properties":{"name":"Unnamed Lake (58825724)","layer":"nhd_lakes","waterbody_type":"Lake/Pond","area_acres":0.25,"elevation":null,"fcode":39004}},{"type":"Feature","geometry":{"type":"Polygon","coordinates":[[[-87.6966,36.3732],[-87.6968,36.3733],[-87.6966,36.3733],[-87.6966,36.3732]]]},"properties":{"name":"Unnamed Lake (58826103)","layer":"nhd_lakes","waterbody_type":"Lake/Pond","area_acres":null,"elevation":null,"fcode":39004}},{"type":"Feature","geometry":{"type":"Polygon","coordinates":[[[-87.6654,36.3567],[-87.6654,36.3569],[-87.6653,36.3568],[-87.6654,36.3567]]]},"properties":{"name":"Unnamed Lake (58826206)","layer":"nhd_lakes","waterbody_type":"Lake/Pond","area_acres":null,"elevation":null,"fcode":39004}},{"type":"Feature","geometry":{"type":"Polygon","coordinates":[[[-87.7853,36.5646],[-87.7856,36.5646],[-87.7854,36.565],[-87.7853,36.5646]]]},"properties":{"name":"Unnamed Lake (58823967)","layer":"nhd_lakes","waterbody_type":"Lake/Pond","area_acres":0.25,"elevation":null,"fcode":39004}},{"type":"Feature","geometry":{"type":"Polygon","coordinates":[[[-87.826,36.5454],[-87.8261,36.5451],[-87.8262,36.5453],[-87.826,36.5454]]]},"properties":{"name":"Unnamed Lake (58824206)","layer":"nhd_lakes","waterbody_type":"Lake/Pond","area_acres":null,"elevation":null,"fcode":39004}},{"type":"Feature","geometry":{"type":"Polygon","coordinates":[[[-87.6111,36.5258],[-87.611,36.5257],[-87.6112,36.5256],[-87.6111,36.5258]]]},"properties":{"name":"Unnamed Lake (58824258)","layer":"nhd_lakes","waterbody_type":"Lake/Pond","area_acres":null,"elevation":null,"fcode":39004}},{"type":"Feature","geometry":{"type":"Polygon","coordinates":[[[-87.8965,36.5447],[-87.8967,36.5442],[-87.8967,36.5446],[-87.8965,36.5447]]]},"properties":{"name":"Unnamed Lake (58824265)","layer":"nhd_lakes","waterbody_type":"Lake/Pond","area_acres":0.25,"elevation":null,"fcode":39004}},{"type":"Feature","geometry":{"type":"Polygon","coordinates":[[[-87.6589,36.5228],[-87.659,36.5226],[-87.6593,36.5226],[-87.6589,36.5228]]]},"properties":{"name":"Unnamed Lake (58824331)","layer":"nhd_lakes","waterbody_type":"Lake/Pond","area_acres":0.25,"elevation":null,"fcode":39001}},{"type":"Feature","geometry":{"type":"Polygon","coordinates":[[[-87.6904,36.5134],[-87.69,36.5135],[-87.6902,36.5133],[-87.6904,36.5134]]]},"properties":{"name":"Unnamed Lake (58824490)","layer":"nhd_lakes","waterbody_type":"Lake/Pond","area_acres":0.25,"elevation":null,"fcode":39004}},{"type":"Feature","geometry":{"type":"Polygon","coordinates":[[[-87.7237,36.4863],[-87.7238,36.4869],[-87.7236,36.4865],[-87.7237,36.4863]]]},"properties":{"name":"Unnamed Lake (58824845)","layer":"nhd_lakes","waterbody_type":"Lake/Pond","area_acres":0.25,"elevation":null,"fcode":39004}},{"type":"Feature","geometry":{"type":"Polygon","coordinates":[[[-87.7525,36.4582],[-87.7528,36.4585],[-87.7524,36.4585],[-87.7525,36.4582]]]},"properties":{"name":"Unnamed Lake (58825243)","layer":"nhd_lakes","waterbody_type":"Lake/Pond","area_acres":0.25,"elevation":null,"fcode":39004}},{"type":"Feature","geometry":{"type":"Polygon","coordinates":[[[-87.6774,36.4126],[-87.6774,36.4127],[-87.6771,36.4127],[-87.6774,36.4126]]]},"properties":{"name":"Unnamed Lake (58825693)","layer":"nhd_lakes","waterbody_type":"Lake/Pond","area_acres":null,"elevation":null,"fcode":39004}},{"type":"Feature","geometry":{"type":"Polygon","coordinates":[[[-87.6601,36.3511],[-87.6601,36.3515],[-87.6599,36.3513],[-87.6601,36.3511]]]},"properties":{"name":"Unnamed Lake (58826231)","layer":"nhd_lakes","waterbody_type":"Lake/Pond","area_acres":0.25,"elevation":null,"fcode":39004}},{"type":"Feature","geometry":{"type":"Polygon","coordinates":[[[-87.6756,36.3414],[-87.6757,36.3415],[-87.6755,36.3417],[-87.6756,36.3414]]]},"properties":{"name":"Unnamed Lake (58826335)","layer":"nhd_lakes","waterbody_type":"Lake/Pond","area_acres":0.25,"elevation":null,"fcode":39004}},{"type":"Feature","geometry":{"type":"Polygon","coordinates":[[[-87.7305,36.32],[-87.7307,36.32],[-87.7308,36.3201],[-87.7305,36.32]]]},"properties":{"name":"Unnamed Lake (58826587)","layer":"nhd_lakes","waterbody_type":"Lake/Pond","area_acres":null,"elevation":null,"fcode":39004}},{"type":"Feature","geometry":{"type":"Polygon","coordinates":[[[-87.9139,36.4458],[-87.9129,36.4463],[-87.9125,36.4458],[-87.9139,36.4458]]]},"properties":{"name":"Unnamed Lake (59228573)","layer":"nhd_lakes","waterbody_type":"Lake/Pond","area_acres":1.48,"elevation":null,"fcode":39004}},{"type":"Feature","geometry":{"type":"Polygon","coordinates":[[[-87.9068,36.4293],[-87.9065,36.4294],[-87.9066,36.4291],[-87.9068,36.4293]]]},"properties":{"name":"Unnamed Lake (59228623)","layer":"nhd_lakes","waterbody_type":"Lake/Pond","area_acres":0.25,"elevation":null,"fcode":39004}},{"type":"Feature","geometry":{"type":"Polygon","coordinates":[[[-87.7358,36.5727],[-87.736,36.5726],[-87.7361,36.5727],[-87.7358,36.5727]]]},"properties":{"name":"Unnamed Lake (54405079)","layer":"nhd_lakes","waterbody_type":"Lake/Pond","area_acres":null,"elevation":null,"fcode":39004}},{"type":"Feature","geometry":{"type":"Polygon","coordinates":[[[-87.7416,36.5914],[-87.7413,36.5913],[-87.7414,36.591],[-87.7416,36.5914]]]},"properties":{"name":"Unnamed Lake (58823867)","layer":"nhd_lakes","waterbody_type":"Lake/Pond","area_acres":0.25,"elevation":null,"fcode":39004}},{"type":"Feature","geometry":{"type":"Polygon","coordinates":[[[-87.8116,36.5722],[-87.8115,36.5724],[-87.8115,36.5722],[-87.8116,36.5722]]]},"properties":{"name":"Unnamed Lake (58823951)","layer":"nhd_lakes","waterbody_type":"Lake/Pond","area_acres":null,"elevation":null,"fcode":39004}},{"type":"Feature","geometry":{"type":"Polygon","coordinates":[[[-87.6895,36.5232],[-87.6896,36.5231],[-87.6896,36.5233],[-87.6895,36.5232]]]},"properties":{"name":"Unnamed Lake (58824364)","layer":"nhd_lakes","waterbody_type":"Lake/Pond","area_acres":null,"elevation":null,"fcode":39004}},{"type":"Feature","geometry":{"type":"Polygon","coordinates":[[[-87.6736,36.5033],[-87.6738,36.5033],[-87.6739,36.5034],[-87.6736,36.5033]]]},"properties":{"name":"Unnamed Lake (58824600)","layer":"nhd_lakes","waterbody_type":"Lake/Pond","area_acres":null,"elevation":null,"fcode":39004}},{"type":"Feature","geometry":{"type":"Polygon","coordinates":[[[-87.6091,36.4607],[-87.6092,36.4608],[-87.6091,36.4608],[-87.6091,36.4607]]]},"properties":{"name":"Unnamed Lake (58825087)","layer":"nhd_lakes","waterbody_type":"Lake/Pond","area_acres":null,"elevation":null,"fcode":39004}},{"type":"Feature","geometry":{"type":"Polygon","coordinates":[[[-87.9127,36.4719],[-87.9128,36.4716],[-87.9131,36.4717],[-87.9127,36.4719]]]},"properties":{"name":"Unnamed Lake (58825207)","layer":"nhd_lakes","waterbody_type":"Lake/Pond","area_acres":0.25,"elevation":null,"fcode":39004}},{"type":"Feature","geometry":{"type":"Polygon","coordinates":[[[-87.5889,36.4433],[-87.589,36.4433],[-87.5889,36.4435],[-87.5889,36.4433]]]},"properties":{"name":"Unnamed Lake (58825284)","layer":"nhd_lakes","waterbody_type":"Lake/Pond","area_acres":null,"elevation":null,"fcode":39004}},{"type":"Feature","geometry":{"type":"Polygon","coordinates":[[[-87.6872,36.3925],[-87.6873,36.3926],[-87.6871,36.3926],[-87.6872,36.3925]]]},"properties":{"name":"Unnamed Lake (58825967)","layer":"nhd_lakes","waterbody_type":"Lake/Pond","area_acres":null,"elevation":null,"fcode":39004}},{"type":"Feature","geometry":{"type":"Polygon","coordinates":[[[-87.7622,36.3297],[-87.7623,36.33],[-87.762,36.3299],[-87.7622,36.3297]]]},"properties":{"name":"Unnamed Lake (59228851)","layer":"nhd_lakes","waterbody_type":"Lake/Pond","area_acres":0.25,"elevation":null,"fcode":39004}},{"type":"Feature","geometry":{"type":"Polygon","coordinates":[[[-87.6826,36.5487],[-87.6819,36.549],[-87.6821,36.5487],[-87.6826,36.5487]]]},"properties":{"name":"Unnamed Lake (54405496)","layer":"nhd_lakes","waterbody_type":"Lake/Pond","area_acres":0.49,"elevation":null,"fcode":39004}},{"type":"Feature","geometry":{"type":"Polygon","coordinates":[[[-87.784,36.5633],[-87.7837,36.5636],[-87.7837,36.5633],[-87.784,36.5633]]]},"properties":{"name":"Unnamed Lake (58823974)","layer":"nhd_lakes","waterbody_type":"Lake/Pond","area_acres":0.25,"elevation":null,"fcode":39004}},{"type":"Feature","geometry":{"type":"Polygon","coordinates":[[[-87.856,36.5616],[-87.8558,36.5614],[-87.8564,36.5611],[-87.856,36.5616]]]},"properties":{"name":"Unnamed Lake (58824032)","layer":"nhd_lakes","waterbody_type":"Lake/Pond","area_acres":0.25,"elevation":null,"fcode":39004}},{"type":"Feature","geometry":{"type":"Polygon","coordinates":[[[-87.8456,36.5606],[-87.8456,36.5605],[-87.8457,36.5605],[-87.8456,36.5606]]]},"properties":{"name":"Unnamed Lake (58824034)","layer":"nhd_lakes","waterbody_type":"Lake/Pond","area_acres":null,"elevation":null,"fcode":39004}},{"type":"Feature","geometry":{"type":"Polygon","coordinates":[[[-87.678,36.5474],[-87.6781,36.5472],[-87.6785,36.5474],[-87.678,36.5474]]]},"properties":{"name":"Unnamed Lake (58824050)","layer":"nhd_lakes","waterbody_type":"Lake/Pond","area_acres":0.25,"elevation":null,"fcode":39004}},{"type":"Feature","geometry":{"type":"Polygon","coordinates":[[[-87.7527,36.5515],[-87.7523,36.5514],[-87.7525,36.5512],[-87.7527,36.5515]]]},"properties":{"name":"Unnamed Lake (58824057)","layer":"nhd_lakes","waterbody_type":"Lake/Pond","area_acres":0.25,"elevation":null,"fcode":39004}},{"type":"Feature","geometry":{"type":"Polygon","coordinates":[[[-87.8825,36.5539],[-87.8835,36.5544],[-87.8815,36.5546],[-87.8825,36.5539]]]},"properties":{"name":"Unnamed Lake (58824141)","layer":"nhd_lakes","waterbody_type":"Lake/Pond","area_acres":1.24,"elevation":null,"fcode":39004}},{"type":"Feature","geometry":{"type":"Polygon","coordinates":[[[-87.7511,36.5321],[-87.751,36.5319],[-87.7512,36.5319],[-87.7511,36.5321]]]},"properties":{"name":"Unnamed Lake (58824298)","layer":"nhd_lakes","waterbody_type":"Lake/Pond","area_acres":null,"elevation":null,"fcode":39004}},{"type":"Feature","geometry":{"type":"Polygon","coordinates":[[[-87.5924,36.4938],[-87.5925,36.494],[-87.5924,36.4939],[-87.5924,36.4938]]]},"properties":{"name":"Unnamed Lake (58824656)","layer":"nhd_lakes","waterbody_type":"Lake/Pond","area_acres":null,"elevation":null,"fcode":39004}},{"type":"Feature","geometry":{"type":"Polygon","coordinates":[[[-87.5754,36.4773],[-87.5755,36.4774],[-87.5753,36.4776],[-87.5754,36.4773]]]},"properties":{"name":"Unnamed Lake (58824828)","layer":"nhd_lakes","waterbody_type":"Lake/Pond","area_acres":null,"elevation":null,"fcode":39004}},{"type":"Feature","geometry":{"type":"Polygon","coordinates":[[[-87.8875,36.443],[-87.8883,36.4426],[-87.8877,36.4431],[-87.8875,36.443]]]},"properties":{"name":"Unnamed Lake (58825529)","layer":"nhd_lakes","waterbody_type":"Lake/Pond","area_acres":0.49,"elevation":null,"fcode":39004}},{"type":"Feature","geometry":{"type":"Polygon","coordinates":[[[-87.8581,36.4198],[-87.8578,36.4201],[-87.8577,36.4199],[-87.8581,36.4198]]]},"properties":{"name":"Unnamed Lake (58825760)","layer":"nhd_lakes","waterbody_type":"Lake/Pond","area_acres":0.25,"elevation":null,"fcode":39004}},{"type":"Feature","geometry":{"type":"Polygon","coordinates":[[[-87.6816,36.407],[-87.6821,36.4072],[-87.6813,36.4077],[-87.6816,36.407]]]},"properties":{"name":"Unnamed Lake (58825769)","layer":"nhd_lakes","waterbody_type":"Lake/Pond","area_acres":0.99,"elevation":null,"fcode":39004}},{"type":"Feature","geometry":{"type":"Polygon","coordinates":[[[-87.6684,36.4035],[-87.6686,36.4037],[-87.6681,36.4036],[-87.6684,36.4035]]]},"properties":{"name":"Unnamed Lake (58825819)","layer":"nhd_lakes","waterbody_type":"Lake/Pond","area_acres":0.25,"elevation":null,"fcode":39004}},{"type":"Feature","geometry":{"type":"Polygon","coordinates":[[[-87.6091,36.3965],[-87.6092,36.3966],[-87.6092,36.3967],[-87.6091,36.3965]]]},"properties":{"name":"Unnamed Lake (58825865)","layer":"nhd_lakes","waterbody_type":"Lake/Pond","area_acres":null,"elevation":null,"fcode":39004}},{"type":"Feature","geometry":{"type":"Polygon","coordinates":[[[-87.6091,36.3791],[-87.6091,36.3793],[-87.609,36.3792],[-87.6091,36.3791]]]},"properties":{"name":"Unnamed Lake (58826012)","layer":"nhd_lakes","waterbody_type":"Lake/Pond","area_acres":null,"elevation":null,"fcode":39004}},{"type":"Feature","geometry":{"type":"Polygon","coordinates":[[[-87.6861,36.55],[-87.6865,36.5499],[-87.6865,36.55],[-87.6861,36.55]]]},"properties":{"name":"Unnamed Lake (54405483)","layer":"nhd_lakes","waterbody_type":"Lake/Pond","area_acres":0.25,"elevation":null,"fcode":39004}},{"type":"Feature","geometry":{"type":"Polygon","coordinates":[[[-87.8954,36.5331],[-87.8955,36.5334],[-87.8953,36.5335],[-87.8954,36.5331]]]},"properties":{"name":"Unnamed Lake (58824412)","layer":"nhd_lakes","waterbody_type":"Lake/Pond","area_acres":0.25,"elevation":null,"fcode":39004}},{"type":"Feature","geometry":{"type":"Polygon","coordinates":[[[-87.6781,36.5105],[-87.6781,36.5107],[-87.6779,36.5107],[-87.6781,36.5105]]]},"properties":{"name":"Unnamed Lake (58824516)","layer":"nhd_lakes","waterbody_type":"Lake/Pond","area_acres":0.25,"elevation":null,"fcode":39004}},{"type":"Feature","geometry":{"type":"Polygon","coordinates":[[[-87.8003,36.5112],[-87.8001,36.5111],[-87.8002,36.5109],[-87.8003,36.5112]]]},"properties":{"name":"Unnamed Lake (58824617)","layer":"nhd_lakes","waterbody_type":"Lake/Pond","area_acres":null,"elevation":null,"fcode":39004}},{"type":"Feature","geometry":{"type":"Polygon","coordinates":[[[-87.6985,36.4767],[-87.6989,36.477],[-87.6983,36.4772],[-87.6985,36.4767]]]},"properties":{"name":"Unnamed Lake (58824952)","layer":"nhd_lakes","waterbody_type":"Lake/Pond","area_acres":0.49,"elevation":null,"fcode":39004}},{"type":"Feature","geometry":{"type":"Polygon","coordinates":[[[-87.7122,36.4445],[-87.7121,36.4443],[-87.7124,36.4443],[-87.7122,36.4445]]]},"properties":{"name":"Unnamed Lake (58825385)","layer":"nhd_lakes","waterbody_type":"Lake/Pond","area_acres":0.25,"elevation":null,"fcode":39004}},{"type":"Feature","geometry":{"type":"Polygon","coordinates":[[[-87.595,36.427],[-87.595,36.4272],[-87.5949,36.4272],[-87.595,36.427]]]},"properties":{"name":"Unnamed Lake (58825475)","layer":"nhd_lakes","waterbody_type":"Lake/Pond","area_acres":null,"elevation":null,"fcode":39004}},{"type":"Feature","geometry":{"type":"Polygon","coordinates":[[[-87.6602,36.4025],[-87.6604,36.4028],[-87.6603,36.403],[-87.6602,36.4025]]]},"properties":{"name":"Unnamed Lake (58825823)","layer":"nhd_lakes","waterbody_type":"Lake/Pond","area_acres":0.25,"elevation":null,"fcode":39004}},{"type":"Feature","geometry":{"type":"Polygon","coordinates":[[[-87.8714,36.4097],[-87.8714,36.4102],[-87.8707,36.4103],[-87.8714,36.4097]]]},"properties":{"name":"Unnamed Lake (59228670)","layer":"nhd_lakes","waterbody_type":"Lake/Pond","area_acres":0.74,"elevation":null,"fcode":39004}},{"type":"Feature","geometry":{"type":"Polygon","coordinates":[[[-87.7671,36.3484],[-87.7671,36.3488],[-87.7665,36.3487],[-87.7671,36.3484]]]},"properties":{"name":"Unnamed Lake (59228814)","layer":"nhd_lakes","waterbody_type":"Lake/Pond","area_acres":0.49,"elevation":null,"fcode":39004}},{"type":"Feature","geometry":{"type":"Polygon","coordinates":[[[-87.608,36.5385],[-87.6078,36.5386],[-87.6077,36.5384],[-87.608,36.5385]]]},"properties":{"name":"Unnamed Lake (54405636)","layer":"nhd_lakes","waterbody_type":"Lake/Pond","area_acres":null,"elevation":null,"fcode":39004}},{"type":"Feature","geometry":{"type":"Polygon","coordinates":[[[-87.785,36.5653],[-87.7849,36.5654],[-87.7847,36.5654],[-87.785,36.5653]]]},"properties":{"name":"Unnamed Lake (58823965)","layer":"nhd_lakes","waterbody_type":"Lake/Pond","area_acres":null,"elevation":null,"fcode":39004}},{"type":"Feature","geometry":{"type":"Polygon","coordinates":[[[-87.7857,36.5606],[-87.7857,36.5609],[-87.7851,36.5606],[-87.7857,36.5606]]]},"properties":{"name":"Unnamed Lake (58823995)","layer":"nhd_lakes","waterbody_type":"Lake/Pond","area_acres":0.25,"elevation":null,"fcode":39004}},{"type":"Feature","geometry":{"type":"Polygon","coordinates":[[[-87.7005,36.5476],[-87.7006,36.5475],[-87.7008,36.5476],[-87.7005,36.5476]]]},"properties":{"name":"Unnamed Lake (58824063)","layer":"nhd_lakes","waterbody_type":"Lake/Pond","area_acres":null,"elevation":null,"fcode":39004}},{"type":"Feature","geometry":{"type":"Polygon","coordinates":[[[-87.8492,36.5242],[-87.849,36.5242],[-87.849,36.5241],[-87.8492,36.5242]]]},"properties":{"name":"Unnamed Lake (58824494)","layer":"nhd_lakes","waterbody_type":"Lake/Pond","area_acres":null,"elevation":null,"fcode":39004}},{"type":"Feature","geometry":{"type":"Polygon","coordinates":[[[-87.6764,36.4843],[-87.6765,36.4844],[-87.6763,36.4845],[-87.6764,36.4843]]]},"properties":{"name":"Unnamed Lake (58824835)","layer":"nhd_lakes","waterbody_type":"Lake/Pond","area_acres":null,"elevation":null,"fcode":39004}},{"type":"Feature","geometry":{"type":"Polygon","coordinates":[[[-87.5858,36.4527],[-87.586,36.4528],[-87.5859,36.4529],[-87.5858,36.4527]]]},"properties":{"name":"Unnamed Lake (58825167)","layer":"nhd_lakes","waterbody_type":"Lake/Pond","area_acres":null,"elevation":null,"fcode":39004}},{"type":"Feature","geometry":{"type":"Polygon","coordinates":[[[-87.7507,36.4559],[-87.7513,36.4565],[-87.75,36.4575],[-87.7507,36.4559]]]},"properties":{"name":"Unnamed Lake (58825260)","layer":"nhd_lakes","waterbody_type":"Lake/Pond","area_acres":2.72,"elevation":null,"fcode":39004}},{"type":"Feature","geometry":{"type":"Polygon","coordinates":[[[-87.5948,36.4286],[-87.5949,36.4287],[-87.5946,36.4289],[-87.5948,36.4286]]]},"properties":{"name":"Unnamed Lake (58825456)","layer":"nhd_lakes","waterbody_type":"Lake/Pond","area_acres":null,"elevation":null,"fcode":39004}},{"type":"Feature","geometry":{"type":"Polygon","coordinates":[[[-87.5914,36.4041],[-87.5916,36.4044],[-87.5913,36.4045],[-87.5914,36.4041]]]},"properties":{"name":"Unnamed Lake (58825720)","layer":"nhd_lakes","waterbody_type":"Lake/Pond","area_acres":0.25,"elevation":null,"fcode":39004}},{"type":"Feature","geometry":{"type":"Polygon","coordinates":[[[-87.6782,36.4032],[-87.6784,36.4029],[-87.6788,36.403],[-87.6782,36.4032]]]},"properties":{"name":"Unnamed Lake (58825839)","layer":"nhd_lakes","waterbody_type":"Lake/Pond","area_acres":0.25,"elevation":null,"fcode":39004}},{"type":"Feature","geometry":{"type":"Polygon","coordinates":[[[-87.6923,36.5485],[-87.6923,36.5482],[-87.6928,36.5482],[-87.6923,36.5485]]]},"properties":{"name":"Unnamed Lake (54405544)","layer":"nhd_lakes","waterbody_type":"Lake/Pond","area_acres":0.51,"elevation":null,"fcode":39004}},{"type":"Feature","geometry":{"type":"Polygon","coordinates":[[[-87.7051,36.5446],[-87.705,36.5447],[-87.7049,36.5445],[-87.7051,36.5446]]]},"properties":{"name":"Unnamed Lake (58824109)","layer":"nhd_lakes","waterbody_type":"Lake/Pond","area_acres":null,"elevation":null,"fcode":39004}},{"type":"Feature","geometry":{"type":"Polygon","coordinates":[[[-87.7932,36.5431],[-87.7931,36.5427],[-87.7934,36.5428],[-87.7932,36.5431]]]},"properties":{"name":"Unnamed Lake (58824207)","layer":"nhd_lakes","waterbody_type":"Lake/Pond","area_acres":0.25,"elevation":null,"fcode":39004}},{"type":"Feature","geometry":{"type":"Polygon","coordinates":[[[-87.6705,36.5319],[-87.6707,36.5321],[-87.6705,36.532],[-87.6705,36.5319]]]},"properties":{"name":"Unnamed Lake (58824234)","layer":"nhd_lakes","waterbody_type":"Lake/Pond","area_acres":null,"elevation":null,"fcode":39004}},{"type":"Feature","geometry":{"type":"Polygon","coordinates":[[[-87.6034,36.5156],[-87.6031,36.5156],[-87.6033,36.5155],[-87.6034,36.5156]]]},"properties":{"name":"Unnamed Lake (58824386)","layer":"nhd_lakes","waterbody_type":"Lake/Pond","area_acres":null,"elevation":null,"fcode":39004}},{"type":"Feature","geometry":{"type":"Polygon","coordinates":[[[-87.8841,36.5254],[-87.8855,36.5255],[-87.8871,36.5301],[-87.8841,36.5254]]]},"properties":{"name":"Rawls Pond","layer":"nhd_lakes","waterbody_type":"Lake/Pond","area_acres":13.1,"elevation":null,"fcode":39004}},{"type":"Feature","geometry":{"type":"Polygon","coordinates":[[[-87.7221,36.5136],[-87.7221,36.5135],[-87.7223,36.5135],[-87.7221,36.5136]]]},"properties":{"name":"Unnamed Lake (58824520)","layer":"nhd_lakes","waterbody_type":"Lake/Pond","area_acres":null,"elevation":null,"fcode":39004}},{"type":"Feature","geometry":{"type":"Polygon","coordinates":[[[-87.5737,36.4619],[-87.5738,36.462],[-87.5737,36.4621],[-87.5737,36.4619]]]},"properties":{"name":"Unnamed Lake (58825036)","layer":"nhd_lakes","waterbody_type":"Lake/Pond","area_acres":null,"elevation":null,"fcode":39004}},{"type":"Feature","geometry":{"type":"Polygon","coordinates":[[[-87.6839,36.4003],[-87.684,36.4005],[-87.6839,36.4005],[-87.6839,36.4003]]]},"properties":{"name":"Unnamed Lake (58825879)","layer":"nhd_lakes","waterbody_type":"Lake/Pond","area_acres":null,"elevation":null,"fcode":39004}},{"type":"Feature","geometry":{"type":"Polygon","coordinates":[[[-87.6075,36.3765],[-87.6077,36.3767],[-87.6072,36.3768],[-87.6075,36.3765]]]},"properties":{"name":"Unnamed Lake (58826034)","layer":"nhd_lakes","waterbody_type":"Lake/Pond","area_acres":0.25,"elevation":null,"fcode":39004}},{"type":"Feature","geometry":{"type":"Polygon","coordinates":[[[-87.9181,36.4499],[-87.9179,36.4506],[-87.9178,36.4499],[-87.9181,36.4499]]]},"properties":{"name":"Cottrell Ponds","layer":"nhd_lakes","waterbody_type":"Lake/Pond","area_acres":0.74,"elevation":null,"fcode":39004}},{"type":"Feature","geometry":{"type":"Polygon","coordinates":[[[-87.7356,36.5774],[-87.7358,36.5774],[-87.7358,36.5776],[-87.7356,36.5774]]]},"properties":{"name":"Unnamed Lake (54404975)","layer":"nhd_lakes","waterbody_type":"Lake/Pond","area_acres":0.25,"elevation":null,"fcode":39004}},{"type":"Feature","geometry":{"type":"Polygon","coordinates":[[[-87.6907,36.5498],[-87.6904,36.5498],[-87.6905,36.5497],[-87.6907,36.5498]]]},"properties":{"name":"Unnamed Lake (54405491)","layer":"nhd_lakes","waterbody_type":"Lake/Pond","area_acres":0.13,"elevation":null,"fcode":39004}},{"type":"Feature","geometry":{"type":"Polygon","coordinates":[[[-87.6083,36.5416],[-87.608,36.5413],[-87.6081,36.5412],[-87.6083,36.5416]]]},"properties":{"name":"Unnamed Lake (54405568)","layer":"nhd_lakes","waterbody_type":"Lake/Pond","area_acres":0.12,"elevation":null,"fcode":39004}},{"type":"Feature","geometry":{"type":"Polygon","coordinates":[[[-87.7188,36.5504],[-87.719,36.5502],[-87.719,36.5504],[-87.7188,36.5504]]]},"properties":{"name":"Unnamed Lake (58824048)","layer":"nhd_lakes","waterbody_type":"Lake/Pond","area_acres":null,"elevation":null,"fcode":39004}},{"type":"Feature","geometry":{"type":"Polygon","coordinates":[[[-87.8706,36.5496],[-87.8706,36.5495],[-87.8708,36.5495],[-87.8706,36.5496]]]},"properties":{"name":"Unnamed Lake (58824197)","layer":"nhd_lakes","waterbody_type":"Lake/Pond","area_acres":null,"elevation":null,"fcode":39004}},{"type":"Feature","geometry":{"type":"Polygon","coordinates":[[[-87.8032,36.5391],[-87.803,36.5392],[-87.803,36.5391],[-87.8032,36.5391]]]},"properties":{"name":"Unnamed Lake (58824256)","layer":"nhd_lakes","waterbody_type":"Lake/Pond","area_acres":null,"elevation":null,"fcode":39004}},{"type":"Feature","geometry":{"type":"Polygon","coordinates":[[[-87.689,36.527],[-87.6885,36.5271],[-87.6887,36.5268],[-87.689,36.527]]]},"properties":{"name":"Unnamed Lake (58824304)","layer":"nhd_lakes","waterbody_type":"Lake/Pond","area_acres":0.25,"elevation":null,"fcode":39004}},{"type":"Feature","geometry":{"type":"Polygon","coordinates":[[[-87.579,36.4999],[-87.5791,36.4999],[-87.579,36.5],[-87.579,36.4999]]]},"properties":{"name":"Unnamed Lake (58824568)","layer":"nhd_lakes","waterbody_type":"Lake/Pond","area_acres":null,"elevation":null,"fcode":39004}},{"type":"Feature","geometry":{"type":"Polygon","coordinates":[[[-87.892,36.5121],[-87.8916,36.512],[-87.8921,36.5118],[-87.892,36.5121]]]},"properties":{"name":"Unnamed Lake (58824698)","layer":"nhd_lakes","waterbody_type":"Lake/Pond","area_acres":0.25,"elevation":null,"fcode":39004}},{"type":"Feature","geometry":{"type":"Polygon","coordinates":[[[-87.5827,36.4674],[-87.5827,36.4675],[-87.5826,36.4674],[-87.5827,36.4674]]]},"properties":{"name":"Unnamed Lake (58824969)","layer":"nhd_lakes","waterbody_type":"Lake/Pond","area_acres":null,"elevation":null,"fcode":39004}},{"type":"Feature","geometry":{"type":"Polygon","coordinates":[[[-87.7473,36.4624],[-87.7472,36.4625],[-87.7478,36.4613],[-87.7473,36.4624]]]},"properties":{"name":"Lake Barkley","layer":"nhd_lakes","waterbody_type":"Lake/Pond","area_acres":0.49,"elevation":110.9,"fcode":39009}},{"type":"Feature","geometry":{"type":"Polygon","coordinates":[[[-87.7519,36.4594],[-87.7523,36.4595],[-87.7518,36.4599],[-87.7519,36.4594]]]},"properties":{"name":"Unnamed Lake (58825222)","layer":"nhd_lakes","waterbody_type":"Lake/Pond","area_acres":0.25,"elevation":null,"fcode":39004}},{"type":"Feature","geometry":{"type":"Polygon","coordinates":[[[-87.6026,36.4362],[-87.6028,36.4363],[-87.6027,36.4363],[-87.6026,36.4362]]]},"properties":{"name":"Unnamed Lake (58825391)","layer":"nhd_lakes","waterbody_type":"Lake/Pond","area_acres":null,"elevation":null,"fcode":39004}},{"type":"Feature","geometry":{"type":"Polygon","coordinates":[[[-87.6395,36.4305],[-87.6396,36.4306],[-87.6394,36.4306],[-87.6395,36.4305]]]},"properties":{"name":"Unnamed Lake (58825470)","layer":"nhd_lakes","waterbody_type":"Lake/Pond","area_acres":null,"elevation":null,"fcode":39004}},{"type":"Feature","geometry":{"type":"Polygon","coordinates":[[[-87.6235,36.3627],[-87.6236,36.3628],[-87.6234,36.3628],[-87.6235,36.3627]]]},"properties":{"name":"Unnamed Lake (58826144)","layer":"nhd_lakes","waterbody_type":"Lake/Pond","area_acres":null,"elevation":null,"fcode":39004}},{"type":"Feature","geometry":{"type":"Polygon","coordinates":[[[-87.6829,36.3512],[-87.683,36.3509],[-87.6833,36.3512],[-87.6829,36.3512]]]},"properties":{"name":"Unnamed Lake (58826256)","layer":"nhd_lakes","waterbody_type":"Lake/Pond","area_acres":0.25,"elevation":null,"fcode":39004}},{"type":"Feature","geometry":{"type":"Polygon","coordinates":[[[-87.7068,36.5871],[-87.7069,36.5873],[-87.7065,36.5873],[-87.7068,36.5871]]]},"properties":{"name":"Unnamed Lake (54404656)","layer":"nhd_lakes","waterbody_type":"Lake/Pond","area_acres":0.25,"elevation":null,"fcode":39004}},{"type":"Feature","geometry":{"type":"Polygon","coordinates":[[[-87.7576,36.5774],[-87.7574,36.5777],[-87.7574,36.5774],[-87.7576,36.5774]]]},"properties":{"name":"Unnamed Lake (58823898)","layer":"nhd_lakes","waterbody_type":"Lake/Pond","area_acres":0.25,"elevation":null,"fcode":39004}},{"type":"Feature","geometry":{"type":"Polygon","coordinates":[[[-87.7993,36.5757],[-87.7991,36.5757],[-87.7993,36.5756],[-87.7993,36.5757]]]},"properties":{"name":"Unnamed Lake (58823921)","layer":"nhd_lakes","waterbody_type":"Lake/Pond","area_acres":null,"elevation":null,"fcode":39004}},{"type":"Feature","geometry":{"type":"Polygon","coordinates":[[[-87.8116,36.5334],[-87.8113,36.5334],[-87.8112,36.5333],[-87.8116,36.5334]]]},"properties":{"name":"Unnamed Lake (58824329)","layer":"nhd_lakes","waterbody_type":"Lake/Pond","area_acres":null,"elevation":null,"fcode":39004}},{"type":"Feature","geometry":{"type":"Polygon","coordinates":[[[-87.8684,36.5371],[-87.8685,36.537],[-87.8686,36.5371],[-87.8684,36.5371]]]},"properties":{"name":"Unnamed Lake (58824334)","layer":"nhd_lakes","waterbody_type":"Lake/Pond","area_acres":null,"elevation":null,"fcode":39004}},{"type":"Feature","geometry":{"type":"Polygon","coordinates":[[[-87.6629,36.5186],[-87.6627,36.5184],[-87.663,36.5183],[-87.6629,36.5186]]]},"properties":{"name":"Unnamed Lake (58824400)","layer":"nhd_lakes","waterbody_type":"Lake/Pond","area_acres":0.25,"elevation":null,"fcode":39001}},{"type":"Feature","geometry":{"type":"Polygon","coordinates":[[[-87.6312,36.4506],[-87.6316,36.4506],[-87.6314,36.4508],[-87.6312,36.4506]]]},"properties":{"name":"Unnamed Lake (58825235)","layer":"nhd_lakes","waterbody_type":"Lake/Pond","area_acres":0.25,"elevation":null,"fcode":39004}},{"type":"Feature","geometry":{"type":"Polygon","coordinates":[[[-87.6823,36.4513],[-87.6824,36.4514],[-87.6823,36.4514],[-87.6823,36.4513]]]},"properties":{"name":"Unnamed Lake (58825270)","layer":"nhd_lakes","waterbody_type":"Lake/Pond","area_acres":null,"elevation":null,"fcode":39004}},{"type":"Feature","geometry":{"type":"Polygon","coordinates":[[[-87.6466,36.4441],[-87.6466,36.4443],[-87.6464,36.4443],[-87.6466,36.4441]]]},"properties":{"name":"Unnamed Lake (58825324)","layer":"nhd_lakes","waterbody_type":"Lake/Pond","area_acres":null,"elevation":null,"fcode":39004}},{"type":"Feature","geometry":{"type":"Polygon","coordinates":[[[-87.7147,36.4476],[-87.7182,36.4485],[-87.7207,36.4452],[-87.7215,36.4483],[-87.7171,36.4504],[-87.7116,36.4458],[-87.7147,36.4476]]]},"properties":{"name":"Lake Barkley","layer":"nhd_lakes","waterbody_type":"Lake/Pond","area_acres":28.42,"elevation":null,"fcode":39004}},{"type":"Feature","geometry":{"type":"Polygon","coordinates":[[[-87.8133,36.4446],[-87.8134,36.4448],[-87.8132,36.4451],[-87.8133,36.4446]]]},"properties":{"name":"Unnamed Lake (58825442)","layer":"nhd_lakes","waterbody_type":"Lake/Pond","area_acres":0.25,"elevation":null,"fcode":39004}},{"type":"Feature","geometry":{"type":"Polygon","coordinates":[[[-87.6733,36.4338],[-87.6733,36.434],[-87.6727,36.4339],[-87.6733,36.4338]]]},"properties":{"name":"Unnamed Lake (58825462)","layer":"nhd_lakes","waterbody_type":"Lake/Pond","area_acres":0.49,"elevation":null,"fcode":39004}},{"type":"Feature","geometry":{"type":"Polygon","coordinates":[[[-87.8145,36.4418],[-87.8147,36.442],[-87.8144,36.4421],[-87.8145,36.4418]]]},"properties":{"name":"Unnamed Lake (58825478)","layer":"nhd_lakes","waterbody_type":"Lake/Pond","area_acres":0.25,"elevation":null,"fcode":39004}},{"type":"Feature","geometry":{"type":"Polygon","coordinates":[[[-87.5903,36.4081],[-87.5904,36.4081],[-87.5903,36.4082],[-87.5903,36.4081]]]},"properties":{"name":"Unnamed Lake (58825673)","layer":"nhd_lakes","waterbody_type":"Lake/Pond","area_acres":null,"elevation":null,"fcode":39004}},{"type":"Feature","geometry":{"type":"Polygon","coordinates":[[[-87.6396,36.4048],[-87.6397,36.405],[-87.6396,36.405],[-87.6396,36.4048]]]},"properties":{"name":"Unnamed Lake (58825764)","layer":"nhd_lakes","waterbody_type":"Lake/Pond","area_acres":null,"elevation":null,"fcode":39004}},{"type":"Feature","geometry":{"type":"Polygon","coordinates":[[[-87.627,36.376],[-87.6278,36.3765],[-87.6271,36.3767],[-87.627,36.376]]]},"properties":{"name":"Unnamed Lake (58826044)","layer":"nhd_lakes","waterbody_type":"Lake/Pond","area_acres":0.99,"elevation":null,"fcode":39004}},{"type":"Feature","geometry":{"type":"Polygon","coordinates":[[[-87.8626,36.4106],[-87.8627,36.411],[-87.8623,36.4113],[-87.8626,36.4106]]]},"properties":{"name":"Unnamed Lake (59228666)","layer":"nhd_lakes","waterbody_type":"Lake/Pond","area_acres":0.74,"elevation":null,"fcode":39004}},{"type":"Feature","geometry":{"type":"Polygon","coordinates":[[[-87.7647,36.3216],[-87.762,36.322],[-87.7641,36.3209],[-87.7647,36.3216]]]},"properties":{"name":"Unnamed Lake (59228872)","layer":"nhd_lakes","waterbody_type":"Lake/Pond","area_acres":4.25,"elevation":null,"fcode":39004}},{"type":"Feature","geometry":{"type":"Polygon","coordinates":[[[-87.7551,36.549],[-87.7553,36.5492],[-87.7551,36.5492],[-87.7551,36.549]]]},"properties":{"name":"Unnamed Lake (58824094)","layer":"nhd_lakes","waterbody_type":"Lake/Pond","area_acres":null,"elevation":null,"fcode":39004}},{"type":"Feature","geometry":{"type":"Polygon","coordinates":[[[-87.7728,36.5445],[-87.7727,36.5447],[-87.7726,36.5447],[-87.7728,36.5445]]]},"properties":{"name":"Unnamed Lake (58824175)","layer":"nhd_lakes","waterbody_type":"Lake/Pond","area_acres":null,"elevation":null,"fcode":39004}},{"type":"Feature","geometry":{"type":"Polygon","coordinates":[[[-87.6318,36.5205],[-87.6319,36.5201],[-87.6324,36.5203],[-87.6318,36.5205]]]},"properties":{"name":"Unnamed Lake (58824342)","layer":"nhd_lakes","waterbody_type":"Lake/Pond","area_acres":0.49,"elevation":null,"fcode":39004}},{"type":"Feature","geometry":{"type":"Polygon","coordinates":[[[-87.8553,36.5309],[-87.8556,36.531],[-87.8554,36.5311],[-87.8553,36.5309]]]},"properties":{"name":"Unnamed Lake (58824408)","layer":"nhd_lakes","waterbody_type":"Lake/Pond","area_acres":null,"elevation":null,"fcode":39004}},{"type":"Feature","geometry":{"type":"Polygon","coordinates":[[[-87.7557,36.5069],[-87.7555,36.5067],[-87.7557,36.5067],[-87.7557,36.5069]]]},"properties":{"name":"Unnamed Lake (58824639)","layer":"nhd_lakes","waterbody_type":"Lake/Pond","area_acres":null,"elevation":null,"fcode":39004}},{"type":"Feature","geometry":{"type":"Polygon","coordinates":[[[-87.7916,36.4963],[-87.7924,36.4986],[-87.7867,36.4984],[-87.7916,36.4963]]]},"properties":{"name":"Lake Barkley","layer":"nhd_lakes","waterbody_type":"Lake/Pond","area_acres":22.24,"elevation":null,"fcode":39004}},{"type":"Feature","geometry":{"type":"Polygon","coordinates":[[[-87.7892,36.4912],[-87.7894,36.4915],[-87.7889,36.4916],[-87.7892,36.4912]]]},"properties":{"name":"Unnamed Lake (58824842)","layer":"nhd_lakes","waterbody_type":"Lake/Pond","area_acres":0.25,"elevation":null,"fcode":39004}},{"type":"Feature","geometry":{"type":"Polygon","coordinates":[[[-87.6662,36.4746],[-87.6664,36.475],[-87.6658,36.4751],[-87.6662,36.4746]]]},"properties":{"name":"Unnamed Lake (58824949)","layer":"nhd_lakes","waterbody_type":"Lake/Pond","area_acres":0.49,"elevation":null,"fcode":39004}},{"type":"Feature","geometry":{"type":"Polygon","coordinates":[[[-87.5869,36.4484],[-87.587,36.4484],[-87.5869,36.4486],[-87.5869,36.4484]]]},"properties":{"name":"Unnamed Lake (58825219)","layer":"nhd_lakes","waterbody_type":"Lake/Pond","area_acres":null,"elevation":null,"fcode":39004}},{"type":"Feature","geometry":{"type":"Polygon","coordinates":[[[-87.6794,36.4453],[-87.6795,36.4454],[-87.6793,36.4453],[-87.6794,36.4453]]]},"properties":{"name":"Unnamed Lake (58825345)","layer":"nhd_lakes","waterbody_type":"Lake/Pond","area_acres":null,"elevation":null,"fcode":39004}},{"type":"Feature","geometry":{"type":"Polygon","coordinates":[[[-87.9033,36.4532],[-87.9029,36.453],[-87.9033,36.4527],[-87.9033,36.4532]]]},"properties":{"name":"Unnamed Lake (58825423)","layer":"nhd_lakes","waterbody_type":"Lake/Pond","area_acres":0.49,"elevation":null,"fcode":39004}},{"type":"Feature","geometry":{"type":"Polygon","coordinates":[[[-87.6822,36.4044],[-87.6823,36.4042],[-87.6825,36.4043],[-87.6822,36.4044]]]},"properties":{"name":"Unnamed Lake (58825825)","layer":"nhd_lakes","waterbody_type":"Lake/Pond","area_acres":0.25,"elevation":null,"fcode":39004}},{"type":"Feature","geometry":{"type":"Polygon","coordinates":[[[-87.6768,36.4017],[-87.6766,36.4019],[-87.6765,36.4018],[-87.6768,36.4017]]]},"properties":{"name":"Unnamed Lake (58825857)","layer":"nhd_lakes","waterbody_type":"Lake/Pond","area_acres":0.25,"elevation":null,"fcode":39004}},{"type":"Feature","geometry":{"type":"Polygon","coordinates":[[[-87.6885,36.3949],[-87.6885,36.3952],[-87.6883,36.3952],[-87.6885,36.3949]]]},"properties":{"name":"Unnamed Lake (58825941)","layer":"nhd_lakes","waterbody_type":"Lake/Pond","area_acres":0.25,"elevation":null,"fcode":39004}},{"type":"Feature","geometry":{"type":"Polygon","coordinates":[[[-87.9001,36.4288],[-87.9,36.4286],[-87.9004,36.4286],[-87.9001,36.4288]]]},"properties":{"name":"Unnamed Lake (59228624)","layer":"nhd_lakes","waterbody_type":"Lake/Pond","area_acres":0.25,"elevation":null,"fcode":39004}},{"type":"Feature","geometry":{"type":"Polygon","coordinates":[[[-87.7726,36.3248],[-87.7727,36.325],[-87.7723,36.3254],[-87.7726,36.3248]]]},"properties":{"name":"Unnamed Lake (59228865)","layer":"nhd_lakes","waterbody_type":"Lake/Pond","area_acres":0.49,"elevation":null,"fcode":39004}},{"type":"Feature","geometry":{"type":"Polygon","coordinates":[[[-87.7766,36.5783],[-87.7767,36.5788],[-87.7762,36.5784],[-87.7766,36.5783]]]},"properties":{"name":"Unnamed Lake (58823899)","layer":"nhd_lakes","waterbody_type":"Lake/Pond","area_acres":0.49,"elevation":null,"fcode":39004}},{"type":"Feature","geometry":{"type":"Polygon","coordinates":[[[-87.7547,36.5742],[-87.7546,36.574],[-87.7547,36.574],[-87.7547,36.5742]]]},"properties":{"name":"Unnamed Lake (58823912)","layer":"nhd_lakes","waterbody_type":"Lake/Pond","area_acres":null,"elevation":null,"fcode":39004}},{"type":"Feature","geometry":{"type":"Polygon","coordinates":[[[-87.7922,36.5752],[-87.7922,36.5753],[-87.7921,36.5753],[-87.7922,36.5752]]]},"properties":{"name":"Unnamed Lake (58823920)","layer":"nhd_lakes","waterbody_type":"Lake/Pond","area_acres":null,"elevation":null,"fcode":39004}},{"type":"Feature","geometry":{"type":"Polygon","coordinates":[[[-87.725,36.5573],[-87.7253,36.5572],[-87.7252,36.5574],[-87.725,36.5573]]]},"properties":{"name":"Unnamed Lake (58823987)","layer":"nhd_lakes","waterbody_type":"Lake/Pond","area_acres":0.25,"elevation":null,"fcode":39004}},{"type":"Feature","geometry":{"type":"Polygon","coordinates":[[[-87.6345,36.5235],[-87.6342,36.5233],[-87.6349,36.523],[-87.6345,36.5235]]]},"properties":{"name":"Unnamed Lake (58824303)","layer":"nhd_lakes","waterbody_type":"Lake/Pond","area_acres":0.49,"elevation":null,"fcode":39004}},{"type":"Feature","geometry":{"type":"Polygon","coordinates":[[[-87.8993,36.53],[-87.8993,36.5298],[-87.8995,36.5299],[-87.8993,36.53]]]},"properties":{"name":"Unnamed Lake (58824462)","layer":"nhd_lakes","waterbody_type":"Lake/Pond","area_acres":0.25,"elevation":null,"fcode":39004}},{"type":"Feature","geometry":{"type":"Polygon","coordinates":[[[-87.7047,36.4689],[-87.7049,36.4691],[-87.7045,36.4692],[-87.7047,36.4689]]]},"properties":{"name":"Unnamed Lake (58825062)","layer":"nhd_lakes","waterbody_type":"Lake/Pond","area_acres":0.25,"elevation":null,"fcode":39004}},{"type":"Feature","geometry":{"type":"Polygon","coordinates":[[[-87.6756,36.4352],[-87.6757,36.4353],[-87.6755,36.4353],[-87.6756,36.4352]]]},"properties":{"name":"Unnamed Lake (58825445)","layer":"nhd_lakes","waterbody_type":"Lake/Pond","area_acres":null,"elevation":null,"fcode":39004}},{"type":"Feature","geometry":{"type":"Polygon","coordinates":[[[-87.6143,36.4222],[-87.6143,36.4224],[-87.6141,36.4223],[-87.6143,36.4222]]]},"properties":{"name":"Unnamed Lake (58825547)","layer":"nhd_lakes","waterbody_type":"Lake/Pond","area_acres":null,"elevation":null,"fcode":39004}},{"type":"Feature","geometry":{"type":"Polygon","coordinates":[[[-87.6715,36.4074],[-87.6715,36.4077],[-87.6713,36.4076],[-87.6715,36.4074]]]},"properties":{"name":"Unnamed Lake (58825752)","layer":"nhd_lakes","waterbody_type":"Lake/Pond","area_acres":null,"elevation":null,"fcode":39004}},{"type":"Feature","geometry":{"type":"Polygon","coordinates":[[[-87.8922,36.4446],[-87.8921,36.4443],[-87.8924,36.4442],[-87.8922,36.4446]]]},"properties":{"name":"Unnamed Lake (59228572)","layer":"nhd_lakes","waterbody_type":"Lake/Pond","area_acres":0.25,"elevation":null,"fcode":39004}},{"type":"Feature","geometry":{"type":"Polygon","coordinates":[[[-87.844,36.349],[-87.8442,36.3492],[-87.8437,36.3493],[-87.844,36.349]]]},"properties":{"name":"Unnamed Lake (59228826)","layer":"nhd_lakes","waterbody_type":"Lake/Pond","area_acres":0.25,"elevation":null,"fcode":39004}},{"type":"Feature","geometry":{"type":"Polygon","coordinates":[[[-87.7553,36.3295],[-87.7556,36.3293],[-87.7556,36.3295],[-87.7553,36.3295]]]},"properties":{"name":"Unnamed Lake (59228852)","layer":"nhd_lakes","waterbody_type":"Lake/Pond","area_acres":0.25,"elevation":null,"fcode":39004}},{"type":"Feature","geometry":{"type":"Polygon","coordinates":[[[-87.78,36.3282],[-87.7801,36.3283],[-87.78,36.3285],[-87.78,36.3282]]]},"properties":{"name":"Unnamed Lake (59228858)","layer":"nhd_lakes","waterbody_type":"Lake/Pond","area_acres":0.25,"elevation":null,"fcode":39004}},{"type":"Feature","geometry":{"type":"Polygon","coordinates":[[[-87.7383,36.5719],[-87.7374,36.5711],[-87.7396,36.5724],[-87.7383,36.5719]]]},"properties":{"name":"Unnamed Lake (54405095)","layer":"nhd_lakes","waterbody_type":"Lake/Pond","area_acres":3.95,"elevation":null,"fcode":39004}},{"type":"Feature","geometry":{"type":"Polygon","coordinates":[[[-87.8206,36.5821],[-87.8204,36.5822],[-87.8205,36.582],[-87.8206,36.5821]]]},"properties":{"name":"Unnamed Lake (58823897)","layer":"nhd_lakes","waterbody_type":"Lake/Pond","area_acres":null,"elevation":null,"fcode":39004}},{"type":"Feature","geometry":{"type":"Polygon","coordinates":[[[-87.8111,36.5774],[-87.8112,36.5773],[-87.8114,36.5773],[-87.8111,36.5774]]]},"properties":{"name":"Unnamed Lake (58823914)","layer":"nhd_lakes","waterbody_type":"Lake/Pond","area_acres":0.25,"elevation":null,"fcode":39004}},{"type":"Feature","geometry":{"type":"Polygon","coordinates":[[[-87.8023,36.5635],[-87.8024,36.5634],[-87.8027,36.5634],[-87.8023,36.5635]]]},"properties":{"name":"Unnamed Lake (58823984)","layer":"nhd_lakes","waterbody_type":"Lake/Pond","area_acres":0.25,"elevation":null,"fcode":39004}},{"type":"Feature","geometry":{"type":"Polygon","coordinates":[[[-87.6038,36.5323],[-87.6039,36.5325],[-87.6036,36.5324],[-87.6038,36.5323]]]},"properties":{"name":"Unnamed Lake (58824179)","layer":"nhd_lakes","waterbody_type":"Lake/Pond","area_acres":null,"elevation":null,"fcode":39004}},{"type":"Feature","geometry":{"type":"Polygon","coordinates":[[[-87.8104,36.534],[-87.8106,36.5343],[-87.8104,36.5342],[-87.8104,36.534]]]},"properties":{"name":"Unnamed Lake (58824318)","layer":"nhd_lakes","waterbody_type":"Lake/Pond","area_acres":0.25,"elevation":null,"fcode":39004}},{"type":"Feature","geometry":{"type":"Polygon","coordinates":[[[-87.6311,36.493],[-87.631,36.4929],[-87.6311,36.4929],[-87.6311,36.493]]]},"properties":{"name":"Unnamed Lake (58824714)","layer":"nhd_lakes","waterbody_type":"Lake/Pond","area_acres":null,"elevation":null,"fcode":39004}},{"type":"Feature","geometry":{"type":"Polygon","coordinates":[[[-87.638,36.4286],[-87.6382,36.4288],[-87.638,36.4289],[-87.638,36.4286]]]},"properties":{"name":"Unnamed Lake (58825489)","layer":"nhd_lakes","waterbody_type":"Lake/Pond","area_acres":0.25,"elevation":null,"fcode":39004}},{"type":"Feature","geometry":{"type":"Polygon","coordinates":[[[-87.6922,36.3868],[-87.6923,36.3869],[-87.6922,36.3869],[-87.6922,36.3868]]]},"properties":{"name":"Unnamed Lake (58826003)","layer":"nhd_lakes","waterbody_type":"Lake/Pond","area_acres":null,"elevation":null,"fcode":39004}},{"type":"Feature","geometry":{"type":"Polygon","coordinates":[[[-87.6631,36.3444],[-87.6631,36.3446],[-87.6628,36.3446],[-87.6631,36.3444]]]},"properties":{"name":"Unnamed Lake (58826299)","layer":"nhd_lakes","waterbody_type":"Lake/Pond","area_acres":0.25,"elevation":null,"fcode":39004}},{"type":"Feature","geometry":{"type":"Polygon","coordinates":[[[-87.7164,36.3262],[-87.7164,36.3265],[-87.7162,36.3264],[-87.7164,36.3262]]]},"properties":{"name":"Unnamed Lake (58826501)","layer":"nhd_lakes","waterbody_type":"Lake/Pond","area_acres":0.25,"elevation":null,"fcode":39004}},{"type":"Feature","geometry":{"type":"Polygon","coordinates":[[[-87.914,36.4518],[-87.9138,36.4514],[-87.9143,36.4515],[-87.914,36.4518]]]},"properties":{"name":"Unnamed Lake (59228551)","layer":"nhd_lakes","waterbody_type":"Lake/Pond","area_acres":0.25,"elevation":null,"fcode":39004}},{"type":"Feature","geometry":{"type":"Polygon","coordinates":[[[-87.8286,36.3676],[-87.829,36.3678],[-87.8283,36.3679],[-87.8286,36.3676]]]},"properties":{"name":"Unnamed Lake (59228770)","layer":"nhd_lakes","waterbody_type":"Lake/Pond","area_acres":0.49,"elevation":null,"fcode":39004}},{"type":"Feature","geometry":{"type":"Polygon","coordinates":[[[-87.8303,36.5885],[-87.8302,36.5883],[-87.8303,36.5883],[-87.8303,36.5885]]]},"properties":{"name":"Unnamed Lake (58823888)","layer":"nhd_lakes","waterbody_type":"Lake/Pond","area_acres":null,"elevation":null,"fcode":39004}},{"type":"Feature","geometry":{"type":"Polygon","coordinates":[[[-87.7893,36.5806],[-87.7891,36.5809],[-87.789,36.5806],[-87.7893,36.5806]]]},"properties":{"name":"Unnamed Lake (58823894)","layer":"nhd_lakes","waterbody_type":"Lake/Pond","area_acres":0.25,"elevation":null,"fcode":39004}},{"type":"Feature","geometry":{"type":"Polygon","coordinates":[[[-87.7997,36.5335],[-87.7997,36.5333],[-87.7999,36.5334],[-87.7997,36.5335]]]},"properties":{"name":"Unnamed Lake (58824323)","layer":"nhd_lakes","waterbody_type":"Lake/Pond","area_acres":null,"elevation":null,"fcode":39004}},{"type":"Feature","geometry":{"type":"Polygon","coordinates":[[[-87.8418,36.5208],[-87.8416,36.521],[-87.8416,36.5208],[-87.8418,36.5208]]]},"properties":{"name":"Unnamed Lake (58824530)","layer":"nhd_lakes","waterbody_type":"Lake/Pond","area_acres":null,"elevation":null,"fcode":39004}},{"type":"Feature","geometry":{"type":"Polygon","coordinates":[[[-87.6621,36.5041],[-87.6623,36.5042],[-87.6622,36.5043],[-87.6621,36.5041]]]},"properties":{"name":"Unnamed Lake (58824582)","layer":"nhd_lakes","waterbody_type":"Lake/Pond","area_acres":0.25,"elevation":null,"fcode":39004}},{"type":"Feature","geometry":{"type":"Polygon","coordinates":[[[-87.6206,36.4434],[-87.6205,36.4431],[-87.6209,36.4431],[-87.6206,36.4434]]]},"properties":{"name":"Unnamed Lake (58825315)","layer":"nhd_lakes","waterbody_type":"Lake/Pond","area_acres":0.25,"elevation":null,"fcode":39004}},{"type":"Feature","geometry":{"type":"Polygon","coordinates":[[[-87.6414,36.4326],[-87.6415,36.4327],[-87.6413,36.4327],[-87.6414,36.4326]]]},"properties":{"name":"Unnamed Lake (58825450)","layer":"nhd_lakes","waterbody_type":"Lake/Pond","area_acres":null,"elevation":null,"fcode":39004}},{"type":"Feature","geometry":{"type":"Polygon","coordinates":[[[-87.5973,36.4252],[-87.5972,36.4254],[-87.5971,36.4254],[-87.5973,36.4252]]]},"properties":{"name":"Unnamed Lake (58825499)","layer":"nhd_lakes","waterbody_type":"Lake/Pond","area_acres":null,"elevation":null,"fcode":39004}},{"type":"Feature","geometry":{"type":"Polygon","coordinates":[[[-87.6027,36.4008],[-87.6031,36.4011],[-87.6026,36.401],[-87.6027,36.4008]]]},"properties":{"name":"Unnamed Lake (58825789)","layer":"nhd_lakes","waterbody_type":"Lake/Pond","area_acres":0.25,"elevation":null,"fcode":39004}},{"type":"Feature","geometry":{"type":"Polygon","coordinates":[[[-87.8279,36.3743],[-87.8281,36.3746],[-87.8273,36.3747],[-87.8279,36.3743]]]},"properties":{"name":"Unnamed Lake (59228759)","layer":"nhd_lakes","waterbody_type":"Lake/Pond","area_acres":0.49,"elevation":null,"fcode":39004}},{"type":"Feature","geometry":{"type":"Polygon","coordinates":[[[-87.7843,36.3219],[-87.7847,36.3223],[-87.7842,36.3221],[-87.7843,36.3219]]]},"properties":{"name":"Unnamed Lake (59228874)","layer":"nhd_lakes","waterbody_type":"Lake/Pond","area_acres":0.25,"elevation":null,"fcode":39004}},{"type":"Feature","geometry":{"type":"Polygon","coordinates":[[[-87.7187,36.5564],[-87.7191,36.5565],[-87.7187,36.5566],[-87.7187,36.5564]]]},"properties":{"name":"Unnamed Lake (54405398)","layer":"nhd_lakes","waterbody_type":"Lake/Pond","area_acres":0.22,"elevation":null,"fcode":39004}},{"type":"Feature","geometry":{"type":"Polygon","coordinates":[[[-87.7006,36.5502],[-87.7006,36.5504],[-87.7003,36.5504],[-87.7006,36.5502]]]},"properties":{"name":"Unnamed Lake (54405493)","layer":"nhd_lakes","waterbody_type":"Lake/Pond","area_acres":0.25,"elevation":null,"fcode":39004}},{"type":"Feature","geometry":{"type":"Polygon","coordinates":[[[-87.8303,36.591],[-87.8305,36.591],[-87.8305,36.5911],[-87.8303,36.591]]]},"properties":{"name":"Unnamed Lake (58823880)","layer":"nhd_lakes","waterbody_type":"Lake/Pond","area_acres":null,"elevation":null,"fcode":39004}},{"type":"Feature","geometry":{"type":"Polygon","coordinates":[[[-87.8249,36.5898],[-87.8249,36.5899],[-87.8247,36.5898],[-87.8249,36.5898]]]},"properties":{"name":"Unnamed Lake (58823881)","layer":"nhd_lakes","waterbody_type":"Lake/Pond","area_acres":null,"elevation":null,"fcode":39004}},{"type":"Feature","geometry":{"type":"Polygon","coordinates":[[[-87.7456,36.5719],[-87.7456,36.5718],[-87.7458,36.5719],[-87.7456,36.5719]]]},"properties":{"name":"Unnamed Lake (58823923)","layer":"nhd_lakes","waterbody_type":"Lake/Pond","area_acres":null,"elevation":null,"fcode":39004}},{"type":"Feature","geometry":{"type":"Polygon","coordinates":[[[-87.8516,36.5656],[-87.8518,36.5656],[-87.8519,36.5658],[-87.8516,36.5656]]]},"properties":{"name":"Unnamed Lake (58823990)","layer":"nhd_lakes","waterbody_type":"Lake/Pond","area_acres":null,"elevation":null,"fcode":39004}},{"type":"Feature","geometry":{"type":"Polygon","coordinates":[[[-87.7136,36.5511],[-87.7135,36.5513],[-87.7134,36.5512],[-87.7136,36.5511]]]},"properties":{"name":"Unnamed Lake (58824035)","layer":"nhd_lakes","waterbody_type":"Lake/Pond","area_acres":0.25,"elevation":null,"fcode":39004}},{"type":"Feature","geometry":{"type":"Polygon","coordinates":[[[-87.7558,36.5456],[-87.7557,36.5458],[-87.7556,36.5457],[-87.7558,36.5456]]]},"properties":{"name":"Unnamed Lake (58824147)","layer":"nhd_lakes","waterbody_type":"Lake/Pond","area_acres":null,"elevation":null,"fcode":39004}},{"type":"Feature","geometry":{"type":"Polygon","coordinates":[[[-87.6463,36.5251],[-87.6459,36.5258],[-87.6458,36.5253],[-87.6463,36.5251]]]},"properties":{"name":"Unnamed Lake (58824283)","layer":"nhd_lakes","waterbody_type":"Lake/Pond","area_acres":0.74,"elevation":null,"fcode":39004}},{"type":"Feature","geometry":{"type":"Polygon","coordinates":[[[-87.8289,36.5328],[-87.8291,36.5329],[-87.8289,36.5329],[-87.8289,36.5328]]]},"properties":{"name":"Unnamed Lake (58824362)","layer":"nhd_lakes","waterbody_type":"Lake/Pond","area_acres":null,"elevation":null,"fcode":39004}},{"type":"Feature","geometry":{"type":"Polygon","coordinates":[[[-87.6752,36.5097],[-87.6754,36.5096],[-87.6753,36.5098],[-87.6752,36.5097]]]},"properties":{"name":"Unnamed Lake (58824526)","layer":"nhd_lakes","waterbody_type":"Lake/Pond","area_acres":null,"elevation":null,"fcode":39004}},{"type":"Feature","geometry":{"type":"Polygon","coordinates":[[[-87.6847,36.5015],[-87.6847,36.5014],[-87.6849,36.5015],[-87.6847,36.5015]]]},"properties":{"name":"Unnamed Lake (58824644)","layer":"nhd_lakes","waterbody_type":"Lake/Pond","area_acres":null,"elevation":null,"fcode":39004}},{"type":"Feature","geometry":{"type":"Polygon","coordinates":[[[-87.6801,36.4931],[-87.6802,36.4932],[-87.68,36.4933],[-87.6801,36.4931]]]},"properties":{"name":"Unnamed Lake (58824750)","layer":"nhd_lakes","waterbody_type":"Lake/Pond","area_acres":null,"elevation":null,"fcode":39004}},{"type":"Feature","geometry":{"type":"Polygon","coordinates":[[[-87.7384,36.4878],[-87.7325,36.482],[-87.7465,36.4911],[-87.7484,36.4961],[-87.7553,36.4985],[-87.75,36.4988],[-87.7384,36.4878]]]},"properties":{"name":"Lake Barkley","layer":"nhd_lakes","waterbody_type":"Lake/Pond","area_acres":92.91,"elevation":null,"fcode":39004}},{"type":"Feature","geometry":{"type":"Polygon","coordinates":[[[-87.6188,36.4399],[-87.6189,36.4401],[-87.6188,36.4402],[-87.6188,36.4399]]]},"properties":{"name":"Unnamed Lake (58825359)","layer":"nhd_lakes","waterbody_type":"Lake/Pond","area_acres":null,"elevation":null,"fcode":39004}},{"type":"Feature","geometry":{"type":"Polygon","coordinates":[[[-87.6683,36.4298],[-87.6684,36.4302],[-87.6682,36.4302],[-87.6683,36.4298]]]},"properties":{"name":"Unnamed Lake (58825502)","layer":"nhd_lakes","waterbody_type":"Lake/Pond","area_acres":0.25,"elevation":null,"fcode":39004}},{"type":"Feature","geometry":{"type":"Polygon","coordinates":[[[-87.6577,36.4253],[-87.6578,36.4255],[-87.6575,36.4254],[-87.6577,36.4253]]]},"properties":{"name":"Unnamed Lake (58825546)","layer":"nhd_lakes","waterbody_type":"Lake/Pond","area_acres":0.25,"elevation":null,"fcode":39004}},{"type":"Feature","geometry":{"type":"Polygon","coordinates":[[[-87.5842,36.4105],[-87.5842,36.4107],[-87.584,36.4106],[-87.5842,36.4105]]]},"properties":{"name":"Unnamed Lake (58825643)","layer":"nhd_lakes","waterbody_type":"Lake/Pond","area_acres":null,"elevation":null,"fcode":39004}},{"type":"Feature","geometry":{"type":"Polygon","coordinates":[[[-87.7092,36.4159],[-87.7093,36.416],[-87.7089,36.416],[-87.7092,36.4159]]]},"properties":{"name":"Unnamed Lake (58825682)","layer":"nhd_lakes","waterbody_type":"Lake/Pond","area_acres":null,"elevation":null,"fcode":39004}},{"type":"Feature","geometry":{"type":"Polygon","coordinates":[[[-87.5971,36.4071],[-87.5972,36.4071],[-87.5971,36.4072],[-87.5971,36.4071]]]},"properties":{"name":"Unnamed Lake (58825689)","layer":"nhd_lakes","waterbody_type":"Lake/Pond","area_acres":null,"elevation":null,"fcode":39004}},{"type":"Feature","geometry":{"type":"Polygon","coordinates":[[[-87.6058,36.4037],[-87.6061,36.404],[-87.6059,36.4041],[-87.6058,36.4037]]]},"properties":{"name":"Unnamed Lake (58825742)","layer":"nhd_lakes","waterbody_type":"Lake/Pond","area_acres":0.25,"elevation":null,"fcode":39004}},{"type":"Feature","geometry":{"type":"Polygon","coordinates":[[[-87.6039,36.3794],[-87.604,36.3795],[-87.604,36.3796],[-87.6039,36.3794]]]},"properties":{"name":"Unnamed Lake (58826008)","layer":"nhd_lakes","waterbody_type":"Lake/Pond","area_acres":null,"elevation":null,"fcode":39004}},{"type":"Feature","geometry":{"type":"Polygon","coordinates":[[[-87.7129,36.3285],[-87.713,36.3287],[-87.7127,36.3287],[-87.7129,36.3285]]]},"properties":{"name":"Unnamed Lake (58826467)","layer":"nhd_lakes","waterbody_type":"Lake/Pond","area_acres":0.25,"elevation":null,"fcode":39004}},{"type":"Feature","geometry":{"type":"Polygon","coordinates":[[[-87.7153,36.5635],[-87.7152,36.5633],[-87.7157,36.5633],[-87.7153,36.5635]]]},"properties":{"name":"Unnamed Lake (54405226)","layer":"nhd_lakes","waterbody_type":"Lake/Pond","area_acres":0.25,"elevation":null,"fcode":39004}},{"type":"Feature","geometry":{"type":"Polygon","coordinates":[[[-87.8236,36.5804],[-87.8238,36.5803],[-87.8239,36.5804],[-87.8236,36.5804]]]},"properties":{"name":"Unnamed Lake (58823903)","layer":"nhd_lakes","waterbody_type":"Lake/Pond","area_acres":null,"elevation":null,"fcode":39004}},{"type":"Feature","geometry":{"type":"Polygon","coordinates":[[[-87.8146,36.5719],[-87.815,36.5717],[-87.8148,36.5719],[-87.8146,36.5719]]]},"properties":{"name":"Unnamed Lake (58823952)","layer":"nhd_lakes","waterbody_type":"Lake/Pond","area_acres":0.25,"elevation":null,"fcode":39004}},{"type":"Feature","geometry":{"type":"Polygon","coordinates":[[[-87.7304,36.5604],[-87.7306,36.5602],[-87.7306,36.5604],[-87.7304,36.5604]]]},"properties":{"name":"Unnamed Lake (58823971)","layer":"nhd_lakes","waterbody_type":"Lake/Pond","area_acres":0.25,"elevation":null,"fcode":39004}},{"type":"Feature","geometry":{"type":"Polygon","coordinates":[[[-87.8,36.535],[-87.7999,36.5349],[-87.8001,36.5348],[-87.8,36.535]]]},"properties":{"name":"Unnamed Lake (58824301)","layer":"nhd_lakes","waterbody_type":"Lake/Pond","area_acres":null,"elevation":null,"fcode":39004}},{"type":"Feature","geometry":{"type":"Polygon","coordinates":[[[-87.7153,36.5277],[-87.7155,36.5277],[-87.7153,36.5278],[-87.7153,36.5277]]]},"properties":{"name":"Unnamed Lake (58824317)","layer":"nhd_lakes","waterbody_type":"Lake/Pond","area_acres":null,"elevation":null,"fcode":39004}},{"type":"Feature","geometry":{"type":"Polygon","coordinates":[[[-87.8943,36.5332],[-87.8946,36.5331],[-87.8948,36.5331],[-87.8943,36.5332]]]},"properties":{"name":"Unnamed Lake (58824419)","layer":"nhd_lakes","waterbody_type":"Lake/Pond","area_acres":0.25,"elevation":null,"fcode":39004}},{"type":"Feature","geometry":{"type":"Polygon","coordinates":[[[-87.7308,36.521],[-87.7306,36.5211],[-87.7305,36.5208],[-87.7308,36.521]]]},"properties":{"name":"Unnamed Lake (58824434)","layer":"nhd_lakes","waterbody_type":"Lake/Pond","area_acres":0.25,"elevation":null,"fcode":39004}},{"type":"Feature","geometry":{"type":"Polygon","coordinates":[[[-87.6774,36.4795],[-87.6776,36.4797],[-87.6771,36.4797],[-87.6774,36.4795]]]},"properties":{"name":"Unnamed Lake (58824897)","layer":"nhd_lakes","waterbody_type":"Lake/Pond","area_acres":0.25,"elevation":null,"fcode":39004}},{"type":"Feature","geometry":{"type":"Polygon","coordinates":[[[-87.7455,36.4291],[-87.7458,36.4294],[-87.7454,36.4294],[-87.7455,36.4291]]]},"properties":{"name":"Unnamed Lake (58825573)","layer":"nhd_lakes","waterbody_type":"Lake/Pond","area_acres":0.25,"elevation":null,"fcode":39004}},{"type":"Feature","geometry":{"type":"Polygon","coordinates":[[[-87.7303,36.5703],[-87.7303,36.5702],[-87.7305,36.5702],[-87.7303,36.5703]]]},"properties":{"name":"Unnamed Lake (54405129)","layer":"nhd_lakes","waterbody_type":"Lake/Pond","area_acres":0.25,"elevation":null,"fcode":39004}},{"type":"Feature","geometry":{"type":"Polygon","coordinates":[[[-87.6846,36.5483],[-87.6848,36.5486],[-87.6844,36.5484],[-87.6846,36.5483]]]},"properties":{"name":"Unnamed Lake (54405513)","layer":"nhd_lakes","waterbody_type":"Lake/Pond","area_acres":0.25,"elevation":null,"fcode":39004}},{"type":"Feature","geometry":{"type":"Polygon","coordinates":[[[-87.7722,36.6046],[-87.7725,36.6048],[-87.7723,36.6048],[-87.7722,36.6046]]]},"properties":{"name":"Unnamed Lake (58823836)","layer":"nhd_lakes","waterbody_type":"Lake/Pond","area_acres":null,"elevation":null,"fcode":39004}},{"type":"Feature","geometry":{"type":"Polygon","coordinates":[[[-87.795,36.5398],[-87.7947,36.54],[-87.7949,36.5398],[-87.795,36.5398]]]},"properties":{"name":"Unnamed Lake (58824238)","layer":"nhd_lakes","waterbody_type":"Lake/Pond","area_acres":null,"elevation":null,"fcode":39004}},{"type":"Feature","geometry":{"type":"Polygon","coordinates":[[[-87.8847,36.5367],[-87.8844,36.5369],[-87.8829,36.5373],[-87.8847,36.5367]]]},"properties":{"name":"Unnamed Lake (58824351)","layer":"nhd_lakes","waterbody_type":"Lake/Pond","area_acres":0.74,"elevation":null,"fcode":39004}},{"type":"Feature","geometry":{"type":"Polygon","coordinates":[[[-87.8482,36.5186],[-87.8481,36.5189],[-87.848,36.5187],[-87.8482,36.5186]]]},"properties":{"name":"Unnamed Lake (58824566)","layer":"nhd_lakes","waterbody_type":"Lake/Pond","area_acres":null,"elevation":null,"fcode":39004}},{"type":"Feature","geometry":{"type":"Polygon","coordinates":[[[-87.734,36.5073],[-87.734,36.5071],[-87.7343,36.5071],[-87.734,36.5073]]]},"properties":{"name":"Unnamed Lake (58824603)","layer":"nhd_lakes","waterbody_type":"Lake/Pond","area_acres":0.25,"elevation":null,"fcode":39004}},{"type":"Feature","geometry":{"type":"Polygon","coordinates":[[[-87.5992,36.4542],[-87.5994,36.4543],[-87.5993,36.4544],[-87.5992,36.4542]]]},"properties":{"name":"Unnamed Lake (58825160)","layer":"nhd_lakes","waterbody_type":"Lake/Pond","area_acres":null,"elevation":null,"fcode":39004}},{"type":"Feature","geometry":{"type":"Polygon","coordinates":[[[-87.6233,36.4538],[-87.6233,36.4539],[-87.6232,36.4538],[-87.6233,36.4538]]]},"properties":{"name":"Unnamed Lake (58825183)","layer":"nhd_lakes","waterbody_type":"Lake/Pond","area_acres":null,"elevation":null,"fcode":39004}},{"type":"Feature","geometry":{"type":"Polygon","coordinates":[[[-87.7962,36.4592],[-87.7958,36.4597],[-87.7958,36.4592],[-87.7962,36.4592]]]},"properties":{"name":"Unnamed Lake (58825263)","layer":"nhd_lakes","waterbody_type":"Lake/Pond","area_acres":0.49,"elevation":null,"fcode":39004}},{"type":"Feature","geometry":{"type":"Polygon","coordinates":[[[-87.851,36.4516],[-87.851,36.452],[-87.8508,36.4521],[-87.851,36.4516]]]},"properties":{"name":"Unnamed Lake (58825403)","layer":"nhd_lakes","waterbody_type":"Lake/Pond","area_acres":0.25,"elevation":null,"fcode":39004}},{"type":"Feature","geometry":{"type":"Polygon","coordinates":[[[-87.7095,36.4347],[-87.7094,36.4349],[-87.7092,36.4349],[-87.7095,36.4347]]]},"properties":{"name":"Unnamed Lake (58825477)","layer":"nhd_lakes","waterbody_type":"Lake/Pond","area_acres":null,"elevation":null,"fcode":39004}},{"type":"Feature","geometry":{"type":"Polygon","coordinates":[[[-87.6235,36.4124],[-87.6239,36.4126],[-87.6236,36.4127],[-87.6235,36.4124]]]},"properties":{"name":"Unnamed Lake (58825648)","layer":"nhd_lakes","waterbody_type":"Lake/Pond","area_acres":0.25,"elevation":null,"fcode":39004}},{"type":"Feature","geometry":{"type":"Polygon","coordinates":[[[-87.6218,36.3839],[-87.6219,36.384],[-87.6218,36.384],[-87.6218,36.3839]]]},"properties":{"name":"Unnamed Lake (58825993)","layer":"nhd_lakes","waterbody_type":"Lake/Pond","area_acres":null,"elevation":null,"fcode":39004}},{"type":"Feature","geometry":{"type":"Polygon","coordinates":[[[-87.627,36.3755],[-87.6271,36.3758],[-87.6267,36.3759],[-87.627,36.3755]]]},"properties":{"name":"Unnamed Lake (58826055)","layer":"nhd_lakes","waterbody_type":"Lake/Pond","area_acres":0.25,"elevation":null,"fcode":39004}},{"type":"Feature","geometry":{"type":"Polygon","coordinates":[[[-87.7397,36.3257],[-87.7393,36.3257],[-87.7393,36.3255],[-87.7397,36.3257]]]},"properties":{"name":"Unnamed Lake (58826537)","layer":"nhd_lakes","waterbody_type":"Lake/Pond","area_acres":0.25,"elevation":null,"fcode":39004}},{"type":"Feature","geometry":{"type":"Polygon","coordinates":[[[-87.7559,36.3245],[-87.7556,36.3251],[-87.7555,36.3246],[-87.7559,36.3245]]]},"properties":{"name":"Unnamed Lake (59228862)","layer":"nhd_lakes","waterbody_type":"Lake/Pond","area_acres":0.49,"elevation":null,"fcode":39004}},{"type":"Feature","geometry":{"type":"Polygon","coordinates":[[[-87.7297,36.5614],[-87.7296,36.5613],[-87.7299,36.5613],[-87.7297,36.5614]]]},"properties":{"name":"Unnamed Lake (58823966)","layer":"nhd_lakes","waterbody_type":"Lake/Pond","area_acres":null,"elevation":null,"fcode":39004}},{"type":"Feature","geometry":{"type":"Polygon","coordinates":[[[-87.867,36.56],[-87.8672,36.5599],[-87.8672,36.56],[-87.867,36.56]]]},"properties":{"name":"Unnamed Lake (58824053)","layer":"nhd_lakes","waterbody_type":"Lake/Pond","area_acres":null,"elevation":null,"fcode":39004}},{"type":"Feature","geometry":{"type":"Polygon","coordinates":[[[-87.6825,36.5194],[-87.6826,36.5192],[-87.6831,36.5194],[-87.6825,36.5194]]]},"properties":{"name":"Unnamed Lake (58824402)","layer":"nhd_lakes","waterbody_type":"Lake/Pond","area_acres":0.25,"elevation":null,"fcode":39004}},{"type":"Feature","geometry":{"type":"Polygon","coordinates":[[[-87.7036,36.5041],[-87.7034,36.5042],[-87.7034,36.5041],[-87.7036,36.5041]]]},"properties":{"name":"Unnamed Lake (58824623)","layer":"nhd_lakes","waterbody_type":"Lake/Pond","area_acres":null,"elevation":null,"fcode":39004}},{"type":"Feature","geometry":{"type":"Polygon","coordinates":[[[-87.8409,36.4739],[-87.8415,36.4745],[-87.8404,36.475],[-87.8409,36.4739]]]},"properties":{"name":"Fairground Pond","layer":"nhd_lakes","waterbody_type":"Lake/Pond","area_acres":2.22,"elevation":null,"fcode":39004}},{"type":"Feature","geometry":{"type":"Polygon","coordinates":[[[-87.8368,36.4735],[-87.8368,36.474],[-87.8364,36.4738],[-87.8368,36.4735]]]},"properties":{"name":"Unnamed Lake (58825118)","layer":"nhd_lakes","waterbody_type":"Lake/Pond","area_acres":0.49,"elevation":null,"fcode":39004}},{"type":"Feature","geometry":{"type":"Polygon","coordinates":[[[-87.5833,36.4439],[-87.5834,36.444],[-87.5833,36.4441],[-87.5833,36.4439]]]},"properties":{"name":"Unnamed Lake (58825274)","layer":"nhd_lakes","waterbody_type":"Lake/Pond","area_acres":null,"elevation":null,"fcode":39004}},{"type":"Feature","geometry":{"type":"Polygon","coordinates":[[[-87.6349,36.439],[-87.6352,36.4392],[-87.6346,36.4392],[-87.6349,36.439]]]},"properties":{"name":"Unnamed Lake (58825383)","layer":"nhd_lakes","waterbody_type":"Lake/Pond","area_acres":0.25,"elevation":null,"fcode":39004}},{"type":"Feature","geometry":{"type":"Polygon","coordinates":[[[-87.6304,36.4269],[-87.6305,36.427],[-87.6303,36.4271],[-87.6304,36.4269]]]},"properties":{"name":"Unnamed Lake (58825512)","layer":"nhd_lakes","waterbody_type":"Lake/Pond","area_acres":null,"elevation":null,"fcode":39004}},{"type":"Feature","geometry":{"type":"Polygon","coordinates":[[[-87.5858,36.4135],[-87.5859,36.4136],[-87.5857,36.4138],[-87.5858,36.4135]]]},"properties":{"name":"Unnamed Lake (58825607)","layer":"nhd_lakes","waterbody_type":"Lake/Pond","area_acres":0.25,"elevation":null,"fcode":39004}},{"type":"Feature","geometry":{"type":"Polygon","coordinates":[[[-87.6047,36.4],[-87.605,36.4005],[-87.6046,36.4007],[-87.6047,36.4]]]},"properties":{"name":"Unnamed Lake (58825797)","layer":"nhd_lakes","waterbody_type":"Lake/Pond","area_acres":0.74,"elevation":null,"fcode":39004}},{"type":"Feature","geometry":{"type":"Polygon","coordinates":[[[-87.7081,36.364],[-87.7082,36.3642],[-87.708,36.3643],[-87.7081,36.364]]]},"properties":{"name":"Unnamed Lake (58826179)","layer":"nhd_lakes","waterbody_type":"Lake/Pond","area_acres":null,"elevation":null,"fcode":39004}},{"type":"Feature","geometry":{"type":"Polygon","coordinates":[[[-87.7152,36.3586],[-87.7154,36.3586],[-87.7154,36.3588],[-87.7152,36.3586]]]},"properties":{"name":"Unnamed Lake (58826216)","layer":"nhd_lakes","waterbody_type":"Lake/Pond","area_acres":0.25,"elevation":null,"fcode":39004}},{"type":"Feature","geometry":{"type":"Polygon","coordinates":[[[-87.6414,36.3494],[-87.6414,36.3496],[-87.6412,36.3494],[-87.6414,36.3494]]]},"properties":{"name":"Unnamed Lake (58826239)","layer":"nhd_lakes","waterbody_type":"Lake/Pond","area_acres":null,"elevation":null,"fcode":39004}},{"type":"Feature","geometry":{"type":"Polygon","coordinates":[[[-87.8957,36.413],[-87.8956,36.4127],[-87.8959,36.4128],[-87.8957,36.413]]]},"properties":{"name":"Unnamed Lake (59228667)","layer":"nhd_lakes","waterbody_type":"Lake/Pond","area_acres":0.25,"elevation":null,"fcode":39004}},{"type":"Feature","geometry":{"type":"Polygon","coordinates":[[[-87.8594,36.4091],[-87.8594,36.4094],[-87.859,36.4096],[-87.8594,36.4091]]]},"properties":{"name":"Unnamed Lake (59228669)","layer":"nhd_lakes","waterbody_type":"Lake/Pond","area_acres":0.49,"elevation":null,"fcode":39004}},{"type":"Feature","geometry":{"type":"Polygon","coordinates":[[[-87.7536,36.5938],[-87.7534,36.594],[-87.7534,36.5938],[-87.7536,36.5938]]]},"properties":{"name":"Unnamed Lake (58823856)","layer":"nhd_lakes","waterbody_type":"Lake/Pond","area_acres":null,"elevation":null,"fcode":39004}},{"type":"Feature","geometry":{"type":"Polygon","coordinates":[[[-87.7886,36.5771],[-87.7886,36.5765],[-87.7889,36.5767],[-87.7886,36.5771]]]},"properties":{"name":"Unnamed Lake (58823907)","layer":"nhd_lakes","waterbody_type":"Lake/Pond","area_acres":0.25,"elevation":null,"fcode":39004}},{"type":"Feature","geometry":{"type":"Polygon","coordinates":[[[-87.7544,36.5738],[-87.7544,36.574],[-87.7542,36.5739],[-87.7544,36.5738]]]},"properties":{"name":"Unnamed Lake (58823913)","layer":"nhd_lakes","waterbody_type":"Lake/Pond","area_acres":null,"elevation":null,"fcode":39004}},{"type":"Feature","geometry":{"type":"Polygon","coordinates":[[[-87.8105,36.5335],[-87.8109,36.5332],[-87.8108,36.5335],[-87.8105,36.5335]]]},"properties":{"name":"Unnamed Lake (58824328)","layer":"nhd_lakes","waterbody_type":"Lake/Pond","area_acres":0.25,"elevation":null,"fcode":39004}},{"type":"Feature","geometry":{"type":"Polygon","coordinates":[[[-87.6518,36.5195],[-87.652,36.5193],[-87.6521,36.5195],[-87.6518,36.5195]]]},"properties":{"name":"Unnamed Lake (58824378)","layer":"nhd_lakes","waterbody_type":"Lake/Pond","area_acres":0.25,"elevation":null,"fcode":39004}},{"type":"Feature","geometry":{"type":"Polygon","coordinates":[[[-87.8358,36.4736],[-87.8359,36.4739],[-87.8354,36.4737],[-87.8358,36.4736]]]},"properties":{"name":"Unnamed Lake (58825121)","layer":"nhd_lakes","waterbody_type":"Lake/Pond","area_acres":0.49,"elevation":null,"fcode":39004}},{"type":"Feature","geometry":{"type":"Polygon","coordinates":[[[-87.6961,36.4218],[-87.6961,36.422],[-87.6958,36.422],[-87.6961,36.4218]]]},"properties":{"name":"Unnamed Lake (58825605)","layer":"nhd_lakes","waterbody_type":"Lake/Pond","area_acres":0.25,"elevation":null,"fcode":39004}},{"type":"Feature","geometry":{"type":"Polygon","coordinates":[[[-87.5933,36.41],[-87.5933,36.4101],[-87.5932,36.4101],[-87.5933,36.41]]]},"properties":{"name":"Unnamed Lake (58825653)","layer":"nhd_lakes","waterbody_type":"Lake/Pond","area_acres":null,"elevation":null,"fcode":39004}},{"type":"Feature","geometry":{"type":"Polygon","coordinates":[[[-87.7283,36.3829],[-87.7283,36.3832],[-87.7281,36.3833],[-87.7283,36.3829]]]},"properties":{"name":"Unnamed Lake (58826050)","layer":"nhd_lakes","waterbody_type":"Lake/Pond","area_acres":0.25,"elevation":null,"fcode":39004}},{"type":"Feature","geometry":{"type":"Polygon","coordinates":[[[-87.6524,36.3486],[-87.6522,36.3486],[-87.6525,36.3485],[-87.6524,36.3486]]]},"properties":{"name":"Unnamed Lake (58826262)","layer":"nhd_lakes","waterbody_type":"Lake/Pond","area_acres":null,"elevation":null,"fcode":39004}},{"type":"Feature","geometry":{"type":"Polygon","coordinates":[[[-87.7733,36.3524],[-87.7737,36.3518],[-87.774,36.352],[-87.7733,36.3524]]]},"properties":{"name":"Unnamed Lake (59228808)","layer":"nhd_lakes","waterbody_type":"Lake/Pond","area_acres":0.74,"elevation":null,"fcode":39004}},{"type":"Feature","geometry":{"type":"Polygon","coordinates":[[[-87.7572,36.5669],[-87.757,36.5667],[-87.7574,36.5668],[-87.7572,36.5669]]]},"properties":{"name":"Unnamed Lake (58823954)","layer":"nhd_lakes","waterbody_type":"Lake/Pond","area_acres":0.25,"elevation":null,"fcode":39004}},{"type":"Feature","geometry":{"type":"Polygon","coordinates":[[[-87.7548,36.5547],[-87.7551,36.5543],[-87.7551,36.5548],[-87.7548,36.5547]]]},"properties":{"name":"Unnamed Lake (58824031)","layer":"nhd_lakes","waterbody_type":"Lake/Pond","area_acres":0.25,"elevation":null,"fcode":39004}},{"type":"Feature","geometry":{"type":"Polygon","coordinates":[[[-87.8636,36.5577],[-87.8633,36.5578],[-87.8635,36.5576],[-87.8636,36.5577]]]},"properties":{"name":"Unnamed Lake (58824075)","layer":"nhd_lakes","waterbody_type":"Lake/Pond","area_acres":0.25,"elevation":null,"fcode":39004}},{"type":"Feature","geometry":{"type":"Polygon","coordinates":[[[-87.8352,36.5535],[-87.8352,36.5534],[-87.8354,36.5534],[-87.8352,36.5535]]]},"properties":{"name":"Unnamed Lake (58824111)","layer":"nhd_lakes","waterbody_type":"Lake/Pond","area_acres":null,"elevation":null,"fcode":39004}},{"type":"Feature","geometry":{"type":"Polygon","coordinates":[[[-87.6433,36.5226],[-87.6439,36.5224],[-87.6429,36.5234],[-87.6433,36.5226]]]},"properties":{"name":"Unnamed Lake (58824310)","layer":"nhd_lakes","waterbody_type":"Lake/Pond","area_acres":0.99,"elevation":null,"fcode":39004}},{"type":"Feature","geometry":{"type":"Polygon","coordinates":[[[-87.6444,36.5087],[-87.6442,36.5086],[-87.6445,36.5085],[-87.6444,36.5087]]]},"properties":{"name":"Unnamed Lake (58824513)","layer":"nhd_lakes","waterbody_type":"Lake/Pond","area_acres":null,"elevation":null,"fcode":39004}},{"type":"Feature","geometry":{"type":"Polygon","coordinates":[[[-87.7214,36.4699],[-87.7256,36.4725],[-87.7227,36.4715],[-87.7214,36.4699]]]},"properties":{"name":"Unnamed Lake (58825038)","layer":"nhd_lakes","waterbody_type":"Lake/Pond","area_acres":5.93,"elevation":null,"fcode":39004}},{"type":"Feature","geometry":{"type":"Polygon","coordinates":[[[-87.6898,36.4454],[-87.6898,36.4455],[-87.6896,36.4456],[-87.6898,36.4454]]]},"properties":{"name":"Unnamed Lake (58825351)","layer":"nhd_lakes","waterbody_type":"Lake/Pond","area_acres":null,"elevation":null,"fcode":39004}},{"type":"Feature","geometry":{"type":"Polygon","coordinates":[[[-87.6393,36.4039],[-87.6393,36.4041],[-87.6391,36.4041],[-87.6393,36.4039]]]},"properties":{"name":"Unnamed Lake (58825778)","layer":"nhd_lakes","waterbody_type":"Lake/Pond","area_acres":0.25,"elevation":null,"fcode":39004}},{"type":"Feature","geometry":{"type":"Polygon","coordinates":[[[-87.7376,36.3894],[-87.738,36.3896],[-87.7378,36.3896],[-87.7376,36.3894]]]},"properties":{"name":"Unnamed Lake (58826006)","layer":"nhd_lakes","waterbody_type":"Lake/Pond","area_acres":0.25,"elevation":null,"fcode":39004}},{"type":"Feature","geometry":{"type":"Polygon","coordinates":[[[-87.7329,36.3208],[-87.7326,36.3206],[-87.7329,36.3206],[-87.7329,36.3208]]]},"properties":{"name":"Unnamed Lake (58826579)","layer":"nhd_lakes","waterbody_type":"Lake/Pond","area_acres":0.25,"elevation":null,"fcode":39004}},{"type":"Feature","geometry":{"type":"Polygon","coordinates":[[[-87.6895,36.5512],[-87.6892,36.5512],[-87.6893,36.551],[-87.6895,36.5512]]]},"properties":{"name":"Unnamed Lake (54405456)","layer":"nhd_lakes","waterbody_type":"Lake/Pond","area_acres":0.09,"elevation":null,"fcode":39004}},{"type":"Feature","geometry":{"type":"Polygon","coordinates":[[[-87.7056,36.5423],[-87.7057,36.5423],[-87.7057,36.5424],[-87.7056,36.5423]]]},"properties":{"name":"Unnamed Lake (58824146)","layer":"nhd_lakes","waterbody_type":"Lake/Pond","area_acres":null,"elevation":null,"fcode":39004}},{"type":"Feature","geometry":{"type":"Polygon","coordinates":[[[-87.8145,36.5017],[-87.8144,36.5015],[-87.8146,36.5014],[-87.8145,36.5017]]]},"properties":{"name":"Unnamed Lake (58824758)","layer":"nhd_lakes","waterbody_type":"Lake/Pond","area_acres":null,"elevation":null,"fcode":39004}},{"type":"Feature","geometry":{"type":"Polygon","coordinates":[[[-87.9125,36.4922],[-87.9122,36.4921],[-87.9125,36.4918],[-87.9125,36.4922]]]},"properties":{"name":"Unnamed Lake (58824943)","layer":"nhd_lakes","waterbody_type":"Lake/Pond","area_acres":0.49,"elevation":null,"fcode":39004}},{"type":"Feature","geometry":{"type":"Polygon","coordinates":[[[-87.6789,36.4619],[-87.6788,36.4621],[-87.6785,36.462],[-87.6789,36.4619]]]},"properties":{"name":"Unnamed Lake (58825138)","layer":"nhd_lakes","waterbody_type":"Lake/Pond","area_acres":null,"elevation":null,"fcode":39004}},{"type":"Feature","geometry":{"type":"Polygon","coordinates":[[[-87.5858,36.414],[-87.5862,36.4143],[-87.5859,36.4143],[-87.5858,36.414]]]},"properties":{"name":"Unnamed Lake (58825604)","layer":"nhd_lakes","waterbody_type":"Lake/Pond","area_acres":0.25,"elevation":null,"fcode":39004}},{"type":"Feature","geometry":{"type":"Polygon","coordinates":[[[-87.6869,36.4113],[-87.6871,36.4116],[-87.6869,36.4116],[-87.6869,36.4113]]]},"properties":{"name":"Unnamed Lake (58825714)","layer":"nhd_lakes","waterbody_type":"Lake/Pond","area_acres":0.25,"elevation":null,"fcode":39004}},{"type":"Feature","geometry":{"type":"Polygon","coordinates":[[[-87.7431,36.4146],[-87.7432,36.4148],[-87.743,36.4147],[-87.7431,36.4146]]]},"properties":{"name":"Unnamed Lake (58825722)","layer":"nhd_lakes","waterbody_type":"Lake/Pond","area_acres":0.25,"elevation":null,"fcode":39004}},{"type":"Feature","geometry":{"type":"Polygon","coordinates":[[[-87.672,36.4089],[-87.6719,36.4091],[-87.6716,36.409],[-87.672,36.4089]]]},"properties":{"name":"Unnamed Lake (58825732)","layer":"nhd_lakes","waterbody_type":"Lake/Pond","area_acres":0.25,"elevation":null,"fcode":39004}},{"type":"Feature","geometry":{"type":"Polygon","coordinates":[[[-87.6113,36.4034],[-87.6125,36.4041],[-87.6116,36.4045],[-87.6113,36.4034]]]},"properties":{"name":"Unnamed Lake (58825741)","layer":"nhd_lakes","waterbody_type":"Lake/Pond","area_acres":1.98,"elevation":null,"fcode":39004}},{"type":"Feature","geometry":{"type":"Polygon","coordinates":[[[-87.8556,36.4174],[-87.8556,36.4181],[-87.8553,36.4179],[-87.8556,36.4174]]]},"properties":{"name":"Unnamed Lake (58825799)","layer":"nhd_lakes","waterbody_type":"Lake/Pond","area_acres":0.49,"elevation":null,"fcode":39004}},{"type":"Feature","geometry":{"type":"Polygon","coordinates":[[[-87.6717,36.4049],[-87.6719,36.4052],[-87.6713,36.4052],[-87.6717,36.4049]]]},"properties":{"name":"Unnamed Lake (58825801)","layer":"nhd_lakes","waterbody_type":"Lake/Pond","area_acres":0.49,"elevation":null,"fcode":39004}},{"type":"Feature","geometry":{"type":"MultiPolygon","coordinates":[[[[-88.0982,37.0779],[-88.0955,37.0668],[-88.0908,37.0713],[-88.0922,37.0664],[-88.0863,37.0648],[-88.0912,37.0622],[-88.0979,37.0635],[-88.0996,37.0604],[-88.0929,37.0579],[-88.0943,37.0552],[-88.0909,37.0556],[-88.0891,37.0605],[-88.0844,37.0586],[-88.0774,37.062],[-88.0755,37.0666],[-88.0694,37.0664],[-88.0832,37.0512],[-88.0759,37.0508],[-88.079,37.0489],[-88.0723,37.0469],[-88.066,37.039],[-88.0626,37.0449],[-88.0611,37.0415],[-88.0578,37.0436],[-88.0627,37.0365],[-88.0606,37.0325],[-88.0582,37.0339],[-88.0563,37.0249],[-88.049,37.0339],[-88.0517,37.0241],[-88.0405,37.0221],[-88.0334,37.028],[-88.034,37.0235],[-88.03,37.0242],[-88.0318,37.0209],[-88.0248,37.0178],[-88.0238,37.0198],[-88.0198,37.0153],[-88.0152,37.0179],[-88.0151,37.0108],[-88.0147,37.0195],[-88.0115,37.0198],[-88.0132,37.0243],[-88.011,37.0251],[-88.0152,37.0297],[-88.0214,37.0307],[-88.0159,37.0396],[-88.0077,37.0372],[-88.0055,37.0405],[-88.0006,37.0405],[-87.9993,37.0381],[-87.9846,37.0501],[-87.9918,37.0405],[-87.9817,37.0403],[-87.976,37.035],[-87.9723,37.037],[-87.9749,37.0346],[-87.9857,37.0383],[-88.0081,37.0369],[-88.0065,37.035],[-88.0129,37.0332],[-88.0023,37.0269],[-88.0053,37.0208],[-88.0009,37.0202],[-88.0034,37.0188],[-88.0004,37.0143],[-88.0089,37.0139],[-87.9973,37.0057],[-88.0018,37.0052],[-88.0113,37.0114],[-88.0151,37.0104],[-88.0154,37.0051],[-88.0181,37.0083],[-88.0248,37.0057],[-88.0296,37.0078],[-88.0271,37.0093],[-88.0324,37.0119],[-88.0327,37.0163],[-88.0358,37.0139],[-88.036,37.0172],[-88.0446,37.0115],[-88.0422,37.0061],[-88.0345,37.005],[-88.0412,37.0033],[-88.0376,37.0005],[-88.0377,36.9958],[-88.0253,36.9978],[-88.0363,36.9929],[-88.0305,36.9861],[-88.0275,36.9873],[-88.0287,36.9842],[-88.0212,36.9837],[-88.0306,36.9804],[-88.0284,36.9763],[-88.0243,36.9759],[-88.0286,36.9743],[-88.0246,36.9685],[-88.015,36.9752],[-87.9961,36.9752],[-88.0148,36.9712],[-88.015,36.9673],[-88.0223,36.9626],[-88.0172,36.9615],[-88.0166,36.958],[-88.0099,36.9618],[-88.0059,36.96],[-88.0032,36.9641],[-88.0029,36.9601],[-87.9963,36.9577],[-88.0114,36.9559],[-87.9978,36.9463],[-88.016,36.9519],[-88.0142,36.9441],[-88.01,36.9423],[-88.0134,36.9395],[-88.0062,36.9266],[-88.0042,36.9315],[-88.002,36.9279],[-87.9982,36.9307],[-87.9962,36.9283],[-87.994,36.9311],[-87.9869,36.9298],[-87.9902,36.9254],[-87.9952,36.9251],[-87.9942,36.9231],[-87.9973,36.9246],[-88.0029,36.9211],[-88.0013,36.9175],[-87.9915,36.9166],[-87.9894,36.9195],[-87.9876,36.9165],[-87.9856,36.9225],[-87.9847,36.9183],[-87.9793,36.9201],[-87.9718,36.9161],[-87.9836,36.9152],[-87.979,36.9139],[-87.9827,36.9095],[-87.9862,36.9118],[-87.9888,36.909],[-87.9893,36.9127],[-87.9954,36.9107],[-87.9907,36.9082],[-87.9886,36.896],[-87.9823,36.9014],[-87.9737,36.9029],[-87.9766,36.9002],[-87.973,36.8979],[-87.9779,36.8986],[-87.9781,36.8942],[-87.9841,36.8956],[-87.9875,36.8917],[-87.9789,36.888],[-87.9847,36.8854],[-87.9804,36.8734],[-87.979,36.8764],[-87.9753,36.8709],[-87.9685,36.8767],[-87.9687,36.8718],[-87.9782,36.8691],[-87.9763,36.8644],[-87.9729,36.8651],[-87.9754,36.8621],[-87.967,36.8608],[-87.967,36.8585],[-87.9623,36.8605],[-87.9618,36.855],[-87.9608,36.8595],[-87.9541,36.8628],[-87.9547,36.868],[-87.9518,36.8626],[-87.9482,36.864],[-87.9484,36.8594],[-87.938,36.8616],[-87.9385,36.8572],[-87.9357,36.8553],[-87.9303,36.8662],[-87.9345,36.8694],[-87.9308,36.8705],[-87.9357,36.8752],[-87.9331,36.877],[-87.9341,36.8814],[-87.9281,36.8766],[-87.9302,36.8752],[-87.9267,36.8738],[-87.9292,36.8727],[-87.9283,36.8676],[-87.9247,36.8652],[-87.9183,36.8651],[-87.91,36.8754],[-87.9093,36.8728],[-87.9004,36.8722],[-87.9,36.8745],[-87.8969,36.8697],[-87.8906,36.869],[-87.9009,36.8796],[-87.9037,36.8876],[-87.8993,36.8857],[-87.8959,36.8888],[-87.8936,36.8863],[-87.8837,36.8894],[-87.8817,36.8952],[-87.8728,36.8934],[-87.8709,36.8962],[-87.8755,36.9005],[-87.8687,36.8968],[-87.865,36.8996],[-87.8595,36.8956],[-87.8616,36.8905],[-87.8649,36.8974],[-87.8689,36.8939],[-87.8658,36.8874],[-87.8694,36.8852],[-87.8792,36.8934],[-87.8798,36.8901],[-87.8744,36.8844],[-87.876,36.8781],[-87.8725,36.8756],[-87.8729,36.8713],[-87.876,36.871],[-87.8792,36.8764],[-87.8827,36.8752],[-87.8806,36.8792],[-87.8853,36.8839],[-87.8878,36.8815],[-87.8971,36.8825],[-87.8942,36.8772],[-87.8861,36.8731],[-87.8892,36.8724],[-87.8899,36.8682],[-87.8849,36.868],[-87.8875,36.8669],[-87.883,36.8633],[-87.8839,36.8587],[-87.8871,36.864],[-87.8973,36.8655],[-87.8981,36.8634],[-87.9076,36.8693],[-87.9103,36.8673],[-87.9009,36.8637],[-87.9073,36.852],[-87.9194,36.8589],[-87.9253,36.8586],[-87.9293,36.8535],[-87.9272,36.8477],[-87.9434,36.8544],[-87.9413,36.8485],[-87.9375,36.8486],[-87.9406,36.8462],[-87.9396,36.8379],[-87.9315,36.8325],[-87.9389,36.8347],[-87.941,36.8327],[-87.9438,36.8375],[-87.9512,36.8337],[-87.9493,36.8398],[-87.9574,36.839],[-87.9531,36.8437],[-87.9603,36.8455],[-87.954,36.8483],[-87.9528,36.8546],[-87.9547,36.8506],[-87.9555,36.8533],[-87.967,36.8508],[-87.9674,36.8481],[-87.9719,36.8522],[-87.9717,36.8423],[-87.9672,36.8427],[-87.9706,36.8397],[-87.9675,36.8386],[-87.9696,36.8328],[-87.9681,36.8298],[-87.9644,36.8312],[-87.9677,36.8273],[-87.9625,36.8251],[-87.9695,36.8219],[-87.9595,36.8183],[-87.97,36.8181],[-87.9697,36.8153],[-87.9651,36.8147],[-87.9698,36.8136],[-87.9687,36.8087],[-87.9594,36.8087],[-87.9548,36.8038],[-87.942,36.8025],[-87.9579,36.8006],[-87.9584,36.803],[-87.968,36.8055],[-87.9728,36.7987],[-87.9688,36.7913],[-87.9676,36.7944],[-87.9536,36.79],[-87.9605,36.7899],[-87.9598,36.7864],[-87.9642,36.7899],[-87.9709,36.7874],[-87.9708,36.78],[-87.9649,36.7787],[-87.9706,36.7775],[-87.969,36.7664],[-87.9588,36.7676],[-87.9582,36.7642],[-87.9677,36.7618],[-87.9661,36.7538],[-87.9614,36.7542],[-87.9653,36.7518],[-87.9621,36.7471],[-87.9567,36.7489],[-87.9575,36.7461],[-87.9539,36.7455],[-87.9511,36.7483],[-87.9504,36.7454],[-87.9439,36.7489],[-87.9423,36.746],[-87.9378,36.7463],[-87.9219,36.7506],[-87.9138,36.7467],[-87.9101,36.7492],[-87.9191,36.747],[-87.9169,36.7467],[-87.9185,36.7444],[-87.9397,36.7415],[-87.9414,36.7384],[-87.9508,36.7403],[-87.9546,36.7368],[-87.9595,36.7439],[-87.951,36.7272],[-87.9526,36.725],[-87.9458,36.723],[-87.9498,36.7143],[-87.9441,36.7043],[-87.9404,36.7013],[-87.9368,36.7059],[-87.9362,36.7012],[-87.9391,36.6991],[-87.937,36.6962],[-87.929,36.6958],[-87.9326,36.6918],[-87.9165,36.684],[-87.8971,36.6928],[-87.8878,36.6931],[-87.9045,36.6813],[-87.9139,36.6812],[-87.9027,36.6704],[-87.8994,36.6723],[-87.9025,36.6695],[-87.8967,36.6589],[-87.8949,36.6562],[-87.8914,36.658],[-87.895,36.6548],[-87.8931,36.6495],[-87.8829,36.6537],[-87.8919,36.6439],[-87.8912,36.6401],[-87.8849,36.6407],[-87.8912,36.6368],[-87.89,36.6246],[-87.8823,36.6262],[-87.89,36.6174],[-87.8715,36.6142],[-87.8769,36.6091],[-87.8736,36.6047],[-87.8687,36.6051],[-87.8694,36.6014],[-87.8652,36.5968],[-87.8556,36.6019],[-87.8598,36.5983],[-87.8571,36.5929],[-87.8605,36.5917],[-87.8615,36.5955],[-87.8702,36.5971],[-87.8698,36.6049],[-87.8755,36.6023],[-87.8805,36.6045],[-87.8846,36.6075],[-87.8828,36.6112],[-87.8926,36.6174],[-87.8933,36.603],[-87.8931,36.6146],[-87.8957,36.6061],[-87.8969,36.6117],[-87.8938,36.6303],[-87.9011,36.6185],[-87.898,36.6162],[-87.8966,36.5969],[-87.8931,36.5904],[-87.8955,36.5806],[-87.9005,36.5916],[-87.8964,36.5787],[-87.9011,36.5895],[-87.9,36.6005],[-87.9028,36.6065],[-87.9043,36.5926],[-87.8988,36.5758],[-87.8877,36.5768],[-87.8921,36.5751],[-87.8923,36.5717],[-87.8984,36.5751],[-87.8864,36.5653],[-87.8882,36.561],[-87.8853,36.5584],[-87.888,36.5603],[-87.8877,36.5576],[-87.8723,36.5374],[-87.8704,36.5412],[-87.8665,36.5415],[-87.8716,36.534],[-87.8683,36.5272],[-87.8625,36.5287],[-87.8681,36.5256],[-87.8561,36.5158],[-87.8567,36.513],[-87.8395,36.5072],[-87.8259,36.5163],[-87.8357,36.5038],[-87.8245,36.4975],[-87.8325,36.4974],[-87.84,36.4918],[-87.8133,36.4997],[-87.8107,36.5038],[-87.8099,36.5014],[-87.7916,36.5072],[-87.7928,36.5108],[-87.791,36.5072],[-87.7847,36.5079],[-87.7854,36.51],[-87.7665,36.5054],[-87.7676,36.5124],[-87.7623,36.5065],[-87.7648,36.5038],[-87.7544,36.5016],[-87.7456,36.5121],[-87.7513,36.4991],[-87.7634,36.5031],[-87.7317,36.4772],[-87.7274,36.4843],[-87.7235,36.4787],[-87.7054,36.4853],[-87.7115,36.4798],[-87.7255,36.4768],[-87.7142,36.4706],[-87.716,36.4683],[-87.7313,36.4787],[-87.7302,36.4721],[-87.7054,36.4424],[-87.6923,36.4364],[-87.6883,36.4362],[-87.6924,36.4406],[-87.6881,36.4402],[-87.689,36.4373],[-87.6777,36.4373],[-87.6916,36.436],[-87.6596,36.4117],[-87.6567,36.4055],[-87.6605,36.4053],[-87.6596,36.4109],[-87.6631,36.4126],[-87.6601,36.4018],[-87.6457,36.3973],[-87.6305,36.3989],[-87.6186,36.4128],[-87.6184,36.4176],[-87.6182,36.413],[-87.6047,36.421],[-87.6084,36.4256],[-87.6043,36.4203],[-87.6014,36.4219],[-87.6037,36.42],[-87.5886,36.4205],[-87.5852,36.4292],[-87.5919,36.4253],[-87.5873,36.4308],[-87.5788,36.4322],[-87.5852,36.4287],[-87.5881,36.4206],[-87.5747,36.426],[-87.5646,36.4379],[-87.5364,36.4578],[-87.5295,36.4594],[-87.5101,36.4536],[-87.5,36.4449],[-87.5325,36.4571],[-87.541,36.4524],[-87.5334,36.4499],[-87.5432,36.451],[-87.5676,36.4312],[-87.5481,36.4419],[-87.5505,36.4388],[-87.5637,36.4343],[-87.5778,36.4218],[-87.6077,36.4175],[-87.6255,36.4025],[-87.6187,36.4055],[-87.6234,36.4014],[-87.6158,36.4036],[-87.6215,36.3998],[-87.6176,36.3988],[-87.6209,36.3962],[-87.6085,36.3934],[-87.6173,36.391],[-87.614,36.3801],[-87.6179,36.3823],[-87.6197,36.3888],[-87.6249,36.3906],[-87.623,36.3963],[-87.6184,36.3978],[-87.6252,36.4018],[-87.6322,36.3943],[-87.6536,36.3936],[-87.6579,36.3963],[-87.6564,36.3932],[-87.6585,36.3941],[-87.6666,36.407],[-87.6672,36.4168],[-87.7034,36.4389],[-87.7015,36.4356],[-87.6948,36.4342],[-87.6977,36.4336],[-87.695,36.4289],[-87.6888,36.4267],[-87.694,36.4324],[-87.6829,36.4187],[-87.6941,36.4266],[-87.6905,36.4217],[-87.6928,36.4208],[-87.6911,36.4152],[-87.6967,36.4253],[-87.7013,36.4154],[-87.7058,36.4171],[-87.7066,36.4143],[-87.7074,36.4173],[-87.6989,36.4259],[-87.7093,36.4305],[-87.6942,36.4251],[-87.6984,36.4341],[-87.716,36.4498],[-87.7358,36.4793],[-87.7654,36.5021],[-87.7709,36.5017],[-87.754,36.4923],[-87.7466,36.4828],[-87.7645,36.4934],[-87.7511,36.487],[-87.7712,36.5003],[-87.7713,36.5036],[-87.7855,36.506],[-87.79,36.5056],[-87.7813,36.5037],[-87.7812,36.501],[-87.7649,36.4934],[-87.778,36.4964],[-87.7859,36.5051],[-87.8094,36.4988],[-87.8111,36.4975],[-87.8042,36.4955],[-87.8053,36.4977],[-87.7992,36.5001],[-87.801,36.4974],[-87.796,36.4963],[-87.8002,36.4912],[-87.8004,36.4783],[-87.803,36.4781],[-87.7987,36.4732],[-87.8036,36.4758],[-87.8055,36.4907],[-87.8152,36.4902],[-87.8171,36.4867],[-87.815,36.4853],[-87.8208,36.4798],[-87.8193,36.4778],[-87.8219,36.4792],[-87.8341,36.4702],[-87.8277,36.4733],[-87.8292,36.4764],[-87.8236,36.4818],[-87.8212,36.4803],[-87.823,36.4849],[-87.8195,36.4898],[-87.8357,36.4872],[-87.8497,36.4924],[-87.8526,36.4847],[-87.8525,36.4923],[-87.8502,36.4922],[-87.8586,36.4961],[-87.8596,36.4921],[-87.869,36.4911],[-87.8691,36.4879],[-87.8754,36.4862],[-87.8702,36.4928],[-87.8594,36.4966],[-87.8656,36.5045],[-87.8704,36.503],[-87.8667,36.5051],[-87.8707,36.5093],[-87.8762,36.5074],[-87.8711,36.5097],[-87.878,36.5182],[-87.8764,36.542],[-87.8869,36.5534],[-87.8795,36.5452],[-87.8819,36.5461],[-87.8818,36.5404],[-87.882,36.5452],[-87.8855,36.5462],[-87.8839,36.5478],[-87.8896,36.5546],[-87.892,36.5659],[-87.9017,36.5766],[-87.9021,36.5713],[-87.8994,36.5707],[-87.9014,36.568],[-87.8938,36.5602],[-87.8877,36.5421],[-87.8894,36.5443],[-87.8892,36.5365],[-87.8952,36.5469],[-87.8953,36.5568],[-87.8966,36.5497],[-87.9005,36.5591],[-87.903,36.5574],[-87.9008,36.5596],[-87.9062,36.5728],[-87.9033,36.5628],[-87.9046,36.5604],[-87.9071,36.5628],[-87.9088,36.5802],[-87.9141,36.5797],[-87.9093,36.5824],[-87.9088,36.59],[-87.9159,36.5939],[-87.9089,36.5927],[-87.9082,36.5979],[-87.9067,36.5951],[-87.9084,36.6019],[-87.9049,36.6109],[-87.9072,36.6086],[-87.9254,36.6102],[-87.9118,36.6142],[-87.9043,36.6125],[-87.9029,36.6309],[-87.9046,36.625],[-87.9058,36.6308],[-87.9158,36.6313],[-87.9067,36.6336],[-87.9112,36.6381],[-87.9069,36.6371],[-87.9054,36.6444],[-87.9082,36.6541],[-87.913,36.6554],[-87.9094,36.6569],[-87.9101,36.6607],[-87.9142,36.6632],[-87.9264,36.6585],[-87.9263,36.6623],[-87.9158,36.6671],[-87.931,36.6821],[-87.9335,36.6821],[-87.9268,36.6759],[-87.9344,36.6767],[-87.9328,36.6784],[-87.9468,36.6887],[-87.9482,36.6809],[-87.9444,36.6774],[-87.9491,36.6794],[-87.9508,36.6743],[-87.9564,36.675],[-87.9555,36.6726],[-87.9637,36.6697],[-87.9514,36.6831],[-87.9513,36.6872],[-87.9601,36.683],[-87.9609,36.6854],[-87.9511,36.6896],[-87.9543,36.6908],[-87.9518,36.6926],[-87.9583,36.6928],[-87.9531,36.6947],[-87.9539,36.697],[-87.9615,36.7061],[-87.9594,36.7012],[-87.9621,36.6971],[-87.9643,36.7054],[-87.9753,36.7018],[-87.9734,36.7068],[-87.9655,36.7093],[-87.9697,36.7113],[-87.9675,36.7123],[-87.9698,36.7181],[-87.9829,36.714],[-87.9821,36.7189],[-87.995,36.7204],[-87.99,36.7235],[-87.9753,36.7245],[-87.9712,36.7209],[-87.9769,36.7303],[-87.9749,36.734],[-87.9867,36.7322],[-87.9853,36.7341],[-87.9894,36.7356],[-87.9805,36.7351],[-87.9813,36.7382],[-87.9765,36.7387],[-87.9806,36.7463],[-87.9856,36.7486],[-87.9809,36.7503],[-87.9887,36.767],[-87.9861,36.7727],[-87.9884,36.7826],[-88.0048,36.7914],[-87.9968,36.7951],[-87.9935,36.791],[-87.9856,36.7892],[-87.9882,36.7927],[-87.9854,36.7925],[-87.9851,36.7982],[-87.9893,36.8008],[-87.9821,36.8015],[-87.9862,36.8045],[-87.9867,36.8103],[-87.9912,36.8123],[-87.987,36.8139],[-87.9902,36.8187],[-87.9882,36.8242],[-87.9969,36.8274],[-87.9878,36.8293],[-87.9867,36.8359],[-87.9938,36.8364],[-87.9872,36.839],[-87.9871,36.8427],[-87.9939,36.8431],[-87.9889,36.8483],[-87.9933,36.8605],[-87.9964,36.8516],[-88.0069,36.8474],[-88.0084,36.849],[-87.9988,36.8585],[-88.007,36.8589],[-88.01,36.8557],[-88.0098,36.8589],[-88.0138,36.8598],[-88.0115,36.8635],[-88.0057,36.8627],[-88.0084,36.8674],[-88.0037,36.863],[-88.0014,36.8668],[-87.994,36.8641],[-87.9973,36.8673],[-87.9964,36.8719],[-88.001,36.8711],[-87.9983,36.8738],[-88.003,36.8747],[-88.0005,36.8771],[-88.0043,36.8772],[-88.0021,36.8802],[-88.0051,36.8797],[-88.004,36.8831],[-88.0095,36.8797],[-88.009,36.8759],[-88.0107,36.8789],[-88.014,36.8747],[-88.0143,36.8776],[-88.0228,36.8771],[-88.0111,36.8831],[-88.0229,36.8795],[-88.0232,36.882],[-88.0127,36.8859],[-88.0129,36.8887],[-88.01,36.887],[-88.0113,36.8909],[-88.007,36.8908],[-88.0102,36.8937],[-88.0079,36.8976],[-88.0151,36.9083],[-88.0221,36.9099],[-88.0175,36.912],[-88.019,36.9158],[-88.0244,36.9183],[-88.0223,36.9127],[-88.0256,36.9091],[-88.0351,36.9121],[-88.0316,36.9175],[-88.0361,36.9199],[-88.0307,36.9221],[-88.0398,36.9258],[-88.0405,36.9308],[-88.0488,36.9235],[-88.0561,36.9235],[-88.0556,36.9256],[-88.0606,36.9237],[-88.0495,36.9297],[-88.0518,36.9325],[-88.0423,36.9342],[-88.0471,36.94],[-88.0312,36.9333],[-88.0292,36.9365],[-88.0315,36.9364],[-88.03,36.9389],[-88.0353,36.9465],[-88.0398,36.9437],[-88.0387,36.9471],[-88.0449,36.9471],[-88.0413,36.95],[-88.0481,36.9516],[-88.0448,36.9541],[-88.0354,36.9498],[-88.0403,36.9556],[-88.0606,36.9561],[-88.0455,36.9618],[-88.0406,36.9603],[-88.047,36.9708],[-88.0539,36.9679],[-88.0511,36.9721],[-88.0538,36.9738],[-88.0485,36.9746],[-88.0498,36.9781],[-88.0601,36.9807],[-88.0659,36.9789],[-88.0771,36.9848],[-88.0594,36.9858],[-88.0607,36.9893],[-88.0518,36.9858],[-88.0527,36.9905],[-88.0557,36.9907],[-88.0542,36.9927],[-88.0578,36.9934],[-88.0563,37.0001],[-88.064,36.9984],[-88.0589,37.0022],[-88.0604,37.0076],[-88.0659,37.0053],[-88.0659,37.0112],[-88.0725,37.0143],[-88.0659,37.0146],[-88.0707,37.0191],[-88.0682,37.0204],[-88.0795,37.0227],[-88.0707,37.0238],[-88.0777,37.0314],[-88.0892,37.0319],[-88.082,37.0346],[-88.0907,37.0419],[-88.094,37.0427],[-88.0959,37.0361],[-88.0974,37.0405],[-88.0995,37.0395],[-88.0972,37.0445],[-88.1006,37.0451],[-88.1026,37.0408],[-88.103,37.0456],[-88.1053,37.0423],[-88.1054,37.0452],[-88.1081,37.0448],[-88.1123,37.0397],[-88.1106,37.0374],[-88.1149,37.0411],[-88.1167,37.0373],[-88.1142,37.0361],[-88.117,37.0353],[-88.1142,37.0336],[-88.1166,37.0326],[-88.1136,37.0321],[-88.1118,37.0242],[-88.1178,37.0283],[-88.1207,37.0372],[-88.1239,37.0343],[-88.1213,37.0327],[-88.122,37.0252],[-88.1256,37.0253],[-88.1245,37.0187],[-88.1275,37.0162],[-88.1146,37.0144],[-88.1135,37.011],[-88.1207,37.0111],[-88.1139,37.005],[-88.1298,37.0107],[-88.1278,37.0055],[-88.1319,37.0089],[-88.1298,37.004],[-88.1332,37.0055],[-88.1338,37.0009],[-88.1292,36.9996],[-88.1277,36.9954],[-88.1347,36.9961],[-88.1341,36.9896],[-88.1389,36.9942],[-88.1474,36.9874],[-88.1502,36.9875],[-88.1501,36.9908],[-88.1574,36.9902],[-88.1535,36.9896],[-88.1521,36.9845],[-88.1481,36.9847],[-88.1504,36.9823],[-88.1474,36.982],[-88.1454,36.9721],[-88.1571,36.9801],[-88.1569,36.9837],[-88.1634,36.9814],[-88.1624,36.9864],[-88.1653,36.987],[-88.1731,36.9798],[-88.172,36.9754],[-88.1693,36.9754],[-88.1712,36.9722],[-88.1756,36.9735],[-88.1766,36.9798],[-88.1802,36.9789],[-88.1783,36.984],[-88.1828,36.984],[-88.1824,36.9804],[-88.1854,36.9803],[-88.1855,36.9847],[-88.1931,36.9852],[-88.1957,36.9773],[-88.1972,36.9868],[-88.2008,36.9824],[-88.1988,36.9888],[-88.2086,36.9893],[-88.2082,36.9952],[-88.2138,36.9974],[-88.2113,37.001],[-88.2171,36.9985],[-88.2148,37.0042],[-88.2172,37.0026],[-88.2211,37.0062],[-88.2237,37.0014],[-88.2279,37.0081],[-88.2207,37.0063],[-88.2196,37.0084],[-88.221,37.0069],[-88.2251,37.0145],[-88.2286,37.0105],[-88.234,37.0138],[-88.2288,37.0179],[-88.2241,37.0171],[-88.2247,37.0202],[-88.1992,37.0277],[-88.2007,37.0242],[-88.1966,37.0215],[-88.1903,37.0222],[-88.1952,37.0171],[-88.1898,37.019],[-88.1839,37.0097],[-88.1772,37.0093],[-88.1797,37.0049],[-88.1717,37.0017],[-88.1607,37.0022],[-88.1624,37.0074],[-88.158,37.0059],[-88.1555,37.0117],[-88.1515,37.0075],[-88.1516,37.0145],[-88.1471,37.0106],[-88.1396,37.0199],[-88.1411,37.0264],[-88.1446,37.024],[-88.1423,37.0355],[-88.1526,37.0365],[-88.1486,37.0387],[-88.1401,37.037],[-88.1419,37.0418],[-88.1398,37.0423],[-88.1447,37.0417],[-88.1433,37.044],[-88.1511,37.0466],[-88.145,37.0465],[-88.1435,37.048],[-88.1482,37.0486],[-88.1475,37.0508],[-88.1418,37.0505],[-88.1404,37.0451],[-88.1353,37.0477],[-88.1393,37.0425],[-88.1272,37.0482],[-88.1236,37.0529],[-88.1295,37.0549],[-88.1285,37.0572],[-88.125,37.0543],[-88.1244,37.0612],[-88.1213,37.0539],[-88.1095,37.0561],[-88.1115,37.0587],[-88.1014,37.0632],[-88.0982,37.0779]],[[-87.9623,36.7317],[-87.9672,36.7297],[-87.9644,36.7184],[-87.9512,36.7048],[-87.9623,36.7317]],[[-87.8402,36.5015],[-87.8537,36.5001],[-87.8462,36.4961],[-87.8555,36.4989],[-87.8484,36.4949],[-87.8601,36.5001],[-87.8414,36.4921],[-87.8313,36.4987],[-87.8352,36.5001],[-87.8374,36.4974],[-87.8366,36.5001],[-87.8387,36.4953],[-87.8402,36.5015]],[[-87.9068,36.5941],[-87.9043,36.571],[-87.8979,36.5533],[-87.897,36.5602],[-87.9019,36.568],[-87.9068,36.5941]],[[-87.8714,36.5202],[-87.8751,36.5213],[-87.8693,36.5109],[-87.8619,36.5033],[-87.8573,36.5046],[-87.8562,36.507],[-87.8642,36.5123],[-87.8602,36.5051],[-87.865,36.5078],[-87.8714,36.5202]],[[-87.8952,36.6433],[-87.8981,36.6476],[-87.896,36.6347],[-87.9001,36.6411],[-87.8986,36.6315],[-87.9015,36.6243],[-87.8948,36.6329],[-87.8952,36.6433]],[[-87.8218,36.4921],[-87.8137,36.4954],[-87.8178,36.4911],[-87.8093,36.4955],[-87.8062,36.4949],[-87.8097,36.4931],[-87.803,36.4934],[-87.8003,36.4969],[-87.8049,36.4974],[-87.8045,36.495],[-87.8107,36.4988],[-87.8239,36.4934],[-87.8131,36.4964],[-87.8218,36.4921]],[[-87.9021,36.6117],[-87.9018,36.6032],[-87.8968,36.5974],[-87.8988,36.613],[-87.8999,36.6048],[-87.901,36.6069],[-87.8983,36.6155],[-87.901,36.6183],[-87.9021,36.6117]],[[-87.9128,36.859],[-87.9078,36.8586],[-87.9059,36.8625],[-87.9167,36.8653],[-87.9128,36.859]],[[-87.917,36.6812],[-87.9045,36.6675],[-87.9059,36.6578],[-87.907,36.6599],[-87.9046,36.6576],[-87.9029,36.6663],[-87.917,36.6812]],[[-87.8752,36.5358],[-87.8754,36.5216],[-87.8708,36.5202],[-87.8753,36.5255],[-87.8718,36.5231],[-87.8752,36.5358]],[[-87.9101,36.6611],[-87.913,36.6685],[-87.919,36.6747],[-87.9101,36.6611]],[[-87.8629,36.5141],[-87.8489,36.5056],[-87.8649,36.5157],[-87.8629,36.5141]],[[-87.6536,36.3966],[-87.6418,36.3952],[-87.6608,36.4001],[-87.6536,36.3966]],[[-87.9417,36.6892],[-87.937,36.6828],[-87.933,36.6835],[-87.9417,36.6892]],[[-87.9445,36.6978],[-87.9369,36.6927],[-87.9391,36.6978],[-87.938,36.6942],[-87.9445,36.6978]],[[-87.8996,36.6555],[-87.9017,36.6554],[-87.8959,36.6495],[-87.8996,36.6555]],[[-87.913,36.672],[-87.9086,36.6614],[-87.9072,36.6618],[-87.913,36.672]],[[-87.8781,36.8822],[-87.8817,36.888],[-87.8812,36.8843],[-87.8781,36.8822]],[[-87.9034,36.6346],[-87.9047,36.6324],[-87.9011,36.6282],[-87.9034,36.6346]],[[-88.0244,36.9204],[-88.0207,36.9192],[-88.0224,36.9213],[-88.0244,36.9204]],[[-87.9504,36.7042],[-87.9506,36.703],[-87.9466,36.7004],[-87.9504,36.7042]],[[-87.9049,36.6569],[-87.9034,36.6495],[-87.9022,36.6522],[-87.9049,36.6569]],[[-87.9812,36.7899],[-87.9828,36.7862],[-87.981,36.7836],[-87.9812,36.7899]],[[-87.9045,36.6393],[-87.9043,36.6429],[-87.9062,36.6361],[-87.9045,36.6393]],[[-87.9146,36.6731],[-87.9132,36.6723],[-87.918,36.6775],[-87.9146,36.6731]],[[-87.8926,36.6473],[-87.8922,36.6442],[-87.8911,36.6452],[-87.8926,36.6473]],[[-87.871,36.8906],[-87.8726,36.8902],[-87.8701,36.8885],[-87.871,36.8906]],[[-87.9635,36.7383],[-87.9631,36.7337],[-87.9611,36.7328],[-87.9635,36.7383]],[[-87.9069,36.6571],[-87.9078,36.6607],[-87.9081,36.658],[-87.9069,36.6571]],[[-87.8323,36.4903],[-87.8288,36.491],[-87.8244,36.4931],[-87.8323,36.4903]],[[-87.9223,36.68],[-87.9204,36.6791],[-87.9252,36.6824],[-87.9223,36.68]],[[-87.9659,36.8567],[-87.9641,36.8556],[-87.9646,36.8578],[-87.9659,36.8567]],[[-87.8419,36.5036],[-87.8383,36.5005],[-87.8392,36.5034],[-87.8419,36.5036]],[[-87.9437,36.6946],[-87.9485,36.6966],[-87.9468,36.6954],[-87.9437,36.6946]],[[-87.9015,36.6406],[-87.9009,36.6398],[-87.9018,36.6463],[-87.9015,36.6406]],[[-87.9032,36.6318],[-87.9044,36.6316],[-87.9042,36.6273],[-87.9032,36.6318]],[[-87.8945,36.6495],[-87.8937,36.647],[-87.8929,36.6484],[-87.8945,36.6495]],[[-87.9059,36.6322],[-87.9056,36.6352],[-87.907,36.633],[-87.9059,36.6322]],[[-87.9022,36.6575],[-87.9017,36.6557],[-87.9015,36.6593],[-87.9022,36.6575]],[[-87.9146,36.6834],[-87.9106,36.6823],[-87.9124,36.6837],[-87.9146,36.6834]],[[-88.0042,36.8874],[-88.0063,36.8865],[-88.004,36.886],[-88.0042,36.8874]],[[-87.6656,36.406],[-87.6657,36.409],[-87.6664,36.4075],[-87.6656,36.406]],[[-88.195,36.9871],[-88.1924,36.987],[-88.1961,36.9888],[-88.195,36.9871]],[[-87.8746,36.5376],[-87.875,36.5365],[-87.874,36.5338],[-87.8746,36.5376]],[[-87.9221,36.6759],[-87.9205,36.6761],[-87.9213,36.6785],[-87.9221,36.6759]],[[-87.9476,36.8548],[-87.9479,36.8574],[-87.9482,36.8561],[-87.9476,36.8548]],[[-87.9252,36.8617],[-87.9272,36.8611],[-87.9248,36.8605],[-87.9252,36.8617]],[[-87.6922,36.4266],[-87.6893,36.424],[-87.6905,36.4263],[-87.6922,36.4266]],[[-87.7275,36.4782],[-87.7256,36.4772],[-87.726,36.4783],[-87.7275,36.4782]],[[-87.8439,36.5054],[-87.8451,36.5046],[-87.8435,36.5036],[-87.8439,36.5054]],[[-87.9761,36.8017],[-87.973,36.8054],[-87.9742,36.8046],[-87.9761,36.8017]],[[-87.9058,36.6565],[-87.9075,36.6563],[-87.9059,36.6547],[-87.9058,36.6565]],[[-87.8412,36.5056],[-87.8413,36.504],[-87.8402,36.5042],[-87.8412,36.5056]],[[-87.9699,36.7506],[-87.9699,36.7489],[-87.9689,36.7514],[-87.9699,36.7506]],[[-88.0999,37.0567],[-88.098,37.0566],[-88.0982,37.0575],[-88.0999,37.0567]],[[-87.9214,36.6837],[-87.9186,36.6822],[-87.9218,36.684],[-87.9214,36.6837]],[[-87.9484,36.6989],[-87.9467,36.6989],[-87.9497,36.7001],[-87.9484,36.6989]],[[-87.8004,36.5031],[-87.8041,36.5019],[-87.8013,36.5024],[-87.8004,36.5031]],[[-87.7096,36.4829],[-87.7113,36.4829],[-87.7116,36.4819],[-87.7096,36.4829]],[[-87.9798,36.838],[-87.9791,36.8334],[-87.9793,36.8364],[-87.9798,36.838]],[[-87.9729,36.8061],[-87.9723,36.8068],[-87.9722,36.8089],[-87.9729,36.8061]],[[-88.1945,36.9851],[-88.1931,36.9864],[-88.1947,36.986],[-88.1945,36.9851]],[[-87.9431,36.6999],[-87.9442,36.6993],[-87.943,36.6984],[-87.9431,36.6999]],[[-88.117,37.0485],[-88.1154,37.0488],[-88.1166,37.0494],[-88.117,37.0485]],[[-87.9219,36.6784],[-87.9239,36.68],[-87.9225,36.6782],[-87.9219,36.6784]],[[-87.9462,36.7004],[-87.9444,36.6994],[-87.9457,36.7007],[-87.9462,36.7004]],[[-88.1846,37.0082],[-88.1878,37.0094],[-88.1856,37.0077],[-88.1846,37.0082]],[[-87.9358,36.6932],[-87.9359,36.6927],[-87.9333,36.692],[-87.9358,36.6932]],[[-87.9605,36.7086],[-87.9602,36.7084],[-87.9632,36.7122],[-87.9605,36.7086]],[[-87.9747,36.7397],[-87.9749,36.7376],[-87.9744,36.7372],[-87.9747,36.7397]],[[-87.9719,36.7304],[-87.972,36.7294],[-87.9714,36.7266],[-87.9719,36.7304]],[[-87.9634,36.7081],[-87.9642,36.7088],[-87.9646,36.7077],[-87.9634,36.7081]],[[-87.9417,36.7003],[-87.9413,36.6991],[-87.9408,36.7001],[-87.9417,36.7003]],[[-87.9702,36.7217],[-87.9703,36.7193],[-87.9697,36.7189],[-87.9702,36.7217]],[[-87.8874,36.6218],[-87.8874,36.6231],[-87.8891,36.6223],[-87.8874,36.6218]],[[-87.949,36.6987],[-87.9519,36.7005],[-87.9504,36.699],[-87.949,36.6987]],[[-87.9318,36.6795],[-87.9313,36.6792],[-87.9337,36.6811],[-87.9318,36.6795]],[[-87.8362,36.5019],[-87.8348,36.5027],[-87.8355,36.5029],[-87.8362,36.5019]],[[-87.9353,36.6932],[-87.934,36.6938],[-87.9358,36.6946],[-87.9353,36.6932]],[[-87.9731,36.7362],[-87.9726,36.7369],[-87.9731,36.7381],[-87.9731,36.7362]],[[-88.0067,36.8887],[-88.0074,36.8885],[-88.0069,36.8875],[-88.0067,36.8887]],[[-87.9658,36.7174],[-87.9659,36.7163],[-87.965,36.7154],[-87.9658,36.7174]],[[-87.8536,36.5114],[-87.8546,36.5127],[-87.8555,36.5125],[-87.8536,36.5114]],[[-87.8718,36.5315],[-87.8709,36.5304],[-87.8712,36.5316],[-87.8718,36.5315]],[[-87.8653,36.5134],[-87.866,36.5137],[-87.8651,36.5125],[-87.8653,36.5134]],[[-87.8935,36.5748],[-87.8928,36.5736],[-87.8926,36.5747],[-87.8935,36.5748]],[[-87.9548,36.7028],[-87.9531,36.7013],[-87.9535,36.702],[-87.9548,36.7028]],[[-87.9131,36.6822],[-87.9149,36.6825],[-87.9143,36.6818],[-87.9131,36.6822]],[[-87.8924,36.6204],[-87.8902,36.6207],[-87.8921,36.621],[-87.8924,36.6204]],[[-87.8681,36.5245],[-87.8675,36.5243],[-87.8687,36.5252],[-87.8681,36.5245]],[[-87.9414,36.6938],[-87.9429,36.6949],[-87.9425,36.694],[-87.9414,36.6938]],[[-87.8734,36.5324],[-87.8731,36.5331],[-87.874,36.5335],[-87.8734,36.5324]],[[-87.8674,36.5166],[-87.8667,36.5174],[-87.8679,36.5175],[-87.8674,36.5166]],[[-87.8911,36.5466],[-87.8908,36.5452],[-87.8913,36.5475],[-87.8911,36.5466]],[[-87.9068,36.602],[-87.9063,36.6016],[-87.9059,36.6037],[-87.9068,36.602]],[[-87.8669,36.5177],[-87.8663,36.5178],[-87.8678,36.5185],[-87.8669,36.5177]],[[-87.9762,36.7371],[-87.9768,36.7381],[-87.9769,36.7372],[-87.9762,36.7371]],[[-87.936,36.8525],[-87.9361,36.8528],[-87.9383,36.8537],[-87.936,36.8525]],[[-87.9535,36.7053],[-87.954,36.7055],[-87.9522,36.7043],[-87.9535,36.7053]],[[-87.8699,36.5289],[-87.87,36.5297],[-87.8708,36.5301],[-87.8699,36.5289]],[[-87.8447,36.5069],[-87.8439,36.5072],[-87.8444,36.5076],[-87.8447,36.5069]],[[-87.9688,36.733],[-87.9692,36.7328],[-87.9687,36.7316],[-87.9688,36.733]],[[-87.9069,36.6611],[-87.9077,36.6613],[-87.9082,36.6608],[-87.9069,36.6611]],[[-88.1004,37.0567],[-88.1017,37.0565],[-88.1012,37.0562],[-88.1004,37.0567]],[[-87.7252,36.4786],[-87.7249,36.4776],[-87.7248,36.479],[-87.7252,36.4786]],[[-87.9401,36.854],[-87.9393,36.8541],[-87.9416,36.8544],[-87.9401,36.854]],[[-87.9708,36.7201],[-87.9711,36.7205],[-87.9716,36.7197],[-87.9708,36.7201]],[[-88.0089,36.8881],[-88.0092,36.8874],[-88.0087,36.8875],[-88.0089,36.8881]],[[-87.8298,36.4978],[-87.829,36.4975],[-87.8297,36.4983],[-87.8298,36.4978]],[[-87.8209,36.4904],[-87.8197,36.4908],[-87.8204,36.4909],[-87.8209,36.4904]],[[-88.2092,37.0094],[-88.2101,37.0091],[-88.2098,37.009],[-88.2092,37.0094]],[[-87.986,36.7796],[-87.9857,36.78],[-87.9865,36.7815],[-87.986,36.7796]],[[-87.9399,36.7449],[-87.9388,36.7454],[-87.9387,36.7459],[-87.9399,36.7449]],[[-88.2083,37.0087],[-88.2091,37.0084],[-88.2085,37.0082],[-88.2083,37.0087]],[[-87.9738,36.8539],[-87.9735,36.8539],[-87.9737,36.855],[-87.9738,36.8539]],[[-87.9709,36.7475],[-87.9708,36.7469],[-87.9705,36.7474],[-87.9709,36.7475]],[[-87.9399,36.6932],[-87.9408,36.6939],[-87.9406,36.6933],[-87.9399,36.6932]],[[-88.2043,37.0129],[-88.2051,37.0125],[-88.2046,37.0125],[-88.2043,37.0129]],[[-88.0135,37.033],[-88.0149,37.033],[-88.0145,37.0327],[-88.0135,37.033]],[[-88.2035,37.0121],[-88.2041,37.0116],[-88.2035,37.0117],[-88.2035,37.0121]],[[-87.874,36.538],[-87.8734,36.5374],[-87.8734,36.538],[-87.874,36.538]],[[-87.8688,36.5213],[-87.8683,36.521],[-87.8685,36.5217],[-87.8688,36.5213]],[[-87.8384,36.5001],[-87.8374,36.4995],[-87.8374,36.4998],[-87.8384,36.5001]],[[-87.933,36.6864],[-87.932,36.6866],[-87.9336,36.6868],[-87.933,36.6864]],[[-87.7999,36.4958],[-87.7993,36.4966],[-87.7998,36.4965],[-87.7999,36.4958]],[[-88.2019,37.0143],[-88.2022,37.0145],[-88.2027,37.014],[-88.2019,37.0143]],[[-87.9962,36.8888],[-87.9959,36.889],[-87.9964,36.8896],[-87.9962,36.8888]],[[-88.201,37.0136],[-88.2017,37.0131],[-88.2011,37.0132],[-88.201,37.0136]],[[-87.874,36.8992],[-87.8742,36.8997],[-87.8748,36.8999],[-87.874,36.8992]],[[-87.9457,36.699],[-87.9461,36.6988],[-87.9455,36.6984],[-87.9457,36.699]],[[-87.9741,36.8605],[-87.9745,36.8601],[-87.9738,36.8601],[-87.9741,36.8605]],[[-87.9091,36.6561],[-87.9095,36.6559],[-87.9094,36.6554],[-87.9091,36.6561]],[[-88.0286,37.0114],[-88.0284,37.0111],[-88.0279,37.0113],[-88.0286,37.0114]],[[-87.9732,36.7181],[-87.9725,36.7189],[-87.9735,36.7181],[-87.9732,36.7181]],[[-87.9764,36.7362],[-87.9772,36.7367],[-87.9767,36.736],[-87.9764,36.7362]],[[-87.9995,36.9275],[-87.9988,36.9277],[-87.9995,36.9278],[-87.9995,36.9275]],[[-88.0292,36.9323],[-88.0288,36.9324],[-88.0289,36.9328],[-88.0292,36.9323]],[[-87.8704,36.526],[-87.8701,36.526],[-87.8703,36.5266],[-87.8704,36.526]],[[-87.8905,36.5437],[-87.8901,36.5437],[-87.8902,36.5441],[-87.8905,36.5437]],[[-87.8178,36.4904],[-87.818,36.49],[-87.8173,36.4902],[-87.8178,36.4904]],[[-87.9688,36.7173],[-87.9693,36.7182],[-87.969,36.7172],[-87.9688,36.7173]],[[-87.7198,36.4793],[-87.7206,36.4792],[-87.7206,36.4788],[-87.7198,36.4793]],[[-87.892,36.5491],[-87.8919,36.5492],[-87.8922,36.5501],[-87.892,36.5491]],[[-87.8698,36.5256],[-87.8695,36.5258],[-87.87,36.5259],[-87.8698,36.5256]],[[-87.923,36.6759],[-87.9231,36.6765],[-87.9234,36.6762],[-87.923,36.6759]],[[-87.9725,36.741],[-87.9722,36.7414],[-87.9724,36.7417],[-87.9725,36.741]],[[-87.9683,36.7312],[-87.9686,36.7313],[-87.9683,36.7307],[-87.9683,36.7312]],[[-87.9339,36.8509],[-87.934,36.8512],[-87.9345,36.8515],[-87.9339,36.8509]],[[-88.0044,36.9248],[-88.0042,36.9249],[-88.0047,36.9254],[-88.0044,36.9248]],[[-87.9331,36.6854],[-87.9332,36.6857],[-87.9337,36.6858],[-87.9331,36.6854]],[[-87.8005,36.4747],[-87.8004,36.4749],[-87.8009,36.4751],[-87.8005,36.4747]],[[-87.9143,36.6641],[-87.9145,36.6645],[-87.9141,36.6639],[-87.9143,36.6641]],[[-87.8675,36.4916],[-87.8674,36.492],[-87.8678,36.4919],[-87.8675,36.4916]],[[-87.913,36.6824],[-87.9126,36.6825],[-87.9133,36.6826],[-87.913,36.6824]],[[-87.9703,36.7481],[-87.9702,36.7485],[-87.9705,36.7484],[-87.9703,36.7481]],[[-87.6632,36.413],[-87.6627,36.413],[-87.663,36.4133],[-87.6632,36.413]],[[-87.8675,36.5239],[-87.8671,36.5238],[-87.8673,36.5241],[-87.8675,36.5239]],[[-87.9022,36.6229],[-87.9019,36.6229],[-87.9018,36.6233],[-87.9022,36.6229]],[[-87.7298,36.479],[-87.73,36.4792],[-87.7299,36.4788],[-87.7298,36.479]],[[-87.8927,36.5514],[-87.8925,36.5514],[-87.8927,36.5518],[-87.8927,36.5514]],[[-87.9731,36.8566],[-87.9736,36.8565],[-87.9733,36.8565],[-87.9731,36.8566]],[[-87.8615,36.8915],[-87.8614,36.8918],[-87.8616,36.8917],[-87.8615,36.8915]],[[-87.8923,36.5526],[-87.8921,36.5527],[-87.8923,36.5529],[-87.8923,36.5526]],[[-87.9136,36.6721],[-87.9137,36.6719],[-87.9131,36.6722],[-87.9136,36.6721]],[[-87.9025,36.6491],[-87.9026,36.6489],[-87.9022,36.6487],[-87.9025,36.6491]],[[-87.9236,36.6767],[-87.9239,36.6767],[-87.9238,36.6765],[-87.9236,36.6767]],[[-87.6892,36.4398],[-87.6894,36.4397],[-87.6891,36.4396],[-87.6892,36.4398]],[[-88.0022,36.9274],[-88.0021,36.9276],[-88.0022,36.9277],[-88.0022,36.9274]]],[[[-87.7561,36.5001],[-87.7551,36.499],[-87.7538,36.499],[-87.7561,36.5001]]],[[[-87.9115,36.7474],[-87.9109,36.7479],[-87.9124,36.7475],[-87.9115,36.7474]]],[[[-88.0751,36.9856],[-88.0761,36.9853],[-88.0752,36.9851],[-88.0751,36.9856]]],[[[-87.8285,36.5149],[-87.8287,36.5151],[-87.829,36.5146],[-87.8285,36.5149]]],[[[-87.7646,36.4986],[-87.7647,36.4984],[-87.7645,36.4983],[-87.7646,36.4986]]],[[[-87.7641,36.4983],[-87.7642,36.4982],[-87.7641,36.4981],[-87.7641,36.4983]]],[[[-88.0071,36.9288],[-88.0069,36.9289],[-88.007,36.9289],[-88.0071,36.9288]]]]},"properties":{"name":"Lake Barkley","layer":"nhd_lakes","waterbody_type":"Lake/Pond","area_acres":49076.28,"elevation":null,"fcode":39004}},{"type":"Feature","geometry":{"type":"Polygon","coordinates":[[[-87.7394,36.5692],[-87.7397,36.5691],[-87.7397,36.5694],[-87.7394,36.5692]]]},"properties":{"name":"Unnamed Lake (54405154)","layer":"nhd_lakes","waterbody_type":"Lake/Pond","area_acres":0.25,"elevation":null,"fcode":39004}},{"type":"Feature","geometry":{"type":"Polygon","coordinates":[[[-87.696,36.5558],[-87.6959,36.5559],[-87.6958,36.5558],[-87.696,36.5558]]]},"properties":{"name":"Unnamed Lake (54405369)","layer":"nhd_lakes","waterbody_type":"Lake/Pond","area_acres":0.08,"elevation":null,"fcode":39004}},{"type":"Feature","geometry":{"type":"Polygon","coordinates":[[[-87.7936,36.5757],[-87.7932,36.5758],[-87.7933,36.5756],[-87.7936,36.5757]]]},"properties":{"name":"Unnamed Lake (58823918)","layer":"nhd_lakes","waterbody_type":"Lake/Pond","area_acres":0.25,"elevation":null,"fcode":39004}},{"type":"Feature","geometry":{"type":"Polygon","coordinates":[[[-87.7822,36.5588],[-87.7801,36.5599],[-87.7816,36.5587],[-87.7822,36.5588]]]},"properties":{"name":"Unnamed Lake (58824003)","layer":"nhd_lakes","waterbody_type":"Lake/Pond","area_acres":1.48,"elevation":null,"fcode":39004}},{"type":"Feature","geometry":{"type":"Polygon","coordinates":[[[-87.8477,36.5599],[-87.8476,36.5599],[-87.8476,36.5597],[-87.8477,36.5599]]]},"properties":{"name":"Unnamed Lake (58824043)","layer":"nhd_lakes","waterbody_type":"Lake/Pond","area_acres":null,"elevation":null,"fcode":39004}},{"type":"Feature","geometry":{"type":"Polygon","coordinates":[[[-87.7019,36.5437],[-87.7019,36.5438],[-87.7017,36.5437],[-87.7019,36.5437]]]},"properties":{"name":"Unnamed Lake (58824121)","layer":"nhd_lakes","waterbody_type":"Lake/Pond","area_acres":null,"elevation":null,"fcode":39004}},{"type":"Feature","geometry":{"type":"Polygon","coordinates":[[[-87.5957,36.5279],[-87.5959,36.5278],[-87.5959,36.528],[-87.5957,36.5279]]]},"properties":{"name":"Unnamed Lake (58824226)","layer":"nhd_lakes","waterbody_type":"Lake/Pond","area_acres":null,"elevation":null,"fcode":39004}},{"type":"Feature","geometry":{"type":"Polygon","coordinates":[[[-87.61,36.5271],[-87.6104,36.5269],[-87.6105,36.5271],[-87.61,36.5271]]]},"properties":{"name":"Unnamed Lake (58824241)","layer":"nhd_lakes","waterbody_type":"Lake/Pond","area_acres":0.25,"elevation":null,"fcode":39004}},{"type":"Feature","geometry":{"type":"Polygon","coordinates":[[[-87.8927,36.5398],[-87.894,36.5417],[-87.8925,36.5414],[-87.8927,36.5398]]]},"properties":{"name":"Lake Barkley","layer":"nhd_lakes","waterbody_type":"Lake/Pond","area_acres":6.18,"elevation":null,"fcode":39004}},{"type":"Feature","geometry":{"type":"Polygon","coordinates":[[[-87.5825,36.512],[-87.5827,36.5122],[-87.5824,36.5122],[-87.5825,36.512]]]},"properties":{"name":"Unnamed Lake (58824405)","layer":"nhd_lakes","waterbody_type":"Lake/Pond","area_acres":null,"elevation":null,"fcode":39004}},{"type":"Feature","geometry":{"type":"Polygon","coordinates":[[[-87.6465,36.445],[-87.6465,36.4452],[-87.6464,36.4451],[-87.6465,36.445]]]},"properties":{"name":"Unnamed Lake (58825314)","layer":"nhd_lakes","waterbody_type":"Lake/Pond","area_acres":null,"elevation":null,"fcode":39004}},{"type":"Feature","geometry":{"type":"Polygon","coordinates":[[[-87.6377,36.4394],[-87.6378,36.4395],[-87.6376,36.4395],[-87.6377,36.4394]]]},"properties":{"name":"Unnamed Lake (58825382)","layer":"nhd_lakes","waterbody_type":"Lake/Pond","area_acres":null,"elevation":null,"fcode":39004}},{"type":"Feature","geometry":{"type":"Polygon","coordinates":[[[-87.6756,36.435],[-87.6756,36.4352],[-87.6755,36.4351],[-87.6756,36.435]]]},"properties":{"name":"Unnamed Lake (58825448)","layer":"nhd_lakes","waterbody_type":"Lake/Pond","area_acres":null,"elevation":null,"fcode":39004}},{"type":"Feature","geometry":{"type":"Polygon","coordinates":[[[-87.6362,36.4224],[-87.6362,36.4227],[-87.636,36.4226],[-87.6362,36.4224]]]},"properties":{"name":"Unnamed Lake (58825562)","layer":"nhd_lakes","waterbody_type":"Lake/Pond","area_acres":0.25,"elevation":null,"fcode":39004}},{"type":"Feature","geometry":{"type":"Polygon","coordinates":[[[-87.8638,36.4188],[-87.8642,36.4189],[-87.8635,36.4195],[-87.8638,36.4188]]]},"properties":{"name":"Unnamed Lake (58825781)","layer":"nhd_lakes","waterbody_type":"Lake/Pond","area_acres":0.49,"elevation":null,"fcode":39004}},{"type":"Feature","geometry":{"type":"Polygon","coordinates":[[[-87.6832,36.4021],[-87.6834,36.4023],[-87.6828,36.4026],[-87.6832,36.4021]]]},"properties":{"name":"Unnamed Lake (58825851)","layer":"nhd_lakes","waterbody_type":"Lake/Pond","area_acres":0.49,"elevation":null,"fcode":39004}},{"type":"Feature","geometry":{"type":"Polygon","coordinates":[[[-87.6957,36.3732],[-87.6958,36.3735],[-87.6954,36.3735],[-87.6957,36.3732]]]},"properties":{"name":"Unnamed Lake (58826101)","layer":"nhd_lakes","waterbody_type":"Lake/Pond","area_acres":0.25,"elevation":null,"fcode":39004}},{"type":"Feature","geometry":{"type":"Polygon","coordinates":[[[-87.707,36.3237],[-87.707,36.3239],[-87.7068,36.3237],[-87.707,36.3237]]]},"properties":{"name":"Unnamed Lake (58826534)","layer":"nhd_lakes","waterbody_type":"Lake/Pond","area_acres":null,"elevation":null,"fcode":39004}},{"type":"Feature","geometry":{"type":"Polygon","coordinates":[[[-87.6409,36.5697],[-87.6407,36.5698],[-87.641,36.5692],[-87.6409,36.5697]]]},"properties":{"name":"Unnamed Lake (54404999)","layer":"nhd_lakes","waterbody_type":"Lake/Pond","area_acres":0.25,"elevation":null,"fcode":39004}},{"type":"Feature","geometry":{"type":"Polygon","coordinates":[[[-87.7204,36.5568],[-87.7207,36.5565],[-87.7207,36.5568],[-87.7204,36.5568]]]},"properties":{"name":"Unnamed Lake (54405393)","layer":"nhd_lakes","waterbody_type":"Lake/Pond","area_acres":0.15,"elevation":null,"fcode":39004}},{"type":"Feature","geometry":{"type":"Polygon","coordinates":[[[-87.8172,36.597],[-87.8171,36.5968],[-87.8174,36.5967],[-87.8172,36.597]]]},"properties":{"name":"Unnamed Lake (58823866)","layer":"nhd_lakes","waterbody_type":"Lake/Pond","area_acres":null,"elevation":null,"fcode":39004}},{"type":"Feature","geometry":{"type":"Polygon","coordinates":[[[-87.751,36.5781],[-87.7507,36.5778],[-87.751,36.5778],[-87.751,36.5781]]]},"properties":{"name":"Unnamed Lake (58823895)","layer":"nhd_lakes","waterbody_type":"Lake/Pond","area_acres":0.25,"elevation":null,"fcode":39004}},{"type":"Feature","geometry":{"type":"Polygon","coordinates":[[[-87.7433,36.5696],[-87.7432,36.5693],[-87.7435,36.5694],[-87.7433,36.5696]]]},"properties":{"name":"Unnamed Lake (58823940)","layer":"nhd_lakes","waterbody_type":"Lake/Pond","area_acres":0.25,"elevation":null,"fcode":39004}},{"type":"Feature","geometry":{"type":"Polygon","coordinates":[[[-87.671,36.5273],[-87.671,36.5271],[-87.6712,36.5272],[-87.671,36.5273]]]},"properties":{"name":"Unnamed Lake (58824287)","layer":"nhd_lakes","waterbody_type":"Lake/Pond","area_acres":0.25,"elevation":null,"fcode":39004}},{"type":"Feature","geometry":{"type":"Polygon","coordinates":[[[-87.8342,36.5344],[-87.8342,36.5342],[-87.8344,36.5343],[-87.8342,36.5344]]]},"properties":{"name":"Unnamed Lake (58824346)","layer":"nhd_lakes","waterbody_type":"Lake/Pond","area_acres":null,"elevation":null,"fcode":39004}},{"type":"Feature","geometry":{"type":"Polygon","coordinates":[[[-87.8128,36.5275],[-87.8127,36.5277],[-87.8124,36.5275],[-87.8128,36.5275]]]},"properties":{"name":"Unnamed Lake (58824418)","layer":"nhd_lakes","waterbody_type":"Lake/Pond","area_acres":null,"elevation":null,"fcode":39004}},{"type":"Feature","geometry":{"type":"Polygon","coordinates":[[[-87.7002,36.4774],[-87.7003,36.4775],[-87.7001,36.4776],[-87.7002,36.4774]]]},"properties":{"name":"Unnamed Lake (58824947)","layer":"nhd_lakes","waterbody_type":"Lake/Pond","area_acres":null,"elevation":null,"fcode":39004}},{"type":"Feature","geometry":{"type":"Polygon","coordinates":[[[-87.593,36.4431],[-87.593,36.4433],[-87.5929,36.4432],[-87.593,36.4431]]]},"properties":{"name":"Unnamed Lake (58825290)","layer":"nhd_lakes","waterbody_type":"Lake/Pond","area_acres":null,"elevation":null,"fcode":39004}},{"type":"Feature","geometry":{"type":"Polygon","coordinates":[[[-87.5755,36.4415],[-87.5756,36.4415],[-87.5755,36.4417],[-87.5755,36.4415]]]},"properties":{"name":"Unnamed Lake (58825294)","layer":"nhd_lakes","waterbody_type":"Lake/Pond","area_acres":0.25,"elevation":null,"fcode":39004}},{"type":"Feature","geometry":{"type":"Polygon","coordinates":[[[-87.647,36.4405],[-87.647,36.4407],[-87.6466,36.4408],[-87.647,36.4405]]]},"properties":{"name":"Unnamed Lake (58825376)","layer":"nhd_lakes","waterbody_type":"Lake/Pond","area_acres":0.25,"elevation":null,"fcode":39004}},{"type":"Feature","geometry":{"type":"Polygon","coordinates":[[[-87.64,36.3663],[-87.6401,36.3662],[-87.6403,36.3662],[-87.64,36.3663]]]},"properties":{"name":"Unnamed Lake (58826129)","layer":"nhd_lakes","waterbody_type":"Lake/Pond","area_acres":null,"elevation":null,"fcode":39004}},{"type":"Feature","geometry":{"type":"Polygon","coordinates":[[[-87.6306,36.3582],[-87.6307,36.3589],[-87.6298,36.3595],[-87.6306,36.3582]]]},"properties":{"name":"Unnamed Lake (58826169)","layer":"nhd_lakes","waterbody_type":"Lake/Pond","area_acres":1.98,"elevation":null,"fcode":39004}},{"type":"Feature","geometry":{"type":"Polygon","coordinates":[[[-87.7447,36.3291],[-87.7448,36.3288],[-87.7449,36.329],[-87.7447,36.3291]]]},"properties":{"name":"Unnamed Lake (58826489)","layer":"nhd_lakes","waterbody_type":"Lake/Pond","area_acres":0.25,"elevation":null,"fcode":39004}},{"type":"Feature","geometry":{"type":"Polygon","coordinates":[[[-87.7169,36.579],[-87.7172,36.5786],[-87.7172,36.579],[-87.7169,36.579]]]},"properties":{"name":"Unnamed Lake (54404904)","layer":"nhd_lakes","waterbody_type":"Lake/Pond","area_acres":0.25,"elevation":null,"fcode":39004}},{"type":"Feature","geometry":{"type":"Polygon","coordinates":[[[-87.8002,36.5649],[-87.8005,36.5649],[-87.8003,36.565],[-87.8002,36.5649]]]},"properties":{"name":"Unnamed Lake (58823973)","layer":"nhd_lakes","waterbody_type":"Lake/Pond","area_acres":null,"elevation":null,"fcode":39004}},{"type":"Feature","geometry":{"type":"Polygon","coordinates":[[[-87.8533,36.5562],[-87.8535,36.5561],[-87.8534,36.5562],[-87.8533,36.5562]]]},"properties":{"name":"Unnamed Lake (58824092)","layer":"nhd_lakes","waterbody_type":"Lake/Pond","area_acres":null,"elevation":null,"fcode":39004}},{"type":"Feature","geometry":{"type":"Polygon","coordinates":[[[-87.585,36.5158],[-87.5853,36.516],[-87.5851,36.516],[-87.585,36.5158]]]},"properties":{"name":"Unnamed Lake (58824363)","layer":"nhd_lakes","waterbody_type":"Lake/Pond","area_acres":null,"elevation":null,"fcode":39004}},{"type":"Feature","geometry":{"type":"Polygon","coordinates":[[[-87.5819,36.5078],[-87.5816,36.5079],[-87.5816,36.5077],[-87.5819,36.5078]]]},"properties":{"name":"Unnamed Lake (58824466)","layer":"nhd_lakes","waterbody_type":"Lake/Pond","area_acres":0.25,"elevation":null,"fcode":39004}},{"type":"Feature","geometry":{"type":"Polygon","coordinates":[[[-87.8159,36.5125],[-87.8165,36.5128],[-87.8158,36.5128],[-87.8159,36.5125]]]},"properties":{"name":"Unnamed Lake (58824606)","layer":"nhd_lakes","waterbody_type":"Lake/Pond","area_acres":0.25,"elevation":null,"fcode":39004}},{"type":"Feature","geometry":{"type":"Polygon","coordinates":[[[-87.7886,36.4901],[-87.7887,36.4904],[-87.7881,36.4904],[-87.7886,36.4901]]]},"properties":{"name":"Unnamed Lake (58824857)","layer":"nhd_lakes","waterbody_type":"Lake/Pond","area_acres":0.49,"elevation":null,"fcode":39004}},{"type":"Feature","geometry":{"type":"Polygon","coordinates":[[[-87.5711,36.47],[-87.5712,36.4701],[-87.571,36.4701],[-87.5711,36.47]]]},"properties":{"name":"Unnamed Lake (58824923)","layer":"nhd_lakes","waterbody_type":"Lake/Pond","area_acres":null,"elevation":null,"fcode":39004}},{"type":"Feature","geometry":{"type":"Polygon","coordinates":[[[-87.6898,36.4713],[-87.6899,36.4715],[-87.6897,36.4715],[-87.6898,36.4713]]]},"properties":{"name":"Unnamed Lake (58825024)","layer":"nhd_lakes","waterbody_type":"Lake/Pond","area_acres":null,"elevation":null,"fcode":39004}},{"type":"Feature","geometry":{"type":"Polygon","coordinates":[[[-87.5818,36.4437],[-87.5819,36.4438],[-87.5818,36.4439],[-87.5818,36.4437]]]},"properties":{"name":"Unnamed Lake (58825276)","layer":"nhd_lakes","waterbody_type":"Lake/Pond","area_acres":null,"elevation":null,"fcode":39004}},{"type":"Feature","geometry":{"type":"Polygon","coordinates":[[[-87.7252,36.4517],[-87.7253,36.4519],[-87.7251,36.4518],[-87.7252,36.4517]]]},"properties":{"name":"Unnamed Lake (58825299)","layer":"nhd_lakes","waterbody_type":"Lake/Pond","area_acres":null,"elevation":null,"fcode":39004}},{"type":"Feature","geometry":{"type":"Polygon","coordinates":[[[-87.6355,36.445],[-87.6356,36.445],[-87.6354,36.4451],[-87.6355,36.445]]]},"properties":{"name":"Unnamed Lake (58825305)","layer":"nhd_lakes","waterbody_type":"Lake/Pond","area_acres":null,"elevation":null,"fcode":39004}},{"type":"Feature","geometry":{"type":"Polygon","coordinates":[[[-87.6459,36.4428],[-87.6459,36.443],[-87.6456,36.443],[-87.6459,36.4428]]]},"properties":{"name":"Unnamed Lake (58825346)","layer":"nhd_lakes","waterbody_type":"Lake/Pond","area_acres":null,"elevation":null,"fcode":39004}},{"type":"Feature","geometry":{"type":"Polygon","coordinates":[[[-87.8351,36.4437],[-87.8351,36.444],[-87.8349,36.444],[-87.8351,36.4437]]]},"properties":{"name":"Unnamed Lake (58825474)","layer":"nhd_lakes","waterbody_type":"Lake/Pond","area_acres":0.25,"elevation":null,"fcode":39004}},{"type":"Feature","geometry":{"type":"Polygon","coordinates":[[[-87.6393,36.428],[-87.6393,36.4283],[-87.6389,36.4283],[-87.6393,36.428]]]},"properties":{"name":"Unnamed Lake (58825500)","layer":"nhd_lakes","waterbody_type":"Lake/Pond","area_acres":0.25,"elevation":null,"fcode":39004}},{"type":"Feature","geometry":{"type":"Polygon","coordinates":[[[-87.7399,36.4291],[-87.74,36.4292],[-87.7397,36.4292],[-87.7399,36.4291]]]},"properties":{"name":"Unnamed Lake (58825570)","layer":"nhd_lakes","waterbody_type":"Lake/Pond","area_acres":null,"elevation":null,"fcode":39004}},{"type":"Feature","geometry":{"type":"Polygon","coordinates":[[[-87.6509,36.4106],[-87.6507,36.4109],[-87.6505,36.4106],[-87.6509,36.4106]]]},"properties":{"name":"Unnamed Lake (58825692)","layer":"nhd_lakes","waterbody_type":"Lake/Pond","area_acres":0.25,"elevation":null,"fcode":39004}},{"type":"Feature","geometry":{"type":"Polygon","coordinates":[[[-87.5926,36.3992],[-87.5927,36.3994],[-87.5925,36.3993],[-87.5926,36.3992]]]},"properties":{"name":"Unnamed Lake (58825809)","layer":"nhd_lakes","waterbody_type":"Lake/Pond","area_acres":null,"elevation":null,"fcode":39004}},{"type":"Feature","geometry":{"type":"Polygon","coordinates":[[[-87.694,36.3788],[-87.694,36.3789],[-87.6939,36.379],[-87.694,36.3788]]]},"properties":{"name":"Unnamed Lake (58826066)","layer":"nhd_lakes","waterbody_type":"Lake/Pond","area_acres":null,"elevation":null,"fcode":39004}},{"type":"Feature","geometry":{"type":"Polygon","coordinates":[[[-87.7337,36.3643],[-87.7339,36.3644],[-87.7338,36.3646],[-87.7337,36.3643]]]},"properties":{"name":"Unnamed Lake (58826186)","layer":"nhd_lakes","waterbody_type":"Lake/Pond","area_acres":0.25,"elevation":null,"fcode":39004}},{"type":"Feature","geometry":{"type":"Polygon","coordinates":[[[-87.6384,36.3571],[-87.6387,36.357],[-87.6386,36.3572],[-87.6384,36.3571]]]},"properties":{"name":"Unnamed Lake (58826191)","layer":"nhd_lakes","waterbody_type":"Lake/Pond","area_acres":0.25,"elevation":null,"fcode":39004}},{"type":"Feature","geometry":{"type":"Polygon","coordinates":[[[-87.7144,36.3591],[-87.7139,36.3589],[-87.7141,36.3588],[-87.7144,36.3591]]]},"properties":{"name":"Unnamed Lake (58826214)","layer":"nhd_lakes","waterbody_type":"Lake/Pond","area_acres":0.25,"elevation":null,"fcode":39004}},{"type":"Feature","geometry":{"type":"Polygon","coordinates":[[[-87.7128,36.3266],[-87.7129,36.3268],[-87.7127,36.3267],[-87.7128,36.3266]]]},"properties":{"name":"Unnamed Lake (58826490)","layer":"nhd_lakes","waterbody_type":"Lake/Pond","area_acres":null,"elevation":null,"fcode":39004}},{"type":"Feature","geometry":{"type":"Polygon","coordinates":[[[-87.7424,36.3254],[-87.7419,36.3256],[-87.742,36.3252],[-87.7424,36.3254]]]},"properties":{"name":"Unnamed Lake (58826542)","layer":"nhd_lakes","waterbody_type":"Lake/Pond","area_acres":0.49,"elevation":null,"fcode":39004}},{"type":"Feature","geometry":{"type":"Polygon","coordinates":[[[-87.7413,36.3242],[-87.7411,36.3243],[-87.7411,36.3241],[-87.7413,36.3242]]]},"properties":{"name":"Unnamed Lake (58826553)","layer":"nhd_lakes","waterbody_type":"Lake/Pond","area_acres":null,"elevation":null,"fcode":39004}},{"type":"Feature","geometry":{"type":"Polygon","coordinates":[[[-87.7655,36.3389],[-87.7655,36.3392],[-87.7652,36.3392],[-87.7655,36.3389]]]},"properties":{"name":"Unnamed Lake (59228832)","layer":"nhd_lakes","waterbody_type":"Lake/Pond","area_acres":0.25,"elevation":null,"fcode":39004}},{"type":"Feature","geometry":{"type":"Polygon","coordinates":[[[-87.7298,36.5084],[-87.7297,36.5083],[-87.7298,36.5083],[-87.7298,36.5084]]]},"properties":{"name":"Unnamed Lake (58824589)","layer":"nhd_lakes","waterbody_type":"Lake/Pond","area_acres":null,"elevation":null,"fcode":39004}},{"type":"Feature","geometry":{"type":"Polygon","coordinates":[[[-87.8272,36.5095],[-87.8272,36.5096],[-87.827,36.5095],[-87.8272,36.5095]]]},"properties":{"name":"Unnamed Lake (58824671)","layer":"nhd_lakes","waterbody_type":"Lake/Pond","area_acres":null,"elevation":null,"fcode":39004}},{"type":"Feature","geometry":{"type":"Polygon","coordinates":[[[-87.7933,36.4942],[-87.7952,36.4981],[-87.7932,36.4981],[-87.7933,36.4942]]]},"properties":{"name":"Lake Barkley","layer":"nhd_lakes","waterbody_type":"Lake/Pond","area_acres":16.56,"elevation":null,"fcode":39004}},{"type":"Feature","geometry":{"type":"Polygon","coordinates":[[[-87.7405,36.4734],[-87.7406,36.4735],[-87.7403,36.4735],[-87.7405,36.4734]]]},"properties":{"name":"Unnamed Lake (58825039)","layer":"nhd_lakes","waterbody_type":"Lake/Pond","area_acres":null,"elevation":null,"fcode":39004}},{"type":"Feature","geometry":{"type":"Polygon","coordinates":[[[-87.7219,36.4525],[-87.7227,36.4524],[-87.7231,36.4528],[-87.7219,36.4525]]]},"properties":{"name":"Unnamed Lake (58825285)","layer":"nhd_lakes","waterbody_type":"Lake/Pond","area_acres":1.24,"elevation":null,"fcode":39004}},{"type":"Feature","geometry":{"type":"Polygon","coordinates":[[[-87.828,36.4511],[-87.8282,36.4513],[-87.8279,36.4516],[-87.828,36.4511]]]},"properties":{"name":"Unnamed Lake (58825395)","layer":"nhd_lakes","waterbody_type":"Lake/Pond","area_acres":0.25,"elevation":null,"fcode":39004}},{"type":"Feature","geometry":{"type":"Polygon","coordinates":[[[-87.6406,36.4378],[-87.6403,36.438],[-87.6403,36.4378],[-87.6406,36.4378]]]},"properties":{"name":"Unnamed Lake (58825400)","layer":"nhd_lakes","waterbody_type":"Lake/Pond","area_acres":0.25,"elevation":null,"fcode":39004}},{"type":"Feature","geometry":{"type":"Polygon","coordinates":[[[-87.6645,36.4386],[-87.6645,36.4388],[-87.6643,36.4388],[-87.6645,36.4386]]]},"properties":{"name":"Unnamed Lake (58825408)","layer":"nhd_lakes","waterbody_type":"Lake/Pond","area_acres":null,"elevation":null,"fcode":39004}},{"type":"Feature","geometry":{"type":"Polygon","coordinates":[[[-87.7956,36.4471],[-87.7959,36.4472],[-87.7955,36.4475],[-87.7956,36.4471]]]},"properties":{"name":"Unnamed Lake (58825410)","layer":"nhd_lakes","waterbody_type":"Lake/Pond","area_acres":0.25,"elevation":null,"fcode":39004}},{"type":"Feature","geometry":{"type":"Polygon","coordinates":[[[-87.6746,36.3804],[-87.6748,36.3804],[-87.6747,36.3805],[-87.6746,36.3804]]]},"properties":{"name":"Unnamed Lake (58826039)","layer":"nhd_lakes","waterbody_type":"Lake/Pond","area_acres":null,"elevation":null,"fcode":39004}},{"type":"Feature","geometry":{"type":"Polygon","coordinates":[[[-87.754,36.3406],[-87.7544,36.3409],[-87.7538,36.341],[-87.754,36.3406]]]},"properties":{"name":"Unnamed Lake (58826382)","layer":"nhd_lakes","waterbody_type":"Lake/Pond","area_acres":0.49,"elevation":null,"fcode":39004}},{"type":"Feature","geometry":{"type":"Polygon","coordinates":[[[-87.7263,36.3251],[-87.7264,36.3249],[-87.7265,36.325],[-87.7263,36.3251]]]},"properties":{"name":"Unnamed Lake (58826536)","layer":"nhd_lakes","waterbody_type":"Lake/Pond","area_acres":null,"elevation":null,"fcode":39004}},{"type":"Feature","geometry":{"type":"Polygon","coordinates":[[[-87.7416,36.3254],[-87.741,36.3256],[-87.7409,36.3251],[-87.7416,36.3254]]]},"properties":{"name":"Unnamed Lake (58826541)","layer":"nhd_lakes","waterbody_type":"Lake/Pond","area_acres":0.49,"elevation":null,"fcode":39004}},{"type":"Feature","geometry":{"type":"Polygon","coordinates":[[[-87.748,36.3214],[-87.7481,36.3215],[-87.748,36.3216],[-87.748,36.3214]]]},"properties":{"name":"Unnamed Lake (58826580)","layer":"nhd_lakes","waterbody_type":"Lake/Pond","area_acres":null,"elevation":null,"fcode":39004}},{"type":"Feature","geometry":{"type":"Polygon","coordinates":[[[-87.7639,36.5958],[-87.7639,36.5952],[-87.7641,36.5959],[-87.7639,36.5958]]]},"properties":{"name":"Unnamed Lake (58823853)","layer":"nhd_lakes","waterbody_type":"Lake/Pond","area_acres":0.25,"elevation":null,"fcode":39004}},{"type":"Feature","geometry":{"type":"Polygon","coordinates":[[[-87.7598,36.5839],[-87.7595,36.5837],[-87.7598,36.5836],[-87.7598,36.5839]]]},"properties":{"name":"Unnamed Lake (58823887)","layer":"nhd_lakes","waterbody_type":"Lake/Pond","area_acres":0.25,"elevation":null,"fcode":39004}},{"type":"Feature","geometry":{"type":"Polygon","coordinates":[[[-87.8418,36.5838],[-87.8419,36.5839],[-87.8414,36.584],[-87.8418,36.5838]]]},"properties":{"name":"Unnamed Lake (58823896)","layer":"nhd_lakes","waterbody_type":"Lake/Pond","area_acres":0.25,"elevation":null,"fcode":39004}},{"type":"Feature","geometry":{"type":"Polygon","coordinates":[[[-87.6519,36.5157],[-87.6521,36.5155],[-87.6522,36.5157],[-87.6519,36.5157]]]},"properties":{"name":"Unnamed Lake (58824431)","layer":"nhd_lakes","waterbody_type":"Lake/Pond","area_acres":0.25,"elevation":null,"fcode":39004}},{"type":"Feature","geometry":{"type":"Polygon","coordinates":[[[-87.6245,36.4497],[-87.6247,36.4498],[-87.6245,36.4499],[-87.6245,36.4497]]]},"properties":{"name":"Unnamed Lake (58825239)","layer":"nhd_lakes","waterbody_type":"Lake/Pond","area_acres":null,"elevation":null,"fcode":39004}},{"type":"Feature","geometry":{"type":"Polygon","coordinates":[[[-87.6489,36.4073],[-87.6491,36.4074],[-87.6488,36.4075],[-87.6489,36.4073]]]},"properties":{"name":"Unnamed Lake (58825731)","layer":"nhd_lakes","waterbody_type":"Lake/Pond","area_acres":0.25,"elevation":null,"fcode":39004}},{"type":"Feature","geometry":{"type":"Polygon","coordinates":[[[-87.6099,36.4017],[-87.61,36.4018],[-87.6099,36.4019],[-87.6099,36.4017]]]},"properties":{"name":"Unnamed Lake (58825784)","layer":"nhd_lakes","waterbody_type":"Lake/Pond","area_acres":null,"elevation":null,"fcode":39004}},{"type":"Feature","geometry":{"type":"Polygon","coordinates":[[[-87.8979,36.4421],[-87.8974,36.4419],[-87.8978,36.4418],[-87.8979,36.4421]]]},"properties":{"name":"Unnamed Lake (59228586)","layer":"nhd_lakes","waterbody_type":"Lake/Pond","area_acres":0.49,"elevation":null,"fcode":39004}},{"type":"Feature","geometry":{"type":"Polygon","coordinates":[[[-87.693,36.5618],[-87.693,36.5613],[-87.6933,36.5617],[-87.693,36.5618]]]},"properties":{"name":"Unnamed Lake (54405228)","layer":"nhd_lakes","waterbody_type":"Lake/Pond","area_acres":0.49,"elevation":null,"fcode":39004}},{"type":"Feature","geometry":{"type":"Polygon","coordinates":[[[-87.7615,36.5784],[-87.7617,36.579],[-87.7611,36.579],[-87.7615,36.5784]]]},"properties":{"name":"Unnamed Lake (58823893)","layer":"nhd_lakes","waterbody_type":"Lake/Pond","area_acres":0.49,"elevation":null,"fcode":39004}},{"type":"Feature","geometry":{"type":"Polygon","coordinates":[[[-87.8833,36.5548],[-87.8844,36.555],[-87.8846,36.5559],[-87.8833,36.5548]]]},"properties":{"name":"Unnamed Lake (58824124)","layer":"nhd_lakes","waterbody_type":"Lake/Pond","area_acres":2.47,"elevation":null,"fcode":39004}},{"type":"Feature","geometry":{"type":"Polygon","coordinates":[[[-87.8504,36.543],[-87.8503,36.5433],[-87.8502,36.5431],[-87.8504,36.543]]]},"properties":{"name":"Unnamed Lake (58824245)","layer":"nhd_lakes","waterbody_type":"Lake/Pond","area_acres":0.25,"elevation":null,"fcode":39004}},{"type":"Feature","geometry":{"type":"Polygon","coordinates":[[[-87.8956,36.5355],[-87.8955,36.5352],[-87.8957,36.5353],[-87.8956,36.5355]]]},"properties":{"name":"Unnamed Lake (58824391)","layer":"nhd_lakes","waterbody_type":"Lake/Pond","area_acres":null,"elevation":null,"fcode":39004}},{"type":"Feature","geometry":{"type":"Polygon","coordinates":[[[-87.7318,36.507],[-87.7316,36.507],[-87.7318,36.5069],[-87.7318,36.507]]]},"properties":{"name":"Unnamed Lake (58824608)","layer":"nhd_lakes","waterbody_type":"Lake/Pond","area_acres":null,"elevation":null,"fcode":39004}},{"type":"Feature","geometry":{"type":"Polygon","coordinates":[[[-87.7373,36.4745],[-87.7419,36.4793],[-87.7373,36.4795],[-87.7398,36.478],[-87.7373,36.4745]]]},"properties":{"name":"Cross Creek Reservoir","layer":"nhd_lakes","waterbody_type":"Lake/Pond","area_acres":28.66,"elevation":null,"fcode":39004}},{"type":"Feature","geometry":{"type":"Polygon","coordinates":[[[-87.5785,36.447],[-87.5784,36.4472],[-87.5782,36.4471],[-87.5785,36.447]]]},"properties":{"name":"Unnamed Lake (58825229)","layer":"nhd_lakes","waterbody_type":"Lake/Pond","area_acres":null,"elevation":null,"fcode":39004}},{"type":"Feature","geometry":{"type":"Polygon","coordinates":[[[-87.6113,36.3958],[-87.6114,36.3959],[-87.6113,36.396],[-87.6113,36.3958]]]},"properties":{"name":"Unnamed Lake (58825873)","layer":"nhd_lakes","waterbody_type":"Lake/Pond","area_acres":null,"elevation":null,"fcode":39004}},{"type":"Feature","geometry":{"type":"Polygon","coordinates":[[[-87.6953,36.3769],[-87.6953,36.377],[-87.6952,36.377],[-87.6953,36.3769]]]},"properties":{"name":"Unnamed Lake (58826080)","layer":"nhd_lakes","waterbody_type":"Lake/Pond","area_acres":null,"elevation":null,"fcode":39004}},{"type":"Feature","geometry":{"type":"Polygon","coordinates":[[[-87.6482,36.3497],[-87.6483,36.3498],[-87.6481,36.3498],[-87.6482,36.3497]]]},"properties":{"name":"Unnamed Lake (58826243)","layer":"nhd_lakes","waterbody_type":"Lake/Pond","area_acres":null,"elevation":null,"fcode":39004}},{"type":"Feature","geometry":{"type":"Polygon","coordinates":[[[-87.7619,36.5965],[-87.762,36.5962],[-87.7622,36.5964],[-87.7619,36.5965]]]},"properties":{"name":"Unnamed Lake (58823849)","layer":"nhd_lakes","waterbody_type":"Lake/Pond","area_acres":0.25,"elevation":null,"fcode":39004}},{"type":"Feature","geometry":{"type":"Polygon","coordinates":[[[-87.7658,36.5562],[-87.7655,36.5564],[-87.7656,36.5562],[-87.7658,36.5562]]]},"properties":{"name":"Unnamed Lake (58824023)","layer":"nhd_lakes","waterbody_type":"Lake/Pond","area_acres":null,"elevation":null,"fcode":39004}},{"type":"Feature","geometry":{"type":"Polygon","coordinates":[[[-87.887,36.5502],[-87.8859,36.5489],[-87.886,36.5485],[-87.887,36.5502]]]},"properties":{"name":"Unnamed Lake (58824202)","layer":"nhd_lakes","waterbody_type":"Lake/Pond","area_acres":1.73,"elevation":null,"fcode":39004}},{"type":"Feature","geometry":{"type":"Polygon","coordinates":[[[-87.5826,36.5063],[-87.5822,36.5063],[-87.5824,36.5062],[-87.5826,36.5063]]]},"properties":{"name":"Unnamed Lake (58824486)","layer":"nhd_lakes","waterbody_type":"Lake/Pond","area_acres":null,"elevation":null,"fcode":39004}},{"type":"Feature","geometry":{"type":"Polygon","coordinates":[[[-87.7368,36.5162],[-87.7367,36.5163],[-87.7367,36.5162],[-87.7368,36.5162]]]},"properties":{"name":"Unnamed Lake (58824495)","layer":"nhd_lakes","waterbody_type":"Lake/Pond","area_acres":null,"elevation":null,"fcode":39004}},{"type":"Feature","geometry":{"type":"Polygon","coordinates":[[[-87.8098,36.5136],[-87.8095,36.5133],[-87.81,36.5136],[-87.8098,36.5136]]]},"properties":{"name":"Unnamed Lake (58824593)","layer":"nhd_lakes","waterbody_type":"Lake/Pond","area_acres":0.25,"elevation":null,"fcode":39004}},{"type":"Feature","geometry":{"type":"Polygon","coordinates":[[[-87.7617,36.5053],[-87.7619,36.5054],[-87.7617,36.5055],[-87.7617,36.5053]]]},"properties":{"name":"Unnamed Lake (58824659)","layer":"nhd_lakes","waterbody_type":"Lake/Pond","area_acres":null,"elevation":null,"fcode":39004}},{"type":"Feature","geometry":{"type":"Polygon","coordinates":[[[-87.8105,36.4876],[-87.8107,36.4882],[-87.8099,36.488],[-87.8105,36.4876]]]},"properties":{"name":"Unnamed Lake (58824903)","layer":"nhd_lakes","waterbody_type":"Lake/Pond","area_acres":1.24,"elevation":null,"fcode":39004}},{"type":"Feature","geometry":{"type":"Polygon","coordinates":[[[-87.5811,36.4655],[-87.5812,36.4656],[-87.581,36.4657],[-87.5811,36.4655]]]},"properties":{"name":"Unnamed Lake (58824998)","layer":"nhd_lakes","waterbody_type":"Lake/Pond","area_acres":null,"elevation":null,"fcode":39004}},{"type":"Feature","geometry":{"type":"Polygon","coordinates":[[[-87.8939,36.4733],[-87.8936,36.4732],[-87.8942,36.4729],[-87.8939,36.4733]]]},"properties":{"name":"Unnamed Lake (58825177)","layer":"nhd_lakes","waterbody_type":"Lake/Pond","area_acres":0.25,"elevation":null,"fcode":39004}},{"type":"Feature","geometry":{"type":"Polygon","coordinates":[[[-87.6471,36.4463],[-87.6472,36.4464],[-87.647,36.4466],[-87.6471,36.4463]]]},"properties":{"name":"Unnamed Lake (58825297)","layer":"nhd_lakes","waterbody_type":"Lake/Pond","area_acres":null,"elevation":null,"fcode":39004}},{"type":"Feature","geometry":{"type":"Polygon","coordinates":[[[-87.6036,36.4261],[-87.6037,36.4262],[-87.6037,36.4264],[-87.6036,36.4261]]]},"properties":{"name":"Unnamed Lake (58825492)","layer":"nhd_lakes","waterbody_type":"Lake/Pond","area_acres":null,"elevation":null,"fcode":39004}},{"type":"Feature","geometry":{"type":"Polygon","coordinates":[[[-87.7121,36.4212],[-87.7121,36.4213],[-87.7118,36.4213],[-87.7121,36.4212]]]},"properties":{"name":"Unnamed Lake (58825624)","layer":"nhd_lakes","waterbody_type":"Lake/Pond","area_acres":null,"elevation":null,"fcode":39004}},{"type":"Feature","geometry":{"type":"Polygon","coordinates":[[[-87.6446,36.4058],[-87.6444,36.4061],[-87.6441,36.4058],[-87.6446,36.4058]]]},"properties":{"name":"Unnamed Lake (58825749)","layer":"nhd_lakes","waterbody_type":"Lake/Pond","area_acres":0.25,"elevation":null,"fcode":39004}},{"type":"Feature","geometry":{"type":"Polygon","coordinates":[[[-87.6495,36.4058],[-87.6495,36.406],[-87.6493,36.4059],[-87.6495,36.4058]]]},"properties":{"name":"Unnamed Lake (58825757)","layer":"nhd_lakes","waterbody_type":"Lake/Pond","area_acres":null,"elevation":null,"fcode":39004}},{"type":"Feature","geometry":{"type":"Polygon","coordinates":[[[-87.6101,36.3783],[-87.6101,36.3785],[-87.61,36.3784],[-87.6101,36.3783]]]},"properties":{"name":"Unnamed Lake (58826019)","layer":"nhd_lakes","waterbody_type":"Lake/Pond","area_acres":null,"elevation":null,"fcode":39004}},{"type":"Feature","geometry":{"type":"Polygon","coordinates":[[[-87.6335,36.3626],[-87.6336,36.3627],[-87.6335,36.3628],[-87.6335,36.3626]]]},"properties":{"name":"Unnamed Lake (58826149)","layer":"nhd_lakes","waterbody_type":"Lake/Pond","area_acres":null,"elevation":null,"fcode":39004}},{"type":"Feature","geometry":{"type":"Polygon","coordinates":[[[-87.8434,36.3837],[-87.8437,36.3839],[-87.8431,36.3838],[-87.8434,36.3837]]]},"properties":{"name":"Unnamed Lake (59228742)","layer":"nhd_lakes","waterbody_type":"Lake/Pond","area_acres":0.25,"elevation":null,"fcode":39004}},{"type":"Feature","geometry":{"type":"Polygon","coordinates":[[[-87.6995,36.6016],[-87.6993,36.6017],[-87.6992,36.6014],[-87.6995,36.6016]]]},"properties":{"name":"Unnamed Lake (54404278)","layer":"nhd_lakes","waterbody_type":"Lake/Pond","area_acres":null,"elevation":null,"fcode":39004}},{"type":"Feature","geometry":{"type":"Polygon","coordinates":[[[-87.8285,36.5922],[-87.8288,36.5922],[-87.8286,36.5923],[-87.8285,36.5922]]]},"properties":{"name":"Unnamed Lake (58823878)","layer":"nhd_lakes","waterbody_type":"Lake/Pond","area_acres":null,"elevation":null,"fcode":39004}},{"type":"Feature","geometry":{"type":"Polygon","coordinates":[[[-87.8438,36.5386],[-87.8443,36.5385],[-87.8443,36.5389],[-87.8438,36.5386]]]},"properties":{"name":"Unnamed Lake (58824289)","layer":"nhd_lakes","waterbody_type":"Lake/Pond","area_acres":0.49,"elevation":null,"fcode":39004}},{"type":"Feature","geometry":{"type":"Polygon","coordinates":[[[-87.6294,36.493],[-87.6294,36.4931],[-87.6292,36.4931],[-87.6294,36.493]]]},"properties":{"name":"Unnamed Lake (58824710)","layer":"nhd_lakes","waterbody_type":"Lake/Pond","area_acres":null,"elevation":null,"fcode":39004}},{"type":"Feature","geometry":{"type":"Polygon","coordinates":[[[-87.5784,36.4839],[-87.5786,36.4839],[-87.5785,36.484],[-87.5784,36.4839]]]},"properties":{"name":"Unnamed Lake (58824769)","layer":"nhd_lakes","waterbody_type":"Lake/Pond","area_acres":null,"elevation":null,"fcode":39004}},{"type":"Feature","geometry":{"type":"Polygon","coordinates":[[[-87.8125,36.4825],[-87.8127,36.4826],[-87.8123,36.4827],[-87.8125,36.4825]]]},"properties":{"name":"Unnamed Lake (58824981)","layer":"nhd_lakes","waterbody_type":"Lake/Pond","area_acres":0.25,"elevation":null,"fcode":39004}},{"type":"Feature","geometry":{"type":"Polygon","coordinates":[[[-87.6583,36.3757],[-87.6584,36.3758],[-87.6583,36.3758],[-87.6583,36.3757]]]},"properties":{"name":"Unnamed Lake (58826072)","layer":"nhd_lakes","waterbody_type":"Lake/Pond","area_acres":null,"elevation":null,"fcode":39004}},{"type":"Feature","geometry":{"type":"Polygon","coordinates":[[[-87.6938,36.3751],[-87.6938,36.3752],[-87.6936,36.3752],[-87.6938,36.3751]]]},"properties":{"name":"Unnamed Lake (58826094)","layer":"nhd_lakes","waterbody_type":"Lake/Pond","area_acres":null,"elevation":null,"fcode":39004}},{"type":"Feature","geometry":{"type":"Polygon","coordinates":[[[-87.6317,36.3584],[-87.6317,36.3586],[-87.6315,36.3585],[-87.6317,36.3584]]]},"properties":{"name":"Unnamed Lake (58826182)","layer":"nhd_lakes","waterbody_type":"Lake/Pond","area_acres":null,"elevation":null,"fcode":39004}},{"type":"Feature","geometry":{"type":"Polygon","coordinates":[[[-87.6731,36.3425],[-87.6733,36.3426],[-87.6732,36.3427],[-87.6731,36.3425]]]},"properties":{"name":"Unnamed Lake (58826322)","layer":"nhd_lakes","waterbody_type":"Lake/Pond","area_acres":null,"elevation":null,"fcode":39004}},{"type":"Feature","geometry":{"type":"Polygon","coordinates":[[[-87.8359,36.3654],[-87.836,36.3657],[-87.8358,36.3657],[-87.8359,36.3654]]]},"properties":{"name":"Unnamed Lake (59228776)","layer":"nhd_lakes","waterbody_type":"Lake/Pond","area_acres":0.25,"elevation":null,"fcode":39004}},{"type":"Feature","geometry":{"type":"Polygon","coordinates":[[[-87.8,36.5756],[-87.8004,36.5757],[-87.8001,36.5758],[-87.8,36.5756]]]},"properties":{"name":"Unnamed Lake (58823922)","layer":"nhd_lakes","waterbody_type":"Lake/Pond","area_acres":0.25,"elevation":null,"fcode":39004}},{"type":"Feature","geometry":{"type":"Polygon","coordinates":[[[-87.8482,36.562],[-87.848,36.5615],[-87.8487,36.5617],[-87.8482,36.562]]]},"properties":{"name":"Unnamed Lake (58824024)","layer":"nhd_lakes","waterbody_type":"Lake/Pond","area_acres":0.49,"elevation":null,"fcode":39004}},{"type":"Feature","geometry":{"type":"Polygon","coordinates":[[[-87.6508,36.5431],[-87.651,36.5432],[-87.6506,36.5436],[-87.6508,36.5431]]]},"properties":{"name":"Unnamed Lake (58824068)","layer":"nhd_lakes","waterbody_type":"Lake/Pond","area_acres":0.25,"elevation":null,"fcode":39004}},{"type":"Feature","geometry":{"type":"Polygon","coordinates":[[[-87.6198,36.54],[-87.6197,36.5401],[-87.6196,36.54],[-87.6198,36.54]]]},"properties":{"name":"Unnamed Lake (58824091)","layer":"nhd_lakes","waterbody_type":"Lake/Pond","area_acres":null,"elevation":null,"fcode":39004}},{"type":"Feature","geometry":{"type":"Polygon","coordinates":[[[-87.7715,36.5381],[-87.7713,36.538],[-87.7713,36.5379],[-87.7715,36.5381]]]},"properties":{"name":"Unnamed Lake (58824243)","layer":"nhd_lakes","waterbody_type":"Lake/Pond","area_acres":null,"elevation":null,"fcode":39004}},{"type":"Feature","geometry":{"type":"Polygon","coordinates":[[[-87.796,36.5388],[-87.7963,36.5389],[-87.7961,36.539],[-87.796,36.5388]]]},"properties":{"name":"Unnamed Lake (58824252)","layer":"nhd_lakes","waterbody_type":"Lake/Pond","area_acres":null,"elevation":null,"fcode":39004}},{"type":"Feature","geometry":{"type":"Polygon","coordinates":[[[-87.6458,36.5238],[-87.6458,36.5242],[-87.6454,36.5241],[-87.6458,36.5238]]]},"properties":{"name":"Unnamed Lake (58824305)","layer":"nhd_lakes","waterbody_type":"Lake/Pond","area_acres":0.25,"elevation":null,"fcode":39004}},{"type":"Feature","geometry":{"type":"Polygon","coordinates":[[[-87.7932,36.518],[-87.7932,36.5179],[-87.7934,36.518],[-87.7932,36.518]]]},"properties":{"name":"Unnamed Lake (58824524)","layer":"nhd_lakes","waterbody_type":"Lake/Pond","area_acres":null,"elevation":null,"fcode":39004}},{"type":"Feature","geometry":{"type":"Polygon","coordinates":[[[-87.7967,36.4875],[-87.7968,36.4878],[-87.7964,36.4877],[-87.7967,36.4875]]]},"properties":{"name":"Unnamed Lake (58824899)","layer":"nhd_lakes","waterbody_type":"Lake/Pond","area_acres":0.25,"elevation":null,"fcode":39004}},{"type":"Feature","geometry":{"type":"Polygon","coordinates":[[[-87.6292,36.4593],[-87.6292,36.4596],[-87.6289,36.4595],[-87.6292,36.4593]]]},"properties":{"name":"Unnamed Lake (58825123)","layer":"nhd_lakes","waterbody_type":"Lake/Pond","area_acres":0.25,"elevation":null,"fcode":39004}},{"type":"Feature","geometry":{"type":"Polygon","coordinates":[[[-87.5805,36.4492],[-87.5806,36.4493],[-87.5805,36.4494],[-87.5805,36.4492]]]},"properties":{"name":"Unnamed Lake (58825206)","layer":"nhd_lakes","waterbody_type":"Lake/Pond","area_acres":null,"elevation":null,"fcode":39004}},{"type":"Feature","geometry":{"type":"Polygon","coordinates":[[[-87.5799,36.4487],[-87.58,36.4488],[-87.5798,36.4488],[-87.5799,36.4487]]]},"properties":{"name":"Unnamed Lake (58825209)","layer":"nhd_lakes","waterbody_type":"Lake/Pond","area_acres":null,"elevation":null,"fcode":39004}},{"type":"Feature","geometry":{"type":"Polygon","coordinates":[[[-87.6763,36.4509],[-87.6763,36.451],[-87.6761,36.451],[-87.6763,36.4509]]]},"properties":{"name":"Unnamed Lake (58825269)","layer":"nhd_lakes","waterbody_type":"Lake/Pond","area_acres":null,"elevation":null,"fcode":39004}},{"type":"Feature","geometry":{"type":"Polygon","coordinates":[[[-87.6475,36.405],[-87.6475,36.4052],[-87.6473,36.4052],[-87.6475,36.405]]]},"properties":{"name":"Unnamed Lake (58825771)","layer":"nhd_lakes","waterbody_type":"Lake/Pond","area_acres":null,"elevation":null,"fcode":39004}},{"type":"Feature","geometry":{"type":"Polygon","coordinates":[[[-87.6756,36.4014],[-87.6756,36.4015],[-87.6755,36.4016],[-87.6756,36.4014]]]},"properties":{"name":"Unnamed Lake (58825860)","layer":"nhd_lakes","waterbody_type":"Lake/Pond","area_acres":null,"elevation":null,"fcode":39004}},{"type":"Feature","geometry":{"type":"Polygon","coordinates":[[[-87.6945,36.3787],[-87.6945,36.3788],[-87.6944,36.3788],[-87.6945,36.3787]]]},"properties":{"name":"Unnamed Lake (58826068)","layer":"nhd_lakes","waterbody_type":"Lake/Pond","area_acres":null,"elevation":null,"fcode":39004}},{"type":"Feature","geometry":{"type":"Polygon","coordinates":[[[-87.6218,36.363],[-87.6218,36.3631],[-87.6216,36.3631],[-87.6218,36.363]]]},"properties":{"name":"Unnamed Lake (58826138)","layer":"nhd_lakes","waterbody_type":"Lake/Pond","area_acres":null,"elevation":null,"fcode":39004}},{"type":"Feature","geometry":{"type":"Polygon","coordinates":[[[-87.9098,36.4465],[-87.9095,36.4462],[-87.9097,36.4461],[-87.9098,36.4465]]]},"properties":{"name":"Unnamed Lake (59228569)","layer":"nhd_lakes","waterbody_type":"Lake/Pond","area_acres":0.25,"elevation":null,"fcode":39004}},{"type":"Feature","geometry":{"type":"Polygon","coordinates":[[[-87.8988,36.4442],[-87.8985,36.4438],[-87.899,36.4439],[-87.8988,36.4442]]]},"properties":{"name":"Unnamed Lake (59228577)","layer":"nhd_lakes","waterbody_type":"Lake/Pond","area_acres":0.49,"elevation":null,"fcode":39004}},{"type":"Feature","geometry":{"type":"Polygon","coordinates":[[[-87.7725,36.3565],[-87.7727,36.3569],[-87.7722,36.3569],[-87.7725,36.3565]]]},"properties":{"name":"Unnamed Lake (59228793)","layer":"nhd_lakes","waterbody_type":"Lake/Pond","area_acres":0.49,"elevation":null,"fcode":39004}},{"type":"Feature","geometry":{"type":"Polygon","coordinates":[[[-87.7564,36.332],[-87.7566,36.3322],[-87.7565,36.3324],[-87.7564,36.332]]]},"properties":{"name":"Unnamed Lake (59228844)","layer":"nhd_lakes","waterbody_type":"Lake/Pond","area_acres":0.25,"elevation":null,"fcode":39004}},{"type":"Feature","geometry":{"type":"Polygon","coordinates":[[[-87.7564,36.3191],[-87.7571,36.32],[-87.7562,36.3194],[-87.7564,36.3191]]]},"properties":{"name":"Unnamed Lake (59228875)","layer":"nhd_lakes","waterbody_type":"Lake/Pond","area_acres":0.74,"elevation":null,"fcode":39004}},{"type":"Feature","geometry":{"type":"Polygon","coordinates":[[[-87.798,36.5696],[-87.7982,36.5697],[-87.798,36.5697],[-87.798,36.5696]]]},"properties":{"name":"Unnamed Lake (58823953)","layer":"nhd_lakes","waterbody_type":"Lake/Pond","area_acres":null,"elevation":null,"fcode":39004}},{"type":"Feature","geometry":{"type":"Polygon","coordinates":[[[-87.7028,36.4931],[-87.703,36.4933],[-87.7027,36.4933],[-87.7028,36.4931]]]},"properties":{"name":"Unnamed Lake (58824761)","layer":"nhd_lakes","waterbody_type":"Lake/Pond","area_acres":null,"elevation":null,"fcode":39004}},{"type":"Feature","geometry":{"type":"Polygon","coordinates":[[[-87.8364,36.4861],[-87.8365,36.4872],[-87.8359,36.4867],[-87.8364,36.4861]]]},"properties":{"name":"Unnamed Lake (58824948)","layer":"nhd_lakes","waterbody_type":"Lake/Pond","area_acres":2.47,"elevation":null,"fcode":39004}},{"type":"Feature","geometry":{"type":"MultiPolygon","coordinates":[[[[-87.7525,36.4432],[-87.7451,36.4669],[-87.7354,36.4745],[-87.7198,36.4534],[-87.7364,36.471],[-87.742,36.4655],[-87.7475,36.4488],[-87.7506,36.4461],[-87.7511,36.4481],[-87.7525,36.4432]],[[-87.7343,36.4715],[-87.7342,36.4727],[-87.7349,36.4721],[-87.7343,36.4715]],[[-87.7381,36.4716],[-87.7372,36.4721],[-87.7374,36.4723],[-87.7381,36.4716]]],[[[-87.7522,36.4446],[-87.7521,36.4449],[-87.7521,36.445],[-87.7522,36.4446]]],[[[-87.7522,36.4439],[-87.7522,36.4443],[-87.7523,36.4441],[-87.7522,36.4439]]]]},"properties":{"name":"Pool Five","layer":"nhd_lakes","waterbody_type":"Lake/Pond","area_acres":333.1,"elevation":null,"fcode":39004}},{"type":"Feature","geometry":{"type":"Polygon","coordinates":[[[-87.7106,36.4172],[-87.7108,36.4176],[-87.7105,36.4174],[-87.7106,36.4172]]]},"properties":{"name":"Unnamed Lake (58825663)","layer":"nhd_lakes","waterbody_type":"Lake/Pond","area_acres":0.25,"elevation":null,"fcode":39004}},{"type":"Feature","geometry":{"type":"Polygon","coordinates":[[[-87.6078,36.4063],[-87.6079,36.4063],[-87.6076,36.4064],[-87.6078,36.4063]]]},"properties":{"name":"Unnamed Lake (58825708)","layer":"nhd_lakes","waterbody_type":"Lake/Pond","area_acres":null,"elevation":null,"fcode":39004}},{"type":"Feature","geometry":{"type":"Polygon","coordinates":[[[-87.6219,36.3862],[-87.6219,36.3864],[-87.6218,36.3863],[-87.6219,36.3862]]]},"properties":{"name":"Unnamed Lake (58825978)","layer":"nhd_lakes","waterbody_type":"Lake/Pond","area_acres":null,"elevation":null,"fcode":39004}},{"type":"Feature","geometry":{"type":"Polygon","coordinates":[[[-87.7202,36.3264],[-87.7195,36.3263],[-87.7196,36.3259],[-87.7202,36.3264]]]},"properties":{"name":"Unnamed Lake (58826506)","layer":"nhd_lakes","waterbody_type":"Lake/Pond","area_acres":0.74,"elevation":null,"fcode":39004}},{"type":"Feature","geometry":{"type":"Polygon","coordinates":[[[-87.9095,36.445],[-87.9094,36.4444],[-87.9096,36.4444],[-87.9095,36.445]]]},"properties":{"name":"Unnamed Lake (59228576)","layer":"nhd_lakes","waterbody_type":"Lake/Pond","area_acres":0.49,"elevation":null,"fcode":39004}},{"type":"Feature","geometry":{"type":"Polygon","coordinates":[[[-87.8599,36.4139],[-87.8596,36.4143],[-87.859,36.4142],[-87.8599,36.4139]]]},"properties":{"name":"Unnamed Lake (59228656)","layer":"nhd_lakes","waterbody_type":"Lake/Pond","area_acres":0.74,"elevation":null,"fcode":39004}},{"type":"Feature","geometry":{"type":"Polygon","coordinates":[[[-87.7396,36.5742],[-87.7398,36.5741],[-87.7399,36.5742],[-87.7396,36.5742]]]},"properties":{"name":"Unnamed Lake (54405047)","layer":"nhd_lakes","waterbody_type":"Lake/Pond","area_acres":0.25,"elevation":null,"fcode":39004}},{"type":"Feature","geometry":{"type":"Polygon","coordinates":[[[-87.8082,36.5614],[-87.8084,36.5614],[-87.8084,36.5616],[-87.8082,36.5614]]]},"properties":{"name":"Unnamed Lake (58824005)","layer":"nhd_lakes","waterbody_type":"Lake/Pond","area_acres":null,"elevation":null,"fcode":39004}},{"type":"Feature","geometry":{"type":"Polygon","coordinates":[[[-87.8204,36.553],[-87.8201,36.553],[-87.8203,36.5529],[-87.8204,36.553]]]},"properties":{"name":"Unnamed Lake (58824104)","layer":"nhd_lakes","waterbody_type":"Lake/Pond","area_acres":null,"elevation":null,"fcode":39004}},{"type":"Feature","geometry":{"type":"Polygon","coordinates":[[[-87.6682,36.5364],[-87.6683,36.5366],[-87.6678,36.5367],[-87.6682,36.5364]]]},"properties":{"name":"Unnamed Lake (58824186)","layer":"nhd_lakes","waterbody_type":"Lake/Pond","area_acres":0.25,"elevation":null,"fcode":39004}},{"type":"Feature","geometry":{"type":"Polygon","coordinates":[[[-87.8462,36.5358],[-87.8469,36.5357],[-87.8467,36.5364],[-87.8462,36.5358]]]},"properties":{"name":"Unnamed Lake (58824325)","layer":"nhd_lakes","waterbody_type":"Lake/Pond","area_acres":0.49,"elevation":null,"fcode":39004}},{"type":"Feature","geometry":{"type":"Polygon","coordinates":[[[-87.7591,36.5063],[-87.7596,36.5064],[-87.7595,36.5066],[-87.7591,36.5063]]]},"properties":{"name":"Unnamed Lake (58824647)","layer":"nhd_lakes","waterbody_type":"Lake/Pond","area_acres":0.25,"elevation":null,"fcode":39004}},{"type":"Feature","geometry":{"type":"Polygon","coordinates":[[[-87.685,36.4953],[-87.6852,36.4955],[-87.6848,36.4955],[-87.685,36.4953]]]},"properties":{"name":"Unnamed Lake (58824726)","layer":"nhd_lakes","waterbody_type":"Lake/Pond","area_acres":0.25,"elevation":null,"fcode":39004}},{"type":"Feature","geometry":{"type":"Polygon","coordinates":[[[-87.7461,36.4801],[-87.7463,36.4803],[-87.746,36.4803],[-87.7461,36.4801]]]},"properties":{"name":"Unnamed Lake (58824955)","layer":"nhd_lakes","waterbody_type":"Lake/Pond","area_acres":null,"elevation":null,"fcode":39004}},{"type":"Feature","geometry":{"type":"Polygon","coordinates":[[[-87.8843,36.4806],[-87.8842,36.4803],[-87.8844,36.48],[-87.8843,36.4806]]]},"properties":{"name":"Unnamed Lake (58825078)","layer":"nhd_lakes","waterbody_type":"Lake/Pond","area_acres":0.25,"elevation":null,"fcode":39004}},{"type":"Feature","geometry":{"type":"Polygon","coordinates":[[[-87.6991,36.4448],[-87.6925,36.4407],[-87.6955,36.4406],[-87.6991,36.4448]]]},"properties":{"name":"Pool Fourteen","layer":"nhd_lakes","waterbody_type":"Lake/Pond","area_acres":11.61,"elevation":109.4,"fcode":39009}},{"type":"Feature","geometry":{"type":"Polygon","coordinates":[[[-87.7348,36.4281],[-87.7348,36.4282],[-87.7347,36.4281],[-87.7348,36.4281]]]},"properties":{"name":"Unnamed Lake (58825576)","layer":"nhd_lakes","waterbody_type":"Lake/Pond","area_acres":null,"elevation":null,"fcode":39004}},{"type":"Feature","geometry":{"type":"Polygon","coordinates":[[[-87.6067,36.4019],[-87.6069,36.4021],[-87.6068,36.4021],[-87.6067,36.4019]]]},"properties":{"name":"Unnamed Lake (58825775)","layer":"nhd_lakes","waterbody_type":"Lake/Pond","area_acres":null,"elevation":null,"fcode":39004}},{"type":"Feature","geometry":{"type":"Polygon","coordinates":[[[-87.6365,36.3612],[-87.6368,36.3612],[-87.6366,36.3613],[-87.6365,36.3612]]]},"properties":{"name":"Unnamed Lake (58826159)","layer":"nhd_lakes","waterbody_type":"Lake/Pond","area_acres":null,"elevation":null,"fcode":39004}},{"type":"Feature","geometry":{"type":"Polygon","coordinates":[[[-87.8728,36.4098],[-87.8727,36.4104],[-87.8718,36.4105],[-87.8728,36.4098]]]},"properties":{"name":"Unnamed Lake (59228668)","layer":"nhd_lakes","waterbody_type":"Lake/Pond","area_acres":0.99,"elevation":null,"fcode":39004}},{"type":"Feature","geometry":{"type":"Polygon","coordinates":[[[-87.7929,36.3464],[-87.7924,36.3469],[-87.7922,36.3466],[-87.7929,36.3464]]]},"properties":{"name":"Unnamed Lake (59228825)","layer":"nhd_lakes","waterbody_type":"Lake/Pond","area_acres":0.49,"elevation":null,"fcode":39004}},{"type":"Feature","geometry":{"type":"Polygon","coordinates":[[[-87.7151,36.5721],[-87.7157,36.5722],[-87.7152,36.5726],[-87.7151,36.5721]]]},"properties":{"name":"Unnamed Lake (54405049)","layer":"nhd_lakes","waterbody_type":"Lake/Pond","area_acres":0.49,"elevation":null,"fcode":39004}},{"type":"Feature","geometry":{"type":"Polygon","coordinates":[[[-87.7978,36.5755],[-87.7981,36.5753],[-87.7981,36.5755],[-87.7978,36.5755]]]},"properties":{"name":"Unnamed Lake (58823924)","layer":"nhd_lakes","waterbody_type":"Lake/Pond","area_acres":0.25,"elevation":null,"fcode":39004}},{"type":"Feature","geometry":{"type":"Polygon","coordinates":[[[-87.6607,36.5244],[-87.6609,36.5243],[-87.6609,36.5245],[-87.6607,36.5244]]]},"properties":{"name":"Unnamed Lake (58824312)","layer":"nhd_lakes","waterbody_type":"Lake/Pond","area_acres":0.25,"elevation":null,"fcode":39004}},{"type":"Feature","geometry":{"type":"Polygon","coordinates":[[[-87.8561,36.5335],[-87.8561,36.5334],[-87.8562,36.5334],[-87.8561,36.5335]]]},"properties":{"name":"Unnamed Lake (58824383)","layer":"nhd_lakes","waterbody_type":"Lake/Pond","area_acres":null,"elevation":null,"fcode":39004}},{"type":"Feature","geometry":{"type":"Polygon","coordinates":[[[-87.73,36.5059],[-87.7298,36.5058],[-87.7301,36.5058],[-87.73,36.5059]]]},"properties":{"name":"Unnamed Lake (58824628)","layer":"nhd_lakes","waterbody_type":"Lake/Pond","area_acres":null,"elevation":null,"fcode":39004}},{"type":"Feature","geometry":{"type":"Polygon","coordinates":[[[-87.5721,36.4712],[-87.5721,36.4713],[-87.572,36.4712],[-87.5721,36.4712]]]},"properties":{"name":"Unnamed Lake (58824907)","layer":"nhd_lakes","waterbody_type":"Lake/Pond","area_acres":null,"elevation":null,"fcode":39004}},{"type":"Feature","geometry":{"type":"Polygon","coordinates":[[[-87.8367,36.4764],[-87.8366,36.4769],[-87.8364,36.4766],[-87.8367,36.4764]]]},"properties":{"name":"Unnamed Lake (58825086)","layer":"nhd_lakes","waterbody_type":"Lake/Pond","area_acres":0.25,"elevation":null,"fcode":39004}},{"type":"Feature","geometry":{"type":"Polygon","coordinates":[[[-87.7288,36.4476],[-87.7289,36.4478],[-87.7286,36.4478],[-87.7288,36.4476]]]},"properties":{"name":"Unnamed Lake (58825360)","layer":"nhd_lakes","waterbody_type":"Lake/Pond","area_acres":null,"elevation":null,"fcode":39004}},{"type":"Feature","geometry":{"type":"Polygon","coordinates":[[[-87.7008,36.4427],[-87.6999,36.441],[-87.7049,36.4444],[-87.7008,36.4427]]]},"properties":{"name":"Unnamed Lake (58825373)","layer":"nhd_lakes","waterbody_type":"Lake/Pond","area_acres":9.64,"elevation":109.4,"fcode":39009}},{"type":"Feature","geometry":{"type":"Polygon","coordinates":[[[-87.5901,36.4166],[-87.5901,36.4168],[-87.5898,36.4168],[-87.5901,36.4166]]]},"properties":{"name":"Unnamed Lake (58825585)","layer":"nhd_lakes","waterbody_type":"Lake/Pond","area_acres":0.25,"elevation":null,"fcode":39004}},{"type":"Feature","geometry":{"type":"Polygon","coordinates":[[[-87.7125,36.4213],[-87.7126,36.4213],[-87.7124,36.4215],[-87.7125,36.4213]]]},"properties":{"name":"Unnamed Lake (58825620)","layer":"nhd_lakes","waterbody_type":"Lake/Pond","area_acres":null,"elevation":null,"fcode":39004}},{"type":"Feature","geometry":{"type":"Polygon","coordinates":[[[-87.6868,36.4178],[-87.687,36.418],[-87.6867,36.4179],[-87.6868,36.4178]]]},"properties":{"name":"Unnamed Lake (58825642)","layer":"nhd_lakes","waterbody_type":"Lake/Pond","area_acres":0.25,"elevation":null,"fcode":39004}},{"type":"Feature","geometry":{"type":"Polygon","coordinates":[[[-87.625,36.3979],[-87.6261,36.3976],[-87.623,36.399],[-87.625,36.3979]]]},"properties":{"name":"Unnamed Lake (58825838)","layer":"nhd_lakes","waterbody_type":"Lake/Pond","area_acres":5.19,"elevation":null,"fcode":39004}},{"type":"Feature","geometry":{"type":"Polygon","coordinates":[[[-87.6874,36.3988],[-87.6874,36.3991],[-87.6873,36.3989],[-87.6874,36.3988]]]},"properties":{"name":"Unnamed Lake (58825902)","layer":"nhd_lakes","waterbody_type":"Lake/Pond","area_acres":null,"elevation":null,"fcode":39004}},{"type":"Feature","geometry":{"type":"Polygon","coordinates":[[[-87.6204,36.3853],[-87.6205,36.3856],[-87.6202,36.3855],[-87.6204,36.3853]]]},"properties":{"name":"Unnamed Lake (58825982)","layer":"nhd_lakes","waterbody_type":"Lake/Pond","area_acres":0.25,"elevation":null,"fcode":39004}},{"type":"Feature","geometry":{"type":"Polygon","coordinates":[[[-87.6539,36.3756],[-87.654,36.3754],[-87.6547,36.3754],[-87.6539,36.3756]]]},"properties":{"name":"Unnamed Lake (58826070)","layer":"nhd_lakes","waterbody_type":"Lake/Pond","area_acres":0.49,"elevation":null,"fcode":39004}},{"type":"Feature","geometry":{"type":"Polygon","coordinates":[[[-87.6468,36.366],[-87.6472,36.3659],[-87.6469,36.3662],[-87.6468,36.366]]]},"properties":{"name":"Unnamed Lake (58826133)","layer":"nhd_lakes","waterbody_type":"Lake/Pond","area_acres":0.25,"elevation":null,"fcode":39004}},{"type":"Feature","geometry":{"type":"Polygon","coordinates":[[[-87.7275,36.3269],[-87.7273,36.3268],[-87.7275,36.3267],[-87.7275,36.3269]]]},"properties":{"name":"Unnamed Lake (58826504)","layer":"nhd_lakes","waterbody_type":"Lake/Pond","area_acres":null,"elevation":null,"fcode":39004}},{"type":"Feature","geometry":{"type":"Polygon","coordinates":[[[-87.716,36.3253],[-87.7161,36.3252],[-87.7162,36.3253],[-87.716,36.3253]]]},"properties":{"name":"Unnamed Lake (58826516)","layer":"nhd_lakes","waterbody_type":"Lake/Pond","area_acres":null,"elevation":null,"fcode":39004}},{"type":"Feature","geometry":{"type":"Polygon","coordinates":[[[-87.714,36.3245],[-87.7142,36.3244],[-87.7141,36.3246],[-87.714,36.3245]]]},"properties":{"name":"Unnamed Lake (58826527)","layer":"nhd_lakes","waterbody_type":"Lake/Pond","area_acres":null,"elevation":null,"fcode":39004}},{"type":"Feature","geometry":{"type":"Polygon","coordinates":[[[-87.7593,36.3424],[-87.7592,36.3426],[-87.7588,36.3426],[-87.7593,36.3424]]]},"properties":{"name":"Unnamed Lake (59228827)","layer":"nhd_lakes","waterbody_type":"Lake/Pond","area_acres":0.25,"elevation":null,"fcode":39004}},{"type":"Feature","geometry":{"type":"Polygon","coordinates":[[[-87.8353,36.5823],[-87.8354,36.582],[-87.8355,36.5822],[-87.8353,36.5823]]]},"properties":{"name":"Unnamed Lake (58823900)","layer":"nhd_lakes","waterbody_type":"Lake/Pond","area_acres":null,"elevation":null,"fcode":39004}},{"type":"Feature","geometry":{"type":"Polygon","coordinates":[[[-87.7987,36.5751],[-87.7986,36.575],[-87.7987,36.575],[-87.7987,36.5751]]]},"properties":{"name":"Unnamed Lake (58823929)","layer":"nhd_lakes","waterbody_type":"Lake/Pond","area_acres":null,"elevation":null,"fcode":39004}},{"type":"Feature","geometry":{"type":"Polygon","coordinates":[[[-87.7627,36.5725],[-87.7626,36.5726],[-87.7625,36.5725],[-87.7627,36.5725]]]},"properties":{"name":"Unnamed Lake (58823930)","layer":"nhd_lakes","waterbody_type":"Lake/Pond","area_acres":null,"elevation":null,"fcode":39004}},{"type":"Feature","geometry":{"type":"Polygon","coordinates":[[[-87.7898,36.573],[-87.7898,36.5734],[-87.7895,36.5732],[-87.7898,36.573]]]},"properties":{"name":"Unnamed Lake (58823937)","layer":"nhd_lakes","waterbody_type":"Lake/Pond","area_acres":0.25,"elevation":null,"fcode":39004}},{"type":"Feature","geometry":{"type":"Polygon","coordinates":[[[-87.6845,36.5386],[-87.6846,36.5389],[-87.6844,36.5388],[-87.6845,36.5386]]]},"properties":{"name":"Unnamed Lake (58824173)","layer":"nhd_lakes","waterbody_type":"Lake/Pond","area_acres":null,"elevation":null,"fcode":39004}},{"type":"Feature","geometry":{"type":"Polygon","coordinates":[[[-87.6144,36.5269],[-87.6143,36.5267],[-87.6147,36.5268],[-87.6144,36.5269]]]},"properties":{"name":"Unnamed Lake (58824246)","layer":"nhd_lakes","waterbody_type":"Lake/Pond","area_acres":0.25,"elevation":null,"fcode":39004}},{"type":"Feature","geometry":{"type":"Polygon","coordinates":[[[-87.6309,36.5247],[-87.6312,36.5247],[-87.631,36.5249],[-87.6309,36.5247]]]},"properties":{"name":"Unnamed Lake (58824280)","layer":"nhd_lakes","waterbody_type":"Lake/Pond","area_acres":0.25,"elevation":null,"fcode":39004}},{"type":"Feature","geometry":{"type":"Polygon","coordinates":[[[-87.8651,36.5354],[-87.8653,36.5351],[-87.8653,36.5354],[-87.8651,36.5354]]]},"properties":{"name":"Unnamed Lake (58824359)","layer":"nhd_lakes","waterbody_type":"Lake/Pond","area_acres":0.25,"elevation":null,"fcode":39004}},{"type":"Feature","geometry":{"type":"Polygon","coordinates":[[[-87.8365,36.5321],[-87.8365,36.5324],[-87.8364,36.5323],[-87.8365,36.5321]]]},"properties":{"name":"Unnamed Lake (58824377)","layer":"nhd_lakes","waterbody_type":"Lake/Pond","area_acres":null,"elevation":null,"fcode":39004}},{"type":"Feature","geometry":{"type":"Polygon","coordinates":[[[-87.7071,36.5225],[-87.707,36.5222],[-87.7072,36.5226],[-87.7071,36.5225]]]},"properties":{"name":"Unnamed Lake (58824389)","layer":"nhd_lakes","waterbody_type":"Lake/Pond","area_acres":0.25,"elevation":null,"fcode":39004}},{"type":"Feature","geometry":{"type":"Polygon","coordinates":[[[-87.7618,36.5128],[-87.7617,36.513],[-87.7616,36.5129],[-87.7618,36.5128]]]},"properties":{"name":"Unnamed Lake (58824565)","layer":"nhd_lakes","waterbody_type":"Lake/Pond","area_acres":null,"elevation":null,"fcode":39004}},{"type":"Feature","geometry":{"type":"Polygon","coordinates":[[[-87.6206,36.5015],[-87.6216,36.5021],[-87.6205,36.5027],[-87.6206,36.5015]]]},"properties":{"name":"Unnamed Lake (58824581)","layer":"nhd_lakes","waterbody_type":"Lake/Pond","area_acres":2.56,"elevation":null,"fcode":39004}},{"type":"Feature","geometry":{"type":"Polygon","coordinates":[[[-87.828,36.4873],[-87.829,36.4867],[-87.8289,36.4876],[-87.828,36.4873]]]},"properties":{"name":"Unnamed Lake (58824925)","layer":"nhd_lakes","waterbody_type":"Lake/Pond","area_acres":2.72,"elevation":null,"fcode":39004}},{"type":"Feature","geometry":{"type":"Polygon","coordinates":[[[-87.6331,36.4442],[-87.6332,36.4444],[-87.6331,36.4444],[-87.6331,36.4442]]]},"properties":{"name":"Unnamed Lake (58825310)","layer":"nhd_lakes","waterbody_type":"Lake/Pond","area_acres":null,"elevation":null,"fcode":39004}},{"type":"Feature","geometry":{"type":"Polygon","coordinates":[[[-87.6571,36.437],[-87.6572,36.4372],[-87.657,36.4372],[-87.6571,36.437]]]},"properties":{"name":"Unnamed Lake (58825414)","layer":"nhd_lakes","waterbody_type":"Lake/Pond","area_acres":null,"elevation":null,"fcode":39004}},{"type":"Feature","geometry":{"type":"Polygon","coordinates":[[[-87.7086,36.4128],[-87.7076,36.4133],[-87.7071,36.4132],[-87.7086,36.4128]]]},"properties":{"name":"Unnamed Lake (58825709)","layer":"nhd_lakes","waterbody_type":"Lake/Pond","area_acres":0.74,"elevation":112.8,"fcode":39009}},{"type":"Feature","geometry":{"type":"Polygon","coordinates":[[[-87.6253,36.3971],[-87.6255,36.3974],[-87.6253,36.3973],[-87.6253,36.3971]]]},"properties":{"name":"Unnamed Lake (58825869)","layer":"nhd_lakes","waterbody_type":"Lake/Pond","area_acres":0.25,"elevation":null,"fcode":39004}},{"type":"Feature","geometry":{"type":"Polygon","coordinates":[[[-87.6455,36.3809],[-87.6455,36.3806],[-87.6459,36.3806],[-87.6455,36.3809]]]},"properties":{"name":"Unnamed Lake (58826020)","layer":"nhd_lakes","waterbody_type":"Lake/Pond","area_acres":0.25,"elevation":null,"fcode":39004}},{"type":"Feature","geometry":{"type":"Polygon","coordinates":[[[-87.7126,36.3716],[-87.713,36.3719],[-87.7127,36.3719],[-87.7126,36.3716]]]},"properties":{"name":"Unnamed Lake (58826125)","layer":"nhd_lakes","waterbody_type":"Lake/Pond","area_acres":0.25,"elevation":null,"fcode":39004}},{"type":"Feature","geometry":{"type":"Polygon","coordinates":[[[-87.6791,36.5742],[-87.6795,36.5742],[-87.679,36.5745],[-87.6791,36.5742]]]},"properties":{"name":"Unnamed Lake (54404960)","layer":"nhd_lakes","waterbody_type":"Lake/Pond","area_acres":0.25,"elevation":null,"fcode":39004}},{"type":"Feature","geometry":{"type":"Polygon","coordinates":[[[-87.7717,36.6043],[-87.7714,36.6041],[-87.7717,36.604],[-87.7717,36.6043]]]},"properties":{"name":"Unnamed Lake (58823839)","layer":"nhd_lakes","waterbody_type":"Lake/Pond","area_acres":0.25,"elevation":null,"fcode":39004}},{"type":"Feature","geometry":{"type":"Polygon","coordinates":[[[-87.7675,36.5633],[-87.7673,36.5633],[-87.7674,36.5632],[-87.7675,36.5633]]]},"properties":{"name":"Unnamed Lake (58823970)","layer":"nhd_lakes","waterbody_type":"Lake/Pond","area_acres":null,"elevation":null,"fcode":39004}},{"type":"Feature","geometry":{"type":"Polygon","coordinates":[[[-87.7006,36.5462],[-87.7005,36.5465],[-87.7003,36.5464],[-87.7006,36.5462]]]},"properties":{"name":"Unnamed Lake (58824078)","layer":"nhd_lakes","waterbody_type":"Lake/Pond","area_acres":0.25,"elevation":null,"fcode":39004}},{"type":"Feature","geometry":{"type":"Polygon","coordinates":[[[-87.6065,36.4974],[-87.6065,36.4977],[-87.6064,36.4976],[-87.6065,36.4974]]]},"properties":{"name":"Unnamed Lake (58824619)","layer":"nhd_lakes","waterbody_type":"Lake/Pond","area_acres":null,"elevation":null,"fcode":39004}},{"type":"Feature","geometry":{"type":"Polygon","coordinates":[[[-87.6683,36.4436],[-87.6682,36.4437],[-87.6681,36.4437],[-87.6683,36.4436]]]},"properties":{"name":"Unnamed Lake (58825357)","layer":"nhd_lakes","waterbody_type":"Lake/Pond","area_acres":null,"elevation":null,"fcode":39004}},{"type":"Feature","geometry":{"type":"Polygon","coordinates":[[[-87.7319,36.3236],[-87.7316,36.3234],[-87.7318,36.3233],[-87.7319,36.3236]]]},"properties":{"name":"Unnamed Lake (58826556)","layer":"nhd_lakes","waterbody_type":"Lake/Pond","area_acres":0.25,"elevation":null,"fcode":39004}},{"type":"Feature","geometry":{"type":"Polygon","coordinates":[[[-87.906,36.4229],[-87.9056,36.4227],[-87.9059,36.4226],[-87.906,36.4229]]]},"properties":{"name":"Unnamed Lake (59228639)","layer":"nhd_lakes","waterbody_type":"Lake/Pond","area_acres":0.25,"elevation":null,"fcode":39004}},{"type":"Feature","geometry":{"type":"Polygon","coordinates":[[[-87.7232,36.5631],[-87.7239,36.5636],[-87.7232,36.5636],[-87.7232,36.5631]]]},"properties":{"name":"Unnamed Lake (54405242)","layer":"nhd_lakes","waterbody_type":"Lake/Pond","area_acres":0.49,"elevation":null,"fcode":39004}},{"type":"Feature","geometry":{"type":"Polygon","coordinates":[[[-87.7369,36.5673],[-87.7368,36.5675],[-87.7365,36.5674],[-87.7369,36.5673]]]},"properties":{"name":"Unnamed Lake (58823950)","layer":"nhd_lakes","waterbody_type":"Lake/Pond","area_acres":0.25,"elevation":null,"fcode":39004}},{"type":"Feature","geometry":{"type":"Polygon","coordinates":[[[-87.8623,36.5658],[-87.8622,36.5656],[-87.8625,36.5655],[-87.8623,36.5658]]]},"properties":{"name":"Unnamed Lake (58824001)","layer":"nhd_lakes","waterbody_type":"Lake/Pond","area_acres":null,"elevation":null,"fcode":39004}},{"type":"Feature","geometry":{"type":"Polygon","coordinates":[[[-87.5909,36.5283],[-87.5906,36.5286],[-87.5906,36.5282],[-87.5909,36.5283]]]},"properties":{"name":"Unnamed Lake (58824212)","layer":"nhd_lakes","waterbody_type":"Lake/Pond","area_acres":0.25,"elevation":null,"fcode":39004}},{"type":"Feature","geometry":{"type":"Polygon","coordinates":[[[-87.813,36.5272],[-87.8132,36.5273],[-87.813,36.5274],[-87.813,36.5272]]]},"properties":{"name":"Unnamed Lake (58824424)","layer":"nhd_lakes","waterbody_type":"Lake/Pond","area_acres":null,"elevation":null,"fcode":39004}},{"type":"Feature","geometry":{"type":"Polygon","coordinates":[[[-87.6579,36.5151],[-87.6581,36.5149],[-87.658,36.5152],[-87.6579,36.5151]]]},"properties":{"name":"Unnamed Lake (58824441)","layer":"nhd_lakes","waterbody_type":"Lake/Pond","area_acres":0.25,"elevation":null,"fcode":39004}},{"type":"Feature","geometry":{"type":"Polygon","coordinates":[[[-87.5724,36.4715],[-87.5725,36.4717],[-87.5724,36.4717],[-87.5724,36.4715]]]},"properties":{"name":"Unnamed Lake (58824902)","layer":"nhd_lakes","waterbody_type":"Lake/Pond","area_acres":null,"elevation":null,"fcode":39004}},{"type":"Feature","geometry":{"type":"Polygon","coordinates":[[[-87.6355,36.4219],[-87.6356,36.4221],[-87.6354,36.422],[-87.6355,36.4219]]]},"properties":{"name":"Unnamed Lake (58825567)","layer":"nhd_lakes","waterbody_type":"Lake/Pond","area_acres":null,"elevation":null,"fcode":39004}},{"type":"Feature","geometry":{"type":"Polygon","coordinates":[[[-87.606,36.3963],[-87.6063,36.3965],[-87.6061,36.3966],[-87.606,36.3963]]]},"properties":{"name":"Unnamed Lake (58825863)","layer":"nhd_lakes","waterbody_type":"Lake/Pond","area_acres":0.25,"elevation":null,"fcode":39004}},{"type":"Feature","geometry":{"type":"Polygon","coordinates":[[[-87.6923,36.3918],[-87.6925,36.392],[-87.6922,36.392],[-87.6923,36.3918]]]},"properties":{"name":"Unnamed Lake (58825973)","layer":"nhd_lakes","waterbody_type":"Lake/Pond","area_acres":0.25,"elevation":null,"fcode":39004}},{"type":"Feature","geometry":{"type":"Polygon","coordinates":[[[-87.7319,36.323],[-87.7318,36.3231],[-87.7316,36.323],[-87.7319,36.323]]]},"properties":{"name":"Unnamed Lake (58826559)","layer":"nhd_lakes","waterbody_type":"Lake/Pond","area_acres":null,"elevation":null,"fcode":39004}},{"type":"Feature","geometry":{"type":"Polygon","coordinates":[[[-87.8249,36.3682],[-87.8249,36.369],[-87.8242,36.3686],[-87.8249,36.3682]]]},"properties":{"name":"Unnamed Lake (59228767)","layer":"nhd_lakes","waterbody_type":"Lake/Pond","area_acres":1.24,"elevation":null,"fcode":39004}},{"type":"Feature","geometry":{"type":"Polygon","coordinates":[[[-87.7542,36.3339],[-87.7547,36.3342],[-87.7545,36.3347],[-87.7542,36.3339]]]},"properties":{"name":"Unnamed Lake (59228840)","layer":"nhd_lakes","waterbody_type":"Lake/Pond","area_acres":0.99,"elevation":null,"fcode":39004}},{"type":"Feature","geometry":{"type":"Polygon","coordinates":[[[-87.7657,36.3298],[-87.7659,36.33],[-87.7655,36.3301],[-87.7657,36.3298]]]},"properties":{"name":"Unnamed Lake (59228853)","layer":"nhd_lakes","waterbody_type":"Lake/Pond","area_acres":0.25,"elevation":null,"fcode":39004}},{"type":"Feature","geometry":{"type":"Polygon","coordinates":[[[-87.705,36.5973],[-87.7044,36.5975],[-87.7057,36.5966],[-87.705,36.5973]]]},"properties":{"name":"Unnamed Lake (54404397)","layer":"nhd_lakes","waterbody_type":"Lake/Pond","area_acres":0.99,"elevation":null,"fcode":39004}},{"type":"Feature","geometry":{"type":"Polygon","coordinates":[[[-87.615,36.5304],[-87.6153,36.5309],[-87.6144,36.5306],[-87.615,36.5304]]]},"properties":{"name":"Unnamed Lake (58824205)","layer":"nhd_lakes","waterbody_type":"Lake/Pond","area_acres":0.99,"elevation":null,"fcode":39004}},{"type":"Feature","geometry":{"type":"Polygon","coordinates":[[[-87.8069,36.5373],[-87.8074,36.537],[-87.8072,36.5373],[-87.8069,36.5373]]]},"properties":{"name":"Unnamed Lake (58824278)","layer":"nhd_lakes","waterbody_type":"Lake/Pond","area_acres":0.25,"elevation":null,"fcode":39004}},{"type":"Feature","geometry":{"type":"Polygon","coordinates":[[[-87.8071,36.5365],[-87.8072,36.5363],[-87.8072,36.5365],[-87.8071,36.5365]]]},"properties":{"name":"Unnamed Lake (58824291)","layer":"nhd_lakes","waterbody_type":"Lake/Pond","area_acres":null,"elevation":null,"fcode":39004}},{"type":"Feature","geometry":{"type":"Polygon","coordinates":[[[-87.7148,36.5201],[-87.7146,36.5202],[-87.7147,36.52],[-87.7148,36.5201]]]},"properties":{"name":"Unnamed Lake (58824428)","layer":"nhd_lakes","waterbody_type":"Lake/Pond","area_acres":null,"elevation":null,"fcode":39004}},{"type":"Feature","geometry":{"type":"Polygon","coordinates":[[[-87.8478,36.5245],[-87.848,36.5246],[-87.8477,36.5248],[-87.8478,36.5245]]]},"properties":{"name":"Unnamed Lake (58824485)","layer":"nhd_lakes","waterbody_type":"Lake/Pond","area_acres":null,"elevation":null,"fcode":39004}},{"type":"Feature","geometry":{"type":"Polygon","coordinates":[[[-87.7017,36.5034],[-87.7013,36.5035],[-87.7016,36.5033],[-87.7017,36.5034]]]},"properties":{"name":"Unnamed Lake (58824635)","layer":"nhd_lakes","waterbody_type":"Lake/Pond","area_acres":0.25,"elevation":null,"fcode":39004}},{"type":"Feature","geometry":{"type":"Polygon","coordinates":[[[-87.6429,36.4942],[-87.6429,36.4943],[-87.6427,36.4943],[-87.6429,36.4942]]]},"properties":{"name":"Unnamed Lake (58824707)","layer":"nhd_lakes","waterbody_type":"Lake/Pond","area_acres":null,"elevation":null,"fcode":39004}},{"type":"Feature","geometry":{"type":"Polygon","coordinates":[[[-87.6541,36.4418],[-87.6542,36.4421],[-87.654,36.442],[-87.6541,36.4418]]]},"properties":{"name":"Unnamed Lake (58825368)","layer":"nhd_lakes","waterbody_type":"Lake/Pond","area_acres":0.25,"elevation":null,"fcode":39004}},{"type":"Feature","geometry":{"type":"Polygon","coordinates":[[[-87.7022,36.4319],[-87.702,36.4322],[-87.702,36.432],[-87.7022,36.4319]]]},"properties":{"name":"Unnamed Lake (58825508)","layer":"nhd_lakes","waterbody_type":"Lake/Pond","area_acres":0.25,"elevation":null,"fcode":39004}},{"type":"Feature","geometry":{"type":"Polygon","coordinates":[[[-87.7965,36.4303],[-87.7966,36.4304],[-87.7964,36.4308],[-87.7965,36.4303]]]},"properties":{"name":"Unnamed Lake (58825589)","layer":"nhd_lakes","waterbody_type":"Lake/Pond","area_acres":0.25,"elevation":null,"fcode":39004}},{"type":"Feature","geometry":{"type":"Polygon","coordinates":[[[-87.6853,36.4082],[-87.6855,36.4083],[-87.6852,36.4084],[-87.6853,36.4082]]]},"properties":{"name":"Unnamed Lake (58825758)","layer":"nhd_lakes","waterbody_type":"Lake/Pond","area_acres":null,"elevation":null,"fcode":39004}},{"type":"Feature","geometry":{"type":"Polygon","coordinates":[[[-87.6748,36.4052],[-87.6751,36.4058],[-87.6745,36.4056],[-87.6748,36.4052]]]},"properties":{"name":"Unnamed Lake (58825791)","layer":"nhd_lakes","waterbody_type":"Lake/Pond","area_acres":0.99,"elevation":null,"fcode":39004}},{"type":"Feature","geometry":{"type":"Polygon","coordinates":[[[-87.6068,36.3969],[-87.6069,36.397],[-87.6067,36.3969],[-87.6068,36.3969]]]},"properties":{"name":"Unnamed Lake (58825858)","layer":"nhd_lakes","waterbody_type":"Lake/Pond","area_acres":null,"elevation":null,"fcode":39004}},{"type":"Feature","geometry":{"type":"Polygon","coordinates":[[[-87.6991,36.3384],[-87.6988,36.3384],[-87.699,36.3383],[-87.6991,36.3384]]]},"properties":{"name":"Unnamed Lake (58826369)","layer":"nhd_lakes","waterbody_type":"Lake/Pond","area_acres":null,"elevation":null,"fcode":39004}},{"type":"Feature","geometry":{"type":"Polygon","coordinates":[[[-87.7319,36.3293],[-87.7321,36.3293],[-87.7319,36.3295],[-87.7319,36.3293]]]},"properties":{"name":"Unnamed Lake (58826474)","layer":"nhd_lakes","waterbody_type":"Lake/Pond","area_acres":0.25,"elevation":null,"fcode":39004}},{"type":"Feature","geometry":{"type":"Polygon","coordinates":[[[-87.7573,36.3302],[-87.7573,36.3308],[-87.7567,36.3303],[-87.7573,36.3302]]]},"properties":{"name":"Unnamed Lake (59228847)","layer":"nhd_lakes","waterbody_type":"Lake/Pond","area_acres":0.74,"elevation":null,"fcode":39004}},{"type":"Feature","geometry":{"type":"Polygon","coordinates":[[[-87.6169,36.5282],[-87.6169,36.528],[-87.617,36.5281],[-87.6169,36.5282]]]},"properties":{"name":"Unnamed Lake (58824236)","layer":"nhd_lakes","waterbody_type":"Lake/Pond","area_acres":null,"elevation":null,"fcode":39004}},{"type":"Feature","geometry":{"type":"Polygon","coordinates":[[[-87.8931,36.544],[-87.8932,36.5428],[-87.8938,36.5432],[-87.8931,36.544]]]},"properties":{"name":"Lake Barkley","layer":"nhd_lakes","waterbody_type":"Lake/Pond","area_acres":1.24,"elevation":null,"fcode":39004}},{"type":"Feature","geometry":{"type":"Polygon","coordinates":[[[-87.8434,36.5318],[-87.8435,36.5314],[-87.8442,36.5318],[-87.8434,36.5318]]]},"properties":{"name":"Unnamed Lake (58824388)","layer":"nhd_lakes","waterbody_type":"Lake/Pond","area_acres":0.99,"elevation":null,"fcode":39004}},{"type":"Feature","geometry":{"type":"Polygon","coordinates":[[[-87.8587,36.5322],[-87.8586,36.5321],[-87.8589,36.5321],[-87.8587,36.5322]]]},"properties":{"name":"Unnamed Lake (58824398)","layer":"nhd_lakes","waterbody_type":"Lake/Pond","area_acres":null,"elevation":null,"fcode":39004}},{"type":"Feature","geometry":{"type":"Polygon","coordinates":[[[-87.7749,36.5032],[-87.776,36.5039],[-87.7728,36.5025],[-87.7749,36.5032]]]},"properties":{"name":"Unnamed Lake (58824701)","layer":"nhd_lakes","waterbody_type":"Lake/Pond","area_acres":1.48,"elevation":108.2,"fcode":39009}},{"type":"Feature","geometry":{"type":"Polygon","coordinates":[[[-87.7859,36.5001],[-87.7833,36.4991],[-87.7862,36.4996],[-87.7859,36.5001]]]},"properties":{"name":"Lake Barkley","layer":"nhd_lakes","waterbody_type":"Lake/Pond","area_acres":2.72,"elevation":null,"fcode":39004}},{"type":"Feature","geometry":{"type":"Polygon","coordinates":[[[-87.8551,36.4737],[-87.8549,36.4744],[-87.8542,36.4743],[-87.8551,36.4737]]]},"properties":{"name":"Unnamed Lake (58825132)","layer":"nhd_lakes","waterbody_type":"Lake/Pond","area_acres":1.73,"elevation":null,"fcode":39004}},{"type":"Feature","geometry":{"type":"Polygon","coordinates":[[[-87.7111,36.4625],[-87.719,36.4685],[-87.7141,36.4669],[-87.7111,36.4625]]]},"properties":{"name":"Lake Barkley","layer":"nhd_lakes","waterbody_type":"Lake/Pond","area_acres":29.41,"elevation":null,"fcode":39004}},{"type":"Feature","geometry":{"type":"Polygon","coordinates":[[[-87.7091,36.4327],[-87.7092,36.4329],[-87.7089,36.4328],[-87.7091,36.4327]]]},"properties":{"name":"Unnamed Lake (58825507)","layer":"nhd_lakes","waterbody_type":"Lake/Pond","area_acres":null,"elevation":null,"fcode":39004}},{"type":"Feature","geometry":{"type":"Polygon","coordinates":[[[-87.653,36.4286],[-87.6532,36.4287],[-87.653,36.4287],[-87.653,36.4286]]]},"properties":{"name":"Unnamed Lake (58825511)","layer":"nhd_lakes","waterbody_type":"Lake/Pond","area_acres":null,"elevation":null,"fcode":39004}},{"type":"Feature","geometry":{"type":"Polygon","coordinates":[[[-87.6111,36.423],[-87.6112,36.4231],[-87.6111,36.4232],[-87.6111,36.423]]]},"properties":{"name":"Unnamed Lake (58825533)","layer":"nhd_lakes","waterbody_type":"Lake/Pond","area_acres":null,"elevation":null,"fcode":39004}},{"type":"Feature","geometry":{"type":"Polygon","coordinates":[[[-87.6516,36.4063],[-87.6516,36.4065],[-87.6513,36.4067],[-87.6516,36.4063]]]},"properties":{"name":"Unnamed Lake (58825747)","layer":"nhd_lakes","waterbody_type":"Lake/Pond","area_acres":0.25,"elevation":null,"fcode":39004}},{"type":"Feature","geometry":{"type":"Polygon","coordinates":[[[-87.6238,36.3875],[-87.6237,36.3877],[-87.6235,36.3877],[-87.6238,36.3875]]]},"properties":{"name":"Unnamed Lake (58825971)","layer":"nhd_lakes","waterbody_type":"Lake/Pond","area_acres":null,"elevation":null,"fcode":39004}},{"type":"Feature","geometry":{"type":"Polygon","coordinates":[[[-87.7071,36.3668],[-87.7071,36.367],[-87.7069,36.367],[-87.7071,36.3668]]]},"properties":{"name":"Unnamed Lake (58826154)","layer":"nhd_lakes","waterbody_type":"Lake/Pond","area_acres":0.25,"elevation":null,"fcode":39004}},{"type":"Feature","geometry":{"type":"Polygon","coordinates":[[[-87.8073,36.5957],[-87.8075,36.5958],[-87.8073,36.5959],[-87.8073,36.5957]]]},"properties":{"name":"Unnamed Lake (58823868)","layer":"nhd_lakes","waterbody_type":"Lake/Pond","area_acres":null,"elevation":null,"fcode":39004}},{"type":"Feature","geometry":{"type":"Polygon","coordinates":[[[-87.7463,36.5701],[-87.7463,36.5702],[-87.7459,36.5704],[-87.7463,36.5701]]]},"properties":{"name":"Unnamed Lake (58823938)","layer":"nhd_lakes","waterbody_type":"Lake/Pond","area_acres":0.25,"elevation":null,"fcode":39004}},{"type":"Feature","geometry":{"type":"Polygon","coordinates":[[[-87.7886,36.5725],[-87.7885,36.573],[-87.7881,36.5726],[-87.7886,36.5725]]]},"properties":{"name":"Unnamed Lake (58823939)","layer":"nhd_lakes","waterbody_type":"Lake/Pond","area_acres":0.25,"elevation":null,"fcode":39004}},{"type":"Feature","geometry":{"type":"Polygon","coordinates":[[[-87.7602,36.566],[-87.7602,36.5659],[-87.7605,36.5658],[-87.7602,36.566]]]},"properties":{"name":"Unnamed Lake (58823958)","layer":"nhd_lakes","waterbody_type":"Lake/Pond","area_acres":null,"elevation":null,"fcode":39004}},{"type":"Feature","geometry":{"type":"Polygon","coordinates":[[[-87.794,36.5549],[-87.7938,36.5548],[-87.794,36.5546],[-87.794,36.5549]]]},"properties":{"name":"Unnamed Lake (58824054)","layer":"nhd_lakes","waterbody_type":"Lake/Pond","area_acres":null,"elevation":null,"fcode":39004}},{"type":"Feature","geometry":{"type":"Polygon","coordinates":[[[-87.7219,36.5494],[-87.7216,36.5497],[-87.7216,36.5493],[-87.7219,36.5494]]]},"properties":{"name":"Unnamed Lake (58824055)","layer":"nhd_lakes","waterbody_type":"Lake/Pond","area_acres":0.25,"elevation":null,"fcode":39004}},{"type":"Feature","geometry":{"type":"Polygon","coordinates":[[[-87.734,36.5491],[-87.7339,36.5495],[-87.7336,36.5489],[-87.734,36.5491]]]},"properties":{"name":"Unnamed Lake (58824066)","layer":"nhd_lakes","waterbody_type":"Lake/Pond","area_acres":0.49,"elevation":null,"fcode":39004}},{"type":"Feature","geometry":{"type":"Polygon","coordinates":[[[-87.6107,36.5282],[-87.6112,36.5282],[-87.611,36.5284],[-87.6107,36.5282]]]},"properties":{"name":"Unnamed Lake (58824229)","layer":"nhd_lakes","waterbody_type":"Lake/Pond","area_acres":0.25,"elevation":null,"fcode":39004}},{"type":"Feature","geometry":{"type":"Polygon","coordinates":[[[-87.7245,36.5121],[-87.7247,36.5117],[-87.7248,36.5121],[-87.7245,36.5121]]]},"properties":{"name":"Unnamed Lake (58824541)","layer":"nhd_lakes","waterbody_type":"Lake/Pond","area_acres":0.25,"elevation":null,"fcode":39004}},{"type":"Feature","geometry":{"type":"Polygon","coordinates":[[[-87.7334,36.51],[-87.7334,36.5099],[-87.7336,36.51],[-87.7334,36.51]]]},"properties":{"name":"Unnamed Lake (58824574)","layer":"nhd_lakes","waterbody_type":"Lake/Pond","area_acres":null,"elevation":null,"fcode":39004}},{"type":"Feature","geometry":{"type":"Polygon","coordinates":[[[-87.6328,36.4022],[-87.6322,36.4011],[-87.6323,36.4009],[-87.6328,36.4022]]]},"properties":{"name":"Unnamed Lake (58825810)","layer":"nhd_lakes","waterbody_type":"Lake/Pond","area_acres":0.74,"elevation":112.8,"fcode":39009}},{"type":"Feature","geometry":{"type":"Polygon","coordinates":[[[-87.6621,36.3536],[-87.6622,36.3534],[-87.6624,36.3535],[-87.6621,36.3536]]]},"properties":{"name":"Unnamed Lake (58826222)","layer":"nhd_lakes","waterbody_type":"Lake/Pond","area_acres":0.25,"elevation":null,"fcode":39004}},{"type":"Feature","geometry":{"type":"Polygon","coordinates":[[[-87.7598,36.3353],[-87.76,36.3356],[-87.7595,36.3356],[-87.7598,36.3353]]]},"properties":{"name":"Unnamed Lake (59228838)","layer":"nhd_lakes","waterbody_type":"Lake/Pond","area_acres":0.25,"elevation":null,"fcode":39004}},{"type":"Feature","geometry":{"type":"Polygon","coordinates":[[[-87.7479,36.6032],[-87.7487,36.6033],[-87.7483,36.6036],[-87.7479,36.6032]]]},"properties":{"name":"Unnamed Lake (54404324)","layer":"nhd_lakes","waterbody_type":"Lake/Pond","area_acres":0.99,"elevation":null,"fcode":39004}},{"type":"Feature","geometry":{"type":"Polygon","coordinates":[[[-87.6013,36.5383],[-87.6012,36.538],[-87.6015,36.538],[-87.6013,36.5383]]]},"properties":{"name":"Unnamed Lake (54405629)","layer":"nhd_lakes","waterbody_type":"Lake/Pond","area_acres":0.25,"elevation":null,"fcode":39004}},{"type":"Feature","geometry":{"type":"Polygon","coordinates":[[[-87.6194,36.5386],[-87.6197,36.5387],[-87.6196,36.5391],[-87.6194,36.5386]]]},"properties":{"name":"Unnamed Lake (58824107)","layer":"nhd_lakes","waterbody_type":"Lake/Pond","area_acres":0.49,"elevation":null,"fcode":39004}},{"type":"Feature","geometry":{"type":"Polygon","coordinates":[[[-87.599,36.518],[-87.5993,36.5181],[-87.5989,36.5182],[-87.599,36.518]]]},"properties":{"name":"Unnamed Lake (58824344)","layer":"nhd_lakes","waterbody_type":"Lake/Pond","area_acres":0.25,"elevation":null,"fcode":39004}},{"type":"Feature","geometry":{"type":"Polygon","coordinates":[[[-87.7825,36.5251],[-87.7827,36.5249],[-87.7827,36.525],[-87.7825,36.5251]]]},"properties":{"name":"Unnamed Lake (58824426)","layer":"nhd_lakes","waterbody_type":"Lake/Pond","area_acres":null,"elevation":null,"fcode":39004}},{"type":"Feature","geometry":{"type":"Polygon","coordinates":[[[-87.8112,36.5224],[-87.811,36.5224],[-87.8112,36.5221],[-87.8112,36.5224]]]},"properties":{"name":"Unnamed Lake (58824482)","layer":"nhd_lakes","waterbody_type":"Lake/Pond","area_acres":null,"elevation":null,"fcode":39004}},{"type":"Feature","geometry":{"type":"Polygon","coordinates":[[[-87.7423,36.5092],[-87.7422,36.5091],[-87.7425,36.5091],[-87.7423,36.5092]]]},"properties":{"name":"Unnamed Lake (58824590)","layer":"nhd_lakes","waterbody_type":"Lake/Pond","area_acres":null,"elevation":null,"fcode":39004}},{"type":"Feature","geometry":{"type":"Polygon","coordinates":[[[-87.8175,36.5133],[-87.8175,36.5135],[-87.8172,36.5134],[-87.8175,36.5133]]]},"properties":{"name":"Unnamed Lake (58824598)","layer":"nhd_lakes","waterbody_type":"Lake/Pond","area_acres":0.25,"elevation":null,"fcode":39004}},{"type":"Feature","geometry":{"type":"Polygon","coordinates":[[[-87.6264,36.4919],[-87.6264,36.492],[-87.6262,36.492],[-87.6264,36.4919]]]},"properties":{"name":"Unnamed Lake (58824723)","layer":"nhd_lakes","waterbody_type":"Lake/Pond","area_acres":null,"elevation":null,"fcode":39004}},{"type":"Feature","geometry":{"type":"Polygon","coordinates":[[[-87.7287,36.4897],[-87.7288,36.4898],[-87.7286,36.4898],[-87.7287,36.4897]]]},"properties":{"name":"Unnamed Lake (58824810)","layer":"nhd_lakes","waterbody_type":"Lake/Pond","area_acres":null,"elevation":null,"fcode":39004}},{"type":"Feature","geometry":{"type":"Polygon","coordinates":[[[-87.6357,36.4447],[-87.6357,36.4449],[-87.6355,36.4449],[-87.6357,36.4447]]]},"properties":{"name":"Unnamed Lake (58825307)","layer":"nhd_lakes","waterbody_type":"Lake/Pond","area_acres":null,"elevation":null,"fcode":39004}},{"type":"Feature","geometry":{"type":"Polygon","coordinates":[[[-87.585,36.4409],[-87.5851,36.4409],[-87.585,36.441],[-87.585,36.4409]]]},"properties":{"name":"Unnamed Lake (58825311)","layer":"nhd_lakes","waterbody_type":"Lake/Pond","area_acres":null,"elevation":null,"fcode":39004}},{"type":"Feature","geometry":{"type":"Polygon","coordinates":[[[-87.6031,36.4288],[-87.6034,36.4289],[-87.6032,36.4292],[-87.6031,36.4288]]]},"properties":{"name":"Unnamed Lake (58825460)","layer":"nhd_lakes","waterbody_type":"Lake/Pond","area_acres":0.49,"elevation":null,"fcode":39004}},{"type":"Feature","geometry":{"type":"Polygon","coordinates":[[[-87.6452,36.4036],[-87.6452,36.4037],[-87.645,36.4037],[-87.6452,36.4036]]]},"properties":{"name":"Unnamed Lake (58825793)","layer":"nhd_lakes","waterbody_type":"Lake/Pond","area_acres":null,"elevation":null,"fcode":39004}},{"type":"Feature","geometry":{"type":"Polygon","coordinates":[[[-87.7136,36.3288],[-87.7138,36.3286],[-87.7139,36.3287],[-87.7136,36.3288]]]},"properties":{"name":"Unnamed Lake (58826468)","layer":"nhd_lakes","waterbody_type":"Lake/Pond","area_acres":null,"elevation":null,"fcode":39004}},{"type":"Feature","geometry":{"type":"Polygon","coordinates":[[[-87.6159,36.5558],[-87.6159,36.5563],[-87.6154,36.5561],[-87.6159,36.5558]]]},"properties":{"name":"Unnamed Lake (54405237)","layer":"nhd_lakes","waterbody_type":"Lake/Pond","area_acres":0.49,"elevation":null,"fcode":39004}},{"type":"Feature","geometry":{"type":"Polygon","coordinates":[[[-87.8227,36.5532],[-87.8228,36.5534],[-87.8227,36.5534],[-87.8227,36.5532]]]},"properties":{"name":"Unnamed Lake (58824101)","layer":"nhd_lakes","waterbody_type":"Lake/Pond","area_acres":null,"elevation":null,"fcode":39004}},{"type":"Feature","geometry":{"type":"Polygon","coordinates":[[[-87.8631,36.5351],[-87.8631,36.535],[-87.8634,36.5351],[-87.8631,36.5351]]]},"properties":{"name":"Unnamed Lake (58824365)","layer":"nhd_lakes","waterbody_type":"Lake/Pond","area_acres":0.25,"elevation":null,"fcode":39004}},{"type":"Feature","geometry":{"type":"Polygon","coordinates":[[[-87.7627,36.515],[-87.7625,36.5152],[-87.7624,36.5152],[-87.7627,36.515]]]},"properties":{"name":"Unnamed Lake (58824535)","layer":"nhd_lakes","waterbody_type":"Lake/Pond","area_acres":null,"elevation":null,"fcode":39004}},{"type":"Feature","geometry":{"type":"Polygon","coordinates":[[[-87.8266,36.5191],[-87.8269,36.5192],[-87.8269,36.5194],[-87.8266,36.5191]]]},"properties":{"name":"Unnamed Lake (58824537)","layer":"nhd_lakes","waterbody_type":"Lake/Pond","area_acres":0.25,"elevation":null,"fcode":39004}},{"type":"Feature","geometry":{"type":"Polygon","coordinates":[[[-87.6011,36.4853],[-87.6014,36.4855],[-87.6011,36.4854],[-87.6011,36.4853]]]},"properties":{"name":"Unnamed Lake (58824771)","layer":"nhd_lakes","waterbody_type":"Lake/Pond","area_acres":null,"elevation":null,"fcode":39004}},{"type":"Feature","geometry":{"type":"Polygon","coordinates":[[[-87.6803,36.4902],[-87.6801,36.4899],[-87.6804,36.4901],[-87.6803,36.4902]]]},"properties":{"name":"Unnamed Lake (58824779)","layer":"nhd_lakes","waterbody_type":"Lake/Pond","area_acres":0.25,"elevation":null,"fcode":39004}},{"type":"Feature","geometry":{"type":"Polygon","coordinates":[[[-87.679,36.409],[-87.679,36.4091],[-87.6787,36.4091],[-87.679,36.409]]]},"properties":{"name":"Unnamed Lake (58825743)","layer":"nhd_lakes","waterbody_type":"Lake/Pond","area_acres":null,"elevation":null,"fcode":39004}},{"type":"Feature","geometry":{"type":"Polygon","coordinates":[[[-87.6292,36.3785],[-87.6292,36.3788],[-87.6288,36.3787],[-87.6292,36.3785]]]},"properties":{"name":"Unnamed Lake (58826027)","layer":"nhd_lakes","waterbody_type":"Lake/Pond","area_acres":0.25,"elevation":null,"fcode":39004}},{"type":"Feature","geometry":{"type":"Polygon","coordinates":[[[-87.7349,36.5696],[-87.735,36.5697],[-87.7345,36.5697],[-87.7349,36.5696]]]},"properties":{"name":"Unnamed Lake (54405144)","layer":"nhd_lakes","waterbody_type":"Lake/Pond","area_acres":0.25,"elevation":null,"fcode":39004}},{"type":"Feature","geometry":{"type":"Polygon","coordinates":[[[-87.7791,36.6033],[-87.7791,36.6034],[-87.779,36.6034],[-87.7791,36.6033]]]},"properties":{"name":"Unnamed Lake (58823842)","layer":"nhd_lakes","waterbody_type":"Lake/Pond","area_acres":null,"elevation":null,"fcode":39004}},{"type":"Feature","geometry":{"type":"Polygon","coordinates":[[[-87.8263,36.5933],[-87.8263,36.5931],[-87.8266,36.5932],[-87.8263,36.5933]]]},"properties":{"name":"Unnamed Lake (58823877)","layer":"nhd_lakes","waterbody_type":"Lake/Pond","area_acres":null,"elevation":null,"fcode":39004}},{"type":"Feature","geometry":{"type":"Polygon","coordinates":[[[-87.6209,36.5413],[-87.6207,36.5412],[-87.621,36.5412],[-87.6209,36.5413]]]},"properties":{"name":"Unnamed Lake (58824072)","layer":"nhd_lakes","waterbody_type":"Lake/Pond","area_acres":null,"elevation":null,"fcode":39004}},{"type":"Feature","geometry":{"type":"Polygon","coordinates":[[[-87.8843,36.5438],[-87.8854,36.5459],[-87.8849,36.5457],[-87.8843,36.5438]]]},"properties":{"name":"Unnamed Lake (58824242)","layer":"nhd_lakes","waterbody_type":"Lake/Pond","area_acres":2.47,"elevation":null,"fcode":39004}},{"type":"Feature","geometry":{"type":"Polygon","coordinates":[[[-87.849,36.5278],[-87.8491,36.5279],[-87.8489,36.5279],[-87.849,36.5278]]]},"properties":{"name":"Unnamed Lake (58824443)","layer":"nhd_lakes","waterbody_type":"Lake/Pond","area_acres":null,"elevation":null,"fcode":39004}},{"type":"Feature","geometry":{"type":"Polygon","coordinates":[[[-87.6499,36.5112],[-87.65,36.5111],[-87.6503,36.5111],[-87.6499,36.5112]]]},"properties":{"name":"Unnamed Lake (58824483)","layer":"nhd_lakes","waterbody_type":"Lake/Pond","area_acres":0.25,"elevation":null,"fcode":39004}},{"type":"Feature","geometry":{"type":"Polygon","coordinates":[[[-87.6987,36.3671],[-87.699,36.3672],[-87.6987,36.3673],[-87.6987,36.3671]]]},"properties":{"name":"Unnamed Lake (58826150)","layer":"nhd_lakes","waterbody_type":"Lake/Pond","area_acres":0.25,"elevation":null,"fcode":39004}},{"type":"Feature","geometry":{"type":"Polygon","coordinates":[[[-87.7354,36.3606],[-87.7356,36.3607],[-87.7353,36.3607],[-87.7354,36.3606]]]},"properties":{"name":"Unnamed Lake (58826211)","layer":"nhd_lakes","waterbody_type":"Lake/Pond","area_acres":null,"elevation":null,"fcode":39004}},{"type":"Feature","geometry":{"type":"Polygon","coordinates":[[[-87.6745,36.3381],[-87.6744,36.3383],[-87.6742,36.3382],[-87.6745,36.3381]]]},"properties":{"name":"Unnamed Lake (58826359)","layer":"nhd_lakes","waterbody_type":"Lake/Pond","area_acres":0.25,"elevation":null,"fcode":39004}},{"type":"Feature","geometry":{"type":"Polygon","coordinates":[[[-87.7729,36.331],[-87.7732,36.3312],[-87.7724,36.3314],[-87.7729,36.331]]]},"properties":{"name":"Unnamed Lake (59228849)","layer":"nhd_lakes","waterbody_type":"Lake/Pond","area_acres":0.49,"elevation":null,"fcode":39004}},{"type":"Feature","geometry":{"type":"Polygon","coordinates":[[[-87.794,36.5727],[-87.7943,36.5725],[-87.7944,36.5728],[-87.794,36.5727]]]},"properties":{"name":"Unnamed Lake (58823942)","layer":"nhd_lakes","waterbody_type":"Lake/Pond","area_acres":0.25,"elevation":null,"fcode":39004}},{"type":"Feature","geometry":{"type":"Polygon","coordinates":[[[-87.6489,36.5442],[-87.6487,36.5445],[-87.6487,36.5442],[-87.6489,36.5442]]]},"properties":{"name":"Unnamed Lake (58824056)","layer":"nhd_lakes","waterbody_type":"Lake/Pond","area_acres":0.25,"elevation":null,"fcode":39004}},{"type":"Feature","geometry":{"type":"Polygon","coordinates":[[[-87.6264,36.5349],[-87.6261,36.5349],[-87.6264,36.5348],[-87.6264,36.5349]]]},"properties":{"name":"Unnamed Lake (58824170)","layer":"nhd_lakes","waterbody_type":"Lake/Pond","area_acres":null,"elevation":null,"fcode":39004}},{"type":"Feature","geometry":{"type":"Polygon","coordinates":[[[-87.5903,36.5127],[-87.5904,36.5129],[-87.5901,36.5128],[-87.5903,36.5127]]]},"properties":{"name":"Unnamed Lake (58824404)","layer":"nhd_lakes","waterbody_type":"Lake/Pond","area_acres":null,"elevation":null,"fcode":39004}},{"type":"Feature","geometry":{"type":"Polygon","coordinates":[[[-87.6469,36.5088],[-87.6472,36.5086],[-87.6471,36.5089],[-87.6469,36.5088]]]},"properties":{"name":"Unnamed Lake (58824514)","layer":"nhd_lakes","waterbody_type":"Lake/Pond","area_acres":0.25,"elevation":null,"fcode":39004}},{"type":"Feature","geometry":{"type":"Polygon","coordinates":[[[-87.8606,36.5209],[-87.8607,36.5211],[-87.8606,36.5211],[-87.8606,36.5209]]]},"properties":{"name":"Unnamed Lake (58824549)","layer":"nhd_lakes","waterbody_type":"Lake/Pond","area_acres":null,"elevation":null,"fcode":39004}},{"type":"Feature","geometry":{"type":"Polygon","coordinates":[[[-87.8157,36.5122],[-87.8158,36.5124],[-87.8156,36.5125],[-87.8157,36.5122]]]},"properties":{"name":"Unnamed Lake (58824616)","layer":"nhd_lakes","waterbody_type":"Lake/Pond","area_acres":null,"elevation":null,"fcode":39004}},{"type":"Feature","geometry":{"type":"Polygon","coordinates":[[[-87.6866,36.4967],[-87.6868,36.4968],[-87.6866,36.4968],[-87.6866,36.4967]]]},"properties":{"name":"Unnamed Lake (58824716)","layer":"nhd_lakes","waterbody_type":"Lake/Pond","area_acres":null,"elevation":null,"fcode":39004}},{"type":"Feature","geometry":{"type":"Polygon","coordinates":[[[-87.6731,36.4723],[-87.6731,36.4725],[-87.6729,36.4725],[-87.6731,36.4723]]]},"properties":{"name":"Unnamed Lake (58824994)","layer":"nhd_lakes","waterbody_type":"Lake/Pond","area_acres":null,"elevation":null,"fcode":39004}},{"type":"Feature","geometry":{"type":"Polygon","coordinates":[[[-87.683,36.4655],[-87.683,36.4656],[-87.6829,36.4656],[-87.683,36.4655]]]},"properties":{"name":"Unnamed Lake (58825094)","layer":"nhd_lakes","waterbody_type":"Lake/Pond","area_acres":null,"elevation":null,"fcode":39004}},{"type":"Feature","geometry":{"type":"Polygon","coordinates":[[[-87.5771,36.4442],[-87.5771,36.4444],[-87.577,36.4444],[-87.5771,36.4442]]]},"properties":{"name":"Unnamed Lake (58825264)","layer":"nhd_lakes","waterbody_type":"Lake/Pond","area_acres":null,"elevation":null,"fcode":39004}},{"type":"Feature","geometry":{"type":"Polygon","coordinates":[[[-87.5902,36.4136],[-87.5903,36.4138],[-87.5901,36.4138],[-87.5902,36.4136]]]},"properties":{"name":"Unnamed Lake (58825610)","layer":"nhd_lakes","waterbody_type":"Lake/Pond","area_acres":null,"elevation":null,"fcode":39004}},{"type":"Feature","geometry":{"type":"Polygon","coordinates":[[[-87.6678,36.4134],[-87.6672,36.4116],[-87.6679,36.4099],[-87.6678,36.4134]]]},"properties":{"name":"Unnamed Lake (58825678)","layer":"nhd_lakes","waterbody_type":"Lake/Pond","area_acres":2.47,"elevation":112.8,"fcode":39009}},{"type":"Feature","geometry":{"type":"Polygon","coordinates":[[[-87.6122,36.3983],[-87.6132,36.3988],[-87.6127,36.399],[-87.6122,36.3983]]]},"properties":{"name":"Unnamed Lake (58825833)","layer":"nhd_lakes","waterbody_type":"Lake/Pond","area_acres":0.74,"elevation":null,"fcode":39004}},{"type":"Feature","geometry":{"type":"Polygon","coordinates":[[[-87.682,36.3999],[-87.6822,36.4],[-87.6819,36.4],[-87.682,36.3999]]]},"properties":{"name":"Unnamed Lake (58825886)","layer":"nhd_lakes","waterbody_type":"Lake/Pond","area_acres":null,"elevation":null,"fcode":39004}},{"type":"Feature","geometry":{"type":"Polygon","coordinates":[[[-87.6924,36.374],[-87.6925,36.3742],[-87.6923,36.3741],[-87.6924,36.374]]]},"properties":{"name":"Unnamed Lake (58826098)","layer":"nhd_lakes","waterbody_type":"Lake/Pond","area_acres":null,"elevation":null,"fcode":39004}},{"type":"Feature","geometry":{"type":"Polygon","coordinates":[[[-87.7539,36.3297],[-87.7545,36.3293],[-87.7548,36.3299],[-87.7539,36.3297]]]},"properties":{"name":"Unnamed Lake (59228850)","layer":"nhd_lakes","waterbody_type":"Lake/Pond","area_acres":1.24,"elevation":null,"fcode":39004}},{"type":"Feature","geometry":{"type":"Polygon","coordinates":[[[-87.7171,36.5815],[-87.7174,36.5817],[-87.7171,36.5817],[-87.7171,36.5815]]]},"properties":{"name":"Unnamed Lake (54404841)","layer":"nhd_lakes","waterbody_type":"Lake/Pond","area_acres":0.25,"elevation":null,"fcode":39004}},{"type":"Feature","geometry":{"type":"Polygon","coordinates":[[[-87.603,36.5312],[-87.6028,36.5311],[-87.6032,36.5311],[-87.603,36.5312]]]},"properties":{"name":"Unnamed Lake (58824196)","layer":"nhd_lakes","waterbody_type":"Lake/Pond","area_acres":0.25,"elevation":null,"fcode":39004}},{"type":"Feature","geometry":{"type":"Polygon","coordinates":[[[-87.612,36.5266],[-87.6124,36.5265],[-87.6124,36.5266],[-87.612,36.5266]]]},"properties":{"name":"Unnamed Lake (58824250)","layer":"nhd_lakes","waterbody_type":"Lake/Pond","area_acres":null,"elevation":null,"fcode":39004}},{"type":"Feature","geometry":{"type":"Polygon","coordinates":[[[-87.7153,36.5213],[-87.7154,36.5214],[-87.7152,36.5214],[-87.7153,36.5213]]]},"properties":{"name":"Unnamed Lake (58824407)","layer":"nhd_lakes","waterbody_type":"Lake/Pond","area_acres":null,"elevation":null,"fcode":39004}},{"type":"Feature","geometry":{"type":"Polygon","coordinates":[[[-87.6193,36.5142],[-87.6192,36.5139],[-87.6198,36.514],[-87.6193,36.5142]]]},"properties":{"name":"Unnamed Lake (58824420)","layer":"nhd_lakes","waterbody_type":"Lake/Pond","area_acres":0.25,"elevation":null,"fcode":39004}},{"type":"Feature","geometry":{"type":"Polygon","coordinates":[[[-87.7378,36.5215],[-87.7381,36.5213],[-87.738,36.5216],[-87.7378,36.5215]]]},"properties":{"name":"Unnamed Lake (58824435)","layer":"nhd_lakes","waterbody_type":"Lake/Pond","area_acres":0.25,"elevation":null,"fcode":39004}},{"type":"Feature","geometry":{"type":"Polygon","coordinates":[[[-87.6807,36.5098],[-87.6809,36.5097],[-87.6808,36.51],[-87.6807,36.5098]]]},"properties":{"name":"Unnamed Lake (58824529)","layer":"nhd_lakes","waterbody_type":"Lake/Pond","area_acres":0.25,"elevation":null,"fcode":39004}},{"type":"Feature","geometry":{"type":"Polygon","coordinates":[[[-87.7865,36.4999],[-87.7965,36.4987],[-87.799,36.5001],[-87.7865,36.4999]]]},"properties":{"name":"Pool Two","layer":"nhd_lakes","waterbody_type":"Lake/Pond","area_acres":32.86,"elevation":null,"fcode":39004}},{"type":"Feature","geometry":{"type":"Polygon","coordinates":[[[-87.7166,36.3286],[-87.7167,36.3288],[-87.7165,36.3287],[-87.7166,36.3286]]]},"properties":{"name":"Unnamed Lake (58826470)","layer":"nhd_lakes","waterbody_type":"Lake/Pond","area_acres":0.25,"elevation":null,"fcode":39004}},{"type":"Feature","geometry":{"type":"Polygon","coordinates":[[[-87.7339,36.5688],[-87.7341,36.5687],[-87.734,36.569],[-87.7339,36.5688]]]},"properties":{"name":"Unnamed Lake (54405155)","layer":"nhd_lakes","waterbody_type":"Lake/Pond","area_acres":0.25,"elevation":null,"fcode":39004}},{"type":"Feature","geometry":{"type":"Polygon","coordinates":[[[-87.596,36.5317],[-87.5958,36.5318],[-87.5959,36.5317],[-87.596,36.5317]]]},"properties":{"name":"Unnamed Lake (58824181)","layer":"nhd_lakes","waterbody_type":"Lake/Pond","area_acres":null,"elevation":null,"fcode":39004}},{"type":"Feature","geometry":{"type":"Polygon","coordinates":[[[-87.8446,36.5325],[-87.8446,36.5324],[-87.8447,36.5324],[-87.8446,36.5325]]]},"properties":{"name":"Unnamed Lake (58824385)","layer":"nhd_lakes","waterbody_type":"Lake/Pond","area_acres":null,"elevation":null,"fcode":39004}},{"type":"Feature","geometry":{"type":"Polygon","coordinates":[[[-87.7843,36.5247],[-87.7841,36.5248],[-87.7841,36.5246],[-87.7843,36.5247]]]},"properties":{"name":"Unnamed Lake (58824432)","layer":"nhd_lakes","waterbody_type":"Lake/Pond","area_acres":0.25,"elevation":null,"fcode":39004}},{"type":"Feature","geometry":{"type":"Polygon","coordinates":[[[-87.7741,36.5209],[-87.7739,36.5211],[-87.7739,36.5209],[-87.7741,36.5209]]]},"properties":{"name":"Unnamed Lake (58824472)","layer":"nhd_lakes","waterbody_type":"Lake/Pond","area_acres":null,"elevation":null,"fcode":39004}},{"type":"Feature","geometry":{"type":"Polygon","coordinates":[[[-87.9086,36.525],[-87.9086,36.5254],[-87.9081,36.5253],[-87.9086,36.525]]]},"properties":{"name":"Unnamed Lake (58824531)","layer":"nhd_lakes","waterbody_type":"Lake/Pond","area_acres":0.25,"elevation":null,"fcode":39004}},{"type":"Feature","geometry":{"type":"Polygon","coordinates":[[[-87.7948,36.5159],[-87.7946,36.516],[-87.7945,36.5158],[-87.7948,36.5159]]]},"properties":{"name":"Unnamed Lake (58824553)","layer":"nhd_lakes","waterbody_type":"Lake/Pond","area_acres":0.25,"elevation":null,"fcode":39004}},{"type":"Feature","geometry":{"type":"Polygon","coordinates":[[[-87.6656,36.5062],[-87.6658,36.5062],[-87.6657,36.5063],[-87.6656,36.5062]]]},"properties":{"name":"Unnamed Lake (58824564)","layer":"nhd_lakes","waterbody_type":"Lake/Pond","area_acres":null,"elevation":null,"fcode":39004}},{"type":"Feature","geometry":{"type":"Polygon","coordinates":[[[-87.6441,36.4424],[-87.6443,36.4426],[-87.6439,36.4427],[-87.6441,36.4424]]]},"properties":{"name":"Unnamed Lake (58825349)","layer":"nhd_lakes","waterbody_type":"Lake/Pond","area_acres":0.25,"elevation":null,"fcode":39004}},{"type":"Feature","geometry":{"type":"Polygon","coordinates":[[[-87.6405,36.4018],[-87.6403,36.402],[-87.6402,36.4019],[-87.6405,36.4018]]]},"properties":{"name":"Unnamed Lake (58825816)","layer":"nhd_lakes","waterbody_type":"Lake/Pond","area_acres":0.25,"elevation":null,"fcode":39004}},{"type":"Feature","geometry":{"type":"Polygon","coordinates":[[[-87.6236,36.3839],[-87.6235,36.3843],[-87.6233,36.3842],[-87.6236,36.3839]]]},"properties":{"name":"Unnamed Lake (58825991)","layer":"nhd_lakes","waterbody_type":"Lake/Pond","area_acres":0.25,"elevation":null,"fcode":39004}},{"type":"Feature","geometry":{"type":"Polygon","coordinates":[[[-87.6497,36.3798],[-87.6494,36.3797],[-87.6496,36.3796],[-87.6497,36.3798]]]},"properties":{"name":"Unnamed Lake (58826032)","layer":"nhd_lakes","waterbody_type":"Lake/Pond","area_acres":0.25,"elevation":null,"fcode":39004}},{"type":"Feature","geometry":{"type":"Polygon","coordinates":[[[-87.8974,36.4391],[-87.8973,36.4384],[-87.898,36.4384],[-87.8974,36.4391]]]},"properties":{"name":"Unnamed Lake (59228593)","layer":"nhd_lakes","waterbody_type":"Lake/Pond","area_acres":0.99,"elevation":null,"fcode":39004}},{"type":"Feature","geometry":{"type":"Polygon","coordinates":[[[-87.7585,36.3287],[-87.7587,36.329],[-87.7582,36.3289],[-87.7585,36.3287]]]},"properties":{"name":"Unnamed Lake (59228855)","layer":"nhd_lakes","waterbody_type":"Lake/Pond","area_acres":0.25,"elevation":null,"fcode":39004}},{"type":"Feature","geometry":{"type":"Polygon","coordinates":[[[-87.7358,36.5827],[-87.7361,36.5828],[-87.7358,36.5829],[-87.7358,36.5827]]]},"properties":{"name":"Unnamed Lake (54404845)","layer":"nhd_lakes","waterbody_type":"Lake/Pond","area_acres":0.25,"elevation":null,"fcode":39004}},{"type":"Feature","geometry":{"type":"Polygon","coordinates":[[[-87.7427,36.5827],[-87.7438,36.5832],[-87.7428,36.5831],[-87.7427,36.5827]]]},"properties":{"name":"Unnamed Lake (58823886)","layer":"nhd_lakes","waterbody_type":"Lake/Pond","area_acres":0.74,"elevation":null,"fcode":39004}},{"type":"Feature","geometry":{"type":"Polygon","coordinates":[[[-87.7541,36.5482],[-87.7537,36.5482],[-87.7537,36.548],[-87.7541,36.5482]]]},"properties":{"name":"Unnamed Lake (58824106)","layer":"nhd_lakes","waterbody_type":"Lake/Pond","area_acres":0.25,"elevation":null,"fcode":39004}},{"type":"Feature","geometry":{"type":"Polygon","coordinates":[[[-87.8947,36.5073],[-87.8945,36.5071],[-87.8946,36.5069],[-87.8947,36.5073]]]},"properties":{"name":"Unnamed Lake (58824756)","layer":"nhd_lakes","waterbody_type":"Lake/Pond","area_acres":0.25,"elevation":null,"fcode":39004}},{"type":"Feature","geometry":{"type":"Polygon","coordinates":[[[-87.7367,36.495],[-87.7368,36.4952],[-87.7367,36.4952],[-87.7367,36.495]]]},"properties":{"name":"Unnamed Lake (58824766)","layer":"nhd_lakes","waterbody_type":"Lake/Pond","area_acres":null,"elevation":null,"fcode":39004}},{"type":"Feature","geometry":{"type":"Polygon","coordinates":[[[-87.7114,36.445],[-87.7118,36.4453],[-87.7115,36.4456],[-87.7114,36.445]]]},"properties":{"name":"Unnamed Lake (58825374)","layer":"nhd_lakes","waterbody_type":"Lake/Pond","area_acres":0.25,"elevation":null,"fcode":39004}},{"type":"Feature","geometry":{"type":"Polygon","coordinates":[[[-87.6316,36.3943],[-87.6313,36.3945],[-87.6311,36.3943],[-87.6316,36.3943]]]},"properties":{"name":"Unnamed Lake (58825908)","layer":"nhd_lakes","waterbody_type":"Lake/Pond","area_acres":0.25,"elevation":null,"fcode":39004}},{"type":"Feature","geometry":{"type":"Polygon","coordinates":[[[-87.6452,36.3663],[-87.6455,36.3664],[-87.6453,36.3666],[-87.6452,36.3663]]]},"properties":{"name":"Unnamed Lake (58826130)","layer":"nhd_lakes","waterbody_type":"Lake/Pond","area_acres":0.25,"elevation":null,"fcode":39004}},{"type":"Feature","geometry":{"type":"Polygon","coordinates":[[[-87.7343,36.3619],[-87.7342,36.3621],[-87.734,36.362],[-87.7343,36.3619]]]},"properties":{"name":"Unnamed Lake (58826204)","layer":"nhd_lakes","waterbody_type":"Lake/Pond","area_acres":0.25,"elevation":null,"fcode":39004}},{"type":"Feature","geometry":{"type":"Polygon","coordinates":[[[-87.8794,36.4071],[-87.8782,36.4061],[-87.8796,36.4064],[-87.8794,36.4071]]]},"properties":{"name":"Unnamed Lake (59228680)","layer":"nhd_lakes","waterbody_type":"Lake/Pond","area_acres":2.97,"elevation":null,"fcode":39004}},{"type":"Feature","geometry":{"type":"Polygon","coordinates":[[[-87.7709,36.5616],[-87.771,36.5618],[-87.7707,36.5617],[-87.7709,36.5616]]]},"properties":{"name":"Unnamed Lake (58823982)","layer":"nhd_lakes","waterbody_type":"Lake/Pond","area_acres":null,"elevation":null,"fcode":39004}},{"type":"Feature","geometry":{"type":"Polygon","coordinates":[[[-87.7247,36.4512],[-87.7245,36.4516],[-87.7244,36.4515],[-87.7247,36.4512]]]},"properties":{"name":"Unnamed Lake (58825300)","layer":"nhd_lakes","waterbody_type":"Lake/Pond","area_acres":0.25,"elevation":null,"fcode":39004}},{"type":"Feature","geometry":{"type":"Polygon","coordinates":[[[-87.5974,36.4351],[-87.5971,36.4352],[-87.5974,36.4349],[-87.5974,36.4351]]]},"properties":{"name":"Unnamed Lake (58825398)","layer":"nhd_lakes","waterbody_type":"Lake/Pond","area_acres":0.25,"elevation":null,"fcode":39004}},{"type":"Feature","geometry":{"type":"Polygon","coordinates":[[[-87.6168,36.4234],[-87.6169,36.4235],[-87.6168,36.4235],[-87.6168,36.4234]]]},"properties":{"name":"Unnamed Lake (58825535)","layer":"nhd_lakes","waterbody_type":"Lake/Pond","area_acres":null,"elevation":null,"fcode":39004}},{"type":"Feature","geometry":{"type":"Polygon","coordinates":[[[-87.715,36.4235],[-87.715,36.4236],[-87.7148,36.4236],[-87.715,36.4235]]]},"properties":{"name":"Unnamed Lake (58825602)","layer":"nhd_lakes","waterbody_type":"Lake/Pond","area_acres":null,"elevation":null,"fcode":39004}},{"type":"Feature","geometry":{"type":"Polygon","coordinates":[[[-87.6351,36.3771],[-87.6353,36.3767],[-87.6354,36.3771],[-87.6351,36.3771]]]},"properties":{"name":"Unnamed Lake (58826047)","layer":"nhd_lakes","waterbody_type":"Lake/Pond","area_acres":0.25,"elevation":null,"fcode":39004}},{"type":"Feature","geometry":{"type":"Polygon","coordinates":[[[-87.6211,36.3638],[-87.6211,36.364],[-87.621,36.3639],[-87.6211,36.3638]]]},"properties":{"name":"Unnamed Lake (58826134)","layer":"nhd_lakes","waterbody_type":"Lake/Pond","area_acres":null,"elevation":null,"fcode":39004}},{"type":"Feature","geometry":{"type":"Polygon","coordinates":[[[-87.6448,36.3481],[-87.6445,36.3479],[-87.6448,36.3479],[-87.6448,36.3481]]]},"properties":{"name":"Unnamed Lake (58826261)","layer":"nhd_lakes","waterbody_type":"Lake/Pond","area_acres":0.25,"elevation":null,"fcode":39004}},{"type":"Feature","geometry":{"type":"Polygon","coordinates":[[[-87.9099,36.4282],[-87.9095,36.428],[-87.9098,36.4279],[-87.9099,36.4282]]]},"properties":{"name":"Unnamed Lake (59228626)","layer":"nhd_lakes","waterbody_type":"Lake/Pond","area_acres":0.25,"elevation":null,"fcode":39004}},{"type":"Feature","geometry":{"type":"Polygon","coordinates":[[[-87.7371,36.572],[-87.7372,36.5722],[-87.737,36.5721],[-87.7371,36.572]]]},"properties":{"name":"Unnamed Lake (54405094)","layer":"nhd_lakes","waterbody_type":"Lake/Pond","area_acres":null,"elevation":null,"fcode":39004}},{"type":"Feature","geometry":{"type":"Polygon","coordinates":[[[-87.7037,36.5519],[-87.7035,36.5519],[-87.7034,36.5518],[-87.7037,36.5519]]]},"properties":{"name":"Unnamed Lake (54405468)","layer":"nhd_lakes","waterbody_type":"Lake/Pond","area_acres":0.25,"elevation":null,"fcode":39004}},{"type":"Feature","geometry":{"type":"Polygon","coordinates":[[[-87.6898,36.5394],[-87.6899,36.5391],[-87.69,36.5395],[-87.6898,36.5394]]]},"properties":{"name":"Unnamed Lake (58824168)","layer":"nhd_lakes","waterbody_type":"Lake/Pond","area_acres":0.25,"elevation":null,"fcode":39004}},{"type":"Feature","geometry":{"type":"Polygon","coordinates":[[[-87.8798,36.5274],[-87.8796,36.5282],[-87.8795,36.5281],[-87.8798,36.5274]]]},"properties":{"name":"Unnamed Lake (58824473)","layer":"nhd_lakes","waterbody_type":"Lake/Pond","area_acres":0.25,"elevation":null,"fcode":39004}},{"type":"Feature","geometry":{"type":"Polygon","coordinates":[[[-87.6984,36.5036],[-87.6985,36.5038],[-87.6982,36.5037],[-87.6984,36.5036]]]},"properties":{"name":"Unnamed Lake (58824626)","layer":"nhd_lakes","waterbody_type":"Lake/Pond","area_acres":null,"elevation":null,"fcode":39004}},{"type":"Feature","geometry":{"type":"Polygon","coordinates":[[[-87.7131,36.4558],[-87.7296,36.4729],[-87.7053,36.4498],[-87.7131,36.4558]]]},"properties":{"name":"Lake Barkley","layer":"nhd_lakes","waterbody_type":"Lake/Pond","area_acres":87.48,"elevation":null,"fcode":39004}},{"type":"Feature","geometry":{"type":"Polygon","coordinates":[[[-87.7479,36.4651],[-87.7481,36.4653],[-87.7479,36.4652],[-87.7479,36.4651]]]},"properties":{"name":"Unnamed Lake (58825155)","layer":"nhd_lakes","waterbody_type":"Lake/Pond","area_acres":null,"elevation":null,"fcode":39004}},{"type":"Feature","geometry":{"type":"Polygon","coordinates":[[[-87.5843,36.411],[-87.5845,36.4111],[-87.5841,36.4111],[-87.5843,36.411]]]},"properties":{"name":"Unnamed Lake (58825637)","layer":"nhd_lakes","waterbody_type":"Lake/Pond","area_acres":null,"elevation":null,"fcode":39004}},{"type":"Feature","geometry":{"type":"Polygon","coordinates":[[[-87.5907,36.4075],[-87.5908,36.4076],[-87.5906,36.4076],[-87.5907,36.4075]]]},"properties":{"name":"Unnamed Lake (58825684)","layer":"nhd_lakes","waterbody_type":"Lake/Pond","area_acres":null,"elevation":null,"fcode":39004}},{"type":"Feature","geometry":{"type":"Polygon","coordinates":[[[-87.721,36.3598],[-87.721,36.3597],[-87.7212,36.3596],[-87.721,36.3598]]]},"properties":{"name":"Unnamed Lake (58826209)","layer":"nhd_lakes","waterbody_type":"Lake/Pond","area_acres":0.25,"elevation":null,"fcode":39004}},{"type":"Feature","geometry":{"type":"Polygon","coordinates":[[[-87.7245,36.3289],[-87.7244,36.3287],[-87.7248,36.3287],[-87.7245,36.3289]]]},"properties":{"name":"Unnamed Lake (58826475)","layer":"nhd_lakes","waterbody_type":"Lake/Pond","area_acres":0.25,"elevation":null,"fcode":39004}},{"type":"Feature","geometry":{"type":"Polygon","coordinates":[[[-87.8344,36.3741],[-87.8345,36.3746],[-87.8342,36.3743],[-87.8344,36.3741]]]},"properties":{"name":"Unnamed Lake (59228760)","layer":"nhd_lakes","waterbody_type":"Lake/Pond","area_acres":0.49,"elevation":null,"fcode":39004}},{"type":"Feature","geometry":{"type":"Polygon","coordinates":[[[-87.8071,36.5994],[-87.8071,36.5993],[-87.8074,36.5994],[-87.8071,36.5994]]]},"properties":{"name":"Unnamed Lake (58823851)","layer":"nhd_lakes","waterbody_type":"Lake/Pond","area_acres":null,"elevation":null,"fcode":39004}},{"type":"Feature","geometry":{"type":"Polygon","coordinates":[[[-87.7484,36.5881],[-87.7487,36.5882],[-87.7485,36.5883],[-87.7484,36.5881]]]},"properties":{"name":"Unnamed Lake (58823876)","layer":"nhd_lakes","waterbody_type":"Lake/Pond","area_acres":null,"elevation":null,"fcode":39004}},{"type":"Feature","geometry":{"type":"Polygon","coordinates":[[[-87.8044,36.5398],[-87.8041,36.54],[-87.8041,36.5398],[-87.8044,36.5398]]]},"properties":{"name":"Unnamed Lake (58824247)","layer":"nhd_lakes","waterbody_type":"Lake/Pond","area_acres":null,"elevation":null,"fcode":39004}},{"type":"Feature","geometry":{"type":"Polygon","coordinates":[[[-87.7327,36.4801],[-87.7346,36.4815],[-87.7311,36.4812],[-87.7327,36.4801]]]},"properties":{"name":"Unnamed Lake (58824922)","layer":"nhd_lakes","waterbody_type":"Lake/Pond","area_acres":5.19,"elevation":109.4,"fcode":39009}},{"type":"Feature","geometry":{"type":"Polygon","coordinates":[[[-87.7455,36.3524],[-87.7453,36.3525],[-87.7452,36.3524],[-87.7455,36.3524]]]},"properties":{"name":"Unnamed Lake (58826283)","layer":"nhd_lakes","waterbody_type":"Lake/Pond","area_acres":null,"elevation":null,"fcode":39004}},{"type":"Feature","geometry":{"type":"Polygon","coordinates":[[[-87.8989,36.4492],[-87.8986,36.4489],[-87.8991,36.4488],[-87.8989,36.4492]]]},"properties":{"name":"Unnamed Lake (59228557)","layer":"nhd_lakes","waterbody_type":"Lake/Pond","area_acres":0.49,"elevation":null,"fcode":39004}},{"type":"Feature","geometry":{"type":"Polygon","coordinates":[[[-87.7747,36.3574],[-87.7749,36.3577],[-87.7742,36.3579],[-87.7747,36.3574]]]},"properties":{"name":"Unnamed Lake (59228789)","layer":"nhd_lakes","waterbody_type":"Lake/Pond","area_acres":0.49,"elevation":null,"fcode":39004}},{"type":"Feature","geometry":{"type":"Polygon","coordinates":[[[-87.7577,36.5701],[-87.7579,36.5701],[-87.7579,36.5703],[-87.7577,36.5701]]]},"properties":{"name":"Unnamed Lake (58823943)","layer":"nhd_lakes","waterbody_type":"Lake/Pond","area_acres":null,"elevation":null,"fcode":39004}},{"type":"Feature","geometry":{"type":"Polygon","coordinates":[[[-87.7979,36.5655],[-87.7979,36.5658],[-87.7978,36.5656],[-87.7979,36.5655]]]},"properties":{"name":"Unnamed Lake (58823968)","layer":"nhd_lakes","waterbody_type":"Lake/Pond","area_acres":null,"elevation":null,"fcode":39004}},{"type":"Feature","geometry":{"type":"Polygon","coordinates":[[[-87.8307,36.5506],[-87.8309,36.5507],[-87.8305,36.5509],[-87.8307,36.5506]]]},"properties":{"name":"Unnamed Lake (58824148)","layer":"nhd_lakes","waterbody_type":"Lake/Pond","area_acres":0.25,"elevation":null,"fcode":39004}},{"type":"Feature","geometry":{"type":"Polygon","coordinates":[[[-87.6171,36.5325],[-87.6168,36.5325],[-87.6169,36.5322],[-87.6171,36.5325]]]},"properties":{"name":"Unnamed Lake (58824192)","layer":"nhd_lakes","waterbody_type":"Lake/Pond","area_acres":0.25,"elevation":null,"fcode":39004}},{"type":"Feature","geometry":{"type":"Polygon","coordinates":[[[-87.8536,36.527],[-87.8536,36.5269],[-87.8538,36.527],[-87.8536,36.527]]]},"properties":{"name":"Unnamed Lake (58824459)","layer":"nhd_lakes","waterbody_type":"Lake/Pond","area_acres":null,"elevation":null,"fcode":39004}},{"type":"Feature","geometry":{"type":"Polygon","coordinates":[[[-87.828,36.5225],[-87.8278,36.5224],[-87.8279,36.5224],[-87.828,36.5225]]]},"properties":{"name":"Unnamed Lake (58824499)","layer":"nhd_lakes","waterbody_type":"Lake/Pond","area_acres":null,"elevation":null,"fcode":39004}},{"type":"Feature","geometry":{"type":"Polygon","coordinates":[[[-87.6993,36.5072],[-87.699,36.5073],[-87.699,36.5071],[-87.6993,36.5072]]]},"properties":{"name":"Unnamed Lake (58824578)","layer":"nhd_lakes","waterbody_type":"Lake/Pond","area_acres":0.25,"elevation":null,"fcode":39004}},{"type":"Feature","geometry":{"type":"Polygon","coordinates":[[[-87.6737,36.4686],[-87.6739,36.4688],[-87.6734,36.4688],[-87.6737,36.4686]]]},"properties":{"name":"Unnamed Lake (58825040)","layer":"nhd_lakes","waterbody_type":"Lake/Pond","area_acres":0.25,"elevation":null,"fcode":39004}},{"type":"Feature","geometry":{"type":"Polygon","coordinates":[[[-87.5895,36.4501],[-87.5896,36.4502],[-87.5894,36.4503],[-87.5895,36.4501]]]},"properties":{"name":"Unnamed Lake (58825202)","layer":"nhd_lakes","waterbody_type":"Lake/Pond","area_acres":null,"elevation":null,"fcode":39004}},{"type":"Feature","geometry":{"type":"Polygon","coordinates":[[[-87.6706,36.4345],[-87.6708,36.4347],[-87.6705,36.4346],[-87.6706,36.4345]]]},"properties":{"name":"Unnamed Lake (58825452)","layer":"nhd_lakes","waterbody_type":"Lake/Pond","area_acres":null,"elevation":null,"fcode":39004}},{"type":"Feature","geometry":{"type":"Polygon","coordinates":[[[-87.7222,36.4331],[-87.7222,36.4333],[-87.722,36.4332],[-87.7222,36.4331]]]},"properties":{"name":"Unnamed Lake (58825515)","layer":"nhd_lakes","waterbody_type":"Lake/Pond","area_acres":null,"elevation":null,"fcode":39004}},{"type":"Feature","geometry":{"type":"Polygon","coordinates":[[[-87.626,36.384],[-87.6256,36.384],[-87.6257,36.3839],[-87.626,36.384]]]},"properties":{"name":"Unnamed Lake (58825996)","layer":"nhd_lakes","waterbody_type":"Lake/Pond","area_acres":0.25,"elevation":null,"fcode":39004}},{"type":"Feature","geometry":{"type":"Polygon","coordinates":[[[-87.631,36.3833],[-87.6311,36.3834],[-87.6309,36.3834],[-87.631,36.3833]]]},"properties":{"name":"Unnamed Lake (58826000)","layer":"nhd_lakes","waterbody_type":"Lake/Pond","area_acres":null,"elevation":null,"fcode":39004}},{"type":"Feature","geometry":{"type":"Polygon","coordinates":[[[-87.6792,36.3384],[-87.6793,36.3386],[-87.6791,36.3386],[-87.6792,36.3384]]]},"properties":{"name":"Unnamed Lake (58826360)","layer":"nhd_lakes","waterbody_type":"Lake/Pond","area_acres":0.25,"elevation":null,"fcode":39004}},{"type":"Feature","geometry":{"type":"Polygon","coordinates":[[[-87.6094,36.537],[-87.6094,36.5368],[-87.6098,36.5368],[-87.6094,36.537]]]},"properties":{"name":"Unnamed Lake ({7A42FCF)","layer":"nhd_lakes","waterbody_type":"Lake/Pond","area_acres":0.2,"elevation":null,"fcode":39011}},{"type":"Feature","geometry":{"type":"Polygon","coordinates":[[[-87.6095,36.5339],[-87.6102,36.5338],[-87.6101,36.534],[-87.6095,36.5339]]]},"properties":{"name":"Unnamed Lake ({C344C3C)","layer":"nhd_lakes","waterbody_type":"Lake/Pond","area_acres":0.44,"elevation":null,"fcode":39011}},{"type":"Feature","geometry":{"type":"Polygon","coordinates":[[[-87.6101,36.5341],[-87.6103,36.5338],[-87.6108,36.5339],[-87.6101,36.5341]]]},"properties":{"name":"Unnamed Lake ({1F120EE)","layer":"nhd_lakes","waterbody_type":"Lake/Pond","area_acres":0.39,"elevation":null,"fcode":39011}},{"type":"Feature","geometry":{"type":"Polygon","coordinates":[[[-87.6311,36.5388],[-87.6313,36.5385],[-87.6316,36.5387],[-87.6311,36.5388]]]},"properties":{"name":"Unnamed Lake ({F1A4189)","layer":"nhd_lakes","waterbody_type":"Lake/Pond","area_acres":0.28,"elevation":null,"fcode":39011}},{"type":"Feature","geometry":{"type":"Polygon","coordinates":[[[-87.6705,36.5464],[-87.6703,36.5459],[-87.6706,36.546],[-87.6705,36.5464]]]},"properties":{"name":"Unnamed Lake ({B3E8939)","layer":"nhd_lakes","waterbody_type":"Lake/Pond","area_acres":0.36,"elevation":null,"fcode":39011}},{"type":"Feature","geometry":{"type":"Polygon","coordinates":[[[-87.6721,36.5447],[-87.6712,36.5443],[-87.6726,36.5444],[-87.6721,36.5447]]]},"properties":{"name":"Unnamed Lake ({189C86D)","layer":"nhd_lakes","waterbody_type":"Lake/Pond","area_acres":1.05,"elevation":null,"fcode":39011}},{"type":"Feature","geometry":{"type":"Polygon","coordinates":[[[-87.6885,36.5503],[-87.6879,36.5503],[-87.6884,36.55],[-87.6885,36.5503]]]},"properties":{"name":"Unnamed Lake ({7B82107)","layer":"nhd_lakes","waterbody_type":"Lake/Pond","area_acres":0.37,"elevation":null,"fcode":39011}},{"type":"Feature","geometry":{"type":"Polygon","coordinates":[[[-87.7081,36.5531],[-87.7074,36.5535],[-87.7076,36.5531],[-87.7081,36.5531]]]},"properties":{"name":"Unnamed Lake ({DF4A175)","layer":"nhd_lakes","waterbody_type":"Lake/Pond","area_acres":0.37,"elevation":null,"fcode":39011}},{"type":"Feature","geometry":{"type":"Polygon","coordinates":[[[-87.7109,36.5554],[-87.7102,36.5552],[-87.7111,36.5544],[-87.7109,36.5554]]]},"properties":{"name":"Unnamed Lake ({DAAFFBB)","layer":"nhd_lakes","waterbody_type":"Lake/Pond","area_acres":1.1,"elevation":null,"fcode":39011}},{"type":"Feature","geometry":{"type":"Polygon","coordinates":[[[-87.726,36.5708],[-87.7256,36.5706],[-87.7258,36.5695],[-87.726,36.5708]]]},"properties":{"name":"Unnamed Lake ({AA65BBF)","layer":"nhd_lakes","waterbody_type":"Lake/Pond","area_acres":1.0,"elevation":null,"fcode":39011}},{"type":"Feature","geometry":{"type":"Polygon","coordinates":[[[-87.7232,36.5924],[-87.7231,36.5919],[-87.7234,36.5913],[-87.7232,36.5924]]]},"properties":{"name":"Unnamed Lake ({55ADD52)","layer":"nhd_lakes","waterbody_type":"Lake/Pond","area_acres":0.67,"elevation":null,"fcode":39011}},{"type":"Feature","geometry":{"type":"Polygon","coordinates":[[[-87.6503,36.5736],[-87.6505,36.573],[-87.6515,36.5732],[-87.6503,36.5736]]]},"properties":{"name":"Unnamed Lake ({233CD5B)","layer":"nhd_lakes","waterbody_type":"Lake/Pond","area_acres":2.03,"elevation":null,"fcode":39011}},{"type":"Feature","geometry":{"type":"Polygon","coordinates":[[[-87.7756,36.3631],[-87.7751,36.3633],[-87.7751,36.3627],[-87.7756,36.3631]]]},"properties":{"name":"Unnamed Lake ({6D51E75)","layer":"nhd_lakes","waterbody_type":"Lake/Pond","area_acres":0.48,"elevation":null,"fcode":39011}},{"type":"Feature","geometry":{"type":"Polygon","coordinates":[[[-87.7724,36.3493],[-87.7718,36.3498],[-87.7721,36.3492],[-87.7724,36.3493]]]},"properties":{"name":"Unnamed Lake ({39D1C91)","layer":"nhd_lakes","waterbody_type":"Lake/Pond","area_acres":0.45,"elevation":null,"fcode":39011}},{"type":"Feature","geometry":{"type":"Polygon","coordinates":[[[-87.7695,36.3491],[-87.7697,36.3487],[-87.7699,36.3489],[-87.7695,36.3491]]]},"properties":{"name":"Unnamed Lake ({D65614D)","layer":"nhd_lakes","waterbody_type":"Lake/Pond","area_acres":0.3,"elevation":null,"fcode":39011}},{"type":"Feature","geometry":{"type":"Polygon","coordinates":[[[-87.6561,36.3887],[-87.6543,36.3876],[-87.6567,36.3881],[-87.6561,36.3887]]]},"properties":{"name":"Unnamed Lake ({4E98554)","layer":"nhd_lakes","waterbody_type":"Lake/Pond","area_acres":4.49,"elevation":null,"fcode":39011}},{"type":"Feature","geometry":{"type":"Polygon","coordinates":[[[-87.6548,36.387],[-87.6533,36.3868],[-87.6536,36.3864],[-87.6548,36.387]]]},"properties":{"name":"Unnamed Lake ({B515A39)","layer":"nhd_lakes","waterbody_type":"Lake/Pond","area_acres":1.69,"elevation":null,"fcode":39011}},{"type":"Feature","geometry":{"type":"Polygon","coordinates":[[[-87.8936,36.4406],[-87.8933,36.441],[-87.8929,36.4409],[-87.8936,36.4406]]]},"properties":{"name":"Sexton Pond","layer":"nhd_lakes","waterbody_type":"Lake/Pond","area_acres":0.66,"elevation":null,"fcode":39004}},{"type":"Feature","geometry":{"type":"Polygon","coordinates":[[[-87.6509,36.383],[-87.652,36.3805],[-87.6607,36.3815],[-87.6669,36.388],[-87.6663,36.3934],[-87.6607,36.3954],[-87.6633,36.3938],[-87.6509,36.383]]]},"properties":{"name":"Lake Barkley","layer":"nhd_reservoirs","waterbody_type":"Reservoir","area_acres":320.74,"elevation":null,"fcode":43625}},{"type":"Feature","geometry":{"type":"LineString","coordinates":[[-87.6666,36.482],[-87.674,36.4776]]},"properties":{"name":"Unnamed Stream","layer":"nhd_perennial_streams","stream_type":"Perennial Stream","length_miles":null,"flow_direction":"","reach_code":""}},{"type":"Feature","geometry":{"type":"LineString","coordinates":[[-87.7982,36.4351],[-87.799,36.4386]]},"properties":{"name":"Unnamed Stream","layer":"nhd_perennial_streams","stream_type":"Perennial Stream","length_miles":null,"flow_direction":"","reach_code":""}},{"type":"Feature","geometry":{"type":"LineString","coordinates":[[-87.7563,36.4221],[-87.7562,36.4245]]},"properties":{"name":"Unnamed Stream","layer":"nhd_perennial_streams","stream_type":"Perennial Stream","length_miles":null,"flow_direction":"","reach_code":""}},{"type":"Feature","geometry":{"type":"LineString","coordinates":[[-87.8162,36.4325],[-87.8075,36.4293]]},"properties":{"name":"Unnamed Stream","layer":"nhd_perennial_streams","stream_type":"Perennial Stream","length_miles":null,"flow_direction":"","reach_code":""}},{"type":"Feature","geometry":{"type":"LineString","coordinates":[[-87.7009,36.4908],[-87.7023,36.4902]]},"properties":{"name":"Unnamed Stream","layer":"nhd_perennial_streams","stream_type":"Perennial Stream","length_miles":null,"flow_direction":"","reach_code":""}},{"type":"Feature","geometry":{"type":"LineString","coordinates":[[-87.8626,36.3659],[-87.8727,36.3663]]},"properties":{"name":"Unnamed Stream","layer":"nhd_perennial_streams","stream_type":"Perennial Stream","length_miles":null,"flow_direction":"","reach_code":""}},{"type":"Feature","geometry":{"type":"LineString","coordinates":[[-87.7678,36.3472],[-87.7738,36.3454]]},"properties":{"name":"Unnamed Stream","layer":"nhd_perennial_streams","stream_type":"Perennial Stream","length_miles":null,"flow_direction":"","reach_code":""}},{"type":"Feature","geometry":{"type":"LineString","coordinates":[[-87.7869,36.5508],[-87.7934,36.5454]]},"properties":{"name":"Unnamed Stream","layer":"nhd_perennial_streams","stream_type":"Perennial Stream","length_miles":null,"flow_direction":"","reach_code":""}},{"type":"Feature","geometry":{"type":"LineString","coordinates":[[-87.6946,36.3465],[-87.6928,36.3452]]},"properties":{"name":"Unnamed Stream","layer":"nhd_perennial_streams","stream_type":"Perennial Stream","length_miles":null,"flow_direction":"","reach_code":""}},{"type":"Feature","geometry":{"type":"LineString","coordinates":[[-87.653,36.4843],[-87.6566,36.4846]]},"properties":{"name":"Unnamed Stream","layer":"nhd_perennial_streams","stream_type":"Perennial Stream","length_miles":null,"flow_direction":"","reach_code":""}},{"type":"Feature","geometry":{"type":"LineString","coordinates":[[-87.8845,36.4808],[-87.8828,36.4824]]},"properties":{"name":"Unnamed Stream","layer":"nhd_perennial_streams","stream_type":"Perennial Stream","length_miles":null,"flow_direction":"","reach_code":""}},{"type":"Feature","geometry":{"type":"LineString","coordinates":[[-87.6004,36.4439],[-87.5915,36.4372]]},"properties":{"name":"Unnamed Stream","layer":"nhd_perennial_streams","stream_type":"Perennial Stream","length_miles":null,"flow_direction":"","reach_code":""}},{"type":"Feature","geometry":{"type":"LineString","coordinates":[[-87.577,36.4866],[-87.5734,36.488]]},"properties":{"name":"Unnamed Stream","layer":"nhd_perennial_streams","stream_type":"Perennial Stream","length_miles":null,"flow_direction":"","reach_code":""}},{"type":"Feature","geometry":{"type":"LineString","coordinates":[[-87.8741,36.4735],[-87.8826,36.4797]]},"properties":{"name":"Unnamed Stream","layer":"nhd_perennial_streams","stream_type":"Perennial Stream","length_miles":null,"flow_direction":"","reach_code":""}},{"type":"Feature","geometry":{"type":"LineString","coordinates":[[-87.8335,36.4367],[-87.8368,36.4391]]},"properties":{"name":"Unnamed Stream","layer":"nhd_perennial_streams","stream_type":"Perennial Stream","length_miles":null,"flow_direction":"","reach_code":""}},{"type":"Feature","geometry":{"type":"LineString","coordinates":[[-87.7,36.3851],[-87.6994,36.3865]]},"properties":{"name":"Unnamed Stream","layer":"nhd_perennial_streams","stream_type":"Perennial Stream","length_miles":null,"flow_direction":"","reach_code":""}},{"type":"Feature","geometry":{"type":"LineString","coordinates":[[-87.8181,36.5001],[-87.8189,36.4976]]},"properties":{"name":"Unnamed Stream","layer":"nhd_perennial_streams","stream_type":"Perennial Stream","length_miles":null,"flow_direction":"","reach_code":""}},{"type":"Feature","geometry":{"type":"LineString","coordinates":[[-87.695,36.5017],[-87.6962,36.4999]]},"properties":{"name":"Unnamed Stream","layer":"nhd_perennial_streams","stream_type":"Perennial Stream","length_miles":null,"flow_direction":"","reach_code":""}},{"type":"Feature","geometry":{"type":"LineString","coordinates":[[-87.6995,36.3871],[-87.6989,36.3931]]},"properties":{"name":"Unnamed Stream","layer":"nhd_perennial_streams","stream_type":"Perennial Stream","length_miles":null,"flow_direction":"","reach_code":""}},{"type":"Feature","geometry":{"type":"LineString","coordinates":[[-87.7282,36.3954],[-87.7279,36.3958]]},"properties":{"name":"Unnamed Stream","layer":"nhd_perennial_streams","stream_type":"Perennial Stream","length_miles":null,"flow_direction":"","reach_code":""}},{"type":"Feature","geometry":{"type":"LineString","coordinates":[[-87.786,36.3681],[-87.7836,36.3751],[-87.7897,36.3806]]},"properties":{"name":"Unnamed Stream","layer":"nhd_perennial_streams","stream_type":"Perennial Stream","length_miles":null,"flow_direction":"","reach_code":""}},{"type":"Feature","geometry":{"type":"LineString","coordinates":[[-87.8847,36.429],[-87.8971,36.4295]]},"properties":{"name":"Unnamed Stream","layer":"nhd_perennial_streams","stream_type":"Perennial Stream","length_miles":null,"flow_direction":"","reach_code":""}},{"type":"Feature","geometry":{"type":"LineString","coordinates":[[-87.6245,36.4333],[-87.6245,36.4333]]},"properties":{"name":"Unnamed Stream","layer":"nhd_perennial_streams","stream_type":"Perennial Stream","length_miles":null,"flow_direction":"","reach_code":""}},{"type":"Feature","geometry":{"type":"LineString","coordinates":[[-87.6566,36.4846],[-87.6582,36.4842]]},"properties":{"name":"Unnamed Stream","layer":"nhd_perennial_streams","stream_type":"Perennial Stream","length_miles":null,"flow_direction":"","reach_code":""}},{"type":"Feature","geometry":{"type":"LineString","coordinates":[[-87.7672,36.5178],[-87.7679,36.5123]]},"properties":{"name":"Unnamed Stream","layer":"nhd_perennial_streams","stream_type":"Perennial Stream","length_miles":null,"flow_direction":"","reach_code":""}},{"type":"Feature","geometry":{"type":"LineString","coordinates":[[-87.834,36.4702],[-87.834,36.4702]]},"properties":{"name":"Unnamed Stream","layer":"nhd_perennial_streams","stream_type":"Perennial Stream","length_miles":null,"flow_direction":"","reach_code":""}},{"type":"Feature","geometry":{"type":"LineString","coordinates":[[-87.7627,36.3745],[-87.7638,36.3768]]},"properties":{"name":"Unnamed Stream","layer":"nhd_perennial_streams","stream_type":"Perennial Stream","length_miles":null,"flow_direction":"","reach_code":""}},{"type":"Feature","geometry":{"type":"LineString","coordinates":[[-87.8209,36.468],[-87.8245,36.4748]]},"properties":{"name":"Unnamed Stream","layer":"nhd_perennial_streams","stream_type":"Perennial Stream","length_miles":null,"flow_direction":"","reach_code":""}},{"type":"Feature","geometry":{"type":"LineString","coordinates":[[-87.7603,36.4345],[-87.7536,36.4408]]},"properties":{"name":"Unnamed Stream","layer":"nhd_perennial_streams","stream_type":"Perennial Stream","length_miles":null,"flow_direction":"","reach_code":""}},{"type":"Feature","geometry":{"type":"LineString","coordinates":[[-87.674,36.4776],[-87.6754,36.4775]]},"properties":{"name":"Unnamed Stream","layer":"nhd_perennial_streams","stream_type":"Perennial Stream","length_miles":null,"flow_direction":"","reach_code":""}},{"type":"Feature","geometry":{"type":"LineString","coordinates":[[-87.6962,36.4999],[-87.6961,36.4988]]},"properties":{"name":"Unnamed Stream","layer":"nhd_perennial_streams","stream_type":"Perennial Stream","length_miles":null,"flow_direction":"","reach_code":""}},{"type":"Feature","geometry":{"type":"LineString","coordinates":[[-87.7071,36.3438],[-87.703,36.3435]]},"properties":{"name":"Unnamed Stream","layer":"nhd_perennial_streams","stream_type":"Perennial Stream","length_miles":null,"flow_direction":"","reach_code":""}},{"type":"Feature","geometry":{"type":"LineString","coordinates":[[-87.899,36.4011],[-87.902,36.3924]]},"properties":{"name":"Unnamed Stream","layer":"nhd_perennial_streams","stream_type":"Perennial Stream","length_miles":null,"flow_direction":"","reach_code":""}},{"type":"Feature","geometry":{"type":"LineString","coordinates":[[-87.8283,36.3744],[-87.8351,36.3716],[-87.8363,36.3671]]},"properties":{"name":"Unnamed Stream","layer":"nhd_perennial_streams","stream_type":"Perennial Stream","length_miles":null,"flow_direction":"","reach_code":""}},{"type":"Feature","geometry":{"type":"LineString","coordinates":[[-87.6656,36.5872],[-87.6595,36.5886]]},"properties":{"name":"Unnamed Stream","layer":"nhd_perennial_streams","stream_type":"Perennial Stream","length_miles":null,"flow_direction":"","reach_code":""}},{"type":"Feature","geometry":{"type":"LineString","coordinates":[[-87.7563,36.4843],[-87.7527,36.4857]]},"properties":{"name":"Unnamed Stream","layer":"nhd_perennial_streams","stream_type":"Perennial Stream","length_miles":null,"flow_direction":"","reach_code":""}},{"type":"Feature","geometry":{"type":"LineString","coordinates":[[-87.8971,36.4295],[-87.9001,36.4274]]},"properties":{"name":"Unnamed Stream","layer":"nhd_perennial_streams","stream_type":"Perennial Stream","length_miles":null,"flow_direction":"","reach_code":""}},{"type":"Feature","geometry":{"type":"LineString","coordinates":[[-87.8135,36.3668],[-87.8133,36.359]]},"properties":{"name":"Unnamed Stream","layer":"nhd_perennial_streams","stream_type":"Perennial Stream","length_miles":null,"flow_direction":"","reach_code":""}},{"type":"Feature","geometry":{"type":"LineString","coordinates":[[-87.8841,36.4383],[-87.8965,36.4304]]},"properties":{"name":"Unnamed Stream","layer":"nhd_perennial_streams","stream_type":"Perennial Stream","length_miles":null,"flow_direction":"","reach_code":""}},{"type":"Feature","geometry":{"type":"LineString","coordinates":[[-87.6594,36.4385],[-87.6695,36.4381]]},"properties":{"name":"Unnamed Stream","layer":"nhd_perennial_streams","stream_type":"Perennial Stream","length_miles":null,"flow_direction":"","reach_code":""}},{"type":"Feature","geometry":{"type":"LineString","coordinates":[[-87.6961,36.4988],[-87.6964,36.4978]]},"properties":{"name":"Unnamed Stream","layer":"nhd_perennial_streams","stream_type":"Perennial Stream","length_miles":null,"flow_direction":"","reach_code":""}},{"type":"Feature","geometry":{"type":"LineString","coordinates":[[-87.7258,36.3966],[-87.7215,36.3986]]},"properties":{"name":"Unnamed Stream","layer":"nhd_perennial_streams","stream_type":"Perennial Stream","length_miles":null,"flow_direction":"","reach_code":""}},{"type":"Feature","geometry":{"type":"LineString","coordinates":[[-87.9118,36.4926],[-87.914,36.5]]},"properties":{"name":"Unnamed Stream","layer":"nhd_perennial_streams","stream_type":"Perennial Stream","length_miles":null,"flow_direction":"","reach_code":""}},{"type":"Feature","geometry":{"type":"LineString","coordinates":[[-87.9061,36.4702],[-87.9054,36.4759]]},"properties":{"name":"Unnamed Stream","layer":"nhd_perennial_streams","stream_type":"Perennial Stream","length_miles":null,"flow_direction":"","reach_code":""}},{"type":"Feature","geometry":{"type":"LineString","coordinates":[[-87.7576,36.4222],[-87.7563,36.4221]]},"properties":{"name":"Unnamed Stream","layer":"nhd_perennial_streams","stream_type":"Perennial Stream","length_miles":null,"flow_direction":"","reach_code":""}},{"type":"Feature","geometry":{"type":"LineString","coordinates":[[-87.8161,36.4682],[-87.8195,36.4777]]},"properties":{"name":"Unnamed Stream","layer":"nhd_perennial_streams","stream_type":"Perennial Stream","length_miles":null,"flow_direction":"","reach_code":""}},{"type":"Feature","geometry":{"type":"LineString","coordinates":[[-87.7437,36.3658],[-87.7438,36.3668]]},"properties":{"name":"Unnamed Stream","layer":"nhd_perennial_streams","stream_type":"Perennial Stream","length_miles":null,"flow_direction":"","reach_code":""}},{"type":"Feature","geometry":{"type":"LineString","coordinates":[[-87.744,36.3695],[-87.7437,36.3727]]},"properties":{"name":"Unnamed Stream","layer":"nhd_perennial_streams","stream_type":"Perennial Stream","length_miles":null,"flow_direction":"","reach_code":""}},{"type":"Feature","geometry":{"type":"LineString","coordinates":[[-87.907,36.4001],[-87.9073,36.3927]]},"properties":{"name":"Unnamed Stream","layer":"nhd_perennial_streams","stream_type":"Perennial Stream","length_miles":null,"flow_direction":"","reach_code":""}},{"type":"Feature","geometry":{"type":"LineString","coordinates":[[-87.8372,36.3774],[-87.8339,36.3785],[-87.8364,36.3814],[-87.8519,36.3826]]},"properties":{"name":"Unnamed Stream","layer":"nhd_perennial_streams","stream_type":"Perennial Stream","length_miles":null,"flow_direction":"","reach_code":""}},{"type":"Feature","geometry":{"type":"LineString","coordinates":[[-87.8279,36.384],[-87.8278,36.393]]},"properties":{"name":"Unnamed Stream","layer":"nhd_perennial_streams","stream_type":"Perennial Stream","length_miles":null,"flow_direction":"","reach_code":""}},{"type":"Feature","geometry":{"type":"LineString","coordinates":[[-87.694,36.3299],[-87.6874,36.3316]]},"properties":{"name":"Unnamed Stream","layer":"nhd_perennial_streams","stream_type":"Perennial Stream","length_miles":null,"flow_direction":"","reach_code":""}},{"type":"Feature","geometry":{"type":"LineString","coordinates":[[-87.7401,36.4735],[-87.739,36.4743]]},"properties":{"name":"Unnamed Stream","layer":"nhd_perennial_streams","stream_type":"Perennial Stream","length_miles":null,"flow_direction":"","reach_code":""}},{"type":"Feature","geometry":{"type":"LineString","coordinates":[[-87.7852,36.5553],[-87.7861,36.5542]]},"properties":{"name":"Unnamed Stream","layer":"nhd_perennial_streams","stream_type":"Perennial Stream","length_miles":null,"flow_direction":"","reach_code":""}},{"type":"Feature","geometry":{"type":"LineString","coordinates":[[-87.8,36.4314],[-87.7982,36.4351]]},"properties":{"name":"Unnamed Stream","layer":"nhd_perennial_streams","stream_type":"Perennial Stream","length_miles":null,"flow_direction":"","reach_code":""}},{"type":"Feature","geometry":{"type":"LineString","coordinates":[[-87.8728,36.4239],[-87.8631,36.4317]]},"properties":{"name":"Unnamed Stream","layer":"nhd_perennial_streams","stream_type":"Perennial Stream","length_miles":null,"flow_direction":"","reach_code":""}},{"type":"Feature","geometry":{"type":"LineString","coordinates":[[-87.6989,36.3931],[-87.6964,36.3976]]},"properties":{"name":"Unnamed Stream","layer":"nhd_perennial_streams","stream_type":"Perennial Stream","length_miles":null,"flow_direction":"","reach_code":""}},{"type":"Feature","geometry":{"type":"LineString","coordinates":[[-87.7933,36.3753],[-87.7897,36.3806]]},"properties":{"name":"Unnamed Stream","layer":"nhd_perennial_streams","stream_type":"Perennial Stream","length_miles":null,"flow_direction":"","reach_code":""}},{"type":"Feature","geometry":{"type":"LineString","coordinates":[[-87.727,36.5001],[-87.7268,36.4983]]},"properties":{"name":"Unnamed Stream","layer":"nhd_perennial_streams","stream_type":"Perennial Stream","length_miles":null,"flow_direction":"","reach_code":""}},{"type":"Feature","geometry":{"type":"LineString","coordinates":[[-87.8359,36.4868],[-87.8358,36.4873]]},"properties":{"name":"Unnamed Stream","layer":"nhd_perennial_streams","stream_type":"Perennial Stream","length_miles":null,"flow_direction":"","reach_code":""}},{"type":"Feature","geometry":{"type":"LineString","coordinates":[[-87.8898,36.4808],[-87.8821,36.4828]]},"properties":{"name":"Unnamed Stream","layer":"nhd_perennial_streams","stream_type":"Perennial Stream","length_miles":null,"flow_direction":"","reach_code":""}},{"type":"Feature","geometry":{"type":"LineString","coordinates":[[-87.794,36.4606],[-87.7983,36.4609]]},"properties":{"name":"Unnamed Stream","layer":"nhd_perennial_streams","stream_type":"Perennial Stream","length_miles":null,"flow_direction":"","reach_code":""}},{"type":"Feature","geometry":{"type":"LineString","coordinates":[[-87.8083,36.4762],[-87.804,36.4789]]},"properties":{"name":"Unnamed Stream","layer":"nhd_perennial_streams","stream_type":"Perennial Stream","length_miles":null,"flow_direction":"","reach_code":""}},{"type":"Feature","geometry":{"type":"LineString","coordinates":[[-87.7738,36.3673],[-87.7638,36.3768]]},"properties":{"name":"Unnamed Stream","layer":"nhd_perennial_streams","stream_type":"Perennial Stream","length_miles":null,"flow_direction":"","reach_code":""}},{"type":"Feature","geometry":{"type":"LineString","coordinates":[[-87.7994,36.323],[-87.7927,36.3299]]},"properties":{"name":"Unnamed Stream","layer":"nhd_perennial_streams","stream_type":"Perennial Stream","length_miles":null,"flow_direction":"","reach_code":""}},{"type":"Feature","geometry":{"type":"LineString","coordinates":[[-87.902,36.3924],[-87.9073,36.3927]]},"properties":{"name":"Unnamed Stream","layer":"nhd_perennial_streams","stream_type":"Perennial Stream","length_miles":null,"flow_direction":"","reach_code":""}},{"type":"Feature","geometry":{"type":"LineString","coordinates":[[-87.7833,36.3424],[-87.7886,36.3404]]},"properties":{"name":"Unnamed Stream","layer":"nhd_perennial_streams","stream_type":"Perennial Stream","length_miles":null,"flow_direction":"","reach_code":""}},{"type":"Feature","geometry":{"type":"LineString","coordinates":[[-87.7663,36.5229],[-87.7671,36.5219]]},"properties":{"name":"Unnamed Stream","layer":"nhd_perennial_streams","stream_type":"Perennial Stream","length_miles":null,"flow_direction":"","reach_code":""}},{"type":"Feature","geometry":{"type":"LineString","coordinates":[[-87.8435,36.3361],[-87.8447,36.3407],[-87.851,36.3449]]},"properties":{"name":"Unnamed Stream","layer":"nhd_perennial_streams","stream_type":"Perennial Stream","length_miles":null,"flow_direction":"","reach_code":""}},{"type":"Feature","geometry":{"type":"LineString","coordinates":[[-87.8963,36.4051],[-87.9106,36.4027]]},"properties":{"name":"Unnamed Stream","layer":"nhd_perennial_streams","stream_type":"Perennial Stream","length_miles":null,"flow_direction":"","reach_code":""}},{"type":"Feature","geometry":{"type":"LineString","coordinates":[[-87.6906,36.4083],[-87.6914,36.4111]]},"properties":{"name":"Unnamed Stream","layer":"nhd_perennial_streams","stream_type":"Perennial Stream","length_miles":null,"flow_direction":"","reach_code":""}},{"type":"Feature","geometry":{"type":"LineString","coordinates":[[-87.6762,36.3685],[-87.6731,36.3701]]},"properties":{"name":"Unnamed Stream","layer":"nhd_perennial_streams","stream_type":"Perennial Stream","length_miles":null,"flow_direction":"","reach_code":""}},{"type":"Feature","geometry":{"type":"LineString","coordinates":[[-87.5921,36.4996],[-87.5913,36.4981]]},"properties":{"name":"Unnamed Stream","layer":"nhd_perennial_streams","stream_type":"Perennial Stream","length_miles":null,"flow_direction":"","reach_code":""}},{"type":"Feature","geometry":{"type":"LineString","coordinates":[[-87.8249,36.3678],[-87.8301,36.3653],[-87.8363,36.3671]]},"properties":{"name":"Unnamed Stream","layer":"nhd_perennial_streams","stream_type":"Perennial Stream","length_miles":null,"flow_direction":"","reach_code":""}},{"type":"Feature","geometry":{"type":"LineString","coordinates":[[-87.6655,36.3539],[-87.6631,36.3569]]},"properties":{"name":"Unnamed Stream","layer":"nhd_perennial_streams","stream_type":"Perennial Stream","length_miles":null,"flow_direction":"","reach_code":""}},{"type":"Feature","geometry":{"type":"LineString","coordinates":[[-87.7126,36.4069],[-87.7116,36.411]]},"properties":{"name":"Unnamed Stream","layer":"nhd_perennial_streams","stream_type":"Perennial Stream","length_miles":null,"flow_direction":"","reach_code":""}},{"type":"Feature","geometry":{"type":"LineString","coordinates":[[-87.76,36.4814],[-87.7658,36.4863]]},"properties":{"name":"Unnamed Stream","layer":"nhd_perennial_streams","stream_type":"Perennial Stream","length_miles":null,"flow_direction":"","reach_code":""}},{"type":"Feature","geometry":{"type":"LineString","coordinates":[[-87.689,36.365],[-87.6888,36.3651]]},"properties":{"name":"Unnamed Stream","layer":"nhd_perennial_streams","stream_type":"Perennial Stream","length_miles":null,"flow_direction":"","reach_code":""}},{"type":"Feature","geometry":{"type":"LineString","coordinates":[[-87.9167,36.5044],[-87.9181,36.5116]]},"properties":{"name":"Unnamed Stream","layer":"nhd_perennial_streams","stream_type":"Perennial Stream","length_miles":null,"flow_direction":"","reach_code":""}},{"type":"Feature","geometry":{"type":"LineString","coordinates":[[-87.7886,36.3634],[-87.7922,36.3566]]},"properties":{"name":"Unnamed Stream","layer":"nhd_perennial_streams","stream_type":"Perennial Stream","length_miles":null,"flow_direction":"","reach_code":""}},{"type":"Feature","geometry":{"type":"LineString","coordinates":[[-87.8779,36.3942],[-87.8799,36.3947]]},"properties":{"name":"Unnamed Stream","layer":"nhd_perennial_streams","stream_type":"Perennial Stream","length_miles":null,"flow_direction":"","reach_code":""}},{"type":"Feature","geometry":{"type":"LineString","coordinates":[[-87.8799,36.3947],[-87.8945,36.3923]]},"properties":{"name":"Unnamed Stream","layer":"nhd_perennial_streams","stream_type":"Perennial Stream","length_miles":null,"flow_direction":"","reach_code":""}},{"type":"Feature","geometry":{"type":"LineString","coordinates":[[-87.8439,36.3912],[-87.8372,36.3924]]},"properties":{"name":"Unnamed Stream","layer":"nhd_perennial_streams","stream_type":"Perennial Stream","length_miles":null,"flow_direction":"","reach_code":""}},{"type":"Feature","geometry":{"type":"LineString","coordinates":[[-87.8435,36.4705],[-87.8426,36.47]]},"properties":{"name":"Unnamed Stream","layer":"nhd_perennial_streams","stream_type":"Perennial Stream","length_miles":null,"flow_direction":"","reach_code":""}},{"type":"Feature","geometry":{"type":"LineString","coordinates":[[-87.7773,36.3681],[-87.7695,36.3868]]},"properties":{"name":"Unnamed Stream","layer":"nhd_perennial_streams","stream_type":"Perennial Stream","length_miles":null,"flow_direction":"","reach_code":""}},{"type":"Feature","geometry":{"type":"LineString","coordinates":[[-87.6954,36.4991],[-87.6961,36.4988]]},"properties":{"name":"Unnamed Stream","layer":"nhd_perennial_streams","stream_type":"Perennial Stream","length_miles":null,"flow_direction":"","reach_code":""}},{"type":"Feature","geometry":{"type":"LineString","coordinates":[[-87.8298,36.5695],[-87.8347,36.5712]]},"properties":{"name":"Unnamed Stream","layer":"nhd_perennial_streams","stream_type":"Perennial Stream","length_miles":null,"flow_direction":"","reach_code":""}},{"type":"Feature","geometry":{"type":"LineString","coordinates":[[-87.7725,36.4166],[-87.7662,36.421]]},"properties":{"name":"Unnamed Stream","layer":"nhd_perennial_streams","stream_type":"Perennial Stream","length_miles":null,"flow_direction":"","reach_code":""}},{"type":"Feature","geometry":{"type":"LineString","coordinates":[[-87.8851,36.4599],[-87.8823,36.4647]]},"properties":{"name":"Unnamed Stream","layer":"nhd_perennial_streams","stream_type":"Perennial Stream","length_miles":null,"flow_direction":"","reach_code":""}},{"type":"Feature","geometry":{"type":"LineString","coordinates":[[-87.9005,36.4702],[-87.9018,36.4778]]},"properties":{"name":"Unnamed Stream","layer":"nhd_perennial_streams","stream_type":"Perennial Stream","length_miles":null,"flow_direction":"","reach_code":""}},{"type":"Feature","geometry":{"type":"LineString","coordinates":[[-87.8426,36.47],[-87.834,36.4702]]},"properties":{"name":"Unnamed Stream","layer":"nhd_perennial_streams","stream_type":"Perennial Stream","length_miles":null,"flow_direction":"","reach_code":""}},{"type":"Feature","geometry":{"type":"LineString","coordinates":[[-87.7981,36.4612],[-87.8013,36.4673]]},"properties":{"name":"Unnamed Stream","layer":"nhd_perennial_streams","stream_type":"Perennial Stream","length_miles":null,"flow_direction":"","reach_code":""}},{"type":"Feature","geometry":{"type":"LineString","coordinates":[[-87.8357,36.397],[-87.8344,36.3997]]},"properties":{"name":"Unnamed Stream","layer":"nhd_perennial_streams","stream_type":"Perennial Stream","length_miles":null,"flow_direction":"","reach_code":""}},{"type":"Feature","geometry":{"type":"LineString","coordinates":[[-87.8376,36.4509],[-87.838,36.4561]]},"properties":{"name":"Unnamed Stream","layer":"nhd_perennial_streams","stream_type":"Perennial Stream","length_miles":null,"flow_direction":"","reach_code":""}},{"type":"Feature","geometry":{"type":"LineString","coordinates":[[-87.7998,36.4298],[-87.8,36.4314]]},"properties":{"name":"Unnamed Stream","layer":"nhd_perennial_streams","stream_type":"Perennial Stream","length_miles":null,"flow_direction":"","reach_code":""}},{"type":"Feature","geometry":{"type":"LineString","coordinates":[[-87.8212,36.4125],[-87.8157,36.4157]]},"properties":{"name":"Unnamed Stream","layer":"nhd_perennial_streams","stream_type":"Perennial Stream","length_miles":null,"flow_direction":"","reach_code":""}},{"type":"Feature","geometry":{"type":"LineString","coordinates":[[-87.7738,36.3568],[-87.7802,36.3581]]},"properties":{"name":"Unnamed Stream","layer":"nhd_perennial_streams","stream_type":"Perennial Stream","length_miles":null,"flow_direction":"","reach_code":""}},{"type":"Feature","geometry":{"type":"LineString","coordinates":[[-87.7558,36.3191],[-87.7537,36.3162],[-87.7591,36.3105]]},"properties":{"name":"Unnamed Stream","layer":"nhd_perennial_streams","stream_type":"Perennial Stream","length_miles":null,"flow_direction":"","reach_code":""}},{"type":"Feature","geometry":{"type":"LineString","coordinates":[[-87.6046,36.3933],[-87.6078,36.3931]]},"properties":{"name":"Unnamed Stream","layer":"nhd_perennial_streams","stream_type":"Perennial Stream","length_miles":null,"flow_direction":"","reach_code":""}},{"type":"Feature","geometry":{"type":"LineString","coordinates":[[-87.7262,36.491],[-87.7273,36.4843]]},"properties":{"name":"Unnamed Stream","layer":"nhd_perennial_streams","stream_type":"Perennial Stream","length_miles":null,"flow_direction":"","reach_code":""}},{"type":"Feature","geometry":{"type":"LineString","coordinates":[[-87.7315,36.3939],[-87.7282,36.3954]]},"properties":{"name":"Unnamed Stream","layer":"nhd_perennial_streams","stream_type":"Perennial Stream","length_miles":null,"flow_direction":"","reach_code":""}},{"type":"Feature","geometry":{"type":"LineString","coordinates":[[-87.7215,36.3986],[-87.7211,36.3985]]},"properties":{"name":"Unnamed Stream","layer":"nhd_perennial_streams","stream_type":"Perennial Stream","length_miles":null,"flow_direction":"","reach_code":""}},{"type":"Feature","geometry":{"type":"LineString","coordinates":[[-87.8726,36.3608],[-87.8727,36.3663]]},"properties":{"name":"Unnamed Stream","layer":"nhd_perennial_streams","stream_type":"Perennial Stream","length_miles":null,"flow_direction":"","reach_code":""}},{"type":"Feature","geometry":{"type":"LineString","coordinates":[[-87.675,36.3873],[-87.6675,36.3861]]},"properties":{"name":"Unnamed Stream","layer":"nhd_perennial_streams","stream_type":"Perennial Stream","length_miles":null,"flow_direction":"","reach_code":""}},{"type":"Feature","geometry":{"type":"LineString","coordinates":[[-87.8205,36.5244],[-87.822,36.5182]]},"properties":{"name":"Unnamed Stream","layer":"nhd_perennial_streams","stream_type":"Perennial Stream","length_miles":null,"flow_direction":"","reach_code":""}},{"type":"Feature","geometry":{"type":"LineString","coordinates":[[-87.7149,36.4676],[-87.716,36.4683]]},"properties":{"name":"Unnamed Stream","layer":"nhd_perennial_streams","stream_type":"Perennial Stream","length_miles":null,"flow_direction":"","reach_code":""}},{"type":"Feature","geometry":{"type":"LineString","coordinates":[[-87.5891,36.4341],[-87.5864,36.431]]},"properties":{"name":"Unnamed Stream","layer":"nhd_perennial_streams","stream_type":"Perennial Stream","length_miles":null,"flow_direction":"","reach_code":""}},{"type":"Feature","geometry":{"type":"LineString","coordinates":[[-87.7774,36.3936],[-87.7708,36.3994]]},"properties":{"name":"Unnamed Stream","layer":"nhd_perennial_streams","stream_type":"Perennial Stream","length_miles":null,"flow_direction":"","reach_code":""}},{"type":"Feature","geometry":{"type":"LineString","coordinates":[[-87.7437,36.3727],[-87.7435,36.373]]},"properties":{"name":"Unnamed Stream","layer":"nhd_perennial_streams","stream_type":"Perennial Stream","length_miles":null,"flow_direction":"","reach_code":""}},{"type":"Feature","geometry":{"type":"LineString","coordinates":[[-87.7698,36.3346],[-87.7723,36.3379],[-87.771,36.3432]]},"properties":{"name":"Unnamed Stream","layer":"nhd_perennial_streams","stream_type":"Perennial Stream","length_miles":null,"flow_direction":"","reach_code":""}},{"type":"Feature","geometry":{"type":"LineString","coordinates":[[-87.7872,36.3341],[-87.7927,36.3299]]},"properties":{"name":"Unnamed Stream","layer":"nhd_perennial_streams","stream_type":"Perennial Stream","length_miles":null,"flow_direction":"","reach_code":""}},{"type":"Feature","geometry":{"type":"LineString","coordinates":[[-87.6354,36.355],[-87.6393,36.3549]]},"properties":{"name":"Unnamed Stream","layer":"nhd_perennial_streams","stream_type":"Perennial Stream","length_miles":null,"flow_direction":"","reach_code":""}},{"type":"Feature","geometry":{"type":"LineString","coordinates":[[-87.8617,36.4349],[-87.8593,36.4412]]},"properties":{"name":"Unnamed Stream","layer":"nhd_perennial_streams","stream_type":"Perennial Stream","length_miles":null,"flow_direction":"","reach_code":""}},{"type":"Feature","geometry":{"type":"LineString","coordinates":[[-87.6482,36.4354],[-87.6533,36.4372]]},"properties":{"name":"Unnamed Stream","layer":"nhd_perennial_streams","stream_type":"Perennial Stream","length_miles":null,"flow_direction":"","reach_code":""}},{"type":"Feature","geometry":{"type":"LineString","coordinates":[[-87.7439,36.5274],[-87.7424,36.5166]]},"properties":{"name":"Unnamed Stream","layer":"nhd_perennial_streams","stream_type":"Perennial Stream","length_miles":null,"flow_direction":"","reach_code":""}},{"type":"Feature","geometry":{"type":"LineString","coordinates":[[-87.9212,36.4274],[-87.9228,36.4234]]},"properties":{"name":"Unnamed Stream","layer":"nhd_perennial_streams","stream_type":"Perennial Stream","length_miles":null,"flow_direction":"","reach_code":""}},{"type":"Feature","geometry":{"type":"LineString","coordinates":[[-87.9102,36.4245],[-87.9061,36.4206]]},"properties":{"name":"Unnamed Stream","layer":"nhd_perennial_streams","stream_type":"Perennial Stream","length_miles":null,"flow_direction":"","reach_code":""}},{"type":"Feature","geometry":{"type":"LineString","coordinates":[[-87.8492,36.3459],[-87.8545,36.3456]]},"properties":{"name":"Unnamed Stream","layer":"nhd_perennial_streams","stream_type":"Perennial Stream","length_miles":null,"flow_direction":"","reach_code":""}},{"type":"Feature","geometry":{"type":"LineString","coordinates":[[-87.8307,36.4199],[-87.8254,36.4143]]},"properties":{"name":"Unnamed Stream","layer":"nhd_perennial_streams","stream_type":"Perennial Stream","length_miles":null,"flow_direction":"","reach_code":""}},{"type":"Feature","geometry":{"type":"LineString","coordinates":[[-87.7972,36.5419],[-87.8007,36.5368]]},"properties":{"name":"Unnamed Stream","layer":"nhd_perennial_streams","stream_type":"Perennial Stream","length_miles":null,"flow_direction":"","reach_code":""}},{"type":"Feature","geometry":{"type":"LineString","coordinates":[[-87.723,36.4373],[-87.7187,36.4407],[-87.7205,36.4453]]},"properties":{"name":"Unnamed Stream","layer":"nhd_perennial_streams","stream_type":"Perennial Stream","length_miles":null,"flow_direction":"","reach_code":""}},{"type":"Feature","geometry":{"type":"LineString","coordinates":[[-87.6872,36.3655],[-87.6846,36.3657]]},"properties":{"name":"Unnamed Stream","layer":"nhd_perennial_streams","stream_type":"Perennial Stream","length_miles":null,"flow_direction":"","reach_code":""}},{"type":"Feature","geometry":{"type":"LineString","coordinates":[[-87.7886,36.3404],[-87.8,36.3386]]},"properties":{"name":"Unnamed Stream","layer":"nhd_perennial_streams","stream_type":"Perennial Stream","length_miles":null,"flow_direction":"","reach_code":""}},{"type":"Feature","geometry":{"type":"LineString","coordinates":[[-87.6695,36.4381],[-87.6726,36.4391]]},"properties":{"name":"Unnamed Stream","layer":"nhd_perennial_streams","stream_type":"Perennial Stream","length_miles":null,"flow_direction":"","reach_code":""}},{"type":"Feature","geometry":{"type":"LineString","coordinates":[[-87.75,36.5337],[-87.7463,36.5312]]},"properties":{"name":"Unnamed Stream","layer":"nhd_perennial_streams","stream_type":"Perennial Stream","length_miles":null,"flow_direction":"","reach_code":""}},{"type":"Feature","geometry":{"type":"LineString","coordinates":[[-87.6714,36.3804],[-87.6707,36.3804]]},"properties":{"name":"Unnamed Stream","layer":"nhd_perennial_streams","stream_type":"Perennial Stream","length_miles":null,"flow_direction":"","reach_code":""}},{"type":"Feature","geometry":{"type":"LineString","coordinates":[[-87.6953,36.3626],[-87.689,36.365]]},"properties":{"name":"Unnamed Stream","layer":"nhd_perennial_streams","stream_type":"Perennial Stream","length_miles":null,"flow_direction":"","reach_code":""}},{"type":"Feature","geometry":{"type":"LineString","coordinates":[[-87.6155,36.3751],[-87.6144,36.3796]]},"properties":{"name":"Unnamed Stream","layer":"nhd_perennial_streams","stream_type":"Perennial Stream","length_miles":null,"flow_direction":"","reach_code":""}},{"type":"Feature","geometry":{"type":"LineString","coordinates":[[-87.9126,36.4455],[-87.9073,36.4411]]},"properties":{"name":"Unnamed Stream","layer":"nhd_perennial_streams","stream_type":"Perennial Stream","length_miles":null,"flow_direction":"","reach_code":""}},{"type":"Feature","geometry":{"type":"LineString","coordinates":[[-87.9036,36.444],[-87.9073,36.4411]]},"properties":{"name":"Unnamed Stream","layer":"nhd_perennial_streams","stream_type":"Perennial Stream","length_miles":null,"flow_direction":"","reach_code":""}},{"type":"Feature","geometry":{"type":"LineString","coordinates":[[-87.7717,36.4388],[-87.7603,36.4345]]},"properties":{"name":"Unnamed Stream","layer":"nhd_perennial_streams","stream_type":"Perennial Stream","length_miles":null,"flow_direction":"","reach_code":""}},{"type":"Feature","geometry":{"type":"LineString","coordinates":[[-87.6707,36.3804],[-87.6672,36.382]]},"properties":{"name":"Unnamed Stream","layer":"nhd_perennial_streams","stream_type":"Perennial Stream","length_miles":null,"flow_direction":"","reach_code":""}},{"type":"Feature","geometry":{"type":"LineString","coordinates":[[-87.7014,36.3751],[-87.7016,36.3752]]},"properties":{"name":"Unnamed Stream","layer":"nhd_perennial_streams","stream_type":"Perennial Stream","length_miles":null,"flow_direction":"","reach_code":""}},{"type":"Feature","geometry":{"type":"LineString","coordinates":[[-87.6765,36.498],[-87.6785,36.4984]]},"properties":{"name":"Unnamed Stream","layer":"nhd_perennial_streams","stream_type":"Perennial Stream","length_miles":null,"flow_direction":"","reach_code":""}},{"type":"Feature","geometry":{"type":"LineString","coordinates":[[-87.6403,36.3554],[-87.6553,36.3626],[-87.6572,36.3692]]},"properties":{"name":"Unnamed Stream","layer":"nhd_perennial_streams","stream_type":"Perennial Stream","length_miles":null,"flow_direction":"","reach_code":""}},{"type":"Feature","geometry":{"type":"LineString","coordinates":[[-87.8,36.3386],[-87.8024,36.3374]]},"properties":{"name":"Unnamed Stream","layer":"nhd_perennial_streams","stream_type":"Perennial Stream","length_miles":null,"flow_direction":"","reach_code":""}},{"type":"Feature","geometry":{"type":"LineString","coordinates":[[-87.6889,36.5322],[-87.692,36.5273]]},"properties":{"name":"Unnamed Stream","layer":"nhd_perennial_streams","stream_type":"Perennial Stream","length_miles":null,"flow_direction":"","reach_code":""}},{"type":"Feature","geometry":{"type":"LineString","coordinates":[[-87.6726,36.3357],[-87.6718,36.3356]]},"properties":{"name":"Unnamed Stream","layer":"nhd_perennial_streams","stream_type":"Perennial Stream","length_miles":null,"flow_direction":"","reach_code":""}},{"type":"Feature","geometry":{"type":"LineString","coordinates":[[-87.6078,36.3931],[-87.6085,36.3934]]},"properties":{"name":"Unnamed Stream","layer":"nhd_perennial_streams","stream_type":"Perennial Stream","length_miles":null,"flow_direction":"","reach_code":""}},{"type":"Feature","geometry":{"type":"LineString","coordinates":[[-87.7441,36.3685],[-87.744,36.3695]]},"properties":{"name":"Unnamed Stream","layer":"nhd_perennial_streams","stream_type":"Perennial Stream","length_miles":null,"flow_direction":"","reach_code":""}},{"type":"Feature","geometry":{"type":"LineString","coordinates":[[-87.7922,36.3566],[-87.7932,36.3529]]},"properties":{"name":"Unnamed Stream","layer":"nhd_perennial_streams","stream_type":"Perennial Stream","length_miles":null,"flow_direction":"","reach_code":""}},{"type":"Feature","geometry":{"type":"LineString","coordinates":[[-87.7804,36.3651],[-87.7771,36.361],[-87.7802,36.3581]]},"properties":{"name":"Unnamed Stream","layer":"nhd_perennial_streams","stream_type":"Perennial Stream","length_miles":null,"flow_direction":"","reach_code":""}},{"type":"Feature","geometry":{"type":"LineString","coordinates":[[-87.7702,36.5742],[-87.7715,36.5731]]},"properties":{"name":"Unnamed Stream","layer":"nhd_perennial_streams","stream_type":"Perennial Stream","length_miles":null,"flow_direction":"","reach_code":""}},{"type":"Feature","geometry":{"type":"LineString","coordinates":[[-87.6958,36.5114],[-87.6956,36.5071]]},"properties":{"name":"Unnamed Stream","layer":"nhd_perennial_streams","stream_type":"Perennial Stream","length_miles":null,"flow_direction":"","reach_code":""}},{"type":"Feature","geometry":{"type":"LineString","coordinates":[[-87.5915,36.4372],[-87.5891,36.4341]]},"properties":{"name":"Unnamed Stream","layer":"nhd_perennial_streams","stream_type":"Perennial Stream","length_miles":null,"flow_direction":"","reach_code":""}},{"type":"Feature","geometry":{"type":"LineString","coordinates":[[-87.6895,36.3447],[-87.6804,36.3452]]},"properties":{"name":"Unnamed Stream","layer":"nhd_perennial_streams","stream_type":"Perennial Stream","length_miles":null,"flow_direction":"","reach_code":""}},{"type":"Feature","geometry":{"type":"LineString","coordinates":[[-87.854,36.4406],[-87.8554,36.4461]]},"properties":{"name":"Unnamed Stream","layer":"nhd_perennial_streams","stream_type":"Perennial Stream","length_miles":null,"flow_direction":"","reach_code":""}},{"type":"Feature","geometry":{"type":"LineString","coordinates":[[-87.8223,36.3549],[-87.8335,36.3488]]},"properties":{"name":"Unnamed Stream","layer":"nhd_perennial_streams","stream_type":"Perennial Stream","length_miles":null,"flow_direction":"","reach_code":""}},{"type":"Feature","geometry":{"type":"LineString","coordinates":[[-87.8225,36.3998],[-87.822,36.4118]]},"properties":{"name":"Unnamed Stream","layer":"nhd_perennial_streams","stream_type":"Perennial Stream","length_miles":null,"flow_direction":"","reach_code":""}},{"type":"Feature","geometry":{"type":"LineString","coordinates":[[-87.8796,36.4546],[-87.8783,36.4611],[-87.8823,36.4647]]},"properties":{"name":"Unnamed Stream","layer":"nhd_perennial_streams","stream_type":"Perennial Stream","length_miles":null,"flow_direction":"","reach_code":""}},{"type":"Feature","geometry":{"type":"LineString","coordinates":[[-87.6999,36.5016],[-87.6962,36.4999]]},"properties":{"name":"Unnamed Stream","layer":"nhd_perennial_streams","stream_type":"Perennial Stream","length_miles":null,"flow_direction":"","reach_code":""}},{"type":"Feature","geometry":{"type":"LineString","coordinates":[[-87.6517,36.4489],[-87.6615,36.4412],[-87.6729,36.4392]]},"properties":{"name":"Unnamed Stream","layer":"nhd_perennial_streams","stream_type":"Perennial Stream","length_miles":null,"flow_direction":"","reach_code":""}},{"type":"Feature","geometry":{"type":"LineString","coordinates":[[-87.8631,36.4876],[-87.8638,36.4915]]},"properties":{"name":"Unnamed Stream","layer":"nhd_perennial_streams","stream_type":"Perennial Stream","length_miles":null,"flow_direction":"","reach_code":""}},{"type":"Feature","geometry":{"type":"LineString","coordinates":[[-87.8013,36.4437],[-87.8039,36.4482],[-87.8005,36.4556]]},"properties":{"name":"Unnamed Stream","layer":"nhd_perennial_streams","stream_type":"Perennial Stream","length_miles":null,"flow_direction":"","reach_code":""}},{"type":"Feature","geometry":{"type":"LineString","coordinates":[[-87.9086,36.46],[-87.9068,36.4648]]},"properties":{"name":"Unnamed Stream","layer":"nhd_perennial_streams","stream_type":"Perennial Stream","length_miles":null,"flow_direction":"","reach_code":""}},{"type":"Feature","geometry":{"type":"LineString","coordinates":[[-87.8606,36.398],[-87.8747,36.3956]]},"properties":{"name":"Unnamed Stream","layer":"nhd_perennial_streams","stream_type":"Perennial Stream","length_miles":null,"flow_direction":"","reach_code":""}},{"type":"Feature","geometry":{"type":"LineString","coordinates":[[-87.6879,36.4797],[-87.6881,36.4796]]},"properties":{"name":"Unnamed Stream","layer":"nhd_perennial_streams","stream_type":"Perennial Stream","length_miles":null,"flow_direction":"","reach_code":""}},{"type":"Feature","geometry":{"type":"LineString","coordinates":[[-87.6471,36.4847],[-87.6481,36.4841]]},"properties":{"name":"Unnamed Stream","layer":"nhd_perennial_streams","stream_type":"Perennial Stream","length_miles":null,"flow_direction":"","reach_code":""}},{"type":"Feature","geometry":{"type":"LineString","coordinates":[[-87.7268,36.4983],[-87.7265,36.4972]]},"properties":{"name":"Unnamed Stream","layer":"nhd_perennial_streams","stream_type":"Perennial Stream","length_miles":null,"flow_direction":"","reach_code":""}},{"type":"Feature","geometry":{"type":"LineString","coordinates":[[-87.7463,36.5312],[-87.7444,36.5292]]},"properties":{"name":"Unnamed Stream","layer":"nhd_perennial_streams","stream_type":"Perennial Stream","length_miles":null,"flow_direction":"","reach_code":""}},{"type":"Feature","geometry":{"type":"LineString","coordinates":[[-87.7732,36.454],[-87.7563,36.4538]]},"properties":{"name":"Unnamed Stream","layer":"nhd_perennial_streams","stream_type":"Perennial Stream","length_miles":null,"flow_direction":"","reach_code":""}},{"type":"Feature","geometry":{"type":"LineString","coordinates":[[-87.6501,36.4688],[-87.6594,36.4723]]},"properties":{"name":"Unnamed Stream","layer":"nhd_perennial_streams","stream_type":"Perennial Stream","length_miles":null,"flow_direction":"","reach_code":""}},{"type":"Feature","geometry":{"type":"LineString","coordinates":[[-87.8372,36.3924],[-87.8357,36.397]]},"properties":{"name":"Unnamed Stream","layer":"nhd_perennial_streams","stream_type":"Perennial Stream","length_miles":null,"flow_direction":"","reach_code":""}},{"type":"Feature","geometry":{"type":"LineString","coordinates":[[-87.7396,36.48],[-87.7379,36.4811]]},"properties":{"name":"Unnamed Stream","layer":"nhd_perennial_streams","stream_type":"Perennial Stream","length_miles":null,"flow_direction":"","reach_code":""}},{"type":"Feature","geometry":{"type":"LineString","coordinates":[[-87.7526,36.443],[-87.7525,36.4432]]},"properties":{"name":"Unnamed Stream","layer":"nhd_perennial_streams","stream_type":"Perennial Stream","length_miles":null,"flow_direction":"","reach_code":""}},{"type":"Feature","geometry":{"type":"LineString","coordinates":[[-87.7557,36.3564],[-87.7431,36.3618]]},"properties":{"name":"Unnamed Stream","layer":"nhd_perennial_streams","stream_type":"Perennial Stream","length_miles":null,"flow_direction":"","reach_code":""}},{"type":"Feature","geometry":{"type":"LineString","coordinates":[[-87.8015,36.4685],[-87.7986,36.4732]]},"properties":{"name":"Unnamed Stream","layer":"nhd_perennial_streams","stream_type":"Perennial Stream","length_miles":null,"flow_direction":"","reach_code":""}},{"type":"Feature","geometry":{"type":"LineString","coordinates":[[-87.8234,36.4429],[-87.8376,36.4509]]},"properties":{"name":"Unnamed Stream","layer":"nhd_perennial_streams","stream_type":"Perennial Stream","length_miles":null,"flow_direction":"","reach_code":""}},{"type":"Feature","geometry":{"type":"LineString","coordinates":[[-87.8821,36.4828],[-87.8757,36.487]]},"properties":{"name":"Unnamed Stream","layer":"nhd_perennial_streams","stream_type":"Perennial Stream","length_miles":null,"flow_direction":"","reach_code":""}},{"type":"Feature","geometry":{"type":"LineString","coordinates":[[-87.8343,36.4665],[-87.834,36.4702]]},"properties":{"name":"Unnamed Stream","layer":"nhd_perennial_streams","stream_type":"Perennial Stream","length_miles":null,"flow_direction":"","reach_code":""}},{"type":"Feature","geometry":{"type":"LineString","coordinates":[[-87.7828,36.3993],[-87.7774,36.3936]]},"properties":{"name":"Unnamed Stream","layer":"nhd_perennial_streams","stream_type":"Perennial Stream","length_miles":null,"flow_direction":"","reach_code":""}},{"type":"Feature","geometry":{"type":"LineString","coordinates":[[-87.7679,36.391],[-87.7708,36.3994]]},"properties":{"name":"Unnamed Stream","layer":"nhd_perennial_streams","stream_type":"Perennial Stream","length_miles":null,"flow_direction":"","reach_code":""}},{"type":"Feature","geometry":{"type":"LineString","coordinates":[[-87.6249,36.5244],[-87.6249,36.5235]]},"properties":{"name":"Unnamed Stream","layer":"nhd_perennial_streams","stream_type":"Perennial Stream","length_miles":null,"flow_direction":"","reach_code":""}},{"type":"Feature","geometry":{"type":"LineString","coordinates":[[-87.614,36.4076],[-87.6151,36.4075]]},"properties":{"name":"Unnamed Stream","layer":"nhd_perennial_streams","stream_type":"Perennial Stream","length_miles":null,"flow_direction":"","reach_code":""}},{"type":"Feature","geometry":{"type":"LineString","coordinates":[[-87.838,36.4561],[-87.8356,36.4612]]},"properties":{"name":"Unnamed Stream","layer":"nhd_perennial_streams","stream_type":"Perennial Stream","length_miles":null,"flow_direction":"","reach_code":""}},{"type":"Feature","geometry":{"type":"LineString","coordinates":[[-87.8365,36.349],[-87.8384,36.3472]]},"properties":{"name":"Unnamed Stream","layer":"nhd_perennial_streams","stream_type":"Perennial Stream","length_miles":null,"flow_direction":"","reach_code":""}},{"type":"Feature","geometry":{"type":"LineString","coordinates":[[-87.7952,36.5442],[-87.7971,36.5426]]},"properties":{"name":"Unnamed Stream","layer":"nhd_perennial_streams","stream_type":"Perennial Stream","length_miles":null,"flow_direction":"","reach_code":""}},{"type":"Feature","geometry":{"type":"LineString","coordinates":[[-87.9137,36.4631],[-87.9115,36.4683],[-87.9061,36.4702]]},"properties":{"name":"Unnamed Stream","layer":"nhd_perennial_streams","stream_type":"Perennial Stream","length_miles":null,"flow_direction":"","reach_code":""}},{"type":"Feature","geometry":{"type":"LineString","coordinates":[[-87.8185,36.5969],[-87.8189,36.5982]]},"properties":{"name":"Unnamed Stream","layer":"nhd_perennial_streams","stream_type":"Perennial Stream","length_miles":null,"flow_direction":"","reach_code":""}},{"type":"Feature","geometry":{"type":"LineString","coordinates":[[-87.6062,36.4872],[-87.5998,36.4859]]},"properties":{"name":"Unnamed Stream","layer":"nhd_perennial_streams","stream_type":"Perennial Stream","length_miles":null,"flow_direction":"","reach_code":""}},{"type":"Feature","geometry":{"type":"LineString","coordinates":[[-87.7568,36.3559],[-87.7564,36.356]]},"properties":{"name":"Unnamed Stream","layer":"nhd_perennial_streams","stream_type":"Perennial Stream","length_miles":null,"flow_direction":"","reach_code":""}},{"type":"Feature","geometry":{"type":"LineString","coordinates":[[-87.8075,36.4293],[-87.8,36.4314]]},"properties":{"name":"Unnamed Stream","layer":"nhd_perennial_streams","stream_type":"Perennial Stream","length_miles":null,"flow_direction":"","reach_code":""}},{"type":"Feature","geometry":{"type":"LineString","coordinates":[[-87.7898,36.3283],[-87.7927,36.3299]]},"properties":{"name":"Unnamed Stream","layer":"nhd_perennial_streams","stream_type":"Perennial Stream","length_miles":null,"flow_direction":"","reach_code":""}},{"type":"Feature","geometry":{"type":"LineString","coordinates":[[-87.8005,36.3464],[-87.8037,36.3501]]},"properties":{"name":"Unnamed Stream","layer":"nhd_perennial_streams","stream_type":"Perennial Stream","length_miles":null,"flow_direction":"","reach_code":""}},{"type":"Feature","geometry":{"type":"LineString","coordinates":[[-87.8187,36.4472],[-87.8135,36.4507]]},"properties":{"name":"Unnamed Stream","layer":"nhd_perennial_streams","stream_type":"Perennial Stream","length_miles":null,"flow_direction":"","reach_code":""}},{"type":"Feature","geometry":{"type":"LineString","coordinates":[[-87.7753,36.4304],[-87.7685,36.4249],[-87.7563,36.4251]]},"properties":{"name":"Unnamed Stream","layer":"nhd_perennial_streams","stream_type":"Perennial Stream","length_miles":null,"flow_direction":"","reach_code":""}},{"type":"Feature","geometry":{"type":"LineString","coordinates":[[-87.8009,36.3672],[-87.8026,36.3709]]},"properties":{"name":"Unnamed Stream","layer":"nhd_perennial_streams","stream_type":"Perennial Stream","length_miles":null,"flow_direction":"","reach_code":""}},{"type":"Feature","geometry":{"type":"LineString","coordinates":[[-87.7598,36.5358],[-87.7659,36.5289]]},"properties":{"name":"Unnamed Stream","layer":"nhd_perennial_streams","stream_type":"Perennial Stream","length_miles":null,"flow_direction":"","reach_code":""}},{"type":"Feature","geometry":{"type":"LineString","coordinates":[[-87.8417,36.3727],[-87.8446,36.3656]]},"properties":{"name":"Unnamed Stream","layer":"nhd_perennial_streams","stream_type":"Perennial Stream","length_miles":null,"flow_direction":"","reach_code":""}},{"type":"Feature","geometry":{"type":"LineString","coordinates":[[-87.8459,36.4152],[-87.8254,36.4143]]},"properties":{"name":"Unnamed Stream","layer":"nhd_perennial_streams","stream_type":"Perennial Stream","length_miles":null,"flow_direction":"","reach_code":""}},{"type":"Feature","geometry":{"type":"LineString","coordinates":[[-87.7825,36.392],[-87.7803,36.3929]]},"properties":{"name":"Unnamed Stream","layer":"nhd_perennial_streams","stream_type":"Perennial Stream","length_miles":null,"flow_direction":"","reach_code":""}},{"type":"Feature","geometry":{"type":"LineString","coordinates":[[-87.6955,36.4002],[-87.6941,36.4019]]},"properties":{"name":"Unnamed Stream","layer":"nhd_perennial_streams","stream_type":"Perennial Stream","length_miles":null,"flow_direction":"","reach_code":""}},{"type":"Feature","geometry":{"type":"LineString","coordinates":[[-87.799,36.4386],[-87.7969,36.4404],[-87.8013,36.4437]]},"properties":{"name":"Unnamed Stream","layer":"nhd_perennial_streams","stream_type":"Perennial Stream","length_miles":null,"flow_direction":"","reach_code":""}},{"type":"Feature","geometry":{"type":"LineString","coordinates":[[-87.663,36.4972],[-87.6765,36.498]]},"properties":{"name":"Unnamed Stream","layer":"nhd_perennial_streams","stream_type":"Perennial Stream","length_miles":null,"flow_direction":"","reach_code":""}},{"type":"Feature","geometry":{"type":"LineString","coordinates":[[-87.822,36.5182],[-87.8247,36.5171]]},"properties":{"name":"Unnamed Stream","layer":"nhd_perennial_streams","stream_type":"Perennial Stream","length_miles":null,"flow_direction":"","reach_code":""}},{"type":"Feature","geometry":{"type":"LineString","coordinates":[[-87.8607,36.3656],[-87.8626,36.3659]]},"properties":{"name":"Unnamed Stream","layer":"nhd_perennial_streams","stream_type":"Perennial Stream","length_miles":null,"flow_direction":"","reach_code":""}},{"type":"Feature","geometry":{"type":"LineString","coordinates":[[-87.8436,36.58],[-87.8459,36.582]]},"properties":{"name":"Unnamed Stream","layer":"nhd_perennial_streams","stream_type":"Perennial Stream","length_miles":null,"flow_direction":"","reach_code":""}},{"type":"Feature","geometry":{"type":"LineString","coordinates":[[-87.8247,36.5171],[-87.8259,36.5163]]},"properties":{"name":"Unnamed Stream","layer":"nhd_perennial_streams","stream_type":"Perennial Stream","length_miles":null,"flow_direction":"","reach_code":""}},{"type":"Feature","geometry":{"type":"LineString","coordinates":[[-87.7535,36.3272],[-87.7549,36.3245]]},"properties":{"name":"Unnamed Stream","layer":"nhd_perennial_streams","stream_type":"Perennial Stream","length_miles":null,"flow_direction":"","reach_code":""}},{"type":"Feature","geometry":{"type":"LineString","coordinates":[[-87.8634,36.4051],[-87.8606,36.398]]},"properties":{"name":"Unnamed Stream","layer":"nhd_perennial_streams","stream_type":"Perennial Stream","length_miles":null,"flow_direction":"","reach_code":""}},{"type":"Feature","geometry":{"type":"LineString","coordinates":[[-87.8843,36.4806],[-87.8845,36.4808]]},"properties":{"name":"Unnamed Stream","layer":"nhd_perennial_streams","stream_type":"Perennial Stream","length_miles":null,"flow_direction":"","reach_code":""}},{"type":"Feature","geometry":{"type":"LineString","coordinates":[[-87.6119,36.4287],[-87.6084,36.4256]]},"properties":{"name":"Unnamed Stream","layer":"nhd_perennial_streams","stream_type":"Perennial Stream","length_miles":null,"flow_direction":"","reach_code":""}},{"type":"Feature","geometry":{"type":"LineString","coordinates":[[-87.8276,36.3619],[-87.8354,36.355]]},"properties":{"name":"Unnamed Stream","layer":"nhd_perennial_streams","stream_type":"Perennial Stream","length_miles":null,"flow_direction":"","reach_code":""}},{"type":"Feature","geometry":{"type":"LineString","coordinates":[[-87.846,36.3457],[-87.8492,36.3459]]},"properties":{"name":"Unnamed Stream","layer":"nhd_perennial_streams","stream_type":"Perennial Stream","length_miles":null,"flow_direction":"","reach_code":""}},{"type":"Feature","geometry":{"type":"LineString","coordinates":[[-87.7619,36.3888],[-87.7679,36.391]]},"properties":{"name":"Unnamed Stream","layer":"nhd_perennial_streams","stream_type":"Perennial Stream","length_miles":null,"flow_direction":"","reach_code":""}},{"type":"Feature","geometry":{"type":"LineString","coordinates":[[-87.8206,36.376],[-87.8041,36.3754]]},"properties":{"name":"Unnamed Stream","layer":"nhd_perennial_streams","stream_type":"Perennial Stream","length_miles":null,"flow_direction":"","reach_code":""}},{"type":"Feature","geometry":{"type":"LineString","coordinates":[[-87.8631,36.4317],[-87.8617,36.4349]]},"properties":{"name":"Unnamed Stream","layer":"nhd_perennial_streams","stream_type":"Perennial Stream","length_miles":null,"flow_direction":"","reach_code":""}},{"type":"Feature","geometry":{"type":"LineString","coordinates":[[-87.6374,36.4812],[-87.6408,36.4824]]},"properties":{"name":"Unnamed Stream","layer":"nhd_perennial_streams","stream_type":"Perennial Stream","length_miles":null,"flow_direction":"","reach_code":""}},{"type":"Feature","geometry":{"type":"LineString","coordinates":[[-87.7637,36.3597],[-87.7557,36.3564]]},"properties":{"name":"Unnamed Stream","layer":"nhd_perennial_streams","stream_type":"Perennial Stream","length_miles":null,"flow_direction":"","reach_code":""}},{"type":"Feature","geometry":{"type":"LineString","coordinates":[[-87.8678,36.3571],[-87.8695,36.3473]]},"properties":{"name":"Unnamed Stream","layer":"nhd_perennial_streams","stream_type":"Perennial Stream","length_miles":null,"flow_direction":"","reach_code":""}},{"type":"Feature","geometry":{"type":"LineString","coordinates":[[-87.822,36.4118],[-87.8212,36.4125]]},"properties":{"name":"Unnamed Stream","layer":"nhd_perennial_streams","stream_type":"Perennial Stream","length_miles":null,"flow_direction":"","reach_code":""}},{"type":"Feature","geometry":{"type":"LineString","coordinates":[[-87.8105,36.4378],[-87.799,36.4386]]},"properties":{"name":"Unnamed Stream","layer":"nhd_perennial_streams","stream_type":"Perennial Stream","length_miles":null,"flow_direction":"","reach_code":""}},{"type":"Feature","geometry":{"type":"LineString","coordinates":[[-87.6964,36.4978],[-87.6984,36.4942]]},"properties":{"name":"Unnamed Stream","layer":"nhd_perennial_streams","stream_type":"Perennial Stream","length_miles":null,"flow_direction":"","reach_code":""}},{"type":"Feature","geometry":{"type":"LineString","coordinates":[[-87.8229,36.433],[-87.8298,36.4318]]},"properties":{"name":"Unnamed Stream","layer":"nhd_perennial_streams","stream_type":"Perennial Stream","length_miles":null,"flow_direction":"","reach_code":""}},{"type":"Feature","geometry":{"type":"LineString","coordinates":[[-87.7761,36.4833],[-87.7876,36.4875],[-87.7933,36.4941]]},"properties":{"name":"Unnamed Stream","layer":"nhd_perennial_streams","stream_type":"Perennial Stream","length_miles":null,"flow_direction":"","reach_code":""}},{"type":"Feature","geometry":{"type":"LineString","coordinates":[[-87.8727,36.3663],[-87.8801,36.3671]]},"properties":{"name":"Unnamed Stream","layer":"nhd_perennial_streams","stream_type":"Perennial Stream","length_miles":null,"flow_direction":"","reach_code":""}},{"type":"Feature","geometry":{"type":"LineString","coordinates":[[-87.7282,36.3954],[-87.7279,36.3958]]},"properties":{"name":"Unnamed Stream","layer":"nhd_perennial_streams","stream_type":"Perennial Stream","length_miles":null,"flow_direction":"","reach_code":""}},{"type":"Feature","geometry":{"type":"LineString","coordinates":[[-87.8998,36.4496],[-87.9036,36.444]]},"properties":{"name":"Unnamed Stream","layer":"nhd_perennial_streams","stream_type":"Perennial Stream","length_miles":null,"flow_direction":"","reach_code":""}},{"type":"Feature","geometry":{"type":"LineString","coordinates":[[-87.8945,36.3923],[-87.8953,36.3923]]},"properties":{"name":"Unnamed Stream","layer":"nhd_perennial_streams","stream_type":"Perennial Stream","length_miles":null,"flow_direction":"","reach_code":""}},{"type":"Feature","geometry":{"type":"LineString","coordinates":[[-87.8519,36.3826],[-87.8583,36.3825]]},"properties":{"name":"Unnamed Stream","layer":"nhd_perennial_streams","stream_type":"Perennial Stream","length_miles":null,"flow_direction":"","reach_code":""}},{"type":"Feature","geometry":{"type":"LineString","coordinates":[[-87.6941,36.4019],[-87.6906,36.4083]]},"properties":{"name":"Unnamed Stream","layer":"nhd_perennial_streams","stream_type":"Perennial Stream","length_miles":null,"flow_direction":"","reach_code":""}},{"type":"Feature","geometry":{"type":"LineString","coordinates":[[-87.6594,36.4723],[-87.6664,36.477],[-87.6717,36.4765]]},"properties":{"name":"Unnamed Stream","layer":"nhd_perennial_streams","stream_type":"Perennial Stream","length_miles":null,"flow_direction":"","reach_code":""}},{"type":"Feature","geometry":{"type":"LineString","coordinates":[[-87.7116,36.411],[-87.7087,36.4126]]},"properties":{"name":"Unnamed Stream","layer":"nhd_perennial_streams","stream_type":"Perennial Stream","length_miles":null,"flow_direction":"","reach_code":""}},{"type":"Feature","geometry":{"type":"LineString","coordinates":[[-87.8085,36.512],[-87.822,36.5182]]},"properties":{"name":"Unnamed Stream","layer":"nhd_perennial_streams","stream_type":"Perennial Stream","length_miles":null,"flow_direction":"","reach_code":""}},{"type":"Feature","geometry":{"type":"LineString","coordinates":[[-87.8063,36.5111],[-87.8079,36.5116]]},"properties":{"name":"Unnamed Stream","layer":"nhd_perennial_streams","stream_type":"Perennial Stream","length_miles":null,"flow_direction":"","reach_code":""}},{"type":"Feature","geometry":{"type":"LineString","coordinates":[[-87.671,36.3456],[-87.6671,36.3481]]},"properties":{"name":"Unnamed Stream","layer":"nhd_perennial_streams","stream_type":"Perennial Stream","length_miles":null,"flow_direction":"","reach_code":""}},{"type":"Feature","geometry":{"type":"LineString","coordinates":[[-87.6954,36.4991],[-87.6958,36.4979]]},"properties":{"name":"Unnamed Stream","layer":"nhd_perennial_streams","stream_type":"Perennial Stream","length_miles":null,"flow_direction":"","reach_code":""}},{"type":"Feature","geometry":{"type":"LineString","coordinates":[[-87.9121,36.4346],[-87.9146,36.4332]]},"properties":{"name":"Unnamed Stream","layer":"nhd_perennial_streams","stream_type":"Perennial Stream","length_miles":null,"flow_direction":"","reach_code":""}},{"type":"Feature","geometry":{"type":"LineString","coordinates":[[-87.9115,36.4287],[-87.9146,36.4332]]},"properties":{"name":"Unnamed Stream","layer":"nhd_perennial_streams","stream_type":"Perennial Stream","length_miles":null,"flow_direction":"","reach_code":""}},{"type":"Feature","geometry":{"type":"LineString","coordinates":[[-87.862,36.4243],[-87.8631,36.4317]]},"properties":{"name":"Unnamed Stream","layer":"nhd_perennial_streams","stream_type":"Perennial Stream","length_miles":null,"flow_direction":"","reach_code":""}},{"type":"Feature","geometry":{"type":"LineString","coordinates":[[-87.8286,36.3953],[-87.8344,36.3997]]},"properties":{"name":"Unnamed Stream","layer":"nhd_perennial_streams","stream_type":"Perennial Stream","length_miles":null,"flow_direction":"","reach_code":""}},{"type":"Feature","geometry":{"type":"LineString","coordinates":[[-87.7123,36.3456],[-87.7071,36.3438]]},"properties":{"name":"Unnamed Stream","layer":"nhd_perennial_streams","stream_type":"Perennial Stream","length_miles":null,"flow_direction":"","reach_code":""}},{"type":"Feature","geometry":{"type":"LineString","coordinates":[[-87.8785,36.3611],[-87.8801,36.3671]]},"properties":{"name":"Unnamed Stream","layer":"nhd_perennial_streams","stream_type":"Perennial Stream","length_miles":null,"flow_direction":"","reach_code":""}},{"type":"Feature","geometry":{"type":"LineString","coordinates":[[-87.9014,36.4858],[-87.8898,36.4808]]},"properties":{"name":"Unnamed Stream","layer":"nhd_perennial_streams","stream_type":"Perennial Stream","length_miles":null,"flow_direction":"","reach_code":""}},{"type":"Feature","geometry":{"type":"LineString","coordinates":[[-87.7092,36.4722],[-87.7105,36.4715]]},"properties":{"name":"Unnamed Stream","layer":"nhd_perennial_streams","stream_type":"Perennial Stream","length_miles":null,"flow_direction":"","reach_code":""}},{"type":"Feature","geometry":{"type":"LineString","coordinates":[[-87.781,36.5589],[-87.7814,36.5585]]},"properties":{"name":"Unnamed Stream","layer":"nhd_perennial_streams","stream_type":"Perennial Stream","length_miles":null,"flow_direction":"","reach_code":""}},{"type":"Feature","geometry":{"type":"LineString","coordinates":[[-87.7784,36.4421],[-87.7767,36.4456],[-87.76,36.4529]]},"properties":{"name":"Unnamed Stream","layer":"nhd_perennial_streams","stream_type":"Perennial Stream","length_miles":null,"flow_direction":"","reach_code":""}},{"type":"Feature","geometry":{"type":"LineString","coordinates":[[-87.7896,36.3839],[-87.7895,36.3842]]},"properties":{"name":"Unnamed Stream","layer":"nhd_perennial_streams","stream_type":"Perennial Stream","length_miles":null,"flow_direction":"","reach_code":""}},{"type":"Feature","geometry":{"type":"LineString","coordinates":[[-87.8189,36.3665],[-87.8223,36.3549]]},"properties":{"name":"Unnamed Stream","layer":"nhd_perennial_streams","stream_type":"Perennial Stream","length_miles":null,"flow_direction":"","reach_code":""}},{"type":"Feature","geometry":{"type":"LineString","coordinates":[[-87.9061,36.4206],[-87.9139,36.4153]]},"properties":{"name":"Unnamed Stream","layer":"nhd_perennial_streams","stream_type":"Perennial Stream","length_miles":null,"flow_direction":"","reach_code":""}},{"type":"Feature","geometry":{"type":"LineString","coordinates":[[-87.8238,36.569],[-87.8298,36.5695]]},"properties":{"name":"Unnamed Stream","layer":"nhd_perennial_streams","stream_type":"Perennial Stream","length_miles":null,"flow_direction":"","reach_code":""}},{"type":"Feature","geometry":{"type":"LineString","coordinates":[[-87.7211,36.3985],[-87.7176,36.4005]]},"properties":{"name":"Unnamed Stream","layer":"nhd_perennial_streams","stream_type":"Perennial Stream","length_miles":null,"flow_direction":"","reach_code":""}},{"type":"Feature","geometry":{"type":"LineString","coordinates":[[-87.6438,36.4837],[-87.6471,36.4847]]},"properties":{"name":"Unnamed Stream","layer":"nhd_perennial_streams","stream_type":"Perennial Stream","length_miles":null,"flow_direction":"","reach_code":""}},{"type":"Feature","geometry":{"type":"LineString","coordinates":[[-87.7708,36.3994],[-87.7669,36.4044]]},"properties":{"name":"Unnamed Stream","layer":"nhd_perennial_streams","stream_type":"Perennial Stream","length_miles":null,"flow_direction":"","reach_code":""}},{"type":"Feature","geometry":{"type":"LineString","coordinates":[[-87.8647,36.4398],[-87.8593,36.4412]]},"properties":{"name":"Unnamed Stream","layer":"nhd_perennial_streams","stream_type":"Perennial Stream","length_miles":null,"flow_direction":"","reach_code":""}},{"type":"Feature","geometry":{"type":"LineString","coordinates":[[-87.6726,36.4391],[-87.6748,36.4383]]},"properties":{"name":"Unnamed Stream","layer":"nhd_perennial_streams","stream_type":"Perennial Stream","length_miles":null,"flow_direction":"","reach_code":""}},{"type":"Feature","geometry":{"type":"LineString","coordinates":[[-87.703,36.3435],[-87.7009,36.3445]]},"properties":{"name":"Unnamed Stream","layer":"nhd_perennial_streams","stream_type":"Perennial Stream","length_miles":null,"flow_direction":"","reach_code":""}},{"type":"Feature","geometry":{"type":"LineString","coordinates":[[-87.8794,36.4331],[-87.8647,36.4398]]},"properties":{"name":"Unnamed Stream","layer":"nhd_perennial_streams","stream_type":"Perennial Stream","length_miles":null,"flow_direction":"","reach_code":""}},{"type":"Feature","geometry":{"type":"LineString","coordinates":[[-87.6121,36.4783],[-87.5974,36.4832]]},"properties":{"name":"Unnamed Stream","layer":"nhd_perennial_streams","stream_type":"Perennial Stream","length_miles":null,"flow_direction":"","reach_code":""}},{"type":"Feature","geometry":{"type":"LineString","coordinates":[[-87.9178,36.4499],[-87.9177,36.4495]]},"properties":{"name":"Unnamed Stream","layer":"nhd_perennial_streams","stream_type":"Perennial Stream","length_miles":null,"flow_direction":"","reach_code":""}},{"type":"Feature","geometry":{"type":"LineString","coordinates":[[-87.7691,36.3226],[-87.7772,36.3258]]},"properties":{"name":"Unnamed Stream","layer":"nhd_perennial_streams","stream_type":"Perennial Stream","length_miles":null,"flow_direction":"","reach_code":""}},{"type":"Feature","geometry":{"type":"LineString","coordinates":[[-87.8583,36.3825],[-87.8641,36.3814]]},"properties":{"name":"Unnamed Stream","layer":"nhd_perennial_streams","stream_type":"Perennial Stream","length_miles":null,"flow_direction":"","reach_code":""}},{"type":"Feature","geometry":{"type":"LineString","coordinates":[[-87.9139,36.4787],[-87.9026,36.4776]]},"properties":{"name":"Unnamed Stream","layer":"nhd_perennial_streams","stream_type":"Perennial Stream","length_miles":null,"flow_direction":"","reach_code":""}},{"type":"Feature","geometry":{"type":"LineString","coordinates":[[-87.8347,36.5712],[-87.8349,36.5715]]},"properties":{"name":"Unnamed Stream","layer":"nhd_perennial_streams","stream_type":"Perennial Stream","length_miles":null,"flow_direction":"","reach_code":""}},{"type":"Feature","geometry":{"type":"LineString","coordinates":[[-87.6008,36.5043],[-87.5977,36.5046]]},"properties":{"name":"Unnamed Stream","layer":"nhd_perennial_streams","stream_type":"Perennial Stream","length_miles":null,"flow_direction":"","reach_code":""}},{"type":"Feature","geometry":{"type":"LineString","coordinates":[[-87.7286,36.3389],[-87.7223,36.3424]]},"properties":{"name":"Unnamed Stream","layer":"nhd_perennial_streams","stream_type":"Perennial Stream","length_miles":null,"flow_direction":"","reach_code":""}},{"type":"Feature","geometry":{"type":"LineString","coordinates":[[-87.8737,36.4709],[-87.8839,36.4716]]},"properties":{"name":"Unnamed Stream","layer":"nhd_perennial_streams","stream_type":"Perennial Stream","length_miles":null,"flow_direction":"","reach_code":""}},{"type":"Feature","geometry":{"type":"LineString","coordinates":[[-87.7354,36.5195],[-87.7411,36.5171]]},"properties":{"name":"Unnamed Stream","layer":"nhd_perennial_streams","stream_type":"Perennial Stream","length_miles":null,"flow_direction":"","reach_code":""}},{"type":"Feature","geometry":{"type":"LineString","coordinates":[[-87.886,36.4571],[-87.8857,36.4584]]},"properties":{"name":"Unnamed Stream","layer":"nhd_perennial_streams","stream_type":"Perennial Stream","length_miles":null,"flow_direction":"","reach_code":""}},{"type":"Feature","geometry":{"type":"LineString","coordinates":[[-87.8833,36.4064],[-87.8921,36.4003],[-87.8953,36.3923]]},"properties":{"name":"Unnamed Stream","layer":"nhd_perennial_streams","stream_type":"Perennial Stream","length_miles":null,"flow_direction":"","reach_code":""}},{"type":"Feature","geometry":{"type":"LineString","coordinates":[[-87.6964,36.3976],[-87.6962,36.3983]]},"properties":{"name":"Unnamed Stream","layer":"nhd_perennial_streams","stream_type":"Perennial Stream","length_miles":null,"flow_direction":"","reach_code":""}},{"type":"Feature","geometry":{"type":"LineString","coordinates":[[-87.73,36.5299],[-87.732,36.5245]]},"properties":{"name":"Unnamed Stream","layer":"nhd_perennial_streams","stream_type":"Perennial Stream","length_miles":null,"flow_direction":"","reach_code":""}},{"type":"Feature","geometry":{"type":"LineString","coordinates":[[-87.891,36.4604],[-87.8904,36.4662]]},"properties":{"name":"Unnamed Stream","layer":"nhd_perennial_streams","stream_type":"Perennial Stream","length_miles":null,"flow_direction":"","reach_code":""}},{"type":"Feature","geometry":{"type":"LineString","coordinates":[[-87.7105,36.4715],[-87.715,36.47]]},"properties":{"name":"Unnamed Stream","layer":"nhd_perennial_streams","stream_type":"Perennial Stream","length_miles":null,"flow_direction":"","reach_code":""}},{"type":"Feature","geometry":{"type":"LineString","coordinates":[[-87.7584,36.3648],[-87.7498,36.3643]]},"properties":{"name":"Unnamed Stream","layer":"nhd_perennial_streams","stream_type":"Perennial Stream","length_miles":null,"flow_direction":"","reach_code":""}},{"type":"Feature","geometry":{"type":"LineString","coordinates":[[-87.7273,36.3822],[-87.7274,36.3824]]},"properties":{"name":"Unnamed Stream","layer":"nhd_perennial_streams","stream_type":"Perennial Stream","length_miles":null,"flow_direction":"","reach_code":""}},{"type":"Feature","geometry":{"type":"LineString","coordinates":[[-87.7435,36.373],[-87.7433,36.3749]]},"properties":{"name":"Unnamed Stream","layer":"nhd_perennial_streams","stream_type":"Perennial Stream","length_miles":null,"flow_direction":"","reach_code":""}},{"type":"Feature","geometry":{"type":"LineString","coordinates":[[-87.8969,36.4453],[-87.9036,36.444]]},"properties":{"name":"Unnamed Stream","layer":"nhd_perennial_streams","stream_type":"Perennial Stream","length_miles":null,"flow_direction":"","reach_code":""}},{"type":"Feature","geometry":{"type":"LineString","coordinates":[[-87.7775,36.3259],[-87.7805,36.3271]]},"properties":{"name":"Unnamed Stream","layer":"nhd_perennial_streams","stream_type":"Perennial Stream","length_miles":null,"flow_direction":"","reach_code":""}},{"type":"Feature","geometry":{"type":"LineString","coordinates":[[-87.8073,36.3599],[-87.8133,36.359]]},"properties":{"name":"Unnamed Stream","layer":"nhd_perennial_streams","stream_type":"Perennial Stream","length_miles":null,"flow_direction":"","reach_code":""}},{"type":"Feature","geometry":{"type":"LineString","coordinates":[[-87.7781,36.5608],[-87.781,36.5589]]},"properties":{"name":"Unnamed Stream","layer":"nhd_perennial_streams","stream_type":"Perennial Stream","length_miles":null,"flow_direction":"","reach_code":""}},{"type":"Feature","geometry":{"type":"LineString","coordinates":[[-87.7804,36.4588],[-87.7825,36.4667]]},"properties":{"name":"Unnamed Stream","layer":"nhd_perennial_streams","stream_type":"Perennial Stream","length_miles":null,"flow_direction":"","reach_code":""}},{"type":"Feature","geometry":{"type":"LineString","coordinates":[[-87.6904,36.4992],[-87.6954,36.4991]]},"properties":{"name":"Unnamed Stream","layer":"nhd_perennial_streams","stream_type":"Perennial Stream","length_miles":null,"flow_direction":"","reach_code":""}},{"type":"Feature","geometry":{"type":"LineString","coordinates":[[-87.7031,36.4885],[-87.7045,36.486]]},"properties":{"name":"Unnamed Stream","layer":"nhd_perennial_streams","stream_type":"Perennial Stream","length_miles":null,"flow_direction":"","reach_code":""}},{"type":"Feature","geometry":{"type":"LineString","coordinates":[[-87.8093,36.3292],[-87.8048,36.3326]]},"properties":{"name":"Unnamed Stream","layer":"nhd_perennial_streams","stream_type":"Perennial Stream","length_miles":null,"flow_direction":"","reach_code":""}},{"type":"Feature","geometry":{"type":"LineString","coordinates":[[-87.8274,36.338],[-87.8333,36.3402],[-87.8384,36.3472]]},"properties":{"name":"Unnamed Stream","layer":"nhd_perennial_streams","stream_type":"Perennial Stream","length_miles":null,"flow_direction":"","reach_code":""}},{"type":"Feature","geometry":{"type":"LineString","coordinates":[[-87.8368,36.4391],[-87.8355,36.4413]]},"properties":{"name":"Unnamed Stream","layer":"nhd_perennial_streams","stream_type":"Perennial Stream","length_miles":null,"flow_direction":"","reach_code":""}},{"type":"Feature","geometry":{"type":"LineString","coordinates":[[-87.8065,36.3837],[-87.7982,36.3822]]},"properties":{"name":"Unnamed Stream","layer":"nhd_perennial_streams","stream_type":"Perennial Stream","length_miles":null,"flow_direction":"","reach_code":""}},{"type":"Feature","geometry":{"type":"LineString","coordinates":[[-87.8941,36.4479],[-87.8969,36.4453]]},"properties":{"name":"Unnamed Stream","layer":"nhd_perennial_streams","stream_type":"Perennial Stream","length_miles":null,"flow_direction":"","reach_code":""}},{"type":"Feature","geometry":{"type":"LineString","coordinates":[[-87.754,36.3331],[-87.7542,36.3339]]},"properties":{"name":"Unnamed Stream","layer":"nhd_perennial_streams","stream_type":"Perennial Stream","length_miles":null,"flow_direction":"","reach_code":""}},{"type":"Feature","geometry":{"type":"LineString","coordinates":[[-87.7865,36.3939],[-87.7825,36.392]]},"properties":{"name":"Unnamed Stream","layer":"nhd_perennial_streams","stream_type":"Perennial Stream","length_miles":null,"flow_direction":"","reach_code":""}},{"type":"Feature","geometry":{"type":"LineString","coordinates":[[-87.9031,36.4937],[-87.9087,36.5]]},"properties":{"name":"Unnamed Stream","layer":"nhd_perennial_streams","stream_type":"Perennial Stream","length_miles":null,"flow_direction":"","reach_code":""}},{"type":"Feature","geometry":{"type":"LineString","coordinates":[[-87.7251,36.5261],[-87.7277,36.5247]]},"properties":{"name":"Unnamed Stream","layer":"nhd_perennial_streams","stream_type":"Perennial Stream","length_miles":null,"flow_direction":"","reach_code":""}},{"type":"Feature","geometry":{"type":"LineString","coordinates":[[-87.789,36.3696],[-87.7933,36.3753]]},"properties":{"name":"Unnamed Stream","layer":"nhd_perennial_streams","stream_type":"Perennial Stream","length_miles":null,"flow_direction":"","reach_code":""}},{"type":"Feature","geometry":{"type":"LineString","coordinates":[[-87.8437,36.3565],[-87.846,36.3457]]},"properties":{"name":"Unnamed Stream","layer":"nhd_perennial_streams","stream_type":"Perennial Stream","length_miles":null,"flow_direction":"","reach_code":""}},{"type":"Feature","geometry":{"type":"LineString","coordinates":[[-87.8214,36.3496],[-87.829,36.349]]},"properties":{"name":"Unnamed Stream","layer":"nhd_perennial_streams","stream_type":"Perennial Stream","length_miles":null,"flow_direction":"","reach_code":""}},{"type":"Feature","geometry":{"type":"LineString","coordinates":[[-87.8534,36.3894],[-87.8696,36.393]]},"properties":{"name":"Unnamed Stream","layer":"nhd_perennial_streams","stream_type":"Perennial Stream","length_miles":null,"flow_direction":"","reach_code":""}},{"type":"Feature","geometry":{"type":"LineString","coordinates":[[-87.6518,36.4835],[-87.653,36.4843]]},"properties":{"name":"Unnamed Stream","layer":"nhd_perennial_streams","stream_type":"Perennial Stream","length_miles":null,"flow_direction":"","reach_code":""}},{"type":"Feature","geometry":{"type":"LineString","coordinates":[[-87.6956,36.5071],[-87.695,36.5017]]},"properties":{"name":"Unnamed Stream","layer":"nhd_perennial_streams","stream_type":"Perennial Stream","length_miles":null,"flow_direction":"","reach_code":""}},{"type":"Feature","geometry":{"type":"LineString","coordinates":[[-87.6582,36.4842],[-87.6596,36.4834]]},"properties":{"name":"Unnamed Stream","layer":"nhd_perennial_streams","stream_type":"Perennial Stream","length_miles":null,"flow_direction":"","reach_code":""}},{"type":"Feature","geometry":{"type":"LineString","coordinates":[[-87.725,36.4361],[-87.723,36.4373]]},"properties":{"name":"Unnamed Stream","layer":"nhd_perennial_streams","stream_type":"Perennial Stream","length_miles":null,"flow_direction":"","reach_code":""}},{"type":"Feature","geometry":{"type":"LineString","coordinates":[[-87.8826,36.4797],[-87.8828,36.4824]]},"properties":{"name":"Unnamed Stream","layer":"nhd_perennial_streams","stream_type":"Perennial Stream","length_miles":null,"flow_direction":"","reach_code":""}},{"type":"Feature","geometry":{"type":"LineString","coordinates":[[-87.754,36.3244],[-87.7549,36.3245]]},"properties":{"name":"Unnamed Stream","layer":"nhd_perennial_streams","stream_type":"Perennial Stream","length_miles":null,"flow_direction":"","reach_code":""}},{"type":"Feature","geometry":{"type":"LineString","coordinates":[[-87.7773,36.3179],[-87.7772,36.3258]]},"properties":{"name":"Unnamed Stream","layer":"nhd_perennial_streams","stream_type":"Perennial Stream","length_miles":null,"flow_direction":"","reach_code":""}},{"type":"Feature","geometry":{"type":"LineString","coordinates":[[-87.8037,36.3501],[-87.8066,36.3493]]},"properties":{"name":"Unnamed Stream","layer":"nhd_perennial_streams","stream_type":"Perennial Stream","length_miles":null,"flow_direction":"","reach_code":""}},{"type":"Feature","geometry":{"type":"LineString","coordinates":[[-87.8189,36.3377],[-87.822,36.3413],[-87.8214,36.3496]]},"properties":{"name":"Unnamed Stream","layer":"nhd_perennial_streams","stream_type":"Perennial Stream","length_miles":null,"flow_direction":"","reach_code":""}},{"type":"Feature","geometry":{"type":"LineString","coordinates":[[-87.6754,36.4775],[-87.679,36.4777]]},"properties":{"name":"Unnamed Stream","layer":"nhd_perennial_streams","stream_type":"Perennial Stream","length_miles":null,"flow_direction":"","reach_code":""}},{"type":"Feature","geometry":{"type":"LineString","coordinates":[[-87.806,36.3909],[-87.8026,36.398],[-87.805,36.4016]]},"properties":{"name":"Unnamed Stream","layer":"nhd_perennial_streams","stream_type":"Perennial Stream","length_miles":null,"flow_direction":"","reach_code":""}},{"type":"Feature","geometry":{"type":"LineString","coordinates":[[-87.8857,36.4584],[-87.8851,36.4599]]},"properties":{"name":"Unnamed Stream","layer":"nhd_perennial_streams","stream_type":"Perennial Stream","length_miles":null,"flow_direction":"","reach_code":""}},{"type":"Feature","geometry":{"type":"LineString","coordinates":[[-87.6955,36.5119],[-87.6958,36.5114]]},"properties":{"name":"Unnamed Stream","layer":"nhd_perennial_streams","stream_type":"Perennial Stream","length_miles":null,"flow_direction":"","reach_code":""}},{"type":"Feature","geometry":{"type":"LineString","coordinates":[[-87.9273,36.4539],[-87.9335,36.4487]]},"properties":{"name":"Unnamed Stream","layer":"nhd_perennial_streams","stream_type":"Perennial Stream","length_miles":null,"flow_direction":"","reach_code":""}},{"type":"Feature","geometry":{"type":"LineString","coordinates":[[-87.8815,36.416],[-87.8891,36.411]]},"properties":{"name":"Unnamed Stream","layer":"nhd_perennial_streams","stream_type":"Perennial Stream","length_miles":null,"flow_direction":"","reach_code":""}},{"type":"Feature","geometry":{"type":"LineString","coordinates":[[-87.5974,36.4832],[-87.5906,36.4858]]},"properties":{"name":"Unnamed Stream","layer":"nhd_perennial_streams","stream_type":"Perennial Stream","length_miles":null,"flow_direction":"","reach_code":""}},{"type":"Feature","geometry":{"type":"LineString","coordinates":[[-87.8278,36.393],[-87.8286,36.3953]]},"properties":{"name":"Unnamed Stream","layer":"nhd_perennial_streams","stream_type":"Perennial Stream","length_miles":null,"flow_direction":"","reach_code":""}},{"type":"Feature","geometry":{"type":"LineString","coordinates":[[-87.8431,36.4847],[-87.8364,36.4861]]},"properties":{"name":"Unnamed Stream","layer":"nhd_perennial_streams","stream_type":"Perennial Stream","length_miles":null,"flow_direction":"","reach_code":""}},{"type":"Feature","geometry":{"type":"LineString","coordinates":[[-87.8345,36.4012],[-87.833,36.4032]]},"properties":{"name":"Unnamed Stream","layer":"nhd_perennial_streams","stream_type":"Perennial Stream","length_miles":null,"flow_direction":"","reach_code":""}},{"type":"Feature","geometry":{"type":"LineString","coordinates":[[-87.8698,36.4556],[-87.8598,36.4594]]},"properties":{"name":"Unnamed Stream","layer":"nhd_perennial_streams","stream_type":"Perennial Stream","length_miles":null,"flow_direction":"","reach_code":""}},{"type":"Feature","geometry":{"type":"LineString","coordinates":[[-87.7982,36.3822],[-87.7945,36.3837]]},"properties":{"name":"Unnamed Stream","layer":"nhd_perennial_streams","stream_type":"Perennial Stream","length_miles":null,"flow_direction":"","reach_code":""}},{"type":"Feature","geometry":{"type":"LineString","coordinates":[[-87.785,36.3465],[-87.7921,36.3526]]},"properties":{"name":"Unnamed Stream","layer":"nhd_perennial_streams","stream_type":"Perennial Stream","length_miles":null,"flow_direction":"","reach_code":""}},{"type":"Feature","geometry":{"type":"LineString","coordinates":[[-87.833,36.4032],[-87.8301,36.4074]]},"properties":{"name":"Unnamed Stream","layer":"nhd_perennial_streams","stream_type":"Perennial Stream","length_miles":null,"flow_direction":"","reach_code":""}},{"type":"Feature","geometry":{"type":"LineString","coordinates":[[-87.8564,36.4195],[-87.8572,36.4311],[-87.8617,36.4349]]},"properties":{"name":"Unnamed Stream","layer":"nhd_perennial_streams","stream_type":"Perennial Stream","length_miles":null,"flow_direction":"","reach_code":""}},{"type":"Feature","geometry":{"type":"LineString","coordinates":[[-87.6631,36.3569],[-87.6636,36.3581]]},"properties":{"name":"Unnamed Stream","layer":"nhd_perennial_streams","stream_type":"Perennial Stream","length_miles":null,"flow_direction":"","reach_code":""}},{"type":"Feature","geometry":{"type":"LineString","coordinates":[[-87.7983,36.4609],[-87.7981,36.4612]]},"properties":{"name":"Unnamed Stream","layer":"nhd_perennial_streams","stream_type":"Perennial Stream","length_miles":null,"flow_direction":"","reach_code":""}},{"type":"Feature","geometry":{"type":"LineString","coordinates":[[-87.7548,36.3762],[-87.75,36.3803]]},"properties":{"name":"Unnamed Stream","layer":"nhd_perennial_streams","stream_type":"Perennial Stream","length_miles":null,"flow_direction":"","reach_code":""}},{"type":"Feature","geometry":{"type":"LineString","coordinates":[[-87.7207,36.5297],[-87.7251,36.5261]]},"properties":{"name":"Unnamed Stream","layer":"nhd_perennial_streams","stream_type":"Perennial Stream","length_miles":null,"flow_direction":"","reach_code":""}},{"type":"Feature","geometry":{"type":"LineString","coordinates":[[-87.617,36.4321],[-87.6119,36.4287]]},"properties":{"name":"Unnamed Stream","layer":"nhd_perennial_streams","stream_type":"Perennial Stream","length_miles":null,"flow_direction":"","reach_code":""}},{"type":"Feature","geometry":{"type":"LineString","coordinates":[[-87.6729,36.4392],[-87.6748,36.4383]]},"properties":{"name":"Unnamed Stream","layer":"nhd_perennial_streams","stream_type":"Perennial Stream","length_miles":null,"flow_direction":"","reach_code":""}},{"type":"Feature","geometry":{"type":"LineString","coordinates":[[-87.7805,36.3271],[-87.7898,36.3283]]},"properties":{"name":"Unnamed Stream","layer":"nhd_perennial_streams","stream_type":"Perennial Stream","length_miles":null,"flow_direction":"","reach_code":""}},{"type":"Feature","geometry":{"type":"LineString","coordinates":[[-87.7556,36.3294],[-87.7668,36.3217]]},"properties":{"name":"Unnamed Stream","layer":"nhd_perennial_streams","stream_type":"Perennial Stream","length_miles":null,"flow_direction":"","reach_code":""}},{"type":"Feature","geometry":{"type":"LineString","coordinates":[[-87.7563,36.4251],[-87.755,36.4329]]},"properties":{"name":"Unnamed Stream","layer":"nhd_perennial_streams","stream_type":"Perennial Stream","length_miles":null,"flow_direction":"","reach_code":""}},{"type":"Feature","geometry":{"type":"LineString","coordinates":[[-87.7345,36.3931],[-87.7339,36.3939]]},"properties":{"name":"Unnamed Stream","layer":"nhd_perennial_streams","stream_type":"Perennial Stream","length_miles":null,"flow_direction":"","reach_code":""}},{"type":"Feature","geometry":{"type":"LineString","coordinates":[[-87.7279,36.3958],[-87.726,36.3964]]},"properties":{"name":"Unnamed Stream","layer":"nhd_perennial_streams","stream_type":"Perennial Stream","length_miles":null,"flow_direction":"","reach_code":""}},{"type":"Feature","geometry":{"type":"LineString","coordinates":[[-87.8408,36.4104],[-87.8301,36.4074]]},"properties":{"name":"Unnamed Stream","layer":"nhd_perennial_streams","stream_type":"Perennial Stream","length_miles":null,"flow_direction":"","reach_code":""}},{"type":"Feature","geometry":{"type":"LineString","coordinates":[[-87.8379,36.479],[-87.823,36.485]]},"properties":{"name":"Unnamed Stream","layer":"nhd_perennial_streams","stream_type":"Perennial Stream","length_miles":null,"flow_direction":"","reach_code":""}},{"type":"Feature","geometry":{"type":"LineString","coordinates":[[-87.7776,36.3481],[-87.7868,36.353]]},"properties":{"name":"Unnamed Stream","layer":"nhd_perennial_streams","stream_type":"Perennial Stream","length_miles":null,"flow_direction":"","reach_code":""}},{"type":"Feature","geometry":{"type":"LineString","coordinates":[[-87.7691,36.3157],[-87.7691,36.3226]]},"properties":{"name":"Unnamed Stream","layer":"nhd_perennial_streams","stream_type":"Perennial Stream","length_miles":null,"flow_direction":"","reach_code":""}},{"type":"Feature","geometry":{"type":"LineString","coordinates":[[-87.666,36.3369],[-87.6672,36.3425]]},"properties":{"name":"Unnamed Stream","layer":"nhd_perennial_streams","stream_type":"Perennial Stream","length_miles":null,"flow_direction":"","reach_code":""}},{"type":"Feature","geometry":{"type":"LineString","coordinates":[[-87.8465,36.4458],[-87.8481,36.4519]]},"properties":{"name":"Unnamed Stream","layer":"nhd_perennial_streams","stream_type":"Perennial Stream","length_miles":null,"flow_direction":"","reach_code":""}},{"type":"Feature","geometry":{"type":"LineString","coordinates":[[-87.8593,36.4412],[-87.8554,36.4461]]},"properties":{"name":"Unnamed Stream","layer":"nhd_perennial_streams","stream_type":"Perennial Stream","length_miles":null,"flow_direction":"","reach_code":""}},{"type":"Feature","geometry":{"type":"LineString","coordinates":[[-87.7727,36.4419],[-87.769,36.4455]]},"properties":{"name":"Unnamed Stream","layer":"nhd_perennial_streams","stream_type":"Perennial Stream","length_miles":null,"flow_direction":"","reach_code":""}},{"type":"Feature","geometry":{"type":"LineString","coordinates":[[-87.726,36.3964],[-87.7258,36.3966]]},"properties":{"name":"Unnamed Stream","layer":"nhd_perennial_streams","stream_type":"Perennial Stream","length_miles":null,"flow_direction":"","reach_code":""}},{"type":"Feature","geometry":{"type":"LineString","coordinates":[[-87.6956,36.3736],[-87.6957,36.3751]]},"properties":{"name":"Unnamed Stream","layer":"nhd_perennial_streams","stream_type":"Perennial Stream","length_miles":null,"flow_direction":"","reach_code":""}},{"type":"Feature","geometry":{"type":"LineString","coordinates":[[-87.8658,36.4657],[-87.8469,36.4685]]},"properties":{"name":"Unnamed Stream","layer":"nhd_perennial_streams","stream_type":"Perennial Stream","length_miles":null,"flow_direction":"","reach_code":""}},{"type":"Feature","geometry":{"type":"LineString","coordinates":[[-87.7847,36.4472],[-87.8005,36.4556]]},"properties":{"name":"Unnamed Stream","layer":"nhd_perennial_streams","stream_type":"Perennial Stream","length_miles":null,"flow_direction":"","reach_code":""}},{"type":"Feature","geometry":{"type":"LineString","coordinates":[[-87.8098,36.4202],[-87.7999,36.4273]]},"properties":{"name":"Unnamed Stream","layer":"nhd_perennial_streams","stream_type":"Perennial Stream","length_miles":null,"flow_direction":"","reach_code":""}},{"type":"Feature","geometry":{"type":"LineString","coordinates":[[-87.7531,36.3969],[-87.75,36.3938]]},"properties":{"name":"Unnamed Stream","layer":"nhd_perennial_streams","stream_type":"Perennial Stream","length_miles":null,"flow_direction":"","reach_code":""}},{"type":"Feature","geometry":{"type":"LineString","coordinates":[[-87.7813,36.4048],[-87.7764,36.4102],[-87.7656,36.4105]]},"properties":{"name":"Unnamed Stream","layer":"nhd_perennial_streams","stream_type":"Perennial Stream","length_miles":null,"flow_direction":"","reach_code":""}},{"type":"Feature","geometry":{"type":"LineString","coordinates":[[-87.8522,36.3564],[-87.8555,36.3456]]},"properties":{"name":"Unnamed Stream","layer":"nhd_perennial_streams","stream_type":"Perennial Stream","length_miles":null,"flow_direction":"","reach_code":""}},{"type":"Feature","geometry":{"type":"LineString","coordinates":[[-87.8514,36.3732],[-87.8607,36.3656]]},"properties":{"name":"Unnamed Stream","layer":"nhd_perennial_streams","stream_type":"Perennial Stream","length_miles":null,"flow_direction":"","reach_code":""}},{"type":"Feature","geometry":{"type":"LineString","coordinates":[[-87.6819,36.4787],[-87.6838,36.4793]]},"properties":{"name":"Unnamed Stream","layer":"nhd_perennial_streams","stream_type":"Perennial Stream","length_miles":null,"flow_direction":"","reach_code":""}},{"type":"Feature","geometry":{"type":"LineString","coordinates":[[-87.763,36.5797],[-87.764,36.5791]]},"properties":{"name":"Unnamed Stream","layer":"nhd_perennial_streams","stream_type":"Perennial Stream","length_miles":null,"flow_direction":"","reach_code":""}},{"type":"Feature","geometry":{"type":"LineString","coordinates":[[-87.5947,36.5035],[-87.5925,36.5003]]},"properties":{"name":"Unnamed Stream","layer":"nhd_perennial_streams","stream_type":"Perennial Stream","length_miles":null,"flow_direction":"","reach_code":""}},{"type":"Feature","geometry":{"type":"LineString","coordinates":[[-87.8429,36.3935],[-87.8357,36.397]]},"properties":{"name":"Unnamed Stream","layer":"nhd_perennial_streams","stream_type":"Perennial Stream","length_miles":null,"flow_direction":"","reach_code":""}},{"type":"Feature","geometry":{"type":"LineString","coordinates":[[-87.8354,36.355],[-87.8365,36.349]]},"properties":{"name":"Unnamed Stream","layer":"nhd_perennial_streams","stream_type":"Perennial Stream","length_miles":null,"flow_direction":"","reach_code":""}},{"type":"Feature","geometry":{"type":"LineString","coordinates":[[-87.8996,36.392],[-87.902,36.3924]]},"properties":{"name":"Unnamed Stream","layer":"nhd_perennial_streams","stream_type":"Perennial Stream","length_miles":null,"flow_direction":"","reach_code":""}},{"type":"Feature","geometry":{"type":"LineString","coordinates":[[-87.8782,36.4261],[-87.8874,36.4211]]},"properties":{"name":"Unnamed Stream","layer":"nhd_perennial_streams","stream_type":"Perennial Stream","length_miles":null,"flow_direction":"","reach_code":""}},{"type":"Feature","geometry":{"type":"LineString","coordinates":[[-87.7087,36.4126],[-87.706,36.4144]]},"properties":{"name":"Unnamed Stream","layer":"nhd_perennial_streams","stream_type":"Perennial Stream","length_miles":null,"flow_direction":"","reach_code":""}},{"type":"Feature","geometry":{"type":"LineString","coordinates":[[-87.6869,36.3317],[-87.6807,36.3325]]},"properties":{"name":"Unnamed Stream","layer":"nhd_perennial_streams","stream_type":"Perennial Stream","length_miles":null,"flow_direction":"","reach_code":""}},{"type":"Feature","geometry":{"type":"LineString","coordinates":[[-87.6678,36.3306],[-87.666,36.3369]]},"properties":{"name":"Unnamed Stream","layer":"nhd_perennial_streams","stream_type":"Perennial Stream","length_miles":null,"flow_direction":"","reach_code":""}},{"type":"Feature","geometry":{"type":"LineString","coordinates":[[-87.7804,36.4521],[-87.7732,36.454]]},"properties":{"name":"Unnamed Stream","layer":"nhd_perennial_streams","stream_type":"Perennial Stream","length_miles":null,"flow_direction":"","reach_code":""}},{"type":"Feature","geometry":{"type":"LineString","coordinates":[[-87.776,36.4346],[-87.7669,36.4324],[-87.7603,36.4345]]},"properties":{"name":"Unnamed Stream","layer":"nhd_perennial_streams","stream_type":"Perennial Stream","length_miles":null,"flow_direction":"","reach_code":""}},{"type":"Feature","geometry":{"type":"LineString","coordinates":[[-87.7894,36.4082],[-87.7866,36.4104],[-87.7999,36.4273]]},"properties":{"name":"Unnamed Stream","layer":"nhd_perennial_streams","stream_type":"Perennial Stream","length_miles":null,"flow_direction":"","reach_code":""}},{"type":"Feature","geometry":{"type":"LineString","coordinates":[[-87.8157,36.4157],[-87.8137,36.4175]]},"properties":{"name":"Unnamed Stream","layer":"nhd_perennial_streams","stream_type":"Perennial Stream","length_miles":null,"flow_direction":"","reach_code":""}},{"type":"Feature","geometry":{"type":"LineString","coordinates":[[-87.75,36.4244],[-87.7562,36.4245]]},"properties":{"name":"Unnamed Stream","layer":"nhd_perennial_streams","stream_type":"Perennial Stream","length_miles":null,"flow_direction":"","reach_code":""}},{"type":"Feature","geometry":{"type":"LineString","coordinates":[[-87.7322,36.5226],[-87.7354,36.5195]]},"properties":{"name":"Unnamed Stream","layer":"nhd_perennial_streams","stream_type":"Perennial Stream","length_miles":null,"flow_direction":"","reach_code":""}},{"type":"Feature","geometry":{"type":"LineString","coordinates":[[-87.8066,36.4717],[-87.8005,36.4738]]},"properties":{"name":"Unnamed Stream","layer":"nhd_perennial_streams","stream_type":"Perennial Stream","length_miles":null,"flow_direction":"","reach_code":""}},{"type":"Feature","geometry":{"type":"LineString","coordinates":[[-87.8525,36.475],[-87.8472,36.4782],[-87.8522,36.4847]]},"properties":{"name":"Unnamed Stream","layer":"nhd_perennial_streams","stream_type":"Perennial Stream","length_miles":null,"flow_direction":"","reach_code":""}},{"type":"Feature","geometry":{"type":"LineString","coordinates":[[-87.7322,36.5229],[-87.7322,36.5226]]},"properties":{"name":"Unnamed Stream","layer":"nhd_perennial_streams","stream_type":"Perennial Stream","length_miles":null,"flow_direction":"","reach_code":""}},{"type":"Feature","geometry":{"type":"LineString","coordinates":[[-87.846,36.3457],[-87.846,36.3457]]},"properties":{"name":"Unnamed Stream","layer":"nhd_perennial_streams","stream_type":"Perennial Stream","length_miles":null,"flow_direction":"","reach_code":""}},{"type":"Feature","geometry":{"type":"LineString","coordinates":[[-87.7164,36.3451],[-87.7123,36.3456]]},"properties":{"name":"Unnamed Stream","layer":"nhd_perennial_streams","stream_type":"Perennial Stream","length_miles":null,"flow_direction":"","reach_code":""}},{"type":"Feature","geometry":{"type":"LineString","coordinates":[[-87.8146,36.5285],[-87.8192,36.5274]]},"properties":{"name":"Unnamed Stream","layer":"nhd_perennial_streams","stream_type":"Perennial Stream","length_miles":null,"flow_direction":"","reach_code":""}},{"type":"Feature","geometry":{"type":"LineString","coordinates":[[-87.8177,36.4633],[-87.8285,36.4632]]},"properties":{"name":"Unnamed Stream","layer":"nhd_perennial_streams","stream_type":"Perennial Stream","length_miles":null,"flow_direction":"","reach_code":""}},{"type":"Feature","geometry":{"type":"LineString","coordinates":[[-87.8013,36.4673],[-87.8015,36.4685]]},"properties":{"name":"Unnamed Stream","layer":"nhd_perennial_streams","stream_type":"Perennial Stream","length_miles":null,"flow_direction":"","reach_code":""}},{"type":"Feature","geometry":{"type":"LineString","coordinates":[[-87.8214,36.4213],[-87.8172,36.4169],[-87.8137,36.4175]]},"properties":{"name":"Unnamed Stream","layer":"nhd_perennial_streams","stream_type":"Perennial Stream","length_miles":null,"flow_direction":"","reach_code":""}},{"type":"Feature","geometry":{"type":"LineString","coordinates":[[-87.6631,36.3552],[-87.6631,36.3569]]},"properties":{"name":"Unnamed Stream","layer":"nhd_perennial_streams","stream_type":"Perennial Stream","length_miles":null,"flow_direction":"","reach_code":""}},{"type":"Feature","geometry":{"type":"LineString","coordinates":[[-87.6596,36.4834],[-87.6599,36.4832]]},"properties":{"name":"Unnamed Stream","layer":"nhd_perennial_streams","stream_type":"Perennial Stream","length_miles":null,"flow_direction":"","reach_code":""}},{"type":"Feature","geometry":{"type":"LineString","coordinates":[[-87.7684,36.3304],[-87.7775,36.3259]]},"properties":{"name":"Unnamed Stream","layer":"nhd_perennial_streams","stream_type":"Perennial Stream","length_miles":null,"flow_direction":"","reach_code":""}},{"type":"Feature","geometry":{"type":"LineString","coordinates":[[-87.7281,36.3888],[-87.726,36.3964]]},"properties":{"name":"Unnamed Stream","layer":"nhd_perennial_streams","stream_type":"Perennial Stream","length_miles":null,"flow_direction":"","reach_code":""}},{"type":"Feature","geometry":{"type":"LineString","coordinates":[[-87.7277,36.5247],[-87.7322,36.5229]]},"properties":{"name":"Unnamed Stream","layer":"nhd_perennial_streams","stream_type":"Perennial Stream","length_miles":null,"flow_direction":"","reach_code":""}},{"type":"Feature","geometry":{"type":"LineString","coordinates":[[-87.755,36.3903],[-87.75,36.3929]]},"properties":{"name":"Unnamed Stream","layer":"nhd_perennial_streams","stream_type":"Perennial Stream","length_miles":null,"flow_direction":"","reach_code":""}},{"type":"Feature","geometry":{"type":"LineString","coordinates":[[-87.7781,36.5608],[-87.781,36.5589]]},"properties":{"name":"Unnamed Stream","layer":"nhd_perennial_streams","stream_type":"Perennial Stream","length_miles":null,"flow_direction":"","reach_code":""}},{"type":"Feature","geometry":{"type":"LineString","coordinates":[[-87.6804,36.3452],[-87.671,36.3456]]},"properties":{"name":"Unnamed Stream","layer":"nhd_perennial_streams","stream_type":"Perennial Stream","length_miles":null,"flow_direction":"","reach_code":""}},{"type":"Feature","geometry":{"type":"LineString","coordinates":[[-87.645,36.4674],[-87.6501,36.4688]]},"properties":{"name":"Unnamed Stream","layer":"nhd_perennial_streams","stream_type":"Perennial Stream","length_miles":null,"flow_direction":"","reach_code":""}},{"type":"Feature","geometry":{"type":"LineString","coordinates":[[-87.8122,36.3894],[-87.8065,36.3837]]},"properties":{"name":"Unnamed Stream","layer":"nhd_perennial_streams","stream_type":"Perennial Stream","length_miles":null,"flow_direction":"","reach_code":""}},{"type":"Feature","geometry":{"type":"LineString","coordinates":[[-87.8831,36.4466],[-87.8728,36.4505],[-87.862,36.4479]]},"properties":{"name":"Unnamed Stream","layer":"nhd_perennial_streams","stream_type":"Perennial Stream","length_miles":null,"flow_direction":"","reach_code":""}},{"type":"Feature","geometry":{"type":"LineString","coordinates":[[-87.7223,36.3424],[-87.7166,36.345]]},"properties":{"name":"Unnamed Stream","layer":"nhd_perennial_streams","stream_type":"Perennial Stream","length_miles":null,"flow_direction":"","reach_code":""}},{"type":"Feature","geometry":{"type":"LineString","coordinates":[[-87.75,36.4418],[-87.7526,36.443]]},"properties":{"name":"Unnamed Stream","layer":"nhd_perennial_streams","stream_type":"Perennial Stream","length_miles":null,"flow_direction":"","reach_code":""}},{"type":"Feature","geometry":{"type":"LineString","coordinates":[[-87.7549,36.3245],[-87.762,36.322]]},"properties":{"name":"Unnamed Stream","layer":"nhd_perennial_streams","stream_type":"Perennial Stream","length_miles":null,"flow_direction":"","reach_code":""}},{"type":"Feature","geometry":{"type":"LineString","coordinates":[[-87.9032,36.4325],[-87.9001,36.4274]]},"properties":{"name":"Unnamed Stream","layer":"nhd_perennial_streams","stream_type":"Perennial Stream","length_miles":null,"flow_direction":"","reach_code":""}},{"type":"Feature","geometry":{"type":"LineString","coordinates":[[-87.8047,36.3394],[-87.8122,36.3439]]},"properties":{"name":"Unnamed Stream","layer":"nhd_perennial_streams","stream_type":"Perennial Stream","length_miles":null,"flow_direction":"","reach_code":""}},{"type":"Feature","geometry":{"type":"LineString","coordinates":[[-87.7424,36.5166],[-87.7459,36.5144]]},"properties":{"name":"Unnamed Stream","layer":"nhd_perennial_streams","stream_type":"Perennial Stream","length_miles":null,"flow_direction":"","reach_code":""}},{"type":"Feature","geometry":{"type":"LineString","coordinates":[[-87.6958,36.4979],[-87.6964,36.4978]]},"properties":{"name":"Unnamed Stream","layer":"nhd_perennial_streams","stream_type":"Perennial Stream","length_miles":null,"flow_direction":"","reach_code":""}},{"type":"Feature","geometry":{"type":"LineString","coordinates":[[-87.6785,36.4984],[-87.6824,36.4982]]},"properties":{"name":"Unnamed Stream","layer":"nhd_perennial_streams","stream_type":"Perennial Stream","length_miles":null,"flow_direction":"","reach_code":""}},{"type":"Feature","geometry":{"type":"LineString","coordinates":[[-87.7629,36.3503],[-87.7568,36.3559]]},"properties":{"name":"Unnamed Stream","layer":"nhd_perennial_streams","stream_type":"Perennial Stream","length_miles":null,"flow_direction":"","reach_code":""}},{"type":"Feature","geometry":{"type":"LineString","coordinates":[[-87.7105,36.4715],[-87.7153,36.4711]]},"properties":{"name":"Unnamed Stream","layer":"nhd_perennial_streams","stream_type":"Perennial Stream","length_miles":null,"flow_direction":"","reach_code":""}},{"type":"Feature","geometry":{"type":"LineString","coordinates":[[-87.8801,36.3671],[-87.8872,36.367]]},"properties":{"name":"Unnamed Stream","layer":"nhd_perennial_streams","stream_type":"Perennial Stream","length_miles":null,"flow_direction":"","reach_code":""}},{"type":"Feature","geometry":{"type":"LineString","coordinates":[[-87.8356,36.4612],[-87.8343,36.4665]]},"properties":{"name":"Unnamed Stream","layer":"nhd_perennial_streams","stream_type":"Perennial Stream","length_miles":null,"flow_direction":"","reach_code":""}},{"type":"Feature","geometry":{"type":"LineString","coordinates":[[-87.7669,36.4044],[-87.7649,36.4091]]},"properties":{"name":"Unnamed Stream","layer":"nhd_perennial_streams","stream_type":"Perennial Stream","length_miles":null,"flow_direction":"","reach_code":""}},{"type":"Feature","geometry":{"type":"LineString","coordinates":[[-87.8027,36.3757],[-87.7982,36.3822]]},"properties":{"name":"Unnamed Stream","layer":"nhd_perennial_streams","stream_type":"Perennial Stream","length_miles":null,"flow_direction":"","reach_code":""}},{"type":"Feature","geometry":{"type":"LineString","coordinates":[[-87.613,36.4883],[-87.6062,36.4872]]},"properties":{"name":"Unnamed Stream","layer":"nhd_perennial_streams","stream_type":"Perennial Stream","length_miles":null,"flow_direction":"","reach_code":""}},{"type":"Feature","geometry":{"type":"LineString","coordinates":[[-87.5972,36.3851],[-87.6046,36.3933]]},"properties":{"name":"Unnamed Stream","layer":"nhd_perennial_streams","stream_type":"Perennial Stream","length_miles":null,"flow_direction":"","reach_code":""}},{"type":"Feature","geometry":{"type":"LineString","coordinates":[[-87.8239,36.4387],[-87.8335,36.4367]]},"properties":{"name":"Unnamed Stream","layer":"nhd_perennial_streams","stream_type":"Perennial Stream","length_miles":null,"flow_direction":"","reach_code":""}},{"type":"Feature","geometry":{"type":"LineString","coordinates":[[-87.8141,36.3388],[-87.8122,36.3439]]},"properties":{"name":"Unnamed Stream","layer":"nhd_perennial_streams","stream_type":"Perennial Stream","length_miles":null,"flow_direction":"","reach_code":""}},{"type":"Feature","geometry":{"type":"LineString","coordinates":[[-87.8467,36.5836],[-87.8503,36.588]]},"properties":{"name":"Unnamed Stream","layer":"nhd_perennial_streams","stream_type":"Perennial Stream","length_miles":null,"flow_direction":"","reach_code":""}},{"type":"Feature","geometry":{"type":"LineString","coordinates":[[-87.6061,36.5028],[-87.6008,36.5043]]},"properties":{"name":"Unnamed Stream","layer":"nhd_perennial_streams","stream_type":"Perennial Stream","length_miles":null,"flow_direction":"","reach_code":""}},{"type":"Feature","geometry":{"type":"LineString","coordinates":[[-87.8104,36.3937],[-87.805,36.4016]]},"properties":{"name":"Unnamed Stream","layer":"nhd_perennial_streams","stream_type":"Perennial Stream","length_miles":null,"flow_direction":"","reach_code":""}},{"type":"Feature","geometry":{"type":"LineString","coordinates":[[-87.7613,36.46],[-87.7526,36.4552]]},"properties":{"name":"Unnamed Stream","layer":"nhd_perennial_streams","stream_type":"Perennial Stream","length_miles":null,"flow_direction":"","reach_code":""}},{"type":"Feature","geometry":{"type":"LineString","coordinates":[[-87.6658,36.4822],[-87.6666,36.482]]},"properties":{"name":"Unnamed Stream","layer":"nhd_perennial_streams","stream_type":"Perennial Stream","length_miles":null,"flow_direction":"","reach_code":""}},{"type":"Feature","geometry":{"type":"LineString","coordinates":[[-87.8777,36.4391],[-87.88,36.4382],[-87.8647,36.4398]]},"properties":{"name":"Unnamed Stream","layer":"nhd_perennial_streams","stream_type":"Perennial Stream","length_miles":null,"flow_direction":"","reach_code":""}},{"type":"Feature","geometry":{"type":"LineString","coordinates":[[-87.6704,36.5865],[-87.6691,36.5874]]},"properties":{"name":"Unnamed Stream","layer":"nhd_perennial_streams","stream_type":"Perennial Stream","length_miles":null,"flow_direction":"","reach_code":""}},{"type":"Feature","geometry":{"type":"LineString","coordinates":[[-87.692,36.5273],[-87.6923,36.5187]]},"properties":{"name":"Unnamed Stream","layer":"nhd_perennial_streams","stream_type":"Perennial Stream","length_miles":null,"flow_direction":"","reach_code":""}},{"type":"Feature","geometry":{"type":"LineString","coordinates":[[-87.6341,36.3536],[-87.6354,36.355]]},"properties":{"name":"Unnamed Stream","layer":"nhd_perennial_streams","stream_type":"Perennial Stream","length_miles":null,"flow_direction":"","reach_code":""}},{"type":"Feature","geometry":{"type":"LineString","coordinates":[[-87.8954,36.4544],[-87.9068,36.4648]]},"properties":{"name":"Unnamed Stream","layer":"nhd_perennial_streams","stream_type":"Perennial Stream","length_miles":null,"flow_direction":"","reach_code":""}},{"type":"Feature","geometry":{"type":"LineString","coordinates":[[-87.9054,36.4759],[-87.9026,36.4776]]},"properties":{"name":"Unnamed Stream","layer":"nhd_perennial_streams","stream_type":"Perennial Stream","length_miles":null,"flow_direction":"","reach_code":""}},{"type":"Feature","geometry":{"type":"LineString","coordinates":[[-87.7198,36.416],[-87.7072,36.4155]]},"properties":{"name":"Unnamed Stream","layer":"nhd_perennial_streams","stream_type":"Perennial Stream","length_miles":null,"flow_direction":"","reach_code":""}},{"type":"Feature","geometry":{"type":"LineString","coordinates":[[-87.9243,36.4772],[-87.925,36.4737],[-87.9164,36.4713]]},"properties":{"name":"Unnamed Stream","layer":"nhd_perennial_streams","stream_type":"Perennial Stream","length_miles":null,"flow_direction":"","reach_code":""}},{"type":"Feature","geometry":{"type":"LineString","coordinates":[[-87.6726,36.4391],[-87.6729,36.4392]]},"properties":{"name":"Unnamed Stream","layer":"nhd_perennial_streams","stream_type":"Perennial Stream","length_miles":null,"flow_direction":"","reach_code":""}},{"type":"Feature","geometry":{"type":"LineString","coordinates":[[-87.6278,36.4354],[-87.6245,36.4333]]},"properties":{"name":"Unnamed Stream","layer":"nhd_perennial_streams","stream_type":"Perennial Stream","length_miles":null,"flow_direction":"","reach_code":""}},{"type":"Feature","geometry":{"type":"LineString","coordinates":[[-87.7668,36.3217],[-87.7691,36.3226]]},"properties":{"name":"Unnamed Stream","layer":"nhd_perennial_streams","stream_type":"Perennial Stream","length_miles":null,"flow_direction":"","reach_code":""}},{"type":"Feature","geometry":{"type":"LineString","coordinates":[[-87.8577,36.386],[-87.8583,36.3825]]},"properties":{"name":"Unnamed Stream","layer":"nhd_perennial_streams","stream_type":"Perennial Stream","length_miles":null,"flow_direction":"","reach_code":""}},{"type":"Feature","geometry":{"type":"LineString","coordinates":[[-87.7339,36.3939],[-87.7215,36.3986]]},"properties":{"name":"Unnamed Stream","layer":"nhd_perennial_streams","stream_type":"Perennial Stream","length_miles":null,"flow_direction":"","reach_code":""}},{"type":"Feature","geometry":{"type":"LineString","coordinates":[[-87.8192,36.5274],[-87.8206,36.5263]]},"properties":{"name":"Unnamed Stream","layer":"nhd_perennial_streams","stream_type":"Perennial Stream","length_miles":null,"flow_direction":"","reach_code":""}},{"type":"Feature","geometry":{"type":"LineString","coordinates":[[-87.8708,36.4685],[-87.8586,36.4762]]},"properties":{"name":"Unnamed Stream","layer":"nhd_perennial_streams","stream_type":"Perennial Stream","length_miles":null,"flow_direction":"","reach_code":""}},{"type":"Feature","geometry":{"type":"LineString","coordinates":[[-87.6874,36.3316],[-87.6869,36.3317]]},"properties":{"name":"Unnamed Stream","layer":"nhd_perennial_streams","stream_type":"Perennial Stream","length_miles":null,"flow_direction":"","reach_code":""}},{"type":"Feature","geometry":{"type":"LineString","coordinates":[[-87.8446,36.3656],[-87.8607,36.3656]]},"properties":{"name":"Unnamed Stream","layer":"nhd_perennial_streams","stream_type":"Perennial Stream","length_miles":null,"flow_direction":"","reach_code":""}},{"type":"Feature","geometry":{"type":"LineString","coordinates":[[-87.7738,36.3454],[-87.7776,36.3481]]},"properties":{"name":"Unnamed Stream","layer":"nhd_perennial_streams","stream_type":"Perennial Stream","length_miles":null,"flow_direction":"","reach_code":""}},{"type":"Feature","geometry":{"type":"LineString","coordinates":[[-87.6824,36.4982],[-87.6904,36.4992]]},"properties":{"name":"Unnamed Stream","layer":"nhd_perennial_streams","stream_type":"Perennial Stream","length_miles":null,"flow_direction":"","reach_code":""}},{"type":"Feature","geometry":{"type":"LineString","coordinates":[[-87.7861,36.5542],[-87.7869,36.5508]]},"properties":{"name":"Unnamed Stream","layer":"nhd_perennial_streams","stream_type":"Perennial Stream","length_miles":null,"flow_direction":"","reach_code":""}},{"type":"Feature","geometry":{"type":"LineString","coordinates":[[-87.6718,36.3356],[-87.666,36.3369]]},"properties":{"name":"Unnamed Stream","layer":"nhd_perennial_streams","stream_type":"Perennial Stream","length_miles":null,"flow_direction":"","reach_code":""}},{"type":"Feature","geometry":{"type":"LineString","coordinates":[[-87.8254,36.4143],[-87.8212,36.4125]]},"properties":{"name":"Unnamed Stream","layer":"nhd_perennial_streams","stream_type":"Perennial Stream","length_miles":null,"flow_direction":"","reach_code":""}},{"type":"Feature","geometry":{"type":"LineString","coordinates":[[-87.7772,36.3258],[-87.7775,36.3259]]},"properties":{"name":"Unnamed Stream","layer":"nhd_perennial_streams","stream_type":"Perennial Stream","length_miles":null,"flow_direction":"","reach_code":""}},{"type":"Feature","geometry":{"type":"LineString","coordinates":[[-87.8628,36.419],[-87.869,36.4139]]},"properties":{"name":"Unnamed Stream","layer":"nhd_perennial_streams","stream_type":"Perennial Stream","length_miles":null,"flow_direction":"","reach_code":""}},{"type":"Feature","geometry":{"type":"LineString","coordinates":[[-87.8673,36.3741],[-87.8727,36.3762]]},"properties":{"name":"Unnamed Stream","layer":"nhd_perennial_streams","stream_type":"Perennial Stream","length_miles":null,"flow_direction":"","reach_code":""}},{"type":"Feature","geometry":{"type":"LineString","coordinates":[[-87.8743,36.3865],[-87.8779,36.3942]]},"properties":{"name":"Unnamed Stream","layer":"nhd_perennial_streams","stream_type":"Perennial Stream","length_miles":null,"flow_direction":"","reach_code":""}},{"type":"Feature","geometry":{"type":"LineString","coordinates":[[-87.7276,36.3869],[-87.7281,36.3888]]},"properties":{"name":"Unnamed Stream","layer":"nhd_perennial_streams","stream_type":"Perennial Stream","length_miles":null,"flow_direction":"","reach_code":""}},{"type":"Feature","geometry":{"type":"LineString","coordinates":[[-87.7768,36.3836],[-87.7691,36.389]]},"properties":{"name":"Unnamed Stream","layer":"nhd_perennial_streams","stream_type":"Perennial Stream","length_miles":null,"flow_direction":"","reach_code":""}},{"type":"Feature","geometry":{"type":"LineString","coordinates":[[-87.7573,36.42],[-87.7563,36.4221]]},"properties":{"name":"Unnamed Stream","layer":"nhd_perennial_streams","stream_type":"Perennial Stream","length_miles":null,"flow_direction":"","reach_code":""}},{"type":"Feature","geometry":{"type":"LineString","coordinates":[[-87.7548,36.402],[-87.7649,36.4091]]},"properties":{"name":"Unnamed Stream","layer":"nhd_perennial_streams","stream_type":"Perennial Stream","length_miles":null,"flow_direction":"","reach_code":""}},{"type":"Feature","geometry":{"type":"LineString","coordinates":[[-87.7999,36.4273],[-87.7998,36.4298]]},"properties":{"name":"Unnamed Stream","layer":"nhd_perennial_streams","stream_type":"Perennial Stream","length_miles":null,"flow_direction":"","reach_code":""}},{"type":"Feature","geometry":{"type":"LineString","coordinates":[[-87.8565,36.4788],[-87.8522,36.4847]]},"properties":{"name":"Unnamed Stream","layer":"nhd_perennial_streams","stream_type":"Perennial Stream","length_miles":null,"flow_direction":"","reach_code":""}},{"type":"Feature","geometry":{"type":"LineString","coordinates":[[-87.8411,36.405],[-87.833,36.4032]]},"properties":{"name":"Unnamed Stream","layer":"nhd_perennial_streams","stream_type":"Perennial Stream","length_miles":null,"flow_direction":"","reach_code":""}},{"type":"Feature","geometry":{"type":"LineString","coordinates":[[-87.8022,36.4685],[-87.8015,36.4685]]},"properties":{"name":"Unnamed Stream","layer":"nhd_perennial_streams","stream_type":"Perennial Stream","length_miles":null,"flow_direction":"","reach_code":""}},{"type":"Feature","geometry":{"type":"LineString","coordinates":[[-87.8774,36.4954],[-87.8703,36.4927]]},"properties":{"name":"Unnamed Stream","layer":"nhd_perennial_streams","stream_type":"Perennial Stream","length_miles":null,"flow_direction":"","reach_code":""}},{"type":"Feature","geometry":{"type":"LineString","coordinates":[[-87.8795,36.3857],[-87.8861,36.3888]]},"properties":{"name":"Unnamed Stream","layer":"nhd_perennial_streams","stream_type":"Perennial Stream","length_miles":null,"flow_direction":"","reach_code":""}},{"type":"Feature","geometry":{"type":"LineString","coordinates":[[-87.7546,36.3345],[-87.7605,36.3396]]},"properties":{"name":"Unnamed Stream","layer":"nhd_perennial_streams","stream_type":"Perennial Stream","length_miles":null,"flow_direction":"","reach_code":""}},{"type":"Feature","geometry":{"type":"LineString","coordinates":[[-87.6393,36.3549],[-87.6403,36.3554]]},"properties":{"name":"Unnamed Stream","layer":"nhd_perennial_streams","stream_type":"Perennial Stream","length_miles":null,"flow_direction":"","reach_code":""}},{"type":"Feature","geometry":{"type":"LineString","coordinates":[[-87.6363,36.449],[-87.6386,36.4462]]},"properties":{"name":"Unnamed Stream","layer":"nhd_perennial_streams","stream_type":"Perennial Stream","length_miles":null,"flow_direction":"","reach_code":""}},{"type":"Feature","geometry":{"type":"LineString","coordinates":[[-87.6506,36.3765],[-87.6508,36.3763]]},"properties":{"name":"Unnamed Stream","layer":"nhd_perennial_streams","stream_type":"Perennial Stream","length_miles":null,"flow_direction":"","reach_code":""}},{"type":"Feature","geometry":{"type":"LineString","coordinates":[[-87.7945,36.3837],[-87.7895,36.3842]]},"properties":{"name":"Unnamed Stream","layer":"nhd_perennial_streams","stream_type":"Perennial Stream","length_miles":null,"flow_direction":"","reach_code":""}},{"type":"Feature","geometry":{"type":"LineString","coordinates":[[-87.7143,36.4035],[-87.7126,36.4069]]},"properties":{"name":"Unnamed Stream","layer":"nhd_perennial_streams","stream_type":"Perennial Stream","length_miles":null,"flow_direction":"","reach_code":""}},{"type":"Feature","geometry":{"type":"LineString","coordinates":[[-87.8972,36.3811],[-87.8976,36.3871]]},"properties":{"name":"Unnamed Stream","layer":"nhd_perennial_streams","stream_type":"Perennial Stream","length_miles":null,"flow_direction":"","reach_code":""}},{"type":"Feature","geometry":{"type":"LineString","coordinates":[[-87.8174,36.3939],[-87.8286,36.3953]]},"properties":{"name":"Unnamed Stream","layer":"nhd_perennial_streams","stream_type":"Perennial Stream","length_miles":null,"flow_direction":"","reach_code":""}},{"type":"Feature","geometry":{"type":"LineString","coordinates":[[-87.6966,36.3456],[-87.6946,36.3465]]},"properties":{"name":"Unnamed Stream","layer":"nhd_perennial_streams","stream_type":"Perennial Stream","length_miles":null,"flow_direction":"","reach_code":""}},{"type":"Feature","geometry":{"type":"LineString","coordinates":[[-87.7873,36.4623],[-87.794,36.4606]]},"properties":{"name":"Unnamed Stream","layer":"nhd_perennial_streams","stream_type":"Perennial Stream","length_miles":null,"flow_direction":"","reach_code":""}},{"type":"Feature","geometry":{"type":"LineString","coordinates":[[-87.9106,36.4027],[-87.9152,36.401]]},"properties":{"name":"Unnamed Stream","layer":"nhd_perennial_streams","stream_type":"Perennial Stream","length_miles":null,"flow_direction":"","reach_code":""}},{"type":"Feature","geometry":{"type":"LineString","coordinates":[[-87.7548,36.3296],[-87.7553,36.3295]]},"properties":{"name":"Unnamed Stream","layer":"nhd_perennial_streams","stream_type":"Perennial Stream","length_miles":null,"flow_direction":"","reach_code":""}},{"type":"Feature","geometry":{"type":"LineString","coordinates":[[-87.9246,36.4641],[-87.9164,36.4713]]},"properties":{"name":"Unnamed Stream","layer":"nhd_perennial_streams","stream_type":"Perennial Stream","length_miles":null,"flow_direction":"","reach_code":""}},{"type":"Feature","geometry":{"type":"LineString","coordinates":[[-87.5925,36.5003],[-87.5921,36.4996]]},"properties":{"name":"Unnamed Stream","layer":"nhd_perennial_streams","stream_type":"Perennial Stream","length_miles":null,"flow_direction":"","reach_code":""}},{"type":"Feature","geometry":{"type":"LineString","coordinates":[[-87.6659,36.3464],[-87.6671,36.3481]]},"properties":{"name":"Unnamed Stream","layer":"nhd_perennial_streams","stream_type":"Perennial Stream","length_miles":null,"flow_direction":"","reach_code":""}},{"type":"Feature","geometry":{"type":"LineString","coordinates":[[-87.6408,36.4824],[-87.6438,36.4837]]},"properties":{"name":"Unnamed Stream","layer":"nhd_perennial_streams","stream_type":"Perennial Stream","length_miles":null,"flow_direction":"","reach_code":""}},{"type":"Feature","geometry":{"type":"LineString","coordinates":[[-87.771,36.3432],[-87.7738,36.3454]]},"properties":{"name":"Unnamed Stream","layer":"nhd_perennial_streams","stream_type":"Perennial Stream","length_miles":null,"flow_direction":"","reach_code":""}},{"type":"Feature","geometry":{"type":"LineString","coordinates":[[-87.869,36.4139],[-87.8788,36.4102],[-87.8891,36.411]]},"properties":{"name":"Unnamed Stream","layer":"nhd_perennial_streams","stream_type":"Perennial Stream","length_miles":null,"flow_direction":"","reach_code":""}},{"type":"Feature","geometry":{"type":"LineString","coordinates":[[-87.8823,36.4647],[-87.8844,36.4707]]},"properties":{"name":"Unnamed Stream","layer":"nhd_perennial_streams","stream_type":"Perennial Stream","length_miles":null,"flow_direction":"","reach_code":""}},{"type":"Feature","geometry":{"type":"LineString","coordinates":[[-87.6658,36.3499],[-87.6673,36.3513]]},"properties":{"name":"Unnamed Stream","layer":"nhd_perennial_streams","stream_type":"Perennial Stream","length_miles":null,"flow_direction":"","reach_code":""}},{"type":"Feature","geometry":{"type":"LineString","coordinates":[[-87.9059,36.4894],[-87.9118,36.4926]]},"properties":{"name":"Unnamed Stream","layer":"nhd_perennial_streams","stream_type":"Perennial Stream","length_miles":null,"flow_direction":"","reach_code":""}},{"type":"Feature","geometry":{"type":"LineString","coordinates":[[-87.5906,36.4858],[-87.5868,36.4863]]},"properties":{"name":"Unnamed Stream","layer":"nhd_perennial_streams","stream_type":"Perennial Stream","length_miles":null,"flow_direction":"","reach_code":""}},{"type":"Feature","geometry":{"type":"LineString","coordinates":[[-87.8177,36.5939],[-87.8185,36.5969]]},"properties":{"name":"Unnamed Stream","layer":"nhd_perennial_streams","stream_type":"Perennial Stream","length_miles":null,"flow_direction":"","reach_code":""}},{"type":"Feature","geometry":{"type":"LineString","coordinates":[[-87.8048,36.3326],[-87.8026,36.3375]]},"properties":{"name":"Unnamed Stream","layer":"nhd_perennial_streams","stream_type":"Perennial Stream","length_miles":null,"flow_direction":"","reach_code":""}},{"type":"Feature","geometry":{"type":"LineString","coordinates":[[-87.732,36.5245],[-87.7322,36.5229]]},"properties":{"name":"Unnamed Stream","layer":"nhd_perennial_streams","stream_type":"Perennial Stream","length_miles":null,"flow_direction":"","reach_code":""}},{"type":"Feature","geometry":{"type":"LineString","coordinates":[[-87.654,36.4995],[-87.6543,36.4991]]},"properties":{"name":"Unnamed Stream","layer":"nhd_perennial_streams","stream_type":"Perennial Stream","length_miles":null,"flow_direction":"","reach_code":""}},{"type":"Feature","geometry":{"type":"LineString","coordinates":[[-87.7587,36.4169],[-87.7573,36.42]]},"properties":{"name":"Unnamed Stream","layer":"nhd_perennial_streams","stream_type":"Perennial Stream","length_miles":null,"flow_direction":"","reach_code":""}},{"type":"Feature","geometry":{"type":"LineString","coordinates":[[-87.7174,36.5354],[-87.7207,36.5297]]},"properties":{"name":"Unnamed Stream","layer":"nhd_perennial_streams","stream_type":"Perennial Stream","length_miles":null,"flow_direction":"","reach_code":""}},{"type":"Feature","geometry":{"type":"LineString","coordinates":[[-87.7012,36.3802],[-87.7,36.3851]]},"properties":{"name":"Unnamed Stream","layer":"nhd_perennial_streams","stream_type":"Perennial Stream","length_miles":null,"flow_direction":"","reach_code":""}},{"type":"Feature","geometry":{"type":"LineString","coordinates":[[-87.679,36.4777],[-87.6819,36.4787]]},"properties":{"name":"Unnamed Stream","layer":"nhd_perennial_streams","stream_type":"Perennial Stream","length_miles":null,"flow_direction":"","reach_code":""}},{"type":"Feature","geometry":{"type":"LineString","coordinates":[[-87.6533,36.4372],[-87.6594,36.4385]]},"properties":{"name":"Unnamed Stream","layer":"nhd_perennial_streams","stream_type":"Perennial Stream","length_miles":null,"flow_direction":"","reach_code":""}},{"type":"Feature","geometry":{"type":"LineString","coordinates":[[-87.6989,36.4791],[-87.7058,36.4769],[-87.7073,36.4734]]},"properties":{"name":"Unnamed Stream","layer":"nhd_perennial_streams","stream_type":"Perennial Stream","length_miles":null,"flow_direction":"","reach_code":""}},{"type":"Feature","geometry":{"type":"LineString","coordinates":[[-87.7971,36.5426],[-87.7972,36.5419]]},"properties":{"name":"Unnamed Stream","layer":"nhd_perennial_streams","stream_type":"Perennial Stream","length_miles":null,"flow_direction":"","reach_code":""}},{"type":"Feature","geometry":{"type":"LineString","coordinates":[[-87.8929,36.4409],[-87.892,36.4428],[-87.8969,36.4453]]},"properties":{"name":"Unnamed Stream","layer":"nhd_perennial_streams","stream_type":"Perennial Stream","length_miles":null,"flow_direction":"","reach_code":""}},{"type":"Feature","geometry":{"type":"LineString","coordinates":[[-87.7891,36.3216],[-87.7898,36.3283]]},"properties":{"name":"Unnamed Stream","layer":"nhd_perennial_streams","stream_type":"Perennial Stream","length_miles":null,"flow_direction":"","reach_code":""}},{"type":"Feature","geometry":{"type":"LineString","coordinates":[[-87.889,36.3773],[-87.8915,36.3728]]},"properties":{"name":"Unnamed Stream","layer":"nhd_perennial_streams","stream_type":"Perennial Stream","length_miles":null,"flow_direction":"","reach_code":""}},{"type":"Feature","geometry":{"type":"LineString","coordinates":[[-87.6691,36.5874],[-87.6656,36.5872]]},"properties":{"name":"Unnamed Stream","layer":"nhd_perennial_streams","stream_type":"Perennial Stream","length_miles":null,"flow_direction":"","reach_code":""}},{"type":"Feature","geometry":{"type":"LineString","coordinates":[[-87.6671,36.3481],[-87.6673,36.3513]]},"properties":{"name":"Unnamed Stream","layer":"nhd_perennial_streams","stream_type":"Perennial Stream","length_miles":null,"flow_direction":"","reach_code":""}},{"type":"Feature","geometry":{"type":"LineString","coordinates":[[-87.7375,36.3895],[-87.7354,36.3917]]},"properties":{"name":"Unnamed Stream","layer":"nhd_perennial_streams","stream_type":"Perennial Stream","length_miles":null,"flow_direction":"","reach_code":""}},{"type":"Feature","geometry":{"type":"LineString","coordinates":[[-87.8138,36.401],[-87.8122,36.4068],[-87.8157,36.4157]]},"properties":{"name":"Unnamed Stream","layer":"nhd_perennial_streams","stream_type":"Perennial Stream","length_miles":null,"flow_direction":"","reach_code":""}},{"type":"Feature","geometry":{"type":"LineString","coordinates":[[-87.6264,36.4206],[-87.6197,36.4155]]},"properties":{"name":"Unnamed Stream","layer":"nhd_perennial_streams","stream_type":"Perennial Stream","length_miles":null,"flow_direction":"","reach_code":""}},{"type":"Feature","geometry":{"type":"LineString","coordinates":[[-87.9171,36.4485],[-87.9139,36.4458]]},"properties":{"name":"Unnamed Stream","layer":"nhd_perennial_streams","stream_type":"Perennial Stream","length_miles":null,"flow_direction":"","reach_code":""}},{"type":"Feature","geometry":{"type":"LineString","coordinates":[[-87.8098,36.3551],[-87.812,36.3481]]},"properties":{"name":"Unnamed Stream","layer":"nhd_perennial_streams","stream_type":"Perennial Stream","length_miles":null,"flow_direction":"","reach_code":""}},{"type":"Feature","geometry":{"type":"LineString","coordinates":[[-87.8745,36.4991],[-87.8736,36.5001]]},"properties":{"name":"Unnamed Stream","layer":"nhd_perennial_streams","stream_type":"Perennial Stream","length_miles":null,"flow_direction":"","reach_code":""}},{"type":"Feature","geometry":{"type":"LineString","coordinates":[[-87.8554,36.4461],[-87.8481,36.4519]]},"properties":{"name":"Unnamed Stream","layer":"nhd_perennial_streams","stream_type":"Perennial Stream","length_miles":null,"flow_direction":"","reach_code":""}},{"type":"Feature","geometry":{"type":"LineString","coordinates":[[-87.8939,36.4938],[-87.8742,36.4895]]},"properties":{"name":"Unnamed Stream","layer":"nhd_perennial_streams","stream_type":"Perennial Stream","length_miles":null,"flow_direction":"","reach_code":""}},{"type":"Feature","geometry":{"type":"LineString","coordinates":[[-87.8026,36.3709],[-87.8027,36.3757]]},"properties":{"name":"Unnamed Stream","layer":"nhd_perennial_streams","stream_type":"Perennial Stream","length_miles":null,"flow_direction":"","reach_code":""}},{"type":"Feature","geometry":{"type":"LineString","coordinates":[[-87.8747,36.3956],[-87.8779,36.3942]]},"properties":{"name":"Unnamed Stream","layer":"nhd_perennial_streams","stream_type":"Perennial Stream","length_miles":null,"flow_direction":"","reach_code":""}},{"type":"Feature","geometry":{"type":"LineString","coordinates":[[-87.8487,36.4353],[-87.8463,36.4388],[-87.8355,36.4413]]},"properties":{"name":"Unnamed Stream","layer":"nhd_perennial_streams","stream_type":"Perennial Stream","length_miles":null,"flow_direction":"","reach_code":""}},{"type":"Feature","geometry":{"type":"LineString","coordinates":[[-87.6866,36.5339],[-87.6889,36.5322]]},"properties":{"name":"Unnamed Stream","layer":"nhd_perennial_streams","stream_type":"Perennial Stream","length_miles":null,"flow_direction":"","reach_code":""}},{"type":"Feature","geometry":{"type":"LineString","coordinates":[[-87.7593,36.4446],[-87.7518,36.4478]]},"properties":{"name":"Unnamed Stream","layer":"nhd_perennial_streams","stream_type":"Perennial Stream","length_miles":null,"flow_direction":"","reach_code":""}},{"type":"Feature","geometry":{"type":"LineString","coordinates":[[-87.7803,36.3929],[-87.7774,36.3936]]},"properties":{"name":"Unnamed Stream","layer":"nhd_perennial_streams","stream_type":"Perennial Stream","length_miles":null,"flow_direction":"","reach_code":""}},{"type":"Feature","geometry":{"type":"LineString","coordinates":[[-87.846,36.3457],[-87.8492,36.3459]]},"properties":{"name":"Unnamed Stream","layer":"nhd_perennial_streams","stream_type":"Perennial Stream","length_miles":null,"flow_direction":"","reach_code":""}},{"type":"Feature","geometry":{"type":"LineString","coordinates":[[-87.6914,36.4111],[-87.6928,36.4147]]},"properties":{"name":"Unnamed Stream","layer":"nhd_perennial_streams","stream_type":"Perennial Stream","length_miles":null,"flow_direction":"","reach_code":""}},{"type":"Feature","geometry":{"type":"LineString","coordinates":[[-87.7438,36.3668],[-87.7441,36.3685]]},"properties":{"name":"Unnamed Stream","layer":"nhd_perennial_streams","stream_type":"Perennial Stream","length_miles":null,"flow_direction":"","reach_code":""}},{"type":"Feature","geometry":{"type":"LineString","coordinates":[[-87.614,36.3664],[-87.6145,36.3746]]},"properties":{"name":"Unnamed Stream","layer":"nhd_perennial_streams","stream_type":"Perennial Stream","length_miles":null,"flow_direction":"","reach_code":""}},{"type":"Feature","geometry":{"type":"LineString","coordinates":[[-87.787,36.4527],[-87.794,36.4606]]},"properties":{"name":"Unnamed Stream","layer":"nhd_perennial_streams","stream_type":"Perennial Stream","length_miles":null,"flow_direction":"","reach_code":""}},{"type":"Feature","geometry":{"type":"LineString","coordinates":[[-87.8874,36.4211],[-87.8965,36.4144]]},"properties":{"name":"Unnamed Stream","layer":"nhd_perennial_streams","stream_type":"Perennial Stream","length_miles":null,"flow_direction":"","reach_code":""}},{"type":"Feature","geometry":{"type":"LineString","coordinates":[[-87.8861,36.3888],[-87.8945,36.3923]]},"properties":{"name":"Unnamed Stream","layer":"nhd_perennial_streams","stream_type":"Perennial Stream","length_miles":null,"flow_direction":"","reach_code":""}},{"type":"Feature","geometry":{"type":"LineString","coordinates":[[-87.7762,36.3332],[-87.7805,36.3271]]},"properties":{"name":"Unnamed Stream","layer":"nhd_perennial_streams","stream_type":"Perennial Stream","length_miles":null,"flow_direction":"","reach_code":""}},{"type":"Feature","geometry":{"type":"LineString","coordinates":[[-87.8641,36.3814],[-87.8727,36.3762]]},"properties":{"name":"Unnamed Stream","layer":"nhd_perennial_streams","stream_type":"Perennial Stream","length_miles":null,"flow_direction":"","reach_code":""}},{"type":"Feature","geometry":{"type":"LineString","coordinates":[[-87.7662,36.421],[-87.7573,36.42]]},"properties":{"name":"Unnamed Stream","layer":"nhd_perennial_streams","stream_type":"Perennial Stream","length_miles":null,"flow_direction":"","reach_code":""}},{"type":"Feature","geometry":{"type":"LineString","coordinates":[[-87.6249,36.5235],[-87.6258,36.5223]]},"properties":{"name":"Unnamed Stream","layer":"nhd_perennial_streams","stream_type":"Perennial Stream","length_miles":null,"flow_direction":"","reach_code":""}},{"type":"Feature","geometry":{"type":"LineString","coordinates":[[-87.7739,36.3519],[-87.7776,36.3481]]},"properties":{"name":"Unnamed Stream","layer":"nhd_perennial_streams","stream_type":"Perennial Stream","length_miles":null,"flow_direction":"","reach_code":""}},{"type":"Feature","geometry":{"type":"LineString","coordinates":[[-87.6636,36.3581],[-87.6655,36.3623]]},"properties":{"name":"Unnamed Stream","layer":"nhd_perennial_streams","stream_type":"Perennial Stream","length_miles":null,"flow_direction":"","reach_code":""}},{"type":"Feature","geometry":{"type":"LineString","coordinates":[[-87.6661,36.3533],[-87.6655,36.3539]]},"properties":{"name":"Unnamed Stream","layer":"nhd_perennial_streams","stream_type":"Perennial Stream","length_miles":null,"flow_direction":"","reach_code":""}},{"type":"Feature","geometry":{"type":"LineString","coordinates":[[-87.7309,36.3933],[-87.7315,36.3939]]},"properties":{"name":"Unnamed Stream","layer":"nhd_perennial_streams","stream_type":"Perennial Stream","length_miles":null,"flow_direction":"","reach_code":""}},{"type":"Feature","geometry":{"type":"LineString","coordinates":[[-87.7437,36.3729],[-87.7433,36.3749]]},"properties":{"name":"Unnamed Stream","layer":"nhd_perennial_streams","stream_type":"Perennial Stream","length_miles":null,"flow_direction":"","reach_code":""}},{"type":"Feature","geometry":{"type":"LineString","coordinates":[[-87.7828,36.4787],[-87.7891,36.4846],[-87.7995,36.4859]]},"properties":{"name":"Unnamed Stream","layer":"nhd_perennial_streams","stream_type":"Perennial Stream","length_miles":null,"flow_direction":"","reach_code":""}},{"type":"Feature","geometry":{"type":"LineString","coordinates":[[-87.7693,36.4676],[-87.7633,36.473],[-87.75,36.4768]]},"properties":{"name":"Unnamed Stream","layer":"nhd_perennial_streams","stream_type":"Perennial Stream","length_miles":null,"flow_direction":"","reach_code":""}},{"type":"Feature","geometry":{"type":"LineString","coordinates":[[-87.7381,36.4113],[-87.7198,36.416]]},"properties":{"name":"Unnamed Stream","layer":"nhd_perennial_streams","stream_type":"Perennial Stream","length_miles":null,"flow_direction":"","reach_code":""}},{"type":"Feature","geometry":{"type":"LineString","coordinates":[[-87.5978,36.4694],[-87.5971,36.4767]]},"properties":{"name":"Unnamed Stream","layer":"nhd_perennial_streams","stream_type":"Perennial Stream","length_miles":null,"flow_direction":"","reach_code":""}},{"type":"Feature","geometry":{"type":"LineString","coordinates":[[-87.7921,36.3526],[-87.7932,36.3529]]},"properties":{"name":"Unnamed Stream","layer":"nhd_perennial_streams","stream_type":"Perennial Stream","length_miles":null,"flow_direction":"","reach_code":""}},{"type":"Feature","geometry":{"type":"LineString","coordinates":[[-87.7868,36.353],[-87.7921,36.3526]]},"properties":{"name":"Unnamed Stream","layer":"nhd_perennial_streams","stream_type":"Perennial Stream","length_miles":null,"flow_direction":"","reach_code":""}},{"type":"Feature","geometry":{"type":"LineString","coordinates":[[-87.7802,36.3581],[-87.7868,36.353]]},"properties":{"name":"Unnamed Stream","layer":"nhd_perennial_streams","stream_type":"Perennial Stream","length_miles":null,"flow_direction":"","reach_code":""}},{"type":"Feature","geometry":{"type":"LineString","coordinates":[[-87.8965,36.4144],[-87.9139,36.4153]]},"properties":{"name":"Unnamed Stream","layer":"nhd_perennial_streams","stream_type":"Perennial Stream","length_miles":null,"flow_direction":"","reach_code":""}},{"type":"Feature","geometry":{"type":"LineString","coordinates":[[-87.7895,36.3842],[-87.7849,36.3896]]},"properties":{"name":"Unnamed Stream","layer":"nhd_perennial_streams","stream_type":"Perennial Stream","length_miles":null,"flow_direction":"","reach_code":""}},{"type":"Feature","geometry":{"type":"LineString","coordinates":[[-87.8253,36.425],[-87.8298,36.4318]]},"properties":{"name":"Unnamed Stream","layer":"nhd_perennial_streams","stream_type":"Perennial Stream","length_miles":null,"flow_direction":"","reach_code":""}},{"type":"Feature","geometry":{"type":"LineString","coordinates":[[-87.8344,36.3997],[-87.8345,36.4012]]},"properties":{"name":"Unnamed Stream","layer":"nhd_perennial_streams","stream_type":"Perennial Stream","length_miles":null,"flow_direction":"","reach_code":""}},{"type":"Feature","geometry":{"type":"LineString","coordinates":[[-87.5734,36.488],[-87.5713,36.4885]]},"properties":{"name":"Unnamed Stream","layer":"nhd_perennial_streams","stream_type":"Perennial Stream","length_miles":null,"flow_direction":"","reach_code":""}},{"type":"Feature","geometry":{"type":"LineString","coordinates":[[-87.6475,36.3663],[-87.6475,36.3664]]},"properties":{"name":"Unnamed Stream","layer":"nhd_perennial_streams","stream_type":"Perennial Stream","length_miles":null,"flow_direction":"","reach_code":""}},{"type":"Feature","geometry":{"type":"LineString","coordinates":[[-87.8461,36.4189],[-87.8397,36.4206],[-87.8378,36.434]]},"properties":{"name":"Unnamed Stream","layer":"nhd_perennial_streams","stream_type":"Perennial Stream","length_miles":null,"flow_direction":"","reach_code":""}},{"type":"Feature","geometry":{"type":"LineString","coordinates":[[-87.8488,36.3917],[-87.8516,36.3966],[-87.8594,36.3985]]},"properties":{"name":"Unnamed Stream","layer":"nhd_perennial_streams","stream_type":"Perennial Stream","length_miles":null,"flow_direction":"","reach_code":""}},{"type":"Feature","geometry":{"type":"LineString","coordinates":[[-87.6909,36.4798],[-87.6945,36.4792]]},"properties":{"name":"Unnamed Stream","layer":"nhd_perennial_streams","stream_type":"Perennial Stream","length_miles":null,"flow_direction":"","reach_code":""}},{"type":"Feature","geometry":{"type":"LineString","coordinates":[[-87.9018,36.4778],[-87.8898,36.4808]]},"properties":{"name":"Unnamed Stream","layer":"nhd_perennial_streams","stream_type":"Perennial Stream","length_miles":null,"flow_direction":"","reach_code":""}},{"type":"Feature","geometry":{"type":"LineString","coordinates":[[-87.8002,36.3433],[-87.8,36.3386]]},"properties":{"name":"Unnamed Stream","layer":"nhd_perennial_streams","stream_type":"Perennial Stream","length_miles":null,"flow_direction":"","reach_code":""}},{"type":"Feature","geometry":{"type":"LineString","coordinates":[[-87.6945,36.4792],[-87.6989,36.4791]]},"properties":{"name":"Unnamed Stream","layer":"nhd_perennial_streams","stream_type":"Perennial Stream","length_miles":null,"flow_direction":"","reach_code":""}},{"type":"Feature","geometry":{"type":"LineString","coordinates":[[-87.7282,36.3864],[-87.7276,36.3869]]},"properties":{"name":"Unnamed Stream","layer":"nhd_perennial_streams","stream_type":"Perennial Stream","length_miles":null,"flow_direction":"","reach_code":""}},{"type":"Feature","geometry":{"type":"LineString","coordinates":[[-87.7819,36.3859],[-87.7803,36.3929]]},"properties":{"name":"Unnamed Stream","layer":"nhd_perennial_streams","stream_type":"Perennial Stream","length_miles":null,"flow_direction":"","reach_code":""}},{"type":"Feature","geometry":{"type":"LineString","coordinates":[[-87.8565,36.4864],[-87.8526,36.4884]]},"properties":{"name":"Unnamed Stream","layer":"nhd_perennial_streams","stream_type":"Perennial Stream","length_miles":null,"flow_direction":"","reach_code":""}},{"type":"Feature","geometry":{"type":"LineString","coordinates":[[-87.7678,36.5774],[-87.7684,36.5762]]},"properties":{"name":"Unnamed Stream","layer":"nhd_perennial_streams","stream_type":"Perennial Stream","length_miles":null,"flow_direction":"","reach_code":""}},{"type":"Feature","geometry":{"type":"LineString","coordinates":[[-87.7691,36.389],[-87.7679,36.391]]},"properties":{"name":"Unnamed Stream","layer":"nhd_perennial_streams","stream_type":"Perennial Stream","length_miles":null,"flow_direction":"","reach_code":""}},{"type":"Feature","geometry":{"type":"LineString","coordinates":[[-87.7265,36.4972],[-87.7262,36.491]]},"properties":{"name":"Unnamed Stream","layer":"nhd_perennial_streams","stream_type":"Perennial Stream","length_miles":null,"flow_direction":"","reach_code":""}},{"type":"Feature","geometry":{"type":"LineString","coordinates":[[-87.8568,36.4768],[-87.8565,36.4788]]},"properties":{"name":"Unnamed Stream","layer":"nhd_perennial_streams","stream_type":"Perennial Stream","length_miles":null,"flow_direction":"","reach_code":""}},{"type":"Feature","geometry":{"type":"LineString","coordinates":[[-87.8875,36.443],[-87.8892,36.4478],[-87.886,36.4571]]},"properties":{"name":"Unnamed Stream","layer":"nhd_perennial_streams","stream_type":"Perennial Stream","length_miles":null,"flow_direction":"","reach_code":""}},{"type":"Feature","geometry":{"type":"LineString","coordinates":[[-87.7765,36.565],[-87.7764,36.5642]]},"properties":{"name":"Unnamed Stream","layer":"nhd_perennial_streams","stream_type":"Perennial Stream","length_miles":null,"flow_direction":"","reach_code":""}},{"type":"Feature","geometry":{"type":"LineString","coordinates":[[-87.7536,36.4408],[-87.7526,36.443]]},"properties":{"name":"Unnamed Stream","layer":"nhd_perennial_streams","stream_type":"Perennial Stream","length_miles":null,"flow_direction":"","reach_code":""}},{"type":"Feature","geometry":{"type":"LineString","coordinates":[[-87.8937,36.4133],[-87.8965,36.4144]]},"properties":{"name":"Unnamed Stream","layer":"nhd_perennial_streams","stream_type":"Perennial Stream","length_miles":null,"flow_direction":"","reach_code":""}},{"type":"Feature","geometry":{"type":"LineString","coordinates":[[-87.812,36.3481],[-87.8161,36.3472]]},"properties":{"name":"Unnamed Stream","layer":"nhd_perennial_streams","stream_type":"Perennial Stream","length_miles":null,"flow_direction":"","reach_code":""}},{"type":"Feature","geometry":{"type":"LineString","coordinates":[[-87.8594,36.3985],[-87.8606,36.398]]},"properties":{"name":"Unnamed Stream","layer":"nhd_perennial_streams","stream_type":"Perennial Stream","length_miles":null,"flow_direction":"","reach_code":""}},{"type":"Feature","geometry":{"type":"LineString","coordinates":[[-87.6599,36.4832],[-87.6658,36.4822]]},"properties":{"name":"Unnamed Stream","layer":"nhd_perennial_streams","stream_type":"Perennial Stream","length_miles":null,"flow_direction":"","reach_code":""}},{"type":"Feature","geometry":{"type":"LineString","coordinates":[[-87.5971,36.4767],[-87.5906,36.4858]]},"properties":{"name":"Unnamed Stream","layer":"nhd_perennial_streams","stream_type":"Perennial Stream","length_miles":null,"flow_direction":"","reach_code":""}},{"type":"Feature","geometry":{"type":"LineString","coordinates":[[-87.6807,36.3325],[-87.6718,36.3356]]},"properties":{"name":"Unnamed Stream","layer":"nhd_perennial_streams","stream_type":"Perennial Stream","length_miles":null,"flow_direction":"","reach_code":""}},{"type":"Feature","geometry":{"type":"LineString","coordinates":[[-87.8349,36.5715],[-87.8426,36.5805]]},"properties":{"name":"Unnamed Stream","layer":"nhd_perennial_streams","stream_type":"Perennial Stream","length_miles":null,"flow_direction":"","reach_code":""}},{"type":"Feature","geometry":{"type":"LineString","coordinates":[[-87.7444,36.5292],[-87.7439,36.5274]]},"properties":{"name":"Unnamed Stream","layer":"nhd_perennial_streams","stream_type":"Perennial Stream","length_miles":null,"flow_direction":"","reach_code":""}},{"type":"Feature","geometry":{"type":"LineString","coordinates":[[-87.7725,36.4777],[-87.7674,36.4807],[-87.7658,36.4863]]},"properties":{"name":"Unnamed Stream","layer":"nhd_perennial_streams","stream_type":"Perennial Stream","length_miles":null,"flow_direction":"","reach_code":""}},{"type":"Feature","geometry":{"type":"LineString","coordinates":[[-87.8048,36.3666],[-87.8026,36.3709]]},"properties":{"name":"Unnamed Stream","layer":"nhd_perennial_streams","stream_type":"Perennial Stream","length_miles":null,"flow_direction":"","reach_code":""}},{"type":"Feature","geometry":{"type":"LineString","coordinates":[[-87.8378,36.434],[-87.8368,36.4391]]},"properties":{"name":"Unnamed Stream","layer":"nhd_perennial_streams","stream_type":"Perennial Stream","length_miles":null,"flow_direction":"","reach_code":""}},{"type":"Feature","geometry":{"type":"LineString","coordinates":[[-87.767,36.3566],[-87.7568,36.3559]]},"properties":{"name":"Unnamed Stream","layer":"nhd_perennial_streams","stream_type":"Perennial Stream","length_miles":null,"flow_direction":"","reach_code":""}},{"type":"Feature","geometry":{"type":"LineString","coordinates":[[-87.8007,36.5368],[-87.8078,36.5327]]},"properties":{"name":"Unnamed Stream","layer":"nhd_perennial_streams","stream_type":"Perennial Stream","length_miles":null,"flow_direction":"","reach_code":""}},{"type":"Feature","geometry":{"type":"LineString","coordinates":[[-87.7592,36.5809],[-87.7601,36.5806]]},"properties":{"name":"Unnamed Stream","layer":"nhd_perennial_streams","stream_type":"Perennial Stream","length_miles":null,"flow_direction":"","reach_code":""}},{"type":"Feature","geometry":{"type":"LineString","coordinates":[[-87.9229,36.4586],[-87.9273,36.4539]]},"properties":{"name":"Unnamed Stream","layer":"nhd_perennial_streams","stream_type":"Perennial Stream","length_miles":null,"flow_direction":"","reach_code":""}},{"type":"Feature","geometry":{"type":"LineString","coordinates":[[-87.862,36.4479],[-87.8554,36.4461]]},"properties":{"name":"Unnamed Stream","layer":"nhd_perennial_streams","stream_type":"Perennial Stream","length_miles":null,"flow_direction":"","reach_code":""}},{"type":"Feature","geometry":{"type":"LineString","coordinates":[[-87.8586,36.4762],[-87.8565,36.4788]]},"properties":{"name":"Unnamed Stream","layer":"nhd_perennial_streams","stream_type":"Perennial Stream","length_miles":null,"flow_direction":"","reach_code":""}},{"type":"Feature","geometry":{"type":"LineString","coordinates":[[-87.834,36.3858],[-87.8372,36.3924]]},"properties":{"name":"Unnamed Stream","layer":"nhd_perennial_streams","stream_type":"Perennial Stream","length_miles":null,"flow_direction":"","reach_code":""}},{"type":"Feature","geometry":{"type":"LineString","coordinates":[[-87.7086,36.4128],[-87.7087,36.4126]]},"properties":{"name":"Unnamed Stream","layer":"nhd_perennial_streams","stream_type":"Perennial Stream","length_miles":null,"flow_direction":"","reach_code":""}},{"type":"Feature","geometry":{"type":"LineString","coordinates":[[-87.76,36.3952],[-87.7669,36.4044]]},"properties":{"name":"Unnamed Stream","layer":"nhd_perennial_streams","stream_type":"Perennial Stream","length_miles":null,"flow_direction":"","reach_code":""}},{"type":"Feature","geometry":{"type":"LineString","coordinates":[[-87.8138,36.333],[-87.8047,36.3394]]},"properties":{"name":"Unnamed Stream","layer":"nhd_perennial_streams","stream_type":"Perennial Stream","length_miles":null,"flow_direction":"","reach_code":""}},{"type":"Feature","geometry":{"type":"LineString","coordinates":[[-87.756,36.3478],[-87.7564,36.356]]},"properties":{"name":"Unnamed Stream","layer":"nhd_perennial_streams","stream_type":"Perennial Stream","length_miles":null,"flow_direction":"","reach_code":""}},{"type":"Feature","geometry":{"type":"LineString","coordinates":[[-87.7425,36.3627],[-87.7437,36.3658]]},"properties":{"name":"Unnamed Stream","layer":"nhd_perennial_streams","stream_type":"Perennial Stream","length_miles":null,"flow_direction":"","reach_code":""}},{"type":"Feature","geometry":{"type":"LineString","coordinates":[[-87.8451,36.3771],[-87.8519,36.3826]]},"properties":{"name":"Unnamed Stream","layer":"nhd_perennial_streams","stream_type":"Perennial Stream","length_miles":null,"flow_direction":"","reach_code":""}},{"type":"Feature","geometry":{"type":"LineString","coordinates":[[-87.9194,36.453],[-87.9273,36.4539]]},"properties":{"name":"Unnamed Stream","layer":"nhd_perennial_streams","stream_type":"Perennial Stream","length_miles":null,"flow_direction":"","reach_code":""}},{"type":"Feature","geometry":{"type":"LineString","coordinates":[[-87.8634,36.3714],[-87.8626,36.3659]]},"properties":{"name":"Unnamed Stream","layer":"nhd_perennial_streams","stream_type":"Perennial Stream","length_miles":null,"flow_direction":"","reach_code":""}},{"type":"Feature","geometry":{"type":"LineString","coordinates":[[-87.8161,36.3472],[-87.8214,36.3496]]},"properties":{"name":"Unnamed Stream","layer":"nhd_perennial_streams","stream_type":"Perennial Stream","length_miles":null,"flow_direction":"","reach_code":""}},{"type":"Feature","geometry":{"type":"LineString","coordinates":[[-87.9238,36.4389],[-87.9265,36.4321],[-87.9212,36.4274]]},"properties":{"name":"Unnamed Stream","layer":"nhd_perennial_streams","stream_type":"Perennial Stream","length_miles":null,"flow_direction":"","reach_code":""}},{"type":"Feature","geometry":{"type":"LineString","coordinates":[[-87.8839,36.4716],[-87.8857,36.4758],[-87.8826,36.4797]]},"properties":{"name":"Unnamed Stream","layer":"nhd_perennial_streams","stream_type":"Perennial Stream","length_miles":null,"flow_direction":"","reach_code":""}},{"type":"Feature","geometry":{"type":"LineString","coordinates":[[-87.7505,36.4187],[-87.7587,36.4169]]},"properties":{"name":"Unnamed Stream","layer":"nhd_perennial_streams","stream_type":"Perennial Stream","length_miles":null,"flow_direction":"","reach_code":""}},{"type":"Feature","geometry":{"type":"LineString","coordinates":[[-87.7951,36.4019],[-87.7953,36.4054],[-87.8057,36.4119]]},"properties":{"name":"Unnamed Stream","layer":"nhd_perennial_streams","stream_type":"Perennial Stream","length_miles":null,"flow_direction":"","reach_code":""}},{"type":"Feature","geometry":{"type":"LineString","coordinates":[[-87.8426,36.5805],[-87.8436,36.58]]},"properties":{"name":"Unnamed Stream","layer":"nhd_perennial_streams","stream_type":"Perennial Stream","length_miles":null,"flow_direction":"","reach_code":""}},{"type":"Feature","geometry":{"type":"LineString","coordinates":[[-87.8003,36.6014],[-87.8063,36.6069],[-87.8154,36.6093]]},"properties":{"name":"Unnamed Stream","layer":"nhd_perennial_streams","stream_type":"Perennial Stream","length_miles":null,"flow_direction":"","reach_code":""}},{"type":"Feature","geometry":{"type":"LineString","coordinates":[[-87.8164,36.3708],[-87.8041,36.3754]]},"properties":{"name":"Unnamed Stream","layer":"nhd_perennial_streams","stream_type":"Perennial Stream","length_miles":null,"flow_direction":"","reach_code":""}},{"type":"Feature","geometry":{"type":"LineString","coordinates":[[-87.8965,36.4304],[-87.8971,36.4295]]},"properties":{"name":"Unnamed Stream","layer":"nhd_perennial_streams","stream_type":"Perennial Stream","length_miles":null,"flow_direction":"","reach_code":""}},{"type":"Feature","geometry":{"type":"LineString","coordinates":[[-87.7822,36.3376],[-87.7886,36.3404]]},"properties":{"name":"Unnamed Stream","layer":"nhd_perennial_streams","stream_type":"Perennial Stream","length_miles":null,"flow_direction":"","reach_code":""}},{"type":"Feature","geometry":{"type":"LineString","coordinates":[[-87.7936,36.3973],[-87.7865,36.3939]]},"properties":{"name":"Unnamed Stream","layer":"nhd_perennial_streams","stream_type":"Perennial Stream","length_miles":null,"flow_direction":"","reach_code":""}},{"type":"Feature","geometry":{"type":"LineString","coordinates":[[-87.9045,36.4555],[-87.9086,36.46]]},"properties":{"name":"Unnamed Stream","layer":"nhd_perennial_streams","stream_type":"Perennial Stream","length_miles":null,"flow_direction":"","reach_code":""}},{"type":"Feature","geometry":{"type":"LineString","coordinates":[[-87.6984,36.4942],[-87.698,36.4933]]},"properties":{"name":"Unnamed Stream","layer":"nhd_perennial_streams","stream_type":"Perennial Stream","length_miles":null,"flow_direction":"","reach_code":""}},{"type":"Feature","geometry":{"type":"LineString","coordinates":[[-87.9197,36.5017],[-87.9167,36.5044]]},"properties":{"name":"Unnamed Stream","layer":"nhd_perennial_streams","stream_type":"Perennial Stream","length_miles":null,"flow_direction":"","reach_code":""}},{"type":"Feature","geometry":{"type":"LineString","coordinates":[[-87.7927,36.3299],[-87.8024,36.3374]]},"properties":{"name":"Unnamed Stream","layer":"nhd_perennial_streams","stream_type":"Perennial Stream","length_miles":null,"flow_direction":"","reach_code":""}},{"type":"Feature","geometry":{"type":"LineString","coordinates":[[-87.7627,36.3343],[-87.7605,36.3396]]},"properties":{"name":"Unnamed Stream","layer":"nhd_perennial_streams","stream_type":"Perennial Stream","length_miles":null,"flow_direction":"","reach_code":""}},{"type":"Feature","geometry":{"type":"LineString","coordinates":[[-87.6162,36.5258],[-87.6249,36.5244]]},"properties":{"name":"Unnamed Stream","layer":"nhd_perennial_streams","stream_type":"Perennial Stream","length_miles":null,"flow_direction":"","reach_code":""}},{"type":"Feature","geometry":{"type":"LineString","coordinates":[[-87.7977,36.3925],[-87.7849,36.3896]]},"properties":{"name":"Unnamed Stream","layer":"nhd_perennial_streams","stream_type":"Perennial Stream","length_miles":null,"flow_direction":"","reach_code":""}},{"type":"Feature","geometry":{"type":"LineString","coordinates":[[-87.7727,36.3528],[-87.7733,36.3524]]},"properties":{"name":"Unnamed Stream","layer":"nhd_perennial_streams","stream_type":"Perennial Stream","length_miles":null,"flow_direction":"","reach_code":""}},{"type":"Feature","geometry":{"type":"LineString","coordinates":[[-87.8385,36.3624],[-87.8354,36.355]]},"properties":{"name":"Unnamed Stream","layer":"nhd_perennial_streams","stream_type":"Perennial Stream","length_miles":null,"flow_direction":"","reach_code":""}},{"type":"Feature","geometry":{"type":"LineString","coordinates":[[-87.7023,36.4902],[-87.7031,36.4885]]},"properties":{"name":"Unnamed Stream","layer":"nhd_perennial_streams","stream_type":"Perennial Stream","length_miles":null,"flow_direction":"","reach_code":""}},{"type":"Feature","geometry":{"type":"LineString","coordinates":[[-87.8921,36.4542],[-87.886,36.4571]]},"properties":{"name":"Unnamed Stream","layer":"nhd_perennial_streams","stream_type":"Perennial Stream","length_miles":null,"flow_direction":"","reach_code":""}},{"type":"Feature","geometry":{"type":"LineString","coordinates":[[-87.8135,36.4507],[-87.8106,36.4575],[-87.7981,36.4612]]},"properties":{"name":"Unnamed Stream","layer":"nhd_perennial_streams","stream_type":"Perennial Stream","length_miles":null,"flow_direction":"","reach_code":""}},{"type":"Feature","geometry":{"type":"LineString","coordinates":[[-87.6928,36.3452],[-87.6895,36.3447]]},"properties":{"name":"Unnamed Stream","layer":"nhd_perennial_streams","stream_type":"Perennial Stream","length_miles":null,"flow_direction":"","reach_code":""}},{"type":"Feature","geometry":{"type":"LineString","coordinates":[[-87.7601,36.5806],[-87.762,36.5803]]},"properties":{"name":"Unnamed Stream","layer":"nhd_perennial_streams","stream_type":"Perennial Stream","length_miles":null,"flow_direction":"","reach_code":""}},{"type":"Feature","geometry":{"type":"LineString","coordinates":[[-87.6749,36.4424],[-87.6779,36.4373]]},"properties":{"name":"Unnamed Stream","layer":"nhd_perennial_streams","stream_type":"Perennial Stream","length_miles":null,"flow_direction":"","reach_code":""}},{"type":"Feature","geometry":{"type":"LineString","coordinates":[[-87.8177,36.3539],[-87.819,36.3564]]},"properties":{"name":"Unnamed Stream","layer":"nhd_perennial_streams","stream_type":"Perennial Stream","length_miles":null,"flow_direction":"","reach_code":""}},{"type":"Feature","geometry":{"type":"LineString","coordinates":[[-87.8026,36.3375],[-87.8047,36.3394]]},"properties":{"name":"Unnamed Stream","layer":"nhd_perennial_streams","stream_type":"Perennial Stream","length_miles":null,"flow_direction":"","reach_code":""}},{"type":"Feature","geometry":{"type":"LineString","coordinates":[[-87.7605,36.3396],[-87.7657,36.3424]]},"properties":{"name":"Unnamed Stream","layer":"nhd_perennial_streams","stream_type":"Perennial Stream","length_miles":null,"flow_direction":"","reach_code":""}},{"type":"Feature","geometry":{"type":"LineString","coordinates":[[-87.8904,36.4662],[-87.8844,36.4707]]},"properties":{"name":"Unnamed Stream","layer":"nhd_perennial_streams","stream_type":"Perennial Stream","length_miles":null,"flow_direction":"","reach_code":""}},{"type":"Feature","geometry":{"type":"LineString","coordinates":[[-87.8057,36.4119],[-87.8098,36.4202]]},"properties":{"name":"Unnamed Stream","layer":"nhd_perennial_streams","stream_type":"Perennial Stream","length_miles":null,"flow_direction":"","reach_code":""}},{"type":"Feature","geometry":{"type":"LineString","coordinates":[[-87.8177,36.5923],[-87.8177,36.5939]]},"properties":{"name":"Unnamed Stream","layer":"nhd_perennial_streams","stream_type":"Perennial Stream","length_miles":null,"flow_direction":"","reach_code":""}},{"type":"Feature","geometry":{"type":"LineString","coordinates":[[-87.7879,36.5558],[-87.7861,36.5542]]},"properties":{"name":"Unnamed Stream","layer":"nhd_perennial_streams","stream_type":"Perennial Stream","length_miles":null,"flow_direction":"","reach_code":""}},{"type":"Feature","geometry":{"type":"LineString","coordinates":[[-87.7166,36.345],[-87.7164,36.3451]]},"properties":{"name":"Unnamed Stream","layer":"nhd_perennial_streams","stream_type":"Perennial Stream","length_miles":null,"flow_direction":"","reach_code":""}},{"type":"Feature","geometry":{"type":"LineString","coordinates":[[-87.8363,36.3671],[-87.8446,36.3656]]},"properties":{"name":"Unnamed Stream","layer":"nhd_perennial_streams","stream_type":"Perennial Stream","length_miles":null,"flow_direction":"","reach_code":""}},{"type":"Feature","geometry":{"type":"LineString","coordinates":[[-87.8585,36.4071],[-87.8573,36.3992]]},"properties":{"name":"Unnamed Stream","layer":"nhd_perennial_streams","stream_type":"Perennial Stream","length_miles":null,"flow_direction":"","reach_code":""}},{"type":"Feature","geometry":{"type":"LineString","coordinates":[[-87.7855,36.4737],[-87.7855,36.4739]]},"properties":{"name":"Unnamed Stream","layer":"nhd_perennial_streams","stream_type":"Perennial Stream","length_miles":null,"flow_direction":"","reach_code":""}},{"type":"Feature","geometry":{"type":"LineString","coordinates":[[-87.8915,36.4975],[-87.892,36.5]]},"properties":{"name":"Unnamed Stream","layer":"nhd_perennial_streams","stream_type":"Perennial Stream","length_miles":null,"flow_direction":"","reach_code":""}},{"type":"Feature","geometry":{"type":"LineString","coordinates":[[-87.8977,36.4991],[-87.8983,36.5]]},"properties":{"name":"Unnamed Stream","layer":"nhd_perennial_streams","stream_type":"Perennial Stream","length_miles":null,"flow_direction":"","reach_code":""}},{"type":"Feature","geometry":{"type":"LineString","coordinates":[[-87.6923,36.5187],[-87.6955,36.5119]]},"properties":{"name":"Unnamed Stream","layer":"nhd_perennial_streams","stream_type":"Perennial Stream","length_miles":null,"flow_direction":"","reach_code":""}},{"type":"Feature","geometry":{"type":"LineString","coordinates":[[-87.755,36.4329],[-87.7519,36.4369],[-87.7536,36.4408]]},"properties":{"name":"Unnamed Stream","layer":"nhd_perennial_streams","stream_type":"Perennial Stream","length_miles":null,"flow_direction":"","reach_code":""}},{"type":"Feature","geometry":{"type":"LineString","coordinates":[[-87.7274,36.3824],[-87.7282,36.3864]]},"properties":{"name":"Unnamed Stream","layer":"nhd_perennial_streams","stream_type":"Perennial Stream","length_miles":null,"flow_direction":"","reach_code":""}},{"type":"Feature","geometry":{"type":"LineString","coordinates":[[-87.6672,36.3516],[-87.6661,36.3533]]},"properties":{"name":"Unnamed Stream","layer":"nhd_perennial_streams","stream_type":"Perennial Stream","length_miles":null,"flow_direction":"","reach_code":""}},{"type":"Feature","geometry":{"type":"LineString","coordinates":[[-87.7897,36.3827],[-87.7896,36.3839]]},"properties":{"name":"Unnamed Stream","layer":"nhd_perennial_streams","stream_type":"Perennial Stream","length_miles":null,"flow_direction":"","reach_code":""}},{"type":"Feature","geometry":{"type":"LineString","coordinates":[[-87.7017,36.3751],[-87.7016,36.3752]]},"properties":{"name":"Unnamed Stream","layer":"nhd_perennial_streams","stream_type":"Perennial Stream","length_miles":null,"flow_direction":"","reach_code":""}},{"type":"Feature","geometry":{"type":"LineString","coordinates":[[-87.9146,36.4332],[-87.9212,36.4274]]},"properties":{"name":"Unnamed Stream","layer":"nhd_perennial_streams","stream_type":"Perennial Stream","length_miles":null,"flow_direction":"","reach_code":""}},{"type":"Feature","geometry":{"type":"LineString","coordinates":[[-87.6704,36.3804],[-87.6707,36.3804]]},"properties":{"name":"Unnamed Stream","layer":"nhd_perennial_streams","stream_type":"Perennial Stream","length_miles":null,"flow_direction":"","reach_code":""}},{"type":"Feature","geometry":{"type":"LineString","coordinates":[[-87.6672,36.3425],[-87.6659,36.3464]]},"properties":{"name":"Unnamed Stream","layer":"nhd_perennial_streams","stream_type":"Perennial Stream","length_miles":null,"flow_direction":"","reach_code":""}},{"type":"Feature","geometry":{"type":"LineString","coordinates":[[-87.7045,36.486],[-87.7054,36.4853]]},"properties":{"name":"Unnamed Stream","layer":"nhd_perennial_streams","stream_type":"Perennial Stream","length_miles":null,"flow_direction":"","reach_code":""}},{"type":"Feature","geometry":{"type":"LineString","coordinates":[[-87.8481,36.4519],[-87.8441,36.4541]]},"properties":{"name":"Unnamed Stream","layer":"nhd_perennial_streams","stream_type":"Perennial Stream","length_miles":null,"flow_direction":"","reach_code":""}},{"type":"Feature","geometry":{"type":"LineString","coordinates":[[-87.7814,36.5585],[-87.7852,36.5553]]},"properties":{"name":"Unnamed Stream","layer":"nhd_perennial_streams","stream_type":"Perennial Stream","length_miles":null,"flow_direction":"","reach_code":""}},{"type":"Feature","geometry":{"type":"LineString","coordinates":[[-87.7567,36.3827],[-87.75,36.3851]]},"properties":{"name":"Unnamed Stream","layer":"nhd_perennial_streams","stream_type":"Perennial Stream","length_miles":null,"flow_direction":"","reach_code":""}},{"type":"Feature","geometry":{"type":"LineString","coordinates":[[-87.829,36.349],[-87.8335,36.3488]]},"properties":{"name":"Unnamed Stream","layer":"nhd_perennial_streams","stream_type":"Perennial Stream","length_miles":null,"flow_direction":"","reach_code":""}},{"type":"Feature","geometry":{"type":"LineString","coordinates":[[-87.8851,36.3809],[-87.8861,36.3888]]},"properties":{"name":"Unnamed Stream","layer":"nhd_perennial_streams","stream_type":"Perennial Stream","length_miles":null,"flow_direction":"","reach_code":""}},{"type":"Feature","geometry":{"type":"LineString","coordinates":[[-87.6497,36.5],[-87.654,36.4995]]},"properties":{"name":"Unnamed Stream","layer":"nhd_perennial_streams","stream_type":"Perennial Stream","length_miles":null,"flow_direction":"","reach_code":""}},{"type":"Feature","geometry":{"type":"LineString","coordinates":[[-87.7764,36.5642],[-87.7781,36.5608]]},"properties":{"name":"Unnamed Stream","layer":"nhd_perennial_streams","stream_type":"Perennial Stream","length_miles":null,"flow_direction":"","reach_code":""}},{"type":"Feature","geometry":{"type":"LineString","coordinates":[[-87.8267,36.3425],[-87.829,36.349]]},"properties":{"name":"Unnamed Stream","layer":"nhd_perennial_streams","stream_type":"Perennial Stream","length_miles":null,"flow_direction":"","reach_code":""}},{"type":"Feature","geometry":{"type":"LineString","coordinates":[[-87.8976,36.3871],[-87.8996,36.392]]},"properties":{"name":"Unnamed Stream","layer":"nhd_perennial_streams","stream_type":"Perennial Stream","length_miles":null,"flow_direction":"","reach_code":""}},{"type":"Feature","geometry":{"type":"LineString","coordinates":[[-87.8655,36.4782],[-87.8586,36.4762]]},"properties":{"name":"Unnamed Stream","layer":"nhd_perennial_streams","stream_type":"Perennial Stream","length_miles":null,"flow_direction":"","reach_code":""}},{"type":"Feature","geometry":{"type":"LineString","coordinates":[[-87.5842,36.4512],[-87.5775,36.4382]]},"properties":{"name":"Unnamed Stream","layer":"nhd_perennial_streams","stream_type":"Perennial Stream","length_miles":null,"flow_direction":"","reach_code":""}},{"type":"Feature","geometry":{"type":"LineString","coordinates":[[-87.9068,36.4648],[-87.9061,36.4702]]},"properties":{"name":"Unnamed Stream","layer":"nhd_perennial_streams","stream_type":"Perennial Stream","length_miles":null,"flow_direction":"","reach_code":""}},{"type":"Feature","geometry":{"type":"LineString","coordinates":[[-87.8137,36.4175],[-87.8098,36.4202]]},"properties":{"name":"Unnamed Stream","layer":"nhd_perennial_streams","stream_type":"Perennial Stream","length_miles":null,"flow_direction":"","reach_code":""}},{"type":"Feature","geometry":{"type":"LineString","coordinates":[[-87.7691,36.4212],[-87.7662,36.421]]},"properties":{"name":"Unnamed Stream","layer":"nhd_perennial_streams","stream_type":"Perennial Stream","length_miles":null,"flow_direction":"","reach_code":""}},{"type":"Feature","geometry":{"type":"LineString","coordinates":[[-87.7438,36.3668],[-87.7441,36.3685]]},"properties":{"name":"Unnamed Stream","layer":"nhd_perennial_streams","stream_type":"Perennial Stream","length_miles":null,"flow_direction":"","reach_code":""}},{"type":"Feature","geometry":{"type":"LineString","coordinates":[[-87.6731,36.3701],[-87.6647,36.3692]]},"properties":{"name":"Unnamed Stream","layer":"nhd_perennial_streams","stream_type":"Perennial Stream","length_miles":null,"flow_direction":"","reach_code":""}},{"type":"Feature","geometry":{"type":"LineString","coordinates":[[-87.8469,36.4685],[-87.8426,36.47]]},"properties":{"name":"Unnamed Stream","layer":"nhd_perennial_streams","stream_type":"Perennial Stream","length_miles":null,"flow_direction":"","reach_code":""}},{"type":"Feature","geometry":{"type":"LineString","coordinates":[[-87.7016,36.3752],[-87.7008,36.3782]]},"properties":{"name":"Unnamed Stream","layer":"nhd_perennial_streams","stream_type":"Perennial Stream","length_miles":null,"flow_direction":"","reach_code":""}},{"type":"Feature","geometry":{"type":"LineString","coordinates":[[-87.7739,36.4704],[-87.775,36.4748],[-87.7855,36.4739]]},"properties":{"name":"Unnamed Stream","layer":"nhd_perennial_streams","stream_type":"Perennial Stream","length_miles":null,"flow_direction":"","reach_code":""}},{"type":"Feature","geometry":{"type":"LineString","coordinates":[[-87.8891,36.411],[-87.8937,36.4133]]},"properties":{"name":"Unnamed Stream","layer":"nhd_perennial_streams","stream_type":"Perennial Stream","length_miles":null,"flow_direction":"","reach_code":""}},{"type":"Feature","geometry":{"type":"LineString","coordinates":[[-87.8196,36.3328],[-87.8269,36.332]]},"properties":{"name":"Unnamed Stream","layer":"nhd_perennial_streams","stream_type":"Perennial Stream","length_miles":null,"flow_direction":"","reach_code":""}},{"type":"Feature","geometry":{"type":"LineString","coordinates":[[-87.625,36.3905],[-87.6249,36.3906]]},"properties":{"name":"Unnamed Stream","layer":"nhd_perennial_streams","stream_type":"Perennial Stream","length_miles":null,"flow_direction":"","reach_code":""}},{"type":"Feature","geometry":{"type":"LineString","coordinates":[[-87.6888,36.3651],[-87.6872,36.3655]]},"properties":{"name":"Unnamed Stream","layer":"nhd_perennial_streams","stream_type":"Perennial Stream","length_miles":null,"flow_direction":"","reach_code":""}},{"type":"Feature","geometry":{"type":"LineString","coordinates":[[-87.78,36.4327],[-87.7835,36.4298],[-87.7933,36.4302],[-87.7982,36.4351]]},"properties":{"name":"Unnamed Stream","layer":"nhd_perennial_streams","stream_type":"Perennial Stream","length_miles":null,"flow_direction":"","reach_code":""}},{"type":"Feature","geometry":{"type":"LineString","coordinates":[[-87.7563,36.4538],[-87.7526,36.4552]]},"properties":{"name":"Unnamed Stream","layer":"nhd_perennial_streams","stream_type":"Perennial Stream","length_miles":null,"flow_direction":"","reach_code":""}},{"type":"Feature","geometry":{"type":"LineString","coordinates":[[-87.8981,36.4648],[-87.8904,36.4662]]},"properties":{"name":"Unnamed Stream","layer":"nhd_perennial_streams","stream_type":"Perennial Stream","length_miles":null,"flow_direction":"","reach_code":""}},{"type":"Feature","geometry":{"type":"LineString","coordinates":[[-87.8024,36.3374],[-87.8026,36.3375]]},"properties":{"name":"Unnamed Stream","layer":"nhd_perennial_streams","stream_type":"Perennial Stream","length_miles":null,"flow_direction":"","reach_code":""}},{"type":"Feature","geometry":{"type":"LineString","coordinates":[[-87.74,36.3805],[-87.7398,36.3859]]},"properties":{"name":"Unnamed Stream","layer":"nhd_perennial_streams","stream_type":"Perennial Stream","length_miles":null,"flow_direction":"","reach_code":""}},{"type":"Feature","geometry":{"type":"LineString","coordinates":[[-87.7825,36.4667],[-87.7855,36.4737]]},"properties":{"name":"Unnamed Stream","layer":"nhd_perennial_streams","stream_type":"Perennial Stream","length_miles":null,"flow_direction":"","reach_code":""}},{"type":"Feature","geometry":{"type":"LineString","coordinates":[[-87.8301,36.4074],[-87.822,36.4118]]},"properties":{"name":"Unnamed Stream","layer":"nhd_perennial_streams","stream_type":"Perennial Stream","length_miles":null,"flow_direction":"","reach_code":""}},{"type":"Feature","geometry":{"type":"LineString","coordinates":[[-87.7526,36.4552],[-87.7507,36.4559]]},"properties":{"name":"Unnamed Stream","layer":"nhd_perennial_streams","stream_type":"Perennial Stream","length_miles":null,"flow_direction":"","reach_code":""}},{"type":"Feature","geometry":{"type":"LineString","coordinates":[[-87.7849,36.3896],[-87.7825,36.392]]},"properties":{"name":"Unnamed Stream","layer":"nhd_perennial_streams","stream_type":"Perennial Stream","length_miles":null,"flow_direction":"","reach_code":""}},{"type":"Feature","geometry":{"type":"LineString","coordinates":[[-87.7927,36.3299],[-87.7927,36.3299]]},"properties":{"name":"Unnamed Stream","layer":"nhd_perennial_streams","stream_type":"Perennial Stream","length_miles":null,"flow_direction":"","reach_code":""}},{"type":"Feature","geometry":{"type":"LineString","coordinates":[[-87.76,36.344],[-87.7657,36.3424]]},"properties":{"name":"Unnamed Stream","layer":"nhd_perennial_streams","stream_type":"Perennial Stream","length_miles":null,"flow_direction":"","reach_code":""}},{"type":"Feature","geometry":{"type":"LineString","coordinates":[[-87.6543,36.4991],[-87.6559,36.4984]]},"properties":{"name":"Unnamed Stream","layer":"nhd_perennial_streams","stream_type":"Perennial Stream","length_miles":null,"flow_direction":"","reach_code":""}},{"type":"Feature","geometry":{"type":"LineString","coordinates":[[-87.6655,36.3623],[-87.6664,36.3641]]},"properties":{"name":"Unnamed Stream","layer":"nhd_perennial_streams","stream_type":"Perennial Stream","length_miles":null,"flow_direction":"","reach_code":""}},{"type":"Feature","geometry":{"type":"LineString","coordinates":[[-87.6673,36.3513],[-87.6672,36.3516]]},"properties":{"name":"Unnamed Stream","layer":"nhd_perennial_streams","stream_type":"Perennial Stream","length_miles":null,"flow_direction":"","reach_code":""}},{"type":"Feature","geometry":{"type":"LineString","coordinates":[[-87.5913,36.4981],[-87.577,36.4866]]},"properties":{"name":"Unnamed Stream","layer":"nhd_perennial_streams","stream_type":"Perennial Stream","length_miles":null,"flow_direction":"","reach_code":""}},{"type":"Feature","geometry":{"type":"LineString","coordinates":[[-87.8298,36.4318],[-87.8335,36.4367]]},"properties":{"name":"Unnamed Stream","layer":"nhd_perennial_streams","stream_type":"Perennial Stream","length_miles":null,"flow_direction":"","reach_code":""}},{"type":"Feature","geometry":{"type":"LineString","coordinates":[[-87.6717,36.4765],[-87.674,36.4776]]},"properties":{"name":"Unnamed Stream","layer":"nhd_perennial_streams","stream_type":"Perennial Stream","length_miles":null,"flow_direction":"","reach_code":""}},{"type":"Feature","geometry":{"type":"LineString","coordinates":[[-87.8688,36.3879],[-87.8696,36.393]]},"properties":{"name":"Unnamed Stream","layer":"nhd_perennial_streams","stream_type":"Perennial Stream","length_miles":null,"flow_direction":"","reach_code":""}},{"type":"Feature","geometry":{"type":"LineString","coordinates":[[-87.9073,36.4411],[-87.9121,36.4346]]},"properties":{"name":"Unnamed Stream","layer":"nhd_perennial_streams","stream_type":"Perennial Stream","length_miles":null,"flow_direction":"","reach_code":""}},{"type":"Feature","geometry":{"type":"LineString","coordinates":[[-87.8598,36.4594],[-87.8441,36.4541]]},"properties":{"name":"Unnamed Stream","layer":"nhd_perennial_streams","stream_type":"Perennial Stream","length_miles":null,"flow_direction":"","reach_code":""}},{"type":"Feature","geometry":{"type":"LineString","coordinates":[[-87.6559,36.4984],[-87.663,36.4972]]},"properties":{"name":"Unnamed Stream","layer":"nhd_perennial_streams","stream_type":"Perennial Stream","length_miles":null,"flow_direction":"","reach_code":""}},{"type":"Feature","geometry":{"type":"LineString","coordinates":[[-87.805,36.4016],[-87.8057,36.4119]]},"properties":{"name":"Unnamed Stream","layer":"nhd_perennial_streams","stream_type":"Perennial Stream","length_miles":null,"flow_direction":"","reach_code":""}},{"type":"Feature","geometry":{"type":"LineString","coordinates":[[-87.8976,36.4383],[-87.8965,36.4304]]},"properties":{"name":"Unnamed Stream","layer":"nhd_perennial_streams","stream_type":"Perennial Stream","length_miles":null,"flow_direction":"","reach_code":""}},{"type":"Feature","geometry":{"type":"LineString","coordinates":[[-87.7654,36.4888],[-87.7653,36.4888]]},"properties":{"name":"Unnamed Stream","layer":"nhd_perennial_streams","stream_type":"Perennial Stream","length_miles":null,"flow_direction":"","reach_code":""}},{"type":"Feature","geometry":{"type":"LineString","coordinates":[[-87.5998,36.4859],[-87.5974,36.4832]]},"properties":{"name":"Unnamed Stream","layer":"nhd_perennial_streams","stream_type":"Perennial Stream","length_miles":null,"flow_direction":"","reach_code":""}},{"type":"Feature","geometry":{"type":"LineString","coordinates":[[-87.7776,36.45],[-87.7732,36.454]]},"properties":{"name":"Unnamed Stream","layer":"nhd_perennial_streams","stream_type":"Perennial Stream","length_miles":null,"flow_direction":"","reach_code":""}},{"type":"Feature","geometry":{"type":"LineString","coordinates":[[-87.58,36.4868],[-87.577,36.4866]]},"properties":{"name":"Unnamed Stream","layer":"nhd_perennial_streams","stream_type":"Perennial Stream","length_miles":null,"flow_direction":"","reach_code":""}},{"type":"Feature","geometry":{"type":"LineString","coordinates":[[-87.6481,36.4841],[-87.6518,36.4835]]},"properties":{"name":"Unnamed Stream","layer":"nhd_perennial_streams","stream_type":"Perennial Stream","length_miles":null,"flow_direction":"","reach_code":""}},{"type":"Feature","geometry":{"type":"LineString","coordinates":[[-87.8828,36.4824],[-87.8821,36.4828]]},"properties":{"name":"Unnamed Stream","layer":"nhd_perennial_streams","stream_type":"Perennial Stream","length_miles":null,"flow_direction":"","reach_code":""}},{"type":"Feature","geometry":{"type":"LineString","coordinates":[[-87.7526,36.3385],[-87.744,36.3381]]},"properties":{"name":"Unnamed Stream","layer":"nhd_perennial_streams","stream_type":"Perennial Stream","length_miles":null,"flow_direction":"","reach_code":""}},{"type":"Feature","geometry":{"type":"LineString","coordinates":[[-87.7561,36.3709],[-87.7498,36.372]]},"properties":{"name":"Unnamed Stream","layer":"nhd_perennial_streams","stream_type":"Perennial Stream","length_miles":null,"flow_direction":"","reach_code":""}},{"type":"Feature","geometry":{"type":"LineString","coordinates":[[-87.9139,36.4153],[-87.9207,36.4128]]},"properties":{"name":"Unnamed Stream","layer":"nhd_perennial_streams","stream_type":"Perennial Stream","length_miles":null,"flow_direction":"","reach_code":""}},{"type":"Feature","geometry":{"type":"LineString","coordinates":[[-87.7562,36.4245],[-87.7563,36.4251]]},"properties":{"name":"Unnamed Stream","layer":"nhd_perennial_streams","stream_type":"Perennial Stream","length_miles":null,"flow_direction":"","reach_code":""}},{"type":"Feature","geometry":{"type":"LineString","coordinates":[[-87.7657,36.3424],[-87.771,36.3432]]},"properties":{"name":"Unnamed Stream","layer":"nhd_perennial_streams","stream_type":"Perennial Stream","length_miles":null,"flow_direction":"","reach_code":""}},{"type":"Feature","geometry":{"type":"LineString","coordinates":[[-87.6494,36.5001],[-87.6497,36.5]]},"properties":{"name":"Unnamed Stream","layer":"nhd_perennial_streams","stream_type":"Perennial Stream","length_miles":null,"flow_direction":"","reach_code":""}},{"type":"Feature","geometry":{"type":"LineString","coordinates":[[-87.7354,36.3917],[-87.7345,36.3931]]},"properties":{"name":"Unnamed Stream","layer":"nhd_perennial_streams","stream_type":"Perennial Stream","length_miles":null,"flow_direction":"","reach_code":""}},{"type":"Feature","geometry":{"type":"LineString","coordinates":[[-87.6547,36.3755],[-87.6551,36.3751]]},"properties":{"name":"Unnamed Stream","layer":"nhd_perennial_streams","stream_type":"Perennial Stream","length_miles":null,"flow_direction":"","reach_code":""}},{"type":"Feature","geometry":{"type":"LineString","coordinates":[[-87.8696,36.4603],[-87.8598,36.4594]]},"properties":{"name":"Unnamed Stream","layer":"nhd_perennial_streams","stream_type":"Perennial Stream","length_miles":null,"flow_direction":"","reach_code":""}},{"type":"Feature","geometry":{"type":"LineString","coordinates":[[-87.6538,36.418],[-87.6603,36.4119]]},"properties":{"name":"Unnamed Stream","layer":"nhd_perennial_streams","stream_type":"Perennial Stream","length_miles":null,"flow_direction":"","reach_code":""}},{"type":"Feature","geometry":{"type":"LineString","coordinates":[[-87.7891,36.5899],[-87.8003,36.6014]]},"properties":{"name":"Unnamed Stream","layer":"nhd_perennial_streams","stream_type":"Perennial Stream","length_miles":null,"flow_direction":"","reach_code":""}},{"type":"Feature","geometry":{"type":"LineString","coordinates":[[-87.7695,36.3868],[-87.7691,36.389]]},"properties":{"name":"Unnamed Stream","layer":"nhd_perennial_streams","stream_type":"Perennial Stream","length_miles":null,"flow_direction":"","reach_code":""}},{"type":"Feature","geometry":{"type":"LineString","coordinates":[[-87.762,36.5803],[-87.763,36.5797]]},"properties":{"name":"Unnamed Stream","layer":"nhd_perennial_streams","stream_type":"Perennial Stream","length_miles":null,"flow_direction":"","reach_code":""}},{"type":"Feature","geometry":{"type":"LineString","coordinates":[[-87.9164,36.4713],[-87.9054,36.4759]]},"properties":{"name":"Unnamed Stream","layer":"nhd_perennial_streams","stream_type":"Perennial Stream","length_miles":null,"flow_direction":"","reach_code":""}},{"type":"Feature","geometry":{"type":"LineString","coordinates":[[-87.7823,36.4667],[-87.7825,36.4667]]},"properties":{"name":"Unnamed Stream","layer":"nhd_perennial_streams","stream_type":"Perennial Stream","length_miles":null,"flow_direction":"","reach_code":""}},{"type":"Feature","geometry":{"type":"LineString","coordinates":[[-87.7888,36.4654],[-87.796,36.4633],[-87.8013,36.4673]]},"properties":{"name":"Unnamed Stream","layer":"nhd_perennial_streams","stream_type":"Perennial Stream","length_miles":null,"flow_direction":"","reach_code":""}},{"type":"Feature","geometry":{"type":"LineString","coordinates":[[-87.6245,36.4333],[-87.617,36.4321]]},"properties":{"name":"Unnamed Stream","layer":"nhd_perennial_streams","stream_type":"Perennial Stream","length_miles":null,"flow_direction":"","reach_code":""}},{"type":"Feature","geometry":{"type":"LineString","coordinates":[[-87.6168,36.4062],[-87.6186,36.4054]]},"properties":{"name":"Unnamed Stream","layer":"nhd_perennial_streams","stream_type":"Perennial Stream","length_miles":null,"flow_direction":"","reach_code":""}},{"type":"Feature","geometry":{"type":"LineString","coordinates":[[-87.7785,36.4252],[-87.7691,36.4212]]},"properties":{"name":"Unnamed Stream","layer":"nhd_perennial_streams","stream_type":"Perennial Stream","length_miles":null,"flow_direction":"","reach_code":""}},{"type":"Feature","geometry":{"type":"LineString","coordinates":[[-87.6862,36.5339],[-87.6866,36.5339]]},"properties":{"name":"Unnamed Stream","layer":"nhd_perennial_streams","stream_type":"Perennial Stream","length_miles":null,"flow_direction":"","reach_code":""}},{"type":"Feature","geometry":{"type":"LineString","coordinates":[[-87.7646,36.3214],[-87.7668,36.3217]]},"properties":{"name":"Unnamed Stream","layer":"nhd_perennial_streams","stream_type":"Perennial Stream","length_miles":null,"flow_direction":"","reach_code":""}},{"type":"Feature","geometry":{"type":"LineString","coordinates":[[-87.8545,36.3456],[-87.8555,36.3456]]},"properties":{"name":"Unnamed Stream","layer":"nhd_perennial_streams","stream_type":"Perennial Stream","length_miles":null,"flow_direction":"","reach_code":""}},{"type":"Feature","geometry":{"type":"LineString","coordinates":[[-87.819,36.3564],[-87.8223,36.3549]]},"properties":{"name":"Unnamed Stream","layer":"nhd_perennial_streams","stream_type":"Perennial Stream","length_miles":null,"flow_direction":"","reach_code":""}},{"type":"Feature","geometry":{"type":"LineString","coordinates":[[-87.675,36.5867],[-87.6691,36.5874]]},"properties":{"name":"Unnamed Stream","layer":"nhd_perennial_streams","stream_type":"Perennial Stream","length_miles":null,"flow_direction":"","reach_code":""}},{"type":"Feature","geometry":{"type":"LineString","coordinates":[[-87.6591,36.5734],[-87.6593,36.5742]]},"properties":{"name":"Unnamed Stream","layer":"nhd_perennial_streams","stream_type":"Perennial Stream","length_miles":null,"flow_direction":"","reach_code":""}},{"type":"Feature","geometry":{"type":"LineString","coordinates":[[-87.8857,36.4584],[-87.8851,36.4599]]},"properties":{"name":"Unnamed Stream","layer":"nhd_perennial_streams","stream_type":"Perennial Stream","length_miles":null,"flow_direction":"","reach_code":""}},{"type":"Feature","geometry":{"type":"LineString","coordinates":[[-87.8355,36.4413],[-87.8376,36.4509]]},"properties":{"name":"Unnamed Stream","layer":"nhd_perennial_streams","stream_type":"Perennial Stream","length_miles":null,"flow_direction":"","reach_code":""}},{"type":"Feature","geometry":{"type":"LineString","coordinates":[[-87.8441,36.4541],[-87.838,36.4561]]},"properties":{"name":"Unnamed Stream","layer":"nhd_perennial_streams","stream_type":"Perennial Stream","length_miles":null,"flow_direction":"","reach_code":""}},{"type":"Feature","geometry":{"type":"LineString","coordinates":[[-87.5977,36.5046],[-87.5947,36.5035]]},"properties":{"name":"Unnamed Stream","layer":"nhd_perennial_streams","stream_type":"Perennial Stream","length_miles":null,"flow_direction":"","reach_code":""}},{"type":"Feature","geometry":{"type":"LineString","coordinates":[[-87.7176,36.4005],[-87.7143,36.4035]]},"properties":{"name":"Unnamed Stream","layer":"nhd_perennial_streams","stream_type":"Perennial Stream","length_miles":null,"flow_direction":"","reach_code":""}},{"type":"Feature","geometry":{"type":"LineString","coordinates":[[-87.7659,36.5289],[-87.7663,36.5229]]},"properties":{"name":"Unnamed Stream","layer":"nhd_perennial_streams","stream_type":"Perennial Stream","length_miles":null,"flow_direction":"","reach_code":""}},{"type":"Feature","geometry":{"type":"LineString","coordinates":[[-87.6514,36.3769],[-87.6508,36.3763]]},"properties":{"name":"Unnamed Stream","layer":"nhd_perennial_streams","stream_type":"Perennial Stream","length_miles":null,"flow_direction":"","reach_code":""}},{"type":"Feature","geometry":{"type":"LineString","coordinates":[[-87.851,36.3449],[-87.8545,36.3456]]},"properties":{"name":"Unnamed Stream","layer":"nhd_perennial_streams","stream_type":"Perennial Stream","length_miles":null,"flow_direction":"","reach_code":""}},{"type":"Feature","geometry":{"type":"LineString","coordinates":[[-87.8499,36.3613],[-87.8522,36.3564]]},"properties":{"name":"Unnamed Stream","layer":"nhd_perennial_streams","stream_type":"Perennial Stream","length_miles":null,"flow_direction":"","reach_code":""}},{"type":"Feature","geometry":{"type":"LineString","coordinates":[[-87.8912,36.3819],[-87.8976,36.3871]]},"properties":{"name":"Unnamed Stream","layer":"nhd_perennial_streams","stream_type":"Perennial Stream","length_miles":null,"flow_direction":"","reach_code":""}},{"type":"Feature","geometry":{"type":"LineString","coordinates":[[-87.8727,36.3762],[-87.8868,36.3675]]},"properties":{"name":"Unnamed Stream","layer":"nhd_perennial_streams","stream_type":"Perennial Stream","length_miles":null,"flow_direction":"","reach_code":""}},{"type":"Feature","geometry":{"type":"LineString","coordinates":[[-87.8076,36.5314],[-87.8146,36.5285]]},"properties":{"name":"Unnamed Stream","layer":"nhd_perennial_streams","stream_type":"Perennial Stream","length_miles":null,"flow_direction":"","reach_code":""}},{"type":"Feature","geometry":{"type":"LineString","coordinates":[[-87.7411,36.5171],[-87.7424,36.5166]]},"properties":{"name":"Unnamed Stream","layer":"nhd_perennial_streams","stream_type":"Perennial Stream","length_miles":null,"flow_direction":"","reach_code":""}},{"type":"Feature","geometry":{"type":"LineString","coordinates":[[-87.8531,36.4728],[-87.8435,36.4705]]},"properties":{"name":"Unnamed Stream","layer":"nhd_perennial_streams","stream_type":"Perennial Stream","length_miles":null,"flow_direction":"","reach_code":""}},{"type":"Feature","geometry":{"type":"LineString","coordinates":[[-87.8005,36.4556],[-87.7983,36.4609]]},"properties":{"name":"Unnamed Stream","layer":"nhd_perennial_streams","stream_type":"Perennial Stream","length_miles":null,"flow_direction":"","reach_code":""}},{"type":"Feature","geometry":{"type":"LineString","coordinates":[[-87.5775,36.4382],[-87.5746,36.4346]]},"properties":{"name":"Unnamed Stream","layer":"nhd_perennial_streams","stream_type":"Perennial Stream","length_miles":null,"flow_direction":"","reach_code":""}},{"type":"Feature","geometry":{"type":"LineString","coordinates":[[-87.8133,36.359],[-87.819,36.3564]]},"properties":{"name":"Unnamed Stream","layer":"nhd_perennial_streams","stream_type":"Perennial Stream","length_miles":null,"flow_direction":"","reach_code":""}},{"type":"Feature","geometry":{"type":"LineString","coordinates":[[-87.7713,36.4628],[-87.7653,36.4615],[-87.7564,36.4669],[-87.75,36.4641]]},"properties":{"name":"Unnamed Stream","layer":"nhd_perennial_streams","stream_type":"Perennial Stream","length_miles":null,"flow_direction":"","reach_code":""}},{"type":"Feature","geometry":{"type":"LineString","coordinates":[[-87.8522,36.4847],[-87.8522,36.4848]]},"properties":{"name":"Unnamed Stream","layer":"nhd_perennial_streams","stream_type":"Perennial Stream","length_miles":null,"flow_direction":"","reach_code":""}},{"type":"Feature","geometry":{"type":"LineString","coordinates":[[-87.8844,36.4707],[-87.8839,36.4716]]},"properties":{"name":"Unnamed Stream","layer":"nhd_perennial_streams","stream_type":"Perennial Stream","length_miles":null,"flow_direction":"","reach_code":""}},{"type":"Feature","geometry":{"type":"LineString","coordinates":[[-87.8041,36.3754],[-87.8027,36.3757]]},"properties":{"name":"Unnamed Stream","layer":"nhd_perennial_streams","stream_type":"Perennial Stream","length_miles":null,"flow_direction":"","reach_code":""}},{"type":"Feature","geometry":{"type":"LineString","coordinates":[[-87.8464,36.4087],[-87.8505,36.4008],[-87.8573,36.3992]]},"properties":{"name":"Unnamed Stream","layer":"nhd_perennial_streams","stream_type":"Perennial Stream","length_miles":null,"flow_direction":"","reach_code":""}},{"type":"Feature","geometry":{"type":"LineString","coordinates":[[-87.9015,36.3844],[-87.9067,36.3889]]},"properties":{"name":"Unnamed Stream","layer":"nhd_perennial_streams","stream_type":"Perennial Stream","length_miles":null,"flow_direction":"","reach_code":""}},{"type":"Feature","geometry":{"type":"LineString","coordinates":[[-87.7658,36.4863],[-87.7653,36.4888]]},"properties":{"name":"Unnamed Stream","layer":"nhd_perennial_streams","stream_type":"Perennial Stream","length_miles":null,"flow_direction":"","reach_code":""}},{"type":"Feature","geometry":{"type":"LineString","coordinates":[[-87.8216,36.3835],[-87.8218,36.3875],[-87.8278,36.393]]},"properties":{"name":"Unnamed Stream","layer":"nhd_perennial_streams","stream_type":"Perennial Stream","length_miles":null,"flow_direction":"","reach_code":""}},{"type":"Feature","geometry":{"type":"LineString","coordinates":[[-87.7459,36.5144],[-87.7457,36.5121]]},"properties":{"name":"Unnamed Stream","layer":"nhd_perennial_streams","stream_type":"Perennial Stream","length_miles":null,"flow_direction":"","reach_code":""}},{"type":"Feature","geometry":{"type":"LineString","coordinates":[[-87.5868,36.4863],[-87.58,36.4868]]},"properties":{"name":"Unnamed Stream","layer":"nhd_perennial_streams","stream_type":"Perennial Stream","length_miles":null,"flow_direction":"","reach_code":""}},{"type":"Feature","geometry":{"type":"LineString","coordinates":[[-87.7649,36.4091],[-87.7656,36.4105]]},"properties":{"name":"Unnamed Stream","layer":"nhd_perennial_streams","stream_type":"Perennial Stream","length_miles":null,"flow_direction":"","reach_code":""}},{"type":"Feature","geometry":{"type":"LineString","coordinates":[[-87.7855,36.4739],[-87.7996,36.4771]]},"properties":{"name":"Unnamed Stream","layer":"nhd_perennial_streams","stream_type":"Perennial Stream","length_miles":null,"flow_direction":"","reach_code":""}},{"type":"Feature","geometry":{"type":"LineString","coordinates":[[-87.6144,36.3796],[-87.614,36.3801]]},"properties":{"name":"Unnamed Stream","layer":"nhd_perennial_streams","stream_type":"Perennial Stream","length_miles":null,"flow_direction":"","reach_code":""}},{"type":"Feature","geometry":{"type":"LineString","coordinates":[[-87.7595,36.3664],[-87.7627,36.3745]]},"properties":{"name":"Unnamed Stream","layer":"nhd_perennial_streams","stream_type":"Perennial Stream","length_miles":null,"flow_direction":"","reach_code":""}},{"type":"Feature","geometry":{"type":"LineString","coordinates":[[-87.9124,36.4526],[-87.9131,36.4559],[-87.9086,36.46]]},"properties":{"name":"Unnamed Stream","layer":"nhd_perennial_streams","stream_type":"Perennial Stream","length_miles":null,"flow_direction":"","reach_code":""}},{"type":"Feature","geometry":{"type":"LineString","coordinates":[[-87.5746,36.4346],[-87.5787,36.4322]]},"properties":{"name":"Unnamed Stream","layer":"nhd_perennial_streams","stream_type":"Perennial Stream","length_miles":null,"flow_direction":"","reach_code":""}},{"type":"Feature","geometry":{"type":"LineString","coordinates":[[-87.7747,36.4905],[-87.7776,36.4967]]},"properties":{"name":"Unnamed Stream","layer":"nhd_perennial_streams","stream_type":"Perennial Stream","length_miles":null,"flow_direction":"","reach_code":""}},{"type":"Feature","geometry":{"type":"LineString","coordinates":[[-87.894,36.412],[-87.8937,36.4133]]},"properties":{"name":"Unnamed Stream","layer":"nhd_perennial_streams","stream_type":"Perennial Stream","length_miles":null,"flow_direction":"","reach_code":""}},{"type":"Feature","geometry":{"type":"LineString","coordinates":[[-87.8812,36.4203],[-87.8874,36.4211]]},"properties":{"name":"Unnamed Stream","layer":"nhd_perennial_streams","stream_type":"Perennial Stream","length_miles":null,"flow_direction":"","reach_code":""}},{"type":"Feature","geometry":{"type":"LineString","coordinates":[[-87.8643,36.3757],[-87.8641,36.3814]]},"properties":{"name":"Unnamed Stream","layer":"nhd_perennial_streams","stream_type":"Perennial Stream","length_miles":null,"flow_direction":"","reach_code":""}},{"type":"Feature","geometry":{"type":"LineString","coordinates":[[-87.7934,36.5454],[-87.7952,36.5442]]},"properties":{"name":"Unnamed Stream","layer":"nhd_perennial_streams","stream_type":"Perennial Stream","length_miles":null,"flow_direction":"","reach_code":""}},{"type":"Feature","geometry":{"type":"LineString","coordinates":[[-87.8177,36.5923],[-87.8177,36.5939]]},"properties":{"name":"Unnamed Stream","layer":"nhd_perennial_streams","stream_type":"Perennial Stream","length_miles":null,"flow_direction":"","reach_code":""}},{"type":"Feature","geometry":{"type":"LineString","coordinates":[[-87.8421,36.3998],[-87.8345,36.4012]]},"properties":{"name":"Unnamed Stream","layer":"nhd_perennial_streams","stream_type":"Perennial Stream","length_miles":null,"flow_direction":"","reach_code":""}},{"type":"Feature","geometry":{"type":"LineString","coordinates":[[-87.6881,36.4796],[-87.6909,36.4798]]},"properties":{"name":"Unnamed Stream","layer":"nhd_perennial_streams","stream_type":"Perennial Stream","length_miles":null,"flow_direction":"","reach_code":""}},{"type":"Feature","geometry":{"type":"LineString","coordinates":[[-87.8861,36.4987],[-87.882,36.5]]},"properties":{"name":"Unnamed Stream","layer":"nhd_perennial_streams","stream_type":"Perennial Stream","length_miles":null,"flow_direction":"","reach_code":""}},{"type":"Feature","geometry":{"type":"LineString","coordinates":[[-87.7671,36.5219],[-87.7672,36.5178]]},"properties":{"name":"Unnamed Stream","layer":"nhd_perennial_streams","stream_type":"Perennial Stream","length_miles":null,"flow_direction":"","reach_code":""}},{"type":"Feature","geometry":{"type":"LineString","coordinates":[[-87.6256,36.384],[-87.625,36.3841]]},"properties":{"name":"Unnamed Stream","layer":"nhd_perennial_streams","stream_type":"Perennial Stream","length_miles":null,"flow_direction":"","reach_code":""}},{"type":"Feature","geometry":{"type":"LineString","coordinates":[[-87.7653,36.4888],[-87.7626,36.4925]]},"properties":{"name":"Unnamed Stream","layer":"nhd_perennial_streams","stream_type":"Perennial Stream","length_miles":null,"flow_direction":"","reach_code":""}},{"type":"Feature","geometry":{"type":"LineString","coordinates":[[-87.6815,36.4234],[-87.68,36.4264]]},"properties":{"name":"Unnamed Stream","layer":"nhd_perennial_streams","stream_type":"Perennial Stream","length_miles":null,"flow_direction":"","reach_code":""}},{"type":"Feature","geometry":{"type":"LineString","coordinates":[[-87.8579,36.4119],[-87.869,36.4139]]},"properties":{"name":"Unnamed Stream","layer":"nhd_perennial_streams","stream_type":"Perennial Stream","length_miles":null,"flow_direction":"","reach_code":""}},{"type":"Feature","geometry":{"type":"LineString","coordinates":[[-87.8384,36.3472],[-87.846,36.3457]]},"properties":{"name":"Unnamed Stream","layer":"nhd_perennial_streams","stream_type":"Perennial Stream","length_miles":null,"flow_direction":"","reach_code":""}},{"type":"Feature","geometry":{"type":"LineString","coordinates":[[-87.8495,36.4238],[-87.8451,36.4317],[-87.8378,36.434]]},"properties":{"name":"Unnamed Stream","layer":"nhd_perennial_streams","stream_type":"Perennial Stream","length_miles":null,"flow_direction":"","reach_code":""}},{"type":"Feature","geometry":{"type":"LineString","coordinates":[[-87.6962,36.3983],[-87.6955,36.4002]]},"properties":{"name":"Unnamed Stream","layer":"nhd_perennial_streams","stream_type":"Perennial Stream","length_miles":null,"flow_direction":"","reach_code":""}},{"type":"Feature","geometry":{"type":"LineString","coordinates":[[-87.894,36.4712],[-87.8845,36.4808]]},"properties":{"name":"Unnamed Stream","layer":"nhd_perennial_streams","stream_type":"Perennial Stream","length_miles":null,"flow_direction":"","reach_code":""}},{"type":"Feature","geometry":{"type":"LineString","coordinates":[[-87.7654,36.4445],[-87.76,36.4529]]},"properties":{"name":"Unnamed Stream","layer":"nhd_perennial_streams","stream_type":"Perennial Stream","length_miles":null,"flow_direction":"","reach_code":""}},{"type":"Feature","geometry":{"type":"LineString","coordinates":[[-87.8066,36.3493],[-87.812,36.3481]]},"properties":{"name":"Unnamed Stream","layer":"nhd_perennial_streams","stream_type":"Perennial Stream","length_miles":null,"flow_direction":"","reach_code":""}},{"type":"Feature","geometry":{"type":"LineString","coordinates":[[-87.7921,36.4798],[-87.7998,36.4811]]},"properties":{"name":"Unnamed Stream","layer":"nhd_perennial_streams","stream_type":"Perennial Stream","length_miles":null,"flow_direction":"","reach_code":""}},{"type":"Feature","geometry":{"type":"LineString","coordinates":[[-87.7008,36.3782],[-87.7012,36.3802]]},"properties":{"name":"Unnamed Stream","layer":"nhd_perennial_streams","stream_type":"Perennial Stream","length_miles":null,"flow_direction":"","reach_code":""}},{"type":"Feature","geometry":{"type":"LineString","coordinates":[[-87.7398,36.3859],[-87.7376,36.3894]]},"properties":{"name":"Unnamed Stream","layer":"nhd_perennial_streams","stream_type":"Perennial Stream","length_miles":null,"flow_direction":"","reach_code":""}},{"type":"Feature","geometry":{"type":"LineString","coordinates":[[-87.9212,36.4831],[-87.9118,36.4926]]},"properties":{"name":"Unnamed Stream","layer":"nhd_perennial_streams","stream_type":"Perennial Stream","length_miles":null,"flow_direction":"","reach_code":""}},{"type":"Feature","geometry":{"type":"LineString","coordinates":[[-87.8822,36.4436],[-87.862,36.4479]]},"properties":{"name":"Unnamed Stream","layer":"nhd_perennial_streams","stream_type":"Perennial Stream","length_miles":null,"flow_direction":"","reach_code":""}},{"type":"Feature","geometry":{"type":"LineString","coordinates":[[-87.8696,36.393],[-87.8747,36.3956]]},"properties":{"name":"Unnamed Stream","layer":"nhd_perennial_streams","stream_type":"Perennial Stream","length_miles":null,"flow_direction":"","reach_code":""}},{"type":"Feature","geometry":{"type":"LineString","coordinates":[[-87.8335,36.3488],[-87.8365,36.349]]},"properties":{"name":"Unnamed Stream","layer":"nhd_perennial_streams","stream_type":"Perennial Stream","length_miles":null,"flow_direction":"","reach_code":""}},{"type":"Feature","geometry":{"type":"LineString","coordinates":[[-87.6793,36.5885],[-87.678,36.5882]]},"properties":{"name":"Unnamed Stream","layer":"nhd_perennial_streams","stream_type":"Perennial Stream","length_miles":null,"flow_direction":"","reach_code":""}},{"type":"Feature","geometry":{"type":"LineString","coordinates":[[-87.7715,36.5731],[-87.7765,36.565]]},"properties":{"name":"Unnamed Stream","layer":"nhd_perennial_streams","stream_type":"Perennial Stream","length_miles":null,"flow_direction":"","reach_code":""}},{"type":"Feature","geometry":{"type":"LineString","coordinates":[[-87.9026,36.4776],[-87.9018,36.4778]]},"properties":{"name":"Unnamed Stream","layer":"nhd_perennial_streams","stream_type":"Perennial Stream","length_miles":null,"flow_direction":"","reach_code":""}},{"type":"Feature","geometry":{"type":"LineString","coordinates":[[-87.7656,36.4105],[-87.7587,36.4169]]},"properties":{"name":"Unnamed Stream","layer":"nhd_perennial_streams","stream_type":"Perennial Stream","length_miles":null,"flow_direction":"","reach_code":""}},{"type":"Feature","geometry":{"type":"LineString","coordinates":[[-87.822,36.4531],[-87.8285,36.4632]]},"properties":{"name":"Unnamed Stream","layer":"nhd_perennial_streams","stream_type":"Perennial Stream","length_miles":null,"flow_direction":"","reach_code":""}},{"type":"Feature","geometry":{"type":"LineString","coordinates":[[-87.8285,36.4632],[-87.8343,36.4665]]},"properties":{"name":"Unnamed Stream","layer":"nhd_perennial_streams","stream_type":"Perennial Stream","length_miles":null,"flow_direction":"","reach_code":""}},{"type":"Feature","geometry":{"type":"LineString","coordinates":[[-87.7437,36.3727],[-87.7437,36.3729]]},"properties":{"name":"Unnamed Stream","layer":"nhd_perennial_streams","stream_type":"Perennial Stream","length_miles":null,"flow_direction":"","reach_code":""}},{"type":"Feature","geometry":{"type":"LineString","coordinates":[[-87.8678,36.4822],[-87.8691,36.488]]},"properties":{"name":"Unnamed Stream","layer":"nhd_perennial_streams","stream_type":"Perennial Stream","length_miles":null,"flow_direction":"","reach_code":""}},{"type":"Feature","geometry":{"type":"LineString","coordinates":[[-87.7009,36.4908],[-87.7023,36.4902]]},"properties":{"name":"Unnamed Stream","layer":"nhd_perennial_streams","stream_type":"Perennial Stream","length_miles":null,"flow_direction":"","reach_code":""}},{"type":"Feature","geometry":{"type":"LineString","coordinates":[[-87.8754,36.4039],[-87.8793,36.4011],[-87.8799,36.3947]]},"properties":{"name":"Unnamed Stream","layer":"nhd_perennial_streams","stream_type":"Perennial Stream","length_miles":null,"flow_direction":"","reach_code":""}},{"type":"Feature","geometry":{"type":"LineString","coordinates":[[-87.6508,36.3763],[-87.6539,36.3756]]},"properties":{"name":"Unnamed Stream","layer":"nhd_perennial_streams","stream_type":"Perennial Stream","length_miles":null,"flow_direction":"","reach_code":""}},{"type":"Feature","geometry":{"type":"LineString","coordinates":[[-87.7907,36.4673],[-87.7982,36.4678]]},"properties":{"name":"Unnamed Stream","layer":"nhd_perennial_streams","stream_type":"Perennial Stream","length_miles":null,"flow_direction":"","reach_code":""}},{"type":"Feature","geometry":{"type":"LineString","coordinates":[[-87.6846,36.3657],[-87.6762,36.3685]]},"properties":{"name":"Unnamed Stream","layer":"nhd_perennial_streams","stream_type":"Perennial Stream","length_miles":null,"flow_direction":"","reach_code":""}},{"type":"Feature","geometry":{"type":"LineString","coordinates":[[-87.8167,36.4362],[-87.8137,36.439],[-87.8135,36.4507]]},"properties":{"name":"Unnamed Stream","layer":"nhd_perennial_streams","stream_type":"Perennial Stream","length_miles":null,"flow_direction":"","reach_code":""}},{"type":"Feature","geometry":{"type":"LineString","coordinates":[[-87.7431,36.3618],[-87.7425,36.3627]]},"properties":{"name":"Unnamed Stream","layer":"nhd_perennial_streams","stream_type":"Perennial Stream","length_miles":null,"flow_direction":"","reach_code":""}},{"type":"Feature","geometry":{"type":"LineString","coordinates":[[-87.7936,36.3686],[-87.7933,36.3753]]},"properties":{"name":"Unnamed Stream","layer":"nhd_perennial_streams","stream_type":"Perennial Stream","length_miles":null,"flow_direction":"","reach_code":""}},{"type":"Feature","geometry":{"type":"LineString","coordinates":[[-87.9027,36.4089],[-87.9106,36.4027]]},"properties":{"name":"Unnamed Stream","layer":"nhd_perennial_streams","stream_type":"Perennial Stream","length_miles":null,"flow_direction":"","reach_code":""}},{"type":"Feature","geometry":{"type":"LineString","coordinates":[[-87.678,36.5882],[-87.675,36.5867]]},"properties":{"name":"Unnamed Stream","layer":"nhd_perennial_streams","stream_type":"Perennial Stream","length_miles":null,"flow_direction":"","reach_code":""}},{"type":"Feature","geometry":{"type":"LineString","coordinates":[[-87.8201,36.4272],[-87.8075,36.4293]]},"properties":{"name":"Unnamed Stream","layer":"nhd_perennial_streams","stream_type":"Perennial Stream","length_miles":null,"flow_direction":"","reach_code":""}},{"type":"Feature","geometry":{"type":"LineString","coordinates":[[-87.7564,36.356],[-87.7557,36.3564]]},"properties":{"name":"Unnamed Stream","layer":"nhd_perennial_streams","stream_type":"Perennial Stream","length_miles":null,"flow_direction":"","reach_code":""}},{"type":"Feature","geometry":{"type":"LineString","coordinates":[[-87.7842,36.437],[-87.7944,36.4455],[-87.8013,36.4437]]},"properties":{"name":"Unnamed Stream","layer":"nhd_perennial_streams","stream_type":"Perennial Stream","length_miles":null,"flow_direction":"","reach_code":""}},{"type":"Feature","geometry":{"type":"LineString","coordinates":[[-87.9221,36.4453],[-87.9335,36.4487]]},"properties":{"name":"Unnamed Stream","layer":"nhd_perennial_streams","stream_type":"Perennial Stream","length_miles":null,"flow_direction":"","reach_code":""}},{"type":"Feature","geometry":{"type":"LineString","coordinates":[[-87.75,36.4321],[-87.755,36.4329]]},"properties":{"name":"Unnamed Stream","layer":"nhd_perennial_streams","stream_type":"Perennial Stream","length_miles":null,"flow_direction":"","reach_code":""}},{"type":"Feature","geometry":{"type":"LineString","coordinates":[[-87.6748,36.4383],[-87.6777,36.4373]]},"properties":{"name":"Unnamed Stream","layer":"nhd_perennial_streams","stream_type":"Perennial Stream","length_miles":null,"flow_direction":"","reach_code":""}},{"type":"Feature","geometry":{"type":"LineString","coordinates":[[-87.7684,36.5762],[-87.7702,36.5742]]},"properties":{"name":"Unnamed Stream","layer":"nhd_perennial_streams","stream_type":"Perennial Stream","length_miles":null,"flow_direction":"","reach_code":""}},{"type":"Feature","geometry":{"type":"LineString","coordinates":[[-87.7433,36.3749],[-87.74,36.3805]]},"properties":{"name":"Unnamed Stream","layer":"nhd_perennial_streams","stream_type":"Perennial Stream","length_miles":null,"flow_direction":"","reach_code":""}},{"type":"Feature","geometry":{"type":"LineString","coordinates":[[-87.8122,36.3439],[-87.8161,36.3472]]},"properties":{"name":"Unnamed Stream","layer":"nhd_perennial_streams","stream_type":"Perennial Stream","length_miles":null,"flow_direction":"","reach_code":""}},{"type":"Feature","geometry":{"type":"LineString","coordinates":[[-87.8788,36.3793],[-87.8868,36.3675]]},"properties":{"name":"Unnamed Stream","layer":"nhd_perennial_streams","stream_type":"Perennial Stream","length_miles":null,"flow_direction":"","reach_code":""}},{"type":"Feature","geometry":{"type":"LineString","coordinates":[[-87.8206,36.5263],[-87.8205,36.5244]]},"properties":{"name":"Unnamed Stream","layer":"nhd_perennial_streams","stream_type":"Perennial Stream","length_miles":null,"flow_direction":"","reach_code":""}},{"type":"Feature","geometry":{"type":"LineString","coordinates":[[-87.6386,36.4462],[-87.6482,36.4354]]},"properties":{"name":"Unnamed Stream","layer":"nhd_perennial_streams","stream_type":"Perennial Stream","length_miles":null,"flow_direction":"","reach_code":""}},{"type":"Feature","geometry":{"type":"LineString","coordinates":[[-87.8078,36.5327],[-87.8076,36.5314]]},"properties":{"name":"Unnamed Stream","layer":"nhd_perennial_streams","stream_type":"Perennial Stream","length_miles":null,"flow_direction":"","reach_code":""}},{"type":"Feature","geometry":{"type":"LineString","coordinates":[[-87.8519,36.4635],[-87.8469,36.4685]]},"properties":{"name":"Unnamed Stream","layer":"nhd_perennial_streams","stream_type":"Perennial Stream","length_miles":null,"flow_direction":"","reach_code":""}},{"type":"Feature","geometry":{"type":"LineString","coordinates":[[-87.6994,36.3865],[-87.6995,36.3871]]},"properties":{"name":"Unnamed Stream","layer":"nhd_perennial_streams","stream_type":"Perennial Stream","length_miles":null,"flow_direction":"","reach_code":""}},{"type":"Feature","geometry":{"type":"LineString","coordinates":[[-87.8617,36.3586],[-87.8628,36.3461]]},"properties":{"name":"Unnamed Stream","layer":"nhd_perennial_streams","stream_type":"Perennial Stream","length_miles":null,"flow_direction":"","reach_code":""}},{"type":"Feature","geometry":{"type":"LineString","coordinates":[[-87.8953,36.3923],[-87.8996,36.392]]},"properties":{"name":"Unnamed Stream","layer":"nhd_perennial_streams","stream_type":"Perennial Stream","length_miles":null,"flow_direction":"","reach_code":""}},{"type":"Feature","geometry":{"type":"LineString","coordinates":[[-87.76,36.4529],[-87.7563,36.4538]]},"properties":{"name":"Unnamed Stream","layer":"nhd_perennial_streams","stream_type":"Perennial Stream","length_miles":null,"flow_direction":"","reach_code":""}},{"type":"Feature","geometry":{"type":"LineString","coordinates":[[-87.7897,36.3806],[-87.7896,36.3839]]},"properties":{"name":"Unnamed Stream","layer":"nhd_perennial_streams","stream_type":"Perennial Stream","length_miles":null,"flow_direction":"","reach_code":""}},{"type":"Feature","geometry":{"type":"LineString","coordinates":[[-87.7698,36.3614],[-87.7627,36.3745]]},"properties":{"name":"Unnamed Stream","layer":"nhd_perennial_streams","stream_type":"Perennial Stream","length_miles":null,"flow_direction":"","reach_code":""}},{"type":"Feature","geometry":{"type":"LineString","coordinates":[[-87.7979,36.3614],[-87.7922,36.3566]]},"properties":{"name":"Unnamed Stream","layer":"nhd_perennial_streams","stream_type":"Perennial Stream","length_miles":null,"flow_direction":"","reach_code":""}},{"type":"Feature","geometry":{"type":"LineString","coordinates":[[-87.8032,36.3623],[-87.8066,36.3493]]},"properties":{"name":"Unnamed Stream","layer":"nhd_perennial_streams","stream_type":"Perennial Stream","length_miles":null,"flow_direction":"","reach_code":""}},{"type":"Feature","geometry":{"type":"LineString","coordinates":[[-87.8031,36.3262],[-87.8048,36.3326]]},"properties":{"name":"Unnamed Stream","layer":"nhd_perennial_streams","stream_type":"Perennial Stream","length_miles":null,"flow_direction":"","reach_code":""}},{"type":"Feature","geometry":{"type":"LineString","coordinates":[[-87.9181,36.442],[-87.9131,36.4392],[-87.9121,36.4346]]},"properties":{"name":"Unnamed Stream","layer":"nhd_perennial_streams","stream_type":"Perennial Stream","length_miles":null,"flow_direction":"","reach_code":""}},{"type":"Feature","geometry":{"type":"LineString","coordinates":[[-87.8719,36.4765],[-87.8766,36.4819],[-87.8754,36.4862]]},"properties":{"name":"Unnamed Stream","layer":"nhd_perennial_streams","stream_type":"Perennial Stream","length_miles":null,"flow_direction":"","reach_code":""}},{"type":"Feature","geometry":{"type":"LineString","coordinates":[[-87.7837,36.4159],[-87.784,36.418],[-87.7691,36.4212]]},"properties":{"name":"Unnamed Stream","layer":"nhd_perennial_streams","stream_type":"Perennial Stream","length_miles":null,"flow_direction":"","reach_code":""}},{"type":"Feature","geometry":{"type":"LineString","coordinates":[[-87.8212,36.3805],[-87.8065,36.3837]]},"properties":{"name":"Unnamed Stream","layer":"nhd_perennial_streams","stream_type":"Perennial Stream","length_miles":null,"flow_direction":"","reach_code":""}},{"type":"Feature","geometry":{"type":"LineString","coordinates":[[-87.8459,36.582],[-87.8467,36.5836]]},"properties":{"name":"Unnamed Stream","layer":"nhd_perennial_streams","stream_type":"Perennial Stream","length_miles":null,"flow_direction":"","reach_code":""}},{"type":"Feature","geometry":{"type":"LineString","coordinates":[[-87.6838,36.4793],[-87.6879,36.4797]]},"properties":{"name":"Unnamed Stream","layer":"nhd_perennial_streams","stream_type":"Perennial Stream","length_miles":null,"flow_direction":"","reach_code":""}},{"type":"Feature","geometry":{"type":"LineString","coordinates":[[-87.7601,36.5383],[-87.7598,36.5358]]},"properties":{"name":"Unnamed Stream","layer":"nhd_perennial_streams","stream_type":"Perennial Stream","length_miles":null,"flow_direction":"","reach_code":""}},{"type":"Feature","geometry":{"type":"LineString","coordinates":[[-87.8524,36.339],[-87.851,36.3449]]},"properties":{"name":"Unnamed Stream","layer":"nhd_perennial_streams","stream_type":"Perennial Stream","length_miles":null,"flow_direction":"","reach_code":""}},{"type":"Feature","geometry":{"type":"LineString","coordinates":[[-87.7932,36.3529],[-87.8037,36.3501]]},"properties":{"name":"Unnamed Stream","layer":"nhd_perennial_streams","stream_type":"Perennial Stream","length_miles":null,"flow_direction":"","reach_code":""}},{"type":"Feature","geometry":{"type":"LineString","coordinates":[[-87.7021,36.4884],[-87.7031,36.4885]]},"properties":{"name":"Unnamed Stream","layer":"nhd_perennial_streams","stream_type":"Perennial Stream","length_miles":null,"flow_direction":"","reach_code":""}},{"type":"Feature","geometry":{"type":"LineString","coordinates":[[-87.8464,36.4625],[-87.8402,36.4586],[-87.8356,36.4612]]},"properties":{"name":"Unnamed Stream","layer":"nhd_perennial_streams","stream_type":"Perennial Stream","length_miles":null,"flow_direction":"","reach_code":""}},{"type":"Feature","geometry":{"type":"LineString","coordinates":[[-87.7856,36.4239],[-87.7998,36.4298]]},"properties":{"name":"Unnamed Stream","layer":"nhd_perennial_streams","stream_type":"Perennial Stream","length_miles":null,"flow_direction":"","reach_code":""}},{"type":"Feature","geometry":{"type":"LineString","coordinates":[[-87.7638,36.3768],[-87.7695,36.3868]]},"properties":{"name":"Unnamed Stream","layer":"nhd_perennial_streams","stream_type":"Perennial Stream","length_miles":null,"flow_direction":"","reach_code":""}},{"type":"Feature","geometry":{"type":"LineString","coordinates":[[-87.9215,36.4898],[-87.923,36.4976],[-87.9197,36.5017]]},"properties":{"name":"Unnamed Stream","layer":"nhd_perennial_streams","stream_type":"Perennial Stream","length_miles":null,"flow_direction":"","reach_code":""}},{"type":"Feature","geometry":{"type":"LineString","coordinates":[[-87.8573,36.3992],[-87.8594,36.3985]]},"properties":{"name":"Unnamed Stream","layer":"nhd_perennial_streams","stream_type":"Perennial Stream","length_miles":null,"flow_direction":"","reach_code":""}},{"type":"Feature","geometry":{"type":"LineString","coordinates":[[-87.9001,36.4274],[-87.9061,36.4206]]},"properties":{"name":"Unnamed Stream","layer":"nhd_perennial_streams","stream_type":"Perennial Stream","length_miles":null,"flow_direction":"","reach_code":""}},{"type":"Feature","geometry":{"type":"LineString","coordinates":[[-87.7009,36.3445],[-87.6966,36.3456]]},"properties":{"name":"Unnamed Stream","layer":"nhd_perennial_streams","stream_type":"Perennial Stream","length_miles":null,"flow_direction":"","reach_code":""}},{"type":"Feature","geometry":{"type":"LineString","coordinates":[[-87.764,36.5791],[-87.7678,36.5774]]},"properties":{"name":"Unnamed Stream","layer":"nhd_perennial_streams","stream_type":"Perennial Stream","length_miles":null,"flow_direction":"","reach_code":""}},{"type":"Feature","geometry":{"type":"LineString","coordinates":[[-87.7841,36.4722],[-87.7855,36.4737]]},"properties":{"name":"Unnamed Stream","layer":"nhd_perennial_streams","stream_type":"Perennial Stream","length_miles":null,"flow_direction":"","reach_code":""}},{"type":"Feature","geometry":{"type":"LineString","coordinates":[[-87.8459,36.4696],[-87.8435,36.4705]]},"properties":{"name":"Unnamed Stream","layer":"nhd_perennial_streams","stream_type":"Perennial Stream","length_miles":null,"flow_direction":"","reach_code":""}},{"type":"Feature","geometry":{"type":"LineString","coordinates":[[-87.7339,36.3939],[-87.7315,36.3939]]},"properties":{"name":"Unnamed Stream","layer":"nhd_perennial_streams","stream_type":"Perennial Stream","length_miles":null,"flow_direction":"","reach_code":""}},{"type":"Feature","geometry":{"type":"LineString","coordinates":[[-87.9261,36.4862],[-87.94,36.497]]},"properties":{"name":"Unnamed Stream","layer":"nhd_perennial_streams","stream_type":"Perennial Stream","length_miles":null,"flow_direction":"","reach_code":""}},{"type":"Feature","geometry":{"type":"LineString","coordinates":[[-87.7073,36.4734],[-87.7092,36.4722]]},"properties":{"name":"Unnamed Stream","layer":"nhd_perennial_streams","stream_type":"Perennial Stream","length_miles":null,"flow_direction":"","reach_code":""}},{"type":"Feature","geometry":{"type":"LineString","coordinates":[[-87.8447,36.3607],[-87.8522,36.3564]]},"properties":{"name":"Unnamed Stream","layer":"nhd_perennial_streams","stream_type":"Perennial Stream","length_miles":null,"flow_direction":"","reach_code":""}},{"type":"Feature","geometry":{"type":"LineString","coordinates":[[-87.698,36.4933],[-87.7009,36.4908]]},"properties":{"name":"Unnamed Stream","layer":"nhd_perennial_streams","stream_type":"Perennial Stream","length_miles":null,"flow_direction":"","reach_code":""}},{"type":"Feature","geometry":{"type":"LineString","coordinates":[[-87.804,36.388],[-87.7945,36.3837]]},"properties":{"name":"Unnamed Stream","layer":"nhd_perennial_streams","stream_type":"Perennial Stream","length_miles":null,"flow_direction":"","reach_code":""}},{"type":"Feature","geometry":{"type":"LineString","coordinates":[[-87.7887,36.4018],[-87.7865,36.3939]]},"properties":{"name":"Unnamed Stream","layer":"nhd_perennial_streams","stream_type":"Perennial Stream","length_miles":null,"flow_direction":"","reach_code":""}},{"type":"Feature","geometry":{"type":"LineString","coordinates":[[-87.6591,36.3461],[-87.6658,36.3499]]},"properties":{"name":"Unnamed Stream","layer":"nhd_perennial_streams","stream_type":"Perennial Stream","length_miles":null,"flow_direction":"","reach_code":""}},{"type":"Feature","geometry":{"type":"LineString","coordinates":[[-87.916,36.4208],[-87.9159,36.4234],[-87.9228,36.4234]]},"properties":{"name":"Unnamed Stream","layer":"nhd_perennial_streams","stream_type":"Perennial Stream","length_miles":null,"flow_direction":"","reach_code":""}},{"type":"Feature","geometry":{"type":"Polygon","coordinates":[[[-87.8079,36.5116],[-87.8085,36.512],[-87.808,36.5118],[-87.8079,36.5116]]]},"properties":{"name":"Unnamed Stream Area","layer":"nhd_stream_areas","waterbody_type":"River/Stream Area","area_acres":0.25,"fcode":46006}},{"type":"Feature","geometry":{"type":"Polygon","coordinates":[[[-87.6151,36.4075],[-87.6123,36.4066],[-87.6168,36.4062],[-87.6151,36.4075]]]},"properties":{"name":"Unnamed Stream Area","layer":"nhd_stream_areas","waterbody_type":"River/Stream Area","area_acres":3.21,"fcode":46006}},{"type":"Feature","geometry":{"type":"Polygon","coordinates":[[[-87.6678,36.4012],[-87.6598,36.3972],[-87.6667,36.4003],[-87.6642,36.3955],[-87.6673,36.3881],[-87.6551,36.3766],[-87.6573,36.3692],[-87.6574,36.3723],[-87.6623,36.371],[-87.6664,36.3641],[-87.6632,36.3678],[-87.6649,36.3703],[-87.6555,36.3765],[-87.6639,36.3838],[-87.6672,36.382],[-87.6648,36.3837],[-87.6675,36.386],[-87.6657,36.3952],[-87.6676,36.4007],[-87.6716,36.4015],[-87.6678,36.4012]]]},"properties":{"name":"Unnamed Stream Area","layer":"nhd_stream_areas","waterbody_type":"River/Stream Area","area_acres":108.48,"fcode":46006}},{"type":"Feature","geometry":{"type":"MultiPolygon","coordinates":[[[[-87.6655,36.4069],[-87.6661,36.4075],[-87.6658,36.4088],[-87.6655,36.4069]]],[[[-87.6921,36.4264],[-87.6905,36.4263],[-87.6892,36.424],[-87.6921,36.4264]]],[[[-87.6764,36.4373],[-87.6875,36.4363],[-87.6792,36.4338],[-87.6843,36.4318],[-87.6737,36.427],[-87.6633,36.4165],[-87.6749,36.4272],[-87.6913,36.4359],[-87.6764,36.4373]]],[[[-87.6764,36.4373],[-87.6762,36.4374],[-87.6763,36.4374],[-87.6764,36.4373]]],[[[-87.715,36.4492],[-87.7135,36.4482],[-87.7156,36.4498],[-87.715,36.4492]]],[[[-87.7175,36.4502],[-87.7214,36.4486],[-87.7208,36.4452],[-87.7168,36.4486],[-87.7112,36.4459],[-87.7044,36.4393],[-87.7036,36.4346],[-87.7028,36.4368],[-87.6983,36.434],[-87.6939,36.4255],[-87.7091,36.4306],[-87.6989,36.4259],[-87.7073,36.4173],[-87.7066,36.4143],[-87.7057,36.4171],[-87.7021,36.4145],[-87.6956,36.4242],[-87.6942,36.4165],[-87.6911,36.4152],[-87.6903,36.4216],[-87.694,36.4266],[-87.6827,36.4187],[-87.6882,36.4255],[-87.6862,36.4257],[-87.694,36.4323],[-87.6888,36.4267],[-87.6945,36.4283],[-87.6976,36.4334],[-87.6949,36.4342],[-87.7032,36.4388],[-87.668,36.4175],[-87.6658,36.4055],[-87.672,36.4108],[-87.6754,36.4093],[-87.677,36.4137],[-87.683,36.4124],[-87.6823,36.4163],[-87.685,36.416],[-87.6884,36.4218],[-87.6912,36.4195],[-87.6889,36.41],[-87.6928,36.4028],[-87.6934,36.4142],[-87.6989,36.4147],[-87.6989,36.4118],[-87.7057,36.412],[-87.7167,36.4011],[-87.7112,36.4125],[-87.7142,36.4126],[-87.7136,36.4161],[-87.7077,36.417],[-87.7094,36.4237],[-87.7159,36.43],[-87.7091,36.4315],[-87.698,36.4281],[-87.7155,36.4482],[-87.7194,36.4453],[-87.7189,36.4415],[-87.722,36.4476],[-87.7255,36.4471],[-87.7175,36.4502]]],[[[-87.7057,36.4829],[-87.7126,36.4754],[-87.6991,36.4794],[-87.7019,36.4777],[-87.6979,36.4702],[-87.7095,36.4713],[-87.7135,36.4685],[-87.7097,36.4669],[-87.7074,36.4585],[-87.6996,36.4578],[-87.7007,36.4545],[-87.7048,36.4547],[-87.7018,36.4501],[-87.6932,36.4508],[-87.6978,36.4467],[-87.6917,36.4406],[-87.6817,36.4419],[-87.6782,36.4387],[-87.6726,36.4446],[-87.6745,36.4399],[-87.6666,36.4401],[-87.6676,36.4367],[-87.6762,36.4374],[-87.6726,36.4394],[-87.6756,36.44],[-87.6888,36.4376],[-87.687,36.4404],[-87.6904,36.439],[-87.6983,36.4453],[-87.6884,36.4361],[-87.7044,36.4419],[-87.7316,36.4765],[-87.7292,36.4777],[-87.7111,36.4624],[-87.7158,36.4687],[-87.709,36.4724],[-87.717,36.4702],[-87.7253,36.4768],[-87.719,36.4765],[-87.7057,36.4829]],[[-87.7196,36.4647],[-87.7296,36.4728],[-87.7052,36.4498],[-87.7196,36.4647]],[[-87.7254,36.4722],[-87.7213,36.4699],[-87.7226,36.4715],[-87.7254,36.4722]],[[-87.7049,36.4443],[-87.6998,36.441],[-87.7029,36.4448],[-87.7049,36.4443]],[[-87.7046,36.4438],[-87.7052,36.4434],[-87.7043,36.4429],[-87.7046,36.4438]]],[[[-87.7928,36.4937],[-87.7931,36.4939],[-87.7931,36.4942],[-87.7928,36.4937]]],[[[-87.8008,36.4945],[-87.8,36.4942],[-87.801,36.4927],[-87.8008,36.4945]]],[[[-87.7927,36.4936],[-87.7935,36.4906],[-87.8001,36.4911],[-87.7965,36.495],[-87.7927,36.4936]]],[[[-87.7931,36.4942],[-87.7937,36.495],[-87.7933,36.4952],[-87.7931,36.4942]]],[[[-87.8011,36.495],[-87.8124,36.4912],[-87.813,36.4977],[-87.805,36.495],[-87.8015,36.4985],[-87.8011,36.495]]],[[[-87.8008,36.5029],[-87.8011,36.5024],[-87.8035,36.5022],[-87.8008,36.5029]]],[[[-87.7693,36.5024],[-87.7618,36.5002],[-87.754,36.4925],[-87.761,36.4966],[-87.7582,36.4927],[-87.7614,36.4939],[-87.7693,36.5024]]],[[[-87.7175,36.4502],[-87.7261,36.456],[-87.726,36.4596],[-87.7328,36.4548],[-87.7355,36.4586],[-87.7417,36.4537],[-87.7397,36.437],[-87.7507,36.4421],[-87.7551,36.4327],[-87.7497,36.456],[-87.7574,36.4537],[-87.7568,36.4574],[-87.7491,36.4579],[-87.75,36.4641],[-87.7464,36.4633],[-87.7437,36.4682],[-87.7526,36.4432],[-87.7366,36.4709],[-87.7198,36.4534],[-87.7399,36.478],[-87.7373,36.4795],[-87.7423,36.4786],[-87.7398,36.4786],[-87.7385,36.4735],[-87.7437,36.4682],[-87.7393,36.4735],[-87.7409,36.4773],[-87.749,36.4769],[-87.7467,36.4823],[-87.7547,36.4846],[-87.7533,36.4867],[-87.7628,36.4919],[-87.7659,36.4855],[-87.767,36.4942],[-87.7763,36.4974],[-87.7773,36.4946],[-87.7808,36.4979],[-87.7933,36.4952],[-87.7897,36.4981],[-87.7953,36.4993],[-87.7866,36.4999],[-87.7921,36.5015],[-87.8102,36.4975],[-87.7859,36.5051],[-87.7812,36.4988],[-87.7657,36.4941],[-87.7813,36.4998],[-87.7781,36.5003],[-87.7814,36.5015],[-87.7798,36.5036],[-87.7898,36.5055],[-87.7713,36.5034],[-87.7717,36.5007],[-87.7594,36.4919],[-87.7629,36.4923],[-87.7466,36.4828],[-87.7535,36.4923],[-87.7362,36.4796],[-87.7175,36.4502]]],[[[-87.7057,36.4829],[-87.7007,36.4909],[-87.7063,36.4834],[-87.7139,36.4843],[-87.7221,36.4801],[-87.7262,36.4798],[-87.7271,36.4873],[-87.7279,36.4798],[-87.7347,36.4814],[-87.7313,36.4803],[-87.7319,36.4774],[-87.7632,36.5031],[-87.7504,36.4961],[-87.7525,36.4984],[-87.7505,36.4983],[-87.7465,36.491],[-87.7325,36.482],[-87.7526,36.5004],[-87.7477,36.5045],[-87.7456,36.5128],[-87.7542,36.5017],[-87.7647,36.5038],[-87.7619,36.5065],[-87.768,36.5131],[-87.766,36.5056],[-87.7854,36.5099],[-87.7847,36.5079],[-87.7911,36.5072],[-87.7917,36.5094],[-87.7916,36.5071],[-87.7979,36.5073],[-87.8131,36.5003],[-87.8106,36.5044],[-87.8099,36.5017],[-87.8043,36.506],[-87.8036,36.504],[-87.7984,36.5057],[-87.7989,36.5089],[-87.7963,36.5062],[-87.792,36.5072],[-87.7939,36.512],[-87.7907,36.5074],[-87.7854,36.5083],[-87.786,36.5119],[-87.7838,36.5082],[-87.7748,36.5077],[-87.7759,36.5109],[-87.7672,36.5062],[-87.7686,36.5202],[-87.7631,36.5076],[-87.7602,36.5068],[-87.7632,36.5049],[-87.7591,36.5036],[-87.7518,36.5077],[-87.7467,36.5171],[-87.745,36.5154],[-87.7427,36.518],[-87.7437,36.5202],[-87.7416,36.5178],[-87.7355,36.5208],[-87.7462,36.51],[-87.748,36.5059],[-87.745,36.5039],[-87.7519,36.5004],[-87.7441,36.4947],[-87.7414,36.4976],[-87.7418,36.4922],[-87.733,36.4828],[-87.728,36.4837],[-87.7267,36.4917],[-87.726,36.4879],[-87.7092,36.4905],[-87.705,36.4886],[-87.6933,36.503],[-87.6912,36.4991],[-87.6957,36.4926],[-87.6931,36.4929],[-87.6935,36.4896],[-87.6883,36.4861],[-87.7057,36.4829]]]]},"properties":{"name":"Cross Creeks National Wildlife Refuge","owner_name":"FWS","manager_name":"FWS","manager_type":"FED","designation_type":"NWR","state":"TN","acres":6579.0,"gap_status":"2","layer":"federal_lands"}},{"type":"Feature","geometry":{"type":"MultiPolygon","coordinates":[[[[-87.6655,36.4069],[-87.6661,36.4075],[-87.6658,36.4088],[-87.6655,36.4069]]],[[[-87.6922,36.4264],[-87.6905,36.4263],[-87.6892,36.424],[-87.6922,36.4264]]],[[[-87.6764,36.4373],[-87.6875,36.4363],[-87.6792,36.4338],[-87.6843,36.4318],[-87.6738,36.427],[-87.6634,36.4166],[-87.675,36.4272],[-87.6913,36.4359],[-87.6764,36.4373]]],[[[-87.6764,36.4373],[-87.6762,36.4374],[-87.6763,36.4374],[-87.6764,36.4373]]],[[[-87.715,36.4492],[-87.7135,36.4482],[-87.7156,36.4498],[-87.715,36.4492]]],[[[-87.7175,36.4503],[-87.7214,36.4486],[-87.7208,36.4452],[-87.7169,36.4486],[-87.7112,36.4459],[-87.7044,36.4393],[-87.7036,36.4346],[-87.7028,36.4368],[-87.6983,36.434],[-87.6939,36.4255],[-87.7091,36.4306],[-87.6989,36.4259],[-87.7073,36.4173],[-87.7066,36.4143],[-87.7057,36.4171],[-87.7021,36.4145],[-87.6956,36.4243],[-87.6942,36.4165],[-87.6911,36.4152],[-87.6903,36.4216],[-87.694,36.4266],[-87.6828,36.4187],[-87.6882,36.4255],[-87.6862,36.4257],[-87.694,36.4324],[-87.6888,36.4267],[-87.6945,36.4283],[-87.6976,36.4334],[-87.6949,36.4342],[-87.7032,36.4388],[-87.668,36.4175],[-87.6658,36.4055],[-87.672,36.4108],[-87.6754,36.4093],[-87.677,36.4137],[-87.683,36.4124],[-87.6823,36.4163],[-87.685,36.416],[-87.6884,36.4218],[-87.6912,36.4195],[-87.6889,36.41],[-87.6929,36.4028],[-87.6934,36.4142],[-87.6989,36.4147],[-87.6989,36.4118],[-87.7057,36.412],[-87.7168,36.4011],[-87.7112,36.4125],[-87.7142,36.4126],[-87.7136,36.4161],[-87.7077,36.417],[-87.7094,36.4237],[-87.716,36.43],[-87.7091,36.4316],[-87.698,36.4281],[-87.7155,36.4482],[-87.7194,36.4453],[-87.7189,36.4415],[-87.722,36.4476],[-87.7255,36.4471],[-87.7175,36.4503]]],[[[-87.7057,36.4829],[-87.7126,36.4754],[-87.6991,36.4794],[-87.7019,36.4777],[-87.6979,36.4702],[-87.7095,36.4713],[-87.7135,36.4685],[-87.7097,36.4669],[-87.7074,36.4585],[-87.6996,36.4578],[-87.7007,36.4546],[-87.7049,36.4547],[-87.7018,36.4501],[-87.6932,36.4508],[-87.6978,36.4467],[-87.6917,36.4406],[-87.6817,36.4419],[-87.6782,36.4388],[-87.6727,36.4446],[-87.6745,36.4399],[-87.6666,36.4402],[-87.6676,36.4367],[-87.6762,36.4374],[-87.6726,36.4394],[-87.6756,36.44],[-87.6888,36.4376],[-87.687,36.4404],[-87.6904,36.439],[-87.6983,36.4453],[-87.6884,36.4361],[-87.7044,36.4419],[-87.7316,36.4765],[-87.7292,36.4777],[-87.7111,36.4624],[-87.7158,36.4687],[-87.709,36.4724],[-87.717,36.4702],[-87.7253,36.4768],[-87.719,36.4765],[-87.7057,36.4829]],[[-87.7196,36.4647],[-87.7296,36.4728],[-87.7052,36.4498],[-87.7196,36.4647]],[[-87.7254,36.4722],[-87.7213,36.4699],[-87.7226,36.4715],[-87.7254,36.4722]],[[-87.7049,36.4443],[-87.6998,36.441],[-87.7029,36.4448],[-87.7049,36.4443]],[[-87.7046,36.4438],[-87.7052,36.4434],[-87.7043,36.4429],[-87.7046,36.4438]]],[[[-87.7928,36.4937],[-87.7931,36.4939],[-87.7931,36.4942],[-87.7928,36.4937]]],[[[-87.8008,36.4946],[-87.8,36.4943],[-87.801,36.4927],[-87.8008,36.4946]]],[[[-87.7928,36.4936],[-87.7935,36.4906],[-87.8001,36.4911],[-87.7965,36.495],[-87.7928,36.4936]]],[[[-87.7931,36.4942],[-87.7938,36.495],[-87.7933,36.4952],[-87.7931,36.4942]]],[[[-87.8011,36.495],[-87.8124,36.4912],[-87.813,36.4977],[-87.805,36.495],[-87.8015,36.4985],[-87.8011,36.495]]],[[[-87.8009,36.503],[-87.8011,36.5024],[-87.8036,36.5022],[-87.8009,36.503]]],[[[-87.7693,36.5025],[-87.7618,36.5002],[-87.754,36.4925],[-87.761,36.4966],[-87.7582,36.4927],[-87.7614,36.4939],[-87.7693,36.5025]]],[[[-87.7175,36.4503],[-87.7261,36.456],[-87.726,36.4596],[-87.7328,36.4548],[-87.7355,36.4586],[-87.7417,36.4537],[-87.7397,36.437],[-87.7507,36.4421],[-87.7551,36.4328],[-87.7497,36.456],[-87.7574,36.4537],[-87.7568,36.4574],[-87.7491,36.4579],[-87.75,36.4641],[-87.7464,36.4633],[-87.7437,36.4682],[-87.7526,36.4432],[-87.7366,36.4709],[-87.7198,36.4534],[-87.7399,36.478],[-87.7373,36.4795],[-87.7423,36.4786],[-87.7398,36.4786],[-87.7385,36.4735],[-87.7437,36.4682],[-87.7393,36.4735],[-87.741,36.4773],[-87.749,36.4769],[-87.7467,36.4823],[-87.7547,36.4846],[-87.7533,36.4867],[-87.7628,36.4919],[-87.7659,36.4855],[-87.767,36.4942],[-87.7763,36.4974],[-87.7773,36.4946],[-87.7808,36.4979],[-87.7933,36.4952],[-87.7897,36.4982],[-87.7953,36.4993],[-87.7866,36.4999],[-87.7921,36.5015],[-87.8102,36.4975],[-87.7859,36.5051],[-87.7812,36.4988],[-87.7657,36.4942],[-87.7813,36.4998],[-87.7781,36.5003],[-87.7814,36.5015],[-87.7798,36.5036],[-87.7898,36.5055],[-87.7713,36.5034],[-87.7717,36.5007],[-87.7595,36.4919],[-87.7629,36.4923],[-87.7466,36.4828],[-87.7535,36.4923],[-87.7362,36.4796],[-87.7175,36.4503]]],[[[-87.7057,36.483],[-87.7007,36.4909],[-87.7063,36.4834],[-87.7139,36.4843],[-87.7221,36.4801],[-87.7262,36.4798],[-87.7271,36.4873],[-87.7279,36.4798],[-87.7347,36.4814],[-87.7313,36.4803],[-87.7319,36.4774],[-87.7632,36.5031],[-87.7504,36.4961],[-87.7525,36.4984],[-87.7505,36.4983],[-87.7465,36.491],[-87.7325,36.482],[-87.7526,36.5004],[-87.7477,36.5045],[-87.7456,36.5128],[-87.7542,36.5017],[-87.7647,36.5038],[-87.7619,36.5065],[-87.768,36.5131],[-87.766,36.5056],[-87.7854,36.5099],[-87.7848,36.5079],[-87.7911,36.5072],[-87.7917,36.5094],[-87.7916,36.5071],[-87.7979,36.5073],[-87.8131,36.5003],[-87.8106,36.5044],[-87.8099,36.5017],[-87.8043,36.5061],[-87.8037,36.504],[-87.7984,36.5057],[-87.7989,36.5089],[-87.7963,36.5062],[-87.792,36.5072],[-87.7939,36.512],[-87.7907,36.5074],[-87.7854,36.5083],[-87.7861,36.5119],[-87.7838,36.5082],[-87.7748,36.5078],[-87.7759,36.5109],[-87.7672,36.5062],[-87.7686,36.5202],[-87.7631,36.5076],[-87.7602,36.5068],[-87.7632,36.505],[-87.7591,36.5036],[-87.7518,36.5077],[-87.7467,36.5171],[-87.745,36.5154],[-87.7427,36.518],[-87.7437,36.5202],[-87.7416,36.5178],[-87.7356,36.5208],[-87.7462,36.51],[-87.748,36.5059],[-87.745,36.5039],[-87.7519,36.5005],[-87.7441,36.4947],[-87.7414,36.4976],[-87.7418,36.4922],[-87.733,36.4828],[-87.728,36.4837],[-87.7267,36.4918],[-87.726,36.4879],[-87.7092,36.4905],[-87.705,36.4886],[-87.6933,36.503],[-87.6912,36.4991],[-87.6957,36.4926],[-87.6931,36.4929],[-87.6935,36.4896],[-87.6883,36.4861],[-87.7057,36.483]]]]},"properties":{"name":"Cross Creeks National Wildlife Refuge","owner_name":"FWS","manager_name":"FWS","manager_type":"FED","designation_type":"NWR","state":"TN","acres":6579.0,"gap_status":"2","layer":"federal_lands"}},{"type":"Feature","geometry":{"type":"MultiPolygon","coordinates":[[[[-87.8582,36.4962],[-87.8499,36.4921],[-87.8521,36.4922],[-87.8526,36.4851],[-87.8495,36.4923],[-87.8463,36.4916],[-87.846,36.4859],[-87.8537,36.4812],[-87.8387,36.4802],[-87.8485,36.4752],[-87.8471,36.478],[-87.8532,36.4799],[-87.867,36.4806],[-87.8677,36.4905],[-87.8593,36.4924],[-87.8582,36.4962]]],[[[-87.8359,36.4889],[-87.8372,36.4886],[-87.837,36.4892],[-87.8359,36.4889]]],[[[-87.8532,36.4736],[-87.8537,36.4722],[-87.8537,36.4734],[-87.8532,36.4736]]],[[[-87.8532,36.4703],[-87.854,36.4703],[-87.8537,36.4718],[-87.8532,36.4703]]],[[[-87.8543,36.4731],[-87.8542,36.4685],[-87.8568,36.4685],[-87.8543,36.4731]]],[[[-87.8559,36.4683],[-87.8533,36.4698],[-87.8539,36.4653],[-87.8575,36.4657],[-87.8581,36.471],[-87.8559,36.4683]]],[[[-87.8315,36.4776],[-87.8275,36.478],[-87.835,36.47],[-87.8438,36.4726],[-87.8421,36.4772],[-87.8315,36.4776]]],[[[-88.0526,36.5102],[-88.0558,36.5093],[-88.0536,36.5045],[-88.0565,36.5041],[-88.0543,36.5011],[-88.0578,36.4965],[-88.06,36.5021],[-88.0619,36.4976],[-88.0704,36.5017],[-88.0736,36.4992],[-88.0728,36.5077],[-88.0642,36.5076],[-88.0599,36.5113],[-88.0526,36.5102]]]]},"properties":{"name":"Fort Donelson National Battlefield","unit_code":"FODO","unit_type":"National Battlefields","state":"TN-KY","region":"SER","layer":"nps_boundaries"}},{"type":"Feature","geometry":{"type":"Polygon","coordinates":[[[-87.9052,36.5319],[-87.9054,36.5323],[-87.9049,36.5323],[-87.9052,36.5319]]]},"properties":{"name":"Jackson Cemetery","year":1991,"category":"Wildfire Final Fire Perimeter","acres":1.0,"agency":"USFS","source":"USFS","layer":"fire_perimeters"}},{"type":"Feature","geometry":{"type":"MultiPolygon","coordinates":[[[[-87.9037,36.5472],[-87.9031,36.5453],[-87.9074,36.5462],[-87.9037,36.5472]]],[[[-87.8945,36.533],[-87.8951,36.5327],[-87.8952,36.534],[-87.8945,36.533]]]]},"properties":{"name":"Gatlin Point/Jackson","year":2001,"category":null,"acres":22.0,"agency":"USFS","source":"USFS","layer":"fire_perimeters"}}],"metadata":{"site_id":"fort-campbell-ky","retrieved_at":"2026-08-21T21:55:44.145533Z","nepa_mcp_version":"0.1.1","buffer_miles":10.0,"layers":{"roi":{"status":"ok","feature_count":2,"warnings":[],"query_buffer_miles":10.0},"tribal_lands":{"status":"empty","feature_count":0,"warnings":[],"query_buffer_miles":10.0},"critical_habitat":{"status":"empty","feature_count":0,"warnings":[],"query_buffer_miles":10.0},"wildlife_refuges":{"status":"ok","feature_count":1,"warnings":[],"query_buffer_miles":10.0},"usace_districts":{"status":"ok","feature_count":1,"warnings":[],"query_buffer_miles":10.0},"nhd_lakes":{"status":"ok","feature_count":877,"warnings":[],"query_buffer_miles":10.0},"nhd_reservoirs":{"status":"ok","feature_count":1,"warnings":[],"query_buffer_miles":10.0},"nhd_perennial_streams":{"status":"ok","feature_count":813,"warnings":[],"query_buffer_miles":10.0},"nhd_stream_areas":{"status":"ok","feature_count":3,"warnings":[],"query_buffer_miles":10.0},"federal_lands":{"status":"ok","feature_count":2,"warnings":[],"query_buffer_miles":0.1},"nps_boundaries":{"status":"ok","feature_count":1,"warnings":[],"query_buffer_miles":10.0},"fire_perimeters":{"status":"ok","feature_count":2,"warnings":[],"query_buffer_miles":10.0}},"limitations":"Installation-reference screening only; proposed reactor parcel unknown. Unavailable layers are not no-hit findings."}}