{"type":"FeatureCollection","features":[{"type":"Feature","geometry":{"type":"Point","coordinates":[-147.414442,64.605399]},"properties":{"type":"Project Location","latitude":64.605399,"longitude":-147.414442}},{"type":"Feature","geometry":{"type":"Polygon","coordinates":[[[-147.40617037099997,64.46108813500007],[-147.42271362899996,64.46108813500007],[-147.43923696399997,64.46143943200008],[-147.45570057299997,64.46214118000006],[-147.47206479299996,64.46319168900004],[-147.48829018699996,64.46458842700008],[-147.50433763699996,64.46632802900007],[-147.52016843499996,64.46840630200006],[-147.53574436899996,64.47081823700006],[-147.55102781499997,64.47355801800006],[-147.56598182299996,64.47661903700003],[-147.58057020299998,64.47999391000008],[-147.59475760799998,64.48367449100004],[-147.60850961899996,64.48765189500006],[-147.62179282699998,64.49191651500007],[-147.63457490999997,64.49645804500005],[-147.64682471299997,64.50126550800007],[-147.65851231999997,64.50632727300007],[-147.66960912699997,64.51163109200007],[-147.68008791599996,64.51716412200005],[-147.68992291599997,64.52291295700007],[-147.69908987199997,64.52886366000007],[-147.70756610299998,64.53500179400004],[-147.71533056299998,64.54131246100008],[-147.72236389199998,64.54778033000008],[-147.72864846899998,64.55438967900005],[-147.73416845599996,64.56112443100005],[-147.73890984699997,64.56796819000004],[-147.74286050199996,64.57490428600005],[-147.74601018199996,64.58191580700003],[-147.74835058099998,64.58898564700007],[-147.74987535499997,64.59609654300004],[-147.75058013799998,64.60323111900004],[-147.75046256099998,64.61037192800006],[-147.74952226499997,64.61750149200003],[-147.74776090799998,64.62460235000003],[-147.74518216799996,64.63165709400005],[-147.74179173599998,64.63864841900005],[-147.73759731499996,64.64555916100005],[-147.73260859999996,64.65237234000006],[-147.72683726599996,64.65907120400004],[-147.72029693999997,64.66563926900005],[-147.71300317599997,64.67206036300007],[-147.70497341999996,64.67831866300003],[-147.69622696899998,64.68439873500006],[-147.68678493399997,64.69028557700005],[-147.67667018299997,64.69596465400008],[-147.66590729499998,64.70142193200007],[-147.65452249599997,64.70664392100008],[-147.64254359999998,64.71161770100008],[-147.62999993699998,64.71633096300008],[-147.61692228699997,64.72077203200007],[-147.60334279899996,64.72492990600006],[-147.58929491399996,64.72879427700008],[-147.57481327899998,64.73235556200007],[-147.55993366099997,64.73560492400003],[-147.54469285599998,64.73853429900004],[-147.52912859399996,64.74113641400004],[-147.51327944499997,64.74340480500007],[-147.49718471599996,64.74533383700003],[-147.48088435499997,64.74691871700003],[-147.46441884099997,64.74815550600005],[-147.44782908499997,64.74904113000008],[-147.43115632199996,64.74957338600007],[-147.41444199999998,64.74975095200006],[-147.39772767799997,64.74957338600007],[-147.38105491499996,64.74904113000008],[-147.36446515899996,64.74815550600005],[-147.34799964499996,64.74691871700003],[-147.33169928399997,64.74533383700003],[-147.31560455499996,64.74340480500007],[-147.29975540599997,64.74113641400004],[-147.28419114399998,64.73853429900004],[-147.26895033899996,64.73560492400003],[-147.25407072099998,64.73235556200007],[-147.23958908599997,64.72879427700008],[-147.22554120099997,64.72492990600006],[-147.21196171299997,64.72077203200007],[-147.19888406299998,64.71633096300008],[-147.18634039999998,64.71161770100008],[-147.17436150399996,64.70664392100008],[-147.16297670499998,64.70142193200007],[-147.15221381699996,64.69596465400008],[-147.14209906599996,64.69028557700005],[-147.13265703099998,64.68439873500006],[-147.12391057999997,64.67831866300003],[-147.11588082399996,64.67206036300007],[-147.10858705999996,64.66563926900005],[-147.10204673399997,64.65907120400004],[-147.09627539999997,64.65237234000006],[-147.09128668499997,64.64555916100005],[-147.08709226399998,64.63864841900005],[-147.08370183199997,64.63165709400005],[-147.08112309199996,64.62460235000003],[-147.07936173499996,64.61750149200003],[-147.07842143899998,64.61037192800006],[-147.07830386199996,64.60323111900004],[-147.07900864499996,64.59609654300004],[-147.08053341899998,64.58898564700007],[-147.08287381799997,64.58191580700003],[-147.08602349799997,64.57490428600005],[-147.08997415299996,64.56796819000004],[-147.09471554399997,64.56112443100005],[-147.10023553099998,64.55438967900005],[-147.10652010799998,64.54778033000008],[-147.11355343699998,64.54131246100008],[-147.12131789699998,64.53500179400004],[-147.12979412799996,64.52886366000007],[-147.13896108399996,64.52291295700007],[-147.14879608399997,64.51716412200005],[-147.15927487299996,64.51163109200007],[-147.17037167999996,64.50632727300007],[-147.18205928699996,64.50126550800007],[-147.19430908999996,64.49645804500005],[-147.20709117299998,64.49191651500007],[-147.22037438099997,64.48765189500006],[-147.23412639199998,64.48367449100004],[-147.24831379699998,64.47999391000008],[-147.26290217699997,64.47661903700003],[-147.27785618499996,64.47355801800006],[-147.29313963099997,64.47081823700006],[-147.30871556499997,64.46840630200006],[-147.32454636299997,64.46632802900007],[-147.34059381299997,64.46458842700008],[-147.35681920699997,64.46319168900004],[-147.37318342699996,64.46214118000006],[-147.38964703599996,64.46143943200008],[-147.40617037099997,64.46108813500007]]]},"properties":{"type":"Region of Interest","buffer_miles":10.0,"center_lat":64.605399,"center_lon":-147.414442}},{"type":"Feature","geometry":{"type":"Polygon","coordinates":[[[-161.0482,62.5524],[-160.9962,62.5524],[-160.9962,62.8989],[-160.9434,62.8989],[-160.9434,62.9993],[-160.858,62.9993],[-160.858,63.2718],[-160.6674,63.2718],[-160.6674,63.3585],[-160.6903,63.3585],[-160.6903,63.5317],[-160.4974,63.5317],[-160.4974,63.6183],[-160.1115,63.6184],[-160.1115,63.705],[-159.9327,63.705],[-159.9327,63.7916],[-159.7375,63.7916],[-159.7375,64.0515],[-159.9473,64.0515],[-159.9473,64.3979],[-159.9623,64.3979],[-159.9623,64.7444],[-159.7749,64.7444],[-159.7749,64.9176],[-159.5722,64.9176],[-159.5722,65.0908],[-159.5827,65.0909],[-159.5827,65.264],[-159.3774,65.264],[-159.3774,65.4372],[-159.3855,65.4372],[-159.3856,65.5238],[-159.5935,65.5238],[-159.5936,65.7836],[-159.6048,65.7836],[-159.6048,65.9568],[-158.9722,65.9568],[-158.9722,66.13],[-157.9063,66.13],[-157.9063,66.4764],[-157.0513,66.4764],[-157.0513,66.3033],[-156.6238,66.3033],[-156.6238,66.4764],[-156.1962,66.4766],[-156.1963,66.3899],[-155.9825,66.3899],[-155.9825,66.3033],[-155.555,66.3033],[-155.555,66.4765],[-155.5106,66.4765],[-155.5106,66.5631],[-154.8604,66.5631],[-154.8604,66.7362],[-154.2103,66.7363],[-154.2103,66.8228],[-154.1462,66.8228],[-154.1463,67.1692],[-154.3031,67.1692],[-154.3031,67.2558],[-154.7489,67.2558],[-154.7489,67.5155],[-154.6905,67.5155],[-154.6905,67.6021],[-154.9166,67.6021],[-154.9167,67.6886],[-155.1428,67.6886],[-155.1428,67.7752],[-155.369,67.7752],[-155.369,67.8618],[-155.3187,67.8618],[-155.3187,68.0299],[-155.0202,68.0305],[-155.0202,68.0],[-155.0543,68.0],[-155.0547,67.8624],[-153.0209,67.8684],[-153.0194,67.8939],[-152.8764,67.8933],[-152.871,67.8098],[-152.6322,67.8098],[-152.6446,67.7222],[-152.176,67.7209],[-152.1866,67.8152],[-151.7244,67.8168],[-151.7175,67.9892],[-151.4262,67.9865],[-150.4991,67.9896],[-149.5071,67.9868],[-149.5066,68.0],[-149.4606,68.0],[-149.4581,68.1041],[-148.9661,68.1057],[-148.9656,68.1756],[-148.0769,68.1789],[-148.077,68.2484],[-147.7676,68.2492],[-147.7683,68.3566],[-147.7283,68.3571],[-147.729,68.4413],[-147.535,68.4424],[-147.5355,68.531],[-146.8313,68.5351],[-146.8328,68.6001],[-146.5159,68.593],[-146.5127,68.6462],[-146.537,68.647],[-146.605,68.6847],[-146.5182,68.6828],[-146.5136,68.8565],[-146.112,68.8541],[-145.3147,68.8757],[-144.5754,68.8845],[-144.574,68.9803],[-143.7544,68.9856],[-143.3704,68.9808],[-143.3796,68.8703],[-141.7041,68.8857],[-141.6967,68.9448],[-141.0008,68.9459],[-141.0016,61.904],[-141.8318,61.9041],[-141.8318,62.1172],[-142.015,62.1176],[-142.015,62.164],[-141.9773,62.164],[-141.9774,62.5106],[-142.1258,62.5106],[-142.1261,62.5972],[-142.3136,62.5972],[-142.3136,62.6838],[-142.5056,62.6838],[-142.5184,62.6816],[-142.5694,62.6879],[-142.5857,62.6946],[-142.5989,62.684],[-142.63,62.6834],[-142.6264,62.6886],[-142.6359,62.7005],[-142.6737,62.704],[-142.6867,62.7113],[-142.7195,62.7135],[-142.7312,62.7083],[-142.7389,62.6994],[-142.7341,62.6962],[-142.7358,62.69],[-142.7327,62.6868],[-142.7517,62.6827],[-142.7521,62.6698],[-142.7407,62.6619],[-142.7425,62.6578],[-142.7642,62.6592],[-142.7914,62.6542],[-142.7988,62.6456],[-142.8055,62.643],[-142.8021,62.6392],[-142.8142,62.6361],[-142.8159,62.6306],[-142.8298,62.6237],[-142.8318,62.6202],[-142.8294,62.6142],[-142.8387,62.6088],[-142.829,62.6014],[-142.8316,62.6003],[-142.8527,62.6012],[-142.8681,62.6077],[-142.882,62.6042],[-142.8995,62.6064],[-142.9171,62.6125],[-142.9279,62.6112],[-142.9337,62.5985],[-142.946,62.5954],[-142.9633,62.5967],[-143.0035,62.611],[-143.006,62.6171],[-143.0409,62.6134],[-143.0732,62.6145],[-143.0809,62.6111],[-143.0893,62.6145],[-143.105,62.6149],[-143.1079,62.6214],[-143.1175,62.6256],[-143.1513,62.6308],[-143.1607,62.6394],[-143.1601,62.6452],[-143.1736,62.6508],[-143.1709,62.6558],[-143.1552,62.6648],[-143.1305,62.6618],[-143.1161,62.6657],[-143.1287,62.6749],[-143.1249,62.685],[-143.1422,62.6904],[-143.1382,62.6954],[-143.1176,62.7034],[-143.1002,62.7013],[-143.091,62.7046],[-143.0915,62.7122],[-143.0756,62.7171],[-143.0628,62.7381],[-143.0546,62.7372],[-143.0329,62.7483],[-143.0234,62.7604],[-143.0089,62.7667],[-143.0194,62.7742],[-143.0301,62.7746],[-143.0437,62.7705],[-143.0645,62.7717],[-143.0764,62.7753],[-143.0847,62.7826],[-143.139,62.8034],[-143.1702,62.8033],[-143.178,62.8083],[-143.1773,62.8137],[-143.2036,62.8209],[-143.2081,62.8254],[-143.2076,62.8291],[-143.1907,62.8327],[-143.182,62.8305],[-143.1663,62.8327],[-143.162,62.842],[-143.1622,62.8518],[-143.1549,62.8576],[-143.1452,62.8607],[-143.1313,62.8574],[-143.123,62.8763],[-143.0967,62.8782],[-143.0939,62.8875],[-143.0851,62.8956],[-143.0743,62.896],[-143.0631,62.9047],[-143.0597,62.9099],[-143.0671,62.9158],[-143.0322,62.9318],[-143.0291,62.9402],[-143.0417,62.9427],[-143.0375,62.9454],[-143.0383,62.9509],[-143.0321,62.9539],[-143.0384,62.9694],[-143.0052,62.9723],[-142.9962,62.9814],[-143.0018,62.9956],[-143.0766,63.0037],[-143.087,63.0085],[-143.0989,63.0079],[-143.0845,63.0254],[-143.091,63.0354],[-143.1263,63.0433],[-143.1268,63.0477],[-143.1153,63.0563],[-143.1235,63.0661],[-143.1212,63.0696],[-143.1256,63.0745],[-143.1216,63.0775],[-143.1253,63.0879],[-143.1211,63.093],[-143.1334,63.0994],[-143.1411,63.1098],[-143.1323,63.117],[-144.5802,63.1169],[-144.5802,63.1312],[-145.1544,63.1311],[-145.1544,63.2178],[-146.1115,63.2178],[-146.102,63.0456],[-146.4943,63.0464],[-146.4943,63.0425],[-146.5117,63.0421],[-146.8341,63.0406],[-147.2512,63.0424],[-147.2486,63.1293],[-147.4344,63.1292],[-147.4338,63.2149],[-147.6316,63.2145],[-147.6281,63.2953],[-148.0374,63.2941],[-148.0368,63.3332],[-148.0256,63.3332],[-148.0256,63.3888],[-148.4166,63.392],[-148.428,63.6493],[-148.6639,63.647],[-148.801,63.6495],[-148.8044,63.648],[-148.8011,63.6094],[-148.8043,63.5702],[-148.803,63.5178],[-148.7974,63.474],[-149.0208,63.4357],[-149.3838,63.3575],[-149.3842,63.3332],[-149.3677,63.3332],[-149.374,63.1433],[-149.3195,63.1462],[-148.8704,63.1307],[-148.4928,63.1313],[-148.4146,63.1281],[-148.3988,63.2121],[-147.8189,63.2117],[-147.8225,63.1213],[-147.6274,63.1201],[-147.6301,62.9651],[-148.1603,62.9611],[-148.5535,62.9626],[-150.1159,62.9563],[-150.113,62.8904],[-150.4698,62.8863],[-150.4741,62.804],[-151.0072,62.7983],[-151.0173,62.7165],[-151.3835,62.713],[-151.3931,62.6432],[-151.8254,62.6404],[-151.8343,62.5512],[-152.1628,62.5482],[-152.1614,62.4631],[-152.5116,62.4587],[-152.5121,62.377],[-152.8897,62.3738],[-152.8883,62.2962],[-153.0701,62.2926],[-153.0701,62.206],[-153.395,62.206],[-153.395,62.1193],[-153.7619,62.1193],[-153.7619,62.0327],[-157.0639,62.0326],[-157.0639,62.1193],[-158.5314,62.1193],[-158.5314,62.0326],[-159.265,62.0326],[-159.265,61.946],[-160.916,61.9459],[-160.916,62.2059],[-161.0482,62.2059],[-161.0482,62.5524]]]},"properties":{"name":"Doyon Alaska Native Regional Corporation","type":"Alaska Native Regional Corporations","geoid":"0220010","area_sq_mi":199348.92,"layer":"tribal_lands"}},{"type":"Feature","geometry":{"type":"MultiPolygon","coordinates":[[[[-178.824,51.3581],[-178.8328,51.3236],[-178.8565,51.3049],[-178.8879,51.2938],[-178.8996,51.2934],[-178.9081,51.2818],[-178.9195,51.2747],[-178.958,51.2591],[-178.9789,51.2552],[-178.9774,51.253],[-178.9951,51.2351],[-179.0242,51.2098],[-179.0736,51.179],[-179.137,51.1751],[-179.1838,51.1838],[-179.2079,51.2027],[-179.2206,51.228],[-179.2311,51.2675],[-179.2302,51.2839],[-179.2257,51.2993],[-179.2077,51.3209],[-179.1837,51.3385],[-179.16,51.348],[-179.1309,51.3538],[-179.1076,51.3537],[-179.1067,51.3652],[-179.0933,51.3909],[-179.0776,51.399],[-179.0499,51.4284],[-179.0051,51.4527],[-178.9779,51.4574],[-178.9367,51.4507],[-178.9139,51.4442],[-178.8954,51.4329],[-178.8732,51.4248],[-178.8522,51.4104],[-178.8352,51.3908],[-178.824,51.3581]]],[[[-178.2554,51.5358],[-178.2386,51.5299],[-178.2134,51.5097],[-178.2089,51.5092],[-178.1876,51.4822],[-178.191,51.4564],[-178.1984,51.4437],[-178.2181,51.4315],[-178.2487,51.4232],[-178.279,51.4199],[-178.3044,51.4213],[-178.3318,51.4308],[-178.3703,51.4318],[-178.3874,51.4368],[-178.4098,51.4494],[-178.4309,51.4766],[-178.4312,51.4891],[-178.423,51.509],[-178.4052,51.5224],[-178.3901,51.5292],[-178.36,51.5375],[-178.3328,51.5384],[-178.3221,51.5353],[-178.3106,51.5405],[-178.2922,51.5423],[-178.2726,51.541],[-178.2554,51.5358]]],[[[178.6636,51.6592],[178.6787,51.6555],[178.6899,51.6431],[178.7078,51.6398],[178.7168,51.6418],[178.7197,51.6366],[178.7338,51.6318],[178.7479,51.636],[178.7492,51.6419],[178.7603,51.6442],[178.7629,51.6341],[178.7786,51.6272],[178.7817,51.6216],[178.7865,51.6228],[178.7839,51.6309],[178.7904,51.6353],[178.7957,51.6314],[178.8088,51.6326],[178.8107,51.6282],[178.8249,51.6248],[178.8311,51.6187],[178.8321,51.6236],[178.8417,51.6242],[178.8526,51.6141],[178.8552,51.615],[178.8545,51.6187],[178.864,51.6231],[178.8764,51.6184],[178.8934,51.6174],[178.8949,51.6139],[178.9014,51.6125],[178.9022,51.6089],[178.9133,51.6074],[178.9171,51.5999],[178.9133,51.5945],[178.9147,51.5891],[178.9281,51.5841],[178.9332,51.5788],[178.9574,51.5785],[178.96,51.585],[178.9683,51.5869],[178.9811,51.5832],[178.9878,51.5796],[178.9895,51.5718],[178.9872,51.5681],[178.9951,51.5542],[179.0178,51.5427],[179.0227,51.5326],[179.0517,51.5221],[179.0761,51.4971],[179.1053,51.4823],[179.1178,51.481],[179.1599,51.464],[179.1883,51.4662],[179.1867,51.4588],[179.1906,51.4547],[179.1867,51.4513],[179.1883,51.4472],[179.2128,51.4384],[179.2155,51.4317],[179.2127,51.4275],[179.2263,51.4216],[179.2282,51.4186],[179.2251,51.4133],[179.2282,51.411],[179.2613,51.4049],[179.2781,51.4137],[179.2925,51.4151],[179.2892,51.4065],[179.2719,51.399],[179.2712,51.3932],[179.2763,51.3898],[179.2853,51.3898],[179.3328,51.4039],[179.3467,51.4047],[179.3513,51.4007],[179.3692,51.4007],[179.3828,51.4043],[179.3897,51.4096],[179.3985,51.4063],[179.4007,51.391],[179.4071,51.3863],[179.4051,51.3817],[179.4182,51.3847],[179.4401,51.382],[179.4526,51.375],[179.4628,51.3757],[179.4647,51.3727],[179.4475,51.3652],[179.4341,51.3669],[179.4264,51.3619],[179.4012,51.3593],[179.3924,51.3551],[179.3882,51.3563],[179.3836,51.3641],[179.3928,51.3732],[179.3852,51.3753],[179.3181,51.358],[179.3084,51.3617],[179.2894,51.3606],[179.2669,51.357],[179.2386,51.3473],[179.2242,51.3516],[179.2078,51.3589],[179.2148,51.3752],[179.2245,51.381],[179.2241,51.3838],[179.1996,51.3927],[179.166,51.3963],[179.1675,51.4018],[179.1612,51.4045],[179.1601,51.411],[179.1432,51.414],[179.1397,51.4172],[179.1349,51.416],[179.1259,51.4216],[179.1253,51.4267],[179.1066,51.4304],[179.088,51.4449],[179.0568,51.4537],[179.0522,51.4596],[179.0523,51.4648],[179.0316,51.4733],[179.0346,51.479],[179.0287,51.4861],[179.0163,51.4889],[179.0092,51.4991],[178.9947,51.5034],[178.9684,51.5181],[178.9646,51.5294],[178.9517,51.5353],[178.947,51.5412],[178.9226,51.5458],[178.9074,51.5443],[178.9051,51.5501],[178.8932,51.5534],[178.8923,51.5575],[178.879,51.5605],[178.878,51.5685],[178.8678,51.5658],[178.8624,51.5607],[178.8528,51.562],[178.8503,51.5644],[178.8533,51.5682],[178.8339,51.5788],[178.8209,51.5739],[178.8099,51.5768],[178.7894,51.5754],[178.7855,51.5719],[178.771,51.5724],[178.7619,51.5799],[178.7636,51.5849],[178.7613,51.5869],[178.7465,51.5845],[178.7018,51.5924],[178.7021,51.5972],[178.6918,51.6002],[178.6862,51.6083],[178.6722,51.6093],[178.6646,51.6166],[178.635,51.6227],[178.6327,51.6299],[178.6186,51.6385],[178.6415,51.6432],[178.6464,51.6478],[178.6472,51.6569],[178.6636,51.6592]]],[[[178.6388,51.6576],[178.6299,51.6603],[178.6304,51.6627],[178.6368,51.6638],[178.6407,51.6597],[178.6388,51.6576]]],[[[-178.6032,51.6603],[-178.593,51.6562],[-178.5781,51.6595],[-178.5593,51.658],[-178.5398,51.6523],[-178.5045,51.6335],[-178.4899,51.6337],[-178.4704,51.6287],[-178.4522,51.621],[-178.4361,51.6097],[-178.4217,51.5873],[-178.4267,51.5618],[-178.4406,51.5509],[-178.4562,51.5434],[-178.5013,51.5327],[-178.5177,51.5206],[-178.5502,51.5085],[-178.5745,51.5075],[-178.5966,51.5108],[-178.6364,51.5248],[-178.6653,51.518],[-178.6731,51.5098],[-178.6908,51.5007],[-178.7148,51.4938],[-178.7558,51.4887],[-178.7748,51.4904],[-178.8002,51.4859],[-178.8364,51.492],[-178.8551,51.501],[-178.8689,51.5131],[-178.8761,51.512],[-178.9003,51.5223],[-178.91,51.5313],[-178.9256,51.5381],[-178.9503,51.5648],[-178.9615,51.5468],[-178.9901,51.5261],[-179.0178,51.5178],[-179.0285,51.519],[-179.0711,51.5093],[-179.0868,51.5103],[-179.1199,51.5191],[-179.1411,51.538],[-179.1489,51.5542],[-179.1499,51.5954],[-179.1413,51.6096],[-179.124,51.6263],[-179.1134,51.6324],[-179.0783,51.6436],[-179.056,51.646],[-179.0388,51.6435],[-179.0008,51.6317],[-178.9546,51.5985],[-178.9486,51.5873],[-178.9442,51.5961],[-178.9202,51.6137],[-178.8908,51.6285],[-178.8699,51.6336],[-178.8446,51.6376],[-178.8275,51.6354],[-178.785,51.6194],[-178.7683,51.6166],[-178.7523,51.636],[-178.7259,51.6527],[-178.6601,51.6659],[-178.6343,51.6665],[-178.6032,51.6603]]],[[[178.2589,51.8224],[178.3084,51.8202],[178.314,51.814],[178.3115,51.8093],[178.3343,51.8055],[178.3397,51.7964],[178.3489,51.7927],[178.3438,51.7886],[178.3572,51.7856],[178.3791,51.766],[178.3739,51.7641],[178.3536,51.7726],[178.3317,51.769],[178.3078,51.7735],[178.2884,51.7869],[178.2775,51.8017],[178.2694,51.8066],[178.2517,51.8107],[178.2434,51.816],[178.229,51.8159],[178.2207,51.8212],[178.2196,51.8272],[178.2062,51.8302],[178.2058,51.8329],[178.2173,51.8344],[178.2589,51.8224]]],[[[-178.7764,51.6955],[-178.8159,51.6936],[-178.8411,51.6983],[-178.8685,51.7117],[-178.8937,51.7286],[-178.9151,51.7371],[-178.95,51.7602],[-178.9573,51.7808],[-178.9469,51.8181],[-178.9396,51.8336],[-178.9153,51.8581],[-178.8904,51.8731],[-178.8451,51.8879],[-178.7865,51.8879],[-178.7728,51.8853],[-178.7289,51.8697],[-178.6903,51.8495],[-178.6697,51.8256],[-178.6586,51.8071],[-178.6467,51.7994],[-178.6468,51.7903],[-178.6635,51.7474],[-178.6707,51.7392],[-178.7093,51.712],[-178.7764,51.6955]]],[[[178.3132,51.9621],[178.3093,51.9623],[178.3083,51.9665],[178.3151,51.9647],[178.3132,51.9621]]],[[[177.6453,51.9591],[177.6687,51.9579],[177.7002,51.9505],[177.6899,51.9463],[177.6799,51.9498],[177.6709,51.9444],[177.646,51.942],[177.6439,51.945],[177.6234,51.95],[177.6196,51.9584],[177.631,51.9671],[177.63,51.9712],[177.6352,51.973],[177.6395,51.9704],[177.6388,51.9617],[177.6453,51.9591]]],[[[178.3486,51.9646],[178.359,51.9635],[178.3636,51.96],[178.355,51.9605],[178.3496,51.9553],[178.3391,51.955],[178.3186,51.9459],[178.3204,51.9505],[178.3169,51.9551],[178.3391,51.9621],[178.3404,51.9732],[178.3483,51.9707],[178.3486,51.9646]]],[[[178.339,51.9782],[178.3306,51.9801],[178.3377,51.9813],[178.339,51.9782]]],[[[-177.4298,51.8411],[-177.469,51.8399],[-177.4867,51.8436],[-177.5237,51.8662],[-177.5465,51.8894],[-177.5518,51.9155],[-177.5429,51.9351],[-177.5092,51.9657],[-177.4937,51.9746],[-177.4596,51.9829],[-177.4222,51.9764],[-177.3744,51.9626],[-177.3562,51.9503],[-177.3364,51.9216],[-177.3326,51.9008],[-177.3363,51.889],[-177.3524,51.8717],[-177.3809,51.8557],[-177.4298,51.8411]]],[[[178.2999,51.9717],[178.2829,51.9689],[178.2677,51.9759],[178.2669,51.9795],[178.2808,51.9861],[178.2885,51.977],[178.2999,51.9717]]],[[[178.5089,51.9835],[178.5521,51.973],[178.5713,51.9653],[178.5865,51.9526],[178.5874,51.9432],[178.5788,51.9385],[178.5743,51.9311],[178.548,51.9178],[178.5367,51.9031],[178.5265,51.9038],[178.5171,51.8989],[178.504,51.8977],[178.4844,51.9064],[178.4801,51.9094],[178.479,51.9154],[178.4656,51.9275],[178.4562,51.9264],[178.4503,51.933],[178.4515,51.9375],[178.4321,51.9419],[178.4315,51.9451],[178.4585,51.9533],[178.4594,51.9582],[178.4521,51.9594],[178.4479,51.973],[178.4422,51.9773],[178.458,51.9742],[178.4559,51.9828],[178.4585,51.9856],[178.4737,51.9858],[178.4827,51.9806],[178.4902,51.9809],[178.5008,51.9864],[178.5089,51.9835]]],[[[179.6452,52.029],[179.663,52.0223],[179.6718,52.0133],[179.7027,52.0062],[179.7077,51.9932],[179.73,51.9848],[179.7374,51.9774],[179.7688,51.9728],[179.7751,51.9624],[179.7639,51.9522],[179.7351,51.9464],[179.7324,51.9361],[179.7494,51.9254],[179.7409,51.9142],[179.6857,51.8987],[179.6732,51.8978],[179.6659,51.8933],[179.6608,51.885],[179.6463,51.8757],[179.6294,51.8726],[179.6122,51.8742],[179.577,51.8906],[179.5455,51.8918],[179.5335,51.8994],[179.5174,51.8979],[179.5183,51.9032],[179.5123,51.9146],[179.4904,51.9202],[179.4803,51.9267],[179.4741,51.9423],[179.4871,51.9476],[179.4936,51.9561],[179.481,51.9669],[179.4838,51.9749],[179.4799,51.981],[179.4828,51.9852],[179.5265,51.9858],[179.5824,52.0189],[179.6174,52.0205],[179.6205,52.0224],[179.6209,52.0291],[179.6452,52.029]]],[[[178.1465,52.0501],[178.1487,52.0434],[178.1779,52.0321],[178.1803,52.0178],[178.1766,52.0157],[178.1837,52.0046],[178.1885,52.004],[178.1872,51.9999],[178.1707,51.9905],[178.144,51.9889],[178.1362,51.9857],[178.128,51.9871],[178.1105,51.9975],[178.0963,51.997],[178.1024,52.0057],[178.0939,52.0218],[178.0936,52.0332],[178.0875,52.0331],[178.0928,52.0421],[178.1074,52.0436],[178.1221,52.0394],[178.1188,52.0507],[178.1465,52.0501]]],[[[177.6173,52.1247],[177.6257,52.1247],[177.6315,52.1205],[177.6477,52.1185],[177.6637,52.1117],[177.6605,52.1036],[177.6703,52.09],[177.6707,52.0806],[177.6552,52.0708],[177.6313,52.0643],[177.6332,52.0532],[177.6291,52.0486],[177.6395,52.0423],[177.6222,52.0384],[177.6219,52.0355],[177.607,52.0296],[177.6053,52.0231],[177.5911,52.0206],[177.5903,52.0172],[177.5971,52.0174],[177.5992,52.0144],[177.5901,52.0109],[177.5885,52.0059],[177.5773,52.0054],[177.5675,51.9965],[177.553,52.0016],[177.5464,52.001],[177.5508,51.9946],[177.5693,51.9907],[177.5762,51.9771],[177.571,51.9733],[177.5579,51.982],[177.5451,51.9817],[177.5376,51.9761],[177.5339,51.964],[177.5412,51.9562],[177.563,51.9553],[177.5689,51.9506],[177.607,51.9524],[177.6011,51.9485],[177.6075,51.9325],[177.6015,51.9219],[177.5983,51.9223],[177.5974,51.926],[177.5873,51.9247],[177.5813,51.928],[177.5766,51.9214],[177.5567,51.9284],[177.5544,51.9266],[177.5592,51.9227],[177.55,51.9125],[177.5332,51.9229],[177.5099,51.9255],[177.5049,51.9299],[177.505,51.9347],[177.4918,51.9386],[177.4906,51.9293],[177.4746,51.936],[177.4678,51.9325],[177.4682,51.9282],[177.4785,51.9224],[177.4794,51.9169],[177.4744,51.9093],[177.4638,51.9108],[177.4573,51.9168],[177.4446,51.9213],[177.4456,51.9276],[177.456,51.9299],[177.4581,51.9355],[177.4555,51.9379],[177.4294,51.9348],[177.4227,51.9293],[177.4048,51.93],[177.3998,51.9258],[177.3857,51.9233],[177.3792,51.9174],[177.3685,51.9174],[177.3476,51.9028],[177.3429,51.8962],[177.346,51.8929],[177.3338,51.8894],[177.3346,51.8843],[177.3306,51.8831],[177.3326,51.8787],[177.3261,51.8727],[177.3317,51.8637],[177.3312,51.8412],[177.3216,51.8338],[177.3244,51.8276],[177.3106,51.8261],[177.2948,51.8324],[177.292,51.8352],[177.2945,51.8414],[177.2848,51.8478],[177.2826,51.8526],[177.275,51.8542],[177.2741,51.8578],[177.2571,51.8601],[177.247,51.8688],[177.2322,51.8728],[177.2266,51.8818],[177.2203,51.8821],[177.212,51.8769],[177.2053,51.88],[177.2015,51.895],[177.2224,51.9011],[177.232,51.9086],[177.2378,51.9091],[177.2434,51.9053],[177.2553,51.9094],[177.2648,51.9187],[177.2909,51.9185],[177.2932,51.9218],[177.2905,51.9261],[177.3309,51.9313],[177.322,51.9426],[177.3417,51.9547],[177.3465,51.966],[177.3678,51.9764],[177.3833,51.9744],[177.3901,51.9779],[177.4297,51.9782],[177.4486,51.9854],[177.4811,51.9829],[177.4948,51.9948],[177.4868,52.0025],[177.4878,52.0055],[177.5008,52.0088],[177.5044,52.0127],[177.501,52.0221],[177.5054,52.0276],[177.5035,52.0488],[177.5165,52.0539],[177.5226,52.0592],[177.5252,52.0687],[177.5406,52.0752],[177.5502,52.0864],[177.549,52.0976],[177.5423,52.1022],[177.5437,52.1043],[177.5539,52.1037],[177.5574,52.1062],[177.5626,52.1219],[177.5795,52.1253],[177.5837,52.1313],[177.5973,52.135],[177.6063,52.1356],[177.6136,52.1312],[177.6173,52.1247]]],[[[-175.489,52.2366],[-175.4565,52.2275],[-175.4368,52.217],[-175.4191,52.2055],[-175.4055,52.187],[-175.4043,52.1716],[-175.437,52.1328],[-175.4725,52.1131],[-175.5124,52.1074],[-175.5613,52.1226],[-175.6031,52.1519],[-175.6091,52.1674],[-175.6098,52.183],[-175.604,52.1987],[-175.5793,52.2202],[-175.5328,52.2366],[-175.489,52.2366]]],[[[-175.1322,52.1632],[-175.1526,52.163],[-175.1765,52.1707],[-175.2053,52.1912],[-175.223,52.2206],[-175.2248,52.233],[-175.2047,52.2591],[-175.1751,52.2716],[-175.1198,52.2805],[-175.0959,52.2743],[-175.0707,52.2629],[-175.0536,52.2513],[-175.0365,52.229],[-175.0363,52.2176],[-175.0642,52.1861],[-175.1023,52.168],[-175.1322,52.1632]]],[[[175.9184,52.3716],[175.9437,52.3707],[175.9533,52.3624],[175.9672,52.3593],[175.9497,52.3493],[175.9407,52.3375],[175.9127,52.3346],[175.8993,52.335],[175.8865,52.345],[175.8822,52.3538],[175.8716,52.3595],[175.8658,52.3727],[175.8715,52.3753],[175.8859,52.3713],[175.9007,52.376],[175.9184,52.3716]]],[[[175.859,52.3786],[175.8532,52.3809],[175.8582,52.3818],[175.859,52.3786]]],[[[-172.3795,52.4413],[-172.356,52.4333],[-172.3324,52.4199],[-172.2966,52.4139],[-172.2746,52.4058],[-172.2497,52.3935],[-172.2313,52.3799],[-172.2243,52.3694],[-172.2236,52.3592],[-172.2263,52.3549],[-172.2105,52.3271],[-172.2107,52.3163],[-172.2285,52.2962],[-172.2502,52.2841],[-172.2661,52.2818],[-172.2877,52.2657],[-172.335,52.2523],[-172.3548,52.2383],[-172.3779,52.2284],[-172.4077,52.2245],[-172.4272,52.2254],[-172.4501,52.2173],[-172.4749,52.2151],[-172.4942,52.2041],[-172.5106,52.1999],[-172.5444,52.198],[-172.576,52.2022],[-172.6162,52.1991],[-172.6364,52.202],[-172.6595,52.2111],[-172.676,52.2106],[-172.6887,52.2167],[-172.7075,52.2342],[-172.7184,52.2531],[-172.7207,52.2644],[-172.7126,52.2763],[-172.7173,52.2815],[-172.7144,52.2948],[-172.7013,52.3146],[-172.6816,52.3306],[-172.6333,52.3879],[-172.6061,52.3994],[-172.5477,52.413],[-172.5076,52.4294],[-172.4649,52.4409],[-172.4483,52.4431],[-172.4271,52.4402],[-172.4176,52.4441],[-172.3993,52.4445],[-172.3795,52.4413]]],[[[-174.0922,52.4607],[-174.0658,52.4457],[-174.0654,52.4426],[-174.0555,52.4438],[-174.0309,52.4394],[-173.9954,52.4243],[-173.9872,52.4186],[-173.986,52.4121],[-173.9643,52.4072],[-173.9402,52.3963],[-173.9229,52.3781],[-173.9182,52.3629],[-173.9218,52.3474],[-173.9083,52.3323],[-173.9029,52.3192],[-173.9046,52.2937],[-173.9218,52.2678],[-173.9556,52.24],[-173.9647,52.224],[-173.9805,52.2116],[-173.9905,52.1831],[-173.9813,52.1808],[-173.9364,52.1846],[-173.8986,52.199],[-173.8718,52.2029],[-173.8406,52.2013],[-173.7851,52.1855],[-173.7321,52.1833],[-173.6017,52.2125],[-173.5873,52.2122],[-173.5652,52.2037],[-173.5063,52.2131],[-173.479,52.2071],[-173.4557,52.1917],[-173.4408,52.1688],[-173.343,52.1665],[-173.3098,52.155],[-173.2832,52.1613],[-173.2572,52.1613],[-173.2241,52.1557],[-173.1778,52.1618],[-173.1515,52.1616],[-172.9437,52.1466],[-172.9252,52.1552],[-172.8949,52.1555],[-172.8667,52.1489],[-172.8425,52.1364],[-172.8288,52.1234],[-172.822,52.1123],[-172.8203,52.1003],[-172.8392,52.0716],[-172.852,52.0627],[-172.8669,52.0564],[-172.8765,52.0559],[-172.8847,52.0433],[-172.9026,52.032],[-172.9231,52.0242],[-172.9498,52.0191],[-172.9761,52.0203],[-173.0033,52.028],[-173.0488,52.0224],[-173.07,52.026],[-173.0803,52.0186],[-173.0781,51.9935],[-173.0852,51.9749],[-173.1032,51.9595],[-173.1293,51.9505],[-173.1513,51.9471],[-173.1761,51.9489],[-173.2036,51.9603],[-173.2249,51.9746],[-173.2372,51.9883],[-173.2389,52.0087],[-173.2432,52.0094],[-173.2558,52.0053],[-173.3045,52.0054],[-173.3099,51.999],[-173.3442,51.9834],[-173.3567,51.9808],[-173.3932,51.9797],[-173.4279,51.9849],[-173.448,51.9782],[-173.4873,51.9712],[-173.5186,51.9716],[-173.5307,51.9765],[-173.5515,51.9767],[-173.5849,51.9825],[-173.6071,51.9924],[-173.6174,52.0009],[-173.6379,52.0037],[-173.645,52.0011],[-173.6802,52.0009],[-173.7101,52.0068],[-173.7349,51.9989],[-173.7737,52.0029],[-173.7765,51.9986],[-173.8152,51.9898],[-173.854,51.9913],[-173.8794,51.9987],[-173.9352,52.0044],[-173.9707,52.0142],[-174.0022,52.0287],[-174.0264,52.0472],[-174.0423,52.0499],[-174.0499,52.0552],[-174.0766,52.049],[-174.1121,52.0464],[-174.1243,52.0486],[-174.151,52.0432],[-174.1812,52.0474],[-174.2503,52.0393],[-174.2772,52.0454],[-174.314,52.0362],[-174.3158,52.0239],[-174.3233,52.0102],[-174.3359,52.0003],[-174.3504,51.9803],[-174.3786,51.9685],[-174.4231,51.9618],[-174.4425,51.9639],[-174.4809,51.9525],[-174.5507,51.9614],[-174.5756,51.9688],[-174.5943,51.9784],[-174.6315,51.9687],[-174.6461,51.9692],[-174.6879,51.9575],[-174.7451,51.9556],[-174.8058,51.973],[-174.8325,51.9727],[-174.8613,51.98],[-174.8693,51.9891],[-174.9333,51.9753],[-174.9515,51.9667],[-175.0003,51.9545],[-175.0293,51.9515],[-175.0407,51.9541],[-175.0564,51.9482],[-175.1002,51.949],[-175.1645,51.9578],[-175.2039,51.9552],[-175.2371,51.9615],[-175.2563,51.9614],[-175.2759,51.9547],[-175.3069,51.9523],[-175.3487,51.9626],[-175.3729,51.9465],[-175.41,51.9302],[-175.431,51.9277],[-175.4463,51.9306],[-175.47,51.9218],[-175.4987,51.9215],[-175.5131,51.9268],[-175.5257,51.9153],[-175.5854,51.9049],[-175.6153,51.9043],[-175.6359,51.9112],[-175.6451,51.9079],[-175.6556,51.8977],[-175.6922,51.8858],[-175.712,51.8732],[-175.7526,51.8638],[-175.7907,51.8625],[-175.806,51.8665],[-175.7987,51.8391],[-175.8146,51.8153],[-175.8271,51.8054],[-175.8498,51.7955],[-175.882,51.7939],[-175.9131,51.8004],[-175.9147,51.7926],[-175.9266,51.776],[-175.9421,51.7647],[-175.9647,51.7554],[-176.0026,51.7484],[-176.0187,51.7493],[-176.0419,51.7558],[-176.0584,51.7447],[-176.0788,51.7391],[-176.0906,51.7409],[-176.1156,51.7267],[-176.1332,51.7216],[-176.163,51.72],[-176.1897,51.7242],[-176.2114,51.7331],[-176.23,51.7113],[-176.2552,51.6954],[-176.339,51.6787],[-176.3688,51.6789],[-176.4032,51.6839],[-176.448,51.6742],[-176.4566,51.6764],[-176.4771,51.6677],[-176.4931,51.6557],[-176.5153,51.6478],[-176.5398,51.6484],[-176.5783,51.6223],[-176.6015,51.6117],[-176.6248,51.6049],[-176.6513,51.6039],[-176.663,51.5941],[-176.6987,51.5784],[-176.7345,51.5742],[-176.7473,51.5777],[-176.8014,51.5594],[-176.8297,51.5588],[-176.8488,51.563],[-176.8622,51.5704],[-176.867,51.5636],[-176.894,51.5468],[-176.9179,51.5385],[-176.9428,51.5371],[-176.9696,51.539],[-176.998,51.5455],[-177.0426,51.5661],[-177.0589,51.5785],[-177.0687,51.5928],[-177.0688,51.6097],[-177.0743,51.6209],[-177.0727,51.6424],[-177.0653,51.6489],[-177.0638,51.6647],[-177.0455,51.6907],[-177.034,51.704],[-177.0127,51.7145],[-176.9903,51.734],[-176.9702,51.7437],[-176.9684,51.7481],[-176.9943,51.7622],[-177.0015,51.7737],[-177.0042,51.7878],[-177.0015,51.8027],[-176.9831,51.8258],[-176.9837,51.8338],[-176.9971,51.8225],[-177.0244,51.8096],[-177.0403,51.8077],[-177.0345,51.7967],[-177.0361,51.7818],[-177.0283,51.7743],[-177.0276,51.767],[-177.0364,51.7463],[-177.0341,51.7327],[-177.0469,51.7129],[-177.0597,51.6974],[-177.0653,51.6955],[-177.0676,51.6876],[-177.08,51.6742],[-177.098,51.6633],[-177.1269,51.6534],[-177.163,51.6528],[-177.1837,51.6486],[-177.2287,51.632],[-177.2811,51.6276],[-177.3044,51.6309],[-177.3176,51.636],[-177.3503,51.635],[-177.3723,51.6416],[-177.403,51.6704],[-177.4199,51.6625],[-177.452,51.6402],[-177.481,51.6322],[-177.5129,51.6319],[-177.5387,51.6374],[-177.5414,51.6412],[-177.5538,51.6398],[-177.5627,51.6229],[-177.5812,51.6133],[-177.6024,51.607],[-177.6577,51.5987],[-177.6997,51.6023],[-177.7277,51.611],[-177.7503,51.6277],[-177.752,51.6374],[-177.7834,51.6479],[-177.8104,51.633],[-177.8249,51.6311],[-177.8187,51.6187],[-177.8179,51.5981],[-177.8205,51.5844],[-177.8305,51.57],[-177.8438,51.5586],[-177.8601,51.5511],[-177.8783,51.5433],[-177.8994,51.5402],[-177.9283,51.5419],[-177.9713,51.5524],[-178.0021,51.5669],[-178.0108,51.5758],[-178.0269,51.5742],[-178.0507,51.5799],[-178.0834,51.5951],[-178.0902,51.6037],[-178.1318,51.6099],[-178.1894,51.6337],[-178.1956,51.6414],[-178.2032,51.6613],[-178.206,51.6793],[-178.2037,51.6925],[-178.1923,51.7038],[-178.1924,51.7208],[-178.1845,51.7322],[-178.1645,51.7469],[-178.1321,51.7579],[-178.1603,51.7789],[-178.2335,51.8019],[-178.2561,51.812],[-178.2977,51.8452],[-178.3071,51.8584],[-178.3095,51.8711],[-178.2989,51.9037],[-178.2584,51.9421],[-178.2363,51.9547],[-178.1073,51.9765],[-178.0869,51.9754],[-178.065,51.9648],[-178.0504,51.9705],[-178.0324,51.9727],[-178.0074,51.9698],[-178.0023,51.9657],[-177.9818,51.9707],[-177.947,51.9713],[-177.9133,51.9644],[-177.8899,51.9526],[-177.8707,51.9358],[-177.8655,51.9258],[-177.8467,51.9225],[-177.8345,51.9141],[-177.8268,51.8964],[-177.8119,51.8908],[-177.7734,51.8957],[-177.7354,51.8884],[-177.704,51.8972],[-177.6617,51.9022],[-177.6377,51.901],[-177.6149,51.905],[-177.5875,51.9032],[-177.5678,51.8972],[-177.5576,51.8919],[-177.5384,51.8731],[-177.5323,51.8551],[-177.5331,51.8423],[-177.5359,51.8366],[-177.542,51.8332],[-177.5383,51.8209],[-177.5539,51.8005],[-177.5643,51.796],[-177.5485,51.7926],[-177.5421,51.7883],[-177.5153,51.792],[-177.4887,51.8049],[-177.4457,51.8095],[-177.4237,51.8287],[-177.4062,51.8362],[-177.3637,51.838],[-177.3417,51.8322],[-177.3245,51.8321],[-177.3089,51.8368],[-177.2983,51.8562],[-177.2829,51.8631],[-177.2844,51.9131],[-177.2756,51.9433],[-177.2675,51.9596],[-177.2489,51.9735],[-177.2062,51.9931],[-177.1681,51.9995],[-177.1489,51.9984],[-177.0797,51.9859],[-177.0399,51.9749],[-177.0169,51.965],[-177.0042,51.9506],[-176.9837,51.9403],[-176.9701,51.9245],[-176.9673,51.8895],[-176.9752,51.8761],[-176.971,51.8611],[-176.9548,51.8747],[-176.9387,51.8827],[-176.9189,51.8821],[-176.9102,51.8896],[-176.8974,51.907],[-176.8755,51.9597],[-176.8478,51.9955],[-176.827,52.0091],[-176.8025,52.0167],[-176.7386,52.0208],[-176.6915,52.0177],[-176.6819,52.0286],[-176.6619,52.0401],[-176.6013,52.0566],[-176.5412,52.0509],[-176.5101,52.0394],[-176.4885,52.026],[-176.4815,52.0182],[-176.4696,51.9812],[-176.4729,51.9636],[-176.4528,51.944],[-176.449,51.9333],[-176.4479,51.9212],[-176.4528,51.9079],[-176.4292,51.9153],[-176.3657,51.9184],[-176.3399,51.9163],[-176.326,51.9224],[-176.2693,51.919],[-176.2429,51.9267],[-176.252,51.9483],[-176.253,51.958],[-176.2471,51.9653],[-176.2656,51.9873],[-176.2675,52.0054],[-176.2799,52.0234],[-176.2811,52.0434],[-176.2914,52.0534],[-176.2931,52.0654],[-176.2854,52.0941],[-176.2245,52.1531],[-176.1691,52.1696],[-176.1484,52.1715],[-176.1162,52.1652],[-176.0932,52.1645],[-176.0806,52.159],[-176.0399,52.1622],[-175.9919,52.1497],[-175.9771,52.1413],[-175.9672,52.1267],[-175.9669,52.1214],[-175.9353,52.1049],[-175.9301,52.0996],[-175.9278,52.0911],[-175.8952,52.0969],[-175.8537,52.0965],[-175.8303,52.0854],[-175.812,52.0479],[-175.8065,52.0437],[-175.7954,52.045],[-175.7783,52.0401],[-175.7393,52.0213],[-175.7132,52.0263],[-175.6865,52.0233],[-175.6776,52.0193],[-175.6477,52.0221],[-175.6361,52.0175],[-175.6115,52.0182],[-175.5989,52.0125],[-175.5723,52.0145],[-175.5492,52.0099],[-175.5177,52.0284],[-175.4704,52.0428],[-175.4412,52.0431],[-175.4124,52.036],[-175.4018,52.0497],[-175.3843,52.0633],[-175.3645,52.072],[-175.341,52.0775],[-175.3267,52.0758],[-175.2966,52.0888],[-175.2732,52.0921],[-175.2316,52.0902],[-175.2211,52.0966],[-175.1931,52.1044],[-175.1551,52.1095],[-175.1024,52.1086],[-175.0839,52.1257],[-175.0594,52.1366],[-174.9932,52.1364],[-174.9646,52.1543],[-174.9252,52.1639],[-174.8661,52.1656],[-174.8537,52.1622],[-174.8499,52.1554],[-174.8271,52.1598],[-174.7966,52.1535],[-174.7947,52.1502],[-174.7598,52.1671],[-174.7316,52.1714],[-174.7186,52.1901],[-174.6961,52.2094],[-174.6685,52.2252],[-174.6178,52.2334],[-174.589,52.2287],[-174.5535,52.2595],[-174.5246,52.2676],[-174.4944,52.2653],[-174.5178,52.2845],[-174.5377,52.317],[-174.5369,52.3289],[-174.5249,52.3482],[-174.4947,52.367],[-174.4688,52.3729],[-174.4107,52.3764],[-174.4064,52.3908],[-174.3908,52.4099],[-174.3758,52.4218],[-174.3557,52.4265],[-174.3289,52.4507],[-174.3127,52.4567],[-174.2866,52.4584],[-174.245,52.4548],[-174.1864,52.4717],[-174.1579,52.473],[-174.1106,52.4683],[-174.0922,52.4607]]],[[[173.7629,52.5144],[173.7705,52.5093],[173.7661,52.5045],[173.7068,52.4779],[173.7022,52.4692],[173.6911,52.461],[173.6949,52.457],[173.6945,52.4521],[173.6894,52.4457],[173.6991,52.4366],[173.6984,52.4224],[173.7069,52.4227],[173.7121,52.4175],[173.7095,52.4024],[173.7154,52.3974],[173.7246,52.3567],[173.7094,52.3559],[173.6945,52.3644],[173.6849,52.3647],[173.6616,52.3627],[173.6554,52.3585],[173.6422,52.3567],[173.6388,52.3627],[173.6436,52.3725],[173.6239,52.3741],[173.6068,52.3821],[173.6158,52.3971],[173.5989,52.3964],[173.5935,52.3919],[173.5868,52.3997],[173.5593,52.4011],[173.5494,52.3908],[173.5402,52.3932],[173.5055,52.3848],[173.4729,52.3827],[173.4561,52.3902],[173.4356,52.3946],[173.4126,52.3906],[173.4077,52.3993],[173.3949,52.4038],[173.3594,52.4054],[173.3726,52.4238],[173.3858,52.4339],[173.4124,52.4328],[173.4191,52.4391],[173.4275,52.4355],[173.433,52.4397],[173.4407,52.4539],[173.4499,52.4544],[173.4682,52.4443],[173.4998,52.4427],[173.5269,52.4505],[173.545,52.4689],[173.5451,52.4728],[173.5596,52.4792],[173.5815,52.4795],[173.5901,52.4741],[173.5946,52.4857],[173.6036,52.4963],[173.6026,52.5039],[173.6188,52.5073],[173.6252,52.4999],[173.6364,52.4955],[173.6774,52.5124],[173.697,52.5098],[173.7629,52.5144]]],[[[174.5362,52.6282],[174.5284,52.6295],[174.5329,52.6313],[174.5362,52.6282]]],[[[174.5235,52.6328],[174.518,52.6327],[174.5162,52.6362],[174.5228,52.637],[174.5235,52.6328]]],[[[-171.0188,52.5858],[-171.0336,52.5485],[-171.0495,52.531],[-171.0646,52.5212],[-171.102,52.5083],[-171.1119,52.5076],[-171.1149,52.4828],[-171.1365,52.4457],[-171.1732,52.4152],[-171.2063,52.3989],[-171.2266,52.3937],[-171.2643,52.3912],[-171.2943,52.3931],[-171.3492,52.4088],[-171.3669,52.4194],[-171.3773,52.4314],[-171.3937,52.4681],[-171.393,52.4912],[-171.3871,52.5148],[-171.3744,52.5371],[-171.3441,52.556],[-171.3124,52.5707],[-171.2805,52.5798],[-171.2486,52.5809],[-171.206,52.6249],[-171.1792,52.6387],[-171.1403,52.6396],[-171.1099,52.6363],[-171.0698,52.6271],[-171.0384,52.6143],[-171.0224,52.6037],[-171.0188,52.5858]]],[[[174.1172,52.7334],[174.1345,52.7336],[174.1457,52.7276],[174.1592,52.7145],[174.1588,52.7037],[174.1019,52.708],[174.0744,52.7149],[174.0692,52.7129],[174.0595,52.7206],[174.0684,52.733],[174.0774,52.7281],[174.0961,52.7431],[174.1136,52.7385],[174.1172,52.7334]]],[[[173.9696,52.7467],[173.9829,52.747],[173.9948,52.7427],[174.0009,52.7445],[174.0028,52.7424],[173.9981,52.7366],[174.0109,52.7364],[174.0193,52.7284],[174.0058,52.7213],[173.9973,52.721],[173.9949,52.7239],[173.9771,52.7275],[173.9636,52.7348],[173.9607,52.7415],[173.9506,52.7496],[173.9696,52.7467]]],[[[-170.5375,52.7314],[-170.5083,52.7212],[-170.481,52.6904],[-170.4747,52.6738],[-170.4728,52.6435],[-170.4754,52.6366],[-170.4937,52.6189],[-170.5092,52.5977],[-170.5362,52.5738],[-170.5757,52.5549],[-170.652,52.5406],[-170.6744,52.5399],[-170.7382,52.5001],[-170.7638,52.4898],[-170.7938,52.4871],[-170.8283,52.4919],[-170.8484,52.5052],[-170.8876,52.5138],[-170.9129,52.5303],[-170.9274,52.5499],[-170.9235,52.575],[-170.9127,52.5912],[-170.9032,52.6224],[-170.8889,52.6493],[-170.8655,52.6691],[-170.8342,52.6843],[-170.8188,52.6885],[-170.7861,52.714],[-170.7704,52.7211],[-170.7321,52.7298],[-170.6805,52.7496],[-170.6304,52.7516],[-170.5641,52.7422],[-170.5375,52.7314]]],[[[173.8741,52.7731],[173.8817,52.7737],[173.8893,52.77],[173.8962,52.7719],[173.9385,52.7512],[173.9329,52.7486],[173.9136,52.7533],[173.8968,52.7522],[173.8649,52.7712],[173.8639,52.7744],[173.8741,52.7731]]],[[[172.7896,53.0063],[172.8111,52.9997],[172.9034,52.994],[172.9061,52.9907],[172.8985,52.9817],[172.9037,52.977],[172.9458,52.972],[172.9708,52.9799],[172.9717,52.9839],[172.9794,52.9885],[172.9936,52.9916],[173.0306,52.9913],[173.0767,52.9822],[173.1044,52.9904],[173.1307,52.987],[173.163,52.9725],[173.1664,52.9611],[173.1725,52.9576],[173.1542,52.9381],[173.1277,52.93],[173.124,52.9268],[173.1257,52.9238],[173.1593,52.9252],[173.1618,52.9223],[173.151,52.9161],[173.152,52.9129],[173.1656,52.9115],[173.1741,52.9133],[173.2032,52.9321],[173.2475,52.9425],[173.2502,52.9378],[173.2364,52.9285],[173.2384,52.9236],[173.2465,52.9234],[173.2544,52.929],[173.2625,52.9302],[173.2872,52.9233],[173.2993,52.9244],[173.3061,52.9196],[173.3032,52.9122],[173.3073,52.9106],[173.3014,52.9055],[173.2987,52.8923],[173.2781,52.885],[173.2755,52.8772],[173.2612,52.8756],[173.26,52.8695],[173.2642,52.8636],[173.2845,52.8587],[173.3518,52.858],[173.4045,52.8478],[173.4249,52.8497],[173.4269,52.8477],[173.4215,52.8446],[173.4176,52.8346],[173.4249,52.8303],[173.4157,52.8269],[173.369,52.8335],[173.3541,52.8289],[173.3119,52.8262],[173.3009,52.8205],[173.2982,52.8141],[173.3082,52.8089],[173.3076,52.8059],[173.3019,52.8047],[173.3004,52.8087],[173.2895,52.811],[173.2937,52.8204],[173.2913,52.8233],[173.2683,52.8315],[173.2302,52.8534],[173.2173,52.855],[173.213,52.8541],[173.2003,52.8402],[173.1999,52.8382],[173.2119,52.8354],[173.1866,52.831],[173.1855,52.8259],[173.179,52.8221],[173.1766,52.8123],[173.1709,52.814],[173.1722,52.8187],[173.1676,52.8211],[173.1579,52.8185],[173.1631,52.8026],[173.1702,52.8027],[173.1775,52.7956],[173.1731,52.7907],[173.1633,52.794],[173.15,52.7935],[173.1328,52.7835],[173.1157,52.7813],[173.1051,52.7887],[173.1061,52.7953],[173.1022,52.7978],[173.0937,52.7974],[173.0876,52.8024],[173.0785,52.8044],[173.0761,52.8238],[173.064,52.8309],[173.0535,52.8242],[173.0082,52.813],[172.9982,52.8055],[172.9987,52.7964],[172.9872,52.7929],[172.9691,52.7802],[172.9447,52.7565],[172.9264,52.751],[172.9223,52.7458],[172.9088,52.7443],[172.8947,52.7495],[172.8995,52.7617],[172.8881,52.7743],[172.8918,52.779],[172.8901,52.7859],[172.8755,52.7959],[172.8479,52.7928],[172.8434,52.7855],[172.827,52.7917],[172.8188,52.8015],[172.8141,52.8015],[172.805,52.7966],[172.806,52.7881],[172.7987,52.7816],[172.7847,52.7795],[172.7676,52.7869],[172.7577,52.7848],[172.7508,52.7925],[172.7421,52.7896],[172.7366,52.7923],[172.7372,52.7954],[172.7525,52.8099],[172.7598,52.8247],[172.7578,52.8335],[172.7642,52.8417],[172.7653,52.8492],[172.7622,52.8573],[172.7677,52.8682],[172.7929,52.881],[172.7925,52.8872],[172.7876,52.8915],[172.7498,52.877],[172.7408,52.876],[172.7244,52.8807],[172.7085,52.8752],[172.6898,52.8784],[172.6754,52.8743],[172.6601,52.8773],[172.6086,52.863],[172.6054,52.8657],[172.6121,52.8692],[172.6147,52.8756],[172.6249,52.8773],[172.628,52.8814],[172.6246,52.8953],[172.6298,52.9028],[172.6489,52.9123],[172.6497,52.9164],[172.6399,52.9235],[172.5683,52.9214],[172.5133,52.9049],[172.4995,52.9106],[172.4953,52.9189],[172.4673,52.9122],[172.4569,52.9202],[172.4438,52.9207],[172.4984,52.942],[172.5079,52.9529],[172.5236,52.9534],[172.535,52.9598],[172.5458,52.9578],[172.5515,52.9712],[172.6125,52.99],[172.6228,52.9996],[172.6313,53.0029],[172.6899,53.004],[172.7178,52.9989],[172.7458,53.0084],[172.7775,53.0104],[172.7896,53.0063]]],[[[-169.62,52.9361],[-169.6336,52.9291],[-169.6278,52.9267],[-169.6149,52.9121],[-169.6157,52.9033],[-169.6076,52.9019],[-169.5934,52.8895],[-169.5879,52.8729],[-169.5882,52.8398],[-169.5929,52.8315],[-169.5889,52.8268],[-169.5866,52.8141],[-169.5886,52.8006],[-169.6188,52.7806],[-169.6171,52.7759],[-169.6275,52.7507],[-169.6391,52.7368],[-169.6597,52.7262],[-169.7031,52.7161],[-169.7381,52.721],[-169.785,52.7367],[-169.8044,52.7462],[-169.8203,52.7594],[-169.8263,52.7582],[-169.8488,52.7631],[-169.8763,52.7467],[-169.9039,52.7406],[-169.9756,52.7381],[-169.9774,52.719],[-169.9818,52.712],[-170.0193,52.6824],[-170.0484,52.6706],[-170.0866,52.6626],[-170.1738,52.6629],[-170.2134,52.669],[-170.2501,52.6811],[-170.2636,52.6973],[-170.2674,52.7248],[-170.2749,52.7376],[-170.2673,52.7642],[-170.2578,52.7737],[-170.247,52.7789],[-170.2332,52.8001],[-170.2068,52.8228],[-170.1864,52.8305],[-170.1528,52.8358],[-170.1902,52.8628],[-170.1997,52.8801],[-170.2034,52.8976],[-170.1986,52.9164],[-170.1769,52.9351],[-170.1165,52.9631],[-170.0866,52.9712],[-170.0461,52.9731],[-170.025,52.9711],[-170.0023,52.9648],[-169.9774,52.9655],[-169.9418,52.9588],[-169.9105,52.9352],[-169.9082,52.9225],[-169.8855,52.9326],[-169.8319,52.9355],[-169.8278,52.9328],[-169.8178,52.9374],[-169.8276,52.9454],[-169.8429,52.9695],[-169.8433,52.9784],[-169.833,53.01],[-169.8521,53.0159],[-169.8651,53.0244],[-169.8794,53.0393],[-169.8834,53.0515],[-169.8806,53.0675],[-169.8721,53.082],[-169.873,53.0892],[-169.8608,53.105],[-169.8141,53.1266],[-169.7702,53.1343],[-169.7307,53.1278],[-169.6899,53.1121],[-169.6643,53.0857],[-169.6311,53.0775],[-169.6045,53.062],[-169.5807,53.0322],[-169.5753,52.9937],[-169.5875,52.97],[-169.5958,52.9632],[-169.6071,52.9596],[-169.6126,52.9443],[-169.62,52.9361]]],[[[-168.007,53.9897],[-167.9936,53.9904],[-167.9775,53.9831],[-167.9591,53.9637],[-167.9531,53.932],[-167.9561,53.9127],[-167.9632,53.9013],[-167.9841,53.8865],[-168.023,53.8749],[-168.0729,53.8795],[-168.1046,53.8961],[-168.1289,53.9195],[-168.135,53.9376],[-168.135,53.9515],[-168.1298,53.9627],[-168.111,53.9816],[-168.083,53.9924],[-168.0623,53.9941],[-168.0226,53.9941],[-168.007,53.9897]]],[[[-165.5828,54.3433],[-165.5787,54.3414],[-165.542,54.3487],[-165.499,54.3491],[-165.4625,54.3468],[-165.4314,54.3407],[-165.4068,54.3267],[-165.3891,54.2993],[-165.3864,54.2915],[-165.3885,54.2881],[-165.3587,54.266],[-165.3452,54.251],[-165.263,54.2365],[-165.2414,54.2259],[-165.2321,54.2165],[-165.2315,54.2107],[-165.2321,54.1957],[-165.2428,54.1779],[-165.2589,54.1668],[-165.2792,54.1584],[-165.319,54.1492],[-165.321,54.1445],[-165.2712,54.1441],[-165.2438,54.1593],[-165.204,54.166],[-165.1866,54.1743],[-165.1503,54.1805],[-165.0669,54.1801],[-165.0635,54.1867],[-165.0315,54.2089],[-164.975,54.2149],[-164.9662,54.2264],[-164.9113,54.2547],[-164.8181,54.28],[-164.8054,54.2824],[-164.7585,54.2782],[-164.7293,54.2719],[-164.7089,54.264],[-164.6878,54.2501],[-164.6807,54.2322],[-164.6824,54.2019],[-164.6921,54.1822],[-164.7145,54.1661],[-164.754,54.1549],[-164.763,54.1435],[-164.7762,54.1359],[-164.8174,54.1334],[-164.822,54.1308],[-164.8461,54.0833],[-164.8656,54.0753],[-164.8687,54.0713],[-164.8676,54.0642],[-164.8811,54.0434],[-164.8982,54.0355],[-164.9228,54.0285],[-164.9645,54.0251],[-165.0273,54.0129],[-165.0516,54.0148],[-165.0821,54.0118],[-165.16,54.0192],[-165.1845,54.017],[-165.1972,54.0091],[-165.2211,54.003],[-165.2697,53.9807],[-165.3029,53.9807],[-165.3574,54.0028],[-165.381,54.0164],[-165.4031,54.0171],[-165.4133,54.0083],[-165.4686,53.9864],[-165.5198,53.9721],[-165.5633,53.9673],[-165.6067,53.9768],[-165.6323,53.9976],[-165.6472,54.017],[-165.6572,54.0363],[-165.7027,54.0341],[-165.7175,54.0251],[-165.7501,54.0166],[-165.789,54.0162],[-165.8281,53.9782],[-165.8869,53.9703],[-165.9611,53.9162],[-165.9559,53.9017],[-165.938,53.8842],[-165.9227,53.846],[-165.9304,53.8189],[-165.9764,53.7711],[-166.0021,53.7571],[-166.028,53.7526],[-166.0358,53.7468],[-166.0463,53.7458],[-166.0641,53.7324],[-166.0815,53.7255],[-166.0892,53.7098],[-166.0986,53.6997],[-166.1248,53.691],[-166.1311,53.6831],[-166.1485,53.6719],[-166.175,53.6598],[-166.2101,53.6546],[-166.2211,53.6453],[-166.2716,53.6297],[-166.2956,53.6263],[-166.32,53.617],[-166.3445,53.6146],[-166.3605,53.6056],[-166.3787,53.6021],[-166.5223,53.4933],[-166.5421,53.4824],[-166.5812,53.4725],[-166.5808,53.465],[-166.5892,53.4572],[-166.7018,53.402],[-166.7412,53.3917],[-166.7603,53.3947],[-166.7887,53.3839],[-166.8035,53.3816],[-166.8201,53.3848],[-166.8829,53.3776],[-166.9274,53.3851],[-166.956,53.3753],[-166.9896,53.3732],[-167.0161,53.3758],[-167.0363,53.3818],[-167.055,53.3724],[-167.0725,53.3727],[-167.0908,53.3671],[-167.1068,53.367],[-167.2199,53.3255],[-167.2191,53.3213],[-167.2257,53.3108],[-167.2552,53.2873],[-167.2874,53.276],[-167.3282,53.2716],[-167.3644,53.2765],[-167.3864,53.2609],[-167.3968,53.2568],[-167.4042,53.258],[-167.4064,53.2498],[-167.4486,53.2139],[-167.5222,53.186],[-167.5925,53.174],[-167.6693,53.172],[-167.7685,53.182],[-167.8292,53.192],[-167.8708,53.2059],[-168.0105,53.2203],[-168.0263,53.2261],[-168.0441,53.2442],[-168.069,53.2297],[-168.1322,53.2193],[-168.1368,53.2138],[-168.157,53.2043],[-168.1511,53.1905],[-168.1552,53.1772],[-168.1699,53.1586],[-168.2163,53.1414],[-168.2513,53.1387],[-168.2577,53.1419],[-168.2724,53.1255],[-168.2817,53.1214],[-168.2915,53.1052],[-168.3025,53.0961],[-168.32,53.0859],[-168.334,53.0832],[-168.3222,53.0686],[-168.3205,53.0501],[-168.3295,53.0373],[-168.3409,53.03],[-168.3193,53.0092],[-168.3126,52.989],[-168.3149,52.9821],[-168.3254,52.9665],[-168.3372,52.9569],[-168.3536,52.9482],[-168.3731,52.947],[-168.3765,52.9415],[-168.4027,52.9293],[-168.4309,52.9218],[-168.4552,52.9234],[-168.4763,52.9195],[-168.522,52.9337],[-168.5448,52.9467],[-168.5571,52.9582],[-168.5647,52.9515],[-168.5852,52.9465],[-168.592,52.9374],[-168.6044,52.9354],[-168.6025,52.9234],[-168.6097,52.9157],[-168.6483,52.8987],[-168.6758,52.8948],[-168.6733,52.8919],[-168.6765,52.8864],[-168.69,52.8757],[-168.743,52.8547],[-168.7692,52.8527],[-168.8271,52.8584],[-168.8495,52.8409],[-168.8752,52.8306],[-168.9036,52.8272],[-168.9514,52.8075],[-168.9777,52.8056],[-169.0062,52.7856],[-169.0301,52.7794],[-169.0661,52.776],[-169.0794,52.778],[-169.0817,52.7712],[-169.1408,52.741],[-169.1889,52.7247],[-169.2281,52.7146],[-169.2676,52.7163],[-169.2915,52.7226],[-169.3107,52.7328],[-169.3197,52.7395],[-169.3266,52.7535],[-169.3263,52.7654],[-169.3206,52.7837],[-169.312,52.7965],[-169.2943,52.8116],[-169.2635,52.826],[-169.1882,52.8507],[-169.2268,52.8612],[-169.2432,52.8714],[-169.2554,52.8845],[-169.2595,52.8997],[-169.2589,52.9133],[-169.2541,52.9243],[-169.2339,52.9459],[-169.1972,52.9649],[-169.1295,52.9629],[-169.1094,52.9584],[-169.0949,52.9693],[-169.0658,52.9813],[-169.0234,52.9871],[-169.0001,52.9828],[-169.0034,52.9966],[-168.9995,53.0106],[-168.9922,53.0241],[-168.9654,53.0507],[-168.9528,53.0582],[-168.9282,53.066],[-168.9056,53.0655],[-168.8728,53.0817],[-168.8907,53.1085],[-168.8906,53.1239],[-168.8806,53.1409],[-168.8831,53.1502],[-168.8595,53.1882],[-168.8321,53.2074],[-168.8195,53.2217],[-168.8065,53.2306],[-168.7814,53.2406],[-168.7398,53.2715],[-168.7176,53.2799],[-168.6991,53.2804],[-168.6894,53.3033],[-168.6669,53.3152],[-168.5043,53.3629],[-168.4885,53.3754],[-168.4776,53.3787],[-168.4869,53.3901],[-168.4964,53.4211],[-168.4767,53.4506],[-168.4564,53.4681],[-168.4253,53.4863],[-168.4153,53.5094],[-168.3964,53.5194],[-168.364,53.5303],[-168.3517,53.5303],[-168.3345,53.5387],[-168.3182,53.5395],[-168.3091,53.5556],[-168.284,53.5711],[-168.2503,53.5777],[-168.1854,53.5987],[-168.1629,53.5979],[-168.1515,53.6039],[-168.0804,53.6205],[-168.0628,53.6186],[-168.0403,53.6103],[-167.9924,53.615],[-167.9484,53.6104],[-167.9257,53.6019],[-167.9014,53.5875],[-167.8852,53.5714],[-167.8751,53.569],[-167.8043,53.5718],[-167.7623,53.568],[-167.7309,53.5564],[-167.7182,53.5486],[-167.6982,53.5242],[-167.696,53.5146],[-167.7012,53.4876],[-167.7106,53.4731],[-167.7306,53.4509],[-167.7612,53.4316],[-167.7524,53.4215],[-167.7277,53.434],[-167.6481,53.4421],[-167.608,53.4581],[-167.5818,53.4592],[-167.5552,53.4654],[-167.5542,53.4693],[-167.5421,53.4785],[-167.5027,53.4953],[-167.4827,53.4976],[-167.4442,53.4933],[-167.4224,53.4981],[-167.4118,53.5153],[-167.3927,53.5283],[-167.3605,53.5401],[-167.3412,53.5436],[-167.2963,53.5397],[-167.2304,53.5667],[-167.2394,53.5832],[-167.247,53.6147],[-167.2444,53.6294],[-167.2339,53.6441],[-167.2152,53.6582],[-167.1557,53.6783],[-167.1568,53.6873],[-167.1539,53.6936],[-167.1382,53.7094],[-167.1649,53.7738],[-167.2181,53.8018],[-167.2341,53.8142],[-167.2336,53.8258],[-167.2435,53.8426],[-167.2429,53.8547],[-167.2301,53.8883],[-167.2121,53.9006],[-167.1763,53.9119],[-167.1742,53.9321],[-167.1608,53.9539],[-167.1446,53.9632],[-167.106,53.9753],[-167.0957,53.9759],[-167.0915,53.9859],[-167.0767,53.9983],[-167.054,54.0086],[-167.0247,54.0149],[-167.0091,54.0151],[-167.0018,54.0211],[-166.9887,54.0239],[-166.9365,54.0272],[-166.9104,54.04],[-166.8801,54.045],[-166.8202,54.048],[-166.8149,54.0535],[-166.7852,54.066],[-166.7558,54.0688],[-166.5112,54.0578],[-166.3545,54.0611],[-166.3051,54.0511],[-166.2873,54.0382],[-166.2864,54.0337],[-166.2616,54.0351],[-166.2432,54.0302],[-166.2257,54.042],[-166.2081,54.048],[-166.1808,54.0509],[-166.1409,54.0469],[-166.1406,54.0571],[-166.1723,54.0752],[-166.1821,54.0905],[-166.199,54.1035],[-166.2024,54.1198],[-166.1991,54.1355],[-166.1927,54.1455],[-166.1842,54.1509],[-166.1838,54.1611],[-166.1735,54.1733],[-166.1718,54.1849],[-166.1651,54.1951],[-166.1376,54.2143],[-166.1207,54.2231],[-166.0685,54.2399],[-166.0611,54.2494],[-166.034,54.261],[-166.0028,54.2648],[-165.9877,54.2708],[-165.9372,54.277],[-165.9081,54.2744],[-165.8882,54.2674],[-165.8367,54.2582],[-165.7892,54.2391],[-165.769,54.2392],[-165.7673,54.2552],[-165.7434,54.2889],[-165.6962,54.3322],[-165.6826,54.3393],[-165.6556,54.3471],[-165.624,54.3494],[-165.5828,54.3433]]],[[[-162.8104,54.5442],[-162.7996,54.5395],[-162.77,54.5378],[-162.7331,54.5266],[-162.7225,54.5298],[-162.6916,54.5264],[-162.6638,54.5128],[-162.636,54.5118],[-162.6106,54.5004],[-162.6001,54.5054],[-162.5827,54.5058],[-162.5452,54.497],[-162.5079,54.482],[-162.5057,54.478],[-162.4761,54.4791],[-162.442,54.4753],[-162.4229,54.4685],[-162.4117,54.4591],[-162.3956,54.4643],[-162.3544,54.4567],[-162.2778,54.4194],[-162.2482,54.3993],[-162.2415,54.3886],[-162.2384,54.3699],[-162.2502,54.3467],[-162.2621,54.3384],[-162.2822,54.331],[-162.3374,54.3257],[-162.359,54.3285],[-162.4043,54.3058],[-162.4294,54.2985],[-162.4626,54.2965],[-162.4771,54.2989],[-162.4923,54.2938],[-162.5266,54.258],[-162.5632,54.2436],[-162.5919,54.244],[-162.6234,54.2525],[-162.6305,54.2493],[-162.6521,54.2483],[-162.6599,54.2423],[-162.7001,54.238],[-162.7265,54.2421],[-162.7466,54.2526],[-162.7682,54.2704],[-162.78,54.2932],[-162.7984,54.2982],[-162.8179,54.3148],[-162.8507,54.3225],[-162.8752,54.339],[-162.8901,54.3308],[-162.922,54.326],[-162.9526,54.3257],[-162.9833,54.3378],[-163.0048,54.3516],[-163.014,54.3671],[-163.0137,54.3851],[-163.0085,54.4002],[-162.9951,54.4148],[-162.9599,54.428],[-162.9657,54.4373],[-162.9646,54.4462],[-162.9494,54.4674],[-162.9356,54.4777],[-162.9403,54.4843],[-162.9448,54.5054],[-162.9389,54.5211],[-162.925,54.5336],[-162.9068,54.544],[-162.8807,54.5532],[-162.8443,54.5531],[-162.8104,54.5442]]],[[[-162.723,54.7532],[-162.7402,54.7531],[-162.7621,54.758],[-162.8026,54.7758],[-162.8178,54.7994],[-162.819,54.8112],[-162.8129,54.8225],[-162.7808,54.8477],[-162.7634,54.8552],[-162.7432,54.8579],[-162.6927,54.8528],[-162.6618,54.8356],[-162.6372,54.8048],[-162.6441,54.7891],[-162.6778,54.7627],[-162.723,54.7532]]],[[[-159.6432,54.8746],[-159.6363,54.8718],[-159.6019,54.8819],[-159.5808,54.8839],[-159.5561,54.8803],[-159.4976,54.8555],[-159.4407,54.8175],[-159.4168,54.7922],[-159.4182,54.7752],[-159.4252,54.76],[-159.4429,54.7384],[-159.4693,54.721],[-159.5342,54.7014],[-159.5479,54.6993],[-159.5661,54.7035],[-159.6005,54.704],[-159.6248,54.7079],[-159.6525,54.7178],[-159.6692,54.7335],[-159.6886,54.7656],[-159.7468,54.7427],[-159.7654,54.7398],[-159.8135,54.7404],[-159.8351,54.7455],[-159.8789,54.7768],[-159.8996,54.7943],[-159.9117,54.8093],[-159.8975,54.8341],[-159.8858,54.8472],[-159.8721,54.8566],[-159.8371,54.8703],[-159.7611,54.8913],[-159.7293,54.8942],[-159.7081,54.8918],[-159.6813,54.8874],[-159.6432,54.8746]]],[[[-161.0717,55.2075],[-161.0439,55.2011],[-161.0075,55.1706],[-161.0065,55.1569],[-161.02,55.1292],[-161.0427,55.1183],[-161.0957,55.1035],[-161.1329,55.1097],[-161.1661,55.1221],[-161.177,55.1306],[-161.1944,55.155],[-161.1927,55.1647],[-161.175,55.1844],[-161.1489,55.201],[-161.129,55.2065],[-161.0717,55.2075]]],[[[-163.1398,55.3432],[-163.1963,55.3508],[-163.2354,55.3661],[-163.256,55.3855],[-163.2624,55.3942],[-163.2719,55.4239],[-163.2672,55.4381],[-163.2591,55.4495],[-163.2521,55.4538],[-163.2672,55.4668],[-163.2715,55.477],[-163.268,55.4943],[-163.26,55.5062],[-163.2425,55.5177],[-163.2234,55.5243],[-163.1904,55.5306],[-163.1566,55.5311],[-163.1366,55.525],[-163.1014,55.5061],[-163.094,55.4971],[-163.076,55.4887],[-163.0564,55.4652],[-163.0419,55.4546],[-163.0332,55.4428],[-163.028,55.4208],[-163.0345,55.4037],[-163.0492,55.382],[-163.071,55.3613],[-163.1069,55.3488],[-163.1398,55.3432]]],[[[-155.5281,55.7058],[-155.5814,55.6999],[-155.7198,55.7118],[-155.7944,55.7296],[-155.8263,55.7593],[-155.8369,55.783],[-155.8368,55.8008],[-155.8261,55.8186],[-155.8048,55.8364],[-155.7515,55.8542],[-155.6768,55.9077],[-155.6341,55.9255],[-155.6069,55.9307],[-155.5812,55.9307],[-155.4744,55.9136],[-155.4531,55.8839],[-155.4745,55.8483],[-155.4852,55.8186],[-155.4747,55.7771],[-155.4748,55.7415],[-155.5281,55.7058]]],[[[-156.7322,55.9535],[-156.7931,55.9558],[-156.8222,55.9676],[-156.8334,55.9842],[-156.8321,55.9962],[-156.8264,56.0076],[-156.8381,56.0127],[-156.8449,56.0221],[-156.8465,56.0302],[-156.8454,56.0403],[-156.8354,56.0602],[-156.8201,56.0706],[-156.8211,56.0882],[-156.8172,56.1041],[-156.8529,56.1094],[-156.8714,56.116],[-156.8931,56.131],[-156.9007,56.146],[-156.9032,56.1551],[-156.9021,56.1654],[-156.8968,56.1735],[-156.9002,56.1916],[-156.898,56.2017],[-156.8912,56.2126],[-156.8781,56.2233],[-156.8807,56.2323],[-156.8722,56.247],[-156.842,56.2701],[-156.82,56.2765],[-156.7703,56.2798],[-156.7289,56.274],[-156.7074,56.2674],[-156.6906,56.2572],[-156.678,56.2399],[-156.6733,56.2241],[-156.6601,56.215],[-156.6511,56.201],[-156.6494,56.1842],[-156.6538,56.1676],[-156.6759,56.1525],[-156.672,56.1484],[-156.6268,56.1402],[-156.6099,56.1321],[-156.6023,56.127],[-156.5893,56.1093],[-156.5561,56.0902],[-156.5502,56.0766],[-156.5503,56.0643],[-156.5534,56.0584],[-156.5474,56.0486],[-156.5481,56.0386],[-156.5533,56.0271],[-156.612,55.9829],[-156.6478,55.9623],[-156.6754,55.9568],[-156.7322,55.9535]]],[[[-169.6253,56.6616],[-169.5891,56.6623],[-169.5387,56.6684],[-169.5093,56.6675],[-169.4742,56.6561],[-169.4387,56.6537],[-169.4223,56.6488],[-169.4017,56.6366],[-169.3823,56.6147],[-169.3776,56.5877],[-169.384,56.5782],[-169.4205,56.5493],[-169.4794,56.5269],[-169.5267,56.493],[-169.5548,56.4863],[-169.5813,56.4832],[-169.6472,56.4919],[-169.6761,56.4962],[-169.7089,56.507],[-169.7275,56.5146],[-169.7638,56.5407],[-169.8048,56.5474],[-169.8304,56.5603],[-169.8382,56.5712],[-169.8683,56.587],[-169.8803,56.602],[-169.8776,56.6305],[-169.8715,56.643],[-169.8529,56.6589],[-169.8294,56.6698],[-169.8025,56.674],[-169.7474,56.675],[-169.6253,56.6616]]],[[[-169.94,57.2389],[-169.9098,57.2363],[-169.8837,57.2284],[-169.8712,57.2215],[-169.8493,57.19],[-169.8491,57.1762],[-169.8869,57.1454],[-169.9303,57.1321],[-169.9556,57.1282],[-169.9795,57.1289],[-170.0037,57.135],[-170.0225,57.1443],[-170.044,57.1651],[-170.0505,57.1869],[-170.0491,57.1957],[-170.0422,57.205],[-170.008,57.2253],[-169.9604,57.2374],[-169.94,57.2389]]],[[[-170.0165,57.2666],[-170.0124,57.2541],[-170.0185,57.2367],[-170.0298,57.2209],[-170.0639,57.1976],[-170.0808,57.1923],[-170.0773,57.1794],[-170.0783,57.1695],[-170.1118,57.1367],[-170.1371,57.1221],[-170.1477,57.1215],[-170.1653,57.1134],[-170.2233,57.0766],[-170.2589,57.0621],[-170.3054,57.0567],[-170.301,57.0418],[-170.3061,57.0295],[-170.3542,57.0023],[-170.3995,56.9958],[-170.4442,56.9961],[-170.4873,57.0125],[-170.5085,57.0464],[-170.5084,57.0624],[-170.4921,57.0802],[-170.4695,57.0928],[-170.4427,57.1023],[-170.4148,57.1047],[-170.4707,57.1137],[-170.4953,57.1283],[-170.5099,57.1438],[-170.5195,57.1622],[-170.5108,57.1743],[-170.5163,57.176],[-170.521,57.1822],[-170.5227,57.1934],[-170.5099,57.2083],[-170.4901,57.2255],[-170.4704,57.2371],[-170.4602,57.2387],[-170.4496,57.2493],[-170.4382,57.2549],[-170.3954,57.2579],[-170.3641,57.2687],[-170.3345,57.2724],[-170.2908,57.2706],[-170.2617,57.2641],[-170.2229,57.2752],[-170.2069,57.2907],[-170.191,57.2973],[-170.1589,57.3044],[-170.1095,57.3053],[-170.0654,57.2979],[-170.0165,57.2666]]],[[[-159.9625,58.5374],[-160.0046,58.5373],[-160.0086,58.5347],[-160.0591,58.5478],[-160.0894,58.579],[-160.0976,58.5999],[-160.0882,58.6217],[-160.0749,58.6399],[-160.064,58.6466],[-160.0047,58.6656],[-159.9142,58.6502],[-159.8946,58.6399],[-159.8853,58.6314],[-159.8643,58.6027],[-159.8635,58.5787],[-159.8681,58.5725],[-159.8966,58.5537],[-159.9213,58.544],[-159.9625,58.5374]]],[[[-152.3825,58.696],[-152.3848,58.6904],[-152.3427,58.7014],[-152.3126,58.7004],[-152.2477,58.6807],[-152.213,58.6486],[-152.2117,58.6372],[-152.1893,58.6203],[-152.1809,58.6058],[-152.1791,58.5934],[-152.1828,58.574],[-152.1537,58.5734],[-152.1135,58.5617],[-152.0925,58.5491],[-152.0655,58.5268],[-152.0609,58.5008],[-152.0678,58.4886],[-152.0798,58.4786],[-152.1163,58.4627],[-152.1444,58.4577],[-152.182,58.4579],[-152.1821,58.452],[-152.1033,58.4472],[-152.0719,58.44],[-152.052,58.4313],[-152.0243,58.4126],[-151.9625,58.4],[-151.9323,58.3907],[-151.8952,58.3717],[-151.8546,58.3915],[-151.824,58.3989],[-151.795,58.4006],[-151.7505,58.3947],[-151.7287,58.3862],[-151.7128,58.374],[-151.704,58.3573],[-151.7023,58.3415],[-151.7073,58.3313],[-151.7361,58.3118],[-151.7552,58.3034],[-151.7253,58.2875],[-151.6966,58.2598],[-151.6905,58.2351],[-151.7014,58.2225],[-151.6983,58.2154],[-151.7066,58.1878],[-151.7347,58.1568],[-151.764,58.1366],[-151.7822,58.1288],[-151.8417,58.1131],[-151.8611,58.1106],[-151.8842,58.113],[-151.934,58.1257],[-151.9454,58.1324],[-151.9664,58.1537],[-152.0335,58.1118],[-152.0553,58.1045],[-152.2608,58.0734],[-152.2926,58.0559],[-152.3123,58.0496],[-152.345,58.048],[-152.3826,58.0524],[-152.4043,58.0592],[-152.4534,58.0593],[-152.4745,58.0454],[-152.4589,58.0463],[-152.4145,58.0366],[-152.3802,58.0185],[-152.3587,58.014],[-152.3334,58.0019],[-152.3117,57.9766],[-152.2971,57.9724],[-152.2817,57.9749],[-152.2657,57.9711],[-152.2356,57.9499],[-152.2202,57.9302],[-152.2289,57.9045],[-152.2559,57.8693],[-152.2553,57.8663],[-152.2266,57.8573],[-152.1824,57.8499],[-152.1611,57.843],[-152.138,57.8298],[-152.121,57.8046],[-152.0798,57.6863],[-152.0461,57.6654],[-152.0349,57.6533],[-152.031,57.6286],[-152.0535,57.6037],[-152.0513,57.5954],[-152.0564,57.5795],[-152.0635,57.5712],[-152.0963,57.5526],[-152.1251,57.5314],[-152.1527,57.5186],[-152.2225,57.4753],[-152.2165,57.4382],[-152.1824,57.4248],[-152.1565,57.4059],[-152.1597,57.3804],[-152.1701,57.3678],[-152.1864,57.3532],[-152.2274,57.332],[-152.2585,57.3234],[-152.3149,57.3186],[-152.3612,57.3268],[-152.3832,57.3354],[-152.3955,57.3455],[-152.4021,57.3563],[-152.4021,57.3803],[-152.4156,57.3845],[-152.526,57.3294],[-152.5377,57.3008],[-152.6427,57.2354],[-152.6766,57.2273],[-152.7018,57.2249],[-152.8356,57.2174],[-152.7989,57.2018],[-152.7852,57.1925],[-152.7755,57.1709],[-152.7746,57.1529],[-152.7774,57.1415],[-152.793,57.1229],[-152.81,57.1092],[-152.8342,57.0944],[-152.8769,57.0788],[-152.938,57.0662],[-153.0012,57.0644],[-153.0983,57.0403],[-153.1046,57.0281],[-153.1114,57.0225],[-153.1105,57.0116],[-153.1215,57.0015],[-153.1469,56.9875],[-153.1691,56.967],[-153.195,56.9558],[-153.2179,56.9517],[-153.2388,56.9523],[-153.2743,56.9427],[-153.32,56.9409],[-153.3577,56.95],[-153.388,56.9483],[-153.4045,56.9508],[-153.4392,56.964],[-153.4491,56.9708],[-153.4591,56.9638],[-153.4577,56.956],[-153.4629,56.9477],[-153.4769,56.9413],[-153.4546,56.9264],[-153.4494,56.9134],[-153.451,56.9003],[-153.4626,56.8855],[-153.4887,56.8637],[-153.5013,56.8567],[-153.5231,56.8525],[-153.5446,56.8424],[-153.5996,56.8339],[-153.6152,56.8344],[-153.6487,56.8042],[-153.6661,56.7948],[-153.6946,56.7856],[-153.7191,56.7787],[-153.7604,56.7765],[-153.7497,56.7591],[-153.7476,56.745],[-153.7698,56.7118],[-153.7836,56.6976],[-153.8005,56.6899],[-153.835,56.688],[-153.8574,56.6764],[-153.8901,56.6717],[-153.9027,56.6533],[-153.9199,56.6425],[-153.9571,56.6333],[-153.9998,56.635],[-153.9863,56.6259],[-153.9821,56.609],[-153.9052,56.6116],[-153.8834,56.6187],[-153.8421,56.6206],[-153.7909,56.6101],[-153.765,56.5881],[-153.7583,56.5685],[-153.7625,56.5567],[-153.8066,56.5094],[-153.8489,56.486],[-153.8812,56.4775],[-153.9047,56.462],[-153.9363,56.4535],[-153.9597,56.4551],[-153.981,56.4511],[-154.0579,56.4484],[-154.0815,56.452],[-154.1054,56.4501],[-154.1534,56.4601],[-154.1882,56.449],[-154.2336,56.4435],[-154.2751,56.4466],[-154.3406,56.4644],[-154.356,56.4539],[-154.3784,56.4461],[-154.4032,56.4417],[-154.4299,56.4411],[-154.4526,56.4432],[-154.4982,56.4558],[-154.582,56.4268],[-154.6289,56.3861],[-154.6571,56.3732],[-154.6891,56.3627],[-154.7258,56.3552],[-154.7633,56.3547],[-154.795,56.3593],[-154.863,56.3839],[-154.8817,56.4014],[-154.8931,56.4229],[-154.8948,56.4346],[-154.8939,56.4447],[-154.8867,56.4557],[-154.8614,56.4753],[-154.8546,56.487],[-154.8209,56.5115],[-154.8124,56.5238],[-154.7581,56.5598],[-154.6687,56.5978],[-154.5975,56.636],[-154.5405,56.6558],[-154.5075,56.6588],[-154.459,56.6531],[-154.43,56.6546],[-154.3521,56.6325],[-154.3054,56.652],[-154.2367,56.6676],[-154.2393,56.6929],[-154.2336,56.7036],[-154.2178,56.7205],[-154.3855,56.8303],[-154.3928,56.8397],[-154.3932,56.849],[-154.3877,56.8956],[-154.4401,56.9236],[-154.5025,56.9408],[-154.5775,56.9528],[-154.6086,56.9703],[-154.624,56.9909],[-154.6286,57.002],[-154.6011,57.0364],[-154.6198,57.1624],[-154.6503,57.1779],[-154.6798,57.1981],[-154.6858,57.2142],[-154.7671,57.2145],[-154.7986,57.2275],[-154.807,57.2257],[-154.8311,57.2306],[-154.914,57.2667],[-154.9312,57.2824],[-154.9337,57.2947],[-154.9265,57.3164],[-154.9104,57.3351],[-154.9156,57.3499],[-154.8886,57.3819],[-154.8154,57.4128],[-154.8169,57.4243],[-154.7902,57.4614],[-154.7659,57.481],[-154.7528,57.4872],[-154.7457,57.5071],[-154.723,57.528],[-154.7032,57.542],[-154.6716,57.5571],[-154.6252,57.5729],[-154.6164,57.5938],[-154.6069,57.6033],[-154.5727,57.6206],[-154.5105,57.632],[-154.481,57.6319],[-154.4391,57.6685],[-154.407,57.6905],[-154.3298,57.6932],[-154.2663,57.716],[-154.2401,57.7155],[-154.1284,57.7707],[-154.1059,57.7886],[-154.0038,57.8503],[-153.9783,57.8615],[-153.9686,57.8749],[-153.9435,57.8857],[-153.9415,57.9004],[-153.9323,57.9092],[-153.9172,57.9166],[-153.8706,57.9288],[-153.8246,57.927],[-153.7866,57.9177],[-153.7449,57.94],[-153.6344,57.9714],[-153.5545,58.0028],[-153.4802,58.0188],[-153.4967,58.0278],[-153.5048,58.0403],[-153.5066,58.0662],[-153.5002,58.0796],[-153.4702,58.1087],[-153.431,58.1282],[-153.4064,58.1515],[-153.3675,58.1793],[-153.3147,58.193],[-153.2882,58.2255],[-153.2714,58.2385],[-153.2001,58.2663],[-153.1853,58.283],[-153.1231,58.3302],[-152.9223,58.4722],[-152.9007,58.484],[-152.8809,58.4898],[-152.8618,58.5201],[-152.8469,58.5315],[-152.8197,58.5427],[-152.7751,58.5494],[-152.7731,58.5742],[-152.7676,58.5866],[-152.7347,58.6111],[-152.733,58.6224],[-152.7191,58.6354],[-152.6984,58.6486],[-152.61,58.6923],[-152.5603,58.7357],[-152.5456,58.7424],[-152.4973,58.7553],[-152.4736,58.7573],[-152.4346,58.7508],[-152.4092,58.7419],[-152.393,58.7305],[-152.3808,58.7113],[-152.3825,58.696]]],[[[-160.3332,58.7818],[-160.3233,58.7751],[-160.2824,58.775],[-160.2377,58.766],[-160.2141,58.7555],[-160.1877,58.7563],[-160.1376,58.7489],[-160.1166,58.739],[-160.1019,58.7248],[-160.0963,58.7053],[-160.097,58.6973],[-160.1103,58.6816],[-160.1226,58.6728],[-160.1528,58.6582],[-160.1541,58.6371],[-160.1612,58.626],[-160.1798,58.61],[-160.2122,58.595],[-160.2155,58.5783],[-160.2256,58.5655],[-160.2588,58.5446],[-160.301,58.5358],[-160.3336,58.5357],[-160.3676,58.542],[-160.3969,58.5539],[-160.4078,58.5673],[-160.4143,58.5869],[-160.4011,58.6126],[-160.3876,58.6276],[-160.4331,58.6222],[-160.4754,58.6272],[-160.5288,58.6542],[-160.5395,58.6643],[-160.5443,58.6743],[-160.5441,58.6878],[-160.5375,58.7003],[-160.5254,58.7086],[-160.5258,58.7302],[-160.5136,58.7507],[-160.4904,58.7736],[-160.4721,58.7837],[-160.4522,58.7919],[-160.4161,58.7984],[-160.3677,58.7941],[-160.3332,58.7818]]],[[[-152.0913,59.007],[-152.0834,59.005],[-152.059,59.012],[-152.0196,59.0109],[-151.9954,59.0052],[-151.9649,58.9923],[-151.9372,58.9883],[-151.8678,58.9464],[-151.8576,58.936],[-151.8517,58.9173],[-151.8539,58.9088],[-151.875,58.8864],[-151.9005,58.8734],[-151.9364,58.8674],[-151.9516,58.8522],[-151.9816,58.8373],[-152.0172,58.8285],[-152.0366,58.8278],[-152.1086,58.8446],[-152.1341,58.8581],[-152.1954,58.8406],[-152.2497,58.8407],[-152.2756,58.8273],[-152.2929,58.8227],[-152.3146,58.82],[-152.3609,58.823],[-152.3833,58.8283],[-152.4015,58.8367],[-152.4138,58.8476],[-152.426,58.8734],[-152.4526,58.8849],[-152.4655,58.9063],[-152.4649,58.9242],[-152.4521,58.9395],[-152.4375,58.9484],[-152.4409,58.9661],[-152.4374,58.9735],[-152.414,58.9922],[-152.3939,58.994],[-152.3528,59.0049],[-152.3235,59.0075],[-152.2727,59.0032],[-152.2457,58.9935],[-152.2085,59.0101],[-152.1882,59.0161],[-152.1702,59.017],[-152.1291,59.0168],[-152.0913,59.007]]],[[[-146.3138,59.3449],[-146.372,59.3345],[-146.4205,59.3373],[-146.4796,59.3546],[-146.4976,59.3672],[-146.5071,59.3821],[-146.5069,59.3985],[-146.493,59.4215],[-146.4567,59.4532],[-146.4279,59.4667],[-146.4345,59.4786],[-146.4354,59.4907],[-146.431,59.5018],[-146.4207,59.5136],[-146.4317,59.5298],[-146.4311,59.5472],[-146.4152,59.5663],[-146.3854,59.5804],[-146.3535,59.5866],[-146.3193,59.5869],[-146.2871,59.5813],[-146.2605,59.5704],[-146.2457,59.5587],[-146.238,59.5463],[-146.2369,59.5333],[-146.2429,59.52],[-146.21,59.5114],[-146.1864,59.4977],[-146.1717,59.483],[-146.1667,59.463],[-146.1536,59.452],[-146.1464,59.4396],[-146.1455,59.4283],[-146.1496,59.4172],[-146.1705,59.3984],[-146.1928,59.389],[-146.2186,59.3835],[-146.2409,59.3647],[-146.2615,59.3544],[-146.2871,59.3476],[-146.3138,59.3449]]],[[[-172.7618,60.1407],[-172.7996,60.1388],[-172.8297,60.1421],[-172.8483,60.1488],[-172.881,60.1688],[-172.8904,60.1821],[-172.8857,60.2088],[-172.867,60.2221],[-172.797,60.2488],[-172.7316,60.2622],[-172.6986,60.2584],[-172.6734,60.2498],[-172.6492,60.2369],[-172.6375,60.2193],[-172.6343,60.2007],[-172.6557,60.1785],[-172.6807,60.1599],[-172.6942,60.1546],[-172.7618,60.1407]]],[[[-166.0058,60.4196],[-165.9998,60.4113],[-165.9983,60.4004],[-166.0096,60.3877],[-165.9814,60.3741],[-165.961,60.3897],[-165.9495,60.3938],[-165.8994,60.4032],[-165.8478,60.3986],[-165.8285,60.39],[-165.8164,60.3961],[-165.7825,60.4049],[-165.7385,60.4056],[-165.6931,60.3931],[-165.6715,60.3835],[-165.6539,60.3718],[-165.6474,60.3623],[-165.6495,60.3488],[-165.6327,60.3483],[-165.6002,60.3389],[-165.5745,60.3212],[-165.5615,60.3017],[-165.5614,60.2923],[-165.5744,60.2733],[-165.5707,60.259],[-165.5883,60.2414],[-165.5708,60.2248],[-165.5666,60.2156],[-165.5671,60.2076],[-165.5704,60.1979],[-165.5885,60.1789],[-165.5762,60.1657],[-165.5772,60.1508],[-165.5621,60.1402],[-165.5597,60.1333],[-165.564,60.1127],[-165.5575,60.0992],[-165.5602,60.0894],[-165.5732,60.0751],[-165.5674,60.0702],[-165.5666,60.0587],[-165.5534,60.0542],[-165.5394,60.035],[-165.4975,60.0279],[-165.4797,60.0216],[-165.4624,60.0096],[-165.4532,59.9992],[-165.4519,59.9904],[-165.4025,59.9704],[-165.4026,59.9679],[-165.412,59.9541],[-165.4392,59.936],[-165.4452,59.9164],[-165.4609,59.895],[-165.4955,59.8702],[-165.5604,59.8529],[-165.6253,59.8464],[-165.6578,59.8363],[-165.6991,59.8351],[-165.739,59.8414],[-165.7733,59.8205],[-165.8031,59.8091],[-165.8249,59.8067],[-165.9648,59.723],[-166.0125,59.7054],[-166.0579,59.6955],[-166.0997,59.6941],[-166.1966,59.7034],[-166.2421,59.7171],[-166.2739,59.7338],[-166.2913,59.7472],[-166.3006,59.7601],[-166.3219,59.7731],[-166.3664,59.7797],[-166.4297,59.8016],[-166.4617,59.7959],[-166.508,59.7987],[-166.5642,59.7961],[-166.6261,59.7971],[-166.6544,59.8024],[-166.7368,59.8383],[-166.7865,59.8427],[-166.8289,59.8523],[-166.8509,59.8711],[-166.8681,59.8813],[-166.9406,59.9119],[-167.0421,59.9358],[-167.1029,59.9369],[-167.1379,59.944],[-167.2228,59.9939],[-167.2934,59.9992],[-167.3108,60.0075],[-167.3242,60.0185],[-167.3585,60.0185],[-167.3856,60.0212],[-167.4008,60.0261],[-167.4349,60.0457],[-167.4408,60.0565],[-167.443,60.0955],[-167.4365,60.1088],[-167.4646,60.1247],[-167.4718,60.136],[-167.4733,60.1489],[-167.5055,60.157],[-167.5152,60.1643],[-167.517,60.1728],[-167.5364,60.1782],[-167.5603,60.206],[-167.5582,60.2244],[-167.5508,60.2406],[-167.5294,60.2553],[-167.5081,60.2631],[-167.4377,60.2628],[-167.4118,60.2716],[-167.3711,60.2757],[-167.3367,60.2874],[-167.3099,60.2907],[-167.2768,60.2889],[-167.2551,60.2838],[-167.2052,60.2883],[-167.1535,60.2824],[-167.1206,60.2912],[-167.1026,60.29],[-167.0447,60.2779],[-167.0181,60.2662],[-166.968,60.2775],[-166.9438,60.2781],[-166.9187,60.3045],[-166.886,60.3176],[-166.8734,60.3312],[-166.8447,60.345],[-166.8126,60.3506],[-166.8005,60.3628],[-166.7633,60.3813],[-166.7394,60.3879],[-166.7012,60.3891],[-166.6663,60.3858],[-166.6406,60.4038],[-166.6201,60.4129],[-166.5702,60.4229],[-166.5289,60.4443],[-166.5058,60.4476],[-166.478,60.4488],[-166.4436,60.4445],[-166.4172,60.4361],[-166.4029,60.4262],[-166.3878,60.4266],[-166.3498,60.4177],[-166.3165,60.439],[-166.2977,60.4474],[-166.2764,60.4516],[-166.2758,60.4691],[-166.271,60.4786],[-166.2493,60.4911],[-166.2086,60.5052],[-166.1525,60.5107],[-166.0849,60.4859],[-166.0542,60.4695],[-166.0307,60.4389],[-166.0058,60.4196]]],[[[-172.4997,60.4321],[-172.4534,60.4387],[-172.3936,60.4365],[-172.3476,60.4277],[-172.3199,60.4168],[-172.2785,60.3883],[-172.2601,60.3796],[-172.2233,60.3642],[-172.1681,60.3489],[-172.122,60.327],[-172.1091,60.314],[-172.1088,60.3034],[-172.1204,60.2873],[-172.1435,60.2715],[-172.1895,60.2508],[-172.2467,60.2412],[-172.2676,60.2445],[-172.2955,60.2388],[-172.3616,60.252],[-172.3792,60.2607],[-172.3884,60.2755],[-172.4075,60.2788],[-172.4539,60.2706],[-172.4961,60.2742],[-172.523,60.2711],[-172.5342,60.2653],[-172.565,60.2581],[-172.5961,60.2586],[-172.6525,60.2697],[-172.6794,60.278],[-172.7154,60.2962],[-172.7444,60.301],[-172.8024,60.3186],[-172.8202,60.3162],[-172.848,60.3184],[-172.8778,60.3263],[-172.9102,60.3396],[-172.9254,60.3526],[-172.931,60.3705],[-172.9315,60.3897],[-173.0674,60.4399],[-173.0953,60.4418],[-173.1449,60.4571],[-173.1583,60.4675],[-173.1678,60.4811],[-173.1705,60.4965],[-173.1653,60.5143],[-173.1565,60.5221],[-173.1632,60.5383],[-173.154,60.5646],[-173.1402,60.5755],[-173.1448,60.5821],[-173.1678,60.593],[-173.1816,60.6062],[-173.2323,60.6368],[-173.2369,60.6456],[-173.2185,60.6762],[-173.1909,60.6894],[-173.1909,60.7069],[-173.1771,60.72],[-173.1587,60.7288],[-173.1004,60.7452],[-173.0591,60.7477],[-173.0125,60.7404],[-172.9898,60.7318],[-172.9623,60.7098],[-172.9531,60.6945],[-172.9439,60.6507],[-172.8887,60.6441],[-172.8611,60.6376],[-172.8289,60.6222],[-172.8197,60.6135],[-172.8151,60.6025],[-172.8197,60.596],[-172.8153,60.5579],[-172.7958,60.5386],[-172.7603,60.5142],[-172.6879,60.4801],[-172.53,60.4357],[-172.4997,60.4321]]],[[[-161.746,63.6536],[-161.6964,63.649],[-161.6612,63.6354],[-161.6495,63.6276],[-161.6396,63.6177],[-161.634,63.6043],[-161.6416,63.5885],[-161.6517,63.5797],[-161.6941,63.5592],[-161.7211,63.5537],[-161.752,63.5521],[-161.7845,63.5538],[-161.8124,63.5599],[-161.8392,63.5704],[-161.8498,63.5774],[-161.8571,63.588],[-161.8593,63.6109],[-161.8559,63.6216],[-161.8403,63.6351],[-161.8145,63.6467],[-161.7955,63.6504],[-161.746,63.6536]]],[[[-171.6475,63.8409],[-171.6175,63.8336],[-171.5489,63.8005],[-171.527,63.7765],[-171.5207,63.7502],[-171.5356,63.7219],[-171.2513,63.6674],[-171.1651,63.659],[-170.9592,63.6259],[-170.911,63.6379],[-170.8472,63.6661],[-170.7052,63.7131],[-170.6567,63.7235],[-170.62,63.7235],[-170.5041,63.7534],[-170.2969,63.7556],[-170.2432,63.7454],[-170.1681,63.7199],[-170.1037,63.6842],[-170.0286,63.6485],[-169.9857,63.623],[-169.9642,63.5821],[-169.9266,63.5267],[-169.793,63.4907],[-169.6023,63.4806],[-169.5694,63.4729],[-169.5439,63.4594],[-169.4838,63.4356],[-169.4556,63.415],[-169.2346,63.3907],[-169.035,63.3875],[-168.7047,63.3547],[-168.6428,63.3449],[-168.6084,63.3351],[-168.5877,63.3252],[-168.5786,63.3087],[-168.5867,63.2725],[-168.6043,63.2516],[-168.6093,63.2294],[-168.636,63.2046],[-168.6666,63.186],[-168.6928,63.1589],[-168.7335,63.1316],[-168.6967,63.1092],[-168.6828,63.0847],[-168.7007,63.0569],[-168.7641,63.0276],[-168.8033,63.0177],[-168.8374,63.0162],[-168.8686,63.0198],[-168.9175,63.0311],[-168.9404,63.0463],[-168.9487,63.0625],[-168.9466,63.0744],[-168.9228,63.0996],[-169.0278,63.1245],[-169.0667,63.1282],[-169.2307,63.1235],[-169.2823,63.1144],[-169.3244,63.0857],[-169.368,63.0611],[-169.4065,63.0475],[-169.4511,63.0385],[-169.4273,63.0003],[-169.4199,62.9739],[-169.4363,62.9474],[-169.4616,62.9328],[-169.4933,62.9266],[-169.5254,62.9247],[-169.5521,62.9029],[-169.5911,62.8879],[-169.6388,62.8849],[-169.7279,62.8963],[-169.8148,62.9174],[-169.839,62.9259],[-169.8646,62.9447],[-169.8633,62.9801],[-169.8777,62.9971],[-169.8838,63.0201],[-169.9014,63.0374],[-169.9528,63.0641],[-170.0318,63.0955],[-170.0812,63.1113],[-170.1154,63.1272],[-170.1402,63.1243],[-170.1767,63.1253],[-170.2019,63.1312],[-170.2486,63.132],[-170.2599,63.1367],[-170.2908,63.1351],[-170.328,63.1387],[-170.3594,63.1477],[-170.3944,63.1711],[-170.4005,63.1822],[-170.4009,63.1937],[-170.3835,63.2108],[-170.4391,63.2516],[-170.5153,63.2879],[-170.5969,63.3116],[-170.8166,63.355],[-170.9083,63.3699],[-170.9936,63.3748],[-171.0484,63.3737],[-171.0669,63.3711],[-171.1005,63.3565],[-171.1279,63.3502],[-171.1661,63.3482],[-171.1736,63.3364],[-171.1913,63.3247],[-171.2141,63.3158],[-171.2274,63.304],[-171.2514,63.2926],[-171.2806,63.2856],[-171.3263,63.2827],[-171.3623,63.268],[-171.3989,63.2576],[-171.4356,63.2527],[-171.482,63.2545],[-171.5336,63.2666],[-171.5602,63.2651],[-171.5946,63.2695],[-171.622,63.2772],[-171.6516,63.291],[-171.6911,63.298],[-171.7443,63.3132],[-171.7723,63.3153],[-171.8108,63.3285],[-171.8393,63.3427],[-171.8557,63.3612],[-171.8849,63.3776],[-171.9311,63.4256],[-171.9443,63.4547],[-171.9542,63.4664],[-171.9653,63.4729],[-171.9447,63.5706],[-171.9249,63.6108],[-171.9099,63.6179],[-171.905,63.6392],[-171.8901,63.6558],[-171.8602,63.6747],[-171.8652,63.6889],[-171.8652,63.7055],[-171.8453,63.7268],[-171.8354,63.7434],[-171.8403,63.7528],[-171.8403,63.7694],[-171.8559,63.7857],[-171.846,63.7999],[-171.8162,63.8212],[-171.7764,63.8377],[-171.7147,63.8361],[-171.7057,63.8404],[-171.6748,63.8437],[-171.6475,63.8409]]],[[[-161.2523,64.066],[-161.3061,64.062],[-161.3732,64.0697],[-161.4145,64.0868],[-161.4324,64.1053],[-161.4369,64.1336],[-161.4202,64.1584],[-161.3933,64.172],[-161.3557,64.1838],[-161.3104,64.1894],[-161.2236,64.1764],[-161.197,64.164],[-161.1767,64.1469],[-161.1768,64.1403],[-161.1855,64.1262],[-161.1845,64.1062],[-161.1964,64.092],[-161.2099,64.082],[-161.2218,64.0753],[-161.2523,64.066]]],[[[-168.0358,64.9095],[-168.0909,64.9111],[-168.1371,64.9184],[-168.1871,64.9349],[-168.2101,64.9514],[-168.214,64.9843],[-168.2079,65.0033],[-168.1562,65.0292],[-168.0761,65.0433],[-168.0049,65.0389],[-167.9531,65.0235],[-167.9243,65.0027],[-167.9165,64.9886],[-167.9139,64.9699],[-167.9191,64.9608],[-167.9531,64.933],[-167.9762,64.9229],[-168.0358,64.9095]]],[[[-168.7332,65.5722],[-168.7661,65.5715],[-168.8292,65.5846],[-168.8461,65.5925],[-168.8659,65.6069],[-168.8696,65.6131],[-168.8693,65.6209],[-168.8568,65.6406],[-168.8412,65.653],[-168.8201,65.6652],[-168.7946,65.6712],[-168.7106,65.6731],[-168.6777,65.6641],[-168.6533,65.6521],[-168.6379,65.6399],[-168.6285,65.6258],[-168.6268,65.6124],[-168.6337,65.6014],[-168.6523,65.5909],[-168.7332,65.5722]]],[[[-168.9064,65.6846],[-168.9719,65.6888],[-168.9711,65.8146],[-168.927,65.8223],[-168.8928,65.8214],[-168.861,65.8178],[-168.8357,65.8107],[-168.801,65.7952],[-168.7871,65.7846],[-168.7815,65.7736],[-168.7809,65.7645],[-168.7625,65.7512],[-168.7617,65.74],[-168.7674,65.7307],[-168.7855,65.7163],[-168.8561,65.6912],[-168.881,65.6858],[-168.9064,65.6846]]],[[[-155.7591,71.2852],[-155.658,71.287],[-155.4589,71.2686],[-155.3002,71.2353],[-155.1465,71.2235],[-155.0034,71.2001],[-154.8214,71.159],[-154.6263,71.1007],[-154.4988,71.0554],[-154.4377,71.0236],[-153.8992,70.9362],[-153.7424,70.9451],[-153.5124,70.9359],[-153.4451,70.9409],[-153.2743,70.971],[-153.1371,70.9741],[-153.0528,70.9677],[-153.0001,70.9699],[-152.939,70.9611],[-152.8625,70.9642],[-152.8169,70.9605],[-152.6799,70.9346],[-152.5098,70.9347],[-152.3964,70.9109],[-152.3425,70.9071],[-152.1519,70.8751],[-152.0808,70.8441],[-152.0582,70.8412],[-152.0464,70.8132],[-151.6128,70.5936],[-151.5462,70.583],[-151.5168,70.5714],[-151.5034,70.536],[-151.5478,70.5041],[-151.5489,70.4911],[-151.3693,70.4734],[-151.315,70.4634],[-151.1899,70.4929],[-151.0447,70.4976],[-150.9298,70.5143],[-150.8712,70.5355],[-150.7952,70.5484],[-150.6524,70.5449],[-150.6015,70.5513],[-150.5008,70.5489],[-150.4354,70.5578],[-150.3453,70.5532],[-150.3232,70.5786],[-150.2427,70.6043],[-150.1179,70.6062],[-150.0336,70.5877],[-149.9934,70.6042],[-149.9295,70.6148],[-149.796,70.6119],[-149.7192,70.6219],[-149.4074,70.6038],[-149.2959,70.5877],[-149.2174,70.5829],[-149.1825,70.5745],[-149.0905,70.5654],[-148.975,70.5337],[-148.7873,70.5254],[-148.7118,70.5077],[-148.6518,70.4782],[-148.5489,70.473],[-148.487,70.4533],[-148.5155,70.4775],[-148.515,70.4897],[-148.5028,70.5043],[-148.4213,70.5329],[-148.2925,70.5375],[-148.2339,70.5289],[-148.2105,70.5183],[-148.1691,70.5177],[-148.127,70.5013],[-148.0997,70.524],[-148.052,70.5388],[-148.0035,70.5456],[-147.8997,70.5421],[-147.8186,70.52],[-147.7785,70.4917],[-147.7757,70.4849],[-147.7795,70.4719],[-147.7075,70.4696],[-147.6525,70.4597],[-147.6227,70.4471],[-147.6113,70.4365],[-147.5625,70.4466],[-147.4552,70.4457],[-147.3726,70.4305],[-147.3284,70.4074],[-147.2774,70.4025],[-147.226,70.389],[-147.1827,70.3698],[-147.1719,70.3502],[-147.0964,70.3586],[-146.9266,70.3508],[-146.8415,70.335],[-146.7779,70.3157],[-146.7465,70.2919],[-146.709,70.2824],[-146.609,70.2873],[-146.457,70.2804],[-146.378,70.2838],[-146.2492,70.2673],[-146.2061,70.2547],[-146.104,70.2533],[-145.9818,70.2423],[-145.7419,70.1992],[-145.5646,70.1446],[-145.4501,70.1332],[-145.3666,70.1127],[-145.3355,70.0987],[-145.2794,70.089],[-145.065,70.0876],[-144.9861,70.0703],[-144.9266,70.04],[-144.8434,70.0396],[-144.6815,70.0158],[-144.5291,70.0791],[-144.434,70.0927],[-144.367,70.0923],[-144.1431,70.1319],[-144.0569,70.1387],[-144.0116,70.1567],[-143.9406,70.1697],[-143.8307,70.1703],[-143.5757,70.1994],[-143.4915,70.1959],[-143.4447,70.1856],[-143.4115,70.1836],[-143.3608,70.1963],[-143.2962,70.2017],[-143.2265,70.202],[-143.1415,70.1876],[-143.1044,70.1692],[-143.0503,70.1598],[-143.028,70.1512],[-142.8901,70.1236],[-142.8583,70.1143],[-142.8029,70.1071],[-142.7604,70.0954],[-142.7063,70.0882],[-142.4803,70.0339],[-142.4252,70.0115],[-142.3495,69.9945],[-142.3124,69.9803],[-142.3076,69.9757],[-142.2582,69.9643],[-142.2398,69.9547],[-142.0578,69.9034],[-141.914,69.872],[-141.7461,69.8482],[-141.6769,69.8352],[-141.5915,69.8146],[-141.4529,69.7728],[-141.3839,69.75],[-141.3779,69.7441],[-141.1336,69.7254],[-141.0028,69.7037],[-141.0006,69.6466],[-141.0019,60.3059],[-140.7688,60.2602],[-140.5204,60.2198],[-140.4582,60.3081],[-139.9811,60.182],[-139.693,60.3352],[-139.0748,60.3525],[-139.0721,60.3194],[-139.1989,60.0883],[-139.0537,59.9948],[-138.7985,59.9247],[-138.7074,59.9063],[-138.6795,59.8454],[-138.6687,59.8097],[-138.6262,59.7686],[-138.1081,59.5047],[-137.6074,59.2438],[-137.5422,59.1064],[-137.5,58.9854],[-137.5261,58.9064],[-137.4518,58.9084],[-137.2829,59],[-137.1757,59.0321],[-136.9697,59.1012],[-136.8768,59.1361],[-136.8293,59.1597],[-136.5845,59.1658],[-136.4898,59.2598],[-136.4958,59.2751],[-136.4693,59.2841],[-136.4775,59.3762],[-136.4772,59.4653],[-136.3683,59.449],[-136.3051,59.4645],[-136.2386,59.5243],[-136.2399,59.5594],[-136.354,59.5998],[-136.1929,59.64],[-135.9527,59.6622],[-135.4792,59.798],[-135.3601,59.7376],[-135.2528,59.6983],[-135.2337,59.6961],[-135.2199,59.6628],[-135.1576,59.6257],[-135.1179,59.6231],[-135.0289,59.5637],[-135.0276,59.4747],[-135.0773,59.4518],[-135.101,59.4275],[-134.9898,59.3871],[-135.0305,59.3464],[-134.9599,59.2809],[-134.7007,59.249],[-134.6791,59.1923],[-134.5656,59.1311],[-134.4834,59.1316],[-134.4471,59.0892],[-134.3819,59.0388],[-134.4072,58.9792],[-134.3135,58.9622],[-134.3365,58.9234],[-134.2581,58.861],[-133.9724,58.7673],[-133.8405,58.7294],[-133.7071,58.6123],[-133.5578,58.5231],[-133.3773,58.4306],[-133.4615,58.3877],[-133.3455,58.2763],[-133.27,58.2271],[-133.1723,58.1537],[-133.0701,58.0003],[-132.8694,57.8397],[-132.7511,57.696],[-132.6609,57.6167],[-132.5537,57.4965],[-132.3698,57.3498],[-132.2479,57.2113],[-132.369,57.0915],[-132.0452,57.0451],[-132.1236,56.8737],[-131.8729,56.806],[-131.9011,56.7537],[-131.8607,56.703],[-131.8353,56.5992],[-131.5811,56.6122],[-131.472,56.5527],[-131.1735,56.4495],[-131.0874,56.406],[-130.782,56.3668],[-130.6233,56.2669],[-130.5406,56.2475],[-130.4679,56.2431],[-130.426,56.1416],[-130.3501,56.1285],[-130.2462,56.0964],[-130.1038,56.1228],[-130.0035,56.0081],[-130.0177,55.9119],[-130.0038,55.9119],[-130.0038,55.9074],[-130.0835,55.8217],[-130.1248,55.8056],[-130.1524,55.7663],[-130.1478,55.7149],[-130.1117,55.6829],[-130.1279,55.581],[-130.0899,55.498],[-130.0412,55.4517],[-130.0211,55.3379],[-129.9767,55.3004],[-129.9742,55.2819],[-130.1029,55.1926],[-130.1461,55.1428],[-130.1524,55.1246],[-130.1809,55.0913],[-130.1876,55.0628],[-130.2733,54.974],[-130.3446,54.9188],[-130.4227,54.8734],[-130.4594,54.8485],[-130.5682,54.7922],[-130.6289,54.7827],[-130.6591,54.7631],[-130.6257,54.7381],[-130.6287,54.7247],[-130.6431,54.6947],[-130.6416,54.6807],[-130.6479,54.6489],[-130.7266,54.6699],[-131.0537,54.6872],[-131.2031,54.6913],[-132.0048,54.6825],[-132.9257,54.659],[-133.6489,54.632],[-133.6597,54.6492],[-133.7245,54.795],[-133.7416,54.8229],[-133.7561,54.8773],[-133.7761,54.9374],[-133.7845,54.9535],[-133.7905,55.0006],[-133.767,55.0259],[-133.701,55.0786],[-133.6602,55.1172],[-133.6137,55.1703],[-133.6115,55.1765],[-133.6482,55.1815],[-133.67,55.1878],[-133.6912,55.1985],[-133.7076,55.2294],[-133.7617,55.2658],[-133.7756,55.2822],[-133.7785,55.3196],[-133.7614,55.3463],[-133.7674,55.3576],[-133.7722,55.3791],[-133.7692,55.3889],[-133.7716,55.3943],[-133.8073,55.388],[-133.8331,55.3886],[-133.8739,55.3988],[-133.8857,55.4039],[-133.8972,55.4149],[-133.9072,55.434],[-133.8979,55.4591],[-133.8614,55.4806],[-133.8612,55.5016],[-133.8458,55.5252],[-133.8349,55.5333],[-133.8361,55.5461],[-133.8294,55.5709],[-133.8104,55.5864],[-133.814,55.6031],[-133.7983,55.6332],[-133.8078,55.6384],[-133.8127,55.6451],[-133.8423,55.6472],[-133.8675,55.6573],[-133.8825,55.6735],[-133.8877,55.6836],[-133.8862,55.7006],[-133.8796,55.7155],[-133.8522,55.7333],[-133.8318,55.7415],[-133.8433,55.7518],[-133.8485,55.7634],[-133.849,55.7781],[-133.838,55.7933],[-133.8557,55.7948],[-133.8963,55.7781],[-133.9366,55.776],[-133.9653,55.7807],[-133.9959,55.7952],[-134.0074,55.8059],[-134.0128,55.8197],[-134.0116,55.8302],[-134.0022,55.8473],[-134.0192,55.8649],[-134.0264,55.8824],[-134.027,55.892],[-134.0367,55.8809],[-134.0466,55.8505],[-134.192,55.6931],[-134.421,55.7486],[-134.5694,55.804],[-134.6023,55.8225],[-134.6291,55.8436],[-134.6413,55.858],[-134.6457,55.8715],[-134.6385,55.8892],[-134.6221,55.9087],[-134.6016,55.9229],[-134.525,55.9486],[-134.5125,55.9559],[-134.4966,55.9699],[-134.4931,55.9775],[-134.4903,55.9927],[-134.4942,55.9996],[-134.5328,56.0283],[-134.6664,56.1476],[-134.8151,56.2159],[-134.846,56.234],[-135.1998,56.5064],[-135.7868,56.9413],[-135.8599,56.9924],[-136.0468,57.2718],[-136.2379,57.5345],[-136.4075,57.7499],[-136.4544,57.8307],[-136.4647,57.8373],[-136.5378,57.8477],[-136.6167,57.8692],[-136.6446,57.8838],[-136.6586,57.9015],[-136.6621,57.9203],[-136.6605,57.9389],[-136.6485,57.9583],[-136.6562,57.9785],[-136.6512,57.9938],[-136.6694,57.9986],[-136.6792,58.0143],[-136.6789,58.0363],[-136.6686,58.0485],[-136.6615,58.0638],[-136.6503,58.1026],[-136.6152,58.1207],[-136.5103,58.1535],[-136.5154,58.1806],[-136.5448,58.1645],[-136.5906,58.152],[-136.6164,58.1472],[-136.6584,58.1456],[-136.7116,58.1557],[-136.739,58.1661],[-136.762,58.1794],[-136.8144,58.1888],[-136.844,58.2068],[-136.8532,58.2192],[-136.8552,58.2309],[-136.8808,58.2508],[-136.8978,58.2595],[-136.9378,58.2686],[-136.9749,58.296],[-137.0087,58.3332],[-137.0145,58.3443],[-137.0452,58.3301],[-137.0724,58.3236],[-137.1203,58.3297],[-137.1496,58.3413],[-137.2476,58.3929],[-137.3159,58.4101],[-137.3592,58.4304],[-137.3742,58.4409],[-137.4148,58.4511],[-137.4505,58.4643],[-137.5335,58.5094],[-137.5798,58.528],[-137.6026,58.5418],[-137.6751,58.5548],[-137.7206,58.5709],[-137.7622,58.5965],[-137.7685,58.6272],[-137.776,58.6408],[-137.8696,58.6916],[-137.9961,58.7495],[-138.0172,58.7713],[-138.0216,58.79],[-138.0293,58.8055],[-138.0271,58.8186],[-138.0115,58.8387],[-138.0215,58.8615],[-138.1154,58.9198],[-138.2241,58.9689],[-138.2525,58.9894],[-138.35,59.0224],[-138.4714,59.0491],[-138.6377,59.0796],[-138.7586,59.1265],[-138.8739,59.1802],[-138.967,59.2116],[-139.0511,59.2337],[-139.262,59.2816],[-139.3903,59.3174],[-139.5819,59.3784],[-139.7164,59.4343],[-139.9029,59.498],[-140.4251,59.657],[-140.6761,59.6689],[-140.9129,59.6985],[-141.0522,59.7379],[-141.4061,59.8238],[-141.755,59.9187],[-141.9139,59.9583],[-142.0019,59.9746],[-142.1381,59.9875],[-142.2973,60.0118],[-142.4085,60.0203],[-142.4482,60.0196],[-142.4712,60.0237],[-142.4955,60.0331],[-142.578,60.0435],[-142.7574,60.0522],[-142.8261,60.0511],[-143.1171,60.0195],[-143.4909,60.0035],[-143.6427,59.9888],[-143.759,59.9661],[-143.8512,59.9437],[-143.8952,59.9426],[-143.9467,59.9308],[-144.0336,59.9197],[-144.1441,59.9195],[-144.4105,59.7463],[-144.5422,59.7193],[-144.6768,59.7274],[-144.7781,59.7786],[-144.7778,59.8299],[-144.6417,59.9244],[-144.5397,60.0102],[-144.6073,60.0783],[-144.776,60.1296],[-145.098,60.1461],[-145.3177,60.1797],[-145.6217,60.2558],[-145.8243,60.3151],[-145.9766,60.3147],[-146.1793,60.2801],[-146.4657,60.2125],[-146.7343,60.1541],[-146.9393,60.1039],[-147.0026,60.0975],[-147.102,60.0813],[-147.1616,60.053],[-147.2418,59.9983],[-147.2712,59.9634],[-147.281,59.9236],[-147.281,59.8787],[-147.3348,59.8339],[-147.5209,59.7741],[-147.6873,59.7417],[-147.8194,59.7367],[-147.9565,59.7441],[-148.0397,59.769],[-148.1008,59.8157],[-148.2185,59.8756],[-148.4372,59.8928],[-148.6055,59.8843],[-148.9802,59.8937],[-149.2696,59.8454],[-149.4675,59.7338],[-149.6213,59.5275],[-150.4565,59.3087],[-150.8011,59.2318],[-150.9922,59.1808],[-151.2553,59.1378],[-151.3747,59.1107],[-151.4442,59.0997],[-151.8554,59.0776],[-153.0212,59.0025],[-153.1841,58.9057],[-153.1652,58.8927],[-153.1529,58.869],[-153.1517,58.8576],[-153.1524,58.8476],[-153.1671,58.823],[-153.1864,58.8076],[-153.2025,58.8013],[-153.1767,58.7847],[-153.1659,58.765],[-153.1669,58.7552],[-153.187,58.7293],[-153.2141,58.7164],[-153.2448,58.7075],[-153.2781,58.7069],[-153.3073,58.7092],[-153.318,58.713],[-153.3716,58.6733],[-153.4788,58.6417],[-153.4579,58.6235],[-153.447,58.5984],[-153.4519,58.585],[-153.4615,58.5726],[-153.4918,58.5555],[-153.5152,58.5484],[-153.5927,58.5423],[-153.6098,58.5197],[-153.628,58.5083],[-153.6541,58.4996],[-153.6924,58.4935],[-153.7784,58.504],[-153.7995,58.5092],[-153.8107,58.5154],[-153.8211,58.4878],[-153.8444,58.4723],[-153.8818,58.4565],[-153.8839,58.4385],[-153.8767,58.4308],[-153.8726,58.4151],[-153.8642,58.4088],[-153.8585,58.3976],[-153.8586,58.3743],[-153.9093,58.3291],[-153.926,58.3198],[-153.9701,58.3127],[-154.0391,58.2304],[-154.0525,58.2012],[-154.0529,58.1892],[-154.059,58.1752],[-154.0701,58.1624],[-154.0828,58.154],[-154.1089,58.146],[-154.1104,58.1314],[-154.1196,58.1132],[-154.1337,58.1001],[-154.1552,58.091],[-154.2118,58.0803],[-154.2205,58.0662],[-154.2655,58.0382],[-154.2882,58.0308],[-154.3351,58.0267],[-154.3908,57.9993],[-154.5396,57.9882],[-154.5892,57.9898],[-154.709,57.9823],[-154.7478,57.9692],[-154.8009,57.9591],[-154.8404,57.9622],[-154.8653,57.9676],[-154.8938,57.9835],[-154.9408,57.9751],[-154.9697,57.9279],[-154.994,57.8632],[-155.0435,57.8124],[-155.0789,57.7953],[-155.0994,57.7912],[-155.129,57.788],[-155.1609,57.7906],[-155.1507,57.772],[-155.1501,57.75],[-155.21,57.7163],[-155.2458,57.6816],[-155.277,57.6761],[-155.2762,57.67],[-155.281,57.6568],[-155.3004,57.6429],[-155.3609,57.625],[-155.4599,57.6376],[-155.5891,57.6083],[-155.6011,57.6108],[-155.6395,57.6023],[-155.6326,57.5868],[-155.6455,57.5224],[-155.668,57.5084],[-155.7193,57.4974],[-155.8445,57.4975],[-155.8508,57.4884],[-155.9198,57.433],[-155.9398,57.4129],[-155.9789,57.3959],[-156.0984,57.3798],[-156.1418,57.3536],[-156.1672,57.3459],[-156.1711,57.3341],[-156.1842,57.3172],[-156.1967,57.3102],[-156.2471,57.2438],[-156.2418,57.2322],[-156.2254,57.2173],[-156.2145,57.1952],[-156.2278,57.1625],[-156.2628,57.1336],[-156.3165,57.1055],[-156.3117,57.0679],[-156.3307,57.0508],[-156.3307,56.7493],[-157.1298,56.2687],[-157.0987,56.2383],[-158,55.6394],[-159.4469,55.6385],[-159.4691,55.6193],[-159.4888,55.6089],[-159.5215,55.6009],[-159.5109,55.5862],[-159.504,55.5674],[-159.5051,55.5581],[-159.5115,55.5496],[-159.5382,55.532],[-159.5847,55.5243],[-159.6334,55.5236],[-159.6553,55.5289],[-159.9512,55.5076],[-159.9519,55.5022],[-159.9633,55.4897],[-159.9952,55.4685],[-160.0021,55.4591],[-160.0183,55.4523],[-160.0412,55.4489],[-160.0593,55.4162],[-160.0529,55.4071],[-160.0553,55.3995],[-160.0506,55.3958],[-160.0019,55.3884],[-159.9964,55.3902],[-159.9619,55.3687],[-159.9326,55.337],[-159.8836,55.3452],[-159.8433,55.34],[-159.8042,55.324],[-159.7925,55.3172],[-159.7668,55.2931],[-159.7579,55.2757],[-159.7484,55.2426],[-159.7379,55.2223],[-159.736,55.2261],[-159.7043,55.2399],[-159.687,55.2433],[-159.6602,55.2429],[-159.6434,55.2547],[-159.6091,55.2678],[-159.573,55.3121],[-159.5444,55.3284],[-159.522,55.3342],[-159.4826,55.3363],[-159.4478,55.3291],[-159.4153,55.3154],[-159.4018,55.3022],[-159.3974,55.2804],[-159.3995,55.2598],[-159.4198,55.2499],[-159.4203,55.223],[-159.4261,55.2123],[-159.4271,55.2011],[-159.4081,55.1744],[-159.4047,55.1597],[-159.4059,55.1374],[-159.4109,55.1235],[-159.3762,55.1232],[-159.3485,55.1129],[-159.322,55.1182],[-159.3036,55.1165],[-159.2529,55.1062],[-159.2334,55.0986],[-159.2166,55.0874],[-159.2092,55.0772],[-159.2043,55.066],[-159.2032,55.0433],[-159.2123,55.0258],[-159.2551,55.0062],[-159.2502,54.9981],[-159.2136,54.9843],[-159.1794,54.9768],[-159.1416,54.9605],[-159.126,54.9497],[-159.1133,54.9303],[-159.1118,54.9157],[-159.1327,54.8855],[-159.2015,54.8337],[-159.2266,54.8207],[-159.2774,54.8112],[-159.3337,54.8186],[-159.3623,54.8283],[-159.3807,54.8404],[-159.3954,54.8582],[-159.4169,54.8723],[-159.4318,54.8942],[-159.4393,54.896],[-159.4574,54.8925],[-159.5033,54.9008],[-159.5415,54.924],[-159.5466,54.9336],[-159.5408,54.9601],[-159.5433,54.9764],[-159.5648,54.9914],[-159.5804,54.9876],[-159.6766,54.9872],[-159.7071,54.9975],[-159.7035,54.9998],[-159.7245,55.0178],[-159.7284,55],[-159.7348,54.9902],[-159.7609,54.9718],[-159.774,54.9685],[-159.7676,54.9566],[-159.7758,54.9378],[-159.7889,54.9257],[-159.8161,54.9095],[-159.8461,54.9024],[-159.875,54.9042],[-159.9069,54.9095],[-159.937,54.919],[-159.953,54.9294],[-159.9539,54.92],[-159.9588,54.9132],[-159.9713,54.9005],[-159.9868,54.8912],[-160.0345,54.8796],[-160.0659,54.8811],[-160.094,54.8904],[-160.098,54.8854],[-160.1012,54.8695],[-160.1131,54.8549],[-160.1554,54.829],[-160.2077,54.8073],[-160.242,54.8035],[-160.2581,54.8069],[-160.3028,54.8297],[-160.3158,54.8433],[-160.3237,54.8556],[-160.3234,54.8598],[-160.3299,54.8639],[-160.3372,54.8773],[-160.3432,54.8944],[-160.3434,54.9309],[-160.3361,54.9499],[-160.3269,54.9597],[-160.2977,54.9765],[-160.3018,54.9815],[-160.3014,54.9863],[-160.2929,55.0007],[-160.2444,55.0226],[-160.2565,55.0288],[-160.2619,55.0352],[-160.265,55.0507],[-160.2627,55.0729],[-160.2778,55.0889],[-160.2885,55.1116],[-160.2853,55.1246],[-160.271,55.1389],[-160.2456,55.1524],[-160.2146,55.1601],[-160.2062,55.1722],[-160.1903,55.1853],[-160.1497,55.1964],[-160.1496,55.2102],[-160.1301,55.2387],[-160.156,55.2538],[-160.1673,55.2725],[-160.1677,55.2798],[-160.182,55.2886],[-160.1908,55.3154],[-160.2005,55.3232],[-160.2036,55.3358],[-160.2257,55.3467],[-160.239,55.3403],[-160.2193,55.3225],[-160.2158,55.3083],[-160.2214,55.2892],[-160.2382,55.2725],[-160.2341,55.2568],[-160.2426,55.2411],[-160.2784,55.2051],[-160.2928,55.198],[-160.3212,55.1935],[-160.3669,55.1965],[-160.3679,55.1844],[-160.3769,55.1654],[-160.4115,55.1463],[-160.4179,55.1323],[-160.4394,55.1197],[-160.4469,55.1082],[-160.4318,55.0947],[-160.4272,55.0761],[-160.4309,55.0649],[-160.4609,55.0358],[-160.4784,55.0295],[-160.5195,55.0251],[-160.5733,55.037],[-160.5917,55.0528],[-160.5984,55.064],[-160.6025,55.0832],[-160.5987,55.0941],[-160.6077,55.0984],[-160.6125,55.0955],[-160.649,55.0963],[-160.6783,55.1074],[-160.6992,55.1075],[-160.7097,55.1121],[-160.7234,55.0998],[-160.7864,55.0708],[-160.8368,55.0682],[-160.8677,55.0756],[-160.8997,55.0954],[-160.9077,55.113],[-160.9072,55.1239],[-160.9015,55.1356],[-160.9062,55.1526],[-160.9051,55.1595],[-160.9356,55.1782],[-160.9415,55.1885],[-160.9427,55.2023],[-160.9331,55.2241],[-160.9224,55.2381],[-160.9387,55.2526],[-160.944,55.2638],[-160.9387,55.2918],[-160.9495,55.3112],[-160.9534,55.3254],[-160.9444,55.3416],[-160.9311,55.3565],[-160.8997,55.3786],[-160.8924,55.3807],[-160.8877,55.3966],[-160.859,55.4199],[-160.9079,55.4204],[-160.9328,55.4057],[-160.9959,55.3812],[-161.1388,55.3375],[-161.1538,55.3238],[-161.193,55.3081],[-161.2395,55.2985],[-161.2387,55.296],[-161.1856,55.2858],[-161.1728,55.2954],[-161.1286,55.3134],[-161.09,55.3166],[-161.069,55.3124],[-161.0311,55.2947],[-161.0197,55.2847],[-161.0129,55.263],[-161.0161,55.2514],[-161.0396,55.2295],[-161.0586,55.2201],[-161.0804,55.2144],[-161.1317,55.2139],[-161.1555,55.2225],[-161.1679,55.2109],[-161.1814,55.2042],[-161.205,55.1983],[-161.2485,55.1933],[-161.2532,55.1867],[-161.2445,55.173],[-161.2432,55.1635],[-161.2512,55.1465],[-161.2465,55.127],[-161.2547,55.1134],[-161.2723,55.1001],[-161.3136,55.0866],[-161.3458,55.0852],[-161.3754,55.0892],[-161.3987,55.072],[-161.4177,55.0668],[-161.4176,55.0621],[-161.3899,55.0546],[-161.3737,55.046],[-161.3613,55.0338],[-161.3532,55.0196],[-161.3526,55.01],[-161.3595,54.9915],[-161.3849,54.974],[-161.3941,54.9685],[-161.417,54.9632],[-161.4408,54.9638],[-161.4513,54.955],[-161.4701,54.9497],[-161.493,54.9545],[-161.5259,54.9516],[-161.5535,54.9545],[-161.5676,54.9575],[-161.5846,54.9679],[-161.5914,54.9637],[-161.6278,54.9575],[-161.6595,54.9564],[-161.6723,54.9592],[-161.6669,54.9429],[-161.6667,54.9281],[-161.6881,54.9076],[-161.7173,54.8957],[-161.71,54.8916],[-161.6676,54.8829],[-161.6524,54.875],[-161.6411,54.8637],[-161.6301,54.8403],[-161.6157,54.8389],[-161.5768,54.8142],[-161.5648,54.7972],[-161.5663,54.7848],[-161.5766,54.7607],[-161.5903,54.7498],[-161.605,54.7424],[-161.6399,54.7362],[-161.6728,54.7378],[-161.6984,54.7474],[-161.7102,54.7392],[-161.7537,54.7276],[-161.7658,54.7277],[-161.7651,54.7245],[-161.7827,54.7068],[-161.8094,54.6929],[-161.841,54.6845],[-161.862,54.6898],[-161.8746,54.6865],[-161.8891,54.6869],[-161.9359,54.6952],[-161.9571,54.7082],[-161.9647,54.7169],[-161.9833,54.7121],[-162.0119,54.7184],[-162.0456,54.7057],[-162.0566,54.7045],[-162.0333,54.6811],[-162.0285,54.6591],[-162.0347,54.6448],[-162.048,54.6319],[-162.0629,54.6252],[-162.1049,54.6183],[-162.1611,54.6265],[-162.1873,54.6396],[-162.2059,54.635],[-162.2314,54.6368],[-162.2405,54.6405],[-162.2423,54.6167],[-162.2528,54.6034],[-162.2794,54.5823],[-162.3093,54.5751],[-162.3219,54.5758],[-162.3173,54.5724],[-162.3151,54.5457],[-162.3218,54.5319],[-162.3378,54.5178],[-162.3651,54.5077],[-162.3919,54.5049],[-162.4285,54.5077],[-162.4652,54.5249],[-162.4798,54.5409],[-162.4838,54.5585],[-162.4784,54.5756],[-162.4642,54.5875],[-162.4775,54.5952],[-162.4879,54.6102],[-162.4904,54.6224],[-162.4837,54.6401],[-162.4599,54.6665],[-162.4772,54.6703],[-162.507,54.6827],[-162.5263,54.6947],[-162.5394,54.7072],[-162.5497,54.7254],[-162.5549,54.7493],[-162.547,54.7646],[-162.5332,54.7766],[-162.5127,54.7854],[-162.4831,54.7927],[-162.5126,54.8115],[-162.5385,54.811],[-162.5694,54.8151],[-162.6,54.8268],[-162.619,54.8452],[-162.6146,54.8779],[-162.6064,54.8902],[-162.5789,54.9085],[-162.5914,54.9069],[-162.6133,54.9134],[-162.643,54.9333],[-162.6511,54.9222],[-162.6939,54.9081],[-162.7068,54.9092],[-162.7326,54.8958],[-162.7619,54.8897],[-162.7908,54.8888],[-162.7915,54.8783],[-162.8043,54.8664],[-162.8221,54.8566],[-162.8468,54.8484],[-162.8939,54.8442],[-162.9308,54.8591],[-162.9678,54.8825],[-163.0632,54.8795],[-163.0629,54.8696],[-163.0794,54.8538],[-163.097,54.8469],[-163.1101,54.8462],[-163.1205,54.8355],[-163.1373,54.8298],[-163.1418,54.8203],[-163.1272,54.8127],[-163.1153,54.8132],[-163.105,54.8094],[-163.0709,54.7887],[-163.0578,54.7734],[-163.0283,54.7572],[-163.0122,54.7391],[-162.9843,54.7231],[-162.9686,54.7087],[-162.9621,54.6821],[-162.9519,54.666],[-162.9548,54.6598],[-162.986,54.6377],[-162.9998,54.6235],[-163.0257,54.6112],[-163.0592,54.6062],[-163.1098,54.6113],[-163.1262,54.6158],[-163.1408,54.6133],[-163.2251,54.6173],[-163.3061,54.6079],[-163.414,54.6004],[-163.4359,54.6028],[-163.4662,54.5869],[-163.5011,54.582],[-163.504,54.5749],[-163.5262,54.5517],[-163.5641,54.5396],[-163.5936,54.5411],[-163.7128,54.5702],[-163.7579,54.572],[-163.953,54.5684],[-164.0018,54.5636],[-164.0562,54.5636],[-164.1227,54.5561],[-164.2279,54.5237],[-164.2396,54.5137],[-164.2366,54.4999],[-164.2492,54.478],[-164.25,54.4679],[-164.2767,54.4372],[-164.3163,54.4114],[-164.3469,54.3966],[-164.3861,54.3847],[-164.415,54.3688],[-164.4572,54.364],[-164.4871,54.3696],[-164.5022,54.3632],[-164.6171,54.3389],[-164.6634,54.3375],[-164.706,54.3442],[-164.7406,54.3373],[-164.7765,54.3391],[-164.8054,54.3455],[-164.9013,54.3747],[-164.9249,54.3917],[-164.9619,54.4267],[-164.9726,54.4409],[-164.9828,54.4446],[-164.9956,54.4573],[-165.0083,54.4914],[-165.027,54.5208],[-165.0311,54.5531],[-165.0368,54.5619],[-165.0362,54.5766],[-165.0196,54.6067],[-164.9995,54.6262],[-164.9031,54.6665],[-164.8769,54.6754],[-164.8637,54.6761],[-164.8352,54.6873],[-164.7828,54.6917],[-164.7061,54.7735],[-164.6985,54.8015],[-164.6512,54.8442],[-164.6441,54.8854],[-164.6376,54.9008],[-164.6278,54.9115],[-164.6143,54.9239],[-164.6013,54.9306],[-164.5825,54.9345],[-164.5722,54.9439],[-164.5528,54.9505],[-164.5212,54.9691],[-164.4753,54.9763],[-164.4182,54.9796],[-164.361,54.9691],[-164.3075,54.9515],[-164.2979,54.9526],[-164.2678,54.9642],[-164.2266,54.9903],[-164.2041,55.0006],[-164.1579,55.0157],[-164.1097,55.0182],[-164.0856,55.0157],[-164.0475,55.0207],[-164.0153,55.0369],[-163.9502,55.0788],[-163.9127,55.0906],[-163.8587,55.089],[-163.8039,55.1058],[-163.7703,55.1088],[-163.6661,55.0945],[-163.6307,55.0932],[-163.568,55.1002],[-163.459,55.1281],[-163.3564,55.1657],[-163.2907,55.1934],[-163.2075,55.2197],[-163.1413,55.232],[-162.9828,55.3356],[-162.9499,55.3604],[-162.9352,55.3821],[-162.9052,55.3948],[-162.87,55.4153],[-162.8302,55.4294],[-162.727,55.4589],[-162.6816,55.4632],[-162.6451,55.4885],[-162.6084,55.4978],[-162.5709,55.5158],[-162.5472,55.5287],[-162.5003,55.5729],[-162.4151,55.6266],[-162.3205,55.7047],[-162.2898,55.7249],[-162.1723,55.7735],[-162.1342,55.8091],[-162.1037,55.8195],[-162.0608,55.8251],[-162.0436,55.832],[-162.0329,55.8443],[-162.0114,55.8511],[-162.0023,55.8488],[-161.981,55.8594],[-161.9062,55.9122],[-161.8583,55.9325],[-161.8258,55.9427],[-161.7295,55.9549],[-161.6004,55.9867],[-161.4287,56.0116],[-161.2111,56.0674],[-161.1599,56.0714],[-161.0448,56.0714],[-160.9296,56.0794],[-160.8656,56.0794],[-160.7504,56.0714],[-160.6544,56.0714],[-160.6161,56.0674],[-160.5841,56.0794],[-160.5585,56.0993],[-160.5457,56.1153],[-160.5329,56.1552],[-160.5201,56.1791],[-160.5137,56.203],[-160.4788,56.2358],[-160.4395,56.2988],[-160.4132,56.3217],[-160.3868,56.3348],[-160.3302,56.3557],[-160.3056,56.3692],[-160.2614,56.4081],[-160.2254,56.4336],[-160.1642,56.455],[-160.1115,56.4656],[-160.0692,56.4803],[-159.9941,56.5164],[-159.9607,56.5435],[-159.9052,56.5782],[-159.8702,56.5909],[-159.581,56.6729],[-159.5023,56.7028],[-159.4258,56.7402],[-159.3764,56.754],[-159.3512,56.7577],[-159.1739,56.8145],[-159.0816,56.8529],[-158.9816,56.9111],[-158.9194,56.9382],[-158.8936,56.9451],[-158.8935,56.9998],[-158.0698,58.4903],[-158.1479,58.5438],[-158.1894,58.5405],[-158.2131,58.5426],[-158.6053,58.4556],[-158.6047,58.4463],[-158.6144,58.4337],[-158.6248,58.422],[-158.6382,58.4132],[-158.6545,58.4073],[-158.6896,58.4017],[-158.7023,58.3884],[-158.7201,58.3761],[-158.7447,58.3637],[-158.7727,58.3549],[-158.8103,58.3472],[-158.8767,58.3419],[-158.9117,58.3429],[-158.9655,58.3528],[-158.9919,58.3406],[-159.0187,58.3341],[-159.0477,58.3343],[-159.0789,58.3393],[-159.1079,58.3475],[-159.1484,58.3703],[-159.1599,58.3852],[-159.1624,58.3952],[-159.1622,58.4036],[-159.1514,58.4158],[-159.4047,58.666],[-159.5447,58.7784],[-159.647,58.7861],[-159.7017,58.7964],[-159.7189,58.7767],[-159.7481,58.7603],[-159.8117,58.7355],[-159.8939,58.715],[-159.9391,58.7179],[-160.0044,58.7446],[-160.0144,58.7598],[-160.0282,58.7641],[-160.0528,58.784],[-160.0892,58.8063],[-160.113,58.7866],[-160.1272,58.7801],[-160.1508,58.772],[-160.1723,58.7693],[-160.234,58.774],[-160.2735,58.7887],[-160.2976,58.7992],[-160.3106,58.8126],[-160.3337,58.8483],[-160.327,58.8584],[-160.3431,58.8805],[-160.6087,58.8436],[-160.5981,58.8342],[-160.5935,58.8217],[-160.6016,58.7933],[-160.6266,58.7608],[-160.6892,58.6903],[-160.7,58.6721],[-160.7873,58.5816],[-160.7898,58.5644],[-160.7933,58.5601],[-160.8184,58.5396],[-160.8742,58.5101],[-160.9335,58.4961],[-160.9648,58.4957],[-161.0156,58.5031],[-161.0676,58.4898],[-161.0958,58.49],[-161.141,58.5033],[-161.1589,58.5124],[-161.1774,58.5426],[-161.1868,58.5733],[-161.1849,58.5875],[-161.1771,58.6071],[-161.234,58.6435],[-161.3221,58.6116],[-161.3535,58.6036],[-161.4184,58.596],[-161.4579,58.586],[-161.4689,58.5743],[-161.4899,58.5619],[-161.5214,58.5516],[-161.5715,58.5438],[-161.5724,58.5352],[-161.587,58.5184],[-161.617,58.5068],[-161.7042,58.4969],[-161.7672,58.4969],[-161.8176,58.5057],[-161.8447,58.5233],[-161.8609,58.5391],[-161.8643,58.5458],[-161.8637,58.5687],[-161.8707,58.5704],[-161.9091,58.5727],[-161.9302,58.5663],[-161.9716,58.5677],[-161.9986,58.5611],[-162.0174,58.5617],[-162.0431,58.5683],[-162.0818,58.5649],[-162.1322,58.5714],[-162.1492,58.5761],[-162.1718,58.5899],[-162.2105,58.5926],[-162.2303,58.5986],[-162.2704,58.6221],[-162.2777,58.6329],[-162.2808,58.6463],[-162.269,58.6676],[-162.2263,58.6855],[-162.2154,58.695],[-162.1685,58.7103],[-162.1285,58.7131],[-162.0732,58.7244],[-162.038,58.7221],[-162.002,58.7271],[-161.9492,58.7243],[-161.9483,58.7325],[-161.9332,58.7483],[-161.923,58.7546],[-161.8979,58.762],[-161.8983,58.7681],[-161.8892,58.7843],[-161.8512,58.808],[-161.8566,58.8152],[-161.8575,58.8304],[-161.8818,58.8575],[-161.8872,58.8713],[-161.8881,58.8977],[-161.8818,58.9441],[-161.9025,58.9776],[-161.9271,59.0008],[-161.9534,59.0327],[-162.0012,59.0702],[-162.0077,59.0553],[-162.0168,59.0602],[-162.0731,59.1],[-162.1022,59.1288],[-162.1638,59.2245],[-162.171,59.2476],[-162.1666,59.2751],[-162.1321,59.3062],[-162.1116,59.3329],[-162.0648,59.36],[-162.0613,59.398],[-162.0536,59.409],[-162.002,59.4374],[-161.9586,59.4478],[-161.9145,59.4693],[-161.8948,59.5076],[-161.8713,59.5248],[-162.0031,59.6447],[-162.0127,59.6456],[-162.0426,59.6707],[-162.0649,59.7],[-162.0683,59.7164],[-162.0749,59.7176],[-162.0983,59.7337],[-162.1069,59.7542],[-162.115,59.7561],[-162.1385,59.7724],[-162.1607,59.7998],[-162.1784,59.8148],[-162.1867,59.8189],[-162.1945,59.8122],[-162.2279,59.8065],[-162.2573,59.8062],[-162.3176,59.8125],[-162.3644,59.8109],[-162.4114,59.8233],[-162.4417,59.8441],[-162.452,59.8763],[-162.4499,59.8846],[-162.5627,59.8968],[-162.6064,59.8883],[-162.6984,59.8918],[-162.7076,59.8802],[-162.7626,59.8575],[-162.8181,59.8403],[-162.8159,59.8128],[-162.8261,59.8007],[-162.8687,59.7804],[-162.9472,59.7683],[-162.9748,59.7728],[-162.986,59.7694],[-163.0256,59.7675],[-163.1057,59.7782],[-163.1459,59.7956],[-163.3301,59.7697],[-163.582,59.7516],[-163.6474,59.7436],[-163.7077,59.7411],[-163.7844,59.7406],[-163.9937,59.7638],[-163.9998,59.755],[-163.966,59.7471],[-163.9529,59.7359],[-163.9204,59.7263],[-163.8969,59.7146],[-163.8473,59.7185],[-163.8137,59.7169],[-163.7878,59.7092],[-163.7489,59.6864],[-163.74,59.6686],[-163.7447,59.6548],[-163.761,59.6397],[-163.812,59.6208],[-163.8471,59.6179],[-163.9197,59.6405],[-163.9763,59.6343],[-164.0133,59.6378],[-164.0808,59.6705],[-164.1111,59.6941],[-164.1248,59.7163],[-164.1933,59.7373],[-164.231,59.7531],[-164.2746,59.7783],[-164.3132,59.8063],[-164.3367,59.8296],[-164.3466,59.8484],[-164.4157,59.8849],[-164.4208,59.907],[-164.4497,59.9533],[-164.4349,59.9689],[-164.4203,59.9781],[-164.3644,59.9992],[-164.3429,60.0029],[-164.3901,60.0109],[-164.4286,60.0279],[-164.4321,60.0262],[-164.4458,60.0305],[-164.4882,60.055],[-164.5215,60.092],[-164.5748,60.133],[-164.5974,60.1582],[-164.6586,60.1755],[-164.7111,60.2079],[-164.7488,60.2403],[-164.8512,60.249],[-164.9719,60.277],[-165.0017,60.2938],[-165.0987,60.3347],[-165.1415,60.358],[-165.2354,60.4251],[-165.2396,60.4432],[-165.2883,60.4426],[-165.3336,60.4593],[-165.3875,60.4595],[-165.4056,60.4655],[-165.4435,60.4847],[-165.4482,60.495],[-165.4675,60.5027],[-165.5015,60.5262],[-165.5139,60.5396],[-165.5204,60.552],[-165.5183,60.566],[-165.4791,60.5976],[-165.4751,60.6066],[-165.4456,60.6235],[-165.4107,60.6322],[-165.3402,60.6383],[-165.3228,60.6518],[-165.2914,60.6655],[-165.2459,60.675],[-165.2425,60.6833],[-165.2221,60.6954],[-165.1643,60.7077],[-165.1602,60.7149],[-165.1468,60.7255],[-165.1234,60.7366],[-165.1392,60.7501],[-165.1439,60.7587],[-165.141,60.7662],[-165.1592,60.7765],[-165.1762,60.7963],[-165.1757,60.8072],[-165.1575,60.8293],[-165.1775,60.848],[-165.1776,60.8589],[-165.1705,60.8769],[-165.2235,60.8964],[-165.2371,60.9105],[-165.2465,60.9128],[-165.263,60.9231],[-165.2761,60.9378],[-165.2744,60.9464],[-165.2933,60.9544],[-165.3022,60.9664],[-165.3012,60.9902],[-165.2936,60.9997],[-165.2618,61.0215],[-165.2548,61.0347],[-165.2366,61.0501],[-165.246,61.0535],[-165.2584,61.0506],[-165.2902,61.0341],[-165.3466,61.0154],[-165.4167,61.0125],[-165.5388,61.0268],[-165.6068,61.04],[-165.6637,61.0578],[-165.7169,61.0965],[-165.7434,61.1252],[-165.7869,61.1981],[-165.8018,61.2032],[-165.8229,61.2171],[-165.8338,61.227],[-165.8376,61.2387],[-165.9231,61.2648],[-165.94,61.2759],[-165.9535,61.2941],[-165.9904,61.3164],[-165.9987,61.3355],[-166.0238,61.3611],[-166.0326,61.3784],[-166.0313,61.3953],[-166.1945,61.4599],[-166.2541,61.5223],[-166.2808,61.5629],[-166.2886,61.5808],[-166.2865,61.6031],[-166.28,61.622],[-166.2603,61.6587],[-166.2621,61.6933],[-166.2573,61.7096],[-166.238,61.7409],[-166.2352,61.7643],[-166.2376,61.7806],[-166.2298,61.7983],[-166.1978,61.8343],[-166.1718,61.8522],[-166.1125,61.8731],[-166.1069,61.9057],[-166.0949,61.9467],[-166.0821,61.9636],[-166.076,61.983],[-166.0965,61.9983],[-166.1183,62.0097],[-166.1298,62.0253],[-166.1261,62.0387],[-166.0962,62.0735],[-166.0492,62.108],[-166.0058,62.1234],[-165.9857,62.1261],[-165.9484,62.1247],[-165.9018,62.1193],[-165.8926,62.1382],[-165.8746,62.1502],[-165.8486,62.1609],[-165.8206,62.1662],[-165.8136,62.1762],[-165.7925,62.1903],[-165.7707,62.1984],[-165.7396,62.2049],[-165.7216,62.2226],[-165.6689,62.2508],[-165.6594,62.2642],[-165.6213,62.2918],[-165.5259,62.3534],[-165.4489,62.391],[-165.4387,62.4119],[-165.4188,62.4404],[-165.3796,62.4696],[-165.3884,62.4853],[-165.3836,62.497],[-165.3462,62.5267],[-165.3508,62.5478],[-165.3387,62.576],[-165.3116,62.5955],[-165.277,62.6092],[-165.2131,62.6144],[-165.2393,62.6341],[-165.2481,62.648],[-165.2457,62.6623],[-165.2552,62.6723],[-165.259,62.6922],[-165.2473,62.7099],[-165.2219,62.7225],[-165.1653,62.7359],[-165.126,62.7405],[-165.0905,62.7394],[-165.063,62.734],[-165.0531,62.7423],[-165.0219,62.7562],[-164.9867,62.7607],[-165.0169,62.7844],[-165.0188,62.7924],[-165.015,62.8004],[-165.0232,62.8041],[-165.0382,62.8206],[-165.0363,62.8289],[-165.0288,62.8432],[-164.9966,62.8666],[-164.9393,62.8775],[-164.9369,62.8862],[-164.9159,62.9026],[-164.9222,62.9125],[-164.918,62.9283],[-164.8956,62.9486],[-164.903,62.957],[-164.9006,62.9735],[-164.8966,62.9795],[-164.9071,62.9842],[-164.9125,63],[-164.9106,63.0052],[-164.893,63.0191],[-164.903,63.0332],[-164.9068,63.0449],[-164.8998,63.0523],[-164.8802,63.0654],[-164.8303,63.0822],[-164.7438,63.0932],[-164.7468,63.1104],[-164.7278,63.1246],[-164.6093,63.1995],[-164.4957,63.2512],[-164.3955,63.2799],[-164.2501,63.3035],[-164.1289,63.3153],[-164.0513,63.3174],[-164.0158,63.314],[-163.933,63.3002],[-163.8706,63.2842],[-163.8598,63.2861],[-163.8236,63.2838],[-163.7719,63.2762],[-163.6581,63.2497],[-163.6134,63.2287],[-163.5847,63.2058],[-163.4552,63.175],[-163.3498,63.1237],[-163.2525,63.0925],[-163.1187,63.1016],[-163.1028,63.1131],[-163.0262,63.1535],[-162.9779,63.1659],[-162.9582,63.1768],[-162.9547,63.1899],[-162.9377,63.2151],[-162.9169,63.2308],[-162.8709,63.2536],[-162.8065,63.266],[-162.7395,63.2689],[-162.7003,63.2912],[-162.4378,63.492],[-162.4683,63.4943],[-162.5526,63.4826],[-162.5797,63.4868],[-162.6108,63.483],[-162.642,63.485],[-162.6799,63.4916],[-162.7111,63.5087],[-162.7476,63.5179],[-162.7729,63.5297],[-162.7847,63.5437],[-162.8265,63.5764],[-162.8258,63.5849],[-162.8161,63.6034],[-162.7862,63.6241],[-162.763,63.6326],[-162.7307,63.6512],[-162.6801,63.6713],[-162.5843,63.6914],[-162.5441,63.6947],[-162.5145,63.693],[-162.4811,63.685],[-162.453,63.6891],[-162.3944,63.6883],[-162.357,63.6816],[-162.3389,63.6753],[-162.3044,63.672],[-162.2746,63.66],[-162.2546,63.6465],[-162.25,63.6284],[-162.2254,63.6096],[-162.2228,63.5969],[-162.1723,63.587],[-161.957,63.5572],[-161.925,63.5364],[-161.8962,63.5082],[-161.8602,63.4963],[-161.8404,63.4933],[-161.746,63.5033],[-161.7189,63.5116],[-161.6878,63.5146],[-161.6419,63.5122],[-161.6031,63.5042],[-161.512,63.5197],[-161.4244,63.5161],[-161.3144,63.5192],[-161.2852,63.5234],[-161.2701,63.5302],[-161.2603,63.5427],[-161.225,63.5645],[-161.2021,63.5874],[-161.1426,63.6042],[-161.139,63.6147],[-161.14,63.6252],[-161.0981,63.6561],[-161.0705,63.6643],[-161.0242,63.6718],[-161.0085,63.6777],[-160.9968,63.6896],[-160.8862,63.7714],[-160.877,63.7969],[-160.8801,63.8122],[-160.8878,63.8246],[-160.8988,63.8332],[-160.9201,63.8597],[-160.9365,63.9085],[-160.9447,63.9215],[-161.0093,63.9793],[-161.0169,63.9894],[-161.0185,63.9986],[-161.0457,64.0225],[-161.0644,64.0639],[-161.0706,64.085],[-161.0624,64.1134],[-161.0765,64.1275],[-161.0754,64.2067],[-161.0918,64.2153],[-161.3268,64.334],[-161.4139,64.3586],[-161.4432,64.3401],[-161.4935,64.3284],[-161.5547,64.3287],[-161.5909,64.3355],[-161.6664,64.3605],[-162.0022,64.4588],[-162.028,64.4613],[-162.2374,64.5244],[-162.3135,64.5428],[-162.4419,64.5041],[-162.472,64.4868],[-162.4867,64.4709],[-162.492,64.4404],[-162.5045,64.4178],[-162.5126,64.3926],[-162.5179,64.3849],[-162.5579,64.3558],[-162.5948,64.3384],[-162.6328,64.3319],[-162.685,64.3044],[-162.7281,64.2875],[-162.7958,64.2757],[-163.1658,64.3499],[-163.2154,64.3533],[-163.242,64.3607],[-163.3234,64.4079],[-163.3497,64.4377],[-163.3638,64.4456],[-163.4319,64.4666],[-163.4578,64.4821],[-163.5362,64.5036],[-163.6124,64.5179],[-163.657,64.5219],[-163.7504,64.5196],[-163.7879,64.5241],[-163.8141,64.5312],[-163.8508,64.5194],[-163.9762,64.5083],[-164.1809,64.5196],[-164.2663,64.5183],[-164.3554,64.5084],[-164.4652,64.4839],[-164.7548,64.4078],[-164.8043,64.4011],[-165.0322,64.388],[-165.3359,64.4444],[-165.4769,64.4577],[-165.6807,64.4836],[-165.8502,64.4939],[-166.0778,64.5205],[-166.0732,64.5103],[-166.0709,64.4902],[-166.0957,64.4598],[-166.1336,64.4382],[-166.1539,64.433],[-166.2124,64.4299],[-166.272,64.4378],[-166.3146,64.4544],[-166.3512,64.4779],[-166.3539,64.5064],[-166.3309,64.5258],[-166.2814,64.545],[-166.3521,64.5681],[-166.4401,64.6033],[-166.4913,64.619],[-166.5079,64.6314],[-166.5902,64.7389],[-166.5859,64.7663],[-166.5776,64.778],[-166.5868,64.8015],[-166.5822,64.8221],[-166.5702,64.8334],[-166.5172,64.8574],[-166.5227,64.8711],[-166.5892,64.9083],[-166.7619,64.9635],[-166.7833,64.9797],[-166.829,64.9993],[-166.8245,65.0175],[-166.8782,65.0299],[-166.979,65.0694],[-167.041,65.1092],[-167.073,65.1384],[-167.0844,65.1557],[-167.0725,65.1998],[-167.0393,65.2434],[-167.0086,65.2767],[-166.9776,65.2976],[-166.949,65.3079],[-167.0704,65.3275],[-167.1913,65.3376],[-167.2722,65.3382],[-167.4009,65.3473],[-167.4886,65.3604],[-167.6064,65.3856],[-167.6647,65.4054],[-167.7567,65.4472],[-167.8309,65.4658],[-167.8969,65.4767],[-167.9381,65.4999],[-167.9711,65.5001],[-168.0311,65.5094],[-168.0654,65.5225],[-168.1267,65.5305],[-168.153,65.5389],[-168.1676,65.5469],[-168.1754,65.5556],[-168.1762,65.5627],[-168.2187,65.5961],[-168.2319,65.6226],[-168.2293,65.6503],[-168.2213,65.6754],[-168.2002,65.6994],[-168.1552,65.7283],[-168.1379,65.735],[-168.0772,65.7561],[-167.8834,65.8033],[-167.7189,65.8349],[-167.5208,65.8782],[-167.3084,65.9443],[-167.2386,65.9709],[-167.1784,65.9996],[-167.0079,66.0514],[-166.7195,66.148],[-166.4803,66.2119],[-166.3171,66.2519],[-166.094,66.316],[-165.7778,66.3974],[-165.4345,66.4752],[-164.8805,66.5726],[-164.6916,66.6004],[-164.4243,66.6302],[-164.221,66.6385],[-163.9827,66.6426],[-163.8051,66.6413],[-163.7121,66.6357],[-163.6262,66.6242],[-163.4036,66.7103],[-163.2033,66.7822],[-162.9784,66.871],[-162.8931,66.8997],[-162.8321,66.9268],[-162.848,66.9316],[-162.8769,66.9478],[-163.0495,66.9866],[-163.1299,66.9948],[-163.1499,67],[-163.3406,67.0259],[-163.6177,67.0487],[-163.7816,67.0698],[-163.9114,67.1047],[-163.9913,67.1479],[-164.0027,67.1726],[-163.9625,67.1967],[-163.9244,67.2075],[-163.8826,67.215],[-163.9628,67.3385],[-164.0045,67.3978],[-164.1167,67.5],[-164.1755,67.5476],[-164.2303,67.5751],[-164.2813,67.5917],[-164.6552,67.6924],[-165.5164,68.0236],[-165.5961,68.0347],[-165.6844,68.0347],[-165.8695,68.0551],[-165.9661,68.0725],[-166.0339,68.0918],[-166.0959,68.1183],[-166.1293,68.1546],[-166.1776,68.185],[-166.2853,68.2244],[-166.3648,68.2443],[-166.4714,68.2647],[-166.652,68.2883],[-166.7597,68.2946],[-166.8606,68.2875],[-166.9421,68.3026],[-166.9721,68.3224],[-166.9716,68.3561],[-166.9129,68.3853],[-166.85,68.4016],[-166.5029,68.4561],[-166.4579,68.4661],[-166.444,68.4785],[-166.4349,68.5306],[-166.3677,68.575],[-166.3615,68.6346],[-166.3713,68.6513],[-166.3333,68.6961],[-166.3413,68.713],[-166.3273,68.7818],[-166.3661,68.8689],[-166.3475,68.9004],[-166.2784,68.9271],[-166.2002,68.9338],[-165.6209,68.9037],[-165.3571,68.9089],[-164.7956,68.9491],[-164.6387,68.9664],[-164.4809,68.9685],[-164.2794,68.9796],[-164.0204,69.0331],[-163.9331,69.0698],[-163.7924,69.108],[-163.6508,69.1687],[-163.5719,69.2231],[-163.3806,69.3202],[-163.3332,69.3593],[-163.2896,69.4304],[-163.2878,69.6324],[-163.2063,69.757],[-163.1336,69.8387],[-162.8188,69.999],[-162.6059,70.1468],[-162.4653,70.2172],[-161.9487,70.3747],[-161.8702,70.3828],[-161.505,70.3507],[-161.3152,70.3473],[-161.0381,70.3899],[-160.9079,70.4157],[-160.6652,70.4764],[-160.4142,70.5613],[-160.304,70.6034],[-160.2446,70.636],[-160.0424,70.7199],[-159.8794,70.7772],[-159.7555,70.8305],[-159.5976,70.8647],[-159.2385,70.9203],[-159.0795,70.9328],[-158.905,70.9554],[-158.734,70.9631],[-158.6778,70.9592],[-158.6208,70.9456],[-158.5528,70.9028],[-158.4523,70.8849],[-158.3336,70.872],[-158.1715,70.871],[-157.9315,70.9022],[-157.8153,70.9273],[-157.5325,71.0076],[-157.3483,71.088],[-157.2396,71.1571],[-156.9409,71.3112],[-156.7609,71.3729],[-156.6423,71.3961],[-156.5823,71.4277],[-156.4878,71.4398],[-156.4007,71.4354],[-156.2947,71.4085],[-156.2481,71.4062],[-155.9265,71.3577],[-155.8274,71.3287],[-155.7591,71.2852]]]]},"properties":{"name":"US Army Engineer District, Alaska","abbreviation":"CEPOA","division_name":"Pacific Ocean Division","division_abbreviation":null,"website_url":"","phone":"","address":"","layer":"usace_districts"}},{"type":"Feature","geometry":{"type":"Polygon","coordinates":[[[-147.4969,64.5045],[-147.4957,64.5044],[-147.4976,64.5043],[-147.4969,64.5045]]]},"properties":{"name":"Unnamed Lake (75268275)","layer":"nhd_lakes","waterbody_type":"Lake/Pond","area_acres":0.64,"elevation":578,"fcode":39009}},{"type":"Feature","geometry":{"type":"Polygon","coordinates":[[[-147.6789,64.5314],[-147.6784,64.5312],[-147.6794,64.5312],[-147.6789,64.5314]]]},"properties":{"name":"Unnamed Lake (60562784)","layer":"nhd_lakes","waterbody_type":"Lake/Pond","area_acres":0.34,"elevation":null,"fcode":39004}},{"type":"Feature","geometry":{"type":"Polygon","coordinates":[[[-147.1902,64.5405],[-147.1898,64.5402],[-147.1913,64.5399],[-147.1902,64.5405]]]},"properties":{"name":"Unnamed Lake (75268249)","layer":"nhd_lakes","waterbody_type":"Lake/Pond","area_acres":0.72,"elevation":null,"fcode":39004}},{"type":"Feature","geometry":{"type":"Polygon","coordinates":[[[-147.4127,64.5204],[-147.4111,64.5196],[-147.4125,64.52],[-147.4127,64.5204]]]},"properties":{"name":"Unnamed Lake (75268267)","layer":"nhd_lakes","waterbody_type":"Lake/Pond","area_acres":0.67,"elevation":null,"fcode":39004}},{"type":"Feature","geometry":{"type":"Polygon","coordinates":[[[-147.4668,64.5756],[-147.4656,64.5744],[-147.4663,64.5743],[-147.4668,64.5756]]]},"properties":{"name":"Unnamed Lake (75268183)","layer":"nhd_lakes","waterbody_type":"Lake/Pond","area_acres":1.28,"elevation":null,"fcode":39004}},{"type":"Feature","geometry":{"type":"Polygon","coordinates":[[[-147.5436,64.5246],[-147.5465,64.5254],[-147.5368,64.5254],[-147.5436,64.5246]]]},"properties":{"name":"Unnamed Lake (60562816)","layer":"nhd_lakes","waterbody_type":"Lake/Pond","area_acres":16.0,"elevation":570,"fcode":39009}},{"type":"Feature","geometry":{"type":"Polygon","coordinates":[[[-147.5869,64.4872],[-147.5863,64.487],[-147.5884,64.4871],[-147.5869,64.4872]]]},"properties":{"name":"Unnamed Lake (60562366)","layer":"nhd_lakes","waterbody_type":"Lake/Pond","area_acres":0.68,"elevation":null,"fcode":39004}},{"type":"Feature","geometry":{"type":"Polygon","coordinates":[[[-147.6603,64.6063],[-147.6607,64.6061],[-147.6612,64.6064],[-147.6603,64.6063]]]},"properties":{"name":"Unnamed Lake (60562622)","layer":"nhd_lakes","waterbody_type":"Lake/Pond","area_acres":0.46,"elevation":null,"fcode":39004}},{"type":"Feature","geometry":{"type":"Polygon","coordinates":[[[-147.6798,64.5318],[-147.679,64.5316],[-147.6805,64.5318],[-147.6798,64.5318]]]},"properties":{"name":"Unnamed Lake (60562782)","layer":"nhd_lakes","waterbody_type":"Lake/Pond","area_acres":0.47,"elevation":null,"fcode":39004}},{"type":"Feature","geometry":{"type":"Polygon","coordinates":[[[-147.6758,64.5271],[-147.6746,64.5268],[-147.6768,64.5265],[-147.6758,64.5271]]]},"properties":{"name":"Unnamed Lake (60562810)","layer":"nhd_lakes","waterbody_type":"Lake/Pond","area_acres":1.4,"elevation":null,"fcode":39004}},{"type":"Feature","geometry":{"type":"Polygon","coordinates":[[[-147.485,64.5994],[-147.4853,64.5998],[-147.4841,64.5992],[-147.485,64.5994]]]},"properties":{"name":"Unnamed Lake (75268165)","layer":"nhd_lakes","waterbody_type":"Lake/Pond","area_acres":0.57,"elevation":null,"fcode":39004}},{"type":"Feature","geometry":{"type":"Polygon","coordinates":[[[-147.4083,64.4931],[-147.4093,64.493],[-147.4075,64.493],[-147.4083,64.4931]]]},"properties":{"name":"Unnamed Lake (60562192)","layer":"nhd_lakes","waterbody_type":"Lake/Pond","area_acres":0.85,"elevation":null,"fcode":39004}},{"type":"Feature","geometry":{"type":"Polygon","coordinates":[[[-147.7424,64.5803],[-147.7435,64.5802],[-147.7432,64.5807],[-147.7424,64.5803]]]},"properties":{"name":"Unnamed Lake (60562696)","layer":"nhd_lakes","waterbody_type":"Lake/Pond","area_acres":0.66,"elevation":null,"fcode":39004}},{"type":"Feature","geometry":{"type":"Polygon","coordinates":[[[-147.4942,64.5369],[-147.4922,64.5364],[-147.4917,64.5358],[-147.4942,64.5369]]]},"properties":{"name":"Unnamed Lake (75268251)","layer":"nhd_lakes","waterbody_type":"Lake/Pond","area_acres":1.06,"elevation":null,"fcode":39004}},{"type":"Feature","geometry":{"type":"Polygon","coordinates":[[[-147.4495,64.7329],[-147.4492,64.7326],[-147.4496,64.732],[-147.4495,64.7329]]]},"properties":{"name":"Unnamed Lake (75267927)","layer":"nhd_lakes","waterbody_type":"Lake/Pond","area_acres":0.61,"elevation":null,"fcode":39004}},{"type":"Feature","geometry":{"type":"Polygon","coordinates":[[[-147.5557,64.6912],[-147.5547,64.6911],[-147.5564,64.6907],[-147.5557,64.6912]]]},"properties":{"name":"Unnamed Lake (60562500)","layer":"nhd_lakes","waterbody_type":"Lake/Pond","area_acres":0.82,"elevation":null,"fcode":39004}},{"type":"Feature","geometry":{"type":"Polygon","coordinates":[[[-147.5691,64.6612],[-147.5689,64.6603],[-147.5694,64.6605],[-147.5691,64.6612]]]},"properties":{"name":"Unnamed Lake (60562546)","layer":"nhd_lakes","waterbody_type":"Lake/Pond","area_acres":0.67,"elevation":null,"fcode":39004}},{"type":"Feature","geometry":{"type":"Polygon","coordinates":[[[-147.6368,64.5966],[-147.6371,64.5963],[-147.6378,64.5968],[-147.6368,64.5966]]]},"properties":{"name":"Unnamed Lake (60562658)","layer":"nhd_lakes","waterbody_type":"Lake/Pond","area_acres":0.48,"elevation":null,"fcode":39004}},{"type":"Feature","geometry":{"type":"Polygon","coordinates":[[[-147.4912,64.6016],[-147.4916,64.6021],[-147.4905,64.6014],[-147.4912,64.6016]]]},"properties":{"name":"Unnamed Lake (75268159)","layer":"nhd_lakes","waterbody_type":"Lake/Pond","area_acres":0.5,"elevation":null,"fcode":39004}},{"type":"Feature","geometry":{"type":"Polygon","coordinates":[[[-147.5181,64.475],[-147.5133,64.4737],[-147.5176,64.4736],[-147.5181,64.475]]]},"properties":{"name":"Unnamed Lake (60562374)","layer":"nhd_lakes","waterbody_type":"Lake/Pond","area_acres":9.1,"elevation":584,"fcode":39009}},{"type":"Feature","geometry":{"type":"Polygon","coordinates":[[[-147.2667,64.5892],[-147.2673,64.5903],[-147.2663,64.5897],[-147.2667,64.5892]]]},"properties":{"name":"Unnamed Lake (75268175)","layer":"nhd_lakes","waterbody_type":"Lake/Pond","area_acres":1.22,"elevation":null,"fcode":39004}},{"type":"Feature","geometry":{"type":"Polygon","coordinates":[[[-147.5603,64.6601],[-147.56,64.6598],[-147.5615,64.6601],[-147.5603,64.6601]]]},"properties":{"name":"Unnamed Lake (60562548)","layer":"nhd_lakes","waterbody_type":"Lake/Pond","area_acres":0.98,"elevation":null,"fcode":39004}},{"type":"Feature","geometry":{"type":"Polygon","coordinates":[[[-147.287,64.5741],[-147.2876,64.5741],[-147.2876,64.5746],[-147.287,64.5741]]]},"properties":{"name":"Unnamed Lake (75268185)","layer":"nhd_lakes","waterbody_type":"Lake/Pond","area_acres":0.44,"elevation":null,"fcode":39004}},{"type":"Feature","geometry":{"type":"Polygon","coordinates":[[[-147.6817,64.6937],[-147.681,64.6933],[-147.6814,64.6932],[-147.6817,64.6937]]]},"properties":{"name":"Unnamed Lake (60562488)","layer":"nhd_lakes","waterbody_type":"Lake/Pond","area_acres":0.35,"elevation":null,"fcode":39004}},{"type":"Feature","geometry":{"type":"Polygon","coordinates":[[[-147.567,64.6557],[-147.5657,64.6555],[-147.5667,64.6554],[-147.567,64.6557]]]},"properties":{"name":"Unnamed Lake (60562556)","layer":"nhd_lakes","waterbody_type":"Lake/Pond","area_acres":0.48,"elevation":null,"fcode":39004}},{"type":"Feature","geometry":{"type":"Polygon","coordinates":[[[-147.706,64.6466],[-147.7046,64.6463],[-147.7074,64.646],[-147.706,64.6466]]]},"properties":{"name":"Unnamed Lake (60562560)","layer":"nhd_lakes","waterbody_type":"Lake/Pond","area_acres":2.26,"elevation":null,"fcode":39004}},{"type":"Feature","geometry":{"type":"Polygon","coordinates":[[[-147.6681,64.5377],[-147.6688,64.5367],[-147.6701,64.5383],[-147.6681,64.5377]]]},"properties":{"name":"Unnamed Lake (60562762)","layer":"nhd_lakes","waterbody_type":"Lake/Pond","area_acres":4.09,"elevation":null,"fcode":39004}},{"type":"Feature","geometry":{"type":"Polygon","coordinates":[[[-147.6152,64.5359],[-147.6139,64.5359],[-147.6163,64.5355],[-147.6152,64.5359]]]},"properties":{"name":"Unnamed Lake (60562768)","layer":"nhd_lakes","waterbody_type":"Lake/Pond","area_acres":1.36,"elevation":null,"fcode":39004}},{"type":"Feature","geometry":{"type":"Polygon","coordinates":[[[-147.6923,64.5415],[-147.6949,64.5404],[-147.6956,64.5419],[-147.6923,64.5415]]]},"properties":{"name":"Unnamed Lake (60562744)","layer":"nhd_lakes","waterbody_type":"Lake/Pond","area_acres":6.05,"elevation":null,"fcode":39004}},{"type":"Feature","geometry":{"type":"Polygon","coordinates":[[[-147.6729,64.54],[-147.6702,64.539],[-147.6755,64.5395],[-147.6729,64.54]],[[-147.673,64.5392],[-147.6726,64.5395],[-147.6745,64.5396],[-147.673,64.5392]]]},"properties":{"name":"Unnamed Lake (60562756)","layer":"nhd_lakes","waterbody_type":"Lake/Pond","area_acres":7.13,"elevation":null,"fcode":39004}},{"type":"Feature","geometry":{"type":"Polygon","coordinates":[[[-147.2514,64.5781],[-147.2506,64.5778],[-147.2511,64.5772],[-147.2514,64.5781]]]},"properties":{"name":"Unnamed Lake (75268181)","layer":"nhd_lakes","waterbody_type":"Lake/Pond","area_acres":0.99,"elevation":null,"fcode":39004}},{"type":"Feature","geometry":{"type":"Polygon","coordinates":[[[-147.5692,64.6635],[-147.5688,64.6627],[-147.5695,64.6631],[-147.5692,64.6635]]]},"properties":{"name":"Unnamed Lake (60562542)","layer":"nhd_lakes","waterbody_type":"Lake/Pond","area_acres":0.7,"elevation":null,"fcode":39004}},{"type":"Feature","geometry":{"type":"Polygon","coordinates":[[[-147.7275,64.5589],[-147.7284,64.5588],[-147.7279,64.5592],[-147.7275,64.5589]]]},"properties":{"name":"Unnamed Lake (60562728)","layer":"nhd_lakes","waterbody_type":"Lake/Pond","area_acres":0.44,"elevation":null,"fcode":39004}},{"type":"Feature","geometry":{"type":"Polygon","coordinates":[[[-147.4899,64.6372],[-147.4895,64.6372],[-147.4905,64.6371],[-147.4899,64.6372]]]},"properties":{"name":"Unnamed Lake (75268111)","layer":"nhd_lakes","waterbody_type":"Lake/Pond","area_acres":0.24,"elevation":null,"fcode":39004}},{"type":"Feature","geometry":{"type":"Polygon","coordinates":[[[-147.5374,64.5219],[-147.5378,64.5216],[-147.5379,64.5221],[-147.5374,64.5219]]]},"properties":{"name":"Unnamed Lake (60562842)","layer":"nhd_lakes","waterbody_type":"Lake/Pond","area_acres":0.38,"elevation":null,"fcode":39004}},{"type":"Feature","geometry":{"type":"Polygon","coordinates":[[[-147.4833,64.5845],[-147.4851,64.5854],[-147.4815,64.5845],[-147.4833,64.5845]]]},"properties":{"name":"Unnamed Lake (75268177)","layer":"nhd_lakes","waterbody_type":"Lake/Pond","area_acres":1.24,"elevation":null,"fcode":39004}},{"type":"Feature","geometry":{"type":"Polygon","coordinates":[[[-147.4827,64.7463],[-147.4841,64.7486],[-147.4827,64.7474],[-147.4827,64.7463]]]},"properties":{"name":"Unnamed Lake (75267863)","layer":"nhd_lakes","waterbody_type":"Lake/Pond","area_acres":1.65,"elevation":null,"fcode":39004}},{"type":"Feature","geometry":{"type":"Polygon","coordinates":[[[-147.5846,64.4897],[-147.5829,64.4887],[-147.5838,64.4882],[-147.5846,64.4897]]]},"properties":{"name":"Unnamed Lake (60562354)","layer":"nhd_lakes","waterbody_type":"Lake/Pond","area_acres":1.87,"elevation":null,"fcode":39004}},{"type":"Feature","geometry":{"type":"Polygon","coordinates":[[[-147.6884,64.6602],[-147.6893,64.659],[-147.6904,64.6608],[-147.6884,64.6602]]]},"properties":{"name":"Unnamed Lake (60562544)","layer":"nhd_lakes","waterbody_type":"Lake/Pond","area_acres":3.71,"elevation":null,"fcode":39004}},{"type":"Feature","geometry":{"type":"Polygon","coordinates":[[[-147.4866,64.5974],[-147.4869,64.5973],[-147.4876,64.5975],[-147.4866,64.5974]]]},"properties":{"name":"Unnamed Lake (75268167)","layer":"nhd_lakes","waterbody_type":"Lake/Pond","area_acres":0.28,"elevation":null,"fcode":39004}},{"type":"Feature","geometry":{"type":"Polygon","coordinates":[[[-147.6662,64.6861],[-147.6657,64.6859],[-147.6667,64.6859],[-147.6662,64.6861]]]},"properties":{"name":"Unnamed Lake (60562516)","layer":"nhd_lakes","waterbody_type":"Lake/Pond","area_acres":0.35,"elevation":null,"fcode":39004}},{"type":"Feature","geometry":{"type":"Polygon","coordinates":[[[-147.3608,64.74],[-147.358,64.7395],[-147.364,64.7399],[-147.3608,64.74]]]},"properties":{"name":"Unnamed Lake (75267901)","layer":"nhd_lakes","waterbody_type":"Lake/Pond","area_acres":12.19,"elevation":null,"fcode":39004}},{"type":"Feature","geometry":{"type":"Polygon","coordinates":[[[-147.4971,64.609],[-147.498,64.61],[-147.4951,64.6081],[-147.4971,64.609]]]},"properties":{"name":"Unnamed Lake (75268143)","layer":"nhd_lakes","waterbody_type":"Lake/Pond","area_acres":2.32,"elevation":null,"fcode":39004}},{"type":"Feature","geometry":{"type":"Polygon","coordinates":[[[-147.4732,64.5333],[-147.4711,64.5328],[-147.4722,64.5328],[-147.4732,64.5333]]]},"properties":{"name":"Unnamed Lake (75268261)","layer":"nhd_lakes","waterbody_type":"Lake/Pond","area_acres":0.94,"elevation":null,"fcode":39004}},{"type":"Feature","geometry":{"type":"Polygon","coordinates":[[[-147.6051,64.4878],[-147.6018,64.488],[-147.6032,64.4873],[-147.6051,64.4878]]]},"properties":{"name":"Unnamed Lake (60562360)","layer":"nhd_lakes","waterbody_type":"Lake/Pond","area_acres":2.12,"elevation":null,"fcode":39004}},{"type":"Feature","geometry":{"type":"Polygon","coordinates":[[[-147.5691,64.66],[-147.5675,64.659],[-147.5679,64.6589],[-147.5691,64.66]]]},"properties":{"name":"Unnamed Lake (60562550)","layer":"nhd_lakes","waterbody_type":"Lake/Pond","area_acres":0.92,"elevation":null,"fcode":39004}},{"type":"Feature","geometry":{"type":"Polygon","coordinates":[[[-147.423,64.536],[-147.422,64.5352],[-147.423,64.5356],[-147.423,64.536]]]},"properties":{"name":"Unnamed Lake (75268257)","layer":"nhd_lakes","waterbody_type":"Lake/Pond","area_acres":0.66,"elevation":null,"fcode":39004}},{"type":"Feature","geometry":{"type":"Polygon","coordinates":[[[-147.6793,64.6936],[-147.6784,64.6932],[-147.6799,64.6932],[-147.6793,64.6936]]]},"properties":{"name":"Unnamed Lake (60562490)","layer":"nhd_lakes","waterbody_type":"Lake/Pond","area_acres":0.82,"elevation":null,"fcode":39004}},{"type":"Feature","geometry":{"type":"Polygon","coordinates":[[[-147.6521,64.6743],[-147.6536,64.6735],[-147.6544,64.6747],[-147.6521,64.6743]]]},"properties":{"name":"Unnamed Lake (60562536)","layer":"nhd_lakes","waterbody_type":"Lake/Pond","area_acres":4.1,"elevation":null,"fcode":39004}},{"type":"Feature","geometry":{"type":"Polygon","coordinates":[[[-147.5727,64.6255],[-147.5721,64.6255],[-147.5717,64.6247],[-147.5727,64.6255]]]},"properties":{"name":"Unnamed Lake (60562594)","layer":"nhd_lakes","waterbody_type":"Lake/Pond","area_acres":0.66,"elevation":null,"fcode":39004}},{"type":"Feature","geometry":{"type":"Polygon","coordinates":[[[-147.5133,64.5007],[-147.5137,64.5005],[-147.5142,64.5008],[-147.5133,64.5007]]]},"properties":{"name":"Unnamed Lake (60562892)","layer":"nhd_lakes","waterbody_type":"Lake/Pond","area_acres":0.31,"elevation":null,"fcode":39004}},{"type":"Feature","geometry":{"type":"Polygon","coordinates":[[[-147.3275,64.6443],[-147.323,64.6439],[-147.3279,64.6441],[-147.3275,64.6443]]]},"properties":{"name":"Unnamed Lake (75268107)","layer":"nhd_lakes","waterbody_type":"Lake/Pond","area_acres":2.87,"elevation":null,"fcode":39004}},{"type":"Feature","geometry":{"type":"Polygon","coordinates":[[[-147.4885,64.611],[-147.4889,64.6117],[-147.4881,64.6113],[-147.4885,64.611]]]},"properties":{"name":"Unnamed Lake (75268139)","layer":"nhd_lakes","waterbody_type":"Lake/Pond","area_acres":0.69,"elevation":null,"fcode":39004}},{"type":"Feature","geometry":{"type":"Polygon","coordinates":[[[-147.4034,64.4695],[-147.406,64.4699],[-147.4034,64.4703],[-147.4034,64.4695]]]},"properties":{"name":"Unnamed Lake (60562198)","layer":"nhd_lakes","waterbody_type":"Lake/Pond","area_acres":2.59,"elevation":null,"fcode":39004}},{"type":"Feature","geometry":{"type":"Polygon","coordinates":[[[-147.5874,64.6802],[-147.5873,64.6799],[-147.5885,64.6804],[-147.5874,64.6802]]]},"properties":{"name":"Unnamed Lake (60562534)","layer":"nhd_lakes","waterbody_type":"Lake/Pond","area_acres":0.66,"elevation":null,"fcode":39004}},{"type":"Feature","geometry":{"type":"Polygon","coordinates":[[[-147.573,64.6261],[-147.5727,64.6257],[-147.5731,64.6257],[-147.573,64.6261]]]},"properties":{"name":"Unnamed Lake (60562592)","layer":"nhd_lakes","waterbody_type":"Lake/Pond","area_acres":0.38,"elevation":null,"fcode":39004}},{"type":"Feature","geometry":{"type":"Polygon","coordinates":[[[-147.69,64.5318],[-147.6892,64.5315],[-147.6908,64.5317],[-147.69,64.5318]]]},"properties":{"name":"Unnamed Lake (60562780)","layer":"nhd_lakes","waterbody_type":"Lake/Pond","area_acres":0.91,"elevation":null,"fcode":39004}},{"type":"Feature","geometry":{"type":"Polygon","coordinates":[[[-147.4094,64.513],[-147.4077,64.5119],[-147.4095,64.5126],[-147.4094,64.513]]]},"properties":{"name":"Unnamed Lake (75268273)","layer":"nhd_lakes","waterbody_type":"Lake/Pond","area_acres":1.16,"elevation":578,"fcode":39009}},{"type":"Feature","geometry":{"type":"Polygon","coordinates":[[[-147.6727,64.6086],[-147.672,64.6082],[-147.6734,64.6086],[-147.6727,64.6086]]]},"properties":{"name":"Unnamed Lake (60562618)","layer":"nhd_lakes","waterbody_type":"Lake/Pond","area_acres":0.42,"elevation":null,"fcode":39004}},{"type":"Feature","geometry":{"type":"Polygon","coordinates":[[[-147.3472,64.7328],[-147.346,64.7308],[-147.3531,64.7325],[-147.3472,64.7328]]]},"properties":{"name":"Unnamed Lake (75267925)","layer":"nhd_lakes","waterbody_type":"Lake/Pond","area_acres":17.01,"elevation":null,"fcode":39004}},{"type":"Feature","geometry":{"type":"Polygon","coordinates":[[[-147.19,64.5292],[-147.1895,64.5286],[-147.1914,64.5289],[-147.19,64.5292]]]},"properties":{"name":"Unnamed Lake (75268265)","layer":"nhd_lakes","waterbody_type":"Lake/Pond","area_acres":1.2,"elevation":null,"fcode":39004}},{"type":"Feature","geometry":{"type":"Polygon","coordinates":[[[-147.4925,64.6287],[-147.4893,64.6286],[-147.4918,64.6284],[-147.4925,64.6287]]]},"properties":{"name":"Unnamed Lake (75268119)","layer":"nhd_lakes","waterbody_type":"Lake/Pond","area_acres":1.32,"elevation":null,"fcode":39004}},{"type":"Feature","geometry":{"type":"Polygon","coordinates":[[[-147.5057,64.4869],[-147.5063,64.4866],[-147.5065,64.4874],[-147.5057,64.4869]]]},"properties":{"name":"Unnamed Lake (60562368)","layer":"nhd_lakes","waterbody_type":"Lake/Pond","area_acres":0.91,"elevation":null,"fcode":39004}},{"type":"Feature","geometry":{"type":"Polygon","coordinates":[[[-147.6674,64.6878],[-147.6667,64.6874],[-147.6678,64.6874],[-147.6674,64.6878]]]},"properties":{"name":"Unnamed Lake (60562510)","layer":"nhd_lakes","waterbody_type":"Lake/Pond","area_acres":0.69,"elevation":null,"fcode":39004}},{"type":"Feature","geometry":{"type":"Polygon","coordinates":[[[-147.589,64.5029],[-147.5874,64.5024],[-147.5905,64.5027],[-147.589,64.5029]]]},"properties":{"name":"Unnamed Lake (60562888)","layer":"nhd_lakes","waterbody_type":"Lake/Pond","area_acres":1.4,"elevation":null,"fcode":39004}},{"type":"Feature","geometry":{"type":"Polygon","coordinates":[[[-147.6728,64.6428],[-147.6729,64.6421],[-147.6749,64.6428],[-147.6728,64.6428]]]},"properties":{"name":"Unnamed Lake (60562566)","layer":"nhd_lakes","waterbody_type":"Lake/Pond","area_acres":2.91,"elevation":null,"fcode":39004}},{"type":"Feature","geometry":{"type":"Polygon","coordinates":[[[-147.6764,64.6422],[-147.6763,64.6419],[-147.6774,64.6421],[-147.6764,64.6422]]]},"properties":{"name":"Unnamed Lake (60562568)","layer":"nhd_lakes","waterbody_type":"Lake/Pond","area_acres":0.54,"elevation":null,"fcode":39004}},{"type":"Feature","geometry":{"type":"Polygon","coordinates":[[[-147.372,64.7458],[-147.3699,64.7453],[-147.3733,64.7456],[-147.372,64.7458]]]},"properties":{"name":"Unnamed Lake (75267873)","layer":"nhd_lakes","waterbody_type":"Lake/Pond","area_acres":2.69,"elevation":null,"fcode":39004}},{"type":"Feature","geometry":{"type":"Polygon","coordinates":[[[-147.6118,64.4905],[-147.6134,64.4907],[-147.6121,64.4913],[-147.6118,64.4905]]]},"properties":{"name":"Unnamed Lake (60562352)","layer":"nhd_lakes","waterbody_type":"Lake/Pond","area_acres":1.33,"elevation":null,"fcode":39004}},{"type":"Feature","geometry":{"type":"Polygon","coordinates":[[[-147.6777,64.6932],[-147.6761,64.692],[-147.6775,64.692],[-147.6777,64.6932]]]},"properties":{"name":"Unnamed Lake (60562492)","layer":"nhd_lakes","waterbody_type":"Lake/Pond","area_acres":2.07,"elevation":null,"fcode":39004}},{"type":"Feature","geometry":{"type":"Polygon","coordinates":[[[-147.5624,64.6657],[-147.5633,64.6655],[-147.5633,64.6659],[-147.5624,64.6657]]]},"properties":{"name":"Unnamed Lake (60562538)","layer":"nhd_lakes","waterbody_type":"Lake/Pond","area_acres":0.4,"elevation":null,"fcode":39004}},{"type":"Feature","geometry":{"type":"Polygon","coordinates":[[[-147.4728,64.4697],[-147.4731,64.4705],[-147.4718,64.4703],[-147.4728,64.4697]]]},"properties":{"name":"Unnamed Lake (60562196)","layer":"nhd_lakes","waterbody_type":"Lake/Pond","area_acres":1.25,"elevation":null,"fcode":39004}},{"type":"Feature","geometry":{"type":"Polygon","coordinates":[[[-147.6306,64.4965],[-147.6297,64.4964],[-147.6313,64.496],[-147.6306,64.4965]]]},"properties":{"name":"Unnamed Lake (60562348)","layer":"nhd_lakes","waterbody_type":"Lake/Pond","area_acres":0.79,"elevation":null,"fcode":39004}},{"type":"Feature","geometry":{"type":"Polygon","coordinates":[[[-147.6878,64.6562],[-147.6864,64.6556],[-147.6889,64.6563],[-147.6878,64.6562]]]},"properties":{"name":"Unnamed Lake (60562554)","layer":"nhd_lakes","waterbody_type":"Lake/Pond","area_acres":1.97,"elevation":null,"fcode":39004}},{"type":"Feature","geometry":{"type":"Polygon","coordinates":[[[-147.5949,64.6118],[-147.5954,64.6116],[-147.596,64.6119],[-147.5949,64.6118]]]},"properties":{"name":"Unnamed Lake (60562612)","layer":"nhd_lakes","waterbody_type":"Lake/Pond","area_acres":0.47,"elevation":null,"fcode":39004}},{"type":"Feature","geometry":{"type":"Polygon","coordinates":[[[-147.7011,64.5401],[-147.7018,64.5401],[-147.7014,64.5404],[-147.7011,64.5401]]]},"properties":{"name":"Unnamed Lake (60562752)","layer":"nhd_lakes","waterbody_type":"Lake/Pond","area_acres":0.42,"elevation":null,"fcode":39004}},{"type":"Feature","geometry":{"type":"Polygon","coordinates":[[[-147.4089,64.5186],[-147.4081,64.5181],[-147.4093,64.5184],[-147.4089,64.5186]]]},"properties":{"name":"Unnamed Lake (75268269)","layer":"nhd_lakes","waterbody_type":"Lake/Pond","area_acres":0.5,"elevation":null,"fcode":39004}},{"type":"Feature","geometry":{"type":"Polygon","coordinates":[[[-147.4974,64.6339],[-147.4967,64.6343],[-147.4969,64.6339],[-147.4974,64.6339]]]},"properties":{"name":"Unnamed Lake (75268115)","layer":"nhd_lakes","waterbody_type":"Lake/Pond","area_acres":0.43,"elevation":null,"fcode":39004}},{"type":"Feature","geometry":{"type":"Polygon","coordinates":[[[-147.503,64.6091],[-147.5014,64.6091],[-147.4999,64.6085],[-147.503,64.6091]]]},"properties":{"name":"Unnamed Lake (60562620)","layer":"nhd_lakes","waterbody_type":"Lake/Pond","area_acres":1.04,"elevation":null,"fcode":39004}},{"type":"Feature","geometry":{"type":"Polygon","coordinates":[[[-147.2216,64.5634],[-147.2198,64.563],[-147.2248,64.5627],[-147.2216,64.5634]]]},"properties":{"name":"Unnamed Lake (75268199)","layer":"nhd_lakes","waterbody_type":"Lake/Pond","area_acres":1.91,"elevation":584,"fcode":39009}},{"type":"Feature","geometry":{"type":"Polygon","coordinates":[[[-147.4991,64.6092],[-147.4997,64.6093],[-147.4971,64.6085],[-147.4991,64.6092]]]},"properties":{"name":"Unnamed Lake (75268145)","layer":"nhd_lakes","waterbody_type":"Lake/Pond","area_acres":1.27,"elevation":null,"fcode":39004}},{"type":"Feature","geometry":{"type":"Polygon","coordinates":[[[-147.3651,64.743],[-147.3687,64.744],[-147.3619,64.744],[-147.3651,64.743]]]},"properties":{"name":"Unnamed Lake (12001243)","layer":"nhd_lakes","waterbody_type":"Lake/Pond","area_acres":10.37,"elevation":null,"fcode":39004}},{"type":"Feature","geometry":{"type":"Polygon","coordinates":[[[-147.6795,64.657],[-147.6784,64.6568],[-147.6807,64.6569],[-147.6795,64.657]]]},"properties":{"name":"Unnamed Lake (60562552)","layer":"nhd_lakes","waterbody_type":"Lake/Pond","area_acres":1.07,"elevation":null,"fcode":39004}},{"type":"Feature","geometry":{"type":"Polygon","coordinates":[[[-147.3329,64.6475],[-147.3315,64.6473],[-147.3372,64.6459],[-147.3329,64.6475]]]},"properties":{"name":"Unnamed Lake (75268099)","layer":"nhd_lakes","waterbody_type":"Lake/Pond","area_acres":4.84,"elevation":525,"fcode":39009}},{"type":"Feature","geometry":{"type":"Polygon","coordinates":[[[-147.2265,64.5628],[-147.2257,64.5627],[-147.2278,64.5623],[-147.2265,64.5628]]]},"properties":{"name":"Unnamed Lake (75268201)","layer":"nhd_lakes","waterbody_type":"Lake/Pond","area_acres":0.92,"elevation":null,"fcode":39004}},{"type":"Feature","geometry":{"type":"Polygon","coordinates":[[[-147.5542,64.4738],[-147.5534,64.4743],[-147.5533,64.4736],[-147.5542,64.4738]]]},"properties":{"name":"Unnamed Lake (60562376)","layer":"nhd_lakes","waterbody_type":"Lake/Pond","area_acres":0.44,"elevation":null,"fcode":39004}},{"type":"Feature","geometry":{"type":"Polygon","coordinates":[[[-147.6714,64.5379],[-147.6709,64.5377],[-147.6719,64.5376],[-147.6714,64.5379]]]},"properties":{"name":"Unnamed Lake (60562764)","layer":"nhd_lakes","waterbody_type":"Lake/Pond","area_acres":0.43,"elevation":null,"fcode":39004}},{"type":"Feature","geometry":{"type":"Polygon","coordinates":[[[-147.6196,64.5139],[-147.6191,64.5136],[-147.62,64.5136],[-147.6196,64.5139]]]},"properties":{"name":"Unnamed Lake (60562872)","layer":"nhd_lakes","waterbody_type":"Lake/Pond","area_acres":0.43,"elevation":null,"fcode":39004}},{"type":"Feature","geometry":{"type":"Polygon","coordinates":[[[-147.5207,64.4879],[-147.5217,64.4875],[-147.5222,64.4878],[-147.5207,64.4879]]]},"properties":{"name":"Unnamed Lake (60562364)","layer":"nhd_lakes","waterbody_type":"Lake/Pond","area_acres":0.8,"elevation":null,"fcode":39004}},{"type":"Feature","geometry":{"type":"Polygon","coordinates":[[[-147.5368,64.5232],[-147.5373,64.5229],[-147.5376,64.5234],[-147.5368,64.5232]]]},"properties":{"name":"Unnamed Lake (60562834)","layer":"nhd_lakes","waterbody_type":"Lake/Pond","area_acres":0.43,"elevation":null,"fcode":39004}},{"type":"Feature","geometry":{"type":"Polygon","coordinates":[[[-147.4699,64.5343],[-147.4684,64.5333],[-147.471,64.5337],[-147.4699,64.5343]]]},"properties":{"name":"Unnamed Lake (75268259)","layer":"nhd_lakes","waterbody_type":"Lake/Pond","area_acres":3.07,"elevation":562,"fcode":39009}},{"type":"Feature","geometry":{"type":"Polygon","coordinates":[[[-147.279,64.5907],[-147.2792,64.5926],[-147.2786,64.5917],[-147.279,64.5907]]]},"properties":{"name":"Unnamed Lake (75268173)","layer":"nhd_lakes","waterbody_type":"Lake/Pond","area_acres":1.95,"elevation":null,"fcode":39004}},{"type":"Feature","geometry":{"type":"Polygon","coordinates":[[[-147.5044,64.4874],[-147.5048,64.4864],[-147.5071,64.4882],[-147.5044,64.4874]]]},"properties":{"name":"Unnamed Lake (60562362)","layer":"nhd_lakes","waterbody_type":"Lake/Pond","area_acres":2.25,"elevation":null,"fcode":39004}},{"type":"Feature","geometry":{"type":"Polygon","coordinates":[[[-147.6954,64.6481],[-147.694,64.6474],[-147.697,64.6481],[-147.6954,64.6481]]]},"properties":{"name":"Unnamed Lake (60562558)","layer":"nhd_lakes","waterbody_type":"Lake/Pond","area_acres":2.12,"elevation":null,"fcode":39004}},{"type":"Feature","geometry":{"type":"Polygon","coordinates":[[[-147.5493,64.6241],[-147.5479,64.6241],[-147.5484,64.6237],[-147.5493,64.6241]]]},"properties":{"name":"Unnamed Lake (60562598)","layer":"nhd_lakes","waterbody_type":"Lake/Pond","area_acres":1.02,"elevation":null,"fcode":39004}},{"type":"Feature","geometry":{"type":"Polygon","coordinates":[[[-147.3679,64.5467],[-147.3653,64.5457],[-147.3681,64.5456],[-147.3679,64.5467]]]},"properties":{"name":"Unnamed Lake (75268237)","layer":"nhd_lakes","waterbody_type":"Lake/Pond","area_acres":4.95,"elevation":581,"fcode":39009}},{"type":"Feature","geometry":{"type":"Polygon","coordinates":[[[-147.6793,64.5372],[-147.6803,64.5371],[-147.6797,64.5374],[-147.6793,64.5372]]]},"properties":{"name":"Unnamed Lake (60562766)","layer":"nhd_lakes","waterbody_type":"Lake/Pond","area_acres":0.37,"elevation":null,"fcode":39004}},{"type":"Feature","geometry":{"type":"Polygon","coordinates":[[[-147.5222,64.502],[-147.5215,64.5016],[-147.5228,64.5019],[-147.5222,64.502]]]},"properties":{"name":"Unnamed Lake (60562890)","layer":"nhd_lakes","waterbody_type":"Lake/Pond","area_acres":0.51,"elevation":null,"fcode":39004}},{"type":"Feature","geometry":{"type":"Polygon","coordinates":[[[-147.3992,64.5151],[-147.3986,64.5149],[-147.3996,64.5146],[-147.3992,64.5151]]]},"properties":{"name":"Unnamed Lake (75268271)","layer":"nhd_lakes","waterbody_type":"Lake/Pond","area_acres":0.57,"elevation":null,"fcode":39004}},{"type":"Feature","geometry":{"type":"Polygon","coordinates":[[[-147.1908,64.5369],[-147.1898,64.5363],[-147.1909,64.5364],[-147.1908,64.5369]]]},"properties":{"name":"Unnamed Lake (75268255)","layer":"nhd_lakes","waterbody_type":"Lake/Pond","area_acres":0.75,"elevation":null,"fcode":39004}},{"type":"Feature","geometry":{"type":"Polygon","coordinates":[[[-147.7442,64.5812],[-147.7435,64.5809],[-147.7449,64.581],[-147.7442,64.5812]]]},"properties":{"name":"Unnamed Lake (60562694)","layer":"nhd_lakes","waterbody_type":"Lake/Pond","area_acres":0.51,"elevation":null,"fcode":39004}},{"type":"Feature","geometry":{"type":"Polygon","coordinates":[[[-147.6598,64.5835],[-147.661,64.5832],[-147.6607,64.5839],[-147.6598,64.5835]]]},"properties":{"name":"Unnamed Lake (60562684)","layer":"nhd_lakes","waterbody_type":"Lake/Pond","area_acres":0.84,"elevation":null,"fcode":39004}},{"type":"Feature","geometry":{"type":"Polygon","coordinates":[[[-147.4883,64.5999],[-147.4888,64.6002],[-147.4862,64.6001],[-147.4883,64.5999]]]},"properties":{"name":"Unnamed Lake (75268163)","layer":"nhd_lakes","waterbody_type":"Lake/Pond","area_acres":1.22,"elevation":null,"fcode":39004}},{"type":"Feature","geometry":{"type":"Polygon","coordinates":[[[-147.6497,64.6002],[-147.6496,64.5997],[-147.6513,64.6001],[-147.6497,64.6002]]]},"properties":{"name":"Unnamed Lake (60562642)","layer":"nhd_lakes","waterbody_type":"Lake/Pond","area_acres":1.05,"elevation":null,"fcode":39004}},{"type":"Feature","geometry":{"type":"Polygon","coordinates":[[[-147.6824,64.6384],[-147.6829,64.6381],[-147.6835,64.6385],[-147.6824,64.6384]]]},"properties":{"name":"Unnamed Lake (60562576)","layer":"nhd_lakes","waterbody_type":"Lake/Pond","area_acres":0.58,"elevation":null,"fcode":39004}},{"type":"Feature","geometry":{"type":"Polygon","coordinates":[[[-147.5006,64.6291],[-147.4982,64.6283],[-147.499,64.6281],[-147.5006,64.6291]]]},"properties":{"name":"Unnamed Lake (60562588)","layer":"nhd_lakes","waterbody_type":"Lake/Pond","area_acres":1.7,"elevation":null,"fcode":39004}},{"type":"Feature","geometry":{"type":"Polygon","coordinates":[[[-147.6898,64.6361],[-147.6906,64.6359],[-147.6903,64.6365],[-147.6898,64.6361]]]},"properties":{"name":"Unnamed Lake (60562584)","layer":"nhd_lakes","waterbody_type":"Lake/Pond","area_acres":0.56,"elevation":null,"fcode":39004}},{"type":"Feature","geometry":{"type":"Polygon","coordinates":[[[-147.4943,64.6044],[-147.4928,64.604],[-147.4946,64.6032],[-147.4943,64.6044]]]},"properties":{"name":"Unnamed Lake (75268153)","layer":"nhd_lakes","waterbody_type":"Lake/Pond","area_acres":1.94,"elevation":null,"fcode":39004}},{"type":"Feature","geometry":{"type":"Polygon","coordinates":[[[-147.4411,64.4897],[-147.4367,64.4894],[-147.4391,64.4881],[-147.4411,64.4897]]]},"properties":{"name":"Unnamed Lake (60562194)","layer":"nhd_lakes","waterbody_type":"Lake/Pond","area_acres":5.4,"elevation":null,"fcode":39004}},{"type":"Feature","geometry":{"type":"Polygon","coordinates":[[[-147.6578,64.7053],[-147.657,64.7046],[-147.6581,64.7047],[-147.6578,64.7053]]]},"properties":{"name":"Unnamed Lake (60562476)","layer":"nhd_lakes","waterbody_type":"Lake/Pond","area_acres":1.01,"elevation":null,"fcode":39004}},{"type":"Feature","geometry":{"type":"Polygon","coordinates":[[[-147.6969,64.5425],[-147.6977,64.5425],[-147.6972,64.5428],[-147.6969,64.5425]]]},"properties":{"name":"Unnamed Lake (60562746)","layer":"nhd_lakes","waterbody_type":"Lake/Pond","area_acres":0.35,"elevation":null,"fcode":39004}},{"type":"Feature","geometry":{"type":"Polygon","coordinates":[[[-147.2534,64.5853],[-147.2517,64.5842],[-147.2525,64.5841],[-147.2534,64.5853]]]},"properties":{"name":"Unnamed Lake (75268179)","layer":"nhd_lakes","waterbody_type":"Lake/Pond","area_acres":1.53,"elevation":null,"fcode":39004}},{"type":"Feature","geometry":{"type":"Polygon","coordinates":[[[-147.6805,64.5336],[-147.6814,64.5334],[-147.6808,64.5338],[-147.6805,64.5336]]]},"properties":{"name":"Unnamed Lake (60562774)","layer":"nhd_lakes","waterbody_type":"Lake/Pond","area_acres":0.36,"elevation":null,"fcode":39004}},{"type":"Feature","geometry":{"type":"Polygon","coordinates":[[[-147.6892,64.641],[-147.6872,64.6401],[-147.6913,64.6405],[-147.6892,64.641]]]},"properties":{"name":"Unnamed Lake (60562570)","layer":"nhd_lakes","waterbody_type":"Lake/Pond","area_acres":4.23,"elevation":null,"fcode":39004}},{"type":"Feature","geometry":{"type":"Polygon","coordinates":[[[-147.3019,64.7382],[-147.2967,64.7379],[-147.3049,64.7381],[-147.3019,64.7382]]]},"properties":{"name":"Unnamed Lake (75267905)","layer":"nhd_lakes","waterbody_type":"Lake/Pond","area_acres":13.15,"elevation":null,"fcode":39004}},{"type":"Feature","geometry":{"type":"Polygon","coordinates":[[[-147.5009,64.5995],[-147.5019,64.5997],[-147.5015,64.5998],[-147.5009,64.5995]]]},"properties":{"name":"Unnamed Lake (60562650)","layer":"nhd_lakes","waterbody_type":"Lake/Pond","area_acres":0.26,"elevation":null,"fcode":39004}},{"type":"Feature","geometry":{"type":"Polygon","coordinates":[[[-147.2935,64.7391],[-147.295,64.7405],[-147.2922,64.7406],[-147.2935,64.7391]]]},"properties":{"name":"Unnamed Lake (75267903)","layer":"nhd_lakes","waterbody_type":"Lake/Pond","area_acres":5.36,"elevation":null,"fcode":39004}},{"type":"Feature","geometry":{"type":"Polygon","coordinates":[[[-147.7038,64.645],[-147.7024,64.6459],[-147.6995,64.6451],[-147.7038,64.645]]]},"properties":{"name":"Unnamed Lake (60562562)","layer":"nhd_lakes","waterbody_type":"Lake/Pond","area_acres":4.49,"elevation":null,"fcode":39004}},{"type":"Feature","geometry":{"type":"Polygon","coordinates":[[[-147.6933,64.6054],[-147.694,64.6052],[-147.694,64.6058],[-147.6933,64.6054]]]},"properties":{"name":"Unnamed Lake (60562624)","layer":"nhd_lakes","waterbody_type":"Lake/Pond","area_acres":0.76,"elevation":null,"fcode":39004}},{"type":"Feature","geometry":{"type":"Polygon","coordinates":[[[-147.514,64.6964],[-147.5123,64.696],[-147.5158,64.6961],[-147.514,64.6964]]]},"properties":{"name":"Unnamed Lake (60562484)","layer":"nhd_lakes","waterbody_type":"Lake/Pond","area_acres":2.88,"elevation":null,"fcode":39004}},{"type":"Feature","geometry":{"type":"Polygon","coordinates":[[[-147.3264,64.7252],[-147.3276,64.7259],[-147.3234,64.7258],[-147.3264,64.7252]]]},"properties":{"name":"Unnamed Lake (75267943)","layer":"nhd_lakes","waterbody_type":"Lake/Pond","area_acres":4.86,"elevation":null,"fcode":39004}},{"type":"Feature","geometry":{"type":"Polygon","coordinates":[[[-147.4734,64.6243],[-147.4708,64.6228],[-147.4721,64.6228],[-147.4734,64.6243]]]},"properties":{"name":"Unnamed Lake (75268125)","layer":"nhd_lakes","waterbody_type":"Lake/Pond","area_acres":2.06,"elevation":null,"fcode":39004}},{"type":"Feature","geometry":{"type":"Polygon","coordinates":[[[-147.4946,64.6021],[-147.494,64.6023],[-147.493,64.602],[-147.4946,64.6021]]]},"properties":{"name":"Unnamed Lake (75268157)","layer":"nhd_lakes","waterbody_type":"Lake/Pond","area_acres":0.5,"elevation":null,"fcode":39004}},{"type":"Feature","geometry":{"type":"Polygon","coordinates":[[[-147.2413,64.7283],[-147.2465,64.7291],[-147.2416,64.7306],[-147.2413,64.7283]]]},"properties":{"name":"Unnamed Lake ({013d554)","layer":"nhd_lakes","waterbody_type":"Lake/Pond","area_acres":14.83,"elevation":null,"fcode":39004}},{"type":"Feature","geometry":{"type":"Polygon","coordinates":[[[-147.2937,64.7357],[-147.2979,64.7364],[-147.2942,64.7366],[-147.2937,64.7357]]]},"properties":{"name":"Unnamed Lake ({cdba22a)","layer":"nhd_lakes","waterbody_type":"Lake/Pond","area_acres":4.38,"elevation":null,"fcode":39004}},{"type":"Feature","geometry":{"type":"Polygon","coordinates":[[[-147.3151,64.7394],[-147.3134,64.739],[-147.3199,64.739],[-147.3151,64.7394]]]},"properties":{"name":"Unnamed Lake ({68ec6a1)","layer":"nhd_lakes","waterbody_type":"Lake/Pond","area_acres":6.29,"elevation":null,"fcode":39004}},{"type":"Feature","geometry":{"type":"Polygon","coordinates":[[[-147.2386,64.7264],[-147.2293,64.7215],[-147.2463,64.7263],[-147.2386,64.7264]]]},"properties":{"name":"Unnamed Lake ({f97e158)","layer":"nhd_lakes","waterbody_type":"Lake/Pond","area_acres":13.04,"elevation":null,"fcode":39004}},{"type":"Feature","geometry":{"type":"Polygon","coordinates":[[[-147.3513,64.7445],[-147.3521,64.746],[-147.3506,64.7454],[-147.3513,64.7445]]]},"properties":{"name":"Unnamed Lake ({ab17c41)","layer":"nhd_lakes","waterbody_type":"Lake/Pond","area_acres":3.14,"elevation":null,"fcode":39004}},{"type":"Feature","geometry":{"type":"Polygon","coordinates":[[[-147.1989,64.714],[-147.1998,64.7158],[-147.1931,64.7142],[-147.1989,64.714]]]},"properties":{"name":"Bathing Beauty Pond","layer":"nhd_lakes","waterbody_type":"Lake/Pond","area_acres":12.32,"elevation":null,"fcode":39004}},{"type":"Feature","geometry":{"type":"LineString","coordinates":[[-147.3507,64.6559],[-147.3549,64.6579]]},"properties":{"name":"Unnamed Stream","layer":"nhd_perennial_streams","stream_type":"Perennial Stream","length_miles":null,"flow_direction":"","reach_code":""}},{"type":"Feature","geometry":{"type":"LineString","coordinates":[[-147.573,64.4881],[-147.5719,64.4904],[-147.5761,64.4932],[-147.5719,64.4975],[-147.576,64.4969],[-147.5793,64.503],[-147.586,64.5055],[-147.5834,64.5096],[-147.5861,64.5114],[-147.5822,64.5124],[-147.5904,64.5154],[-147.5918,64.5206]]},"properties":{"name":"Unnamed Stream","layer":"nhd_perennial_streams","stream_type":"Perennial Stream","length_miles":null,"flow_direction":"","reach_code":""}},{"type":"Feature","geometry":{"type":"LineString","coordinates":[[-147.3792,64.7491],[-147.3815,64.7484]]},"properties":{"name":"Unnamed Stream","layer":"nhd_perennial_streams","stream_type":"Perennial Stream","length_miles":null,"flow_direction":"","reach_code":""}},{"type":"Feature","geometry":{"type":"LineString","coordinates":[[-147.1563,64.7036],[-147.1757,64.7065],[-147.1767,64.7112]]},"properties":{"name":"Unnamed Stream","layer":"nhd_perennial_streams","stream_type":"Perennial Stream","length_miles":null,"flow_direction":"","reach_code":""}},{"type":"Feature","geometry":{"type":"LineString","coordinates":[[-147.1537,64.5558],[-147.168,64.5661]]},"properties":{"name":"Unnamed Stream","layer":"nhd_perennial_streams","stream_type":"Perennial Stream","length_miles":null,"flow_direction":"","reach_code":""}},{"type":"Feature","geometry":{"type":"LineString","coordinates":[[-147.0808,64.6028],[-147.0741,64.6062]]},"properties":{"name":"Unnamed Stream","layer":"nhd_perennial_streams","stream_type":"Perennial Stream","length_miles":null,"flow_direction":"","reach_code":""}},{"type":"Feature","geometry":{"type":"LineString","coordinates":[[-147.6483,64.5353],[-147.658,64.5431],[-147.6547,64.545],[-147.662,64.5526]]},"properties":{"name":"Unnamed Stream","layer":"nhd_perennial_streams","stream_type":"Perennial Stream","length_miles":null,"flow_direction":"","reach_code":""}},{"type":"Feature","geometry":{"type":"LineString","coordinates":[[-147.2015,64.6556],[-147.1936,64.6629]]},"properties":{"name":"Unnamed Stream","layer":"nhd_perennial_streams","stream_type":"Perennial Stream","length_miles":null,"flow_direction":"","reach_code":""}},{"type":"Feature","geometry":{"type":"LineString","coordinates":[[-147.3021,64.4857],[-147.3247,64.4856],[-147.3351,64.4978],[-147.3462,64.4993]]},"properties":{"name":"Unnamed Stream","layer":"nhd_perennial_streams","stream_type":"Perennial Stream","length_miles":null,"flow_direction":"","reach_code":""}},{"type":"Feature","geometry":{"type":"LineString","coordinates":[[-147.2429,64.6883],[-147.2567,64.6944]]},"properties":{"name":"Unnamed Stream","layer":"nhd_perennial_streams","stream_type":"Perennial Stream","length_miles":null,"flow_direction":"","reach_code":""}},{"type":"Feature","geometry":{"type":"LineString","coordinates":[[-147.414,64.7362],[-147.4141,64.7352]]},"properties":{"name":"Unnamed Stream","layer":"nhd_perennial_streams","stream_type":"Perennial Stream","length_miles":null,"flow_direction":"","reach_code":""}},{"type":"Feature","geometry":{"type":"LineString","coordinates":[[-147.131,64.5934],[-147.1323,64.5944]]},"properties":{"name":"Unnamed Stream","layer":"nhd_perennial_streams","stream_type":"Perennial Stream","length_miles":null,"flow_direction":"","reach_code":""}},{"type":"Feature","geometry":{"type":"LineString","coordinates":[[-147.1767,64.7112],[-147.1914,64.7093]]},"properties":{"name":"Unnamed Stream","layer":"nhd_perennial_streams","stream_type":"Perennial Stream","length_miles":null,"flow_direction":"","reach_code":""}},{"type":"Feature","geometry":{"type":"LineString","coordinates":[[-147.6246,64.5406],[-147.6656,64.562]]},"properties":{"name":"Unnamed Stream","layer":"nhd_perennial_streams","stream_type":"Perennial Stream","length_miles":null,"flow_direction":"","reach_code":""}},{"type":"Feature","geometry":{"type":"LineString","coordinates":[[-147.7091,64.6275],[-147.7284,64.6296]]},"properties":{"name":"Unnamed Stream","layer":"nhd_perennial_streams","stream_type":"Perennial Stream","length_miles":null,"flow_direction":"","reach_code":""}},{"type":"Feature","geometry":{"type":"LineString","coordinates":[[-147.3852,64.5],[-147.3891,64.5015],[-147.3902,64.5082],[-147.3968,64.5117],[-147.395,64.5147],[-147.4027,64.5277]]},"properties":{"name":"Unnamed Stream","layer":"nhd_perennial_streams","stream_type":"Perennial Stream","length_miles":null,"flow_direction":"","reach_code":""}},{"type":"Feature","geometry":{"type":"LineString","coordinates":[[-147.2238,64.6609],[-147.2326,64.6622]]},"properties":{"name":"Unnamed Stream","layer":"nhd_perennial_streams","stream_type":"Perennial Stream","length_miles":null,"flow_direction":"","reach_code":""}},{"type":"Feature","geometry":{"type":"LineString","coordinates":[[-147.2628,64.5337],[-147.2736,64.5355],[-147.2711,64.542],[-147.2917,64.5535],[-147.2944,64.5644],[-147.3372,64.5754],[-147.3428,64.5811],[-147.3432,64.586],[-147.3521,64.5874]]},"properties":{"name":"Unnamed Stream","layer":"nhd_perennial_streams","stream_type":"Perennial Stream","length_miles":null,"flow_direction":"","reach_code":""}},{"type":"Feature","geometry":{"type":"LineString","coordinates":[[-147.1477,64.5729],[-147.1445,64.5772]]},"properties":{"name":"Unnamed Stream","layer":"nhd_perennial_streams","stream_type":"Perennial Stream","length_miles":null,"flow_direction":"","reach_code":""}},{"type":"Feature","geometry":{"type":"LineString","coordinates":[[-147.313,64.6686],[-147.3198,64.6694]]},"properties":{"name":"Unnamed Stream","layer":"nhd_perennial_streams","stream_type":"Perennial Stream","length_miles":null,"flow_direction":"","reach_code":""}},{"type":"Feature","geometry":{"type":"LineString","coordinates":[[-147.1464,64.6524],[-147.1483,64.654]]},"properties":{"name":"Unnamed Stream","layer":"nhd_perennial_streams","stream_type":"Perennial Stream","length_miles":null,"flow_direction":"","reach_code":""}},{"type":"Feature","geometry":{"type":"LineString","coordinates":[[-147.3507,64.6563],[-147.3549,64.6579]]},"properties":{"name":"Unnamed Stream","layer":"nhd_perennial_streams","stream_type":"Perennial Stream","length_miles":null,"flow_direction":"","reach_code":""}},{"type":"Feature","geometry":{"type":"LineString","coordinates":[[-147.3208,64.7382],[-147.3435,64.7416],[-147.3602,64.753]]},"properties":{"name":"Unnamed Stream","layer":"nhd_perennial_streams","stream_type":"Perennial Stream","length_miles":null,"flow_direction":"","reach_code":""}},{"type":"Feature","geometry":{"type":"LineString","coordinates":[[-147.2568,64.6943],[-147.2567,64.6944]]},"properties":{"name":"Unnamed Stream","layer":"nhd_perennial_streams","stream_type":"Perennial Stream","length_miles":null,"flow_direction":"","reach_code":""}},{"type":"Feature","geometry":{"type":"LineString","coordinates":[[-147.1852,64.6943],[-147.1925,64.6984]]},"properties":{"name":"Unnamed Stream","layer":"nhd_perennial_streams","stream_type":"Perennial Stream","length_miles":null,"flow_direction":"","reach_code":""}},{"type":"Feature","geometry":{"type":"LineString","coordinates":[[-147.0804,64.589],[-147.0941,64.5935]]},"properties":{"name":"Unnamed Stream","layer":"nhd_perennial_streams","stream_type":"Perennial Stream","length_miles":null,"flow_direction":"","reach_code":""}},{"type":"Feature","geometry":{"type":"LineString","coordinates":[[-147.222,64.665],[-147.2401,64.6687]]},"properties":{"name":"Unnamed Stream","layer":"nhd_perennial_streams","stream_type":"Perennial Stream","length_miles":null,"flow_direction":"","reach_code":""}},{"type":"Feature","geometry":{"type":"LineString","coordinates":[[-147.2962,64.734],[-147.3091,64.734]]},"properties":{"name":"Unnamed Stream","layer":"nhd_perennial_streams","stream_type":"Perennial Stream","length_miles":null,"flow_direction":"","reach_code":""}},{"type":"Feature","geometry":{"type":"LineString","coordinates":[[-147.158,64.5647],[-147.1672,64.5671]]},"properties":{"name":"Unnamed Stream","layer":"nhd_perennial_streams","stream_type":"Perennial Stream","length_miles":null,"flow_direction":"","reach_code":""}},{"type":"Feature","geometry":{"type":"LineString","coordinates":[[-147.2519,64.7102],[-147.2553,64.7133],[-147.2692,64.7135],[-147.2873,64.707]]},"properties":{"name":"Unnamed Stream","layer":"nhd_perennial_streams","stream_type":"Perennial Stream","length_miles":null,"flow_direction":"","reach_code":""}},{"type":"Feature","geometry":{"type":"LineString","coordinates":[[-147.0867,64.5795],[-147.0829,64.5804]]},"properties":{"name":"Unnamed Stream","layer":"nhd_perennial_streams","stream_type":"Perennial Stream","length_miles":null,"flow_direction":"","reach_code":""}},{"type":"Feature","geometry":{"type":"LineString","coordinates":[[-147.1695,64.6901],[-147.1743,64.6908],[-147.1777,64.6958],[-147.1868,64.6972]]},"properties":{"name":"Unnamed Stream","layer":"nhd_perennial_streams","stream_type":"Perennial Stream","length_miles":null,"flow_direction":"","reach_code":""}},{"type":"Feature","geometry":{"type":"LineString","coordinates":[[-147.1793,64.6528],[-147.1846,64.6606],[-147.1936,64.6629]]},"properties":{"name":"Unnamed Stream","layer":"nhd_perennial_streams","stream_type":"Perennial Stream","length_miles":null,"flow_direction":"","reach_code":""}},{"type":"Feature","geometry":{"type":"LineString","coordinates":[[-147.2787,64.5926],[-147.2783,64.5928]]},"properties":{"name":"Unnamed Stream","layer":"nhd_perennial_streams","stream_type":"Perennial Stream","length_miles":null,"flow_direction":"","reach_code":""}},{"type":"Feature","geometry":{"type":"LineString","coordinates":[[-147.5784,64.7038],[-147.5923,64.7036]]},"properties":{"name":"Unnamed Stream","layer":"nhd_perennial_streams","stream_type":"Perennial Stream","length_miles":null,"flow_direction":"","reach_code":""}},{"type":"Feature","geometry":{"type":"LineString","coordinates":[[-147.2735,64.724],[-147.2924,64.7242]]},"properties":{"name":"Unnamed Stream","layer":"nhd_perennial_streams","stream_type":"Perennial Stream","length_miles":null,"flow_direction":"","reach_code":""}},{"type":"Feature","geometry":{"type":"LineString","coordinates":[[-147.1493,64.5592],[-147.156,64.5609]]},"properties":{"name":"Unnamed Stream","layer":"nhd_perennial_streams","stream_type":"Perennial Stream","length_miles":null,"flow_direction":"","reach_code":""}},{"type":"Feature","geometry":{"type":"LineString","coordinates":[[-147.1301,64.6496],[-147.1274,64.6508],[-147.1328,64.6549],[-147.1301,64.6596],[-147.136,64.6643],[-147.1323,64.6654],[-147.1373,64.6666]]},"properties":{"name":"Unnamed Stream","layer":"nhd_perennial_streams","stream_type":"Perennial Stream","length_miles":null,"flow_direction":"","reach_code":""}},{"type":"Feature","geometry":{"type":"LineString","coordinates":[[-147.268,64.6533],[-147.2846,64.6574]]},"properties":{"name":"Unnamed Stream","layer":"nhd_perennial_streams","stream_type":"Perennial Stream","length_miles":null,"flow_direction":"","reach_code":""}},{"type":"Feature","geometry":{"type":"LineString","coordinates":[[-147.2966,64.6722],[-147.3089,64.6781],[-147.3051,64.6798],[-147.3239,64.6882],[-147.3354,64.6877],[-147.338,64.6887],[-147.3364,64.6912],[-147.3415,64.6918],[-147.3475,64.6893]]},"properties":{"name":"Unnamed Stream","layer":"nhd_perennial_streams","stream_type":"Perennial Stream","length_miles":null,"flow_direction":"","reach_code":""}},{"type":"Feature","geometry":{"type":"LineString","coordinates":[[-147.5863,64.5192],[-147.5918,64.5206]]},"properties":{"name":"Unnamed Stream","layer":"nhd_perennial_streams","stream_type":"Perennial Stream","length_miles":null,"flow_direction":"","reach_code":""}},{"type":"Feature","geometry":{"type":"LineString","coordinates":[[-147.5557,64.7267],[-147.5679,64.7329]]},"properties":{"name":"Unnamed Stream","layer":"nhd_perennial_streams","stream_type":"Perennial Stream","length_miles":null,"flow_direction":"","reach_code":""}},{"type":"Feature","geometry":{"type":"LineString","coordinates":[[-147.1268,64.5544],[-147.132,64.5507],[-147.1481,64.5511]]},"properties":{"name":"Unnamed Stream","layer":"nhd_perennial_streams","stream_type":"Perennial Stream","length_miles":null,"flow_direction":"","reach_code":""}},{"type":"Feature","geometry":{"type":"LineString","coordinates":[[-147.4184,64.7302],[-147.4224,64.7317]]},"properties":{"name":"Unnamed Stream","layer":"nhd_perennial_streams","stream_type":"Perennial Stream","length_miles":null,"flow_direction":"","reach_code":""}},{"type":"Feature","geometry":{"type":"LineString","coordinates":[[-147.5583,64.525],[-147.5662,64.529],[-147.5654,64.5354],[-147.5679,64.5368],[-147.598,64.5361],[-147.6056,64.54]]},"properties":{"name":"Unnamed Stream","layer":"nhd_perennial_streams","stream_type":"Perennial Stream","length_miles":null,"flow_direction":"","reach_code":""}},{"type":"Feature","geometry":{"type":"LineString","coordinates":[[-147.287,64.5741],[-147.2795,64.5679],[-147.2875,64.5616],[-147.2876,64.5565],[-147.266,64.5432]]},"properties":{"name":"Unnamed Stream","layer":"nhd_perennial_streams","stream_type":"Perennial Stream","length_miles":null,"flow_direction":"","reach_code":""}},{"type":"Feature","geometry":{"type":"LineString","coordinates":[[-147.2726,64.722],[-147.2924,64.7242]]},"properties":{"name":"Unnamed Stream","layer":"nhd_perennial_streams","stream_type":"Perennial Stream","length_miles":null,"flow_direction":"","reach_code":""}},{"type":"Feature","geometry":{"type":"LineString","coordinates":[[-147.2321,64.7188],[-147.244,64.7165]]},"properties":{"name":"Unnamed Stream","layer":"nhd_perennial_streams","stream_type":"Perennial Stream","length_miles":null,"flow_direction":"","reach_code":""}},{"type":"Feature","geometry":{"type":"LineString","coordinates":[[-147.266,64.5432],[-147.2695,64.5417],[-147.2636,64.5396],[-147.2628,64.5337]]},"properties":{"name":"Unnamed Stream","layer":"nhd_perennial_streams","stream_type":"Perennial Stream","length_miles":null,"flow_direction":"","reach_code":""}},{"type":"Feature","geometry":{"type":"LineString","coordinates":[[-147.2514,64.5781],[-147.2558,64.5823]]},"properties":{"name":"Unnamed Stream","layer":"nhd_perennial_streams","stream_type":"Perennial Stream","length_miles":null,"flow_direction":"","reach_code":""}},{"type":"Feature","geometry":{"type":"LineString","coordinates":[[-147.2269,64.7181],[-147.2321,64.7188]]},"properties":{"name":"Unnamed Stream","layer":"nhd_perennial_streams","stream_type":"Perennial Stream","length_miles":null,"flow_direction":"","reach_code":""}},{"type":"Feature","geometry":{"type":"LineString","coordinates":[[-147.1445,64.5772],[-147.1507,64.5805]]},"properties":{"name":"Unnamed Stream","layer":"nhd_perennial_streams","stream_type":"Perennial Stream","length_miles":null,"flow_direction":"","reach_code":""}},{"type":"Feature","geometry":{"type":"LineString","coordinates":[[-147.1856,64.6248],[-147.1871,64.6289],[-147.1803,64.6325],[-147.1855,64.6399]]},"properties":{"name":"Unnamed Stream","layer":"nhd_perennial_streams","stream_type":"Perennial Stream","length_miles":null,"flow_direction":"","reach_code":""}},{"type":"Feature","geometry":{"type":"LineString","coordinates":[[-147.159,64.6588],[-147.1512,64.6533]]},"properties":{"name":"Unnamed Stream","layer":"nhd_perennial_streams","stream_type":"Perennial Stream","length_miles":null,"flow_direction":"","reach_code":""}},{"type":"Feature","geometry":{"type":"LineString","coordinates":[[-147.2466,64.6764],[-147.2563,64.6797],[-147.2571,64.6863],[-147.2617,64.689],[-147.2622,64.6918],[-147.2568,64.6943]]},"properties":{"name":"Unnamed Stream","layer":"nhd_perennial_streams","stream_type":"Perennial Stream","length_miles":null,"flow_direction":"","reach_code":""}},{"type":"Feature","geometry":{"type":"LineString","coordinates":[[-147.1025,64.6266],[-147.104,64.6299],[-147.1005,64.6355]]},"properties":{"name":"Unnamed Stream","layer":"nhd_perennial_streams","stream_type":"Perennial Stream","length_miles":null,"flow_direction":"","reach_code":""}},{"type":"Feature","geometry":{"type":"LineString","coordinates":[[-147.2212,64.6722],[-147.2401,64.6717],[-147.245,64.6753]]},"properties":{"name":"Unnamed Stream","layer":"nhd_perennial_streams","stream_type":"Perennial Stream","length_miles":null,"flow_direction":"","reach_code":""}},{"type":"Feature","geometry":{"type":"LineString","coordinates":[[-147.3178,64.4713],[-147.3327,64.4802],[-147.3522,64.485]]},"properties":{"name":"Unnamed Stream","layer":"nhd_perennial_streams","stream_type":"Perennial Stream","length_miles":null,"flow_direction":"","reach_code":""}},{"type":"Feature","geometry":{"type":"LineString","coordinates":[[-147.1508,64.671],[-147.1505,64.6711]]},"properties":{"name":"Unnamed Stream","layer":"nhd_perennial_streams","stream_type":"Perennial Stream","length_miles":null,"flow_direction":"","reach_code":""}},{"type":"Feature","geometry":{"type":"LineString","coordinates":[[-147.3446,64.6537],[-147.3468,64.6534]]},"properties":{"name":"Unnamed Stream","layer":"nhd_perennial_streams","stream_type":"Perennial Stream","length_miles":null,"flow_direction":"","reach_code":""}},{"type":"Feature","geometry":{"type":"LineString","coordinates":[[-147.1365,64.5949],[-147.1403,64.5949]]},"properties":{"name":"Unnamed Stream","layer":"nhd_perennial_streams","stream_type":"Perennial Stream","length_miles":null,"flow_direction":"","reach_code":""}},{"type":"Feature","geometry":{"type":"LineString","coordinates":[[-147.2556,64.5029],[-147.2571,64.506],[-147.2676,64.5079],[-147.2787,64.5192],[-147.2854,64.519]]},"properties":{"name":"Unnamed Stream","layer":"nhd_perennial_streams","stream_type":"Perennial Stream","length_miles":null,"flow_direction":"","reach_code":""}},{"type":"Feature","geometry":{"type":"LineString","coordinates":[[-147.2324,64.7047],[-147.2388,64.7038],[-147.2403,64.7068],[-147.25,64.7043],[-147.2523,64.7072]]},"properties":{"name":"Unnamed Stream","layer":"nhd_perennial_streams","stream_type":"Perennial Stream","length_miles":null,"flow_direction":"","reach_code":""}},{"type":"Feature","geometry":{"type":"LineString","coordinates":[[-147.0914,64.6339],[-147.1005,64.6355]]},"properties":{"name":"Unnamed Stream","layer":"nhd_perennial_streams","stream_type":"Perennial Stream","length_miles":null,"flow_direction":"","reach_code":""}},{"type":"Feature","geometry":{"type":"LineString","coordinates":[[-147.1752,64.5827],[-147.1697,64.5864],[-147.1706,64.5886],[-147.1806,64.5914],[-147.178,64.5939],[-147.1864,64.5988],[-147.1846,64.6016]]},"properties":{"name":"Unnamed Stream","layer":"nhd_perennial_streams","stream_type":"Perennial Stream","length_miles":null,"flow_direction":"","reach_code":""}},{"type":"Feature","geometry":{"type":"LineString","coordinates":[[-147.245,64.6753],[-147.2477,64.6758]]},"properties":{"name":"Unnamed Stream","layer":"nhd_perennial_streams","stream_type":"Perennial Stream","length_miles":null,"flow_direction":"","reach_code":""}},{"type":"Feature","geometry":{"type":"LineString","coordinates":[[-147.3549,64.6579],[-147.3668,64.6642],[-147.3736,64.6717],[-147.3707,64.675]]},"properties":{"name":"Unnamed Stream","layer":"nhd_perennial_streams","stream_type":"Perennial Stream","length_miles":null,"flow_direction":"","reach_code":""}},{"type":"Feature","geometry":{"type":"LineString","coordinates":[[-147.1331,64.5336],[-147.147,64.5363],[-147.1465,64.5404],[-147.15,64.5437],[-147.1599,64.5475],[-147.1767,64.5501]]},"properties":{"name":"Unnamed Stream","layer":"nhd_perennial_streams","stream_type":"Perennial Stream","length_miles":null,"flow_direction":"","reach_code":""}},{"type":"Feature","geometry":{"type":"LineString","coordinates":[[-147.0906,64.5777],[-147.0973,64.5845],[-147.0953,64.5877]]},"properties":{"name":"Unnamed Stream","layer":"nhd_perennial_streams","stream_type":"Perennial Stream","length_miles":null,"flow_direction":"","reach_code":""}},{"type":"Feature","geometry":{"type":"LineString","coordinates":[[-147.1085,64.6375],[-147.1285,64.6446],[-147.1265,64.6476],[-147.1301,64.6496]]},"properties":{"name":"Unnamed Stream","layer":"nhd_perennial_streams","stream_type":"Perennial Stream","length_miles":null,"flow_direction":"","reach_code":""}},{"type":"Feature","geometry":{"type":"LineString","coordinates":[[-147.3707,64.675],[-147.3843,64.6828]]},"properties":{"name":"Unnamed Stream","layer":"nhd_perennial_streams","stream_type":"Perennial Stream","length_miles":null,"flow_direction":"","reach_code":""}},{"type":"Feature","geometry":{"type":"LineString","coordinates":[[-147.2558,64.5823],[-147.2525,64.5841]]},"properties":{"name":"Unnamed Stream","layer":"nhd_perennial_streams","stream_type":"Perennial Stream","length_miles":null,"flow_direction":"","reach_code":""}},{"type":"Feature","geometry":{"type":"LineString","coordinates":[[-147.0932,64.6371],[-147.1014,64.6381]]},"properties":{"name":"Unnamed Stream","layer":"nhd_perennial_streams","stream_type":"Perennial Stream","length_miles":null,"flow_direction":"","reach_code":""}},{"type":"Feature","geometry":{"type":"LineString","coordinates":[[-147.5181,64.475],[-147.5216,64.479],[-147.5207,64.4879]]},"properties":{"name":"Unnamed Stream","layer":"nhd_perennial_streams","stream_type":"Perennial Stream","length_miles":null,"flow_direction":"","reach_code":""}},{"type":"Feature","geometry":{"type":"LineString","coordinates":[[-147.3521,64.5874],[-147.3608,64.5885],[-147.3648,64.5952],[-147.3984,64.6044],[-147.3974,64.6093],[-147.4197,64.6126],[-147.423,64.6165],[-147.4334,64.6181]]},"properties":{"name":"Unnamed Stream","layer":"nhd_perennial_streams","stream_type":"Perennial Stream","length_miles":null,"flow_direction":"","reach_code":""}},{"type":"Feature","geometry":{"type":"LineString","coordinates":[[-147.0961,64.5931],[-147.0992,64.6006],[-147.1053,64.6029],[-147.0878,64.6081]]},"properties":{"name":"Unnamed Stream","layer":"nhd_perennial_streams","stream_type":"Perennial Stream","length_miles":null,"flow_direction":"","reach_code":""}},{"type":"Feature","geometry":{"type":"LineString","coordinates":[[-147.0812,64.6157],[-147.0792,64.6182],[-147.0907,64.6208],[-147.0865,64.6245]]},"properties":{"name":"Unnamed Stream","layer":"nhd_perennial_streams","stream_type":"Perennial Stream","length_miles":null,"flow_direction":"","reach_code":""}},{"type":"Feature","geometry":{"type":"LineString","coordinates":[[-147.4314,64.7342],[-147.4341,64.7354]]},"properties":{"name":"Unnamed Stream","layer":"nhd_perennial_streams","stream_type":"Perennial Stream","length_miles":null,"flow_direction":"","reach_code":""}},{"type":"Feature","geometry":{"type":"LineString","coordinates":[[-147.6701,64.5635],[-147.6731,64.5643],[-147.669,64.5653],[-147.6732,64.5693],[-147.7118,64.5808],[-147.7157,64.586],[-147.7359,64.5882],[-147.7349,64.5924],[-147.7287,64.5937],[-147.74,64.5988],[-147.7309,64.6002],[-147.7266,64.6045],[-147.7579,64.6266],[-147.7577,64.6421]]},"properties":{"name":"Unnamed Stream","layer":"nhd_perennial_streams","stream_type":"Perennial Stream","length_miles":null,"flow_direction":"","reach_code":""}},{"type":"Feature","geometry":{"type":"LineString","coordinates":[[-147.1783,64.5441],[-147.1767,64.5501]]},"properties":{"name":"Unnamed Stream","layer":"nhd_perennial_streams","stream_type":"Perennial Stream","length_miles":null,"flow_direction":"","reach_code":""}},{"type":"Feature","geometry":{"type":"LineString","coordinates":[[-147.2416,64.688],[-147.2429,64.6883]]},"properties":{"name":"Unnamed Stream","layer":"nhd_perennial_streams","stream_type":"Perennial Stream","length_miles":null,"flow_direction":"","reach_code":""}},{"type":"Feature","geometry":{"type":"LineString","coordinates":[[-147.1323,64.5944],[-147.1447,64.5975]]},"properties":{"name":"Unnamed Stream","layer":"nhd_perennial_streams","stream_type":"Perennial Stream","length_miles":null,"flow_direction":"","reach_code":""}},{"type":"Feature","geometry":{"type":"LineString","coordinates":[[-147.1005,64.6355],[-147.1014,64.6381]]},"properties":{"name":"Unnamed Stream","layer":"nhd_perennial_streams","stream_type":"Perennial Stream","length_miles":null,"flow_direction":"","reach_code":""}},{"type":"Feature","geometry":{"type":"LineString","coordinates":[[-147.5923,64.7036],[-147.5988,64.7037]]},"properties":{"name":"Unnamed Stream","layer":"nhd_perennial_streams","stream_type":"Perennial Stream","length_miles":null,"flow_direction":"","reach_code":""}},{"type":"Feature","geometry":{"type":"LineString","coordinates":[[-147.7018,64.6108],[-147.7308,64.6231],[-147.7284,64.6296]]},"properties":{"name":"Unnamed Stream","layer":"nhd_perennial_streams","stream_type":"Perennial Stream","length_miles":null,"flow_direction":"","reach_code":""}},{"type":"Feature","geometry":{"type":"LineString","coordinates":[[-147.0872,64.6332],[-147.0883,64.6372],[-147.0932,64.6371]]},"properties":{"name":"Unnamed Stream","layer":"nhd_perennial_streams","stream_type":"Perennial Stream","length_miles":null,"flow_direction":"","reach_code":""}},{"type":"Feature","geometry":{"type":"LineString","coordinates":[[-147.1286,64.5314],[-147.1243,64.5309],[-147.1279,64.5356]]},"properties":{"name":"Unnamed Stream","layer":"nhd_perennial_streams","stream_type":"Perennial Stream","length_miles":null,"flow_direction":"","reach_code":""}},{"type":"Feature","geometry":{"type":"LineString","coordinates":[[-147.3624,64.5],[-147.3779,64.5074]]},"properties":{"name":"Unnamed Stream","layer":"nhd_perennial_streams","stream_type":"Perennial Stream","length_miles":null,"flow_direction":"","reach_code":""}},{"type":"Feature","geometry":{"type":"LineString","coordinates":[[-147.1371,64.5451],[-147.142,64.5454]]},"properties":{"name":"Unnamed Stream","layer":"nhd_perennial_streams","stream_type":"Perennial Stream","length_miles":null,"flow_direction":"","reach_code":""}},{"type":"Feature","geometry":{"type":"LineString","coordinates":[[-147.467,64.6917],[-147.4678,64.6937]]},"properties":{"name":"Unnamed Stream","layer":"nhd_perennial_streams","stream_type":"Perennial Stream","length_miles":null,"flow_direction":"","reach_code":""}},{"type":"Feature","geometry":{"type":"LineString","coordinates":[[-147.2873,64.707],[-147.2949,64.7071]]},"properties":{"name":"Unnamed Stream","layer":"nhd_perennial_streams","stream_type":"Perennial Stream","length_miles":null,"flow_direction":"","reach_code":""}},{"type":"Feature","geometry":{"type":"LineString","coordinates":[[-147.3475,64.6893],[-147.3531,64.6935],[-147.3665,64.6914]]},"properties":{"name":"Unnamed Stream","layer":"nhd_perennial_streams","stream_type":"Perennial Stream","length_miles":null,"flow_direction":"","reach_code":""}},{"type":"Feature","geometry":{"type":"LineString","coordinates":[[-147.5514,64.5893],[-147.6072,64.6055]]},"properties":{"name":"Unnamed Stream","layer":"nhd_perennial_streams","stream_type":"Perennial Stream","length_miles":null,"flow_direction":"","reach_code":""}},{"type":"Feature","geometry":{"type":"LineString","coordinates":[[-147.1826,64.5002],[-147.1855,64.5025],[-147.1838,64.5105],[-147.1871,64.5127]]},"properties":{"name":"Unnamed Stream","layer":"nhd_perennial_streams","stream_type":"Perennial Stream","length_miles":null,"flow_direction":"","reach_code":""}},{"type":"Feature","geometry":{"type":"LineString","coordinates":[[-147.5631,64.6732],[-147.5732,64.6795],[-147.5741,64.6853],[-147.5828,64.6893]]},"properties":{"name":"Unnamed Stream","layer":"nhd_perennial_streams","stream_type":"Perennial Stream","length_miles":null,"flow_direction":"","reach_code":""}},{"type":"Feature","geometry":{"type":"LineString","coordinates":[[-147.5918,64.5206],[-147.5968,64.5243],[-147.5942,64.5261],[-147.6013,64.5267],[-147.5967,64.5283],[-147.6021,64.5311],[-147.598,64.534],[-147.6084,64.5391],[-147.6056,64.54]]},"properties":{"name":"Unnamed Stream","layer":"nhd_perennial_streams","stream_type":"Perennial Stream","length_miles":null,"flow_direction":"","reach_code":""}},{"type":"Feature","geometry":{"type":"LineString","coordinates":[[-147.1994,64.6324],[-147.1974,64.6375],[-147.2028,64.6445],[-147.1962,64.6486],[-147.2015,64.6513]]},"properties":{"name":"Unnamed Stream","layer":"nhd_perennial_streams","stream_type":"Perennial Stream","length_miles":null,"flow_direction":"","reach_code":""}},{"type":"Feature","geometry":{"type":"LineString","coordinates":[[-147.0957,64.5881],[-147.1033,64.5946]]},"properties":{"name":"Unnamed Stream","layer":"nhd_perennial_streams","stream_type":"Perennial Stream","length_miles":null,"flow_direction":"","reach_code":""}},{"type":"Feature","geometry":{"type":"LineString","coordinates":[[-147.0829,64.5804],[-147.0953,64.5877]]},"properties":{"name":"Unnamed Stream","layer":"nhd_perennial_streams","stream_type":"Perennial Stream","length_miles":null,"flow_direction":"","reach_code":""}},{"type":"Feature","geometry":{"type":"LineString","coordinates":[[-147.1868,64.6972],[-147.1925,64.6984]]},"properties":{"name":"Unnamed Stream","layer":"nhd_perennial_streams","stream_type":"Perennial Stream","length_miles":null,"flow_direction":"","reach_code":""}},{"type":"Feature","geometry":{"type":"LineString","coordinates":[[-147.1118,64.5472],[-147.1099,64.5532],[-147.1154,64.5562]]},"properties":{"name":"Unnamed Stream","layer":"nhd_perennial_streams","stream_type":"Perennial Stream","length_miles":null,"flow_direction":"","reach_code":""}},{"type":"Feature","geometry":{"type":"LineString","coordinates":[[-147.1817,64.6402],[-147.183,64.6414]]},"properties":{"name":"Unnamed Stream","layer":"nhd_perennial_streams","stream_type":"Perennial Stream","length_miles":null,"flow_direction":"","reach_code":""}},{"type":"Feature","geometry":{"type":"LineString","coordinates":[[-147.0961,64.5931],[-147.0941,64.5935]]},"properties":{"name":"Unnamed Stream","layer":"nhd_perennial_streams","stream_type":"Perennial Stream","length_miles":null,"flow_direction":"","reach_code":""}},{"type":"Feature","geometry":{"type":"LineString","coordinates":[[-147.1763,64.5782],[-147.1752,64.5827]]},"properties":{"name":"Unnamed Stream","layer":"nhd_perennial_streams","stream_type":"Perennial Stream","length_miles":null,"flow_direction":"","reach_code":""}},{"type":"Feature","geometry":{"type":"LineString","coordinates":[[-147.5696,64.6304],[-147.5875,64.6355],[-147.5885,64.6423],[-147.6,64.6465]]},"properties":{"name":"Unnamed Stream","layer":"nhd_perennial_streams","stream_type":"Perennial Stream","length_miles":null,"flow_direction":"","reach_code":""}},{"type":"Feature","geometry":{"type":"LineString","coordinates":[[-147.3606,64.6565],[-147.3688,64.661]]},"properties":{"name":"Unnamed Stream","layer":"nhd_perennial_streams","stream_type":"Perennial Stream","length_miles":null,"flow_direction":"","reach_code":""}},{"type":"Feature","geometry":{"type":"LineString","coordinates":[[-147.3809,64.4573],[-147.3851,64.4622],[-147.3959,64.4664],[-147.4169,64.4705]]},"properties":{"name":"Unnamed Stream","layer":"nhd_perennial_streams","stream_type":"Perennial Stream","length_miles":null,"flow_direction":"","reach_code":""}},{"type":"Feature","geometry":{"type":"LineString","coordinates":[[-147.1642,64.6264],[-147.1622,64.63],[-147.1674,64.6329]]},"properties":{"name":"Unnamed Stream","layer":"nhd_perennial_streams","stream_type":"Perennial Stream","length_miles":null,"flow_direction":"","reach_code":""}},{"type":"Feature","geometry":{"type":"LineString","coordinates":[[-147.1014,64.6381],[-147.1043,64.6414],[-147.0968,64.6438]]},"properties":{"name":"Unnamed Stream","layer":"nhd_perennial_streams","stream_type":"Perennial Stream","length_miles":null,"flow_direction":"","reach_code":""}},{"type":"Feature","geometry":{"type":"LineString","coordinates":[[-147.2286,64.7206],[-147.2321,64.7188]]},"properties":{"name":"Unnamed Stream","layer":"nhd_perennial_streams","stream_type":"Perennial Stream","length_miles":null,"flow_direction":"","reach_code":""}},{"type":"Feature","geometry":{"type":"LineString","coordinates":[[-147.1674,64.6329],[-147.1657,64.6378],[-147.1817,64.6402]]},"properties":{"name":"Unnamed Stream","layer":"nhd_perennial_streams","stream_type":"Perennial Stream","length_miles":null,"flow_direction":"","reach_code":""}},{"type":"Feature","geometry":{"type":"LineString","coordinates":[[-147.2434,64.6876],[-147.2429,64.6883]]},"properties":{"name":"Unnamed Stream","layer":"nhd_perennial_streams","stream_type":"Perennial Stream","length_miles":null,"flow_direction":"","reach_code":""}},{"type":"Feature","geometry":{"type":"LineString","coordinates":[[-147.5478,64.7015],[-147.5784,64.7038]]},"properties":{"name":"Unnamed Stream","layer":"nhd_perennial_streams","stream_type":"Perennial Stream","length_miles":null,"flow_direction":"","reach_code":""}},{"type":"Feature","geometry":{"type":"LineString","coordinates":[[-147.3566,64.7296],[-147.3591,64.729]]},"properties":{"name":"Unnamed Stream","layer":"nhd_perennial_streams","stream_type":"Perennial Stream","length_miles":null,"flow_direction":"","reach_code":""}},{"type":"Feature","geometry":{"type":"LineString","coordinates":[[-147.4334,64.6181],[-147.4327,64.6185]]},"properties":{"name":"Unnamed Stream","layer":"nhd_perennial_streams","stream_type":"Perennial Stream","length_miles":null,"flow_direction":"","reach_code":""}},{"type":"Feature","geometry":{"type":"LineString","coordinates":[[-147.3178,64.4713],[-147.3152,64.472],[-147.3192,64.4782]]},"properties":{"name":"Unnamed Stream","layer":"nhd_perennial_streams","stream_type":"Perennial Stream","length_miles":null,"flow_direction":"","reach_code":""}},{"type":"Feature","geometry":{"type":"LineString","coordinates":[[-147.3682,64.6475],[-147.3737,64.6484]]},"properties":{"name":"Unnamed Stream","layer":"nhd_perennial_streams","stream_type":"Perennial Stream","length_miles":null,"flow_direction":"","reach_code":""}},{"type":"Feature","geometry":{"type":"LineString","coordinates":[[-147.3281,64.452],[-147.3264,64.457],[-147.3465,64.4723],[-147.3739,64.4771],[-147.4018,64.4901],[-147.4463,64.4965],[-147.4774,64.507],[-147.5003,64.5045],[-147.5776,64.5205],[-147.5863,64.5192]]},"properties":{"name":"Unnamed Stream","layer":"nhd_perennial_streams","stream_type":"Perennial Stream","length_miles":null,"flow_direction":"","reach_code":""}},{"type":"Feature","geometry":{"type":"LineString","coordinates":[[-147.3091,64.734],[-147.3109,64.7386],[-147.3208,64.7382]]},"properties":{"name":"Unnamed Stream","layer":"nhd_perennial_streams","stream_type":"Perennial Stream","length_miles":null,"flow_direction":"","reach_code":""}},{"type":"Feature","geometry":{"type":"LineString","coordinates":[[-147.1167,64.5611],[-147.1365,64.5713]]},"properties":{"name":"Unnamed Stream","layer":"nhd_perennial_streams","stream_type":"Perennial Stream","length_miles":null,"flow_direction":"","reach_code":""}},{"type":"Feature","geometry":{"type":"LineString","coordinates":[[-147.0957,64.5881],[-147.0961,64.5931]]},"properties":{"name":"Unnamed Stream","layer":"nhd_perennial_streams","stream_type":"Perennial Stream","length_miles":null,"flow_direction":"","reach_code":""}},{"type":"Feature","geometry":{"type":"LineString","coordinates":[[-147.5624,64.475],[-147.5627,64.4786],[-147.5662,64.4786],[-147.5631,64.4818],[-147.573,64.4881]]},"properties":{"name":"Unnamed Stream","layer":"nhd_perennial_streams","stream_type":"Perennial Stream","length_miles":null,"flow_direction":"","reach_code":""}},{"type":"Feature","geometry":{"type":"LineString","coordinates":[[-147.3468,64.6534],[-147.3606,64.6565]]},"properties":{"name":"Unnamed Stream","layer":"nhd_perennial_streams","stream_type":"Perennial Stream","length_miles":null,"flow_direction":"","reach_code":""}},{"type":"Feature","geometry":{"type":"LineString","coordinates":[[-147.7284,64.6296],[-147.7577,64.6421]]},"properties":{"name":"Unnamed Stream","layer":"nhd_perennial_streams","stream_type":"Perennial Stream","length_miles":null,"flow_direction":"","reach_code":""}},{"type":"Feature","geometry":{"type":"LineString","coordinates":[[-147.0968,64.6438],[-147.0962,64.6462],[-147.1066,64.6485],[-147.1069,64.653],[-147.1142,64.6547],[-147.1085,64.66],[-147.1186,64.6593]]},"properties":{"name":"Unnamed Stream","layer":"nhd_perennial_streams","stream_type":"Perennial Stream","length_miles":null,"flow_direction":"","reach_code":""}},{"type":"Feature","geometry":{"type":"LineString","coordinates":[[-147.1512,64.6533],[-147.1483,64.654]]},"properties":{"name":"Unnamed Stream","layer":"nhd_perennial_streams","stream_type":"Perennial Stream","length_miles":null,"flow_direction":"","reach_code":""}},{"type":"Feature","geometry":{"type":"LineString","coordinates":[[-147.4359,64.7178],[-147.4431,64.7206]]},"properties":{"name":"Unnamed Stream","layer":"nhd_perennial_streams","stream_type":"Perennial Stream","length_miles":null,"flow_direction":"","reach_code":""}},{"type":"Feature","geometry":{"type":"LineString","coordinates":[[-147.1611,64.5333],[-147.1648,64.5381],[-147.1764,64.5383],[-147.1783,64.5441]]},"properties":{"name":"Unnamed Stream","layer":"nhd_perennial_streams","stream_type":"Perennial Stream","length_miles":null,"flow_direction":"","reach_code":""}},{"type":"Feature","geometry":{"type":"LineString","coordinates":[[-147.2983,64.7223],[-147.3006,64.7232]]},"properties":{"name":"Unnamed Stream","layer":"nhd_perennial_streams","stream_type":"Perennial Stream","length_miles":null,"flow_direction":"","reach_code":""}},{"type":"Feature","geometry":{"type":"LineString","coordinates":[[-147.1473,64.6924],[-147.1415,64.699],[-147.1604,64.6983],[-147.1563,64.7036]]},"properties":{"name":"Unnamed Stream","layer":"nhd_perennial_streams","stream_type":"Perennial Stream","length_miles":null,"flow_direction":"","reach_code":""}},{"type":"Feature","geometry":{"type":"LineString","coordinates":[[-147.6673,64.5586],[-147.6701,64.5635]]},"properties":{"name":"Unnamed Stream","layer":"nhd_perennial_streams","stream_type":"Perennial Stream","length_miles":null,"flow_direction":"","reach_code":""}},{"type":"Feature","geometry":{"type":"LineString","coordinates":[[-147.1344,64.5944],[-147.1323,64.5944]]},"properties":{"name":"Unnamed Stream","layer":"nhd_perennial_streams","stream_type":"Perennial Stream","length_miles":null,"flow_direction":"","reach_code":""}},{"type":"Feature","geometry":{"type":"LineString","coordinates":[[-147.1935,64.669],[-147.1987,64.6685],[-147.2002,64.6706],[-147.1974,64.6712],[-147.2054,64.6741],[-147.1974,64.6765],[-147.202,64.6785],[-147.1988,64.682],[-147.2159,64.6856],[-147.2174,64.6876],[-147.2132,64.6907],[-147.2178,64.6941],[-147.2269,64.694],[-147.2269,64.6993],[-147.2327,64.7006],[-147.2302,64.7028],[-147.2324,64.7047]]},"properties":{"name":"Unnamed Stream","layer":"nhd_perennial_streams","stream_type":"Perennial Stream","length_miles":null,"flow_direction":"","reach_code":""}},{"type":"Feature","geometry":{"type":"LineString","coordinates":[[-147.0953,64.5877],[-147.0957,64.5881]]},"properties":{"name":"Unnamed Stream","layer":"nhd_perennial_streams","stream_type":"Perennial Stream","length_miles":null,"flow_direction":"","reach_code":""}},{"type":"Feature","geometry":{"type":"LineString","coordinates":[[-147.1771,64.6524],[-147.1793,64.6528]]},"properties":{"name":"Unnamed Stream","layer":"nhd_perennial_streams","stream_type":"Perennial Stream","length_miles":null,"flow_direction":"","reach_code":""}},{"type":"Feature","geometry":{"type":"LineString","coordinates":[[-147.4469,64.7469],[-147.4511,64.748]]},"properties":{"name":"Unnamed Stream","layer":"nhd_perennial_streams","stream_type":"Perennial Stream","length_miles":null,"flow_direction":"","reach_code":""}},{"type":"Feature","geometry":{"type":"LineString","coordinates":[[-147.2127,64.7222],[-147.2269,64.7181]]},"properties":{"name":"Unnamed Stream","layer":"nhd_perennial_streams","stream_type":"Perennial Stream","length_miles":null,"flow_direction":"","reach_code":""}},{"type":"Feature","geometry":{"type":"LineString","coordinates":[[-147.1514,64.5654],[-147.1667,64.5691]]},"properties":{"name":"Unnamed Stream","layer":"nhd_perennial_streams","stream_type":"Perennial Stream","length_miles":null,"flow_direction":"","reach_code":""}},{"type":"Feature","geometry":{"type":"LineString","coordinates":[[-147.1738,64.683],[-147.1826,64.688],[-147.2004,64.6886],[-147.2092,64.6927],[-147.1956,64.7002]]},"properties":{"name":"Unnamed Stream","layer":"nhd_perennial_streams","stream_type":"Perennial Stream","length_miles":null,"flow_direction":"","reach_code":""}},{"type":"Feature","geometry":{"type":"LineString","coordinates":[[-147.3493,64.7231],[-147.3585,64.7264]]},"properties":{"name":"Unnamed Stream","layer":"nhd_perennial_streams","stream_type":"Perennial Stream","length_miles":null,"flow_direction":"","reach_code":""}},{"type":"Feature","geometry":{"type":"LineString","coordinates":[[-147.3472,64.7256],[-147.3467,64.7278],[-147.3566,64.7296]]},"properties":{"name":"Unnamed Stream","layer":"nhd_perennial_streams","stream_type":"Perennial Stream","length_miles":null,"flow_direction":"","reach_code":""}},{"type":"Feature","geometry":{"type":"LineString","coordinates":[[-147.1308,64.538],[-147.1325,64.5401],[-147.1284,64.5433],[-147.1371,64.5451]]},"properties":{"name":"Unnamed Stream","layer":"nhd_perennial_streams","stream_type":"Perennial Stream","length_miles":null,"flow_direction":"","reach_code":""}},{"type":"Feature","geometry":{"type":"LineString","coordinates":[[-147.0741,64.6062],[-147.0659,64.6115],[-147.076,64.6166],[-147.0716,64.6252],[-147.0816,64.63],[-147.0807,64.6328],[-147.0853,64.6331],[-147.0817,64.6348],[-147.0834,64.6377],[-147.0984,64.6406],[-147.0968,64.6438]]},"properties":{"name":"Unnamed Stream","layer":"nhd_perennial_streams","stream_type":"Perennial Stream","length_miles":null,"flow_direction":"","reach_code":""}},{"type":"Feature","geometry":{"type":"LineString","coordinates":[[-147.2854,64.519],[-147.2975,64.5272],[-147.3008,64.5341],[-147.3056,64.5358],[-147.3039,64.5369],[-147.3112,64.5393],[-147.3102,64.5461],[-147.3146,64.551],[-147.3184,64.5652],[-147.3362,64.5683],[-147.3471,64.5739],[-147.3518,64.5789],[-147.3521,64.5874]]},"properties":{"name":"Unnamed Stream","layer":"nhd_perennial_streams","stream_type":"Perennial Stream","length_miles":null,"flow_direction":"","reach_code":""}},{"type":"Feature","geometry":{"type":"LineString","coordinates":[[-147.4327,64.6185],[-147.443,64.6243],[-147.4483,64.6321],[-147.4803,64.6394],[-147.4764,64.6441],[-147.478,64.6463],[-147.4975,64.6481],[-147.5117,64.653],[-147.5136,64.658],[-147.525,64.662],[-147.5286,64.6669],[-147.5631,64.6732]]},"properties":{"name":"Unnamed Stream","layer":"nhd_perennial_streams","stream_type":"Perennial Stream","length_miles":null,"flow_direction":"","reach_code":""}},{"type":"Feature","geometry":{"type":"LineString","coordinates":[[-147.1103,64.6145],[-147.1073,64.6183],[-147.1121,64.6227],[-147.1232,64.6238],[-147.1234,64.6278],[-147.1376,64.6319]]},"properties":{"name":"Unnamed Stream","layer":"nhd_perennial_streams","stream_type":"Perennial Stream","length_miles":null,"flow_direction":"","reach_code":""}},{"type":"Feature","geometry":{"type":"LineString","coordinates":[[-147.2523,64.7072],[-147.2487,64.7087],[-147.2519,64.7102]]},"properties":{"name":"Unnamed Stream","layer":"nhd_perennial_streams","stream_type":"Perennial Stream","length_miles":null,"flow_direction":"","reach_code":""}},{"type":"Feature","geometry":{"type":"LineString","coordinates":[[-147.5372,64.6187],[-147.5503,64.6207],[-147.5696,64.6304]]},"properties":{"name":"Unnamed Stream","layer":"nhd_perennial_streams","stream_type":"Perennial Stream","length_miles":null,"flow_direction":"","reach_code":""}},{"type":"Feature","geometry":{"type":"LineString","coordinates":[[-147.3667,64.495],[-147.3848,64.4996]]},"properties":{"name":"Unnamed Stream","layer":"nhd_perennial_streams","stream_type":"Perennial Stream","length_miles":null,"flow_direction":"","reach_code":""}},{"type":"Feature","geometry":{"type":"LineString","coordinates":[[-147.137,64.561],[-147.1496,64.5692]]},"properties":{"name":"Unnamed Stream","layer":"nhd_perennial_streams","stream_type":"Perennial Stream","length_miles":null,"flow_direction":"","reach_code":""}},{"type":"Feature","geometry":{"type":"LineString","coordinates":[[-147.1299,64.5143],[-147.1239,64.5165],[-147.1353,64.5188],[-147.1386,64.5218],[-147.1365,64.525],[-147.1417,64.5281],[-147.1611,64.5333]]},"properties":{"name":"Unnamed Stream","layer":"nhd_perennial_streams","stream_type":"Perennial Stream","length_miles":null,"flow_direction":"","reach_code":""}},{"type":"Feature","geometry":{"type":"LineString","coordinates":[[-147.1672,64.5671],[-147.1667,64.5691]]},"properties":{"name":"Unnamed Stream","layer":"nhd_perennial_streams","stream_type":"Perennial Stream","length_miles":null,"flow_direction":"","reach_code":""}},{"type":"Feature","geometry":{"type":"LineString","coordinates":[[-147.3606,64.6565],[-147.3688,64.661]]},"properties":{"name":"Unnamed Stream","layer":"nhd_perennial_streams","stream_type":"Perennial Stream","length_miles":null,"flow_direction":"","reach_code":""}},{"type":"Feature","geometry":{"type":"LineString","coordinates":[[-147.0927,64.5994],[-147.0912,64.6023],[-147.0839,64.6025],[-147.0879,64.6046],[-147.0843,64.6073],[-147.0878,64.6081]]},"properties":{"name":"Unnamed Stream","layer":"nhd_perennial_streams","stream_type":"Perennial Stream","length_miles":null,"flow_direction":"","reach_code":""}},{"type":"Feature","geometry":{"type":"LineString","coordinates":[[-147.1937,64.5965],[-147.203,64.6036],[-147.1974,64.6059]]},"properties":{"name":"Unnamed Stream","layer":"nhd_perennial_streams","stream_type":"Perennial Stream","length_miles":null,"flow_direction":"","reach_code":""}},{"type":"Feature","geometry":{"type":"LineString","coordinates":[[-147.1186,64.6593],[-147.1299,64.6627],[-147.1249,64.6653],[-147.1256,64.6677],[-147.1373,64.6666]]},"properties":{"name":"Unnamed Stream","layer":"nhd_perennial_streams","stream_type":"Perennial Stream","length_miles":null,"flow_direction":"","reach_code":""}},{"type":"Feature","geometry":{"type":"LineString","coordinates":[[-147.4184,64.7302],[-147.4274,64.7328]]},"properties":{"name":"Unnamed Stream","layer":"nhd_perennial_streams","stream_type":"Perennial Stream","length_miles":null,"flow_direction":"","reach_code":""}},{"type":"Feature","geometry":{"type":"LineString","coordinates":[[-147.1819,64.6972],[-147.1868,64.6972]]},"properties":{"name":"Unnamed Stream","layer":"nhd_perennial_streams","stream_type":"Perennial Stream","length_miles":null,"flow_direction":"","reach_code":""}},{"type":"Feature","geometry":{"type":"LineString","coordinates":[[-147.2312,64.6665],[-147.2401,64.6687]]},"properties":{"name":"Unnamed Stream","layer":"nhd_perennial_streams","stream_type":"Perennial Stream","length_miles":null,"flow_direction":"","reach_code":""}},{"type":"Feature","geometry":{"type":"LineString","coordinates":[[-147.3214,64.6688],[-147.3224,64.6709]]},"properties":{"name":"Unnamed Stream","layer":"nhd_perennial_streams","stream_type":"Perennial Stream","length_miles":null,"flow_direction":"","reach_code":""}},{"type":"Feature","geometry":{"type":"LineString","coordinates":[[-147.2389,64.5089],[-147.2412,64.5119],[-147.2359,64.5136],[-147.2355,64.518],[-147.2422,64.5219],[-147.2362,64.5242]]},"properties":{"name":"Unnamed Stream","layer":"nhd_perennial_streams","stream_type":"Perennial Stream","length_miles":null,"flow_direction":"","reach_code":""}},{"type":"Feature","geometry":{"type":"LineString","coordinates":[[-147.1855,64.6399],[-147.183,64.6414]]},"properties":{"name":"Unnamed Stream","layer":"nhd_perennial_streams","stream_type":"Perennial Stream","length_miles":null,"flow_direction":"","reach_code":""}},{"type":"Feature","geometry":{"type":"LineString","coordinates":[[-147.1706,64.5734],[-147.1781,64.5753]]},"properties":{"name":"Unnamed Stream","layer":"nhd_perennial_streams","stream_type":"Perennial Stream","length_miles":null,"flow_direction":"","reach_code":""}},{"type":"Feature","geometry":{"type":"LineString","coordinates":[[-147.3192,64.4782],[-147.3667,64.495]]},"properties":{"name":"Unnamed Stream","layer":"nhd_perennial_streams","stream_type":"Perennial Stream","length_miles":null,"flow_direction":"","reach_code":""}},{"type":"Feature","geometry":{"type":"LineString","coordinates":[[-147.4665,64.691],[-147.467,64.6917]]},"properties":{"name":"Unnamed Stream","layer":"nhd_perennial_streams","stream_type":"Perennial Stream","length_miles":null,"flow_direction":"","reach_code":""}},{"type":"Feature","geometry":{"type":"LineString","coordinates":[[-147.1279,64.5356],[-147.1308,64.538]]},"properties":{"name":"Unnamed Stream","layer":"nhd_perennial_streams","stream_type":"Perennial Stream","length_miles":null,"flow_direction":"","reach_code":""}},{"type":"Feature","geometry":{"type":"LineString","coordinates":[[-147.1952,64.6282],[-147.1949,64.6332],[-147.1855,64.6399]]},"properties":{"name":"Unnamed Stream","layer":"nhd_perennial_streams","stream_type":"Perennial Stream","length_miles":null,"flow_direction":"","reach_code":""}},{"type":"Feature","geometry":{"type":"LineString","coordinates":[[-147.2401,64.6687],[-147.2427,64.6695]]},"properties":{"name":"Unnamed Stream","layer":"nhd_perennial_streams","stream_type":"Perennial Stream","length_miles":null,"flow_direction":"","reach_code":""}},{"type":"Feature","geometry":{"type":"LineString","coordinates":[[-147.1946,64.5225],[-147.2069,64.5313],[-147.2155,64.5328],[-147.2192,64.5404],[-147.2249,64.542],[-147.2301,64.5488],[-147.2428,64.5517],[-147.2473,64.5573]]},"properties":{"name":"Unnamed Stream","layer":"nhd_perennial_streams","stream_type":"Perennial Stream","length_miles":null,"flow_direction":"","reach_code":""}},{"type":"Feature","geometry":{"type":"LineString","coordinates":[[-147.1297,64.5624],[-147.1365,64.5713]]},"properties":{"name":"Unnamed Stream","layer":"nhd_perennial_streams","stream_type":"Perennial Stream","length_miles":null,"flow_direction":"","reach_code":""}},{"type":"Feature","geometry":{"type":"LineString","coordinates":[[-147.2206,64.7063],[-147.2383,64.7136]]},"properties":{"name":"Unnamed Stream","layer":"nhd_perennial_streams","stream_type":"Perennial Stream","length_miles":null,"flow_direction":"","reach_code":""}},{"type":"Feature","geometry":{"type":"LineString","coordinates":[[-147.1385,64.5774],[-147.1445,64.5772]]},"properties":{"name":"Unnamed Stream","layer":"nhd_perennial_streams","stream_type":"Perennial Stream","length_miles":null,"flow_direction":"","reach_code":""}},{"type":"Feature","geometry":{"type":"LineString","coordinates":[[-147.6056,64.54],[-147.6103,64.543],[-147.6084,64.544],[-147.6234,64.5471],[-147.6223,64.5497],[-147.6357,64.5532],[-147.6415,64.5586],[-147.6656,64.562]]},"properties":{"name":"Unnamed Stream","layer":"nhd_perennial_streams","stream_type":"Perennial Stream","length_miles":null,"flow_direction":"","reach_code":""}},{"type":"Feature","geometry":{"type":"LineString","coordinates":[[-147.3453,64.7236],[-147.3472,64.7256]]},"properties":{"name":"Unnamed Stream","layer":"nhd_perennial_streams","stream_type":"Perennial Stream","length_miles":null,"flow_direction":"","reach_code":""}},{"type":"Feature","geometry":{"type":"LineString","coordinates":[[-147.5854,64.7188],[-147.6235,64.7245],[-147.6274,64.7279]]},"properties":{"name":"Unnamed Stream","layer":"nhd_perennial_streams","stream_type":"Perennial Stream","length_miles":null,"flow_direction":"","reach_code":""}},{"type":"Feature","geometry":{"type":"LineString","coordinates":[[-147.156,64.5609],[-147.168,64.5661]]},"properties":{"name":"Unnamed Stream","layer":"nhd_perennial_streams","stream_type":"Perennial Stream","length_miles":null,"flow_direction":"","reach_code":""}},{"type":"Feature","geometry":{"type":"LineString","coordinates":[[-147.1572,64.6135],[-147.1625,64.6186],[-147.1694,64.6178],[-147.1718,64.6211],[-147.1681,64.6238],[-147.1695,64.6271],[-147.1753,64.6299],[-147.171,64.6332],[-147.1785,64.6332],[-147.1817,64.6402]]},"properties":{"name":"Unnamed Stream","layer":"nhd_perennial_streams","stream_type":"Perennial Stream","length_miles":null,"flow_direction":"","reach_code":""}},{"type":"Feature","geometry":{"type":"LineString","coordinates":[[-147.1871,64.5127],[-147.1863,64.5152],[-147.1946,64.5225]]},"properties":{"name":"Unnamed Stream","layer":"nhd_perennial_streams","stream_type":"Perennial Stream","length_miles":null,"flow_direction":"","reach_code":""}},{"type":"Feature","geometry":{"type":"LineString","coordinates":[[-147.5988,64.7037],[-147.6073,64.7071]]},"properties":{"name":"Unnamed Stream","layer":"nhd_perennial_streams","stream_type":"Perennial Stream","length_miles":null,"flow_direction":"","reach_code":""}},{"type":"Feature","geometry":{"type":"LineString","coordinates":[[-147.2003,64.7127],[-147.2269,64.7181]]},"properties":{"name":"Unnamed Stream","layer":"nhd_perennial_streams","stream_type":"Perennial Stream","length_miles":null,"flow_direction":"","reach_code":""}},{"type":"Feature","geometry":{"type":"LineString","coordinates":[[-147.2003,64.7127],[-147.2383,64.7136]]},"properties":{"name":"Unnamed Stream","layer":"nhd_perennial_streams","stream_type":"Perennial Stream","length_miles":null,"flow_direction":"","reach_code":""}},{"type":"Feature","geometry":{"type":"LineString","coordinates":[[-147.0739,64.519],[-147.0766,64.5245],[-147.0933,64.5318],[-147.0934,64.5347],[-147.1102,64.5462]]},"properties":{"name":"Unnamed Stream","layer":"nhd_perennial_streams","stream_type":"Perennial Stream","length_miles":null,"flow_direction":"","reach_code":""}},{"type":"Feature","geometry":{"type":"LineString","coordinates":[[-147.0808,64.5968],[-147.0649,64.6024]]},"properties":{"name":"Unnamed Stream","layer":"nhd_perennial_streams","stream_type":"Perennial Stream","length_miles":null,"flow_direction":"","reach_code":""}},{"type":"Feature","geometry":{"type":"LineString","coordinates":[[-147.3443,64.6853],[-147.3475,64.6893]]},"properties":{"name":"Unnamed Stream","layer":"nhd_perennial_streams","stream_type":"Perennial Stream","length_miles":null,"flow_direction":"","reach_code":""}},{"type":"Feature","geometry":{"type":"LineString","coordinates":[[-147.2339,64.4473],[-147.246,64.4522],[-147.246,64.4573],[-147.2572,64.4594],[-147.2605,64.4626],[-147.2566,64.4679],[-147.2595,64.4706],[-147.2835,64.4786]]},"properties":{"name":"Unnamed Stream","layer":"nhd_perennial_streams","stream_type":"Perennial Stream","length_miles":null,"flow_direction":"","reach_code":""}},{"type":"Feature","geometry":{"type":"LineString","coordinates":[[-147.3507,64.6861],[-147.3517,64.6875]]},"properties":{"name":"Unnamed Stream","layer":"nhd_perennial_streams","stream_type":"Perennial Stream","length_miles":null,"flow_direction":"","reach_code":""}},{"type":"Feature","geometry":{"type":"LineString","coordinates":[[-147.1483,64.654],[-147.1446,64.6586],[-147.149,64.661],[-147.1484,64.6681],[-147.1517,64.6705]]},"properties":{"name":"Unnamed Stream","layer":"nhd_perennial_streams","stream_type":"Perennial Stream","length_miles":null,"flow_direction":"","reach_code":""}},{"type":"Feature","geometry":{"type":"LineString","coordinates":[[-147.1102,64.5462],[-147.1118,64.5472]]},"properties":{"name":"Unnamed Stream","layer":"nhd_perennial_streams","stream_type":"Perennial Stream","length_miles":null,"flow_direction":"","reach_code":""}},{"type":"Feature","geometry":{"type":"LineString","coordinates":[[-147.4698,64.7143],[-147.4736,64.7138]]},"properties":{"name":"Unnamed Stream","layer":"nhd_perennial_streams","stream_type":"Perennial Stream","length_miles":null,"flow_direction":"","reach_code":""}},{"type":"Feature","geometry":{"type":"LineString","coordinates":[[-147.3656,64.7271],[-147.3698,64.7302]]},"properties":{"name":"Unnamed Stream","layer":"nhd_perennial_streams","stream_type":"Perennial Stream","length_miles":null,"flow_direction":"","reach_code":""}},{"type":"Feature","geometry":{"type":"LineString","coordinates":[[-147.2567,64.6944],[-147.2622,64.7034],[-147.2523,64.7072]]},"properties":{"name":"Unnamed Stream","layer":"nhd_perennial_streams","stream_type":"Perennial Stream","length_miles":null,"flow_direction":"","reach_code":""}},{"type":"Feature","geometry":{"type":"LineString","coordinates":[[-147.1437,64.5595],[-147.156,64.5609]]},"properties":{"name":"Unnamed Stream","layer":"nhd_perennial_streams","stream_type":"Perennial Stream","length_miles":null,"flow_direction":"","reach_code":""}},{"type":"Feature","geometry":{"type":"LineString","coordinates":[[-147.1691,64.6421],[-147.1713,64.6466],[-147.1767,64.6476],[-147.1771,64.6524]]},"properties":{"name":"Unnamed Stream","layer":"nhd_perennial_streams","stream_type":"Perennial Stream","length_miles":null,"flow_direction":"","reach_code":""}},{"type":"Feature","geometry":{"type":"LineString","coordinates":[[-147.2362,64.5242],[-147.2474,64.5262],[-147.2456,64.5296],[-147.25,64.5313],[-147.2522,64.5397],[-147.2606,64.5422]]},"properties":{"name":"Unnamed Stream","layer":"nhd_perennial_streams","stream_type":"Perennial Stream","length_miles":null,"flow_direction":"","reach_code":""}},{"type":"Feature","geometry":{"type":"LineString","coordinates":[[-147.1403,64.5949],[-147.142,64.595]]},"properties":{"name":"Unnamed Stream","layer":"nhd_perennial_streams","stream_type":"Perennial Stream","length_miles":null,"flow_direction":"","reach_code":""}},{"type":"Feature","geometry":{"type":"LineString","coordinates":[[-147.2326,64.6622],[-147.2373,64.6629]]},"properties":{"name":"Unnamed Stream","layer":"nhd_perennial_streams","stream_type":"Perennial Stream","length_miles":null,"flow_direction":"","reach_code":""}},{"type":"Feature","geometry":{"type":"LineString","coordinates":[[-147.244,64.7165],[-147.2519,64.7102]]},"properties":{"name":"Unnamed Stream","layer":"nhd_perennial_streams","stream_type":"Perennial Stream","length_miles":null,"flow_direction":"","reach_code":""}},{"type":"Feature","geometry":{"type":"LineString","coordinates":[[-147.1304,64.5366],[-147.1308,64.538]]},"properties":{"name":"Unnamed Stream","layer":"nhd_perennial_streams","stream_type":"Perennial Stream","length_miles":null,"flow_direction":"","reach_code":""}},{"type":"Feature","geometry":{"type":"LineString","coordinates":[[-147.3688,64.661],[-147.3942,64.6616],[-147.4131,64.6668]]},"properties":{"name":"Unnamed Stream","layer":"nhd_perennial_streams","stream_type":"Perennial Stream","length_miles":null,"flow_direction":"","reach_code":""}},{"type":"Feature","geometry":{"type":"LineString","coordinates":[[-147.3969,64.7433],[-147.4106,64.7481]]},"properties":{"name":"Unnamed Stream","layer":"nhd_perennial_streams","stream_type":"Perennial Stream","length_miles":null,"flow_direction":"","reach_code":""}},{"type":"Feature","geometry":{"type":"LineString","coordinates":[[-147.5125,64.5948],[-147.53,64.6047],[-147.5286,64.6124]]},"properties":{"name":"Unnamed Stream","layer":"nhd_perennial_streams","stream_type":"Perennial Stream","length_miles":null,"flow_direction":"","reach_code":""}},{"type":"Feature","geometry":{"type":"LineString","coordinates":[[-147.3622,64.4996],[-147.3624,64.5]]},"properties":{"name":"Unnamed Stream","layer":"nhd_perennial_streams","stream_type":"Perennial Stream","length_miles":null,"flow_direction":"","reach_code":""}},{"type":"Feature","geometry":{"type":"LineString","coordinates":[[-147.1731,64.654],[-147.1771,64.6524]]},"properties":{"name":"Unnamed Stream","layer":"nhd_perennial_streams","stream_type":"Perennial Stream","length_miles":null,"flow_direction":"","reach_code":""}},{"type":"Feature","geometry":{"type":"LineString","coordinates":[[-147.6073,64.7071],[-147.6409,64.7182]]},"properties":{"name":"Unnamed Stream","layer":"nhd_perennial_streams","stream_type":"Perennial Stream","length_miles":null,"flow_direction":"","reach_code":""}},{"type":"Feature","geometry":{"type":"LineString","coordinates":[[-147.3482,64.6857],[-147.3517,64.6875]]},"properties":{"name":"Unnamed Stream","layer":"nhd_perennial_streams","stream_type":"Perennial Stream","length_miles":null,"flow_direction":"","reach_code":""}},{"type":"Feature","geometry":{"type":"LineString","coordinates":[[-147.2728,64.6509],[-147.2786,64.6505]]},"properties":{"name":"Unnamed Stream","layer":"nhd_perennial_streams","stream_type":"Perennial Stream","length_miles":null,"flow_direction":"","reach_code":""}},{"type":"Feature","geometry":{"type":"LineString","coordinates":[[-147.3644,64.7276],[-147.3684,64.7302]]},"properties":{"name":"Unnamed Stream","layer":"nhd_perennial_streams","stream_type":"Perennial Stream","length_miles":null,"flow_direction":"","reach_code":""}},{"type":"Feature","geometry":{"type":"LineString","coordinates":[[-147.2058,64.6517],[-147.2136,64.6527],[-147.2139,64.656],[-147.2254,64.6632],[-147.2393,64.6665]]},"properties":{"name":"Unnamed Stream","layer":"nhd_perennial_streams","stream_type":"Perennial Stream","length_miles":null,"flow_direction":"","reach_code":""}},{"type":"Feature","geometry":{"type":"LineString","coordinates":[[-147.1373,64.6666],[-147.1427,64.666],[-147.1505,64.6711]]},"properties":{"name":"Unnamed Stream","layer":"nhd_perennial_streams","stream_type":"Perennial Stream","length_miles":null,"flow_direction":"","reach_code":""}},{"type":"Feature","geometry":{"type":"LineString","coordinates":[[-147.6656,64.562],[-147.6701,64.5635]]},"properties":{"name":"Unnamed Stream","layer":"nhd_perennial_streams","stream_type":"Perennial Stream","length_miles":null,"flow_direction":"","reach_code":""}},{"type":"Feature","geometry":{"type":"LineString","coordinates":[[-147.325,64.6745],[-147.3295,64.6774]]},"properties":{"name":"Unnamed Stream","layer":"nhd_perennial_streams","stream_type":"Perennial Stream","length_miles":null,"flow_direction":"","reach_code":""}},{"type":"Feature","geometry":{"type":"LineString","coordinates":[[-147.2592,64.7311],[-147.2703,64.7262]]},"properties":{"name":"Unnamed Stream","layer":"nhd_perennial_streams","stream_type":"Perennial Stream","length_miles":null,"flow_direction":"","reach_code":""}},{"type":"Feature","geometry":{"type":"LineString","coordinates":[[-147.1246,64.5576],[-147.1205,64.5576]]},"properties":{"name":"Unnamed Stream","layer":"nhd_perennial_streams","stream_type":"Perennial Stream","length_miles":null,"flow_direction":"","reach_code":""}},{"type":"Feature","geometry":{"type":"LineString","coordinates":[[-147.1128,64.5366],[-147.115,64.5431],[-147.1118,64.5472]]},"properties":{"name":"Unnamed Stream","layer":"nhd_perennial_streams","stream_type":"Perennial Stream","length_miles":null,"flow_direction":"","reach_code":""}},{"type":"Feature","geometry":{"type":"LineString","coordinates":[[-147.3378,64.6538],[-147.3463,64.6609],[-147.3582,64.6634],[-147.3599,64.6692],[-147.3707,64.675]]},"properties":{"name":"Unnamed Stream","layer":"nhd_perennial_streams","stream_type":"Perennial Stream","length_miles":null,"flow_direction":"","reach_code":""}},{"type":"Feature","geometry":{"type":"LineString","coordinates":[[-147.2383,64.7136],[-147.244,64.7165]]},"properties":{"name":"Unnamed Stream","layer":"nhd_perennial_streams","stream_type":"Perennial Stream","length_miles":null,"flow_direction":"","reach_code":""}},{"type":"Feature","geometry":{"type":"LineString","coordinates":[[-147.3879,64.7387],[-147.3907,64.7399]]},"properties":{"name":"Unnamed Stream","layer":"nhd_perennial_streams","stream_type":"Perennial Stream","length_miles":null,"flow_direction":"","reach_code":""}},{"type":"Feature","geometry":{"type":"LineString","coordinates":[[-147.5345,64.7096],[-147.552,64.7139],[-147.5647,64.7117],[-147.566,64.7158],[-147.5774,64.7182]]},"properties":{"name":"Unnamed Stream","layer":"nhd_perennial_streams","stream_type":"Perennial Stream","length_miles":null,"flow_direction":"","reach_code":""}},{"type":"Feature","geometry":{"type":"LineString","coordinates":[[-147.1755,64.5421],[-147.1783,64.5441]]},"properties":{"name":"Unnamed Stream","layer":"nhd_perennial_streams","stream_type":"Perennial Stream","length_miles":null,"flow_direction":"","reach_code":""}},{"type":"Feature","geometry":{"type":"LineString","coordinates":[[-147.3507,64.6559],[-147.3507,64.6563]]},"properties":{"name":"Unnamed Stream","layer":"nhd_perennial_streams","stream_type":"Perennial Stream","length_miles":null,"flow_direction":"","reach_code":""}},{"type":"Feature","geometry":{"type":"LineString","coordinates":[[-147.0958,64.5483],[-147.0938,64.5526],[-147.0974,64.5583]]},"properties":{"name":"Unnamed Stream","layer":"nhd_perennial_streams","stream_type":"Perennial Stream","length_miles":null,"flow_direction":"","reach_code":""}},{"type":"Feature","geometry":{"type":"LineString","coordinates":[[-147.1308,64.6238],[-147.1295,64.6256],[-147.1376,64.6319]]},"properties":{"name":"Unnamed Stream","layer":"nhd_perennial_streams","stream_type":"Perennial Stream","length_miles":null,"flow_direction":"","reach_code":""}},{"type":"Feature","geometry":{"type":"LineString","coordinates":[[-147.3881,64.7364],[-147.3924,64.7398]]},"properties":{"name":"Unnamed Stream","layer":"nhd_perennial_streams","stream_type":"Perennial Stream","length_miles":null,"flow_direction":"","reach_code":""}},{"type":"Feature","geometry":{"type":"LineString","coordinates":[[-147.5679,64.7329],[-147.5683,64.7329]]},"properties":{"name":"Unnamed Stream","layer":"nhd_perennial_streams","stream_type":"Perennial Stream","length_miles":null,"flow_direction":"","reach_code":""}},{"type":"Feature","geometry":{"type":"LineString","coordinates":[[-147.2468,64.5196],[-147.2606,64.5422]]},"properties":{"name":"Unnamed Stream","layer":"nhd_perennial_streams","stream_type":"Perennial Stream","length_miles":null,"flow_direction":"","reach_code":""}},{"type":"Feature","geometry":{"type":"LineString","coordinates":[[-147.3006,64.7232],[-147.3069,64.7255],[-147.303,64.7294],[-147.3091,64.734]]},"properties":{"name":"Unnamed Stream","layer":"nhd_perennial_streams","stream_type":"Perennial Stream","length_miles":null,"flow_direction":"","reach_code":""}},{"type":"Feature","geometry":{"type":"LineString","coordinates":[[-147.1813,64.7065],[-147.1914,64.7093]]},"properties":{"name":"Unnamed Stream","layer":"nhd_perennial_streams","stream_type":"Perennial Stream","length_miles":null,"flow_direction":"","reach_code":""}},{"type":"Feature","geometry":{"type":"LineString","coordinates":[[-147.1781,64.5753],[-147.1763,64.5782]]},"properties":{"name":"Unnamed Stream","layer":"nhd_perennial_streams","stream_type":"Perennial Stream","length_miles":null,"flow_direction":"","reach_code":""}},{"type":"Feature","geometry":{"type":"LineString","coordinates":[[-147.5923,64.7036],[-147.6073,64.7071]]},"properties":{"name":"Unnamed Stream","layer":"nhd_perennial_streams","stream_type":"Perennial Stream","length_miles":null,"flow_direction":"","reach_code":""}},{"type":"Feature","geometry":{"type":"LineString","coordinates":[[-147.1116,64.5388],[-147.1102,64.5462]]},"properties":{"name":"Unnamed Stream","layer":"nhd_perennial_streams","stream_type":"Perennial Stream","length_miles":null,"flow_direction":"","reach_code":""}},{"type":"Feature","geometry":{"type":"LineString","coordinates":[[-147.4312,64.7012],[-147.434,64.7019]]},"properties":{"name":"Unnamed Stream","layer":"nhd_perennial_streams","stream_type":"Perennial Stream","length_miles":null,"flow_direction":"","reach_code":""}},{"type":"Feature","geometry":{"type":"LineString","coordinates":[[-147.5493,64.6241],[-147.5696,64.6304]]},"properties":{"name":"Unnamed Stream","layer":"nhd_perennial_streams","stream_type":"Perennial Stream","length_miles":null,"flow_direction":"","reach_code":""}},{"type":"Feature","geometry":{"type":"LineString","coordinates":[[-147.5828,64.6893],[-147.5829,64.6927],[-147.5881,64.6933],[-147.5865,64.6995],[-147.5988,64.7037]]},"properties":{"name":"Unnamed Stream","layer":"nhd_perennial_streams","stream_type":"Perennial Stream","length_miles":null,"flow_direction":"","reach_code":""}},{"type":"Feature","geometry":{"type":"LineString","coordinates":[[-147.1194,64.6528],[-147.1178,64.6543],[-147.1223,64.6572],[-147.1186,64.6593]]},"properties":{"name":"Unnamed Stream","layer":"nhd_perennial_streams","stream_type":"Perennial Stream","length_miles":null,"flow_direction":"","reach_code":""}},{"type":"Feature","geometry":{"type":"LineString","coordinates":[[-147.0675,64.5797],[-147.0682,64.5844],[-147.0645,64.5845],[-147.0742,64.5898],[-147.0739,64.5936],[-147.0854,64.5954]]},"properties":{"name":"Unnamed Stream","layer":"nhd_perennial_streams","stream_type":"Perennial Stream","length_miles":null,"flow_direction":"","reach_code":""}},{"type":"Feature","geometry":{"type":"LineString","coordinates":[[-147.4334,64.6181],[-147.4327,64.6185]]},"properties":{"name":"Unnamed Stream","layer":"nhd_perennial_streams","stream_type":"Perennial Stream","length_miles":null,"flow_direction":"","reach_code":""}},{"type":"Feature","geometry":{"type":"LineString","coordinates":[[-147.3522,64.485],[-147.3841,64.4902],[-147.3906,64.4942]]},"properties":{"name":"Unnamed Stream","layer":"nhd_perennial_streams","stream_type":"Perennial Stream","length_miles":null,"flow_direction":"","reach_code":""}},{"type":"Feature","geometry":{"type":"LineString","coordinates":[[-147.2673,64.5903],[-147.2783,64.5928]]},"properties":{"name":"Unnamed Stream","layer":"nhd_perennial_streams","stream_type":"Perennial Stream","length_miles":null,"flow_direction":"","reach_code":""}},{"type":"Feature","geometry":{"type":"LineString","coordinates":[[-147.1238,64.5327],[-147.1279,64.5356]]},"properties":{"name":"Unnamed Stream","layer":"nhd_perennial_streams","stream_type":"Perennial Stream","length_miles":null,"flow_direction":"","reach_code":""}},{"type":"Feature","geometry":{"type":"LineString","coordinates":[[-147.2263,64.7038],[-147.2324,64.7047]]},"properties":{"name":"Unnamed Stream","layer":"nhd_perennial_streams","stream_type":"Perennial Stream","length_miles":null,"flow_direction":"","reach_code":""}},{"type":"Feature","geometry":{"type":"LineString","coordinates":[[-147.4431,64.7206],[-147.4579,64.7202],[-147.4598,64.7237],[-147.4813,64.7342]]},"properties":{"name":"Unnamed Stream","layer":"nhd_perennial_streams","stream_type":"Perennial Stream","length_miles":null,"flow_direction":"","reach_code":""}},{"type":"Feature","geometry":{"type":"LineString","coordinates":[[-147.3848,64.4996],[-147.3852,64.5]]},"properties":{"name":"Unnamed Stream","layer":"nhd_perennial_streams","stream_type":"Perennial Stream","length_miles":null,"flow_direction":"","reach_code":""}},{"type":"Feature","geometry":{"type":"LineString","coordinates":[[-147.3517,64.6875],[-147.3665,64.6914]]},"properties":{"name":"Unnamed Stream","layer":"nhd_perennial_streams","stream_type":"Perennial Stream","length_miles":null,"flow_direction":"","reach_code":""}},{"type":"Feature","geometry":{"type":"LineString","coordinates":[[-147.1437,64.5615],[-147.1471,64.5622],[-147.1496,64.5692]]},"properties":{"name":"Unnamed Stream","layer":"nhd_perennial_streams","stream_type":"Perennial Stream","length_miles":null,"flow_direction":"","reach_code":""}},{"type":"Feature","geometry":{"type":"LineString","coordinates":[[-147.2988,64.4567],[-147.2944,64.4611],[-147.2969,64.4691],[-147.3192,64.4782]]},"properties":{"name":"Unnamed Stream","layer":"nhd_perennial_streams","stream_type":"Perennial Stream","length_miles":null,"flow_direction":"","reach_code":""}},{"type":"Feature","geometry":{"type":"LineString","coordinates":[[-147.2434,64.4849],[-147.2556,64.5029]]},"properties":{"name":"Unnamed Stream","layer":"nhd_perennial_streams","stream_type":"Perennial Stream","length_miles":null,"flow_direction":"","reach_code":""}},{"type":"Feature","geometry":{"type":"LineString","coordinates":[[-147.1505,64.6711],[-147.1488,64.6769],[-147.1539,64.6832]]},"properties":{"name":"Unnamed Stream","layer":"nhd_perennial_streams","stream_type":"Perennial Stream","length_miles":null,"flow_direction":"","reach_code":""}},{"type":"Feature","geometry":{"type":"LineString","coordinates":[[-147.1481,64.5511],[-147.1531,64.5524],[-147.1537,64.5558]]},"properties":{"name":"Unnamed Stream","layer":"nhd_perennial_streams","stream_type":"Perennial Stream","length_miles":null,"flow_direction":"","reach_code":""}},{"type":"Feature","geometry":{"type":"LineString","coordinates":[[-147.2835,64.4786],[-147.3021,64.4857]]},"properties":{"name":"Unnamed Stream","layer":"nhd_perennial_streams","stream_type":"Perennial Stream","length_miles":null,"flow_direction":"","reach_code":""}},{"type":"Feature","geometry":{"type":"LineString","coordinates":[[-147.3072,64.7273],[-147.3208,64.7382]]},"properties":{"name":"Unnamed Stream","layer":"nhd_perennial_streams","stream_type":"Perennial Stream","length_miles":null,"flow_direction":"","reach_code":""}},{"type":"Feature","geometry":{"type":"LineString","coordinates":[[-147.1936,64.6629],[-147.198,64.6666],[-147.2212,64.6722]]},"properties":{"name":"Unnamed Stream","layer":"nhd_perennial_streams","stream_type":"Perennial Stream","length_miles":null,"flow_direction":"","reach_code":""}},{"type":"Feature","geometry":{"type":"LineString","coordinates":[[-147.3341,64.4876],[-147.3419,64.4921],[-147.3535,64.4921],[-147.3574,64.4945],[-147.3538,64.4964],[-147.3622,64.4996]]},"properties":{"name":"Unnamed Stream","layer":"nhd_perennial_streams","stream_type":"Perennial Stream","length_miles":null,"flow_direction":"","reach_code":""}},{"type":"Feature","geometry":{"type":"LineString","coordinates":[[-147.5612,64.7225],[-147.6119,64.7337]]},"properties":{"name":"Unnamed Stream","layer":"nhd_perennial_streams","stream_type":"Perennial Stream","length_miles":null,"flow_direction":"","reach_code":""}},{"type":"Feature","geometry":{"type":"LineString","coordinates":[[-147.1956,64.7002],[-147.2043,64.7044]]},"properties":{"name":"Unnamed Stream","layer":"nhd_perennial_streams","stream_type":"Perennial Stream","length_miles":null,"flow_direction":"","reach_code":""}},{"type":"Feature","geometry":{"type":"LineString","coordinates":[[-147.1102,64.5589],[-147.1106,64.5562],[-147.1154,64.5562]]},"properties":{"name":"Unnamed Stream","layer":"nhd_perennial_streams","stream_type":"Perennial Stream","length_miles":null,"flow_direction":"","reach_code":""}},{"type":"Feature","geometry":{"type":"LineString","coordinates":[[-147.3446,64.6537],[-147.3507,64.6563]]},"properties":{"name":"Unnamed Stream","layer":"nhd_perennial_streams","stream_type":"Perennial Stream","length_miles":null,"flow_direction":"","reach_code":""}},{"type":"Feature","geometry":{"type":"LineString","coordinates":[[-147.2341,64.6736],[-147.245,64.6753]]},"properties":{"name":"Unnamed Stream","layer":"nhd_perennial_streams","stream_type":"Perennial Stream","length_miles":null,"flow_direction":"","reach_code":""}},{"type":"Feature","geometry":{"type":"LineString","coordinates":[[-147.1869,64.6252],[-147.1922,64.6271]]},"properties":{"name":"Unnamed Stream","layer":"nhd_perennial_streams","stream_type":"Perennial Stream","length_miles":null,"flow_direction":"","reach_code":""}},{"type":"Feature","geometry":{"type":"LineString","coordinates":[[-147.6,64.6465],[-147.6112,64.6498]]},"properties":{"name":"Unnamed Stream","layer":"nhd_perennial_streams","stream_type":"Perennial Stream","length_miles":null,"flow_direction":"","reach_code":""}},{"type":"Feature","geometry":{"type":"LineString","coordinates":[[-147.1379,64.5536],[-147.1437,64.5566],[-147.1537,64.5558]]},"properties":{"name":"Unnamed Stream","layer":"nhd_perennial_streams","stream_type":"Perennial Stream","length_miles":null,"flow_direction":"","reach_code":""}},{"type":"Feature","geometry":{"type":"LineString","coordinates":[[-147.6227,64.6466],[-147.6285,64.6525],[-147.6611,64.6673],[-147.666,64.6712],[-147.6659,64.6749],[-147.6832,64.6747],[-147.6964,64.6807]]},"properties":{"name":"Unnamed Stream","layer":"nhd_perennial_streams","stream_type":"Perennial Stream","length_miles":null,"flow_direction":"","reach_code":""}},{"type":"Feature","geometry":{"type":"LineString","coordinates":[[-147.4038,64.4489],[-147.469,64.4585],[-147.5168,64.4734]]},"properties":{"name":"Unnamed Stream","layer":"nhd_perennial_streams","stream_type":"Perennial Stream","length_miles":null,"flow_direction":"","reach_code":""}},{"type":"Feature","geometry":{"type":"LineString","coordinates":[[-147.3665,64.6914],[-147.3721,64.6905],[-147.376,64.6958],[-147.3818,64.6959],[-147.3833,64.7002],[-147.4155,64.7008],[-147.4382,64.7047]]},"properties":{"name":"Unnamed Stream","layer":"nhd_perennial_streams","stream_type":"Perennial Stream","length_miles":null,"flow_direction":"","reach_code":""}},{"type":"Feature","geometry":{"type":"LineString","coordinates":[[-147.5117,64.6446],[-147.5326,64.6531],[-147.5369,64.6582],[-147.5537,64.6627],[-147.5579,64.6704],[-147.5631,64.6732]]},"properties":{"name":"Unnamed Stream","layer":"nhd_perennial_streams","stream_type":"Perennial Stream","length_miles":null,"flow_direction":"","reach_code":""}},{"type":"Feature","geometry":{"type":"LineString","coordinates":[[-147.4446,64.7423],[-147.4489,64.7443]]},"properties":{"name":"Unnamed Stream","layer":"nhd_perennial_streams","stream_type":"Perennial Stream","length_miles":null,"flow_direction":"","reach_code":""}},{"type":"Feature","geometry":{"type":"LineString","coordinates":[[-147.2621,64.6422],[-147.2642,64.6433]]},"properties":{"name":"Unnamed Stream","layer":"nhd_perennial_streams","stream_type":"Perennial Stream","length_miles":null,"flow_direction":"","reach_code":""}},{"type":"Feature","geometry":{"type":"LineString","coordinates":[[-147.3682,64.6475],[-147.3737,64.6484]]},"properties":{"name":"Unnamed Stream","layer":"nhd_perennial_streams","stream_type":"Perennial Stream","length_miles":null,"flow_direction":"","reach_code":""}},{"type":"Feature","geometry":{"type":"LineString","coordinates":[[-147.4191,64.7158],[-147.4298,64.7208],[-147.4299,64.7237],[-147.4359,64.7243],[-147.4407,64.7335],[-147.4568,64.7427]]},"properties":{"name":"Unnamed Stream","layer":"nhd_perennial_streams","stream_type":"Perennial Stream","length_miles":null,"flow_direction":"","reach_code":""}},{"type":"Feature","geometry":{"type":"LineString","coordinates":[[-147.2783,64.5928],[-147.2741,64.5989],[-147.2813,64.6018],[-147.2823,64.6075],[-147.3055,64.6104],[-147.3087,64.6161],[-147.3175,64.6151],[-147.3336,64.6263],[-147.327,64.6302],[-147.3288,64.6326],[-147.3472,64.6367],[-147.3487,64.6429],[-147.358,64.643],[-147.3579,64.647],[-147.3682,64.6475]]},"properties":{"name":"Unnamed Stream","layer":"nhd_perennial_streams","stream_type":"Perennial Stream","length_miles":null,"flow_direction":"","reach_code":""}},{"type":"Feature","geometry":{"type":"LineString","coordinates":[[-147.2843,64.7055],[-147.2873,64.707]]},"properties":{"name":"Unnamed Stream","layer":"nhd_perennial_streams","stream_type":"Perennial Stream","length_miles":null,"flow_direction":"","reach_code":""}},{"type":"Feature","geometry":{"type":"LineString","coordinates":[[-147.157,64.6822],[-147.1539,64.6832]]},"properties":{"name":"Unnamed Stream","layer":"nhd_perennial_streams","stream_type":"Perennial Stream","length_miles":null,"flow_direction":"","reach_code":""}},{"type":"Feature","geometry":{"type":"LineString","coordinates":[[-147.1376,64.6319],[-147.144,64.635],[-147.1372,64.6374],[-147.1344,64.6461],[-147.1301,64.6496]]},"properties":{"name":"Unnamed Stream","layer":"nhd_perennial_streams","stream_type":"Perennial Stream","length_miles":null,"flow_direction":"","reach_code":""}},{"type":"Feature","geometry":{"type":"LineString","coordinates":[[-147.4425,64.7424],[-147.4476,64.7442]]},"properties":{"name":"Unnamed Stream","layer":"nhd_perennial_streams","stream_type":"Perennial Stream","length_miles":null,"flow_direction":"","reach_code":""}},{"type":"Feature","geometry":{"type":"LineString","coordinates":[[-147.5356,64.5071],[-147.5502,64.5056]]},"properties":{"name":"Unnamed Stream","layer":"nhd_perennial_streams","stream_type":"Perennial Stream","length_miles":null,"flow_direction":"","reach_code":""}},{"type":"Feature","geometry":{"type":"LineString","coordinates":[[-147.1914,64.7093],[-147.2003,64.7127]]},"properties":{"name":"Unnamed Stream","layer":"nhd_perennial_streams","stream_type":"Perennial Stream","length_miles":null,"flow_direction":"","reach_code":""}},{"type":"Feature","geometry":{"type":"LineString","coordinates":[[-147.2558,64.5823],[-147.2697,64.5843],[-147.279,64.5907]]},"properties":{"name":"Unnamed Stream","layer":"nhd_perennial_streams","stream_type":"Perennial Stream","length_miles":null,"flow_direction":"","reach_code":""}},{"type":"Feature","geometry":{"type":"LineString","coordinates":[[-147.1946,64.5225],[-147.1879,64.5256],[-147.1967,64.5319],[-147.197,64.5381],[-147.2135,64.5499],[-147.2205,64.5589],[-147.2386,64.5635],[-147.2536,64.5753],[-147.2515,64.5771]]},"properties":{"name":"Unnamed Stream","layer":"nhd_perennial_streams","stream_type":"Perennial Stream","length_miles":null,"flow_direction":"","reach_code":""}},{"type":"Feature","geometry":{"type":"LineString","coordinates":[[-147.2835,64.4786],[-147.3021,64.4857]]},"properties":{"name":"Unnamed Stream","layer":"nhd_perennial_streams","stream_type":"Perennial Stream","length_miles":null,"flow_direction":"","reach_code":""}},{"type":"Feature","geometry":{"type":"LineString","coordinates":[[-147.4678,64.6937],[-147.4847,64.6974],[-147.5298,64.6999],[-147.5377,64.7084],[-147.5467,64.7052],[-147.5753,64.7065],[-147.5784,64.7038]]},"properties":{"name":"Unnamed Stream","layer":"nhd_perennial_streams","stream_type":"Perennial Stream","length_miles":null,"flow_direction":"","reach_code":""}},{"type":"Feature","geometry":{"type":"LineString","coordinates":[[-147.2086,64.6765],[-147.2174,64.6788],[-147.2291,64.677],[-147.2308,64.6822],[-147.2266,64.6856],[-147.2434,64.6876]]},"properties":{"name":"Unnamed Stream","layer":"nhd_perennial_streams","stream_type":"Perennial Stream","length_miles":null,"flow_direction":"","reach_code":""}},{"type":"Feature","geometry":{"type":"LineString","coordinates":[[-147.1841,64.7008],[-147.1937,64.7054],[-147.2043,64.7044]]},"properties":{"name":"Unnamed Stream","layer":"nhd_perennial_streams","stream_type":"Perennial Stream","length_miles":null,"flow_direction":"","reach_code":""}},{"type":"Feature","geometry":{"type":"LineString","coordinates":[[-147.4678,64.6937],[-147.4674,64.7007]]},"properties":{"name":"Unnamed Stream","layer":"nhd_perennial_streams","stream_type":"Perennial Stream","length_miles":null,"flow_direction":"","reach_code":""}},{"type":"Feature","geometry":{"type":"LineString","coordinates":[[-147.4341,64.7354],[-147.4357,64.7359]]},"properties":{"name":"Unnamed Stream","layer":"nhd_perennial_streams","stream_type":"Perennial Stream","length_miles":null,"flow_direction":"","reach_code":""}},{"type":"Feature","geometry":{"type":"LineString","coordinates":[[-147.6186,64.6532],[-147.6314,64.6602]]},"properties":{"name":"Unnamed Stream","layer":"nhd_perennial_streams","stream_type":"Perennial Stream","length_miles":null,"flow_direction":"","reach_code":""}},{"type":"Feature","geometry":{"type":"LineString","coordinates":[[-147.2628,64.6404],[-147.2676,64.6419]]},"properties":{"name":"Unnamed Stream","layer":"nhd_perennial_streams","stream_type":"Perennial Stream","length_miles":null,"flow_direction":"","reach_code":""}},{"type":"Feature","geometry":{"type":"LineString","coordinates":[[-147.142,64.5454],[-147.1481,64.5511]]},"properties":{"name":"Unnamed Stream","layer":"nhd_perennial_streams","stream_type":"Perennial Stream","length_miles":null,"flow_direction":"","reach_code":""}},{"type":"Feature","geometry":{"type":"LineString","coordinates":[[-147.3836,64.6839],[-147.3875,64.6843]]},"properties":{"name":"Unnamed Stream","layer":"nhd_perennial_streams","stream_type":"Perennial Stream","length_miles":null,"flow_direction":"","reach_code":""}},{"type":"Feature","geometry":{"type":"LineString","coordinates":[[-147.2534,64.5853],[-147.2667,64.5892]]},"properties":{"name":"Unnamed Stream","layer":"nhd_perennial_streams","stream_type":"Perennial Stream","length_miles":null,"flow_direction":"","reach_code":""}},{"type":"Feature","geometry":{"type":"LineString","coordinates":[[-147.1871,64.5127],[-147.2362,64.5242]]},"properties":{"name":"Unnamed Stream","layer":"nhd_perennial_streams","stream_type":"Perennial Stream","length_miles":null,"flow_direction":"","reach_code":""}},{"type":"Feature","geometry":{"type":"LineString","coordinates":[[-147.2678,64.643],[-147.2731,64.6441]]},"properties":{"name":"Unnamed Stream","layer":"nhd_perennial_streams","stream_type":"Perennial Stream","length_miles":null,"flow_direction":"","reach_code":""}},{"type":"Feature","geometry":{"type":"LineString","coordinates":[[-147.4101,64.7346],[-147.413,64.7348]]},"properties":{"name":"Unnamed Stream","layer":"nhd_perennial_streams","stream_type":"Perennial Stream","length_miles":null,"flow_direction":"","reach_code":""}},{"type":"Feature","geometry":{"type":"LineString","coordinates":[[-147.5828,64.6893],[-147.6244,64.6987],[-147.632,64.7032],[-147.6309,64.7086],[-147.6375,64.7103],[-147.6426,64.7182]]},"properties":{"name":"Unnamed Stream","layer":"nhd_perennial_streams","stream_type":"Perennial Stream","length_miles":null,"flow_direction":"","reach_code":""}},{"type":"Feature","geometry":{"type":"LineString","coordinates":[[-147.1667,64.5691],[-147.1691,64.5718],[-147.1676,64.5759],[-147.1763,64.5782]]},"properties":{"name":"Unnamed Stream","layer":"nhd_perennial_streams","stream_type":"Perennial Stream","length_miles":null,"flow_direction":"","reach_code":""}},{"type":"Feature","geometry":{"type":"LineString","coordinates":[[-147.4072,64.7276],[-147.4161,64.7263],[-147.4184,64.7302]]},"properties":{"name":"Unnamed Stream","layer":"nhd_perennial_streams","stream_type":"Perennial Stream","length_miles":null,"flow_direction":"","reach_code":""}},{"type":"Feature","geometry":{"type":"LineString","coordinates":[[-147.2016,64.3442],[-147.1867,64.3588],[-147.2108,64.3697],[-147.2145,64.3747],[-147.2117,64.3764],[-147.2181,64.3783],[-147.2234,64.3843],[-147.2185,64.3885],[-147.2223,64.3907],[-147.2173,64.3907],[-147.2204,64.3921],[-147.2147,64.3956],[-147.2179,64.3989],[-147.2139,64.4011],[-147.2229,64.4082],[-147.2154,64.4091],[-147.2096,64.4147],[-147.2115,64.4196],[-147.2067,64.4222],[-147.2103,64.4258],[-147.2103,64.4378],[-147.2223,64.453],[-147.2158,64.461],[-147.2246,64.4717],[-147.2398,64.4788],[-147.2384,64.4823],[-147.2434,64.4849]]},"properties":{"name":"Unnamed Stream","layer":"nhd_perennial_streams","stream_type":"Perennial Stream","length_miles":null,"flow_direction":"","reach_code":""}},{"type":"Feature","geometry":{"type":"LineString","coordinates":[[-147.2924,64.7242],[-147.3006,64.7232]]},"properties":{"name":"Unnamed Stream","layer":"nhd_perennial_streams","stream_type":"Perennial Stream","length_miles":null,"flow_direction":"","reach_code":""}},{"type":"Feature","geometry":{"type":"LineString","coordinates":[[-147.2259,64.6604],[-147.2326,64.6622]]},"properties":{"name":"Unnamed Stream","layer":"nhd_perennial_streams","stream_type":"Perennial Stream","length_miles":null,"flow_direction":"","reach_code":""}},{"type":"Feature","geometry":{"type":"LineString","coordinates":[[-147.662,64.5526],[-147.6673,64.5586]]},"properties":{"name":"Unnamed Stream","layer":"nhd_perennial_streams","stream_type":"Perennial Stream","length_miles":null,"flow_direction":"","reach_code":""}},{"type":"Feature","geometry":{"type":"LineString","coordinates":[[-147.4323,64.7196],[-147.4431,64.7206]]},"properties":{"name":"Unnamed Stream","layer":"nhd_perennial_streams","stream_type":"Perennial Stream","length_miles":null,"flow_direction":"","reach_code":""}},{"type":"Feature","geometry":{"type":"LineString","coordinates":[[-147.5624,64.475],[-147.5557,64.4755],[-147.5551,64.4806],[-147.573,64.4881]]},"properties":{"name":"Unnamed Stream","layer":"nhd_perennial_streams","stream_type":"Perennial Stream","length_miles":null,"flow_direction":"","reach_code":""}},{"type":"Feature","geometry":{"type":"LineString","coordinates":[[-147.2553,64.6893],[-147.2588,64.692],[-147.2568,64.6943]]},"properties":{"name":"Unnamed Stream","layer":"nhd_perennial_streams","stream_type":"Perennial Stream","length_miles":null,"flow_direction":"","reach_code":""}},{"type":"Feature","geometry":{"type":"LineString","coordinates":[[-147.264,64.6933],[-147.2748,64.7003],[-147.2756,64.7039],[-147.2843,64.7055]]},"properties":{"name":"Unnamed Stream","layer":"nhd_perennial_streams","stream_type":"Perennial Stream","length_miles":null,"flow_direction":"","reach_code":""}},{"type":"Feature","geometry":{"type":"LineString","coordinates":[[-147.2185,64.6539],[-147.2328,64.6556]]},"properties":{"name":"Unnamed Stream","layer":"nhd_perennial_streams","stream_type":"Perennial Stream","length_miles":null,"flow_direction":"","reach_code":""}},{"type":"Feature","geometry":{"type":"LineString","coordinates":[[-147.2213,64.6522],[-147.2314,64.6525]]},"properties":{"name":"Unnamed Stream","layer":"nhd_perennial_streams","stream_type":"Perennial Stream","length_miles":null,"flow_direction":"","reach_code":""}},{"type":"Feature","geometry":{"type":"LineString","coordinates":[[-147.5291,64.7256],[-147.5363,64.7298],[-147.5679,64.7329]]},"properties":{"name":"Unnamed Stream","layer":"nhd_perennial_streams","stream_type":"Perennial Stream","length_miles":null,"flow_direction":"","reach_code":""}},{"type":"Feature","geometry":{"type":"LineString","coordinates":[[-147.1676,64.631],[-147.1674,64.6329]]},"properties":{"name":"Unnamed Stream","layer":"nhd_perennial_streams","stream_type":"Perennial Stream","length_miles":null,"flow_direction":"","reach_code":""}},{"type":"Feature","geometry":{"type":"LineString","coordinates":[[-147.2476,64.6807],[-147.2476,64.6858],[-147.2434,64.6876]]},"properties":{"name":"Unnamed Stream","layer":"nhd_perennial_streams","stream_type":"Perennial Stream","length_miles":null,"flow_direction":"","reach_code":""}},{"type":"Feature","geometry":{"type":"LineString","coordinates":[[-147.6259,64.6238],[-147.6665,64.6352],[-147.6998,64.6545],[-147.7781,64.6841],[-147.7846,64.6879],[-147.7838,64.6927],[-147.7973,64.6995]]},"properties":{"name":"Unnamed Stream","layer":"nhd_perennial_streams","stream_type":"Perennial Stream","length_miles":null,"flow_direction":"","reach_code":""}},{"type":"Feature","geometry":{"type":"LineString","coordinates":[[-147.2015,64.6513],[-147.2113,64.6589],[-147.2122,64.6668],[-147.2212,64.6722]]},"properties":{"name":"Unnamed Stream","layer":"nhd_perennial_streams","stream_type":"Perennial Stream","length_miles":null,"flow_direction":"","reach_code":""}},{"type":"Feature","geometry":{"type":"LineString","coordinates":[[-147.1406,64.5418],[-147.142,64.5454]]},"properties":{"name":"Unnamed Stream","layer":"nhd_perennial_streams","stream_type":"Perennial Stream","length_miles":null,"flow_direction":"","reach_code":""}},{"type":"Feature","geometry":{"type":"LineString","coordinates":[[-147.3522,64.485],[-147.3667,64.495]]},"properties":{"name":"Unnamed Stream","layer":"nhd_perennial_streams","stream_type":"Perennial Stream","length_miles":null,"flow_direction":"","reach_code":""}},{"type":"Feature","geometry":{"type":"LineString","coordinates":[[-147.3468,64.6534],[-147.3507,64.6559]]},"properties":{"name":"Unnamed Stream","layer":"nhd_perennial_streams","stream_type":"Perennial Stream","length_miles":null,"flow_direction":"","reach_code":""}},{"type":"Feature","geometry":{"type":"LineString","coordinates":[[-147.3472,64.7256],[-147.3511,64.7261]]},"properties":{"name":"Unnamed Stream","layer":"nhd_perennial_streams","stream_type":"Perennial Stream","length_miles":null,"flow_direction":"","reach_code":""}},{"type":"Feature","geometry":{"type":"LineString","coordinates":[[-147.0742,64.5834],[-147.0807,64.5879],[-147.0783,64.5896],[-147.0868,64.5935],[-147.0854,64.5954]]},"properties":{"name":"Unnamed Stream","layer":"nhd_perennial_streams","stream_type":"Perennial Stream","length_miles":null,"flow_direction":"","reach_code":""}},{"type":"Feature","geometry":{"type":"LineString","coordinates":[[-147.1361,64.5935],[-147.1403,64.5949]]},"properties":{"name":"Unnamed Stream","layer":"nhd_perennial_streams","stream_type":"Perennial Stream","length_miles":null,"flow_direction":"","reach_code":""}},{"type":"Feature","geometry":{"type":"LineString","coordinates":[[-147.1517,64.6705],[-147.1508,64.671]]},"properties":{"name":"Unnamed Stream","layer":"nhd_perennial_streams","stream_type":"Perennial Stream","length_miles":null,"flow_direction":"","reach_code":""}},{"type":"Feature","geometry":{"type":"LineString","coordinates":[[-147.1358,64.5404],[-147.1383,64.5413],[-147.1371,64.5451]]},"properties":{"name":"Unnamed Stream","layer":"nhd_perennial_streams","stream_type":"Perennial Stream","length_miles":null,"flow_direction":"","reach_code":""}},{"type":"Feature","geometry":{"type":"LineString","coordinates":[[-147.1483,64.6479],[-147.1528,64.6491],[-147.149,64.6498],[-147.1512,64.6533]]},"properties":{"name":"Unnamed Stream","layer":"nhd_perennial_streams","stream_type":"Perennial Stream","length_miles":null,"flow_direction":"","reach_code":""}},{"type":"Feature","geometry":{"type":"LineString","coordinates":[[-147.6314,64.6602],[-147.6433,64.6671],[-147.6451,64.6729]]},"properties":{"name":"Unnamed Stream","layer":"nhd_perennial_streams","stream_type":"Perennial Stream","length_miles":null,"flow_direction":"","reach_code":""}},{"type":"Feature","geometry":{"type":"LineString","coordinates":[[-147.693,64.5343],[-147.7027,64.5378],[-147.7102,64.5366],[-147.7129,64.5426],[-147.7233,64.5433],[-147.7203,64.5461],[-147.729,64.547],[-147.723,64.5494],[-147.7314,64.5509],[-147.7308,64.5539],[-147.7394,64.5528],[-147.7383,64.5559],[-147.7466,64.5549],[-147.7448,64.558],[-147.7742,64.5608]]},"properties":{"name":"Unnamed Stream","layer":"nhd_perennial_streams","stream_type":"Perennial Stream","length_miles":null,"flow_direction":"","reach_code":""}},{"type":"Feature","geometry":{"type":"LineString","coordinates":[[-147.1767,64.5501],[-147.1768,64.5537],[-147.1701,64.5569],[-147.1781,64.5753]]},"properties":{"name":"Unnamed Stream","layer":"nhd_perennial_streams","stream_type":"Perennial Stream","length_miles":null,"flow_direction":"","reach_code":""}},{"type":"Feature","geometry":{"type":"LineString","coordinates":[[-147.6112,64.6498],[-147.6186,64.6532]]},"properties":{"name":"Unnamed Stream","layer":"nhd_perennial_streams","stream_type":"Perennial Stream","length_miles":null,"flow_direction":"","reach_code":""}},{"type":"Feature","geometry":{"type":"LineString","coordinates":[[-147.3394,64.6524],[-147.3446,64.6537]]},"properties":{"name":"Unnamed Stream","layer":"nhd_perennial_streams","stream_type":"Perennial Stream","length_miles":null,"flow_direction":"","reach_code":""}},{"type":"Feature","geometry":{"type":"LineString","coordinates":[[-147.1485,64.6808],[-147.1472,64.686],[-147.1409,64.6889],[-147.1473,64.6924]]},"properties":{"name":"Unnamed Stream","layer":"nhd_perennial_streams","stream_type":"Perennial Stream","length_miles":null,"flow_direction":"","reach_code":""}},{"type":"Feature","geometry":{"type":"LineString","coordinates":[[-147.1205,64.5576],[-147.1259,64.5614],[-147.1357,64.5618],[-147.14,64.5698],[-147.1477,64.5706],[-147.1477,64.5729]]},"properties":{"name":"Unnamed Stream","layer":"nhd_perennial_streams","stream_type":"Perennial Stream","length_miles":null,"flow_direction":"","reach_code":""}},{"type":"Feature","geometry":{"type":"LineString","coordinates":[[-147.175,64.6416],[-147.1818,64.6506],[-147.1793,64.6528]]},"properties":{"name":"Unnamed Stream","layer":"nhd_perennial_streams","stream_type":"Perennial Stream","length_miles":null,"flow_direction":"","reach_code":""}},{"type":"Feature","geometry":{"type":"LineString","coordinates":[[-147.2136,64.7033],[-147.2206,64.7063]]},"properties":{"name":"Unnamed Stream","layer":"nhd_perennial_streams","stream_type":"Perennial Stream","length_miles":null,"flow_direction":"","reach_code":""}},{"type":"Feature","geometry":{"type":"LineString","coordinates":[[-147.0941,64.5935],[-147.0907,64.5954],[-147.0927,64.5994]]},"properties":{"name":"Unnamed Stream","layer":"nhd_perennial_streams","stream_type":"Perennial Stream","length_miles":null,"flow_direction":"","reach_code":""}},{"type":"Feature","geometry":{"type":"LineString","coordinates":[[-147.0865,64.6245],[-147.0937,64.6276],[-147.0887,64.632],[-147.0932,64.6371]]},"properties":{"name":"Unnamed Stream","layer":"nhd_perennial_streams","stream_type":"Perennial Stream","length_miles":null,"flow_direction":"","reach_code":""}},{"type":"Feature","geometry":{"type":"LineString","coordinates":[[-147.0878,64.6081],[-147.0888,64.6147],[-147.0812,64.6157]]},"properties":{"name":"Unnamed Stream","layer":"nhd_perennial_streams","stream_type":"Perennial Stream","length_miles":null,"flow_direction":"","reach_code":""}},{"type":"Feature","geometry":{"type":"LineString","coordinates":[[-147.4131,64.6668],[-147.4267,64.6713],[-147.4175,64.6768],[-147.4166,64.6818],[-147.4255,64.6812],[-147.4384,64.6858],[-147.4535,64.6835],[-147.4665,64.691]]},"properties":{"name":"Unnamed Stream","layer":"nhd_perennial_streams","stream_type":"Perennial Stream","length_miles":null,"flow_direction":"","reach_code":""}},{"type":"Feature","geometry":{"type":"LineString","coordinates":[[-147.1326,64.5291],[-147.1222,64.525],[-147.1238,64.5327]]},"properties":{"name":"Unnamed Stream","layer":"nhd_perennial_streams","stream_type":"Perennial Stream","length_miles":null,"flow_direction":"","reach_code":""}},{"type":"Feature","geometry":{"type":"LineString","coordinates":[[-147.1925,64.6984],[-147.1956,64.7002]]},"properties":{"name":"Unnamed Stream","layer":"nhd_perennial_streams","stream_type":"Perennial Stream","length_miles":null,"flow_direction":"","reach_code":""}},{"type":"Feature","geometry":{"type":"LineString","coordinates":[[-147.0882,64.6116],[-147.0812,64.6157]]},"properties":{"name":"Unnamed Stream","layer":"nhd_perennial_streams","stream_type":"Perennial Stream","length_miles":null,"flow_direction":"","reach_code":""}},{"type":"Feature","geometry":{"type":"LineString","coordinates":[[-147.183,64.6414],[-147.1851,64.6471]]},"properties":{"name":"Unnamed Stream","layer":"nhd_perennial_streams","stream_type":"Perennial Stream","length_miles":null,"flow_direction":"","reach_code":""}},{"type":"Feature","geometry":{"type":"LineString","coordinates":[[-147.2606,64.5422],[-147.266,64.5432]]},"properties":{"name":"Unnamed Stream","layer":"nhd_perennial_streams","stream_type":"Perennial Stream","length_miles":null,"flow_direction":"","reach_code":""}},{"type":"Feature","geometry":{"type":"LineString","coordinates":[[-147.2565,64.5167],[-147.262,64.5223],[-147.2597,64.5258],[-147.2628,64.5337]]},"properties":{"name":"Unnamed Stream","layer":"nhd_perennial_streams","stream_type":"Perennial Stream","length_miles":null,"flow_direction":"","reach_code":""}},{"type":"Feature","geometry":{"type":"LineString","coordinates":[[-147.0835,64.6248],[-147.0865,64.6245]]},"properties":{"name":"Unnamed Stream","layer":"nhd_perennial_streams","stream_type":"Perennial Stream","length_miles":null,"flow_direction":"","reach_code":""}},{"type":"Feature","geometry":{"type":"LineString","coordinates":[[-147.1883,64.6436],[-147.1851,64.6471]]},"properties":{"name":"Unnamed Stream","layer":"nhd_perennial_streams","stream_type":"Perennial Stream","length_miles":null,"flow_direction":"","reach_code":""}},{"type":"Feature","geometry":{"type":"LineString","coordinates":[[-147.2556,64.5029],[-147.2772,64.5072],[-147.2837,64.512],[-147.2854,64.519]]},"properties":{"name":"Unnamed Stream","layer":"nhd_perennial_streams","stream_type":"Perennial Stream","length_miles":null,"flow_direction":"","reach_code":""}},{"type":"Feature","geometry":{"type":"LineString","coordinates":[[-147.429,64.7352],[-147.4341,64.7354]]},"properties":{"name":"Unnamed Stream","layer":"nhd_perennial_streams","stream_type":"Perennial Stream","length_miles":null,"flow_direction":"","reach_code":""}},{"type":"Feature","geometry":{"type":"LineString","coordinates":[[-147.2108,64.7194],[-147.2105,64.7204]]},"properties":{"name":"Unnamed Stream","layer":"nhd_perennial_streams","stream_type":"Perennial Stream","length_miles":null,"flow_direction":"","reach_code":""}},{"type":"Feature","geometry":{"type":"LineString","coordinates":[[-147.1478,64.6133],[-147.1491,64.6182],[-147.1453,64.6188],[-147.1491,64.6238],[-147.1441,64.6269],[-147.1523,64.6325],[-147.1488,64.6369],[-147.1626,64.6401],[-147.1619,64.6435],[-147.1675,64.6464],[-147.1629,64.6519],[-147.1746,64.6553],[-147.1697,64.6561],[-147.1632,64.6631],[-147.1706,64.6688],[-147.1508,64.671]]},"properties":{"name":"Unnamed Stream","layer":"nhd_perennial_streams","stream_type":"Perennial Stream","length_miles":null,"flow_direction":"","reach_code":""}},{"type":"Feature","geometry":{"type":"LineString","coordinates":[[-147.1365,64.5713],[-147.1477,64.5729]]},"properties":{"name":"Unnamed Stream","layer":"nhd_perennial_streams","stream_type":"Perennial Stream","length_miles":null,"flow_direction":"","reach_code":""}},{"type":"Feature","geometry":{"type":"LineString","coordinates":[[-147.3565,64.7282],[-147.3566,64.7296]]},"properties":{"name":"Unnamed Stream","layer":"nhd_perennial_streams","stream_type":"Perennial Stream","length_miles":null,"flow_direction":"","reach_code":""}},{"type":"Feature","geometry":{"type":"LineString","coordinates":[[-147.1492,64.5045],[-147.1503,64.5071],[-147.1458,64.5104],[-147.1516,64.5158],[-147.1511,64.5213],[-147.1605,64.5258],[-147.1611,64.5333]]},"properties":{"name":"Unnamed Stream","layer":"nhd_perennial_streams","stream_type":"Perennial Stream","length_miles":null,"flow_direction":"","reach_code":""}},{"type":"Feature","geometry":{"type":"LineString","coordinates":[[-147.2043,64.7044],[-147.2206,64.7063]]},"properties":{"name":"Unnamed Stream","layer":"nhd_perennial_streams","stream_type":"Perennial Stream","length_miles":null,"flow_direction":"","reach_code":""}},{"type":"Feature","geometry":{"type":"LineString","coordinates":[[-147.2855,64.7203],[-147.3246,64.7211]]},"properties":{"name":"Unnamed Stream","layer":"nhd_perennial_streams","stream_type":"Perennial Stream","length_miles":null,"flow_direction":"","reach_code":""}},{"type":"Feature","geometry":{"type":"LineString","coordinates":[[-147.168,64.5661],[-147.1672,64.5671]]},"properties":{"name":"Unnamed Stream","layer":"nhd_perennial_streams","stream_type":"Perennial Stream","length_miles":null,"flow_direction":"","reach_code":""}},{"type":"Feature","geometry":{"type":"LineString","coordinates":[[-147.1496,64.5692],[-147.1539,64.5747],[-147.1752,64.5827]]},"properties":{"name":"Unnamed Stream","layer":"nhd_perennial_streams","stream_type":"Perennial Stream","length_miles":null,"flow_direction":"","reach_code":""}},{"type":"Feature","geometry":{"type":"LineString","coordinates":[[-147.6,64.6465],[-147.6072,64.6525],[-147.6314,64.6602]]},"properties":{"name":"Unnamed Stream","layer":"nhd_perennial_streams","stream_type":"Perennial Stream","length_miles":null,"flow_direction":"","reach_code":""}},{"type":"Feature","geometry":{"type":"LineString","coordinates":[[-147.2988,64.4567],[-147.3152,64.4651],[-147.3178,64.4713]]},"properties":{"name":"Unnamed Stream","layer":"nhd_perennial_streams","stream_type":"Perennial Stream","length_miles":null,"flow_direction":"","reach_code":""}},{"type":"Feature","geometry":{"type":"LineString","coordinates":[[-147.1579,64.6665],[-147.1517,64.6705]]},"properties":{"name":"Unnamed Stream","layer":"nhd_perennial_streams","stream_type":"Perennial Stream","length_miles":null,"flow_direction":"","reach_code":""}},{"type":"Feature","geometry":{"type":"LineString","coordinates":[[-147.4665,64.691],[-147.467,64.6917]]},"properties":{"name":"Unnamed Stream","layer":"nhd_perennial_streams","stream_type":"Perennial Stream","length_miles":null,"flow_direction":"","reach_code":""}},{"type":"Feature","geometry":{"type":"LineString","coordinates":[[-147.5909,64.681],[-147.6158,64.6913],[-147.6328,64.6926]]},"properties":{"name":"Unnamed Stream","layer":"nhd_perennial_streams","stream_type":"Perennial Stream","length_miles":null,"flow_direction":"","reach_code":""}},{"type":"Feature","geometry":{"type":"LineString","coordinates":[[-147.2434,64.4849],[-147.2683,64.4976],[-147.2712,64.5041],[-147.2859,64.5089],[-147.2966,64.5256],[-147.3124,64.5318]]},"properties":{"name":"Unnamed Stream","layer":"nhd_perennial_streams","stream_type":"Perennial Stream","length_miles":null,"flow_direction":"","reach_code":""}},{"type":"Feature","geometry":{"type":"LineString","coordinates":[[-147.1539,64.6832],[-147.1499,64.6865],[-147.1548,64.688],[-147.1545,64.6915],[-147.1473,64.6924]]},"properties":{"name":"Unnamed Stream","layer":"nhd_perennial_streams","stream_type":"Perennial Stream","length_miles":null,"flow_direction":"","reach_code":""}},{"type":"Feature","geometry":{"type":"LineString","coordinates":[[-147.3737,64.6484],[-147.3936,64.651],[-147.3937,64.6542],[-147.4037,64.6599],[-147.4061,64.665],[-147.4152,64.6668],[-147.4131,64.6668]]},"properties":{"name":"Unnamed Stream","layer":"nhd_perennial_streams","stream_type":"Perennial Stream","length_miles":null,"flow_direction":"","reach_code":""}},{"type":"Feature","geometry":{"type":"LineString","coordinates":[[-147.5502,64.5056],[-147.5863,64.5192]]},"properties":{"name":"Unnamed Stream","layer":"nhd_perennial_streams","stream_type":"Perennial Stream","length_miles":null,"flow_direction":"","reach_code":""}},{"type":"Feature","geometry":{"type":"LineString","coordinates":[[-147.1154,64.5562],[-147.1205,64.5576]]},"properties":{"name":"Unnamed Stream","layer":"nhd_perennial_streams","stream_type":"Perennial Stream","length_miles":null,"flow_direction":"","reach_code":""}},{"type":"Feature","geometry":{"type":"LineString","coordinates":[[-147.662,64.5526],[-147.66,64.5546],[-147.6673,64.5586]]},"properties":{"name":"Unnamed Stream","layer":"nhd_perennial_streams","stream_type":"Perennial Stream","length_miles":null,"flow_direction":"","reach_code":""}},{"type":"Feature","geometry":{"type":"LineString","coordinates":[[-147.522,64.4875],[-147.5355,64.4908],[-147.5482,64.5001],[-147.5502,64.5056]]},"properties":{"name":"Unnamed Stream","layer":"nhd_perennial_streams","stream_type":"Perennial Stream","length_miles":null,"flow_direction":"","reach_code":""}},{"type":"Feature","geometry":{"type":"LineString","coordinates":[[-147.1851,64.6471],[-147.189,64.6511],[-147.2015,64.6513]]},"properties":{"name":"Unnamed Stream","layer":"nhd_perennial_streams","stream_type":"Perennial Stream","length_miles":null,"flow_direction":"","reach_code":""}},{"type":"Feature","geometry":{"type":"LineString","coordinates":[[-147.3637,64.7167],[-147.3724,64.7183]]},"properties":{"name":"Unnamed Stream","layer":"nhd_perennial_streams","stream_type":"Perennial Stream","length_miles":null,"flow_direction":"","reach_code":""}},{"type":"Feature","geometry":{"type":"LineString","coordinates":[[-147.6112,64.6498],[-147.6186,64.6532]]},"properties":{"name":"Unnamed Stream","layer":"nhd_perennial_streams","stream_type":"Perennial Stream","length_miles":null,"flow_direction":"","reach_code":""}},{"type":"Feature","geometry":{"type":"LineString","coordinates":[[-147.3815,64.7484],[-147.3922,64.7525]]},"properties":{"name":"Unnamed Stream","layer":"nhd_perennial_streams","stream_type":"Perennial Stream","length_miles":null,"flow_direction":"","reach_code":""}},{"type":"Feature","geometry":{"type":"LineString","coordinates":[[-147.0854,64.5954],[-147.0927,64.5994]]},"properties":{"name":"Unnamed Stream","layer":"nhd_perennial_streams","stream_type":"Perennial Stream","length_miles":null,"flow_direction":"","reach_code":""}},{"type":"Feature","geometry":{"type":"LineString","coordinates":[[-147.3701,64.7155],[-147.375,64.7182]]},"properties":{"name":"Unnamed Stream","layer":"nhd_perennial_streams","stream_type":"Perennial Stream","length_miles":null,"flow_direction":"","reach_code":""}},{"type":"Feature","geometry":{"type":"LineString","coordinates":[[-147.3616,64.6853],[-147.3678,64.6852]]},"properties":{"name":"Unnamed Stream","layer":"nhd_perennial_streams","stream_type":"Perennial Stream","length_miles":null,"flow_direction":"","reach_code":""}},{"type":"Feature","geometry":{"type":"LineString","coordinates":[[-147.2846,64.7027],[-147.2843,64.7055]]},"properties":{"name":"Unnamed Stream","layer":"nhd_perennial_streams","stream_type":"Perennial Stream","length_miles":null,"flow_direction":"","reach_code":""}},{"type":"Feature","geometry":{"type":"Polygon","coordinates":[[[-147.4848,64.8339],[-147.4703,64.8353],[-147.4553,64.8319],[-147.4552,64.8282],[-147.4418,64.8288],[-147.4381,64.8257],[-147.4398,64.8177],[-147.4192,64.8176],[-147.3795,64.8032],[-147.3944,64.7984],[-147.3859,64.7913],[-147.3871,64.785],[-147.3597,64.7845],[-147.35,64.7722],[-147.3413,64.7683],[-147.3433,64.7605],[-147.3168,64.763],[-147.3164,64.7603],[-147.326,64.7601],[-147.3292,64.7568],[-147.3126,64.7491],[-147.3104,64.7448],[-147.2927,64.7433],[-147.3057,64.7375],[-147.27,64.726],[-147.2766,64.7259],[-147.2796,64.7293],[-147.2876,64.7301],[-147.2898,64.7342],[-147.3058,64.7372],[-147.2936,64.7434],[-147.3105,64.7446],[-147.313,64.749],[-147.3253,64.7524],[-147.3302,64.7574],[-147.3171,64.7604],[-147.3176,64.7631],[-147.3467,64.761],[-147.3415,64.7669],[-147.3509,64.7723],[-147.3602,64.7842],[-147.3881,64.7846],[-147.3866,64.7911],[-147.3955,64.7979],[-147.38,64.8029],[-147.4204,64.8175],[-147.4407,64.8176],[-147.4388,64.8248],[-147.442,64.8285],[-147.4553,64.8278],[-147.4566,64.8321],[-147.4685,64.8346],[-147.4858,64.8336],[-147.4882,64.8348],[-147.4856,64.8398],[-147.4872,64.8351],[-147.4848,64.8339]]]},"properties":{"name":"Unnamed Stream Area","layer":"nhd_stream_areas","waterbody_type":"River/Stream Area","area_acres":227.97,"fcode":46006}},{"type":"Feature","geometry":{"type":"MultiPolygon","coordinates":[[[[-147.2649,64.6415],[-147.2565,64.6408],[-147.2798,64.6463],[-147.2887,64.6448],[-147.2859,64.6477],[-147.3012,64.6658],[-147.322,64.6673],[-147.3245,64.6728],[-147.3426,64.6786],[-147.3432,64.6843],[-147.3745,64.6861],[-147.3864,64.6827],[-147.4011,64.6901],[-147.4033,64.6966],[-147.4143,64.6955],[-147.4281,64.7006],[-147.4428,64.6975],[-147.4513,64.7013],[-147.4674,64.7007],[-147.469,64.7054],[-147.4841,64.7085],[-147.5091,64.7025],[-147.5325,64.7072],[-147.5325,64.7122],[-147.5369,64.7137],[-147.5974,64.7232],[-147.6122,64.7332],[-147.6587,64.7324],[-147.6625,64.7335],[-147.6617,64.736],[-147.6933,64.7385],[-147.6944,64.7415],[-147.7073,64.7385],[-147.7046,64.7356],[-147.7345,64.7383],[-147.7426,64.7361],[-147.799,64.7446],[-147.8004,64.7472],[-147.8354,64.7465],[-147.8438,64.7502],[-147.863,64.7457],[-147.8981,64.7462],[-147.9145,64.7414],[-147.9225,64.7428],[-147.9379,64.7362],[-147.9603,64.7346],[-147.9777,64.7356],[-147.9967,64.7412],[-148.0043,64.7384],[-148.0001,64.746],[-148.0214,64.7485],[-148.0319,64.7394],[-148.0437,64.7435],[-148.0443,64.7359],[-148.0492,64.7315],[-148.1095,64.7319],[-148.1151,64.7308],[-148.1149,64.7245],[-148.1291,64.7191],[-148.1531,64.7187],[-148.1489,64.7125],[-148.1485,64.705],[-148.1568,64.7004],[-148.1733,64.6988],[-148.1947,64.7063],[-148.2044,64.6908],[-148.2354,64.6877],[-148.242,64.6833],[-148.229,64.6765],[-148.2282,64.6729],[-148.2315,64.6696],[-148.2097,64.6738],[-148.2241,64.6695],[-148.2688,64.6661],[-148.282,64.661],[-148.2838,64.6565],[-148.2944,64.6543],[-148.2838,64.6518],[-148.2868,64.6492],[-148.3162,64.6514],[-148.3215,64.6494],[-148.3183,64.6461],[-148.3279,64.6487],[-148.3475,64.6419],[-148.3723,64.641],[-148.3855,64.6465],[-148.4103,64.6483],[-148.4167,64.6524],[-148.4142,64.6577],[-148.4273,64.6612],[-148.4499,64.6579],[-148.4853,64.6472],[-148.4994,64.6471],[-148.5181,64.653],[-148.5455,64.6451],[-148.5438,64.6393],[-148.5315,64.6384],[-148.5259,64.6444],[-148.5204,64.6449],[-148.5249,64.6446],[-148.5296,64.6383],[-148.5434,64.6387],[-148.5464,64.6448],[-148.5625,64.6403],[-148.5838,64.6414],[-148.6098,64.6357],[-148.6463,64.6336],[-148.6619,64.6253],[-148.6583,64.6201],[-148.6556,64.6214],[-148.6565,64.6185],[-148.6455,64.6063],[-148.6434,64.5993],[-148.6516,64.5919],[-148.6609,64.5893],[-148.645,64.5861],[-148.6272,64.5929],[-148.6351,64.5971],[-148.6265,64.593],[-148.6415,64.5853],[-148.6623,64.5888],[-148.6766,64.5851],[-148.6747,64.5813],[-148.6622,64.5778],[-148.6504,64.5788],[-148.6575,64.5774],[-148.6765,64.5812],[-148.678,64.5846],[-148.7031,64.588],[-148.7439,64.5624],[-148.7689,64.564],[-148.7711,64.5701],[-148.7764,64.5714],[-148.8195,64.5744],[-148.8487,64.5725],[-148.8689,64.5666],[-148.8825,64.5689],[-148.9182,64.5653],[-148.9291,64.5719],[-148.927,64.5812],[-148.9415,64.5837],[-148.9608,64.5788],[-148.9615,64.5711],[-148.9543,64.5668],[-148.9528,64.5625],[-148.9576,64.5574],[-148.9695,64.556],[-148.9746,64.5516],[-148.987,64.5528],[-148.9989,64.5611],[-149.0142,64.5607],[-149.0137,64.5575],[-149.017,64.5563],[-149.0399,64.5575],[-149.0591,64.5541],[-149.0719,64.5658],[-149.1022,64.5647],[-149.103,64.5672],[-149.0946,64.568],[-149.1033,64.569],[-149.067,64.568],[-149.0579,64.5592],[-149.0488,64.5573],[-149.0452,64.5595],[-149.047,64.5672],[-149.041,64.5714],[-149.0247,64.5745],[-148.9676,64.5741],[-148.9657,64.5817],[-148.9505,64.5863],[-148.9297,64.5844],[-148.9232,64.5808],[-148.9241,64.5785],[-148.901,64.5728],[-148.8849,64.5723],[-148.8729,64.5809],[-148.8458,64.5838],[-148.7926,64.5794],[-148.7693,64.5733],[-148.7554,64.579],[-148.7293,64.5824],[-148.7311,64.5882],[-148.7267,64.5912],[-148.6687,64.5902],[-148.6626,64.5946],[-148.6647,64.6012],[-148.6562,64.6091],[-148.6682,64.6185],[-148.6723,64.6275],[-148.671,64.6355],[-148.6615,64.6411],[-148.627,64.6387],[-148.6009,64.6476],[-148.5849,64.6442],[-148.5631,64.6451],[-148.553,64.6498],[-148.5439,64.6493],[-148.5075,64.6573],[-148.4777,64.6542],[-148.4477,64.6617],[-148.4025,64.6656],[-148.3982,64.6645],[-148.3978,64.661],[-148.3862,64.663],[-148.3699,64.6547],[-148.3631,64.6587],[-148.3506,64.6591],[-148.3575,64.6703],[-148.334,64.6754],[-148.2996,64.6774],[-148.283,64.6865],[-148.2853,64.6937],[-148.2749,64.698],[-148.2341,64.6986],[-148.2256,64.7059],[-148.2223,64.7139],[-148.2028,64.717],[-148.1938,64.7238],[-148.1847,64.7185],[-148.1731,64.7206],[-148.1848,64.7233],[-148.1861,64.7264],[-148.1733,64.7271],[-148.1653,64.7338],[-148.103,64.7351],[-148.059,64.7513],[-148.0419,64.7516],[-148.0225,64.757],[-148.0174,64.7618],[-148.0036,64.7659],[-148.009,64.7714],[-147.9969,64.7787],[-147.997,64.7819],[-147.9625,64.7885],[-147.9466,64.7978],[-147.9309,64.8003],[-147.9185,64.8],[-147.9077,64.7933],[-147.8931,64.79],[-147.8741,64.7955],[-147.8752,64.792],[-147.8158,64.8002],[-147.7533,64.7994],[-147.7443,64.7969],[-147.76,64.797],[-147.7413,64.7983],[-147.7391,64.7948],[-147.7443,64.7939],[-147.7151,64.7845],[-147.7185,64.7806],[-147.7599,64.7862],[-147.7771,64.7819],[-147.7952,64.7822],[-147.8353,64.7914],[-147.8495,64.7911],[-147.8556,64.7873],[-147.8683,64.7893],[-147.9009,64.781],[-147.9098,64.7842],[-147.9234,64.7808],[-147.9296,64.7844],[-147.9501,64.7856],[-147.975,64.7747],[-147.9967,64.7719],[-147.9987,64.7659],[-147.9919,64.7519],[-147.9968,64.7478],[-148.007,64.7479],[-147.9976,64.745],[-148.0036,64.739],[-147.9969,64.7418],[-147.9861,64.7381],[-147.9872,64.7429],[-147.9748,64.7408],[-147.9793,64.7441],[-147.9705,64.7438],[-147.9644,64.7484],[-147.9555,64.7476],[-147.966,64.748],[-147.97,64.7437],[-147.9784,64.7442],[-147.9739,64.7406],[-147.9872,64.7426],[-147.987,64.7402],[-147.9767,64.7359],[-147.9498,64.7355],[-147.9225,64.7434],[-147.8629,64.7464],[-147.8442,64.7507],[-147.8345,64.7467],[-147.801,64.7479],[-147.7978,64.7446],[-147.7803,64.7442],[-147.74,64.7365],[-147.7334,64.7386],[-147.7043,64.7358],[-147.7091,64.7393],[-147.6945,64.7418],[-147.6935,64.7389],[-147.6753,64.7388],[-147.6606,64.7361],[-147.6616,64.7335],[-147.6488,64.7328],[-147.6197,64.737],[-147.6067,64.7351],[-147.6008,64.7391],[-147.5864,64.7404],[-147.57,64.7364],[-147.5739,64.7347],[-147.5712,64.7327],[-147.5581,64.736],[-147.5527,64.7324],[-147.5114,64.7291],[-147.5127,64.7274],[-147.4956,64.7213],[-147.4984,64.7196],[-147.4935,64.719],[-147.497,64.7156],[-147.4871,64.7115],[-147.471,64.7154],[-147.4529,64.7131],[-147.4421,64.7093],[-147.4463,64.706],[-147.439,64.7059],[-147.4382,64.7029],[-147.4177,64.6993],[-147.4139,64.6958],[-147.4007,64.6965],[-147.4002,64.691],[-147.3859,64.6833],[-147.3722,64.6868],[-147.3398,64.6847],[-147.3376,64.6836],[-147.3406,64.679],[-147.3313,64.6789],[-147.3184,64.6679],[-147.3076,64.6694],[-147.2941,64.6649],[-147.2931,64.6614],[-147.284,64.659],[-147.2913,64.6562],[-147.2894,64.6529],[-147.2747,64.6498],[-147.2683,64.6516],[-147.2627,64.6466],[-147.2659,64.6424],[-147.2552,64.6415],[-147.2661,64.6421],[-147.2636,64.647],[-147.2689,64.6514],[-147.2897,64.6522],[-147.2849,64.6472],[-147.2876,64.6448],[-147.2804,64.6468],[-147.2649,64.6415]],[[-147.3196,64.6677],[-147.3201,64.6678],[-147.3179,64.6672],[-147.3196,64.6677]],[[-147.4153,64.6971],[-147.4157,64.6973],[-147.4148,64.6962],[-147.4153,64.6971]],[[-147.3308,64.6777],[-147.3301,64.6769],[-147.3304,64.6779],[-147.3308,64.6777]],[[-147.3079,64.6687],[-147.3068,64.6683],[-147.3087,64.669],[-147.3079,64.6687]],[[-147.6049,64.7364],[-147.6035,64.7368],[-147.6044,64.737],[-147.6049,64.7364]],[[-147.3608,64.6852],[-147.3581,64.6858],[-147.3593,64.6858],[-147.3608,64.6852]],[[-147.66,64.7329],[-147.6574,64.733],[-147.6597,64.7332],[-147.66,64.7329]],[[-148.6535,64.6054],[-148.6546,64.6044],[-148.6535,64.6047],[-148.6535,64.6054]],[[-147.6288,64.7338],[-147.632,64.7338],[-147.6285,64.7337],[-147.6288,64.7338]],[[-147.7569,64.792],[-147.7551,64.7913],[-147.7544,64.7916],[-147.7569,64.792]],[[-148.2695,64.6666],[-148.2712,64.6658],[-148.2702,64.6655],[-148.2695,64.6666]],[[-147.312,64.6682],[-147.3084,64.6685],[-147.3131,64.6679],[-147.312,64.6682]],[[-147.914,64.7842],[-147.9117,64.7847],[-147.9124,64.7852],[-147.914,64.7842]],[[-147.3399,64.6837],[-147.3411,64.6837],[-147.3408,64.6826],[-147.3399,64.6837]],[[-148.1969,64.7044],[-148.1959,64.705],[-148.1975,64.7062],[-148.1969,64.7044]],[[-147.9502,64.7862],[-147.9478,64.7868],[-147.9496,64.7872],[-147.9502,64.7862]],[[-148.3236,64.6608],[-148.3217,64.6605],[-148.3216,64.6617],[-148.3236,64.6608]],[[-148.1625,64.7145],[-148.1594,64.7146],[-148.1599,64.7153],[-148.1625,64.7145]],[[-148.6533,64.6058],[-148.6529,64.6036],[-148.6523,64.6065],[-148.6533,64.6058]],[[-148.1398,64.7294],[-148.141,64.7288],[-148.1366,64.7299],[-148.1398,64.7294]],[[-147.9452,64.7866],[-147.9389,64.7868],[-147.9416,64.7872],[-147.9452,64.7866]],[[-148.3381,64.6583],[-148.3333,64.6589],[-148.337,64.659],[-148.3381,64.6583]],[[-148.7838,64.5733],[-148.7857,64.5732],[-148.7811,64.5729],[-148.7838,64.5733]],[[-148.3327,64.6677],[-148.3377,64.6677],[-148.331,64.667],[-148.3327,64.6677]],[[-147.7676,64.7948],[-147.7667,64.7951],[-147.7736,64.7949],[-147.7676,64.7948]],[[-148.3429,64.6469],[-148.3472,64.6438],[-148.343,64.646],[-148.3429,64.6469]],[[-148.8001,64.5773],[-148.7964,64.5763],[-148.8009,64.5779],[-148.8001,64.5773]],[[-147.9796,64.7791],[-147.9747,64.7811],[-147.9782,64.7809],[-147.9796,64.7791]],[[-148.3882,64.6493],[-148.393,64.6492],[-148.3846,64.6481],[-148.3882,64.6493]],[[-148.1544,64.7191],[-148.1521,64.7207],[-148.1555,64.721],[-148.1544,64.7191]],[[-147.2998,64.6645],[-147.2942,64.6634],[-147.2995,64.6657],[-147.2998,64.6645]],[[-148.1626,64.7069],[-148.1638,64.7062],[-148.157,64.7078],[-148.1626,64.7069]],[[-147.9811,64.7833],[-147.9801,64.7831],[-147.9697,64.7865],[-147.9811,64.7833]],[[-148.2927,64.6744],[-148.2887,64.676],[-148.2909,64.6765],[-148.2927,64.6744]],[[-147.7473,64.7946],[-147.7407,64.795],[-147.7456,64.7954],[-147.7473,64.7946]],[[-148.7344,64.5795],[-148.7278,64.5812],[-148.7311,64.5814],[-148.7344,64.5795]],[[-148.1597,64.7262],[-148.1594,64.7235],[-148.1576,64.7273],[-148.1597,64.7262]],[[-147.4332,64.7011],[-147.4364,64.7005],[-147.4309,64.7007],[-147.4332,64.7011]],[[-148.2128,64.7114],[-148.2087,64.7118],[-148.206,64.7131],[-148.2128,64.7114]],[[-147.8435,64.7948],[-147.8384,64.7956],[-147.8477,64.7951],[-147.8435,64.7948]],[[-148.555,64.6459],[-148.549,64.6472],[-148.553,64.6476],[-148.555,64.6459]],[[-148.2084,64.7107],[-148.2117,64.7109],[-148.2152,64.7091],[-148.2084,64.7107]],[[-148.1839,64.7245],[-148.1746,64.726],[-148.1829,64.7263],[-148.1839,64.7245]],[[-147.9222,64.7921],[-147.9177,64.7906],[-147.9148,64.7915],[-147.9222,64.7921]],[[-148.1606,64.7062],[-148.1649,64.7054],[-148.1575,64.7071],[-148.1606,64.7062]],[[-148.2852,64.6803],[-148.2887,64.6806],[-148.2914,64.679],[-148.2852,64.6803]],[[-148.1632,64.7299],[-148.1555,64.7318],[-148.1605,64.7317],[-148.1632,64.7299]],[[-148.1654,64.7087],[-148.1733,64.7079],[-148.1633,64.7084],[-148.1654,64.7087]],[[-148.6589,64.6009],[-148.6562,64.6004],[-148.6565,64.6034],[-148.6589,64.6009]],[[-148.1661,64.7192],[-148.1698,64.72],[-148.1754,64.7184],[-148.1661,64.7192]],[[-148.6592,64.5979],[-148.6597,64.595],[-148.6565,64.5957],[-148.6567,64.5986],[-148.6592,64.5979]],[[-147.7946,64.7864],[-147.7907,64.7866],[-147.7985,64.7863],[-147.7946,64.7864]],[[-148.3356,64.6511],[-148.3348,64.6487],[-148.3312,64.6504],[-148.3356,64.6511]],[[-148.1143,64.734],[-148.1262,64.7334],[-148.1213,64.7329],[-148.1143,64.734]],[[-148.6507,64.604],[-148.6535,64.6022],[-148.6517,64.5994],[-148.6487,64.6034],[-148.6507,64.604]],[[-148.6581,64.5995],[-148.6608,64.6019],[-148.6632,64.5997],[-148.6581,64.5995]],[[-147.9341,64.7881],[-147.9251,64.7917],[-147.9356,64.7881],[-147.9341,64.7881]],[[-148.2702,64.6748],[-148.2784,64.6744],[-148.2678,64.6744],[-148.2702,64.6748]],[[-148.0478,64.7354],[-148.0575,64.7312],[-148.0491,64.7321],[-148.0478,64.7354]],[[-148.72,64.5868],[-148.7075,64.5884],[-148.715,64.5883],[-148.72,64.5868]],[[-148.1224,64.7232],[-148.1167,64.7249],[-148.1166,64.7276],[-148.1205,64.7294],[-148.1194,64.7251],[-148.1224,64.7232]],[[-148.4042,64.6497],[-148.4126,64.6548],[-148.41,64.6512],[-148.4042,64.6497]],[[-147.8568,64.7882],[-147.8525,64.7908],[-147.8607,64.79],[-147.8568,64.7882]],[[-147.7989,64.7878],[-147.8119,64.7881],[-147.8084,64.7864],[-147.7989,64.7878]],[[-147.7522,64.7889],[-147.7446,64.7859],[-147.737,64.7876],[-147.7522,64.7889]],[[-148.2855,64.6746],[-148.269,64.6754],[-148.2809,64.6764],[-148.2855,64.6746]],[[-148.7483,64.567],[-148.7599,64.5661],[-148.7453,64.5663],[-148.7483,64.567]],[[-148.3543,64.6493],[-148.3662,64.6505],[-148.3675,64.6492],[-148.3543,64.6493]],[[-149.0349,64.5696],[-149.0415,64.5688],[-149.0421,64.5646],[-149.0349,64.5696]],[[-148.3049,64.6714],[-148.2944,64.6737],[-148.2929,64.676],[-148.3049,64.6714]],[[-148.1501,64.7309],[-148.1635,64.7269],[-148.1618,64.7253],[-148.1476,64.7309],[-148.1501,64.7309]],[[-148.1554,64.7273],[-148.1557,64.7257],[-148.1407,64.7302],[-148.1554,64.7273]],[[-148.1695,64.7094],[-148.1605,64.7094],[-148.1575,64.7124],[-148.1625,64.7141],[-148.1695,64.7094]],[[-148.727,64.5801],[-148.7509,64.5786],[-148.7359,64.5765],[-148.727,64.5801]],[[-148.0748,64.7389],[-148.0811,64.7404],[-148.0882,64.737],[-148.0748,64.7389]],[[-148.715,64.5837],[-148.7203,64.5824],[-148.7197,64.5796],[-148.7129,64.5861],[-148.7202,64.586],[-148.7205,64.5829],[-148.715,64.5837]],[[-147.7882,64.7862],[-147.7996,64.784],[-147.7908,64.7825],[-147.7868,64.7842],[-147.7882,64.7862]],[[-148.6094,64.6435],[-148.6331,64.6371],[-148.6177,64.6382],[-148.6094,64.6435]],[[-148.6009,64.6456],[-148.6107,64.6396],[-148.5966,64.6443],[-148.6009,64.6456]],[[-148.0037,64.7614],[-148.0091,64.7588],[-148.0046,64.7546],[-148.0169,64.7515],[-148.0021,64.7549],[-148.0037,64.7614]],[[-148.1682,64.7205],[-148.1626,64.7212],[-148.1739,64.7254],[-148.1829,64.7242],[-148.1682,64.7205]],[[-148.9833,64.5724],[-148.987,64.5714],[-148.9771,64.57],[-148.9688,64.5728],[-148.9833,64.5724]],[[-148.3501,64.6654],[-148.3473,64.6708],[-148.3574,64.6693],[-148.3514,64.6627],[-148.3501,64.6654]],[[-147.2869,64.6608],[-147.3004,64.6641],[-147.2916,64.6567],[-147.2855,64.6573],[-147.2869,64.6608]],[[-148.1988,64.7066],[-148.1903,64.7099],[-148.2045,64.7085],[-148.2003,64.7054],[-148.2,64.6995],[-148.1988,64.7066]],[[-148.7374,64.5699],[-148.764,64.5687],[-148.7421,64.5672],[-148.7374,64.5699]],[[-147.9914,64.7786],[-147.9821,64.783],[-147.9962,64.7817],[-147.9971,64.7769],[-147.9914,64.7786]],[[-148.4017,64.6503],[-148.3965,64.6502],[-148.3988,64.6541],[-148.4111,64.657],[-148.4017,64.6503]],[[-148.2609,64.6958],[-148.275,64.6924],[-148.2623,64.6916],[-148.2596,64.693],[-148.2609,64.6958]],[[-148.3619,64.6545],[-148.3532,64.6519],[-148.347,64.6547],[-148.3468,64.6583],[-148.3619,64.6545]],[[-147.9489,64.7887],[-147.9349,64.7892],[-147.9208,64.7933],[-147.9489,64.7887]],[[-148.4763,64.6541],[-148.5084,64.6566],[-148.4849,64.653],[-148.4629,64.6577],[-148.4763,64.6541]],[[-148.5031,64.6489],[-148.4851,64.6488],[-148.506,64.652],[-148.5031,64.6489]],[[-148.3521,64.6518],[-148.3458,64.6498],[-148.3384,64.6527],[-148.3462,64.6577],[-148.3465,64.6541],[-148.3521,64.6518]],[[-148.0102,64.7575],[-148.0273,64.7533],[-148.0142,64.7523],[-148.0052,64.755],[-148.0102,64.7575]],[[-147.9286,64.7867],[-147.9397,64.786],[-147.9242,64.7816],[-147.913,64.7856],[-147.9151,64.7878],[-147.9286,64.7867]],[[-148.0167,64.7566],[-148.0041,64.7651],[-148.0327,64.7536],[-148.0167,64.7566]],[[-148.0767,64.74],[-148.0584,64.7421],[-148.0598,64.7478],[-148.0799,64.7408],[-148.0767,64.74]],[[-148.3487,64.6451],[-148.383,64.647],[-148.3714,64.6422],[-148.3487,64.6451]],[[-147.9326,64.7935],[-147.9201,64.7948],[-147.9392,64.7966],[-147.9529,64.7894],[-147.9326,64.7935]],[[-148.0245,64.7488],[-148.0438,64.7443],[-148.0336,64.7393],[-148.0244,64.7444],[-148.0245,64.7488]],[[-148.6531,64.6385],[-148.6613,64.6398],[-148.6672,64.6371],[-148.6678,64.6284],[-148.6476,64.6366],[-148.6531,64.6385]],[[-148.1778,64.7063],[-148.189,64.7097],[-148.1962,64.7069],[-148.1727,64.6992],[-148.1597,64.7003],[-148.1778,64.7063]],[[-148.3312,64.6591],[-148.3191,64.6559],[-148.3249,64.6606],[-148.3236,64.6625],[-148.342,64.6648],[-148.3395,64.6601],[-148.3312,64.6591]],[[-148.8907,64.5723],[-148.9231,64.5754],[-148.9073,64.5683],[-148.8875,64.5715],[-148.8907,64.5723]],[[-148.0472,64.7409],[-148.0425,64.7466],[-148.0301,64.7492],[-148.0596,64.7462],[-148.0527,64.7389],[-148.0472,64.7409]],[[-148.34,64.6696],[-148.3119,64.6644],[-148.3063,64.6725],[-148.3341,64.673],[-148.34,64.6696]],[[-147.8185,64.7908],[-147.7964,64.7899],[-147.7864,64.7928],[-147.8047,64.7969],[-147.8235,64.7919],[-147.8185,64.7908]],[[-147.7837,64.7907],[-147.7921,64.7895],[-147.7749,64.7834],[-147.7569,64.7901],[-147.7754,64.793],[-147.7837,64.7907]],[[-148.732,64.5766],[-148.7539,64.578],[-148.7668,64.573],[-148.7629,64.5695],[-148.7365,64.5704],[-148.7296,64.5768],[-148.732,64.5766]],[[-148.1353,64.7292],[-148.1563,64.7226],[-148.1348,64.7197],[-148.1217,64.7249],[-148.1236,64.7295],[-148.1353,64.7292]],[[-148.389,64.6525],[-148.3722,64.6521],[-148.3866,64.6624],[-148.3993,64.6593],[-148.4031,64.6649],[-148.4155,64.6617],[-148.389,64.6525]],[[-148.1667,64.7184],[-148.1856,64.7182],[-148.1943,64.7228],[-148.2004,64.7165],[-148.172,64.7094],[-148.1597,64.7158],[-148.1667,64.7184]],[[-148.2598,64.6681],[-148.267,64.6738],[-148.2875,64.6734],[-148.2999,64.67],[-148.3053,64.6629],[-148.2921,64.6595],[-148.2853,64.6633],[-148.2893,64.6682],[-148.2847,64.6719],[-148.2766,64.6677],[-148.2598,64.6681]],[[-148.0564,64.7405],[-148.1006,64.7331],[-148.0586,64.7312],[-148.0491,64.7356],[-148.0564,64.7405]],[[-148.8016,64.5736],[-148.7984,64.5745],[-148.8271,64.5806],[-148.8493,64.5816],[-148.8682,64.5779],[-148.8795,64.5703],[-148.8647,64.569],[-148.8524,64.5737],[-148.8246,64.5762],[-148.8016,64.5736]],[[-148.2012,64.7103],[-148.1942,64.7111],[-148.2043,64.7123],[-148.2169,64.7081],[-148.221,64.7054],[-148.2226,64.6962],[-148.2408,64.6927],[-148.2421,64.6896],[-148.2062,64.6909],[-148.2012,64.699],[-148.2013,64.7055],[-148.2058,64.7088],[-148.2012,64.7103]],[[-148.2714,64.6664],[-148.2849,64.6716],[-148.2885,64.6676],[-148.2843,64.6636],[-148.2911,64.6592],[-148.3019,64.6625],[-148.3154,64.6592],[-148.3212,64.6617],[-148.3166,64.6563],[-148.32,64.6546],[-148.3365,64.6575],[-148.3302,64.6515],[-148.3323,64.6485],[-148.3263,64.649],[-148.3242,64.6461],[-148.3179,64.6467],[-148.3226,64.6493],[-148.3178,64.6516],[-148.2873,64.6497],[-148.2848,64.6518],[-148.2957,64.6539],[-148.2845,64.657],[-148.2829,64.6615],[-148.2757,64.6624],[-148.2714,64.6664]],[[-148.2445,64.6939],[-148.2565,64.6955],[-148.2589,64.6917],[-148.2735,64.6898],[-148.2764,64.6795],[-148.2803,64.6767],[-148.2698,64.6769],[-148.2522,64.6693],[-148.233,64.6706],[-148.2302,64.674],[-148.2319,64.6773],[-148.2445,64.682],[-148.2373,64.6875],[-148.2458,64.6909],[-148.2445,64.6939]],[[-148.9936,64.5709],[-149.0272,64.5698],[-149.0369,64.5603],[-149.0168,64.5569],[-149.0131,64.5616],[-148.9969,64.5614],[-148.9867,64.5537],[-148.976,64.5522],[-148.9725,64.5564],[-148.9569,64.5611],[-148.9614,64.5689],[-148.9755,64.5659],[-148.9936,64.5709]],[[-147.4371,64.7014],[-147.4392,64.7052],[-147.4471,64.7054],[-147.4428,64.7089],[-147.4531,64.7128],[-147.4674,64.7127],[-147.47,64.7152],[-147.488,64.7113],[-147.4978,64.7157],[-147.4951,64.7189],[-147.4993,64.72],[-147.4962,64.7211],[-147.524,64.7313],[-147.5273,64.7287],[-147.5569,64.7328],[-147.5586,64.7357],[-147.5712,64.7324],[-147.5747,64.7347],[-147.5705,64.7361],[-147.5868,64.7402],[-147.6001,64.7388],[-147.606,64.7349],[-147.62,64.7367],[-147.6258,64.734],[-147.6119,64.7337],[-147.6067,64.728],[-147.5846,64.7198],[-147.5683,64.7201],[-147.5367,64.714],[-147.5312,64.7121],[-147.5339,64.7095],[-147.5322,64.7074],[-147.508,64.7027],[-147.4836,64.7087],[-147.4687,64.7057],[-147.4656,64.7039],[-147.4692,64.7024],[-147.4675,64.701],[-147.4515,64.7017],[-147.4425,64.6979],[-147.4371,64.7014]]],[[[-147.8054,64.7467],[-147.8042,64.7467],[-147.8053,64.7469],[-147.8054,64.7467]]],[[[-147.3951,64.6892],[-147.3962,64.6893],[-147.3946,64.6884],[-147.3951,64.6892]]],[[[-147.325,64.6742],[-147.3259,64.6742],[-147.3239,64.6731],[-147.325,64.6742]]],[[[-148.0488,64.7351],[-148.0516,64.7336],[-148.0494,64.7341],[-148.0488,64.7351]]],[[[-148.2008,64.6959],[-148.199,64.6989],[-148.2003,64.6978],[-148.2008,64.6959]]],[[[-147.3308,64.6768],[-147.3426,64.6807],[-147.3405,64.6783],[-147.3308,64.6768]]]]},"properties":{"name":"Unnamed Stream Area","layer":"nhd_stream_areas","waterbody_type":"River/Stream Area","area_acres":14407.49,"fcode":46006}},{"type":"Feature","geometry":{"type":"Polygon","coordinates":[[[-147.5096,64.6641],[-147.4808,64.6569],[-147.4775,64.6571],[-147.4809,64.6592],[-147.4718,64.6603],[-147.46,64.6579],[-147.4626,64.6566],[-147.4516,64.6529],[-147.4596,64.652],[-147.4587,64.6497],[-147.4471,64.648],[-147.4397,64.6487],[-147.4368,64.6528],[-147.4265,64.6532],[-147.406,64.6535],[-147.3818,64.6491],[-147.3786,64.6483],[-147.3813,64.6478],[-147.3808,64.6434],[-147.3728,64.642],[-147.3762,64.6439],[-147.3694,64.646],[-147.3715,64.6436],[-147.3691,64.6427],[-147.3503,64.6423],[-147.3406,64.6389],[-147.3475,64.6372],[-147.329,64.6325],[-147.3273,64.6295],[-147.3295,64.6281],[-147.327,64.6276],[-147.3215,64.6277],[-147.3246,64.6305],[-147.3195,64.631],[-147.3281,64.6339],[-147.3273,64.636],[-147.3213,64.6339],[-147.3207,64.6366],[-147.3153,64.63],[-147.3138,64.6338],[-147.306,64.6351],[-147.3068,64.6314],[-147.2901,64.626],[-147.2866,64.6288],[-147.2361,64.6244],[-147.2173,64.6122],[-147.1941,64.6045],[-147.1987,64.5997],[-147.1836,64.5965],[-147.1895,64.5929],[-147.1782,64.594],[-147.1678,64.5829],[-147.1531,64.5781],[-147.1541,64.5743],[-147.1493,64.569],[-147.1575,64.5626],[-147.1639,64.5628],[-147.1304,64.5556],[-147.1579,64.5564],[-147.1614,64.5513],[-147.1346,64.5459],[-147.1323,64.5439],[-147.134,64.5396],[-147.1255,64.5351],[-147.1415,64.5385],[-147.1558,64.5357],[-147.1567,64.5333],[-147.134,64.5295],[-147.1645,64.522],[-147.1747,64.5227],[-147.1735,64.5154],[-147.1811,64.5106],[-147.1768,64.5056],[-147.1829,64.5031],[-147.1612,64.4955],[-147.1522,64.4978],[-147.1538,64.5001],[-147.1382,64.4992],[-147.1416,64.4971],[-147.1371,64.4869],[-147.1398,64.4847],[-147.134,64.4823],[-147.1341,64.4764],[-147.1233,64.4709],[-147.1413,64.4752],[-147.1394,64.4782],[-147.1489,64.4802],[-147.1505,64.4876],[-147.1595,64.483],[-147.1533,64.4652],[-147.1714,64.4689],[-147.1655,64.4753],[-147.1667,64.4799],[-147.1724,64.4792],[-147.1715,64.4832],[-147.1917,64.473],[-147.1867,64.4682],[-147.1893,64.4655],[-147.1937,64.4708],[-147.2005,64.4703],[-147.2017,64.4753],[-147.2193,64.472],[-147.2135,64.47],[-147.2126,64.4622],[-147.2298,64.4677],[-147.2544,64.4858],[-147.2616,64.4857],[-147.2638,64.4896],[-147.2675,64.4866],[-147.3132,64.4904],[-147.3173,64.4962],[-147.2973,64.4944],[-147.3027,64.5003],[-147.2862,64.5034],[-147.3077,64.5199],[-147.3208,64.52],[-147.3297,64.5243],[-147.3286,64.5276],[-147.3335,64.5302],[-147.3312,64.5321],[-147.3224,64.5287],[-147.3264,64.5344],[-147.3251,64.5383],[-147.3462,64.5437],[-147.3507,64.5411],[-147.3628,64.5504],[-147.38,64.5504],[-147.3984,64.5555],[-147.3939,64.5588],[-147.4078,64.5614],[-147.3977,64.561],[-147.3979,64.5639],[-147.427,64.5748],[-147.4196,64.5765],[-147.414,64.5723],[-147.4169,64.5808],[-147.4265,64.5876],[-147.4549,64.5986],[-147.4371,64.5977],[-147.4674,64.608],[-147.4843,64.61],[-147.4951,64.6216],[-147.495,64.6278],[-147.5054,64.6303],[-147.5117,64.6366],[-147.5208,64.638],[-147.534,64.6492],[-147.5446,64.6523],[-147.5552,64.6604],[-147.5559,64.6661],[-147.551,64.666],[-147.5535,64.6694],[-147.5459,64.6706],[-147.5293,64.667],[-147.5149,64.6585],[-147.519,64.6557],[-147.5125,64.6523],[-147.492,64.6477],[-147.4902,64.6495],[-147.5024,64.6537],[-147.5053,64.659],[-147.5152,64.6604],[-147.5096,64.6641]]]},"properties":{"name":"Dry Creek","year":2012,"category":"Wildfire Final Fire Perimeter","acres":48154.0,"agency":"BLM","source":"AICC","layer":"fire_perimeters"}},{"type":"Feature","geometry":{"type":"Polygon","coordinates":[[[-147.6077,64.5399],[-147.6004,64.5352],[-147.6037,64.5332],[-147.6141,64.5399],[-147.6314,64.5431],[-147.6648,64.5629],[-147.6535,64.5618],[-147.6077,64.5399]]]},"properties":{"name":"Clear Creek #1","year":2011,"category":"Wildfire Final Fire Perimeter","acres":443.0,"agency":"AFS","source":"AICC","layer":"fire_perimeters"}},{"type":"Feature","geometry":{"type":"Polygon","coordinates":[[[-147.8622,64.65],[-147.8492,64.6616],[-147.8405,64.6633],[-147.8424,64.6645],[-147.7996,64.6711],[-147.8025,64.6753],[-147.8204,64.6799],[-147.8195,64.6828],[-147.7914,64.6863],[-147.7833,64.6847],[-147.788,64.6783],[-147.782,64.6722],[-147.7839,64.6687],[-147.7741,64.6648],[-147.7569,64.6504],[-147.7614,64.6453],[-147.7571,64.6272],[-147.7271,64.6053],[-147.7391,64.5987],[-147.7337,64.5937],[-147.7359,64.5889],[-147.7339,64.5876],[-147.7497,64.5863],[-147.7548,64.5932],[-147.7889,64.6096],[-147.7968,64.6104],[-147.7952,64.605],[-147.8228,64.6068],[-147.874,64.6213],[-147.8755,64.6232],[-147.8689,64.6243],[-147.7962,64.6144],[-147.8029,64.6181],[-147.7995,64.6235],[-147.8026,64.623],[-147.808,64.629],[-147.7909,64.6485],[-147.812,64.6492],[-147.8405,64.6315],[-147.8374,64.6306],[-147.8421,64.6246],[-147.8498,64.6239],[-147.8751,64.6288],[-147.8743,64.6326],[-147.8852,64.6423],[-147.8789,64.6493],[-147.8649,64.6449],[-147.8596,64.6467],[-147.8622,64.65]]]},"properties":{"name":"Bonnifield #1","year":2011,"category":"Wildfire Final Fire Perimeter","acres":8368.0,"agency":"AFS","source":"AICC","layer":"fire_perimeters"}},{"type":"Feature","geometry":{"type":"Polygon","coordinates":[[[-147.6399,64.535],[-147.6422,64.5344],[-147.6461,64.5416],[-147.6265,64.5424],[-147.6082,64.5382],[-147.5992,64.5298],[-147.6049,64.5308],[-147.6016,64.5209],[-147.606,64.5201],[-147.6227,64.5289],[-147.6316,64.5284],[-147.6327,64.5357],[-147.6399,64.535]]]},"properties":{"name":"Dry Creek","year":2010,"category":"Wildfire Final Fire Perimeter","acres":698.0,"agency":"AFS","source":"AICC","layer":"fire_perimeters"}},{"type":"Feature","geometry":{"type":"MultiPolygon","coordinates":[[[[-147.8909,64.6065],[-147.8636,64.5984],[-147.8545,64.6003],[-147.7946,64.5917],[-147.8059,64.5895],[-147.8001,64.5835],[-147.8015,64.5808],[-147.8179,64.5813],[-147.8269,64.5848],[-147.8352,64.584],[-147.8315,64.5814],[-147.8356,64.5797],[-147.8428,64.5812],[-147.8309,64.5785],[-147.8273,64.5732],[-147.811,64.5663],[-147.8109,64.5604],[-147.803,64.5588],[-147.795,64.5615],[-147.8037,64.5683],[-147.7965,64.5705],[-147.7849,64.5678],[-147.7767,64.5707],[-147.7709,64.5649],[-147.7599,64.5692],[-147.7502,64.562],[-147.7377,64.5628],[-147.7375,64.5596],[-147.7428,64.5562],[-147.7227,64.5579],[-147.7171,64.5547],[-147.6936,64.5541],[-147.691,64.5521],[-147.6932,64.5484],[-147.6895,64.5469],[-147.6916,64.5421],[-147.6841,64.5398],[-147.6693,64.5368],[-147.6692,64.5396],[-147.6581,64.537],[-147.6481,64.5386],[-147.644,64.5344],[-147.633,64.5314],[-147.6296,64.5221],[-147.6226,64.5167],[-147.6128,64.5174],[-147.6256,64.5087],[-147.6124,64.5024],[-147.6137,64.499],[-147.6088,64.498],[-147.6114,64.497],[-147.6032,64.4968],[-147.6137,64.4898],[-147.6386,64.4841],[-147.6473,64.4797],[-147.6461,64.4775],[-147.6503,64.478],[-147.6466,64.4748],[-147.6605,64.4688],[-147.6455,64.4645],[-147.6494,64.4604],[-147.6545,64.4605],[-147.6701,64.4511],[-147.6721,64.4553],[-147.6766,64.4538],[-147.6749,64.456],[-147.6775,64.4539],[-147.6755,64.4529],[-147.6807,64.452],[-147.6791,64.4476],[-147.6886,64.4428],[-147.6956,64.4463],[-147.6942,64.4413],[-147.6992,64.4391],[-147.7021,64.4437],[-147.7044,64.4401],[-147.7107,64.4389],[-147.7098,64.4362],[-147.7216,64.4357],[-147.7233,64.4397],[-147.7295,64.4358],[-147.7292,64.4312],[-147.7364,64.4335],[-147.7331,64.4247],[-147.7284,64.4217],[-147.7048,64.418],[-147.7126,64.4128],[-147.7088,64.4114],[-147.712,64.4099],[-147.7049,64.408],[-147.7129,64.4039],[-147.7048,64.3973],[-147.7065,64.3952],[-147.7021,64.395],[-147.7148,64.3866],[-147.7093,64.3826],[-147.6981,64.384],[-147.6978,64.3806],[-147.7043,64.3796],[-147.6982,64.3772],[-147.7051,64.379],[-147.7053,64.3744],[-147.7087,64.3736],[-147.7135,64.3775],[-147.7094,64.3797],[-147.7148,64.3822],[-147.7226,64.3792],[-147.7295,64.3827],[-147.731,64.3792],[-147.7352,64.3811],[-147.7346,64.3856],[-147.7251,64.3888],[-147.7525,64.3919],[-147.7508,64.3894],[-147.7575,64.3874],[-147.7477,64.386],[-147.7506,64.3825],[-147.7645,64.3812],[-147.7627,64.3847],[-147.7712,64.3885],[-147.7739,64.3877],[-147.7707,64.3856],[-147.7772,64.3857],[-147.7812,64.3806],[-147.7944,64.3777],[-147.7896,64.3743],[-147.7916,64.3673],[-147.7867,64.3655],[-147.7883,64.3622],[-147.8108,64.3678],[-147.8292,64.3656],[-147.8335,64.3712],[-147.8382,64.3717],[-147.8453,64.3664],[-147.8324,64.3596],[-147.8394,64.3565],[-147.8157,64.3512],[-147.8191,64.3475],[-147.8366,64.3426],[-147.8296,64.3387],[-147.871,64.3338],[-147.8728,64.3317],[-147.8693,64.3313],[-147.8728,64.329],[-147.8824,64.3323],[-147.8866,64.3287],[-147.8778,64.3224],[-147.8852,64.3207],[-147.8922,64.3237],[-147.8941,64.3224],[-147.8914,64.3212],[-147.8955,64.3205],[-147.9116,64.3291],[-147.9203,64.3305],[-147.9181,64.3258],[-147.9217,64.3248],[-147.9365,64.3331],[-147.9426,64.3323],[-147.9771,64.3422],[-147.9942,64.352],[-148.0589,64.3553],[-148.088,64.3759],[-148.1014,64.38],[-148.1108,64.3891],[-148.1363,64.393],[-148.1414,64.3977],[-148.1615,64.4017],[-148.169,64.4115],[-148.1655,64.4252],[-148.1696,64.4261],[-148.1747,64.42],[-148.1817,64.4198],[-148.1909,64.423],[-148.1924,64.4277],[-148.2063,64.4318],[-148.2066,64.4348],[-148.2007,64.4377],[-148.2026,64.44],[-148.1983,64.4416],[-148.2007,64.4442],[-148.191,64.4428],[-148.1828,64.4452],[-148.1808,64.4491],[-148.1727,64.4495],[-148.196,64.4552],[-148.2055,64.4532],[-148.2094,64.4552],[-148.2089,64.4589],[-148.2168,64.46],[-148.2149,64.467],[-148.2196,64.4707],[-148.2132,64.4762],[-148.2178,64.4832],[-148.2126,64.4846],[-148.219,64.4863],[-148.2128,64.4895],[-148.2186,64.4947],[-148.2024,64.501],[-148.1741,64.4932],[-148.1573,64.4932],[-148.1599,64.4975],[-148.1511,64.4982],[-148.1536,64.4937],[-148.136,64.4907],[-148.1401,64.4964],[-148.138,64.4978],[-148.1011,64.4999],[-148.1026,64.5015],[-148.1,64.5021],[-148.1052,64.5056],[-148.122,64.5071],[-148.138,64.5061],[-148.1376,64.5037],[-148.1561,64.5003],[-148.1738,64.5031],[-148.1744,64.5058],[-148.1885,64.5055],[-148.1927,64.5072],[-148.1871,64.51],[-148.1894,64.512],[-148.1784,64.5113],[-148.1681,64.5151],[-148.1651,64.5119],[-148.1469,64.5132],[-148.1529,64.5173],[-148.1407,64.5149],[-148.1405,64.5187],[-148.1346,64.5184],[-148.1363,64.5204],[-148.1275,64.5197],[-148.1317,64.5233],[-148.1235,64.5276],[-148.1064,64.5298],[-148.0933,64.5277],[-148.0766,64.5305],[-148.0714,64.5276],[-148.0646,64.5307],[-148.0611,64.5287],[-148.0699,64.5254],[-148.0578,64.5233],[-148.0688,64.5226],[-148.0667,64.5197],[-148.0481,64.5234],[-148.045,64.5213],[-148.0344,64.5251],[-148.047,64.5272],[-148.0426,64.5315],[-148.0187,64.5363],[-148.007,64.5295],[-147.99,64.5308],[-147.9757,64.5278],[-147.9774,64.531],[-147.9636,64.5249],[-147.9549,64.526],[-147.9556,64.5224],[-147.9626,64.5211],[-147.9627,64.5181],[-147.9507,64.5219],[-147.9179,64.5235],[-147.9175,64.527],[-147.9051,64.5272],[-147.8943,64.5217],[-147.8929,64.5258],[-147.8876,64.526],[-147.8872,64.5305],[-147.8995,64.5334],[-147.8955,64.5359],[-147.9014,64.5385],[-147.8627,64.5387],[-147.8671,64.543],[-147.8738,64.5427],[-147.8668,64.5444],[-147.8759,64.5482],[-147.8567,64.5457],[-147.864,64.5488],[-147.8695,64.5568],[-147.8659,64.5579],[-147.8739,64.5568],[-147.904,64.5638],[-147.9157,64.563],[-147.9319,64.5685],[-147.9175,64.57],[-147.9225,64.5715],[-147.912,64.5731],[-147.9139,64.5753],[-147.9033,64.5737],[-147.9011,64.5774],[-147.8867,64.5711],[-147.883,64.5737],[-147.8878,64.5749],[-147.8806,64.577],[-147.8838,64.5814],[-147.8557,64.5766],[-147.8641,64.5821],[-147.8757,64.5816],[-147.876,64.5877],[-147.8817,64.5915],[-147.9384,64.6007],[-147.935,64.6042],[-147.9214,64.6015],[-147.9197,64.6049],[-147.9048,64.6037],[-147.9059,64.6057],[-147.8909,64.6065]]],[[[-147.7591,64.5722],[-147.7634,64.5717],[-147.7605,64.5736],[-147.7591,64.5722]]],[[[-147.7041,64.3756],[-147.6977,64.3743],[-147.7025,64.3741],[-147.7041,64.3756]]],[[[-148.0618,64.5324],[-148.0648,64.5321],[-148.0661,64.5325],[-148.0618,64.5324]]]]},"properties":{"name":"Wood River 1","year":2009,"category":"Wildfire Final Fire Perimeter","acres":125382.0,"agency":"AFS","source":"AICC","layer":"fire_perimeters"}},{"type":"Feature","geometry":{"type":"Polygon","coordinates":[[[-147.6728,64.7078],[-147.6673,64.7051],[-147.6726,64.7027],[-147.6709,64.6972],[-147.6736,64.6972],[-147.681,64.701],[-147.6826,64.705],[-147.7027,64.7116],[-147.6891,64.7094],[-147.6788,64.7115],[-147.6728,64.7078]]]},"properties":{"name":"FAI SE 8","year":1993,"category":"Wildfire Final Fire Perimeter","acres":249.0,"agency":"BLM","source":"AICC","layer":"fire_perimeters"}},{"type":"Feature","geometry":{"type":"Polygon","coordinates":[[[-147.876,64.7432],[-147.8499,64.7472],[-147.8399,64.7469],[-147.8418,64.7436],[-147.8397,64.7431],[-147.8334,64.7461],[-147.8006,64.7462],[-147.7899,64.7431],[-147.7653,64.7436],[-147.7621,64.7385],[-147.7555,64.7401],[-147.7408,64.7359],[-147.7029,64.7357],[-147.7033,64.7377],[-147.6762,64.7322],[-147.6895,64.73],[-147.6803,64.7265],[-147.6848,64.7253],[-147.6841,64.7217],[-147.667,64.723],[-147.6431,64.7177],[-147.6415,64.7107],[-147.6332,64.7053],[-147.6305,64.6991],[-147.6252,64.6979],[-147.6223,64.6896],[-147.6168,64.6862],[-147.6173,64.6792],[-147.6056,64.6754],[-147.6286,64.6765],[-147.6425,64.6909],[-147.6494,64.6938],[-147.6635,64.6906],[-147.7028,64.7032],[-147.7382,64.7085],[-147.7416,64.7071],[-147.7307,64.7022],[-147.7359,64.6973],[-147.7566,64.6981],[-147.7648,64.6899],[-147.7795,64.6905],[-147.8092,64.7067],[-147.818,64.7149],[-147.8348,64.7123],[-147.844,64.715],[-147.84,64.7182],[-147.8347,64.7172],[-147.8344,64.7196],[-147.8429,64.7209],[-147.8415,64.7231],[-147.861,64.7334],[-147.8704,64.7348],[-147.876,64.7432]]]},"properties":{"name":"832002","year":1988,"category":"Wildfire Final Fire Perimeter","acres":10822.0,"agency":"AFS","source":"AICC","layer":"fire_perimeters"}},{"type":"Feature","geometry":{"type":"Polygon","coordinates":[[[-147.479,64.7381],[-147.4747,64.7365],[-147.4768,64.7349],[-147.4934,64.7355],[-147.4973,64.7326],[-147.5102,64.7357],[-147.5394,64.7341],[-147.56,64.7416],[-147.5681,64.7407],[-147.5617,64.7387],[-147.5638,64.7367],[-147.5849,64.7388],[-147.5915,64.7365],[-147.6208,64.7381],[-147.635,64.7469],[-147.682,64.7469],[-147.697,64.7517],[-147.7088,64.7496],[-147.6913,64.7663],[-147.6681,64.7659],[-147.6532,64.7709],[-147.6127,64.7692],[-147.5791,64.7645],[-147.554,64.756],[-147.5225,64.7568],[-147.5016,64.7536],[-147.487,64.7488],[-147.4802,64.7436],[-147.479,64.7381]]]},"properties":{"name":"MILITARY 1","year":1976,"category":"Wildfire Final Fire Perimeter","acres":6380.0,"agency":"AFS","source":"AICC","layer":"fire_perimeters"}},{"type":"Feature","geometry":{"type":"Polygon","coordinates":[[[-147.3978,64.6439],[-147.3855,64.6438],[-147.3797,64.6373],[-147.3549,64.6381],[-147.3312,64.6324],[-147.3391,64.6321],[-147.338,64.6295],[-147.37,64.6307],[-147.3881,64.6397],[-147.4021,64.6424],[-147.3978,64.6439]]]},"properties":{"name":"FBK SE 12","year":1983,"category":"Wildfire Final Fire Perimeter","acres":422.0,"agency":"AFS","source":"AICC","layer":"fire_perimeters"}},{"type":"Feature","geometry":{"type":"Polygon","coordinates":[[[-147.5628,64.4821],[-147.5411,64.4756],[-147.5255,64.4585],[-147.5435,64.4221],[-147.5565,64.4122],[-147.574,64.4028],[-147.5926,64.3985],[-147.6048,64.4051],[-147.6054,64.421],[-147.6144,64.4217],[-147.6193,64.4149],[-147.6178,64.4023],[-147.6235,64.3936],[-147.6482,64.3841],[-147.6633,64.3679],[-147.6753,64.3651],[-147.6831,64.3666],[-147.6973,64.3814],[-147.7208,64.3937],[-147.7203,64.404],[-147.7261,64.4209],[-147.7109,64.4444],[-147.7047,64.4484],[-147.6829,64.4534],[-147.6585,64.4481],[-147.6504,64.4547],[-147.6495,64.461],[-147.6441,64.4635],[-147.6093,64.47],[-147.5864,64.4825],[-147.5628,64.4821]]]},"properties":{"name":"DRY CREEK","year":1958,"category":"Wildfire Final Fire Perimeter","acres":17647.0,"agency":"AFS","source":"AICC","layer":"fire_perimeters"}},{"type":"Feature","geometry":{"type":"Polygon","coordinates":[[[-147.6238,64.5178],[-147.6223,64.5242],[-147.6262,64.527],[-147.6511,64.5305],[-147.685,64.5269],[-147.6974,64.5326],[-147.711,64.5317],[-147.7184,64.5351],[-147.7417,64.5364],[-147.7717,64.5447],[-147.7739,64.5551],[-147.7851,64.5611],[-147.762,64.5654],[-147.7614,64.5684],[-147.7665,64.5728],[-147.7586,64.5786],[-147.7119,64.585],[-147.7053,64.5912],[-147.7016,64.6046],[-147.711,64.6216],[-147.7263,64.6317],[-147.7322,64.6415],[-147.7524,64.6509],[-147.7819,64.6559],[-147.7949,64.6622],[-147.7954,64.6657],[-147.7892,64.6695],[-147.7592,64.664],[-147.7553,64.6658],[-147.7595,64.6706],[-147.7765,64.6775],[-147.8023,64.6788],[-147.8077,64.6851],[-147.7633,64.688],[-147.752,64.6825],[-147.7283,64.685],[-147.7182,64.6819],[-147.7106,64.6847],[-147.7045,64.6812],[-147.6953,64.6863],[-147.6888,64.6817],[-147.6769,64.6815],[-147.6684,64.6863],[-147.6716,64.6903],[-147.6867,64.6923],[-147.6909,64.6961],[-147.6717,64.6985],[-147.6623,64.6958],[-147.657,64.6898],[-147.5947,64.6819],[-147.583,64.6891],[-147.604,64.7039],[-147.6423,64.7081],[-147.6633,64.7069],[-147.6866,64.7141],[-147.6844,64.7195],[-147.6757,64.723],[-147.6087,64.7349],[-147.541,64.7116],[-147.5243,64.702],[-147.4943,64.7016],[-147.4709,64.6954],[-147.4388,64.6778],[-147.4159,64.6755],[-147.3868,64.6774],[-147.3766,64.6749],[-147.3698,64.6667],[-147.3491,64.6587],[-147.3138,64.6342],[-147.276,64.6245],[-147.2444,64.6116],[-147.2258,64.6001],[-147.1899,64.5906],[-147.1743,64.5826],[-147.1588,64.5691],[-147.1137,64.5509],[-147.107,64.5438],[-147.1016,64.524],[-147.0973,64.5193],[-147.0647,64.4999],[-147.0424,64.4739],[-147.0696,64.457],[-147.0852,64.4516],[-147.0982,64.4417],[-147.1015,64.4304],[-147.1149,64.4229],[-147.0761,64.4152],[-147.0829,64.4042],[-147.082,64.3994],[-147.0691,64.386],[-147.0792,64.383],[-147.1085,64.3908],[-147.1035,64.3858],[-147.1045,64.3788],[-147.0854,64.3707],[-147.0826,64.3653],[-147.0926,64.363],[-147.1183,64.3764],[-147.1296,64.3744],[-147.1348,64.3799],[-147.1456,64.3756],[-147.1469,64.3654],[-147.155,64.3643],[-147.1663,64.3678],[-147.1622,64.3783],[-147.1692,64.3798],[-147.1851,64.3809],[-147.1957,64.3777],[-147.2,64.3812],[-147.2116,64.3823],[-147.218,64.375],[-147.2278,64.3764],[-147.2309,64.3842],[-147.2276,64.3925],[-147.2028,64.3966],[-147.2041,64.3994],[-147.2361,64.4086],[-147.2241,64.4148],[-147.245,64.4153],[-147.2629,64.4198],[-147.2563,64.4249],[-147.2666,64.4261],[-147.2752,64.4323],[-147.2751,64.436],[-147.2962,64.4439],[-147.3095,64.4474],[-147.3454,64.4479],[-147.3462,64.4505],[-147.3345,64.4577],[-147.3887,64.4685],[-147.4364,64.4656],[-147.4467,64.4625],[-147.4556,64.4682],[-147.469,64.4676],[-147.4745,64.4732],[-147.4933,64.4736],[-147.4952,64.484],[-147.5164,64.4779],[-147.5356,64.4816],[-147.5606,64.4807],[-147.5774,64.4879],[-147.5762,64.4953],[-147.5828,64.4959],[-147.5857,64.5014],[-147.6038,64.5021],[-147.605,64.5053],[-147.6224,64.5136],[-147.6238,64.5178]]]},"properties":{"name":"ROCKET 4","year":1957,"category":"Wildfire Final Fire Perimeter","acres":174152.0,"agency":"AFS","source":"AICC","layer":"fire_perimeters"}},{"type":"Feature","geometry":{"type":"Polygon","coordinates":[[[-147.6709,64.7175],[-147.6635,64.722],[-147.6317,64.72],[-147.5631,64.7022],[-147.4657,64.6926],[-147.4592,64.6862],[-147.4289,64.6747],[-147.4269,64.6681],[-147.4163,64.6616],[-147.4166,64.6425],[-147.4201,64.6362],[-147.4244,64.6361],[-147.466,64.6461],[-147.488,64.6449],[-147.4933,64.6396],[-147.5014,64.6393],[-147.5451,64.6588],[-147.5482,64.6519],[-147.568,64.6497],[-147.5853,64.6628],[-147.6179,64.6776],[-147.6186,64.6859],[-147.6565,64.6955],[-147.6682,64.702],[-147.6709,64.7175]]]},"properties":{"name":"IMPACT","year":1974,"category":"Wildfire Final Fire Perimeter","acres":14063.0,"agency":"AFS","source":"AICC","layer":"fire_perimeters"}},{"type":"Feature","geometry":{"type":"Polygon","coordinates":[[[-147.6238,64.5178],[-147.605,64.5256],[-147.6258,64.5296],[-147.6105,64.5356],[-147.6031,64.5481],[-147.5905,64.5512],[-147.5769,64.5453],[-147.5542,64.5422],[-147.5417,64.534],[-147.5522,64.5223],[-147.5871,64.5139],[-147.5987,64.5129],[-147.5995,64.5199],[-147.6189,64.515],[-147.6237,64.5147],[-147.6238,64.5178]]]},"properties":{"name":"DUD FIRE","year":1971,"category":"Wildfire Final Fire Perimeter","acres":2461.0,"agency":"AFS","source":"AICC","layer":"fire_perimeters"}},{"type":"Feature","geometry":{"type":"Polygon","coordinates":[[[-147.6464,64.6982],[-147.6251,64.6981],[-147.5986,64.6889],[-147.5683,64.6851],[-147.5181,64.6897],[-147.5046,64.6898],[-147.5002,64.6866],[-147.5117,64.6785],[-147.5505,64.6665],[-147.6512,64.6691],[-147.6971,64.6794],[-147.7269,64.6965],[-147.7483,64.7003],[-147.753,64.709],[-147.76,64.7118],[-147.7817,64.713],[-147.7916,64.7068],[-147.8011,64.7066],[-147.8083,64.714],[-147.8269,64.7202],[-147.8294,64.7259],[-147.8191,64.729],[-147.8033,64.7249],[-147.785,64.7267],[-147.7727,64.7223],[-147.7523,64.7252],[-147.7299,64.7142],[-147.6628,64.7067],[-147.6464,64.6982]]]},"properties":{"name":"Salchaket Slough","year":1950,"category":"Wildfire Final Fire Perimeter","acres":8983.0,"agency":"AFS","source":"AICC","layer":"fire_perimeters"}},{"type":"Feature","geometry":{"type":"Polygon","coordinates":[[[-147.1002,64.6216],[-147.105,64.615],[-147.0986,64.607],[-147.1107,64.6068],[-147.1281,64.616],[-147.1309,64.6281],[-147.1411,64.6326],[-147.1426,64.6386],[-147.1647,64.6523],[-147.1543,64.6561],[-147.1451,64.6528],[-147.1385,64.6458],[-147.11,64.6419],[-147.1104,64.6357],[-147.0946,64.6338],[-147.1002,64.6216]]]},"properties":{"name":"26 Mile - Eielson","year":1950,"category":"Wildfire Final Fire Perimeter","acres":1748.0,"agency":"AFS","source":"AICC","layer":"fire_perimeters"}},{"type":"Feature","geometry":{"type":"Polygon","coordinates":[[[-147.327,64.536],[-147.3398,64.5348],[-147.3528,64.5288],[-147.3616,64.5316],[-147.3564,64.5316],[-147.3568,64.5346],[-147.3701,64.5359],[-147.357,64.537],[-147.3482,64.5413],[-147.3473,64.5369],[-147.3437,64.5384],[-147.3381,64.5356],[-147.3406,64.5405],[-147.3309,64.537],[-147.3321,64.5419],[-147.3298,64.5378],[-147.3284,64.5398],[-147.3231,64.5376],[-147.327,64.536]]]},"properties":{"name":"McDonald Creek","year":2015,"category":"Wildfire Final Fire Perimeter","acres":283.0,"agency":"BLM","source":"AICC","layer":"fire_perimeters"}}],"metadata":{"site_id":"fort-wainwright-ak","retrieved_at":"2026-08-21T21:57:52.076245Z","nepa_mcp_version":"0.1.1","buffer_miles":10.0,"layers":{"roi":{"status":"ok","feature_count":2,"warnings":[],"query_buffer_miles":10.0},"tribal_lands":{"status":"ok","feature_count":1,"warnings":[],"query_buffer_miles":10.0},"critical_habitat":{"status":"empty","feature_count":0,"warnings":[],"query_buffer_miles":10.0},"wildlife_refuges":{"status":"empty","feature_count":0,"warnings":[],"query_buffer_miles":10.0},"usace_districts":{"status":"ok","feature_count":1,"warnings":[],"query_buffer_miles":10.0},"nhd_lakes":{"status":"ok","feature_count":129,"warnings":[],"query_buffer_miles":10.0},"nhd_reservoirs":{"status":"empty","feature_count":0,"warnings":[],"query_buffer_miles":10.0},"nhd_perennial_streams":{"status":"ok","feature_count":370,"warnings":[],"query_buffer_miles":10.0},"nhd_stream_areas":{"status":"ok","feature_count":2,"warnings":[],"query_buffer_miles":10.0},"federal_lands":{"status":"failed","feature_count":0,"warnings":["source query exceeded 40 seconds"],"query_buffer_miles":0.1},"nps_boundaries":{"status":"empty","feature_count":0,"warnings":[],"query_buffer_miles":10.0},"fire_perimeters":{"status":"ok","feature_count":16,"warnings":[],"query_buffer_miles":10.0}},"limitations":"Installation-reference screening only; proposed reactor parcel unknown. Unavailable layers are not no-hit findings."}}