{"type":"FeatureCollection","features":[{"type":"Feature","geometry":{"type":"Point","coordinates":[-82.56,36.51]},"properties":{"type":"Project Location","latitude":36.51,"longitude":-82.56}},{"type":"Feature","geometry":{"type":"Polygon","coordinates":[[[-82.55556458399997,36.36501510700003],[-82.56443541599998,36.36501510700003],[-82.57329545299996,36.365369255000076],[-82.58212313499996,36.36607668800008],[-82.59089697599995,36.36713568500005],[-82.59959562199998,36.36854366800003],[-82.60819789599998,36.370297211000036],[-82.61668285399998,36.37239204400004],[-82.62502983199994,36.37482306900006],[-82.63321849699997,36.377584366000065],[-82.64122889399994,36.38066921300003],[-82.64904149799997,36.38407009800005],[-82.65663725499996,36.387778739000055],[-82.66399763599998,36.391786102000026],[-82.67110467199996,36.39608242600008],[-82.67794100599997,36.40065724300007],[-82.68448993199996,36.40549940400007],[-82.69073543399998,36.41059710900004],[-82.69666222799998,36.41593793000004],[-82.70225579699996,36.42150884600005],[-82.70750242799994,36.427296272000035],[-82.71238924499994,36.433286089000035],[-82.71690424299999,36.43946368400003],[-82.72103631299996,36.44581398300005],[-82.72477527699994,36.45232148500003],[-82.72811190499993,36.45897030200007],[-82.73103794599996,36.46574419600006],[-82.73354614499993,36.472626622000064],[-82.73563026199997,36.479600762000075],[-82.73728508799996,36.48664957300008],[-82.73850646299996,36.493755822000026],[-82.73929127899999,36.50090213300007],[-82.73963749599994,36.50807102500005],[-82.73954414699995,36.515244960000075],[-82.73901133799995,36.522406380000064],[-82.73804025299995,36.529537755000035],[-82.73663314799995,36.53662162300003],[-82.73479335099995,36.54364063200006],[-82.73252525399994,36.55057758800007],[-82.72983429999994,36.55741549000004],[-82.72672697499996,36.564137577000054],[-82.72321079099999,36.57072736600003],[-82.71929426799994,36.57716869700005],[-82.71498691499994,36.583445769000036],[-82.71029920899997,36.58954317800004],[-82.70524256599998,36.59544596000006],[-82.69982931799996,36.60113962500003],[-82.69407267899999,36.60661019300005],[-82.68798671599995,36.61184422700006],[-82.68158631499995,36.61682887100005],[-82.67488714299998,36.62155187800005],[-82.66790560899994,36.62600164300005],[-82.66065882699996,36.63016722700007],[-82.65316456999994,36.63403839100005],[-82.64544122799998,36.637605618000066],[-82.63750776499995,36.64086013600007],[-82.62938366499998,36.64379394100007],[-82.62108889199999,36.64639981700003],[-82.61264383399998,36.64867135500003],[-82.60406925499996,36.650602966000065],[-82.59538624399994,36.65218989700003],[-82.58661615899996,36.65342824500004],[-82.57778057799999,36.65431496200006],[-82.56890124199998,36.65484786700006],[-82.55999999999995,36.65502564800005],[-82.55109875799997,36.65484786700006],[-82.54221942199996,36.65431496200006],[-82.53338384099999,36.65342824500004],[-82.52461375599995,36.65218989700003],[-82.51593074499993,36.650602966000065],[-82.50735616599997,36.64867135500003],[-82.49891110799996,36.64639981700003],[-82.49061633499997,36.64379394100007],[-82.48249223499994,36.64086013600007],[-82.47455877199997,36.637605618000066],[-82.46683542999995,36.63403839100005],[-82.45934117299998,36.63016722700007],[-82.45209439099995,36.62600164300005],[-82.44511285699997,36.62155187800005],[-82.43841368499994,36.61682887100005],[-82.43201328399994,36.61184422700006],[-82.42592732099996,36.60661019300005],[-82.42017068199993,36.60113962500003],[-82.41475743399997,36.59544596000006],[-82.40970079099998,36.58954317800004],[-82.40501308499995,36.583445769000036],[-82.40070573199995,36.57716869700005],[-82.39678920899996,36.57072736600003],[-82.39327302499998,36.564137577000054],[-82.39016569999995,36.55741549000004],[-82.38747474599995,36.55057758800007],[-82.38520664899994,36.54364063200006],[-82.38336685199994,36.53662162300003],[-82.38195974699994,36.529537755000035],[-82.38098866199994,36.522406380000064],[-82.38045585299994,36.515244960000075],[-82.38036250399995,36.50807102500005],[-82.38070872099996,36.50090213300007],[-82.38149353699998,36.493755822000026],[-82.38271491199998,36.48664957300008],[-82.38436973799998,36.479600762000075],[-82.38645385499996,36.472626622000064],[-82.38896205399999,36.46574419600006],[-82.39188809499996,36.45897030200007],[-82.39522472299996,36.45232148500003],[-82.39896368699993,36.44581398300005],[-82.40309575699996,36.43946368400003],[-82.40761075499995,36.433286089000035],[-82.41249757199995,36.427296272000035],[-82.41774420299998,36.42150884600005],[-82.42333777199997,36.41593793000004],[-82.42926456599997,36.41059710900004],[-82.43551006799999,36.40549940400007],[-82.44205899399998,36.40065724300007],[-82.44889532799994,36.39608242600008],[-82.45600236399997,36.391786102000026],[-82.46336274499998,36.387778739000055],[-82.47095850199997,36.38407009800005],[-82.47877110599995,36.38066921300003],[-82.48678150299997,36.377584366000065],[-82.49497016799995,36.37482306900006],[-82.50331714599997,36.37239204400004],[-82.51180210399997,36.370297211000036],[-82.52040437799997,36.36854366800003],[-82.52910302399994,36.36713568500005],[-82.53787686499999,36.36607668800008],[-82.54670454699999,36.365369255000076],[-82.55556458399997,36.36501510700003]]]},"properties":{"type":"Region of Interest","buffer_miles":10.0,"center_lat":36.51,"center_lon":-82.56}},{"type":"Feature","geometry":{"type":"MultiPolygon","coordinates":[[[[-81.801,36.8751],[-81.8055,36.8769],[-81.8193,36.8692],[-81.8326,36.8689],[-81.8374,36.8647],[-81.8357,36.8577],[-81.8462,36.8627],[-81.8518,36.8529],[-81.8604,36.8508],[-81.8581,36.8453],[-81.8683,36.8471],[-81.8715,36.8391],[-81.8766,36.8434],[-81.8825,36.8372],[-81.8944,36.8367],[-81.9046,36.8313],[-81.9053,36.8273],[-81.9101,36.8292],[-81.9143,36.8242],[-81.9192,36.8246],[-81.9222,36.8192],[-81.9279,36.8204],[-81.9479,36.8126],[-81.9493,36.8081],[-81.9554,36.8117],[-81.9664,36.8057],[-81.9738,36.8064],[-82.0049,36.7977],[-82.0156,36.7924],[-82.0183,36.7875],[-82.0284,36.7895],[-82.0336,36.7833],[-82.0432,36.7849],[-82.054,36.7785],[-82.0602,36.7797],[-82.0753,36.7739],[-82.0886,36.7732],[-82.0953,36.7775],[-82.0953,36.7711],[-82.1031,36.772],[-82.1083,36.7668],[-82.1229,36.7754],[-82.1331,36.7673],[-82.1528,36.7657],[-82.1696,36.7535],[-82.184,36.7497],[-82.1861,36.7372],[-82.1909,36.7458],[-82.2001,36.7393],[-82.211,36.7404],[-82.241,36.729],[-82.2575,36.7161],[-82.2684,36.7185],[-82.2644,36.7127],[-82.2724,36.7067],[-82.2849,36.7137],[-82.2951,36.7033],[-82.287,36.7038],[-82.2859,36.7009],[-82.2967,36.6982],[-82.2969,36.6916],[-82.303,36.6992],[-82.3167,36.7035],[-82.3229,36.6942],[-82.3093,36.6981],[-82.3077,36.693],[-82.3381,36.6825],[-82.3467,36.6891],[-82.3572,36.687],[-82.3609,36.6811],[-82.352,36.6756],[-82.362,36.6753],[-82.3805,36.6683],[-82.3819,36.6641],[-82.3777,36.6546],[-82.382,36.6551],[-82.3848,36.661],[-82.3887,36.653],[-82.3925,36.6558],[-82.3981,36.6533],[-82.4027,36.6575],[-82.4034,36.6494],[-82.4103,36.6546],[-82.4133,36.6481],[-82.4211,36.6517],[-82.4257,36.6464],[-82.4331,36.648],[-82.4374,36.6424],[-82.4432,36.6487],[-82.4516,36.6422],[-82.4589,36.6482],[-82.4601,36.6448],[-82.4559,36.6424],[-82.4558,36.6382],[-82.4645,36.6437],[-82.4703,36.6343],[-82.48,36.6362],[-82.48,36.6282],[-82.4869,36.6378],[-82.4891,36.6361],[-82.4855,36.6321],[-82.4873,36.6275],[-82.4919,36.6266],[-82.4971,36.6327],[-82.5003,36.6203],[-82.5054,36.626],[-82.5097,36.6182],[-82.5158,36.6233],[-82.5198,36.6161],[-82.5281,36.6194],[-82.5358,36.613],[-82.5313,36.6092],[-82.5338,36.6069],[-82.5407,36.6099],[-82.5493,36.6056],[-82.5675,36.6086],[-82.5796,36.6039],[-82.5803,36.611],[-82.583,36.6118],[-82.5938,36.5956],[-82.6088,36.5951],[-82.5996,36.5769],[-82.6086,36.5711],[-82.616,36.5794],[-82.6173,36.5701],[-82.6121,36.5629],[-82.6157,36.557],[-82.6116,36.548],[-82.6164,36.5569],[-82.6128,36.5629],[-82.6179,36.57],[-82.6166,36.5797],[-82.6125,36.5788],[-82.6086,36.5717],[-82.6002,36.5769],[-82.6095,36.5953],[-82.5943,36.596],[-82.5833,36.6123],[-82.5797,36.6112],[-82.5795,36.6045],[-82.5675,36.6092],[-82.5494,36.6062],[-82.5407,36.6104],[-82.534,36.6075],[-82.5319,36.6091],[-82.5364,36.6132],[-82.5285,36.6199],[-82.52,36.6167],[-82.5158,36.6238],[-82.5099,36.6187],[-82.5054,36.6265],[-82.5006,36.6208],[-82.4973,36.6332],[-82.4915,36.627],[-82.4878,36.6279],[-82.4862,36.6319],[-82.4898,36.6362],[-82.4872,36.6383],[-82.4831,36.637],[-82.4801,36.6287],[-82.4805,36.6366],[-82.4708,36.6348],[-82.4648,36.6442],[-82.4562,36.6387],[-82.4607,36.6447],[-82.4592,36.6487],[-82.4554,36.6483],[-82.4517,36.6427],[-82.4429,36.6492],[-82.4375,36.6429],[-82.4334,36.6484],[-82.4259,36.6469],[-82.4213,36.6522],[-82.4137,36.6486],[-82.4105,36.6551],[-82.4038,36.6499],[-82.4028,36.6581],[-82.3979,36.6538],[-82.3925,36.6564],[-82.3889,36.6535],[-82.388,36.6597],[-82.3847,36.6615],[-82.3821,36.6559],[-82.378,36.6551],[-82.3826,36.664],[-82.381,36.6687],[-82.3622,36.6759],[-82.3527,36.6759],[-82.3615,36.6809],[-82.3576,36.6875],[-82.3465,36.6896],[-82.3381,36.683],[-82.3082,36.6934],[-82.3094,36.6976],[-82.319,36.6928],[-82.3235,36.6938],[-82.317,36.704],[-82.3026,36.6997],[-82.2971,36.6921],[-82.2971,36.6986],[-82.2866,36.7011],[-82.2958,36.7033],[-82.2853,36.7141],[-82.2801,36.7136],[-82.2727,36.7072],[-82.2651,36.7128],[-82.2688,36.719],[-82.2578,36.7166],[-82.2396,36.7304],[-82.2107,36.7411],[-82.2003,36.7398],[-82.1923,36.7462],[-82.1892,36.7454],[-82.1865,36.7377],[-82.1845,36.7501],[-82.17,36.7539],[-82.1531,36.7662],[-82.1333,36.7678],[-82.1229,36.7759],[-82.1085,36.7673],[-82.1033,36.7725],[-82.0958,36.7715],[-82.0978,36.7758],[-82.0955,36.778],[-82.0885,36.7737],[-82.0755,36.7744],[-82.0603,36.7802],[-82.0543,36.779],[-82.0433,36.7854],[-82.0338,36.7838],[-82.0286,36.79],[-82.0186,36.788],[-82.0161,36.7928],[-82.0052,36.7982],[-81.9741,36.8069],[-81.9666,36.8062],[-81.9555,36.8122],[-81.9495,36.8086],[-81.9483,36.8131],[-81.9281,36.821],[-81.9225,36.8196],[-81.9196,36.8251],[-81.9146,36.8247],[-81.9103,36.8297],[-81.9057,36.8278],[-81.905,36.8316],[-81.8947,36.8372],[-81.8827,36.8377],[-81.8766,36.844],[-81.8717,36.8396],[-81.8686,36.8476],[-81.8586,36.8457],[-81.861,36.8511],[-81.8523,36.8532],[-81.8465,36.8631],[-81.8362,36.8582],[-81.838,36.8648],[-81.833,36.8693],[-81.8282,36.8681],[-81.8257,36.8716],[-81.8195,36.8697],[-81.8065,36.8772],[-81.8024,36.875],[-81.7944,36.8796],[-81.7879,36.8794],[-81.801,36.8751]]],[[[-83.503,35.3514],[-83.5126,35.3521],[-83.5124,35.3448],[-83.5313,35.3398],[-83.5126,35.3299],[-83.5147,35.3273],[-83.5236,35.3275],[-83.5174,35.3201],[-83.5216,35.3066],[-83.5165,35.2998],[-83.5119,35.2983],[-83.5096,35.3034],[-83.5019,35.3032],[-83.4891,35.2867],[-83.4829,35.2893],[-83.4725,35.2863],[-83.4696,35.2768],[-83.4562,35.269],[-83.4516,35.2777],[-83.4448,35.2782],[-83.439,35.2697],[-83.4437,35.2661],[-83.4447,35.2584],[-83.4391,35.2627],[-83.4175,35.2671],[-83.4187,35.2503],[-83.3962,35.2481],[-83.3959,35.2359],[-83.3915,35.2289],[-83.3767,35.2245],[-83.3779,35.2171],[-83.3733,35.2219],[-83.3662,35.2167],[-83.3729,35.2071],[-83.3796,35.2068],[-83.3848,35.1981],[-83.3809,35.1911],[-83.3711,35.1856],[-83.3693,35.1804],[-83.3696,35.175],[-83.3776,35.1673],[-83.375,35.1638],[-83.3763,35.1585],[-83.3801,35.1559],[-83.3787,35.1491],[-83.3735,35.1488],[-83.379,35.1251],[-83.3744,35.126],[-83.3736,35.1225],[-83.3779,35.1199],[-83.3761,35.1156],[-83.3842,35.1042],[-83.3798,35.104],[-83.3838,35.0995],[-83.3789,35.0834],[-83.3822,35.082],[-83.3843,35.077],[-83.3818,35.0761],[-83.3879,35.0676],[-83.3853,35.0569],[-83.3782,35.0552],[-83.3732,35.0477],[-83.377,35.0436],[-83.3841,35.043],[-83.3805,35.039],[-83.3819,35.03],[-83.3731,35.0273],[-83.3794,35.0236],[-83.3809,35.0152],[-83.3868,35.0127],[-83.3833,35.0082],[-83.3778,35.0077],[-83.3817,34.9996],[-83.3801,34.9949],[-83.3819,34.9997],[-83.378,35.0077],[-83.3835,35.008],[-83.387,35.0127],[-83.3811,35.0152],[-83.3796,35.0237],[-83.3733,35.0273],[-83.3821,35.03],[-83.3807,35.0389],[-83.3843,35.0431],[-83.3771,35.0437],[-83.3734,35.0476],[-83.3783,35.0551],[-83.3855,35.0568],[-83.3881,35.0676],[-83.382,35.0762],[-83.3845,35.077],[-83.3824,35.0822],[-83.3791,35.0834],[-83.3841,35.0995],[-83.38,35.104],[-83.3844,35.1039],[-83.3764,35.1157],[-83.3781,35.12],[-83.3739,35.1225],[-83.3745,35.1258],[-83.3792,35.1251],[-83.3737,35.1488],[-83.3789,35.1489],[-83.3803,35.156],[-83.3765,35.1586],[-83.3752,35.1638],[-83.3778,35.1673],[-83.3701,35.175],[-83.37,35.1805],[-83.3855,35.1981],[-83.3801,35.2072],[-83.3734,35.2075],[-83.3669,35.2166],[-83.3733,35.2213],[-83.3782,35.2166],[-83.3773,35.2242],[-83.3921,35.2286],[-83.3965,35.2358],[-83.3967,35.2477],[-83.4192,35.2499],[-83.4179,35.2667],[-83.4389,35.2622],[-83.445,35.2579],[-83.4443,35.2663],[-83.4397,35.2698],[-83.4452,35.2777],[-83.4511,35.2774],[-83.4531,35.2693],[-83.4565,35.2685],[-83.4701,35.2764],[-83.4728,35.2858],[-83.4829,35.2887],[-83.4896,35.2863],[-83.5022,35.3027],[-83.5093,35.3029],[-83.5117,35.2978],[-83.517,35.2995],[-83.5223,35.3065],[-83.5183,35.3207],[-83.5242,35.3276],[-83.5133,35.3298],[-83.5319,35.3398],[-83.5129,35.3452],[-83.5129,35.3526],[-83.5035,35.3518],[-83.5045,35.3548],[-83.5163,35.3575],[-83.5226,35.3649],[-83.5201,35.3737],[-83.522,35.3651],[-83.5159,35.358],[-83.5041,35.3552],[-83.503,35.3514]]],[[[-84.4751,36.1777],[-84.4597,36.1689],[-84.4557,36.1636],[-84.4575,36.1597],[-84.4559,36.1635],[-84.4599,36.1688],[-84.4763,36.1776],[-84.4971,36.1674],[-84.5225,36.1693],[-84.5273,36.1657],[-84.5329,36.1679],[-84.5382,36.1654],[-84.5428,36.1689],[-84.5502,36.1677],[-84.5581,36.1591],[-84.5624,36.1601],[-84.5749,36.1513],[-84.5838,36.1517],[-84.5902,36.1462],[-84.6041,36.152],[-84.6054,36.1492],[-84.6009,36.1443],[-84.6037,36.1428],[-84.5973,36.1371],[-84.6,36.135],[-84.5971,36.1326],[-84.602,36.1324],[-84.6064,36.1246],[-84.6154,36.1287],[-84.6187,36.1215],[-84.6085,36.1056],[-84.62,36.1081],[-84.6241,36.1041],[-84.6254,36.0957],[-84.6328,36.0987],[-84.6341,36.0946],[-84.6429,36.0897],[-84.6428,36.0855],[-84.6369,36.084],[-84.6381,36.0812],[-84.6622,36.0689],[-84.634,36.0592],[-84.5824,36.0344],[-84.5762,36.0242],[-84.5784,36.0181],[-84.5713,36.0137],[-84.5675,35.9956],[-84.5573,35.9854],[-84.5618,35.9812],[-84.5693,35.9839],[-84.5727,35.9812],[-84.5646,35.9743],[-84.5745,35.9593],[-84.5752,35.9497],[-84.575,35.9594],[-84.5652,35.9742],[-84.5705,35.9762],[-84.5732,35.9814],[-84.5693,35.9844],[-84.562,35.9817],[-84.5579,35.9853],[-84.568,35.9954],[-84.5719,36.0136],[-84.579,36.0179],[-84.5767,36.0241],[-84.5875,36.0384],[-84.6342,36.0588],[-84.6612,36.0671],[-84.6617,36.0704],[-84.6498,36.0757],[-84.6571,36.08],[-84.6691,36.08],[-84.6746,36.0847],[-84.6822,36.0838],[-84.6857,36.0892],[-84.6826,36.0951],[-84.6891,36.0986],[-84.6999,36.0895],[-84.7136,36.0886],[-84.7386,36.0727],[-84.7537,36.0731],[-84.7551,36.0778],[-84.7652,36.0793],[-84.7724,36.0669],[-84.7927,36.0591],[-84.7884,36.056],[-84.7942,36.046],[-84.805,36.0448],[-84.8093,36.0413],[-84.8123,36.037],[-84.8091,36.029],[-84.8119,36.0244],[-84.8279,36.0161],[-84.8248,36.0106],[-84.8288,36.0074],[-84.8192,35.9988],[-84.834,35.9972],[-84.8438,35.9871],[-84.8518,35.9857],[-84.8507,35.9778],[-84.8451,35.9709],[-84.8503,35.9658],[-84.846,35.9564],[-84.8587,35.9579],[-84.8586,35.9455],[-84.8644,35.9436],[-84.8683,35.9357],[-84.8782,35.9344],[-84.8761,35.9275],[-84.8872,35.9319],[-84.909,35.9327],[-84.9098,35.9256],[-84.9146,35.9251],[-84.9116,35.9152],[-84.916,35.9195],[-84.9205,35.9168],[-84.9116,35.9124],[-84.9137,35.9074],[-84.9193,35.9057],[-84.9157,35.9033],[-84.9118,35.9064],[-84.9115,35.9007],[-84.9229,35.8985],[-84.9289,35.9007],[-84.9335,35.8962],[-84.94,35.8979],[-84.9423,35.8927],[-84.9349,35.8911],[-84.9537,35.8886],[-84.9498,35.8817],[-84.9611,35.8788],[-84.9646,35.8746],[-84.9691,35.876],[-84.9636,35.8688],[-84.9629,35.8618],[-84.9653,35.86],[-84.9631,35.8565],[-84.9683,35.8567],[-84.9715,35.8509],[-84.9853,35.8514],[-84.9869,35.8466],[-84.9844,35.8447],[-84.9888,35.8436],[-84.9888,35.8403],[-84.9989,35.8435],[-84.9961,35.8384],[-85.0019,35.8357],[-84.9991,35.8331],[-85.0042,35.8301],[-85.006,35.8219],[-85.0114,35.8199],[-85.0057,35.8132],[-85.0123,35.8134],[-85.0152,35.8064],[-85.021,35.8067],[-85.015,35.8066],[-85.0125,35.8135],[-85.0059,35.8133],[-85.0116,35.8199],[-85.0062,35.822],[-85.0044,35.8302],[-84.9994,35.8331],[-85.0021,35.8353],[-85,35.8384],[-84.9963,35.8385],[-84.9991,35.8436],[-84.9889,35.8405],[-84.989,35.8438],[-84.9846,35.8447],[-84.9871,35.8466],[-84.9855,35.8516],[-84.9716,35.8511],[-84.9684,35.8569],[-84.9633,35.8566],[-84.9655,35.86],[-84.9631,35.8618],[-84.9638,35.8687],[-84.9692,35.8761],[-84.9647,35.8748],[-84.9612,35.879],[-84.95,35.8818],[-84.9538,35.8888],[-84.935,35.8912],[-84.9425,35.8926],[-84.9401,35.8981],[-84.9335,35.8964],[-84.929,35.9009],[-84.9229,35.8987],[-84.9117,35.9008],[-84.9119,35.9063],[-84.9157,35.9032],[-84.9195,35.9056],[-84.9139,35.9076],[-84.9118,35.9123],[-84.9208,35.9168],[-84.9159,35.9197],[-84.9118,35.9152],[-84.9149,35.9251],[-84.91,35.9258],[-84.9091,35.9328],[-84.8871,35.932],[-84.8762,35.9276],[-84.8784,35.9345],[-84.8684,35.9358],[-84.8645,35.9438],[-84.8588,35.9456],[-84.8589,35.9581],[-84.8462,35.9565],[-84.8505,35.9658],[-84.8453,35.9708],[-84.8509,35.9777],[-84.852,35.9857],[-84.8439,35.9872],[-84.8341,35.9973],[-84.8194,35.9989],[-84.829,36.0073],[-84.825,36.0107],[-84.8281,36.0162],[-84.8121,36.0245],[-84.8093,36.029],[-84.8125,36.037],[-84.8094,36.0414],[-84.805,36.045],[-84.7943,36.0461],[-84.7887,36.056],[-84.7929,36.0592],[-84.7725,36.067],[-84.7654,36.0794],[-84.784,36.0799],[-84.7877,36.0755],[-84.7901,36.079],[-84.7884,36.0847],[-84.7963,36.0848],[-84.8001,36.0882],[-84.7983,36.0919],[-84.8107,36.0867],[-84.8148,36.09],[-84.8145,36.094],[-84.8186,36.0954],[-84.8213,36.0924],[-84.8253,36.0939],[-84.8272,36.0867],[-84.8319,36.084],[-84.8502,36.0862],[-84.8599,36.0816],[-84.8685,36.0845],[-84.882,36.0749],[-84.8908,36.0763],[-84.8941,36.0727],[-84.9024,36.0735],[-84.9053,36.0651],[-84.9159,36.0605],[-84.9398,36.0672],[-84.9625,36.0614],[-84.9731,36.0538],[-84.9877,36.0577],[-84.9921,36.0522],[-84.9881,36.0415],[-84.9903,36.0355],[-84.9873,36.0322],[-84.9972,36.0279],[-85.015,36.0334],[-85.0105,36.0261],[-85.0158,36.0255],[-85.0192,36.0177],[-85.0333,36.0143],[-85.0407,35.9983],[-85.0406,36.0035],[-85.0354,36.0058],[-85.0336,36.0145],[-85.0194,36.018],[-85.0161,36.0257],[-85.0108,36.0262],[-85.0153,36.0336],[-84.9972,36.0282],[-84.9876,36.0324],[-84.9906,36.0354],[-84.9885,36.0415],[-84.9922,36.0472],[-84.9906,36.0565],[-84.9838,36.058],[-84.9732,36.0541],[-84.9627,36.0617],[-84.9398,36.0675],[-84.9159,36.0607],[-84.9055,36.0653],[-84.9025,36.0738],[-84.8942,36.0729],[-84.8909,36.0766],[-84.8822,36.0752],[-84.8686,36.0848],[-84.8599,36.0819],[-84.8502,36.0865],[-84.8321,36.0842],[-84.8275,36.0869],[-84.8256,36.094],[-84.8213,36.0926],[-84.8187,36.0957],[-84.8142,36.0941],[-84.8145,36.0901],[-84.8106,36.087],[-84.798,36.0921],[-84.7998,36.0883],[-84.796,36.085],[-84.7882,36.0848],[-84.7876,36.0758],[-84.7841,36.0801],[-84.7756,36.0782],[-84.7689,36.0807],[-84.7556,36.0784],[-84.7536,36.0734],[-84.7456,36.0721],[-84.7341,36.0749],[-84.7137,36.0888],[-84.6992,36.0909],[-84.7092,36.093],[-84.7101,36.0981],[-84.7164,36.1003],[-84.7252,36.1095],[-84.7276,36.1171],[-84.7345,36.1145],[-84.7444,36.1189],[-84.7452,36.1258],[-84.7544,36.1298],[-84.7528,36.125],[-84.7577,36.1226],[-84.7749,36.1297],[-84.7791,36.1256],[-84.7854,36.1269],[-84.7893,36.1211],[-84.794,36.1232],[-84.8064,36.1185],[-84.8108,36.1229],[-84.8219,36.1199],[-84.8366,36.1228],[-84.8398,36.1164],[-84.8461,36.1148],[-84.8546,36.123],[-84.8617,36.125],[-84.8634,36.1324],[-84.8769,36.1381],[-84.8835,36.1449],[-84.8973,36.1469],[-84.9067,36.1563],[-84.9245,36.1472],[-84.9336,36.1461],[-84.9327,36.1507],[-84.9383,36.1589],[-84.9415,36.1572],[-84.9509,36.1671],[-84.9604,36.1593],[-84.9686,36.1623],[-84.9804,36.1578],[-84.985,36.1611],[-84.9954,36.1603],[-84.9968,36.1526],[-85.0015,36.1513],[-85.0107,36.1597],[-85.0153,36.1582],[-85.0138,36.1652],[-85.0184,36.1605],[-85.0293,36.1707],[-85.0334,36.1696],[-85.0318,36.1674],[-85.0358,36.1625],[-85.0395,36.1676],[-85.0439,36.1539],[-85.0487,36.1525],[-85.0491,36.1495],[-85.0521,36.1533],[-85.0551,36.1511],[-85.0571,36.1535],[-85.0654,36.1496],[-85.0695,36.14],[-85.0764,36.141],[-85.083,36.1369],[-85.0806,36.1357],[-85.082,36.1328],[-85.088,36.1333],[-85.0912,36.1301],[-85.0871,36.1271],[-85.0967,36.1202],[-85.0957,36.1117],[-85.1006,36.1123],[-85.1006,36.1083],[-85.1066,36.1077],[-85.109,36.101],[-85.1176,36.1001],[-85.1166,36.096],[-85.1255,36.0963],[-85.1242,36.0897],[-85.1296,36.0895],[-85.1292,36.0859],[-85.1392,36.086],[-85.1411,36.0903],[-85.1481,36.0921],[-85.1514,36.0859],[-85.1576,36.0844],[-85.156,36.078],[-85.1654,36.0711],[-85.1688,36.0641],[-85.1814,36.0602],[-85.169,36.0643],[-85.1656,36.0712],[-85.1562,36.0781],[-85.1578,36.0845],[-85.1516,36.086],[-85.1482,36.0923],[-85.141,36.0905],[-85.1392,36.0862],[-85.1293,36.086],[-85.1298,36.0896],[-85.1244,36.0898],[-85.1257,36.0964],[-85.1167,36.0962],[-85.1178,36.1002],[-85.1091,36.1012],[-85.1068,36.1079],[-85.1007,36.1084],[-85.1007,36.1125],[-85.0959,36.1118],[-85.0969,36.1202],[-85.0873,36.1272],[-85.0914,36.1301],[-85.0882,36.1334],[-85.0821,36.1329],[-85.0808,36.1356],[-85.0832,36.137],[-85.0765,36.1411],[-85.0696,36.1402],[-85.0656,36.1498],[-85.0572,36.1537],[-85.055,36.1513],[-85.052,36.1535],[-85.0492,36.1497],[-85.0489,36.1527],[-85.0441,36.154],[-85.0397,36.1677],[-85.0359,36.1627],[-85.032,36.1675],[-85.0336,36.1697],[-85.0293,36.1708],[-85.0183,36.1607],[-85.0136,36.1654],[-85.0151,36.1583],[-85.0106,36.1599],[-85.0014,36.1514],[-84.997,36.1527],[-84.9955,36.1605],[-84.985,36.1612],[-84.9804,36.158],[-84.9686,36.1624],[-84.9604,36.1595],[-84.9509,36.1673],[-84.9414,36.1574],[-84.9381,36.159],[-84.9325,36.1507],[-84.9336,36.1462],[-84.9246,36.1473],[-84.9066,36.1565],[-84.8971,36.147],[-84.8834,36.1451],[-84.8767,36.1382],[-84.8632,36.1326],[-84.8615,36.1251],[-84.8544,36.1232],[-84.846,36.115],[-84.84,36.1165],[-84.8367,36.123],[-84.8219,36.1201],[-84.8107,36.123],[-84.8065,36.1186],[-84.794,36.1233],[-84.7894,36.1213],[-84.7855,36.1271],[-84.7792,36.1257],[-84.7748,36.1299],[-84.7587,36.1227],[-84.753,36.1251],[-84.7558,36.1296],[-84.749,36.1287],[-84.745,36.1259],[-84.7443,36.119],[-84.7344,36.1147],[-84.7275,36.1172],[-84.725,36.1095],[-84.7162,36.1004],[-84.7099,36.0982],[-84.7084,36.0927],[-84.6988,36.0912],[-84.689,36.0988],[-84.6823,36.0952],[-84.6854,36.0892],[-84.682,36.0841],[-84.678,36.0857],[-84.669,36.0803],[-84.655,36.0798],[-84.6495,36.075],[-84.6373,36.0823],[-84.643,36.0854],[-84.6431,36.0898],[-84.6342,36.0947],[-84.6333,36.0985],[-84.6264,36.0953],[-84.6233,36.0992],[-84.6243,36.1041],[-84.6199,36.1084],[-84.6087,36.1057],[-84.6189,36.1215],[-84.6155,36.1289],[-84.6065,36.1248],[-84.6021,36.1325],[-84.5973,36.1327],[-84.6002,36.1351],[-84.5976,36.137],[-84.6039,36.1428],[-84.6012,36.1443],[-84.6057,36.1492],[-84.6043,36.1521],[-84.5903,36.1464],[-84.584,36.1518],[-84.575,36.1515],[-84.5625,36.1603],[-84.5582,36.1593],[-84.5502,36.1679],[-84.5427,36.1691],[-84.5381,36.1656],[-84.5329,36.168],[-84.5274,36.1659],[-84.5225,36.1695],[-84.4972,36.1676],[-84.4751,36.1777]]]]},"properties":{"common_name":"Unknown","scientific_name":"","status":"","layer":"critical_habitat"}},{"type":"Feature","geometry":{"type":"Polygon","coordinates":[[[-84.3438,37.5395],[-84.337,37.536],[-84.3301,37.5395],[-84.3196,37.5384],[-84.3145,37.5283],[-84.309,37.5293],[-84.304,37.5373],[-84.2982,37.5348],[-84.3027,37.5299],[-84.3014,37.5231],[-84.2778,37.5237],[-84.2677,37.5153],[-84.2552,37.5181],[-84.2534,37.5235],[-84.2476,37.5255],[-84.2383,37.5237],[-84.2347,37.5197],[-84.2247,37.5271],[-84.2131,37.5251],[-84.2136,37.5217],[-84.205,37.5245],[-84.1978,37.5148],[-84.2129,37.5075],[-84.2067,37.4991],[-84.195,37.4946],[-84.1952,37.4906],[-84.1747,37.493],[-84.1695,37.4872],[-84.1656,37.4921],[-84.1541,37.495],[-84.1504,37.4993],[-84.1441,37.4986],[-84.1335,37.5066],[-84.1146,37.5035],[-84.1113,37.5063],[-84.106,37.5037],[-84.1043,37.4991],[-84.0938,37.4963],[-84.0918,37.4861],[-84.0829,37.4852],[-84.0832,37.481],[-84.059,37.4913],[-84.0467,37.4902],[-84.0424,37.4946],[-84.0381,37.4912],[-84.0253,37.4946],[-84.0214,37.493],[-84.0126,37.4984],[-84.0041,37.4912],[-83.9995,37.4916],[-83.9926,37.4778],[-83.9847,37.476],[-83.9795,37.48],[-83.9722,37.4799],[-83.9744,37.4759],[-83.9706,37.4718],[-83.9718,37.4612],[-83.9617,37.4556],[-83.9701,37.4464],[-83.9577,37.4413],[-83.9577,37.4305],[-83.9539,37.4272],[-83.9563,37.4238],[-83.9494,37.4209],[-83.9414,37.4242],[-83.9356,37.4226],[-83.9366,37.4184],[-83.9334,37.4142],[-83.9359,37.4093],[-83.9277,37.4083],[-83.9316,37.4044],[-83.926,37.4032],[-83.9221,37.3968],[-83.924,37.3957],[-83.9097,37.3916],[-83.9037,37.3783],[-83.8967,37.374],[-83.8965,37.368],[-83.9022,37.3646],[-83.8916,37.3589],[-83.895,37.3532],[-83.8891,37.3515],[-83.8893,37.3383],[-83.8854,37.3351],[-83.8892,37.3296],[-83.8857,37.3272],[-83.8875,37.3245],[-83.876,37.3233],[-83.8701,37.3164],[-83.8732,37.3077],[-83.8787,37.3121],[-83.8832,37.3099],[-83.8817,37.3034],[-83.8859,37.3063],[-83.898,37.3047],[-83.9008,37.3099],[-83.9078,37.3097],[-83.9102,37.309],[-83.909,37.3011],[-83.9218,37.2965],[-83.9183,37.2881],[-83.9216,37.2853],[-83.9207,37.2814],[-83.9146,37.2808],[-83.9133,37.2756],[-83.9032,37.275],[-83.9085,37.2679],[-83.9052,37.2646],[-83.9016,37.2671],[-83.8973,37.264],[-83.9013,37.2538],[-83.8926,37.2447],[-83.8845,37.2436],[-83.8871,37.2386],[-83.8838,37.2385],[-83.8767,37.2292],[-83.8802,37.2189],[-83.8879,37.2115],[-83.8854,37.2061],[-83.8908,37.203],[-83.8975,37.2054],[-83.9086,37.1959],[-83.9015,37.1893],[-83.9023,37.1836],[-83.8948,37.1801],[-83.8892,37.1832],[-83.8858,37.1818],[-83.8841,37.1773],[-83.8875,37.169],[-83.8846,37.1626],[-83.8915,37.1557],[-83.9095,37.165],[-83.9113,37.1586],[-83.9208,37.1601],[-83.9245,37.1556],[-83.9316,37.1548],[-83.9278,37.1481],[-83.9293,37.1398],[-83.9382,37.1382],[-83.9327,37.1284],[-83.9349,37.116],[-83.9318,37.114],[-83.9303,37.1041],[-83.9216,37.1061],[-83.9145,37.113],[-83.9076,37.1086],[-83.8859,37.1191],[-83.8807,37.114],[-83.8835,37.1097],[-83.8765,37.1077],[-83.8764,37.1006],[-83.8666,37.0881],[-83.8682,37.0827],[-83.8751,37.0827],[-83.8877,37.075],[-83.8845,37.0618],[-83.8763,37.0628],[-83.8714,37.0548],[-83.8628,37.0515],[-83.8587,37.0545],[-83.8557,37.047],[-83.8584,37.0439],[-83.8565,37.0397],[-83.8669,37.029],[-83.8688,37.023],[-83.8606,37.0158],[-83.8675,37.0078],[-83.8662,37.0023],[-83.8726,37.0016],[-83.8726,36.9987],[-83.8649,36.9944],[-83.8599,36.9835],[-83.8757,36.9634],[-83.8687,36.9604],[-83.8701,36.9552],[-83.8752,36.9526],[-83.8735,36.9502],[-83.8767,36.9443],[-83.8631,36.9359],[-83.8467,36.9349],[-83.8421,36.9413],[-83.8359,36.9382],[-83.8257,36.9519],[-83.8154,36.9558],[-83.8178,36.9608],[-83.8114,36.9644],[-83.8041,36.9632],[-83.7959,36.971],[-83.7917,36.9661],[-83.779,36.9647],[-83.7805,36.958],[-83.7745,36.9514],[-83.7677,36.9545],[-83.7712,36.9589],[-83.7638,36.968],[-83.7649,36.9748],[-83.7549,36.9806],[-83.7509,36.9882],[-83.7463,36.988],[-83.7409,36.9936],[-83.7254,36.9906],[-83.7198,36.9952],[-83.7105,36.9963],[-83.7098,36.9924],[-83.705,36.9926],[-83.7006,36.9866],[-83.6952,36.9869],[-83.692,36.9827],[-83.6825,36.9839],[-83.6792,36.9799],[-83.6754,36.9818],[-83.6733,36.9761],[-83.6698,36.975],[-83.6605,36.9765],[-83.6537,36.9705],[-83.6546,36.9678],[-83.6416,36.9597],[-83.634,36.9625],[-83.6237,36.9587],[-83.6159,36.9621],[-83.6079,36.9526],[-83.5898,36.9572],[-83.5906,36.9515],[-83.5838,36.9412],[-83.5782,36.9378],[-83.5698,36.9395],[-83.5702,36.9351],[-83.5663,36.9314],[-83.5759,36.9225],[-83.5757,36.9119],[-83.5685,36.9146],[-83.5582,36.9112],[-83.5626,36.8975],[-83.5579,36.8951],[-83.5519,36.8953],[-83.5513,36.9003],[-83.5462,36.9033],[-83.5348,36.8988],[-83.5262,36.9002],[-83.5066,36.9113],[-83.5039,36.9095],[-83.5044,36.8986],[-83.5003,36.8953],[-83.4928,36.8967],[-83.4837,36.8931],[-83.4768,36.8966],[-83.4745,36.8918],[-83.4572,36.8828],[-83.4517,36.8921],[-83.4468,36.8898],[-83.4339,36.8943],[-83.4329,36.8888],[-83.4197,36.8889],[-83.4086,36.8903],[-83.4002,36.8988],[-83.3962,36.899],[-83.3954,36.9037],[-83.383,36.8977],[-83.3778,36.9029],[-83.3713,36.9009],[-83.366,36.9077],[-83.3557,36.909],[-83.355,36.9142],[-83.3491,36.9111],[-83.3505,36.9069],[-83.3458,36.9048],[-83.3446,36.8951],[-83.3122,36.898],[-83.2574,36.9179],[-83.1965,36.9333],[-83.1725,36.9462],[-83.1395,36.9581],[-83.038,36.9842],[-83.0369,36.981],[-83.0207,36.9779],[-83.0052,36.9931],[-82.9668,37.0002],[-82.9458,37.0131],[-82.8978,37.0322],[-82.8792,37.045],[-82.8744,37.0436],[-82.8706,37.0496],[-82.8487,37.0565],[-82.8477,37.0605],[-82.8345,37.0614],[-82.8322,37.066],[-82.8227,37.067],[-82.8208,37.0709],[-82.8,37.0804],[-82.7869,37.0902],[-82.7793,37.0907],[-82.774,37.0977],[-82.762,37.1048],[-82.7558,37.104],[-82.7278,37.1155],[-82.7222,37.1061],[-82.722,37.0952],[-82.7251,37.0917],[-82.7167,37.0774],[-82.7268,37.0728],[-82.7222,37.058],[-82.7243,37.0428],[-82.719,37.0408],[-82.7173,37.0352],[-82.7105,37.0315],[-82.7026,37.0323],[-82.6987,37.0398],[-82.6768,37.0611],[-82.6629,37.0558],[-82.6277,37.0523],[-82.6258,37.0474],[-82.6291,37.0426],[-82.6241,37.0359],[-82.6188,37.0341],[-82.614,37.022],[-82.5806,37.0113],[-82.5679,37.0159],[-82.5689,37.0109],[-82.5754,37.0083],[-82.5737,36.9964],[-82.5705,36.9999],[-82.5486,36.992],[-82.5452,36.9963],[-82.5279,36.9985],[-82.5268,36.9942],[-82.5206,36.9939],[-82.5216,36.9866],[-82.5259,36.987],[-82.522,36.9824],[-82.5265,36.9754],[-82.5129,36.9688],[-82.5153,36.9611],[-82.5115,36.9568],[-82.5192,36.9521],[-82.5191,36.9479],[-82.5111,36.9429],[-82.5024,36.9432],[-82.4896,36.9502],[-82.4903,36.9561],[-82.4834,36.9578],[-82.4895,36.9677],[-82.4794,36.978],[-82.4826,36.9841],[-82.4713,36.9912],[-82.4573,36.9879],[-82.4447,36.9792],[-82.4359,36.9781],[-82.4336,36.9813],[-82.4244,36.9792],[-82.4175,36.9862],[-82.41,36.9837],[-82.4084,36.9886],[-82.4008,36.9893],[-82.4012,36.9862],[-82.3958,36.9823],[-82.3789,36.9803],[-82.3812,36.9774],[-82.3789,36.9746],[-82.3717,36.9755],[-82.3653,36.9693],[-82.3615,36.9555],[-82.3523,36.9577],[-82.3551,36.967],[-82.3491,36.9698],[-82.3485,36.9737],[-82.3365,36.9844],[-82.3321,36.9826],[-82.3232,36.9859],[-82.3125,36.9941],[-82.3163,37.0017],[-82.3107,37.0076],[-82.3017,37.0075],[-82.2993,37.0041],[-82.3007,36.9985],[-82.2939,36.9915],[-82.2871,36.9973],[-82.2744,37.0014],[-82.2622,36.9895],[-82.2578,36.989],[-82.2438,36.9952],[-82.2405,37.0023],[-82.2319,37.0051],[-82.2362,37.0149],[-82.2256,37.0135],[-82.2292,37.0202],[-82.2265,37.0223],[-82.2281,37.0247],[-82.2172,37.031],[-82.2013,37.0321],[-82.1954,37.0278],[-82.1843,37.0266],[-82.1801,37.035],[-82.1685,37.0412],[-82.1605,37.037],[-82.1501,37.0416],[-82.1412,37.04],[-82.1357,37.0437],[-82.127,37.039],[-82.1202,37.0416],[-82.1182,37.0389],[-82.1071,37.0415],[-82.1072,37.0481],[-82.0968,37.0519],[-82.0878,37.0414],[-82.0756,37.0382],[-82.0564,37.048],[-82.0447,37.0466],[-82.0356,37.0519],[-82.0316,37.0651],[-82.0179,37.0684],[-82.0213,37.0746],[-82.0139,37.0795],[-82.0155,37.0828],[-82.0212,37.0837],[-82.0212,37.0891],[-82.0127,37.0981],[-82.0169,37.102],[-82.0103,37.1074],[-82.0117,37.112],[-82.0067,37.1155],[-82.0077,37.12],[-82.0003,37.1181],[-81.9909,37.1287],[-81.9874,37.1237],[-81.976,37.1206],[-81.9672,37.1224],[-81.9639,37.128],[-81.9531,37.1258],[-81.9463,37.1301],[-81.9312,37.1266],[-81.9297,37.1316],[-81.923,37.1341],[-81.9145,37.1306],[-81.9093,37.1403],[-81.8997,37.1423],[-81.8975,37.1522],[-81.8895,37.1488],[-81.8672,37.1578],[-81.8725,37.1647],[-81.8572,37.1745],[-81.8455,37.1731],[-81.8334,37.1801],[-81.8216,37.1787],[-81.8119,37.1853],[-81.7998,37.1851],[-81.7874,37.1908],[-81.7841,37.198],[-81.7738,37.204],[-81.7631,37.201],[-81.7571,37.2072],[-81.7553,37.2192],[-81.7411,37.2258],[-81.7433,37.2324],[-81.7405,37.2374],[-81.7263,37.2405],[-81.7195,37.2384],[-81.7156,37.2287],[-81.6991,37.2198],[-81.6947,37.2131],[-81.6835,37.2115],[-81.6833,37.2056],[-81.6782,37.2022],[-81.6868,37.1966],[-81.6872,37.1888],[-81.6939,37.1859],[-81.6922,37.1812],[-81.698,37.1755],[-81.6994,37.1612],[-81.6922,37.1492],[-81.6866,37.1466],[-81.6779,37.1302],[-81.6736,37.1317],[-81.6669,37.1261],[-81.6642,37.1177],[-81.6381,37.1276],[-81.6349,37.1247],[-81.6255,37.1269],[-81.6254,37.1299],[-81.6158,37.1344],[-81.6112,37.1348],[-81.6078,37.1289],[-81.6035,37.13],[-81.5936,37.1342],[-81.5882,37.1425],[-81.571,37.1471],[-81.5657,37.1524],[-81.5652,37.1582],[-81.5545,37.1647],[-81.5588,37.1725],[-81.5651,37.1707],[-81.5708,37.1747],[-81.5548,37.1828],[-81.5446,37.1838],[-81.5165,37.1979],[-81.5123,37.1923],[-81.5019,37.195],[-81.4987,37.1923],[-81.4657,37.2022],[-81.4423,37.2141],[-81.432,37.2034],[-81.4292,37.1939],[-81.4379,37.1878],[-81.4356,37.1838],[-81.4307,37.1845],[-81.4302,37.1789],[-81.4167,37.1662],[-81.4309,37.1564],[-81.4247,37.1479],[-81.4256,37.1415],[-81.4153,37.1381],[-81.414,37.1346],[-81.4178,37.1321],[-81.4117,37.1221],[-81.4533,37.1081],[-81.4013,37.1162],[-81.3976,37.1057],[-81.4115,37.0932],[-81.4167,37.0829],[-81.4096,37.0781],[-81.4021,37.0777],[-81.4025,37.0737],[-81.3976,37.0692],[-81.404,37.0635],[-81.4031,37.0604],[-81.3773,37.0535],[-81.374,37.0567],[-81.3263,37.0674],[-81.3112,37.0749],[-81.3064,37.0694],[-81.3075,37.0645],[-81.2995,37.0558],[-81.296,37.0596],[-81.2907,37.0588],[-81.2698,37.0683],[-81.2678,37.0639],[-81.2719,37.0615],[-81.2648,37.0555],[-81.2735,37.0426],[-81.2635,37.0371],[-81.2611,37.0317],[-81.2964,37.0125],[-81.3504,36.9661],[-81.3678,36.9674],[-81.3727,36.9639],[-81.3628,36.9432],[-81.3572,36.9419],[-81.3544,36.9366],[-81.3434,36.9353],[-81.3412,36.9325],[-81.3408,36.9189],[-81.3361,36.9145],[-81.3389,36.9123],[-81.3283,36.9117],[-81.3247,36.906],[-81.3161,36.9035],[-81.3154,36.8995],[-81.3018,36.8935],[-81.3037,36.8917],[-81.2856,36.8854],[-81.291,36.8812],[-81.3042,36.881],[-81.3023,36.8779],[-81.3047,36.8758],[-81.3003,36.8721],[-81.3181,36.8696],[-81.317,36.8527],[-81.3209,36.8479],[-81.3698,36.84],[-81.3699,36.8313],[-81.3743,36.8286],[-81.3733,36.8224],[-81.3861,36.8202],[-81.3832,36.8125],[-81.3911,36.8102],[-81.3926,36.8054],[-81.3817,36.8051],[-81.3811,36.7996],[-81.3718,36.7922],[-81.3743,36.785],[-81.3692,36.7857],[-81.3705,36.784],[-81.3649,36.7794],[-81.3692,36.762],[-81.3608,36.7594],[-81.3507,36.7611],[-81.3436,36.7516],[-81.3299,36.7514],[-81.3294,36.7478],[-81.3343,36.7457],[-81.3362,36.7397],[-81.3491,36.7388],[-81.3701,36.7313],[-81.3724,36.7279],[-81.3864,36.7247],[-81.3872,36.7288],[-81.396,36.7345],[-81.4327,36.7186],[-81.4464,36.7163],[-81.4561,36.7187],[-81.4681,36.7154],[-81.4717,36.7143],[-81.471,36.7061],[-81.4763,36.7046],[-81.5033,36.7042],[-81.5075,36.7075],[-81.525,36.7078],[-81.5446,36.7018],[-81.5434,36.6972],[-81.5317,36.6939],[-81.5333,36.6766],[-81.5396,36.6645],[-81.5476,36.6568],[-81.5637,36.6587],[-81.5815,36.6466],[-81.6022,36.6424],[-81.6123,36.6154],[-81.6281,36.6133],[-81.6256,36.6029],[-81.6302,36.5955],[-81.6532,36.5993],[-81.6724,36.5927],[-81.6801,36.5857],[-81.6772,36.5706],[-81.6914,36.5679],[-81.6902,36.5517],[-81.6933,36.5511],[-81.6999,36.5367],[-81.708,36.5362],[-81.7086,36.5238],[-81.7031,36.5214],[-81.6971,36.5059],[-81.7003,36.4984],[-81.6959,36.4916],[-81.6982,36.4884],[-81.6953,36.4673],[-81.7169,36.4565],[-81.7138,36.4473],[-81.7179,36.4451],[-81.7149,36.4371],[-81.7213,36.4339],[-81.7179,36.4299],[-81.7196,36.4247],[-81.7345,36.4125],[-81.7419,36.4112],[-81.7394,36.3956],[-81.7289,36.3916],[-81.7295,36.3854],[-81.7347,36.3796],[-81.7261,36.3688],[-81.7225,36.3529],[-81.7173,36.3478],[-81.708,36.3461],[-81.7053,36.3415],[-81.7115,36.3147],[-81.7189,36.3109],[-81.7284,36.292],[-81.7266,36.2764],[-81.7379,36.2696],[-81.7282,36.2627],[-81.7254,36.2445],[-81.6994,36.2336],[-81.7036,36.2066],[-81.6953,36.1986],[-81.7049,36.192],[-81.7038,36.1775],[-81.7119,36.1656],[-81.7027,36.1463],[-81.7124,36.138],[-81.7124,36.1313],[-81.7187,36.1214],[-81.7228,36.1191],[-81.7267,36.1233],[-81.7376,36.1235],[-81.7502,36.1192],[-81.7623,36.1212],[-81.8019,36.1089],[-81.8376,36.1154],[-81.8406,36.1242],[-81.8383,36.1275],[-81.8421,36.1291],[-81.8539,36.1231],[-81.8544,36.1179],[-81.8591,36.115],[-81.8656,36.1147],[-81.8694,36.1224],[-81.8757,36.125],[-81.8881,36.114],[-81.8908,36.1071],[-81.8903,36.097],[-81.8836,36.0905],[-81.8877,36.0796],[-81.8943,36.0745],[-81.8966,36.0634],[-81.9075,36.0634],[-81.9145,36.068],[-81.9293,36.0602],[-81.9383,36.0628],[-81.9428,36.061],[-81.9352,36.0543],[-81.9372,36.0457],[-81.954,36.0336],[-81.9608,36.014],[-81.9637,36.0132],[-81.9634,36.0071],[-81.9552,36.0062],[-81.9532,36.0025],[-81.9553,36.0008],[-81.9506,35.9943],[-81.951,35.9882],[-81.9564,35.9843],[-81.9551,35.9777],[-81.9608,35.9735],[-81.9559,35.9726],[-81.954,35.9632],[-81.9591,35.9606],[-81.9637,35.9469],[-81.9633,35.9388],[-81.9548,35.9324],[-81.9545,35.9269],[-81.9605,35.9212],[-81.9824,35.9114],[-81.9791,35.9015],[-81.9803,35.8848],[-81.9994,35.8742],[-82.0077,35.8828],[-82.0226,35.8851],[-82.0288,35.8794],[-82.0295,35.868],[-82.0345,35.8614],[-82.0488,35.8529],[-82.075,35.8484],[-82.0996,35.8515],[-82.1022,35.8403],[-82.1167,35.8333],[-82.1215,35.8244],[-82.1333,35.8243],[-82.1423,35.8126],[-82.15,35.8096],[-82.1478,35.804],[-82.1584,35.8014],[-82.1623,35.7973],[-82.1679,35.7876],[-82.1585,35.7799],[-82.1606,35.7744],[-82.1642,35.7728],[-82.1701,35.7607],[-82.1845,35.7534],[-82.1936,35.7348],[-82.1981,35.7361],[-82.2137,35.7243],[-82.2427,35.7127],[-82.258,35.6988],[-82.2755,35.7047],[-82.2892,35.6963],[-82.295,35.6841],[-82.2841,35.6768],[-82.2804,35.6679],[-82.2866,35.6581],[-82.2857,35.6483],[-82.2817,35.6391],[-82.2716,35.6331],[-82.2742,35.6291],[-82.2722,35.6219],[-82.2646,35.6177],[-82.265,35.6139],[-82.2806,35.6088],[-82.2817,35.603],[-82.289,35.5994],[-82.2913,35.5909],[-82.2961,35.5867],[-82.326,35.5818],[-82.3379,35.5691],[-82.3427,35.5689],[-82.3443,35.5612],[-82.3277,35.5535],[-82.3232,35.5479],[-82.338,35.5408],[-82.344,35.5281],[-82.3344,35.5166],[-82.3217,35.517],[-82.3141,35.5058],[-82.3368,35.4993],[-82.3408,35.489],[-82.3566,35.4906],[-82.3608,35.4851],[-82.3693,35.4856],[-82.3719,35.4801],[-82.3673,35.4641],[-82.363,35.4609],[-82.3491,35.4653],[-82.3392,35.4643],[-82.3289,35.4597],[-82.3256,35.4545],[-82.3172,35.4567],[-82.3122,35.4535],[-82.3136,35.4371],[-82.3183,35.4333],[-82.3205,35.4235],[-82.3298,35.4266],[-82.3305,35.4202],[-82.328,35.4192],[-82.3376,35.4128],[-82.3452,35.4133],[-82.3457,35.4086],[-82.3434,35.4028],[-82.3334,35.3994],[-82.3314,35.3894],[-82.3223,35.3835],[-82.3131,35.3913],[-82.3091,35.3903],[-82.3098,35.38],[-82.3151,35.3763],[-82.3175,35.3675],[-82.3316,35.3633],[-82.3339,35.3595],[-82.3455,35.3681],[-82.3556,35.3522],[-82.3652,35.3483],[-82.3669,35.3425],[-82.3709,35.3435],[-82.3766,35.3357],[-82.375,35.324],[-82.3645,35.3193],[-82.3645,35.3165],[-82.3794,35.3061],[-82.3806,35.2976],[-82.3909,35.2972],[-82.3915,35.2916],[-82.3955,35.2886],[-82.4049,35.288],[-82.4027,35.2706],[-82.4056,35.2659],[-82.4157,35.2668],[-82.4148,35.2575],[-82.4248,35.2561],[-82.4289,35.247],[-82.4351,35.243],[-82.462,35.2453],[-82.4666,35.2386],[-82.4725,35.2363],[-82.4951,35.2381],[-82.5059,35.233],[-82.5332,35.2331],[-82.5486,35.2201],[-82.5533,35.2027],[-82.543,35.1992],[-82.5415,35.1933],[-82.5477,35.189],[-82.5555,35.1886],[-82.5567,35.1829],[-82.5677,35.1794],[-82.5692,35.1734],[-82.5762,35.176],[-82.591,35.1644],[-82.5896,35.16],[-82.5859,35.1592],[-82.5856,35.1521],[-82.5757,35.1457],[-82.579,35.1415],[-82.5884,35.1432],[-82.5983,35.1384],[-82.6137,35.14],[-82.6235,35.1346],[-82.6292,35.1258],[-82.6361,35.1256],[-82.6364,35.1305],[-82.6413,35.1325],[-82.6453,35.1269],[-82.6521,35.1261],[-82.6569,35.1189],[-82.6623,35.1182],[-82.6694,35.1207],[-82.6743,35.1173],[-82.6742,35.1261],[-82.6814,35.1281],[-82.6871,35.1255],[-82.6873,35.1195],[-82.6944,35.1161],[-82.6866,35.1082],[-82.6979,35.0955],[-82.7005,35.1007],[-82.7155,35.0931],[-82.727,35.0947],[-82.7302,35.0879],[-82.7353,35.087],[-82.7392,35.0777],[-82.7508,35.0816],[-82.754,35.0688],[-82.7746,35.0646],[-82.782,35.0664],[-82.776,35.0809],[-82.7786,35.0838],[-82.8022,35.087],[-82.8053,35.0904],[-82.8041,35.0938],[-82.8112,35.0972],[-82.8175,35.0955],[-82.8247,35.0807],[-82.831,35.0817],[-82.8292,35.0907],[-82.8319,35.1023],[-82.8371,35.1041],[-82.8363,35.1102],[-82.8402,35.1183],[-82.8451,35.1171],[-82.8516,35.1228],[-82.8687,35.1212],[-82.8754,35.1256],[-82.882,35.1233],[-82.8885,35.1156],[-82.897,35.1129],[-82.8948,35.1082],[-82.9062,35.1025],[-82.9105,35.1091],[-82.906,35.1145],[-82.911,35.1195],[-82.9083,35.1291],[-82.9114,35.1313],[-82.9116,35.1432],[-82.9177,35.1444],[-82.9206,35.1489],[-82.9171,35.1523],[-82.9223,35.1555],[-82.9216,35.1649],[-82.9283,35.1726],[-82.9444,35.1696],[-82.9452,35.1664],[-82.9538,35.1668],[-82.9601,35.161],[-82.9802,35.1676],[-82.9967,35.1635],[-82.9947,35.1534],[-82.9887,35.1484],[-82.9848,35.1503],[-82.981,35.1482],[-82.9763,35.1346],[-82.9788,35.1301],[-82.997,35.1382],[-83.0152,35.1388],[-83.0164,35.1442],[-83.0314,35.1449],[-83.032,35.1491],[-83.0379,35.1475],[-83.0397,35.1519],[-83.0437,35.1502],[-83.0516,35.1558],[-83.0554,35.1543],[-83.0604,35.1632],[-83.0695,35.1615],[-83.0751,35.1572],[-83.0778,35.1472],[-83.0844,35.1407],[-83.0975,35.1349],[-83.1072,35.135],[-83.1108,35.1251],[-83.1162,35.1247],[-83.1247,35.1171],[-83.124,35.1137],[-83.1328,35.1106],[-83.1394,35.1165],[-83.1474,35.1128],[-83.1519,35.1073],[-83.1529,35.0984],[-83.1474,35.0925],[-83.1435,35.0786],[-83.1578,35.0789],[-83.165,35.0712],[-83.1718,35.0692],[-83.1711,35.0605],[-83.1628,35.055],[-83.1813,35.0583],[-83.1867,35.0397],[-83.1923,35.0381],[-83.1995,35.0433],[-83.2098,35.0413],[-83.2108,35.037],[-83.2149,35.0365],[-83.2239,35.0462],[-83.2291,35.0393],[-83.2306,35.0532],[-83.2377,35.0574],[-83.2441,35.0517],[-83.2418,35.0453],[-83.2471,35.0467],[-83.2503,35.0355],[-83.2563,35.0313],[-83.2598,35.0383],[-83.2676,35.0418],[-83.2734,35.0348],[-83.2858,35.0371],[-83.2918,35.0319],[-83.2966,35.018],[-83.2843,35.0071],[-83.2872,34.9971],[-83.3048,34.9895],[-83.3016,34.9853],[-83.3043,34.9796],[-83.2997,34.9655],[-83.3148,34.9509],[-83.3178,34.9435],[-83.345,34.9348],[-83.3409,34.9202],[-83.3439,34.9148],[-83.3497,34.9152],[-83.3679,34.9061],[-83.3798,34.9201],[-83.3969,34.9247],[-83.4019,34.9208],[-83.4007,34.9135],[-83.405,34.9068],[-83.4161,34.9065],[-83.4205,34.9034],[-83.426,34.9111],[-83.4346,34.9108],[-83.4398,34.9174],[-83.4574,34.9205],[-83.4517,34.9365],[-83.458,34.9407],[-83.459,34.945],[-83.4653,34.9449],[-83.4696,34.962],[-83.4738,34.9636],[-83.4808,34.9752],[-83.4819,34.99],[-83.4865,34.9986],[-83.5047,35.0008],[-83.5105,35.0052],[-83.5211,34.9968],[-83.522,35.0036],[-83.5272,35.0094],[-83.522,35.0132],[-83.5212,35.0182],[-83.5385,35.0361],[-83.5584,35.039],[-83.5689,35.0283],[-83.5791,35.0253],[-83.5778,35.0159],[-83.5848,35.0032],[-83.6014,34.9923],[-83.5914,34.9664],[-83.5969,34.9594],[-83.5888,34.951],[-83.5931,34.9403],[-83.602,34.9386],[-83.5984,34.9224],[-83.5932,34.9203],[-83.599,34.9133],[-83.6154,34.9145],[-83.6186,34.9092],[-83.6267,34.9101],[-83.63,34.9061],[-83.6281,34.8996],[-83.6304,34.8949],[-83.6446,34.8916],[-83.6499,34.881],[-83.6566,34.8786],[-83.6551,34.8655],[-83.6618,34.8482],[-83.6591,34.8303],[-83.6522,34.823],[-83.667,34.8065],[-83.6911,34.7992],[-83.696,34.7935],[-83.7121,34.7906],[-83.723,34.7978],[-83.7467,34.8016],[-83.7518,34.8051],[-83.7545,34.8126],[-83.7785,34.816],[-83.7895,34.8243],[-83.7949,34.8247],[-83.8136,34.8076],[-83.8114,34.7941],[-83.8148,34.787],[-83.8243,34.78],[-83.8306,34.7663],[-83.825,34.7435],[-83.8296,34.7407],[-83.8295,34.7311],[-83.8383,34.7289],[-83.8409,34.7249],[-83.8501,34.7262],[-83.8568,34.7219],[-83.8702,34.7273],[-83.8787,34.7229],[-83.8855,34.7265],[-83.8937,34.7256],[-83.9004,34.7321],[-83.9064,34.7316],[-83.9217,34.7377],[-83.9271,34.7352],[-83.9403,34.7408],[-83.9846,34.7143],[-83.9895,34.7075],[-83.9866,34.7002],[-83.9916,34.6966],[-83.9947,34.6783],[-84.0242,34.6702],[-84.03,34.6538],[-84.0381,34.6512],[-84.0367,34.6419],[-84.0481,34.6408],[-84.0626,34.6485],[-84.0677,34.6479],[-84.0713,34.6572],[-84.0781,34.6573],[-84.081,34.6533],[-84.0891,34.6514],[-84.1177,34.6583],[-84.1269,34.6646],[-84.1374,34.6606],[-84.1367,34.6542],[-84.1416,34.6491],[-84.1479,34.6464],[-84.1515,34.651],[-84.1564,34.6482],[-84.161,34.6402],[-84.1609,34.6334],[-84.1712,34.6371],[-84.1849,34.6297],[-84.1911,34.6323],[-84.1934,34.6296],[-84.1966,34.634],[-84.1937,34.6386],[-84.1976,34.6429],[-84.2029,34.6424],[-84.2108,34.6463],[-84.2109,34.6495],[-84.2166,34.6491],[-84.2262,34.6542],[-84.2331,34.6664],[-84.2422,34.6701],[-84.2408,34.6741],[-84.2553,34.6869],[-84.2573,34.6938],[-84.2647,34.6942],[-84.2787,34.7214],[-84.2973,34.7277],[-84.3059,34.7234],[-84.3179,34.7271],[-84.327,34.7255],[-84.3414,34.7366],[-84.3431,34.7436],[-84.3353,34.7472],[-84.3415,34.7617],[-84.3121,34.7814],[-84.3214,34.7883],[-84.3246,34.7995],[-84.3214,34.8059],[-84.3321,34.8094],[-84.3341,34.8124],[-84.3309,34.8174],[-84.3441,34.8236],[-84.3238,34.8462],[-84.3315,34.8552],[-84.3259,34.8619],[-84.3304,34.868],[-84.3407,34.8622],[-84.346,34.8633],[-84.3526,34.8551],[-84.3634,34.8519],[-84.3675,34.8445],[-84.3794,34.839],[-84.3862,34.8393],[-84.3953,34.8322],[-84.3816,34.8566],[-84.3846,34.8644],[-84.391,34.8625],[-84.4021,34.8497],[-84.4072,34.8475],[-84.4201,34.8496],[-84.4218,34.8438],[-84.4269,34.8434],[-84.4272,34.8389],[-84.4362,34.8295],[-84.4447,34.8267],[-84.4484,34.8215],[-84.4657,34.8199],[-84.4875,34.812],[-84.4878,34.8197],[-84.4919,34.8255],[-84.5044,34.8328],[-84.5021,34.8437],[-84.4968,34.8467],[-84.4985,34.8551],[-84.504,34.8576],[-84.5055,34.8638],[-84.5134,34.8652],[-84.5148,34.8685],[-84.5153,34.8768],[-84.5108,34.884],[-84.5155,34.8916],[-84.5156,34.9023],[-84.5119,34.9071],[-84.5035,34.9082],[-84.5052,34.9133],[-84.501,34.9184],[-84.5072,34.9227],[-84.5081,34.928],[-84.5096,34.9258],[-84.5136,34.9282],[-84.5131,34.9324],[-84.5264,34.9374],[-84.5214,34.9535],[-84.5243,34.9578],[-84.5212,34.9621],[-84.5231,34.9683],[-84.5181,34.9737],[-84.5189,34.9878],[-84.523,34.9963],[-84.5345,35.0035],[-84.5525,35.0072],[-84.5626,35.0265],[-84.5695,35.028],[-84.5851,35.0197],[-84.5885,35.0224],[-84.5925,35.0196],[-84.6087,35.0258],[-84.6164,35.0163],[-84.6259,35.0157],[-84.6314,35.0115],[-84.6438,35.019],[-84.6431,35.0262],[-84.6504,35.0258],[-84.6545,35.0312],[-84.661,35.0327],[-84.6646,35.0393],[-84.6786,35.0362],[-84.6827,35.0405],[-84.6814,35.0558],[-84.6839,35.0603],[-84.6893,35.0556],[-84.7,35.0544],[-84.7065,35.057],[-84.7066,35.0656],[-84.7105,35.064],[-84.7205,35.0674],[-84.728,35.0743],[-84.7413,35.0665],[-84.7416,35.0744],[-84.7461,35.0772],[-84.752,35.0744],[-84.7572,35.0793],[-84.7628,35.0765],[-84.7676,35.083],[-84.774,35.085],[-84.7729,35.0882],[-84.7878,35.0897],[-84.7899,35.0932],[-84.7874,35.0987],[-84.791,35.1015],[-84.7952,35.1027],[-84.8017,35.097],[-84.8045,35.108],[-84.8208,35.1225],[-84.8182,35.1254],[-84.8201,35.1371],[-84.8158,35.1393],[-84.819,35.1489],[-84.8306,35.1518],[-84.834,35.1496],[-84.8392,35.1519],[-84.8425,35.1488],[-84.8548,35.1514],[-84.8753,35.1141],[-84.8853,35.1112],[-84.8946,35.0971],[-84.9038,35.0788],[-84.9105,35.0525],[-84.9167,35.049],[-84.9264,35.0541],[-84.9337,35.0373],[-84.9451,35.0436],[-84.9509,35.0433],[-84.9494,35.0345],[-84.955,35.031],[-84.9533,35.0271],[-84.9636,35.0095],[-84.9634,35.0051],[-84.9519,34.9999],[-84.9554,34.9905],[-84.9529,34.986],[-84.9648,34.9671],[-84.9616,34.9563],[-84.9666,34.9551],[-84.9661,34.9514],[-84.9749,34.9386],[-84.9739,34.9345],[-84.9777,34.9308],[-84.9753,34.9295],[-84.9766,34.9194],[-84.9799,34.9185],[-84.9849,34.9086],[-84.9901,34.9086],[-84.992,34.8959],[-85.0018,34.8882],[-85.0037,34.881],[-84.9998,34.8754],[-85.0052,34.873],[-85.0074,34.8673],[-85.0026,34.8618],[-85.0034,34.8557],[-85.0083,34.8515],[-85.024,34.8572],[-85.0246,34.8458],[-85.0329,34.8407],[-85.0381,34.8281],[-85.0353,34.8272],[-85.0384,34.8224],[-85.0346,34.8135],[-85.039,34.813],[-85.0418,34.8169],[-85.0469,34.795],[-85.0425,34.7859],[-85.0463,34.7731],[-85.0422,34.756],[-85.0459,34.7515],[-85.0592,34.7508],[-85.0617,34.7448],[-85.0764,34.7361],[-85.0748,34.731],[-85.0692,34.7311],[-85.0702,34.7235],[-85.0749,34.7206],[-85.078,34.7125],[-85.0756,34.7063],[-85.0802,34.7063],[-85.0822,34.7111],[-85.0898,34.708],[-85.0923,34.7122],[-85.101,34.7095],[-85.1153,34.7225],[-85.1196,34.7206],[-85.131,34.7254],[-85.1409,34.7191],[-85.1461,34.7234],[-85.1522,34.7191],[-85.1672,34.7242],[-85.1775,34.7084],[-85.1913,34.7189],[-85.205,34.7201],[-85.2142,34.7064],[-85.2245,34.7078],[-85.2326,34.7134],[-85.2307,34.7177],[-85.2339,34.7216],[-85.2282,34.723],[-85.2267,34.7284],[-85.2326,34.7348],[-85.2297,34.7403],[-85.2359,34.7439],[-85.2275,34.755],[-85.2269,34.7598],[-85.2298,34.7606],[-85.2271,34.7672],[-85.2318,34.7681],[-85.2385,34.7773],[-85.2442,34.7778],[-85.2468,34.7858],[-85.2522,34.7895],[-85.2584,34.7812],[-85.2615,34.7897],[-85.2661,34.788],[-85.2668,34.7838],[-85.2726,34.7807],[-85.2788,34.7643],[-85.2933,34.7721],[-85.2916,34.7816],[-85.3014,34.781],[-85.2996,34.7764],[-85.3077,34.7755],[-85.3097,34.7715],[-85.3054,34.7671],[-85.3064,34.7614],[-85.3131,34.7592],[-85.3268,34.7422],[-85.3355,34.7425],[-85.3502,34.725],[-85.3626,34.7178],[-85.3625,34.7097],[-85.3591,34.7073],[-85.3633,34.6977],[-85.3863,34.6968],[-85.3865,34.6882],[-85.3953,34.6798],[-85.3956,34.6763],[-85.3913,34.6745],[-85.3985,34.6691],[-85.3947,34.6677],[-85.3998,34.6636],[-85.4086,34.6632],[-85.4088,34.6559],[-85.4034,34.6437],[-85.4196,34.6421],[-85.4275,34.6297],[-85.4275,34.6218],[-85.4554,34.6055],[-85.465,34.6101],[-85.4729,34.6074],[-85.4852,34.6164],[-85.4804,34.6222],[-85.4736,34.6217],[-85.4679,34.6257],[-85.4738,34.6317],[-85.4678,34.6571],[-85.4715,34.6694],[-85.47,34.676],[-85.4779,34.6884],[-85.4699,34.6981],[-85.4664,34.7096],[-85.4731,34.7142],[-85.4774,34.7079],[-85.4967,34.7026],[-85.5023,34.6969],[-85.5186,34.6943],[-85.544,34.6559],[-85.5659,34.6316],[-85.5712,34.6225],[-85.5707,34.6167],[-85.5767,34.6137],[-85.5855,34.5953],[-85.5879,34.5834],[-85.5904,34.5815],[-85.6033,34.5842],[-85.6094,34.5888],[-85.62,34.5887],[-85.6318,34.5973],[-85.6366,34.5892],[-85.6406,34.5894],[-85.645,34.5846],[-85.6616,34.5921],[-85.6775,34.5707],[-85.6826,34.5716],[-85.6878,34.5667],[-85.6916,34.5572],[-85.7012,34.5463],[-85.712,34.5428],[-85.71,34.5345],[-85.7162,34.5303],[-85.7152,34.5214],[-85.7812,34.4694],[-85.806,34.4412],[-85.8155,34.4357],[-85.8262,34.4358],[-85.8285,34.4208],[-85.8356,34.4157],[-85.8532,34.3847],[-85.8647,34.3778],[-85.8652,34.3706],[-85.8718,34.3643],[-85.8868,34.3562],[-85.8949,34.3479],[-85.8997,34.3479],[-85.9022,34.3382],[-85.8992,34.3343],[-85.9153,34.3205],[-85.926,34.3021],[-85.9566,34.2852],[-85.9577,34.2755],[-85.9544,34.2684],[-85.9587,34.2576],[-85.9703,34.2487],[-85.9787,34.251],[-85.984,34.2477],[-85.9813,34.2294],[-86.0074,34.202],[-86.0152,34.199],[-86.0135,34.1943],[-86.0174,34.1899],[-86.0296,34.1823],[-86.0311,34.1706],[-86.037,34.169],[-86.0379,34.1659],[-86.0427,34.1672],[-86.0501,34.1639],[-86.0583,34.1537],[-86.055,34.1454],[-86.0643,34.1412],[-86.0706,34.1442],[-86.0725,34.1391],[-86.0766,34.1447],[-86.092,34.1465],[-86.0977,34.1525],[-86.1073,34.1504],[-86.1063,34.1429],[-86.1006,34.1397],[-86.1056,34.133],[-86.1038,34.1222],[-86.1123,34.1204],[-86.1096,34.1116],[-86.1271,34.1309],[-86.1383,34.1326],[-86.1407,34.1396],[-86.1388,34.1454],[-86.1519,34.153],[-86.1484,34.163],[-86.1384,34.1677],[-86.1383,34.1761],[-86.1347,34.1782],[-86.1395,34.1823],[-86.1367,34.1865],[-86.1378,34.1928],[-86.151,34.2011],[-86.1442,34.2164],[-86.1503,34.2217],[-86.1496,34.2343],[-86.1636,34.2369],[-86.1757,34.2466],[-86.1863,34.2441],[-86.1984,34.2545],[-86.2073,34.2473],[-86.2141,34.2522],[-86.2276,34.2547],[-86.2404,34.2488],[-86.2691,34.2611],[-86.2687,34.2549],[-86.2742,34.2496],[-86.2756,34.2426],[-86.3202,34.2305],[-86.3302,34.2375],[-86.343,34.2335],[-86.3517,34.242],[-86.3587,34.2439],[-86.3601,34.2415],[-86.3772,34.2487],[-86.3865,34.2357],[-86.378,34.223],[-86.3945,34.2241],[-86.3919,34.2219],[-86.3949,34.2166],[-86.3911,34.2144],[-86.3905,34.205],[-86.4027,34.2102],[-86.4169,34.1953],[-86.4291,34.1945],[-86.4537,34.1637],[-86.454,34.1584],[-86.4505,34.156],[-86.4509,34.1424],[-86.458,34.1424],[-86.4649,34.147],[-86.4753,34.1291],[-86.4845,34.1279],[-86.4895,34.1233],[-86.4999,34.1251],[-86.5084,34.1342],[-86.5172,34.1362],[-86.511,34.1401],[-86.5094,34.1476],[-86.5039,34.15],[-86.4958,34.1647],[-86.498,34.1696],[-86.506,34.1709],[-86.5091,34.1776],[-86.507,34.1821],[-86.51,34.1852],[-86.4822,34.2163],[-86.4815,34.2234],[-86.4745,34.2258],[-86.474,34.235],[-86.4682,34.2356],[-86.4667,34.2415],[-86.4501,34.2503],[-86.4548,34.2639],[-86.4481,34.2702],[-86.4477,34.2808],[-86.4417,34.288],[-86.4473,34.2989],[-86.4753,34.3084],[-86.4789,34.3142],[-86.487,34.318],[-86.4902,34.3245],[-86.4956,34.3227],[-86.4962,34.3179],[-86.5007,34.3177],[-86.5027,34.3135],[-86.5126,34.3124],[-86.5287,34.317],[-86.5388,34.315],[-86.543,34.318],[-86.5703,34.3172],[-86.5723,34.3122],[-86.5788,34.3127],[-86.5867,34.3087],[-86.5965,34.31],[-86.5976,34.2995],[-86.602,34.292],[-86.6007,34.2859],[-86.608,34.2804],[-86.6203,34.2906],[-86.6326,34.2935],[-86.6392,34.2998],[-86.6483,34.3003],[-86.6545,34.2947],[-86.6696,34.2984],[-86.677,34.2942],[-86.6855,34.3022],[-86.6956,34.304],[-86.6991,34.3077],[-86.7013,34.305],[-86.6984,34.299],[-86.702,34.2959],[-86.7103,34.297],[-86.7142,34.293],[-86.723,34.2918],[-86.726,34.3088],[-86.7574,34.3278],[-86.7615,34.3242],[-86.7632,34.307],[-86.7821,34.3023],[-86.7933,34.3036],[-86.7995,34.2921],[-86.8052,34.2918],[-86.811,34.2838],[-86.8119,34.2763],[-86.818,34.2691],[-86.8253,34.2708],[-86.8332,34.2651],[-86.846,34.2645],[-86.851,34.2589],[-86.8498,34.2508],[-86.8643,34.2405],[-86.8672,34.2442],[-86.8782,34.2458],[-86.8842,34.2523],[-86.8884,34.2492],[-86.9164,34.2534],[-86.9218,34.2512],[-86.9332,34.2564],[-86.9366,34.2603],[-86.9277,34.2712],[-86.9285,34.2764],[-86.9448,34.2896],[-86.9631,34.2902],[-86.9622,34.2971],[-86.9675,34.3042],[-86.9887,34.3116],[-86.9912,34.3095],[-86.9898,34.3063],[-86.9947,34.3031],[-87.0148,34.3117],[-87.0254,34.3051],[-87.0356,34.3032],[-87.0454,34.3086],[-87.0545,34.3029],[-87.0723,34.3058],[-87.0788,34.3002],[-87.1156,34.3167],[-87.1122,34.3233],[-87.1156,34.3328],[-87.1291,34.335],[-87.1371,34.3463],[-87.151,34.3405],[-87.1739,34.3426],[-87.1853,34.3356],[-87.1916,34.3379],[-87.2036,34.3346],[-87.2108,34.3368],[-87.2187,34.3453],[-87.2334,34.345],[-87.238,34.3518],[-87.2415,34.3515],[-87.2488,34.3585],[-87.2536,34.3582],[-87.254,34.3654],[-87.2648,34.3691],[-87.2696,34.3765],[-87.2971,34.3779],[-87.3105,34.3845],[-87.31,34.3899],[-87.3146,34.3886],[-87.3167,34.3927],[-87.3134,34.3997],[-87.317,34.4027],[-87.3139,34.4168],[-87.3312,34.4175],[-87.3345,34.422],[-87.3326,34.431],[-87.3358,34.431],[-87.3381,34.4356],[-87.3482,34.4312],[-87.3466,34.4243],[-87.3494,34.4193],[-87.358,34.4169],[-87.3606,34.4104],[-87.3666,34.4091],[-87.3685,34.4043],[-87.374,34.405],[-87.383,34.3982],[-87.4028,34.4094],[-87.4196,34.4019],[-87.4274,34.406],[-87.4292,34.4018],[-87.4342,34.4036],[-87.4347,34.3982],[-87.4422,34.3983],[-87.4496,34.3927],[-87.4521,34.3974],[-87.4573,34.3964],[-87.4575,34.3993],[-87.4614,34.3986],[-87.4662,34.392],[-87.4737,34.3923],[-87.4762,34.3892],[-87.4943,34.3959],[-87.5019,34.3901],[-87.51,34.3828],[-87.5098,34.3761],[-87.5207,34.3673],[-87.5191,34.3411],[-87.5284,34.3361],[-87.5363,34.3367],[-87.5384,34.3313],[-87.5417,34.3311],[-87.5312,34.3041],[-87.5349,34.3028],[-87.5365,34.2956],[-87.5469,34.2913],[-87.5484,34.2862],[-87.5442,34.2713],[-87.5553,34.2665],[-87.559,34.2557],[-87.5737,34.2548],[-87.5783,34.2478],[-87.5921,34.2399],[-87.62,34.2376],[-87.6221,34.2284],[-87.6332,34.2333],[-87.6365,34.2307],[-87.6415,34.2346],[-87.6527,34.23],[-87.6643,34.2379],[-87.673,34.2375],[-87.6879,34.2434],[-87.6982,34.2418],[-87.7036,34.2463],[-87.7103,34.2434],[-87.7218,34.248],[-87.7269,34.2426],[-87.7256,34.2394],[-87.7313,34.2285],[-87.7448,34.2195],[-87.7538,34.2248],[-87.7573,34.2344],[-87.7677,34.2343],[-87.7713,34.2375],[-87.772,34.2442],[-87.7779,34.2478],[-87.7823,34.2468],[-87.7881,34.2548],[-87.7996,34.2568],[-87.8149,34.268],[-87.8212,34.2658],[-87.8252,34.2735],[-87.8303,34.2757],[-87.8317,34.2839],[-87.842,34.2808],[-87.8498,34.285],[-87.8581,34.2835],[-87.8626,34.2878],[-87.8799,34.289],[-87.8914,34.2843],[-87.9009,34.2846],[-87.9133,34.3006],[-87.9235,34.3007],[-87.9263,34.3276],[-87.9358,34.3425],[-87.9409,34.3383],[-87.9513,34.3401],[-87.9489,34.3458],[-87.9522,34.3536],[-87.9595,34.3547],[-87.9696,34.3514],[-87.9734,34.3453],[-87.9843,34.3443],[-87.9911,34.3485],[-87.9939,34.3625],[-88.0013,34.3616],[-88.003,34.3572],[-88.0072,34.3569],[-88.0201,34.371],[-88.0358,34.3608],[-88.0418,34.3692],[-88.0494,34.3709],[-88.0489,34.3737],[-88.0588,34.3835],[-88.0632,34.3758],[-88.0746,34.376],[-88.0808,34.383],[-88.0755,34.3907],[-88.0764,34.394],[-88.0869,34.4061],[-88.1067,34.4079],[-88.1112,34.413],[-88.1103,34.4166],[-88.1283,34.4326],[-88.1351,34.4275],[-88.1418,34.4385],[-88.1482,34.4414],[-88.1584,34.4394],[-88.1746,34.4479],[-88.1813,34.4569],[-88.1884,34.4575],[-88.1992,34.4638],[-88.2004,34.4694],[-88.2041,34.47],[-88.2069,34.4763],[-88.2054,34.4839],[-88.2084,34.4858],[-88.206,34.4877],[-88.2083,34.4957],[-88.2062,34.4981],[-88.2079,34.5017],[-88.2121,34.5021],[-88.2107,34.5076],[-88.2155,34.5091],[-88.213,34.5161],[-88.2279,34.559],[-88.2208,34.5658],[-88.2247,34.5739],[-88.2299,34.576],[-88.2304,34.5834],[-88.2255,34.5831],[-88.2191,34.5883],[-88.2167,34.6006],[-88.2119,34.6058],[-88.2131,34.6102],[-88.217,34.6114],[-88.2086,34.6198],[-88.207,34.634],[-88.2315,34.6499],[-88.2329,34.667],[-88.2384,34.668],[-88.2409,34.6798],[-88.2466,34.6898],[-88.2532,34.6927],[-88.2577,34.706],[-88.261,34.7094],[-88.2705,34.7094],[-88.2763,34.7171],[-88.2759,34.7227],[-88.2804,34.7261],[-88.2856,34.7236],[-88.2885,34.71],[-88.2944,34.7078],[-88.2996,34.7135],[-88.3063,34.7157],[-88.3092,34.7135],[-88.3122,34.7054],[-88.3052,34.6968],[-88.3058,34.6929],[-88.3097,34.6949],[-88.3114,34.6899],[-88.3181,34.6879],[-88.3216,34.6828],[-88.3317,34.69],[-88.3406,34.6847],[-88.3444,34.6875],[-88.3495,34.6835],[-88.358,34.6904],[-88.3559,34.6952],[-88.3756,34.7016],[-88.3829,34.7178],[-88.3907,34.725],[-88.3912,34.7353],[-88.3963,34.7377],[-88.3961,34.751],[-88.4039,34.7542],[-88.4044,34.7593],[-88.4114,34.7633],[-88.4114,34.7687],[-88.4005,34.7714],[-88.3932,34.7806],[-88.4001,34.7887],[-88.4069,34.7892],[-88.4041,34.803],[-88.4104,34.8064],[-88.4158,34.8158],[-88.422,34.8159],[-88.4243,34.8241],[-88.4162,34.8319],[-88.4189,34.8388],[-88.4124,34.8402],[-88.4153,34.845],[-88.4123,34.8515],[-88.4347,34.8613],[-88.4443,34.877],[-88.4404,34.8802],[-88.4365,34.9001],[-88.4316,34.9019],[-88.4369,34.9051],[-88.4372,34.9106],[-88.4335,34.9139],[-88.4395,34.921],[-88.4297,34.9314],[-88.4381,34.931],[-88.4448,34.9365],[-88.4527,34.9354],[-88.4537,34.9524],[-88.4638,34.9551],[-88.4728,34.9686],[-88.4764,34.969],[-88.4758,34.975],[-88.4814,34.9798],[-88.4763,34.984],[-88.4865,34.9966],[-88.4852,35.0032],[-88.4982,35.0143],[-88.4983,35.0197],[-88.4881,35.0263],[-88.4814,35.0359],[-88.4861,35.0416],[-88.4869,35.0486],[-88.4774,35.0553],[-88.4825,35.0596],[-88.4821,35.069],[-88.4875,35.0717],[-88.4868,35.0764],[-88.4928,35.0816],[-88.4807,35.0941],[-88.4787,35.1037],[-88.4869,35.114],[-88.4846,35.1173],[-88.4941,35.1197],[-88.4976,35.1265],[-88.4929,35.1345],[-88.494,35.1423],[-88.499,35.1444],[-88.4977,35.1606],[-88.5087,35.1654],[-88.5091,35.1722],[-88.5054,35.1745],[-88.4977,35.1918],[-88.4998,35.2061],[-88.509,35.2057],[-88.5113,35.212],[-88.5322,35.2187],[-88.5303,35.2345],[-88.5371,35.2359],[-88.5432,35.2602],[-88.5363,35.2648],[-88.534,35.2714],[-88.5366,35.2763],[-88.5321,35.2837],[-88.5362,35.2896],[-88.5265,35.293],[-88.5275,35.3021],[-88.5235,35.3047],[-88.5225,35.311],[-88.5176,35.3096],[-88.5116,35.3151],[-88.5105,35.3265],[-88.5156,35.3422],[-88.4968,35.3573],[-88.4962,35.3641],[-88.4896,35.3735],[-88.4966,35.3793],[-88.4982,35.3866],[-88.4911,35.3923],[-88.4935,35.3967],[-88.4828,35.4146],[-88.485,35.4202],[-88.4728,35.4314],[-88.4742,35.4466],[-88.4692,35.4467],[-88.4635,35.4535],[-88.4651,35.4626],[-88.4501,35.4688],[-88.454,35.4782],[-88.4496,35.4845],[-88.4419,35.4861],[-88.4419,35.4926],[-88.439,35.4948],[-88.4402,35.5063],[-88.4356,35.5124],[-88.454,35.5262],[-88.4548,35.5298],[-88.4435,35.5419],[-88.4417,35.5552],[-88.4372,35.5589],[-88.4406,35.5629],[-88.439,35.5696],[-88.4466,35.573],[-88.4491,35.5703],[-88.4553,35.571],[-88.4616,35.5812],[-88.4701,35.5839],[-88.4725,35.5908],[-88.4839,35.594],[-88.4864,35.5984],[-88.479,35.6102],[-88.4806,35.6152],[-88.4849,35.6163],[-88.4806,35.6248],[-88.4703,35.6266],[-88.4592,35.6334],[-88.4676,35.6389],[-88.4622,35.6497],[-88.4665,35.6585],[-88.4712,35.6601],[-88.4716,35.6685],[-88.4753,35.6696],[-88.4766,35.6748],[-88.4834,35.6755],[-88.479,35.6803],[-88.4785,35.6886],[-88.4671,35.6943],[-88.4679,35.7041],[-88.4565,35.7174],[-88.4497,35.7348],[-88.4557,35.7482],[-88.4511,35.7554],[-88.4621,35.7611],[-88.4616,35.7688],[-88.4577,35.77],[-88.4588,35.7759],[-88.4659,35.7809],[-88.4807,35.7799],[-88.48,35.7848],[-88.4748,35.7917],[-88.4581,35.7919],[-88.451,35.7952],[-88.4502,35.8048],[-88.4548,35.8077],[-88.4537,35.8137],[-88.443,35.8257],[-88.4568,35.8478],[-88.4529,35.8532],[-88.4472,35.8544],[-88.4401,35.8643],[-88.4477,35.8809],[-88.444,35.8928],[-88.4351,35.901],[-88.4285,35.9016],[-88.424,35.8971],[-88.4109,35.8944],[-88.3869,35.8993],[-88.382,35.9044],[-88.3812,35.9012],[-88.3701,35.899],[-88.3593,35.906],[-88.3528,35.9065],[-88.3523,35.913],[-88.3441,35.9107],[-88.3398,35.9191],[-88.3343,35.9177],[-88.3266,35.922],[-88.3255,35.9255],[-88.3353,35.9332],[-88.3317,35.9397],[-88.3252,35.9431],[-88.3315,35.9506],[-88.3322,35.9564],[-88.338,35.9598],[-88.335,35.9688],[-88.3393,35.9717],[-88.3355,35.9849],[-88.3268,35.9837],[-88.3234,35.9929],[-88.3173,35.9934],[-88.3262,36.0082],[-88.3156,36.0175],[-88.3238,36.0255],[-88.3284,36.0243],[-88.3232,36.0324],[-88.3267,36.0381],[-88.3196,36.0438],[-88.309,36.0455],[-88.3061,36.0511],[-88.3108,36.0574],[-88.3071,36.0603],[-88.308,36.0724],[-88.3043,36.0742],[-88.3046,36.0775],[-88.3106,36.0821],[-88.3107,36.0859],[-88.3058,36.0896],[-88.3108,36.0941],[-88.3202,36.1218],[-88.3202,36.1273],[-88.3154,36.1315],[-88.3272,36.1355],[-88.33,36.1477],[-88.3275,36.1551],[-88.3314,36.161],[-88.3271,36.1638],[-88.326,36.1703],[-88.3296,36.1722],[-88.326,36.1749],[-88.3281,36.1836],[-88.3245,36.1884],[-88.3303,36.1931],[-88.3287,36.2026],[-88.3313,36.2065],[-88.3463,36.207],[-88.3449,36.2162],[-88.3529,36.2222],[-88.3517,36.2259],[-88.3582,36.2332],[-88.3465,36.2447],[-88.3443,36.251],[-88.3338,36.2537],[-88.3318,36.2592],[-88.3351,36.2678],[-88.3327,36.2759],[-88.322,36.2811],[-88.3214,36.2842],[-88.3238,36.2837],[-88.3297,36.2934],[-88.3394,36.2907],[-88.3405,36.2957],[-88.347,36.2929],[-88.3458,36.295],[-88.3498,36.2958],[-88.3526,36.3021],[-88.3595,36.3017],[-88.3633,36.3068],[-88.3691,36.3076],[-88.3706,36.3117],[-88.382,36.315],[-88.3864,36.3109],[-88.3886,36.3138],[-88.3815,36.3206],[-88.3828,36.3279],[-88.369,36.3348],[-88.3604,36.3275],[-88.3563,36.3295],[-88.3519,36.3234],[-88.3431,36.3252],[-88.3442,36.3291],[-88.3402,36.3331],[-88.3436,36.3387],[-88.338,36.3393],[-88.34,36.3445],[-88.344,36.345],[-88.3412,36.349],[-88.343,36.3518],[-88.3351,36.3573],[-88.3236,36.3547],[-88.322,36.3594],[-88.3088,36.366],[-88.3084,36.3694],[-88.2911,36.376],[-88.2894,36.3831],[-88.2969,36.3873],[-88.2944,36.4055],[-88.3043,36.4178],[-88.3049,36.4234],[-88.3323,36.4267],[-88.3343,36.4372],[-88.3427,36.4435],[-88.342,36.4511],[-88.3466,36.4552],[-88.3418,36.4682],[-88.3446,36.4711],[-88.3442,36.4793],[-88.3554,36.4773],[-88.3633,36.472],[-88.3699,36.4777],[-88.3716,36.4855],[-88.3783,36.4868],[-88.3822,36.4835],[-88.3873,36.4849],[-88.3937,36.4764],[-88.4002,36.4784],[-88.4065,36.4835],[-88.4039,36.4872],[-88.4062,36.4909],[-88.411,36.4912],[-88.4179,36.5031],[-88.4251,36.4992],[-88.4312,36.5043],[-88.4393,36.5058],[-88.4459,36.5149],[-88.4441,36.5204],[-88.4528,36.522],[-88.4505,36.5329],[-88.4593,36.5369],[-88.4615,36.5417],[-88.4442,36.5569],[-88.4487,36.57],[-88.4467,36.5754],[-88.4433,36.5751],[-88.4386,36.5807],[-88.4361,36.5949],[-88.4387,36.5997],[-88.4486,36.6073],[-88.4584,36.6101],[-88.4657,36.6182],[-88.4757,36.6195],[-88.4844,36.6249],[-88.4849,36.6295],[-88.4773,36.6334],[-88.4773,36.6362],[-88.479,36.6411],[-88.4841,36.6423],[-88.4836,36.6462],[-88.4904,36.6477],[-88.488,36.656],[-88.4948,36.6529],[-88.506,36.6554],[-88.5118,36.6639],[-88.5221,36.6688],[-88.5163,36.6736],[-88.5169,36.6885],[-88.5109,36.6884],[-88.5068,36.6975],[-88.5096,36.7056],[-88.5286,36.7199],[-88.5463,36.7237],[-88.5618,36.7393],[-88.5587,36.7431],[-88.5609,36.746],[-88.5703,36.7439],[-88.5763,36.7501],[-88.5883,36.7542],[-88.5903,36.7617],[-88.5858,36.7657],[-88.5877,36.7692],[-88.5807,36.7729],[-88.5805,36.7814],[-88.5838,36.7875],[-88.5948,36.7948],[-88.5957,36.802],[-88.607,36.8026],[-88.6117,36.8086],[-88.6145,36.8332],[-88.6214,36.8379],[-88.622,36.8469],[-88.6272,36.8522],[-88.6241,36.8588],[-88.6277,36.8634],[-88.625,36.8732],[-88.6291,36.8854],[-88.6257,36.8917],[-88.6284,36.9002],[-88.6355,36.9097],[-88.6418,36.9111],[-88.6412,36.9191],[-88.6489,36.9234],[-88.6486,36.9289],[-88.6539,36.9299],[-88.6578,36.9398],[-88.67,36.946],[-88.6796,36.9658],[-88.6732,36.9768],[-88.6721,36.9872],[-88.6674,36.9914],[-88.6659,36.9986],[-88.6698,37.0108],[-88.6621,37.0185],[-88.6706,37.0318],[-88.6668,37.0352],[-88.6591,37.0353],[-88.6583,37.0392],[-88.6419,37.0426],[-88.6398,37.0497],[-88.6501,37.0615],[-88.6437,37.0669],[-88.6332,37.0671],[-88.6298,37.0836],[-88.5928,37.0877],[-88.5724,37.0719],[-88.5297,37.0539],[-88.5211,37.0408],[-88.5133,37.0454],[-88.509,37.0536],[-88.507,37.0459],[-88.4961,37.0408],[-88.497,37.038],[-88.4889,37.0416],[-88.4834,37.0394],[-88.4834,37.0351],[-88.476,37.0398],[-88.4678,37.0378],[-88.4699,37.0416],[-88.4599,37.0474],[-88.4601,37.0544],[-88.4498,37.0495],[-88.444,37.0509],[-88.4411,37.0593],[-88.433,37.0636],[-88.4343,37.0684],[-88.4284,37.0745],[-88.4318,37.0789],[-88.4273,37.0846],[-88.4196,37.0876],[-88.4159,37.0934],[-88.406,37.0929],[-88.4044,37.1025],[-88.3971,37.1031],[-88.3951,37.1102],[-88.3996,37.1123],[-88.3973,37.1181],[-88.4015,37.1302],[-88.3996,37.1404],[-88.408,37.1444],[-88.3946,37.1595],[-88.3813,37.1684],[-88.3896,37.179],[-88.395,37.1801],[-88.3953,37.1845],[-88.3918,37.1881],[-88.3933,37.1918],[-88.3763,37.2093],[-88.3696,37.2055],[-88.3628,37.2121],[-88.361,37.2232],[-88.3651,37.2267],[-88.3698,37.2237],[-88.3751,37.2281],[-88.365,37.2421],[-88.3585,37.2444],[-88.3497,37.2332],[-88.3331,37.2376],[-88.3329,37.2432],[-88.3397,37.2508],[-88.3208,37.2569],[-88.3061,37.2561],[-88.2978,37.2654],[-88.3002,37.2686],[-88.2979,37.2728],[-88.2924,37.2724],[-88.2713,37.2836],[-88.2615,37.291],[-88.2629,37.2963],[-88.2552,37.3011],[-88.2466,37.3039],[-88.2408,37.3024],[-88.2337,37.3065],[-88.2309,37.3099],[-88.2358,37.3162],[-88.2292,37.3238],[-88.2184,37.3213],[-88.217,37.3091],[-88.2042,37.299],[-88.2004,37.2993],[-88.193,37.3119],[-88.1829,37.3131],[-88.1771,37.3109],[-88.1763,37.303],[-88.1696,37.2994],[-88.1617,37.2986],[-88.1578,37.3037],[-88.1541,37.2986],[-88.1479,37.3022],[-88.1453,37.3085],[-88.1477,37.3119],[-88.134,37.3245],[-88.1286,37.3278],[-88.126,37.3242],[-88.119,37.3265],[-88.1086,37.3227],[-88.1063,37.3188],[-88.1095,37.3061],[-88.1026,37.3057],[-88.0987,37.3006],[-88.1018,37.2983],[-88.0965,37.2958],[-88.1049,37.288],[-88.1036,37.2797],[-88.0727,37.278],[-88.0669,37.2756],[-88.0656,37.2705],[-88.0514,37.2738],[-88.0391,37.2706],[-88.0366,37.2608],[-88.0214,37.2583],[-88.0189,37.2497],[-88.0146,37.2472],[-88.0159,37.2441],[-88.0079,37.2366],[-87.9902,37.2358],[-87.9835,37.2309],[-87.9802,37.2208],[-87.9862,37.2166],[-87.9901,37.2073],[-87.9973,37.2066],[-88.004,37.1999],[-88.01,37.1988],[-88.0085,37.1931],[-88,37.1899],[-88.0038,37.1828],[-87.9931,37.1796],[-87.989,37.1841],[-87.9682,37.1789],[-87.9685,37.173],[-87.9636,37.1666],[-87.9551,37.1656],[-87.9523,37.1591],[-87.9543,37.1569],[-87.9425,37.1514],[-87.9324,37.1557],[-87.9004,37.1498],[-87.8944,37.1338],[-87.8903,37.1317],[-87.8776,37.1343],[-87.8752,37.1268],[-87.8787,37.122],[-87.8662,37.1179],[-87.8637,37.1108],[-87.8574,37.1114],[-87.8473,37.0977],[-87.8414,37.098],[-87.8352,37.0927],[-87.8349,37.0881],[-87.8259,37.0833],[-87.8164,37.0861],[-87.8117,37.0844],[-87.8108,37.0806],[-87.8063,37.082],[-87.8018,37.0704],[-87.7922,37.0753],[-87.7887,37.0728],[-87.7854,37.0776],[-87.7733,37.0774],[-87.7653,37.0735],[-87.7608,37.0773],[-87.7535,37.0753],[-87.7521,37.0774],[-87.7377,37.0678],[-87.7418,37.0625],[-87.735,37.0497],[-87.7297,37.0515],[-87.7233,37.0468],[-87.7077,37.0457],[-87.7069,37.0403],[-87.7033,37.0383],[-87.6977,37.0431],[-87.6793,37.0423],[-87.6662,37.0377],[-87.6624,37.0406],[-87.6531,37.0319],[-87.6547,37.0216],[-87.6323,37.0168],[-87.6382,37.0132],[-87.6361,37.0053],[-87.6331,37.0018],[-87.6225,37.0019],[-87.6198,36.9949],[-87.6136,36.9931],[-87.6168,36.9861],[-87.6086,36.9828],[-87.6088,36.9769],[-87.6021,36.9763],[-87.5923,36.9695],[-87.5856,36.9764],[-87.5658,36.9746],[-87.5617,36.9697],[-87.5459,36.9724],[-87.5376,36.9647],[-87.5265,36.9659],[-87.5216,36.9621],[-87.5235,36.952],[-87.5193,36.9485],[-87.5126,36.9525],[-87.5051,36.9489],[-87.4811,36.9498],[-87.474,36.947],[-87.4692,36.957],[-87.4708,36.967],[-87.4645,36.9693],[-87.4573,36.9643],[-87.451,36.9645],[-87.448,36.9551],[-87.4433,36.9529],[-87.4346,36.9558],[-87.4265,36.9511],[-87.4096,36.9558],[-87.4073,36.9482],[-87.3977,36.9412],[-87.3883,36.9386],[-87.3872,36.9348],[-87.3792,36.9355],[-87.3777,36.9294],[-87.3703,36.929],[-87.3603,36.9217],[-87.3483,36.9221],[-87.3462,36.918],[-87.3404,36.9241],[-87.3257,36.9209],[-87.3255,36.9152],[-87.3138,36.906],[-87.3178,36.8997],[-87.3133,36.8971],[-87.3104,36.8898],[-87.303,36.8907],[-87.3023,36.8943],[-87.2892,36.8933],[-87.2812,36.8805],[-87.2782,36.8843],[-87.2669,36.8867],[-87.2657,36.8916],[-87.2592,36.8928],[-87.258,36.8883],[-87.2521,36.8849],[-87.2377,36.8859],[-87.2303,36.8742],[-87.2326,36.8702],[-87.2304,36.8656],[-87.2245,36.8647],[-87.2173,36.8755],[-87.1977,36.8797],[-87.1849,36.8755],[-87.1779,36.88],[-87.1784,36.8843],[-87.1748,36.8841],[-87.1718,36.8891],[-87.1737,36.8963],[-87.1672,36.8988],[-87.1647,36.9034],[-87.1617,36.9216],[-87.1326,36.9071],[-87.1276,36.9],[-87.1287,36.8937],[-87.1192,36.8902],[-87.11,36.8909],[-87.0964,36.8819],[-87.0867,36.8811],[-87.0783,36.8879],[-87.0683,36.8854],[-87.0674,36.8891],[-87.0598,36.8881],[-87.0479,36.8769],[-87.0491,36.8741],[-87.0356,36.864],[-87.0344,36.8588],[-87.0245,36.8689],[-87.0074,36.8623],[-87.0075,36.8566],[-87.0015,36.8531],[-86.9829,36.8588],[-86.9821,36.8535],[-86.9781,36.8529],[-86.9631,36.8545],[-86.9588,36.8524],[-86.9522,36.855],[-86.9349,36.838],[-86.9353,36.8319],[-86.9194,36.8256],[-86.9141,36.8266],[-86.9145,36.8197],[-86.9064,36.8117],[-86.8912,36.8179],[-86.8844,36.8279],[-86.8733,36.8242],[-86.8685,36.8171],[-86.8511,36.8145],[-86.8323,36.8214],[-86.8289,36.8164],[-86.8221,36.8195],[-86.8174,36.8143],[-86.8097,36.818],[-86.8037,36.829],[-86.7913,36.8306],[-86.7914,36.8349],[-86.7826,36.8325],[-86.7716,36.8378],[-86.7615,36.833],[-86.7332,36.8408],[-86.7205,36.8242],[-86.7097,36.8223],[-86.707,36.8251],[-86.6912,36.8159],[-86.6825,36.8237],[-86.6681,36.8206],[-86.6696,36.8112],[-86.6649,36.8062],[-86.6678,36.803],[-86.6444,36.7911],[-86.653,36.7859],[-86.6525,36.7824],[-86.645,36.7739],[-86.636,36.7711],[-86.629,36.7604],[-86.6299,36.7406],[-86.6325,36.7391],[-86.6246,36.7312],[-86.6256,36.7248],[-86.6232,36.7212],[-86.6184,36.7237],[-86.6134,36.719],[-86.6079,36.7186],[-86.6055,36.7094],[-86.6008,36.7058],[-86.6007,36.7016],[-86.6059,36.6992],[-86.6178,36.6985],[-86.6161,36.6935],[-86.609,36.69],[-86.6127,36.6818],[-86.6095,36.678],[-86.6145,36.673],[-86.6093,36.6698],[-86.6173,36.6638],[-86.6062,36.6615],[-86.6061,36.6578],[-86.6005,36.6559],[-86.6008,36.6517],[-86.5935,36.6483],[-86.5639,36.6497],[-86.556,36.6444],[-86.5578,36.6372],[-86.5408,36.633],[-86.5395,36.6305],[-86.546,36.6282],[-86.5458,36.6242],[-86.5525,36.6203],[-86.5489,36.6165],[-86.5373,36.6159],[-86.5308,36.6069],[-86.5208,36.6036],[-86.5141,36.595],[-86.5152,36.5876],[-86.5287,36.5885],[-86.5325,36.5857],[-86.5275,36.5835],[-86.5266,36.5731],[-86.5333,36.561],[-86.5242,36.5613],[-86.5193,36.5483],[-86.5303,36.5462],[-86.5231,36.5388],[-86.525,36.5316],[-86.5209,36.5313],[-86.5181,36.5243],[-86.5086,36.5194],[-86.5084,36.5128],[-86.4937,36.506],[-86.4992,36.497],[-86.4874,36.4842],[-86.4846,36.4763],[-86.4721,36.4671],[-86.4648,36.4754],[-86.4574,36.4741],[-86.445,36.4817],[-86.4383,36.4807],[-86.4301,36.4979],[-86.4241,36.4999],[-86.426,36.5016],[-86.4232,36.5107],[-86.4168,36.5102],[-86.4173,36.5138],[-86.4125,36.5191],[-86.4014,36.518],[-86.3969,36.5081],[-86.3896,36.5108],[-86.3831,36.5068],[-86.3809,36.514],[-86.3732,36.5124],[-86.3718,36.5154],[-86.3752,36.5176],[-86.3713,36.5218],[-86.3671,36.52],[-86.3597,36.526],[-86.3461,36.5247],[-86.3418,36.535],[-86.3362,36.5349],[-86.3327,36.529],[-86.3277,36.5329],[-86.3229,36.5307],[-86.3109,36.5328],[-86.3028,36.5378],[-86.2914,36.5347],[-86.2891,36.5419],[-86.2816,36.547],[-86.2851,36.5567],[-86.2704,36.5505],[-86.2519,36.5569],[-86.2431,36.5483],[-86.2362,36.5474],[-86.2351,36.5433],[-86.2252,36.5358],[-86.2195,36.5376],[-86.2175,36.5321],[-86.1864,36.5346],[-86.1873,36.5314],[-86.1776,36.5279],[-86.1796,36.5185],[-86.1757,36.5142],[-86.1726,36.5183],[-86.1638,36.5206],[-86.1506,36.5166],[-86.1483,36.5216],[-86.1376,36.5159],[-86.1273,36.5164],[-86.1111,36.5264],[-86.0985,36.5189],[-86.0954,36.5104],[-86.0898,36.5096],[-86.0865,36.5154],[-86.0666,36.512],[-86.0588,36.5262],[-86.0375,36.5259],[-86.0232,36.5179],[-86.019,36.5064],[-86.0118,36.5053],[-85.9977,36.4975],[-85.9949,36.4926],[-85.9824,36.4897],[-85.9793,36.4854],[-85.9727,36.4899],[-85.9625,36.485],[-85.9472,36.464],[-85.9423,36.4657],[-85.9422,36.4624],[-85.9363,36.4611],[-85.937,36.4584],[-85.9328,36.4601],[-85.926,36.4565],[-85.9199,36.4597],[-85.9093,36.459],[-85.9072,36.4633],[-85.9032,36.4618],[-85.9016,36.4651],[-85.8897,36.4626],[-85.8909,36.4695],[-85.8804,36.4665],[-85.8755,36.4777],[-85.8521,36.4709],[-85.8418,36.4768],[-85.8398,36.484],[-85.8336,36.4903],[-85.8179,36.4918],[-85.8146,36.5048],[-85.8068,36.5136],[-85.7942,36.5115],[-85.787,36.516],[-85.7781,36.5125],[-85.7702,36.5212],[-85.7461,36.5228],[-85.7405,36.527],[-85.7425,36.5295],[-85.7384,36.5346],[-85.7401,36.5444],[-85.7376,36.5455],[-85.7208,36.5437],[-85.7129,36.5478],[-85.6981,36.5354],[-85.6828,36.5391],[-85.6761,36.5474],[-85.6834,36.5577],[-85.6742,36.5723],[-85.6562,36.5885],[-85.642,36.5891],[-85.6358,36.5951],[-85.6279,36.5969],[-85.6299,36.6014],[-85.64,36.6062],[-85.6368,36.614],[-85.6407,36.6169],[-85.6284,36.6261],[-85.6268,36.6307],[-85.651,36.6482],[-85.6505,36.6507],[-85.6394,36.651],[-85.6408,36.6566],[-85.6377,36.6609],[-85.6424,36.6728],[-85.6571,36.6814],[-85.6564,36.6853],[-85.6599,36.6864],[-85.6547,36.6927],[-85.6607,36.7013],[-85.6512,36.7107],[-85.6629,36.7197],[-85.6583,36.7275],[-85.6439,36.7242],[-85.646,36.7306],[-85.6366,36.7357],[-85.6402,36.7424],[-85.6373,36.7478],[-85.6402,36.7607],[-85.6371,36.7669],[-85.6477,36.7737],[-85.6457,36.7769],[-85.6481,36.7797],[-85.6393,36.7932],[-85.6407,36.7985],[-85.6454,36.8009],[-85.6437,36.8033],[-85.6468,36.8042],[-85.6449,36.8091],[-85.6501,36.8102],[-85.652,36.8284],[-85.6586,36.8337],[-85.6612,36.8445],[-85.668,36.8468],[-85.67,36.8572],[-85.6748,36.8588],[-85.6688,36.8645],[-85.6724,36.8693],[-85.6677,36.8725],[-85.6657,36.8803],[-85.6609,36.8709],[-85.6521,36.8748],[-85.6478,36.8733],[-85.6453,36.8675],[-85.636,36.8661],[-85.6271,36.8741],[-85.615,36.8789],[-85.6087,36.8937],[-85.6034,36.8935],[-85.6022,36.8973],[-85.5863,36.9027],[-85.5673,36.9033],[-85.5627,36.9087],[-85.5582,36.9077],[-85.5545,36.9142],[-85.5404,36.9106],[-85.5416,36.9048],[-85.5376,36.898],[-85.5314,36.9015],[-85.53,36.906],[-85.5133,36.9047],[-85.4944,36.9083],[-85.4905,36.9021],[-85.4842,36.9082],[-85.4719,36.9095],[-85.4731,36.9155],[-85.4671,36.9191],[-85.4688,36.923],[-85.4634,36.9308],[-85.4672,36.9326],[-85.4674,36.937],[-85.4524,36.9379],[-85.4439,36.9474],[-85.4459,36.9511],[-85.4438,36.9578],[-85.4465,36.9589],[-85.4413,36.9618],[-85.4401,36.9667],[-85.4565,36.9743],[-85.4475,36.9829],[-85.4497,36.9862],[-85.4442,36.9864],[-85.4413,36.9911],[-85.4396,36.988],[-85.4341,36.9909],[-85.4274,36.9898],[-85.4262,36.9934],[-85.4122,37.0023],[-85.4051,37.0021],[-85.4048,37.006],[-85.4016,37.0059],[-85.4037,37.011],[-85.3898,37.0218],[-85.3713,37.0115],[-85.367,37.0056],[-85.3622,37.0067],[-85.3455,36.9965],[-85.3404,36.9963],[-85.3328,37.0032],[-85.3295,36.9991],[-85.3215,36.9975],[-85.3167,37.002],[-85.3131,37.0005],[-85.3151,37.0051],[-85.3083,37.0057],[-85.303,37.0133],[-85.2974,37.0128],[-85.2906,37.0054],[-85.2687,37.0062],[-85.2487,36.9855],[-85.233,36.9959],[-85.2239,36.9888],[-85.2177,36.9903],[-85.204,36.9861],[-85.1988,36.9777],[-85.1822,36.9717],[-85.1767,36.9769],[-85.171,36.9777],[-85.172,36.9817],[-85.1684,36.9838],[-85.154,36.9833],[-85.1286,36.9991],[-85.1248,37.0056],[-85.125,37.0162],[-85.1202,37.0207],[-85.1193,37.0361],[-85.1015,37.0409],[-85.1025,37.043],[-85.0945,37.0467],[-85.0943,37.0544],[-85.0907,37.0582],[-85.0868,37.0574],[-85.0747,37.0645],[-85.0622,37.0662],[-85.0586,37.0703],[-85.0524,37.0672],[-85.0347,37.0733],[-85.0301,37.07],[-85.0222,37.0752],[-85.0133,37.0739],[-85.0058,37.0673],[-84.9992,37.0688],[-84.9809,37.0578],[-84.9725,37.0633],[-84.969,37.0593],[-84.9602,37.0572],[-84.9589,37.0606],[-84.9402,37.0687],[-84.9422,37.0727],[-84.935,37.0808],[-84.9244,37.0802],[-84.9256,37.0854],[-84.917,37.0924],[-84.9125,37.1047],[-84.9151,37.1058],[-84.9117,37.1157],[-84.9157,37.1195],[-84.915,37.1256],[-84.8928,37.1327],[-84.8818,37.1271],[-84.8528,37.136],[-84.8453,37.1535],[-84.8382,37.1598],[-84.8251,37.1617],[-84.8233,37.1701],[-84.8132,37.1762],[-84.8147,37.18],[-84.8203,37.1811],[-84.8231,37.1912],[-84.8278,37.1927],[-84.8248,37.1981],[-84.8269,37.2017],[-84.8183,37.2074],[-84.8229,37.2123],[-84.8203,37.2184],[-84.8071,37.2187],[-84.8058,37.229],[-84.81,37.2364],[-84.8031,37.2444],[-84.8077,37.2482],[-84.7999,37.2585],[-84.7859,37.2605],[-84.7763,37.266],[-84.7745,37.2727],[-84.7683,37.275],[-84.7698,37.2792],[-84.754,37.2832],[-84.7463,37.2929],[-84.7406,37.2942],[-84.7416,37.3019],[-84.7342,37.3043],[-84.7409,37.3074],[-84.7397,37.3128],[-84.7328,37.3149],[-84.7316,37.328],[-84.7214,37.3454],[-84.7244,37.3503],[-84.7234,37.3559],[-84.7285,37.3616],[-84.7198,37.3633],[-84.7175,37.3689],[-84.7004,37.378],[-84.6978,37.3829],[-84.6994,37.3877],[-84.679,37.3853],[-84.6753,37.3884],[-84.667,37.3882],[-84.6626,37.3969],[-84.6539,37.4001],[-84.6535,37.4067],[-84.6484,37.405],[-84.6457,37.4081],[-84.6555,37.4193],[-84.6556,37.4274],[-84.6427,37.4335],[-84.6356,37.4432],[-84.6381,37.4559],[-84.6302,37.4632],[-84.6233,37.4588],[-84.6242,37.4519],[-84.6036,37.4394],[-84.6015,37.4285],[-84.5958,37.4235],[-84.5883,37.428],[-84.5876,37.4244],[-84.5806,37.4234],[-84.5783,37.4186],[-84.5642,37.4097],[-84.5565,37.4127],[-84.5482,37.4097],[-84.5404,37.4128],[-84.5262,37.4064],[-84.5152,37.4115],[-84.5095,37.4053],[-84.5118,37.3981],[-84.5163,37.395],[-84.5095,37.3793],[-84.482,37.3739],[-84.4821,37.3716],[-84.4746,37.3718],[-84.4676,37.3676],[-84.4597,37.3681],[-84.4657,37.364],[-84.4603,37.3581],[-84.4494,37.3534],[-84.4517,37.3453],[-84.441,37.3428],[-84.4327,37.3341],[-84.4149,37.3352],[-84.4076,37.3399],[-84.4096,37.3461],[-84.4048,37.3488],[-84.3836,37.3479],[-84.3796,37.3544],[-84.384,37.3641],[-84.382,37.3703],[-84.3852,37.3727],[-84.3828,37.3771],[-84.3772,37.3775],[-84.3703,37.3978],[-84.374,37.4022],[-84.3772,37.4213],[-84.3804,37.4234],[-84.3827,37.4459],[-84.3762,37.4488],[-84.3754,37.4574],[-84.3637,37.4604],[-84.363,37.4655],[-84.3564,37.469],[-84.3507,37.4786],[-84.3556,37.4861],[-84.3452,37.4962],[-84.3333,37.4972],[-84.3369,37.5034],[-84.3428,37.5038],[-84.3448,37.5069],[-84.337,37.5198],[-84.3377,37.5244],[-84.3438,37.5252],[-84.3476,37.5295],[-84.3461,37.5324],[-84.3493,37.5376],[-84.3438,37.5395]]]},"properties":{"name":"US Army Engineer District, Nashville","abbreviation":"CELRN","division_name":"Great Lakes and Ohio River Division","division_abbreviation":null,"website_url":"","phone":"","address":"","layer":"usace_districts"}},{"type":"Feature","geometry":{"type":"Polygon","coordinates":[[[-82.4023,36.5596],[-82.4024,36.5594],[-82.4024,36.5596],[-82.4023,36.5596]]]},"properties":{"name":"Unnamed Lake (43594236)","layer":"nhd_lakes","waterbody_type":"Lake/Pond","area_acres":null,"elevation":null,"fcode":39004}},{"type":"Feature","geometry":{"type":"Polygon","coordinates":[[[-82.6597,36.4295],[-82.6591,36.4291],[-82.6593,36.429],[-82.6597,36.4295]]]},"properties":{"name":"Unnamed Lake (43594952)","layer":"nhd_lakes","waterbody_type":"Lake/Pond","area_acres":0.25,"elevation":null,"fcode":39004}},{"type":"Feature","geometry":{"type":"Polygon","coordinates":[[[-82.6398,36.551],[-82.6401,36.5515],[-82.6396,36.5514],[-82.6398,36.551]]]},"properties":{"name":"Unnamed Lake (13880451)","layer":"nhd_lakes","waterbody_type":"Lake/Pond","area_acres":0.49,"elevation":null,"fcode":39004}},{"type":"Feature","geometry":{"type":"Polygon","coordinates":[[[-82.6955,36.5744],[-82.6958,36.5746],[-82.6955,36.5749],[-82.6955,36.5744]]]},"properties":{"name":"Unnamed Lake (13880449)","layer":"nhd_lakes","waterbody_type":"Lake/Pond","area_acres":0.25,"elevation":null,"fcode":39004}},{"type":"Feature","geometry":{"type":"Polygon","coordinates":[[[-82.53,36.3674],[-82.5301,36.3685],[-82.5296,36.3679],[-82.53,36.3674]]]},"properties":{"name":"Unnamed Lake (13101957)","layer":"nhd_lakes","waterbody_type":"Lake/Pond","area_acres":1.24,"elevation":null,"fcode":39004}},{"type":"Feature","geometry":{"type":"Polygon","coordinates":[[[-82.6567,36.6044],[-82.6565,36.6041],[-82.657,36.6038],[-82.6567,36.6044]]]},"properties":{"name":"Unnamed Lake ({EBE7B6A)","layer":"nhd_lakes","waterbody_type":"Lake/Pond","area_acres":0.49,"elevation":null,"fcode":39004}},{"type":"Feature","geometry":{"type":"Polygon","coordinates":[[[-82.6264,36.6091],[-82.6261,36.609],[-82.6267,36.6089],[-82.6264,36.6091]]]},"properties":{"name":"Unnamed Lake ({112D031)","layer":"nhd_lakes","waterbody_type":"Lake/Pond","area_acres":0.25,"elevation":null,"fcode":39004}},{"type":"Feature","geometry":{"type":"Polygon","coordinates":[[[-82.4115,36.4972],[-82.4116,36.4967],[-82.4119,36.4968],[-82.4115,36.4972]]]},"properties":{"name":"Unnamed Lake (43594634)","layer":"nhd_lakes","waterbody_type":"Lake/Pond","area_acres":0.25,"elevation":null,"fcode":39004}},{"type":"Feature","geometry":{"type":"Polygon","coordinates":[[[-82.4974,36.3948],[-82.4974,36.3952],[-82.4972,36.3953],[-82.4974,36.3948]]]},"properties":{"name":"Unnamed Lake (43595024)","layer":"nhd_lakes","waterbody_type":"Lake/Pond","area_acres":0.25,"elevation":null,"fcode":39004}},{"type":"Feature","geometry":{"type":"Polygon","coordinates":[[[-82.6747,36.4074],[-82.6757,36.4078],[-82.6746,36.4077],[-82.6747,36.4074]]]},"properties":{"name":"Unnamed Lake (13101955)","layer":"nhd_lakes","waterbody_type":"Lake/Pond","area_acres":0.74,"elevation":null,"fcode":39004}},{"type":"Feature","geometry":{"type":"Polygon","coordinates":[[[-82.5334,36.3763],[-82.5336,36.3762],[-82.5338,36.3765],[-82.5334,36.3763]]]},"properties":{"name":"Unnamed Lake (13101956)","layer":"nhd_lakes","waterbody_type":"Lake/Pond","area_acres":0.25,"elevation":null,"fcode":39004}},{"type":"Feature","geometry":{"type":"Polygon","coordinates":[[[-82.5944,36.3759],[-82.5939,36.3765],[-82.5935,36.3763],[-82.5944,36.3759]]]},"properties":{"name":"Unnamed Lake (43595104)","layer":"nhd_lakes","waterbody_type":"Lake/Pond","area_acres":0.74,"elevation":null,"fcode":39004}},{"type":"Feature","geometry":{"type":"Polygon","coordinates":[[[-82.6992,36.5728],[-82.6994,36.5731],[-82.6989,36.5732],[-82.6992,36.5728]]]},"properties":{"name":"Unnamed Lake (13880449)","layer":"nhd_lakes","waterbody_type":"Lake/Pond","area_acres":0.25,"elevation":null,"fcode":39004}},{"type":"Feature","geometry":{"type":"Polygon","coordinates":[[[-82.5404,36.3686],[-82.5405,36.3688],[-82.54,36.369],[-82.5404,36.3686]]]},"properties":{"name":"Unnamed Lake (13101958)","layer":"nhd_lakes","waterbody_type":"Lake/Pond","area_acres":0.49,"elevation":null,"fcode":39004}},{"type":"Feature","geometry":{"type":"Polygon","coordinates":[[[-82.5883,36.3707],[-82.5885,36.3709],[-82.5883,36.3711],[-82.5883,36.3707]]]},"properties":{"name":"Painter Pond","layer":"nhd_lakes","waterbody_type":"Lake/Pond","area_acres":0.25,"elevation":null,"fcode":39004}},{"type":"Feature","geometry":{"type":"Polygon","coordinates":[[[-82.5372,36.5972],[-82.5379,36.5975],[-82.5377,36.5978],[-82.5372,36.5972]]]},"properties":{"name":"Unnamed Lake (43562667)","layer":"nhd_lakes","waterbody_type":"Lake/Pond","area_acres":0.49,"elevation":null,"fcode":39004}},{"type":"Feature","geometry":{"type":"Polygon","coordinates":[[[-82.6617,36.4089],[-82.6613,36.4085],[-82.6615,36.4079],[-82.6617,36.4089]]]},"properties":{"name":"Unnamed Lake (13101954)","layer":"nhd_lakes","waterbody_type":"Lake/Pond","area_acres":0.74,"elevation":null,"fcode":39004}},{"type":"Feature","geometry":{"type":"Polygon","coordinates":[[[-82.619,36.5385],[-82.6191,36.5386],[-82.6189,36.5386],[-82.619,36.5385]]]},"properties":{"name":"Unnamed Lake (13880452)","layer":"nhd_lakes","waterbody_type":"Lake/Pond","area_acres":null,"elevation":null,"fcode":39004}},{"type":"Feature","geometry":{"type":"Polygon","coordinates":[[[-82.5937,36.5414],[-82.594,36.5418],[-82.5937,36.542],[-82.5937,36.5414]]]},"properties":{"name":"Unnamed Lake (43594492)","layer":"nhd_lakes","waterbody_type":"Lake/Pond","area_acres":0.49,"elevation":null,"fcode":39004}},{"type":"Feature","geometry":{"type":"Polygon","coordinates":[[[-82.5465,36.5282],[-82.5474,36.5289],[-82.5465,36.5286],[-82.5465,36.5282]]]},"properties":{"name":"Unnamed Lake (43594544)","layer":"nhd_lakes","waterbody_type":"Lake/Pond","area_acres":0.99,"elevation":null,"fcode":39004}},{"type":"Feature","geometry":{"type":"Polygon","coordinates":[[[-82.5069,36.4875],[-82.5076,36.4879],[-82.5073,36.4881],[-82.5069,36.4875]]]},"properties":{"name":"Unnamed Lake (43594722)","layer":"nhd_lakes","waterbody_type":"Lake/Pond","area_acres":0.74,"elevation":null,"fcode":39004}},{"type":"Feature","geometry":{"type":"Polygon","coordinates":[[[-82.6312,36.4625],[-82.6326,36.4628],[-82.6326,36.4632],[-82.6312,36.4625]]]},"properties":{"name":"Unnamed Lake (43594872)","layer":"nhd_lakes","waterbody_type":"Lake/Pond","area_acres":1.24,"elevation":null,"fcode":39004}},{"type":"Feature","geometry":{"type":"Polygon","coordinates":[[[-82.6686,36.4105],[-82.6687,36.4107],[-82.6684,36.4108],[-82.6686,36.4105]]]},"properties":{"name":"Unnamed Lake (13101954)","layer":"nhd_lakes","waterbody_type":"Lake/Pond","area_acres":0.25,"elevation":null,"fcode":39004}},{"type":"Feature","geometry":{"type":"Polygon","coordinates":[[[-82.6626,36.3949],[-82.6628,36.3953],[-82.6623,36.3951],[-82.6626,36.3949]]]},"properties":{"name":"Unnamed Lake (13101956)","layer":"nhd_lakes","waterbody_type":"Lake/Pond","area_acres":0.49,"elevation":null,"fcode":39004}},{"type":"Feature","geometry":{"type":"Polygon","coordinates":[[[-82.6504,36.6142],[-82.6506,36.6144],[-82.6503,36.6143],[-82.6504,36.6142]]]},"properties":{"name":"Unnamed Lake (43562659)","layer":"nhd_lakes","waterbody_type":"Lake/Pond","area_acres":0.25,"elevation":null,"fcode":39004}},{"type":"Feature","geometry":{"type":"Polygon","coordinates":[[[-82.4399,36.5104],[-82.4401,36.5106],[-82.4397,36.5107],[-82.4399,36.5104]]]},"properties":{"name":"Unnamed Lake (43594588)","layer":"nhd_lakes","waterbody_type":"Lake/Pond","area_acres":0.25,"elevation":null,"fcode":39004}},{"type":"Feature","geometry":{"type":"Polygon","coordinates":[[[-82.6302,36.5443],[-82.6305,36.5445],[-82.6301,36.5444],[-82.6302,36.5443]]]},"properties":{"name":"Unnamed Lake (13880452)","layer":"nhd_lakes","waterbody_type":"Lake/Pond","area_acres":0.25,"elevation":null,"fcode":39004}},{"type":"Feature","geometry":{"type":"Polygon","coordinates":[[[-82.7154,36.5788],[-82.7155,36.5787],[-82.7156,36.5788],[-82.7154,36.5788]]]},"properties":{"name":"Unnamed Lake (13880449)","layer":"nhd_lakes","waterbody_type":"Lake/Pond","area_acres":null,"elevation":null,"fcode":39004}},{"type":"Feature","geometry":{"type":"Polygon","coordinates":[[[-82.4954,36.5648],[-82.4955,36.565],[-82.4949,36.5651],[-82.4954,36.5648]]]},"properties":{"name":"Unnamed Lake (43594254)","layer":"nhd_lakes","waterbody_type":"Lake/Pond","area_acres":0.25,"elevation":null,"fcode":39004}},{"type":"Feature","geometry":{"type":"Polygon","coordinates":[[[-82.65,36.4702],[-82.6494,36.4696],[-82.6497,36.4695],[-82.65,36.4702]]]},"properties":{"name":"Unnamed Lake (43594862)","layer":"nhd_lakes","waterbody_type":"Lake/Pond","area_acres":0.49,"elevation":null,"fcode":39004}},{"type":"Feature","geometry":{"type":"Polygon","coordinates":[[[-82.5163,36.4267],[-82.5168,36.4269],[-82.5166,36.4271],[-82.5163,36.4267]]]},"properties":{"name":"Unnamed Lake (43594918)","layer":"nhd_lakes","waterbody_type":"Lake/Pond","area_acres":0.41,"elevation":null,"fcode":39004}},{"type":"Feature","geometry":{"type":"Polygon","coordinates":[[[-82.5192,36.3819],[-82.5191,36.3817],[-82.5195,36.3816],[-82.5192,36.3819]]]},"properties":{"name":"Unnamed Lake (43595046)","layer":"nhd_lakes","waterbody_type":"Lake/Pond","area_acres":0.25,"elevation":null,"fcode":39004}},{"type":"Feature","geometry":{"type":"Polygon","coordinates":[[[-82.6324,36.3997],[-82.6322,36.4004],[-82.6321,36.4001],[-82.6324,36.3997]]]},"properties":{"name":"Unnamed Lake (13101955)","layer":"nhd_lakes","waterbody_type":"Lake/Pond","area_acres":0.49,"elevation":null,"fcode":39004}},{"type":"Feature","geometry":{"type":"Polygon","coordinates":[[[-82.6184,36.5376],[-82.6184,36.5378],[-82.6182,36.5378],[-82.6184,36.5376]]]},"properties":{"name":"Unnamed Lake (13880453)","layer":"nhd_lakes","waterbody_type":"Lake/Pond","area_acres":0.25,"elevation":null,"fcode":39004}},{"type":"Feature","geometry":{"type":"Polygon","coordinates":[[[-82.5673,36.6406],[-82.5677,36.641],[-82.5671,36.6407],[-82.5673,36.6406]]]},"properties":{"name":"Unnamed Lake (43562635)","layer":"nhd_lakes","waterbody_type":"Lake/Pond","area_acres":0.25,"elevation":null,"fcode":39004}},{"type":"Feature","geometry":{"type":"Polygon","coordinates":[[[-82.7,36.5127],[-82.6996,36.5124],[-82.7,36.5125],[-82.7,36.5127]]]},"properties":{"name":"Unnamed Lake (13880458)","layer":"nhd_lakes","waterbody_type":"Lake/Pond","area_acres":0.25,"elevation":null,"fcode":39004}},{"type":"Feature","geometry":{"type":"Polygon","coordinates":[[[-82.6262,36.6177],[-82.6261,36.6176],[-82.6263,36.6175],[-82.6262,36.6177]]]},"properties":{"name":"Unnamed Lake (43562647)","layer":"nhd_lakes","waterbody_type":"Lake/Pond","area_acres":0.25,"elevation":null,"fcode":39004}},{"type":"Feature","geometry":{"type":"Polygon","coordinates":[[[-82.4182,36.5524],[-82.418,36.5527],[-82.4178,36.5527],[-82.4182,36.5524]]]},"properties":{"name":"Unnamed Lake (43594268)","layer":"nhd_lakes","waterbody_type":"Lake/Pond","area_acres":0.25,"elevation":null,"fcode":39004}},{"type":"Feature","geometry":{"type":"Polygon","coordinates":[[[-82.4173,36.5413],[-82.4182,36.5421],[-82.4169,36.5418],[-82.4173,36.5413]]]},"properties":{"name":"Unnamed Lake (43594328)","layer":"nhd_lakes","waterbody_type":"Lake/Pond","area_acres":1.73,"elevation":null,"fcode":39004}},{"type":"Feature","geometry":{"type":"Polygon","coordinates":[[[-82.6521,36.4144],[-82.6517,36.414],[-82.6521,36.414],[-82.6521,36.4144]]]},"properties":{"name":"Unnamed Lake (43595022)","layer":"nhd_lakes","waterbody_type":"Lake/Pond","area_acres":0.25,"elevation":null,"fcode":39004}},{"type":"Feature","geometry":{"type":"Polygon","coordinates":[[[-82.6824,36.4072],[-82.6827,36.4074],[-82.6822,36.4074],[-82.6824,36.4072]]]},"properties":{"name":"Unnamed Lake (13101955)","layer":"nhd_lakes","waterbody_type":"Lake/Pond","area_acres":0.25,"elevation":null,"fcode":39004}},{"type":"Feature","geometry":{"type":"Polygon","coordinates":[[[-82.7012,36.515],[-82.701,36.5149],[-82.7011,36.5146],[-82.7012,36.515]]]},"properties":{"name":"Unnamed Lake (13880458)","layer":"nhd_lakes","waterbody_type":"Lake/Pond","area_acres":0.25,"elevation":null,"fcode":39004}},{"type":"Feature","geometry":{"type":"Polygon","coordinates":[[[-82.5765,36.4335],[-82.5766,36.4338],[-82.5762,36.4339],[-82.5765,36.4335]]]},"properties":{"name":"Unnamed Lake (43594922)","layer":"nhd_lakes","waterbody_type":"Lake/Pond","area_acres":0.25,"elevation":null,"fcode":39004}},{"type":"Feature","geometry":{"type":"Polygon","coordinates":[[[-82.4814,36.4026],[-82.4815,36.4028],[-82.4812,36.4028],[-82.4814,36.4026]]]},"properties":{"name":"Unnamed Lake (43594984)","layer":"nhd_lakes","waterbody_type":"Lake/Pond","area_acres":null,"elevation":null,"fcode":39004}},{"type":"Feature","geometry":{"type":"Polygon","coordinates":[[[-82.4947,36.5118],[-82.4993,36.5066],[-82.486,36.5067],[-82.4821,36.501],[-82.4719,36.4995],[-82.4779,36.4869],[-82.4725,36.4808],[-82.4808,36.4752],[-82.4747,36.4733],[-82.4644,36.4775],[-82.4606,36.4725],[-82.4682,36.4688],[-82.4685,36.4628],[-82.4605,36.4628],[-82.4456,36.4525],[-82.4378,36.4459],[-82.4373,36.4406],[-82.4392,36.446],[-82.4415,36.446],[-82.4408,36.4421],[-82.4417,36.4472],[-82.4603,36.4608],[-82.4696,36.4623],[-82.4702,36.4689],[-82.4626,36.4744],[-82.4706,36.4733],[-82.4789,36.4666],[-82.4744,36.4713],[-82.4861,36.4729],[-82.4822,36.479],[-82.475,36.481],[-82.4795,36.4837],[-82.4768,36.491],[-82.4842,36.4919],[-82.4777,36.4936],[-82.4829,36.4952],[-82.4846,36.492],[-82.4856,36.4951],[-82.4774,36.4946],[-82.476,36.497],[-82.4858,36.5004],[-82.4876,36.504],[-82.5007,36.5034],[-82.5077,36.5075],[-82.5025,36.5016],[-82.509,36.4975],[-82.5099,36.5084],[-82.5045,36.511],[-82.5003,36.5071],[-82.4947,36.5118]],[[-82.4415,36.4463],[-82.4411,36.4467],[-82.4411,36.4469],[-82.4415,36.4463]]]},"properties":{"name":"Fort Patrick Henry Lake","layer":"nhd_lakes","waterbody_type":"Lake/Pond","area_acres":849.3,"elevation":null,"fcode":39004}},{"type":"Feature","geometry":{"type":"Polygon","coordinates":[[[-82.5791,36.495],[-82.5793,36.4953],[-82.5787,36.4953],[-82.5791,36.495]]]},"properties":{"name":"Unnamed Lake (43594724)","layer":"nhd_lakes","waterbody_type":"Lake/Pond","area_acres":0.49,"elevation":null,"fcode":39004}},{"type":"Feature","geometry":{"type":"Polygon","coordinates":[[[-82.5359,36.3771],[-82.5359,36.3774],[-82.5357,36.3772],[-82.5359,36.3771]]]},"properties":{"name":"Unnamed Lake (43595072)","layer":"nhd_lakes","waterbody_type":"Lake/Pond","area_acres":0.25,"elevation":null,"fcode":39004}},{"type":"Feature","geometry":{"type":"Polygon","coordinates":[[[-82.3856,36.5065],[-82.3852,36.5058],[-82.3869,36.5048],[-82.3856,36.5065]]]},"properties":{"name":"Unnamed Lake (43594560)","layer":"nhd_lakes","waterbody_type":"Lake/Pond","area_acres":2.47,"elevation":null,"fcode":39004}},{"type":"Feature","geometry":{"type":"Polygon","coordinates":[[[-82.4349,36.492],[-82.4347,36.4924],[-82.4346,36.4921],[-82.4349,36.492]]]},"properties":{"name":"Unnamed Lake (43594650)","layer":"nhd_lakes","waterbody_type":"Lake/Pond","area_acres":0.25,"elevation":null,"fcode":39004}},{"type":"Feature","geometry":{"type":"Polygon","coordinates":[[[-82.602,36.4868],[-82.6024,36.4873],[-82.6017,36.487],[-82.602,36.4868]]]},"properties":{"name":"Unnamed Lake (43594774)","layer":"nhd_lakes","waterbody_type":"Lake/Pond","area_acres":0.49,"elevation":null,"fcode":39004}},{"type":"Feature","geometry":{"type":"Polygon","coordinates":[[[-82.6211,36.5411],[-82.6206,36.541],[-82.6206,36.5409],[-82.6211,36.5411]]]},"properties":{"name":"Unnamed Lake (13880452)","layer":"nhd_lakes","waterbody_type":"Lake/Pond","area_acres":0.25,"elevation":null,"fcode":39004}},{"type":"Feature","geometry":{"type":"Polygon","coordinates":[[[-82.4789,36.4128],[-82.479,36.4131],[-82.4785,36.413],[-82.4789,36.4128]]]},"properties":{"name":"Unnamed Lake (43594936)","layer":"nhd_lakes","waterbody_type":"Lake/Pond","area_acres":0.25,"elevation":null,"fcode":39004}},{"type":"Feature","geometry":{"type":"Polygon","coordinates":[[[-82.7353,36.5052],[-82.7361,36.5057],[-82.7356,36.506],[-82.7353,36.5052]]]},"properties":{"name":"Unnamed Lake (13880460)","layer":"nhd_lakes","waterbody_type":"Lake/Pond","area_acres":0.99,"elevation":null,"fcode":39004}},{"type":"Feature","geometry":{"type":"Polygon","coordinates":[[[-82.4531,36.5785],[-82.4536,36.5785],[-82.4536,36.5795],[-82.4531,36.5785]]]},"properties":{"name":"Unnamed Lake (43594152)","layer":"nhd_lakes","waterbody_type":"Lake/Pond","area_acres":0.74,"elevation":null,"fcode":39004}},{"type":"Feature","geometry":{"type":"Polygon","coordinates":[[[-82.6212,36.5085],[-82.6081,36.5121],[-82.6177,36.5047],[-82.6142,36.5074],[-82.6212,36.5085]]]},"properties":{"name":"Kingsport Reservoir","layer":"nhd_lakes","waterbody_type":"Lake/Pond","area_acres":37.6,"elevation":null,"fcode":39004}},{"type":"Feature","geometry":{"type":"Polygon","coordinates":[[[-82.4956,36.4323],[-82.4956,36.4325],[-82.4953,36.4327],[-82.4956,36.4323]]]},"properties":{"name":"Unnamed Lake (43594906)","layer":"nhd_lakes","waterbody_type":"Lake/Pond","area_acres":0.25,"elevation":null,"fcode":39004}},{"type":"Feature","geometry":{"type":"Polygon","coordinates":[[[-82.6399,36.5425],[-82.64,36.5428],[-82.6397,36.5428],[-82.6399,36.5425]]]},"properties":{"name":"Unnamed Lake (13880452)","layer":"nhd_lakes","waterbody_type":"Lake/Pond","area_acres":0.25,"elevation":null,"fcode":39004}},{"type":"Feature","geometry":{"type":"Polygon","coordinates":[[[-82.6556,36.6051],[-82.6566,36.6044],[-82.6567,36.6046],[-82.6556,36.6051]]]},"properties":{"name":"Unnamed Lake ({28F2640)","layer":"nhd_lakes","waterbody_type":"Lake/Pond","area_acres":0.49,"elevation":null,"fcode":39004}},{"type":"Feature","geometry":{"type":"Polygon","coordinates":[[[-82.4647,36.5822],[-82.4651,36.5824],[-82.4647,36.583],[-82.4647,36.5822]]]},"properties":{"name":"Unnamed Lake (43594140)","layer":"nhd_lakes","waterbody_type":"Lake/Pond","area_acres":0.74,"elevation":null,"fcode":39004}},{"type":"Feature","geometry":{"type":"Polygon","coordinates":[[[-82.6502,36.43],[-82.6504,36.4304],[-82.6499,36.4303],[-82.6502,36.43]]]},"properties":{"name":"Unnamed Lake (43594948)","layer":"nhd_lakes","waterbody_type":"Lake/Pond","area_acres":0.25,"elevation":null,"fcode":39004}},{"type":"Feature","geometry":{"type":"Polygon","coordinates":[[[-82.527,36.3831],[-82.527,36.3834],[-82.5268,36.3833],[-82.527,36.3831]]]},"properties":{"name":"Unnamed Lake (43595042)","layer":"nhd_lakes","waterbody_type":"Lake/Pond","area_acres":0.25,"elevation":null,"fcode":39004}},{"type":"Feature","geometry":{"type":"Polygon","coordinates":[[[-82.5253,36.6039],[-82.5249,36.6035],[-82.5258,36.6031],[-82.5253,36.6039]]]},"properties":{"name":"Unnamed Lake ({AC70174)","layer":"nhd_lakes","waterbody_type":"Lake/Pond","area_acres":0.99,"elevation":null,"fcode":39004}},{"type":"Feature","geometry":{"type":"Polygon","coordinates":[[[-82.4164,36.5735],[-82.4166,36.5741],[-82.4162,36.5737],[-82.4164,36.5735]]]},"properties":{"name":"Unnamed Lake (43594156)","layer":"nhd_lakes","waterbody_type":"Lake/Pond","area_acres":0.49,"elevation":null,"fcode":39004}},{"type":"Feature","geometry":{"type":"Polygon","coordinates":[[[-82.4657,36.5317],[-82.4658,36.5319],[-82.4654,36.5319],[-82.4657,36.5317]]]},"properties":{"name":"Unnamed Lake (43594470)","layer":"nhd_lakes","waterbody_type":"Lake/Pond","area_acres":0.25,"elevation":null,"fcode":39004}},{"type":"Feature","geometry":{"type":"Polygon","coordinates":[[[-82.565,36.5426],[-82.5653,36.5427],[-82.5647,36.5426],[-82.565,36.5426]]]},"properties":{"name":"Unnamed Lake (43594474)","layer":"nhd_lakes","waterbody_type":"Lake/Pond","area_acres":0.25,"elevation":null,"fcode":39004}},{"type":"Feature","geometry":{"type":"Polygon","coordinates":[[[-82.4275,36.4591],[-82.4271,36.4594],[-82.427,36.4592],[-82.4275,36.4591]]]},"properties":{"name":"Unnamed Lake (43594788)","layer":"nhd_lakes","waterbody_type":"Lake/Pond","area_acres":0.25,"elevation":null,"fcode":39004}},{"type":"Feature","geometry":{"type":"Polygon","coordinates":[[[-82.6038,36.474],[-82.6037,36.4738],[-82.6044,36.4736],[-82.6038,36.474]]]},"properties":{"name":"Unnamed Lake (43594826)","layer":"nhd_lakes","waterbody_type":"Lake/Pond","area_acres":0.49,"elevation":null,"fcode":39004}},{"type":"Feature","geometry":{"type":"Polygon","coordinates":[[[-82.5913,36.4162],[-82.5911,36.4166],[-82.591,36.4163],[-82.5913,36.4162]]]},"properties":{"name":"Unnamed Lake (43594974)","layer":"nhd_lakes","waterbody_type":"Lake/Pond","area_acres":0.25,"elevation":null,"fcode":39004}},{"type":"Feature","geometry":{"type":"Polygon","coordinates":[[[-82.7361,36.5118],[-82.7361,36.5121],[-82.7358,36.512],[-82.7361,36.5118]]]},"properties":{"name":"Unnamed Lake (13880459)","layer":"nhd_lakes","waterbody_type":"Lake/Pond","area_acres":0.25,"elevation":null,"fcode":39004}},{"type":"Feature","geometry":{"type":"Polygon","coordinates":[[[-82.6492,36.5322],[-82.6494,36.5325],[-82.6488,36.5326],[-82.6492,36.5322]]]},"properties":{"name":"Unnamed Lake (13880454)","layer":"nhd_lakes","waterbody_type":"Lake/Pond","area_acres":0.49,"elevation":null,"fcode":39004}},{"type":"Feature","geometry":{"type":"Polygon","coordinates":[[[-82.6969,36.5597],[-82.6972,36.5599],[-82.6961,36.56],[-82.6969,36.5597]]]},"properties":{"name":"Unnamed Lake (13880451)","layer":"nhd_lakes","waterbody_type":"Lake/Pond","area_acres":0.74,"elevation":null,"fcode":39004}},{"type":"Feature","geometry":{"type":"Polygon","coordinates":[[[-82.657,36.6047],[-82.6574,36.6054],[-82.6568,36.605],[-82.657,36.6047]]]},"properties":{"name":"Unnamed Lake ({4AA0297)","layer":"nhd_lakes","waterbody_type":"Lake/Pond","area_acres":0.49,"elevation":null,"fcode":39004}},{"type":"Feature","geometry":{"type":"Polygon","coordinates":[[[-82.5954,36.5768],[-82.5958,36.577],[-82.5955,36.5772],[-82.5954,36.5768]]]},"properties":{"name":"Unnamed Lake (43562691)","layer":"nhd_lakes","waterbody_type":"Lake/Pond","area_acres":0.25,"elevation":null,"fcode":39004}},{"type":"Feature","geometry":{"type":"Polygon","coordinates":[[[-82.5572,36.5054],[-82.5575,36.5056],[-82.5573,36.5057],[-82.5572,36.5054]]]},"properties":{"name":"Unnamed Lake (43594659)","layer":"nhd_lakes","waterbody_type":"Lake/Pond","area_acres":0.25,"elevation":null,"fcode":39004}},{"type":"Feature","geometry":{"type":"Polygon","coordinates":[[[-82.4358,36.4575],[-82.4361,36.4577],[-82.4357,36.4582],[-82.4358,36.4575]]]},"properties":{"name":"Unnamed Lake (43594800)","layer":"nhd_lakes","waterbody_type":"Lake/Pond","area_acres":0.74,"elevation":null,"fcode":39004}},{"type":"Feature","geometry":{"type":"Polygon","coordinates":[[[-82.4465,36.4496],[-82.4466,36.45],[-82.4464,36.4499],[-82.4465,36.4496]]]},"properties":{"name":"Unnamed Lake (43594854)","layer":"nhd_lakes","waterbody_type":"Lake/Pond","area_acres":0.25,"elevation":null,"fcode":39004}},{"type":"Feature","geometry":{"type":"Polygon","coordinates":[[[-82.5127,36.4287],[-82.513,36.429],[-82.5126,36.429],[-82.5127,36.4287]]]},"properties":{"name":"Unnamed Lake (43594912)","layer":"nhd_lakes","waterbody_type":"Lake/Pond","area_acres":0.25,"elevation":null,"fcode":39004}},{"type":"Feature","geometry":{"type":"Polygon","coordinates":[[[-82.6443,36.5687],[-82.6444,36.569],[-82.6442,36.5688],[-82.6443,36.5687]]]},"properties":{"name":"Unnamed Lake (43562705)","layer":"nhd_lakes","waterbody_type":"Lake/Pond","area_acres":0.25,"elevation":null,"fcode":39004}},{"type":"Feature","geometry":{"type":"Polygon","coordinates":[[[-82.5103,36.5615],[-82.5104,36.5618],[-82.5102,36.5618],[-82.5103,36.5615]]]},"properties":{"name":"Unnamed Lake (43594282)","layer":"nhd_lakes","waterbody_type":"Lake/Pond","area_acres":0.25,"elevation":null,"fcode":39004}},{"type":"Feature","geometry":{"type":"Polygon","coordinates":[[[-82.5291,36.5075],[-82.5291,36.5082],[-82.5284,36.5077],[-82.5291,36.5075]]]},"properties":{"name":"Unnamed Lake (43594640)","layer":"nhd_lakes","waterbody_type":"Lake/Pond","area_acres":0.99,"elevation":null,"fcode":39004}},{"type":"Feature","geometry":{"type":"Polygon","coordinates":[[[-82.5763,36.3863],[-82.5765,36.3869],[-82.5759,36.3868],[-82.5763,36.3863]]]},"properties":{"name":"Unnamed Lake (43595048)","layer":"nhd_lakes","waterbody_type":"Lake/Pond","area_acres":0.74,"elevation":null,"fcode":39004}},{"type":"Feature","geometry":{"type":"Polygon","coordinates":[[[-82.7362,36.4974],[-82.7364,36.4975],[-82.7361,36.4976],[-82.7362,36.4974]]]},"properties":{"name":"Unnamed Lake (13880462)","layer":"nhd_lakes","waterbody_type":"Lake/Pond","area_acres":null,"elevation":null,"fcode":39004}},{"type":"Feature","geometry":{"type":"Polygon","coordinates":[[[-82.4833,36.5731],[-82.4836,36.5736],[-82.4832,36.5734],[-82.4833,36.5731]]]},"properties":{"name":"Unnamed Lake (43594210)","layer":"nhd_lakes","waterbody_type":"Lake/Pond","area_acres":0.25,"elevation":null,"fcode":39004}},{"type":"Feature","geometry":{"type":"Polygon","coordinates":[[[-82.4156,36.5417],[-82.4157,36.5419],[-82.4154,36.542],[-82.4156,36.5417]]]},"properties":{"name":"Unnamed Lake (43594320)","layer":"nhd_lakes","waterbody_type":"Lake/Pond","area_acres":0.25,"elevation":null,"fcode":39004}},{"type":"Feature","geometry":{"type":"Polygon","coordinates":[[[-82.4584,36.5439],[-82.4577,36.5447],[-82.4576,36.544],[-82.4584,36.5439]]]},"properties":{"name":"Unnamed Lake (43594338)","layer":"nhd_lakes","waterbody_type":"Lake/Pond","area_acres":0.74,"elevation":null,"fcode":39004}},{"type":"Feature","geometry":{"type":"Polygon","coordinates":[[[-82.5803,36.4102],[-82.5805,36.4105],[-82.5802,36.4104],[-82.5803,36.4102]]]},"properties":{"name":"Unnamed Lake (43594998)","layer":"nhd_lakes","waterbody_type":"Lake/Pond","area_acres":0.25,"elevation":null,"fcode":39004}},{"type":"Feature","geometry":{"type":"Polygon","coordinates":[[[-82.505,36.3766],[-82.5047,36.3772],[-82.5043,36.3772],[-82.505,36.3766]]]},"properties":{"name":"Unnamed Lake (43595056)","layer":"nhd_lakes","waterbody_type":"Lake/Pond","area_acres":0.74,"elevation":null,"fcode":39004}},{"type":"Feature","geometry":{"type":"Polygon","coordinates":[[[-82.6599,36.3956],[-82.66,36.3958],[-82.6599,36.3959],[-82.6599,36.3956]]]},"properties":{"name":"Unnamed Lake (13101956)","layer":"nhd_lakes","waterbody_type":"Lake/Pond","area_acres":null,"elevation":null,"fcode":39004}},{"type":"Feature","geometry":{"type":"Polygon","coordinates":[[[-82.6894,36.5253],[-82.6881,36.5252],[-82.6885,36.5248],[-82.6894,36.5253]]]},"properties":{"name":"Silver Lake","layer":"nhd_lakes","waterbody_type":"Lake/Pond","area_acres":1.24,"elevation":null,"fcode":39004}},{"type":"Feature","geometry":{"type":"Polygon","coordinates":[[[-82.6034,36.3697],[-82.6037,36.3699],[-82.6034,36.3698],[-82.6034,36.3697]]]},"properties":{"name":"Unnamed Lake (43595116)","layer":"nhd_lakes","waterbody_type":"Lake/Pond","area_acres":0.25,"elevation":null,"fcode":39004}},{"type":"Feature","geometry":{"type":"Polygon","coordinates":[[[-82.6572,36.6038],[-82.6573,36.6033],[-82.6577,36.6034],[-82.6572,36.6038]]]},"properties":{"name":"Unnamed Lake ({B505B30)","layer":"nhd_lakes","waterbody_type":"Lake/Pond","area_acres":0.49,"elevation":null,"fcode":39004}},{"type":"Feature","geometry":{"type":"Polygon","coordinates":[[[-82.4061,36.5814],[-82.4063,36.5816],[-82.4062,36.5819],[-82.4061,36.5814]]]},"properties":{"name":"Unnamed Lake (43594068)","layer":"nhd_lakes","waterbody_type":"Lake/Pond","area_acres":0.25,"elevation":null,"fcode":39004}},{"type":"Feature","geometry":{"type":"Polygon","coordinates":[[[-82.4433,36.5723],[-82.4427,36.5713],[-82.4435,36.5716],[-82.4433,36.5723]]]},"properties":{"name":"Unnamed Lake (43594176)","layer":"nhd_lakes","waterbody_type":"Lake/Pond","area_acres":1.98,"elevation":null,"fcode":39004}},{"type":"Feature","geometry":{"type":"Polygon","coordinates":[[[-82.4426,36.5708],[-82.4428,36.5703],[-82.4439,36.5708],[-82.4426,36.5708]]]},"properties":{"name":"Unnamed Lake (43594188)","layer":"nhd_lakes","waterbody_type":"Lake/Pond","area_acres":1.73,"elevation":null,"fcode":39004}},{"type":"Feature","geometry":{"type":"Polygon","coordinates":[[[-82.3899,36.5047],[-82.3901,36.5051],[-82.3898,36.5049],[-82.3899,36.5047]]]},"properties":{"name":"Unnamed Lake (43594590)","layer":"nhd_lakes","waterbody_type":"Lake/Pond","area_acres":0.25,"elevation":null,"fcode":39004}},{"type":"Feature","geometry":{"type":"Polygon","coordinates":[[[-82.5228,36.4233],[-82.5231,36.4236],[-82.5227,36.4234],[-82.5228,36.4233]]]},"properties":{"name":"Unnamed Lake (43594928)","layer":"nhd_lakes","waterbody_type":"Lake/Pond","area_acres":0.25,"elevation":null,"fcode":39004}},{"type":"Feature","geometry":{"type":"Polygon","coordinates":[[[-82.6568,36.6098],[-82.6565,36.6093],[-82.6569,36.6094],[-82.6568,36.6098]]]},"properties":{"name":"Unnamed Lake (43562669)","layer":"nhd_lakes","waterbody_type":"Lake/Pond","area_acres":0.37,"elevation":null,"fcode":39004}},{"type":"Feature","geometry":{"type":"Polygon","coordinates":[[[-82.598,36.5732],[-82.5981,36.5734],[-82.5978,36.5732],[-82.598,36.5732]]]},"properties":{"name":"Unnamed Lake (43562695)","layer":"nhd_lakes","waterbody_type":"Lake/Pond","area_acres":null,"elevation":null,"fcode":39004}},{"type":"Feature","geometry":{"type":"Polygon","coordinates":[[[-82.401,36.4744],[-82.4007,36.4742],[-82.4009,36.4741],[-82.401,36.4744]]]},"properties":{"name":"Unnamed Lake (43594728)","layer":"nhd_lakes","waterbody_type":"Lake/Pond","area_acres":0.25,"elevation":null,"fcode":39004}},{"type":"Feature","geometry":{"type":"Polygon","coordinates":[[[-82.6011,36.4878],[-82.6014,36.4883],[-82.6008,36.4888],[-82.6011,36.4878]]]},"properties":{"name":"Unnamed Lake (43594758)","layer":"nhd_lakes","waterbody_type":"Lake/Pond","area_acres":0.74,"elevation":null,"fcode":39004}},{"type":"Feature","geometry":{"type":"Polygon","coordinates":[[[-82.4758,36.439],[-82.4756,36.4396],[-82.4756,36.4392],[-82.4758,36.439]]]},"properties":{"name":"Unnamed Lake (43594882)","layer":"nhd_lakes","waterbody_type":"Lake/Pond","area_acres":0.25,"elevation":null,"fcode":39004}},{"type":"Feature","geometry":{"type":"Polygon","coordinates":[[[-82.5363,36.3844],[-82.5366,36.3848],[-82.5362,36.3846],[-82.5363,36.3844]]]},"properties":{"name":"Unnamed Lake (43595040)","layer":"nhd_lakes","waterbody_type":"Lake/Pond","area_acres":0.25,"elevation":null,"fcode":39004}},{"type":"Feature","geometry":{"type":"Polygon","coordinates":[[[-82.6272,36.3872],[-82.6274,36.387],[-82.6277,36.387],[-82.6272,36.3872]]]},"properties":{"name":"Unnamed Lake (43595082)","layer":"nhd_lakes","waterbody_type":"Lake/Pond","area_acres":0.25,"elevation":null,"fcode":39004}},{"type":"Feature","geometry":{"type":"Polygon","coordinates":[[[-82.6993,36.5189],[-82.6994,36.5194],[-82.699,36.5193],[-82.6993,36.5189]]]},"properties":{"name":"Unnamed Lake (13880457)","layer":"nhd_lakes","waterbody_type":"Lake/Pond","area_acres":0.49,"elevation":null,"fcode":39004}},{"type":"Feature","geometry":{"type":"Polygon","coordinates":[[[-82.6556,36.6056],[-82.6554,36.6056],[-82.6555,36.6051],[-82.6556,36.6056]]]},"properties":{"name":"Unnamed Lake ({23006A9)","layer":"nhd_lakes","waterbody_type":"Lake/Pond","area_acres":0.25,"elevation":null,"fcode":39004}},{"type":"Feature","geometry":{"type":"Polygon","coordinates":[[[-82.4196,36.4901],[-82.4195,36.4904],[-82.4194,36.4903],[-82.4196,36.4901]]]},"properties":{"name":"Unnamed Lake (43594654)","layer":"nhd_lakes","waterbody_type":"Lake/Pond","area_acres":null,"elevation":null,"fcode":39004}},{"type":"Feature","geometry":{"type":"Polygon","coordinates":[[[-82.4352,36.4914],[-82.4353,36.4918],[-82.4351,36.4917],[-82.4352,36.4914]]]},"properties":{"name":"Unnamed Lake (43594656)","layer":"nhd_lakes","waterbody_type":"Lake/Pond","area_acres":0.25,"elevation":null,"fcode":39004}},{"type":"Feature","geometry":{"type":"Polygon","coordinates":[[[-82.4722,36.4712],[-82.4722,36.4714],[-82.472,36.4713],[-82.4722,36.4712]]]},"properties":{"name":"Unnamed Lake (43594776)","layer":"nhd_lakes","waterbody_type":"Lake/Pond","area_acres":null,"elevation":null,"fcode":39004}},{"type":"Feature","geometry":{"type":"Polygon","coordinates":[[[-82.6566,36.4191],[-82.6569,36.4189],[-82.6571,36.419],[-82.6566,36.4191]]]},"properties":{"name":"Unnamed Lake (43594996)","layer":"nhd_lakes","waterbody_type":"Lake/Pond","area_acres":0.25,"elevation":null,"fcode":39004}},{"type":"Feature","geometry":{"type":"Polygon","coordinates":[[[-82.527,36.3896],[-82.5273,36.3898],[-82.527,36.3897],[-82.527,36.3896]]]},"properties":{"name":"Unnamed Lake (43595032)","layer":"nhd_lakes","waterbody_type":"Lake/Pond","area_acres":null,"elevation":null,"fcode":39004}},{"type":"Feature","geometry":{"type":"Polygon","coordinates":[[[-82.544,36.378],[-82.5443,36.3783],[-82.5438,36.3782],[-82.544,36.378]]]},"properties":{"name":"Unnamed Lake (43595074)","layer":"nhd_lakes","waterbody_type":"Lake/Pond","area_acres":0.25,"elevation":null,"fcode":39004}},{"type":"Feature","geometry":{"type":"Polygon","coordinates":[[[-82.6312,36.5523],[-82.6319,36.5532],[-82.6309,36.5526],[-82.6312,36.5523]]]},"properties":{"name":"Unnamed Lake (13880451)","layer":"nhd_lakes","waterbody_type":"Lake/Pond","area_acres":1.24,"elevation":null,"fcode":39004}},{"type":"Feature","geometry":{"type":"MultiPolygon","coordinates":[[[[-82.6122,36.5484],[-82.6084,36.5306],[-82.6197,36.5233],[-82.6441,36.5211],[-82.6667,36.532],[-82.679,36.5273],[-82.6796,36.5144],[-82.6745,36.5106],[-82.6734,36.505],[-82.6795,36.4977],[-82.6993,36.4983],[-82.7113,36.51],[-82.7307,36.5175],[-82.7471,36.5126],[-82.7582,36.4989],[-82.7614,36.4796],[-82.7693,36.4738],[-82.7919,36.4812],[-82.8015,36.4918],[-82.8069,36.4936],[-82.8073,36.4863],[-82.7934,36.4649],[-82.7964,36.4578],[-82.8112,36.4552],[-82.8391,36.471],[-82.8464,36.4712],[-82.8505,36.4663],[-82.8462,36.4562],[-82.8478,36.4484],[-82.8725,36.4334],[-82.8931,36.4358],[-82.8908,36.4206],[-82.8962,36.4156],[-82.9063,36.4161],[-82.9203,36.4256],[-82.9304,36.4214],[-82.9392,36.3914],[-82.9364,36.3912],[-82.9535,36.3796],[-82.9652,36.3803],[-82.9651,36.3765],[-82.9679,36.3797],[-82.9798,36.3703],[-82.9905,36.3692],[-82.9913,36.3667],[-82.9885,36.3671],[-82.9828,36.3568],[-82.9906,36.3646],[-82.9912,36.3692],[-83.0056,36.3693],[-83.0122,36.3636],[-83.0063,36.3692],[-83.0129,36.3729],[-83.0222,36.3646],[-83.0423,36.3628],[-83.0348,36.3582],[-83.0463,36.3628],[-83.0474,36.37],[-83.0592,36.3661],[-83.0577,36.3684],[-83.066,36.3753],[-83.0672,36.367],[-83.0812,36.3629],[-83.0788,36.3642],[-83.0807,36.368],[-83.0868,36.3644],[-83.0812,36.3688],[-83.0848,36.3763],[-83.0936,36.3791],[-83.0971,36.3771],[-83.0974,36.3699],[-83.1072,36.3681],[-83.117,36.3599],[-83.127,36.3599],[-83.1499,36.3516],[-83.1684,36.3582],[-83.1697,36.3564],[-83.1644,36.3519],[-83.1762,36.3452],[-83.1782,36.3421],[-83.1751,36.3417],[-83.1789,36.341],[-83.1799,36.3367],[-83.1753,36.3268],[-83.1726,36.3286],[-83.1688,36.3254],[-83.1625,36.3289],[-83.1613,36.3264],[-83.1558,36.3311],[-83.1573,36.326],[-83.1635,36.3232],[-83.1622,36.3194],[-83.1666,36.3227],[-83.1707,36.3215],[-83.1663,36.3208],[-83.1737,36.3129],[-83.1707,36.3138],[-83.1665,36.3048],[-83.1726,36.3112],[-83.1766,36.305],[-83.1763,36.3114],[-83.1829,36.3126],[-83.1928,36.3101],[-83.1977,36.305],[-83.2026,36.3058],[-83.2012,36.3033],[-83.1969,36.3042],[-83.1996,36.2995],[-83.2056,36.3028],[-83.2092,36.3],[-83.2097,36.2972],[-83.1933,36.2998],[-83.1964,36.2979],[-83.1917,36.2938],[-83.1944,36.2928],[-83.2015,36.2982],[-83.2009,36.2951],[-83.207,36.296],[-83.2048,36.2944],[-83.2079,36.2898],[-83.2088,36.2946],[-83.2364,36.2946],[-83.2318,36.2931],[-83.2311,36.2892],[-83.2215,36.2898],[-83.2235,36.2879],[-83.2166,36.2823],[-83.2287,36.288],[-83.2342,36.2809],[-83.2313,36.2762],[-83.2464,36.2844],[-83.2471,36.279],[-83.2441,36.2758],[-83.2504,36.2848],[-83.2516,36.2828],[-83.2645,36.2864],[-83.2569,36.2817],[-83.2611,36.278],[-83.2572,36.274],[-83.2751,36.2741],[-83.2652,36.2667],[-83.2698,36.267],[-83.2728,36.2615],[-83.2699,36.2597],[-83.2739,36.2571],[-83.274,36.2682],[-83.2805,36.2616],[-83.2865,36.2615],[-83.2829,36.2557],[-83.2874,36.2554],[-83.2862,36.2519],[-83.2896,36.2498],[-83.2866,36.2522],[-83.2885,36.2546],[-83.2938,36.2549],[-83.2864,36.2576],[-83.2893,36.2606],[-83.292,36.2593],[-83.2918,36.2635],[-83.2946,36.2617],[-83.293,36.2731],[-83.2984,36.2716],[-83.2967,36.2699],[-83.3016,36.2661],[-83.3082,36.2678],[-83.3255,36.264],[-83.3357,36.258],[-83.3391,36.2593],[-83.3187,36.274],[-83.3202,36.2807],[-83.3231,36.2816],[-83.325,36.2753],[-83.3405,36.2683],[-83.3387,36.2711],[-83.3432,36.2712],[-83.3519,36.2629],[-83.355,36.2643],[-83.3565,36.259],[-83.3532,36.2591],[-83.3559,36.2551],[-83.3664,36.253],[-83.3655,36.2568],[-83.3701,36.2588],[-83.3757,36.2545],[-83.3657,36.2523],[-83.3696,36.2502],[-83.3618,36.2437],[-83.373,36.2506],[-83.3731,36.2458],[-83.3857,36.235],[-83.3863,36.2415],[-83.3866,36.2336],[-83.3892,36.2379],[-83.3918,36.2337],[-83.3905,36.2411],[-83.3967,36.2424],[-83.402,36.2354],[-83.3933,36.2364],[-83.3971,36.2311],[-83.3907,36.2326],[-83.3927,36.2264],[-83.3957,36.2288],[-83.3972,36.2254],[-83.4003,36.2291],[-83.4055,36.2253],[-83.405,36.2211],[-83.411,36.219],[-83.4119,36.2233],[-83.4211,36.2143],[-83.4191,36.2136],[-83.4328,36.2079],[-83.4299,36.2061],[-83.409,36.2125],[-83.4132,36.208],[-83.4261,36.2057],[-83.4258,36.2026],[-83.4297,36.2033],[-83.4296,36.2009],[-83.4344,36.2051],[-83.4369,36.2039],[-83.4236,36.1912],[-83.431,36.1948],[-83.4326,36.192],[-83.4328,36.197],[-83.4387,36.2014],[-83.4367,36.1988],[-83.4423,36.1993],[-83.4406,36.1954],[-83.4445,36.1929],[-83.4433,36.1908],[-83.4532,36.1883],[-83.4507,36.1852],[-83.4584,36.1851],[-83.4569,36.1827],[-83.4462,36.1839],[-83.447,36.1819],[-83.4425,36.1801],[-83.456,36.1796],[-83.4497,36.1748],[-83.4595,36.1781],[-83.4622,36.1759],[-83.4638,36.1728],[-83.458,36.1715],[-83.4555,36.1652],[-83.4675,36.1722],[-83.4709,36.168],[-83.4668,36.1665],[-83.4682,36.163],[-83.4729,36.1662],[-83.4759,36.1632],[-83.4716,36.1589],[-83.482,36.1592],[-83.4824,36.1534],[-83.4762,36.1518],[-83.49,36.1551],[-83.4906,36.151],[-83.4945,36.1515],[-83.4968,36.1473],[-83.4902,36.1449],[-83.4983,36.1461],[-83.5015,36.1413],[-83.4977,36.1425],[-83.4987,36.1375],[-83.491,36.1378],[-83.5023,36.1373],[-83.5047,36.1324],[-83.4931,36.1275],[-83.5065,36.1305],[-83.5091,36.1285],[-83.5074,36.1369],[-83.5153,36.1383],[-83.5134,36.1426],[-83.5104,36.1403],[-83.515,36.1473],[-83.5102,36.1534],[-83.5161,36.152],[-83.5135,36.156],[-83.5052,36.1586],[-83.4862,36.1795],[-83.4875,36.1825],[-83.4818,36.1843],[-83.4841,36.1866],[-83.4757,36.1918],[-83.4782,36.1947],[-83.4724,36.1954],[-83.4742,36.1982],[-83.4664,36.2014],[-83.477,36.2027],[-83.4707,36.2045],[-83.4742,36.2077],[-83.4644,36.2071],[-83.4741,36.2104],[-83.4726,36.2134],[-83.4672,36.2119],[-83.4683,36.2178],[-83.465,36.2166],[-83.4643,36.2195],[-83.4662,36.2247],[-83.4634,36.2254],[-83.4613,36.2183],[-83.4645,36.2132],[-83.4594,36.2112],[-83.4558,36.2145],[-83.4582,36.2191],[-83.4498,36.2229],[-83.4519,36.2269],[-83.4444,36.2233],[-83.445,36.2274],[-83.4385,36.2277],[-83.443,36.2346],[-83.4385,36.2345],[-83.4349,36.2291],[-83.4312,36.2322],[-83.4345,36.2372],[-83.4291,36.2387],[-83.441,36.2421],[-83.4302,36.2412],[-83.4304,36.2467],[-83.423,36.2424],[-83.4243,36.2458],[-83.4218,36.2459],[-83.4261,36.2499],[-83.4198,36.2505],[-83.4225,36.254],[-83.4165,36.2517],[-83.4176,36.2548],[-83.4135,36.2544],[-83.4138,36.2579],[-83.4178,36.2571],[-83.4153,36.2596],[-83.4217,36.2673],[-83.4167,36.2637],[-83.4159,36.2667],[-83.412,36.2603],[-83.4073,36.2611],[-83.4106,36.2587],[-83.4052,36.2559],[-83.4031,36.2612],[-83.3984,36.2602],[-83.4007,36.2638],[-83.3959,36.2637],[-83.3946,36.2608],[-83.3916,36.2631],[-83.3915,36.268],[-83.3989,36.2695],[-83.3939,36.2703],[-83.3917,36.276],[-83.393,36.271],[-83.388,36.2672],[-83.3807,36.2696],[-83.3741,36.2778],[-83.3697,36.2768],[-83.3714,36.2741],[-83.366,36.2766],[-83.3713,36.2832],[-83.3682,36.2858],[-83.3629,36.2823],[-83.3602,36.2855],[-83.3643,36.2858],[-83.3631,36.2898],[-83.3568,36.289],[-83.3571,36.2936],[-83.3501,36.2904],[-83.3503,36.2946],[-83.3464,36.2951],[-83.3449,36.2909],[-83.3345,36.2878],[-83.3343,36.2911],[-83.3391,36.2939],[-83.3325,36.2958],[-83.3435,36.2955],[-83.3478,36.3049],[-83.36,36.3046],[-83.3554,36.3107],[-83.367,36.3135],[-83.3614,36.3164],[-83.3645,36.3194],[-83.3759,36.3137],[-83.3883,36.3147],[-83.4099,36.3083],[-83.4104,36.3116],[-83.4016,36.3142],[-83.4004,36.3174],[-83.4043,36.3177],[-83.4055,36.3268],[-83.397,36.3162],[-83.3842,36.319],[-83.383,36.323],[-83.3771,36.3228],[-83.3796,36.325],[-83.3766,36.3258],[-83.3752,36.3314],[-83.3822,36.3376],[-83.3688,36.327],[-83.3659,36.3304],[-83.3597,36.3297],[-83.3634,36.3371],[-83.3612,36.3328],[-83.3537,36.3349],[-83.3533,36.3323],[-83.3497,36.3361],[-83.3371,36.3393],[-83.3387,36.3501],[-83.3333,36.3439],[-83.3356,36.3425],[-83.3314,36.3417],[-83.3106,36.3472],[-83.3022,36.3443],[-83.3168,36.3442],[-83.3371,36.334],[-83.3424,36.334],[-83.343,36.3279],[-83.3492,36.3248],[-83.3507,36.3227],[-83.3472,36.3236],[-83.3475,36.3215],[-83.3539,36.3191],[-83.3553,36.3147],[-83.3456,36.3112],[-83.3451,36.3065],[-83.3428,36.3106],[-83.3363,36.3046],[-83.3347,36.3082],[-83.3333,36.3021],[-83.3266,36.3089],[-83.326,36.3029],[-83.318,36.3065],[-83.323,36.3021],[-83.3187,36.3019],[-83.3195,36.2987],[-83.3169,36.3035],[-83.3103,36.3028],[-83.3014,36.3101],[-83.2952,36.3062],[-83.2917,36.3077],[-83.2908,36.2978],[-83.2943,36.2982],[-83.2941,36.3015],[-83.3006,36.2984],[-83.3049,36.3014],[-83.3097,36.2971],[-83.3047,36.2946],[-83.2952,36.2977],[-83.2954,36.2941],[-83.3009,36.2958],[-83.2993,36.2941],[-83.3035,36.2946],[-83.3033,36.291],[-83.3091,36.2957],[-83.3108,36.2928],[-83.3038,36.2872],[-83.3055,36.2813],[-83.2985,36.2848],[-83.3009,36.2883],[-83.2985,36.2857],[-83.2977,36.2885],[-83.2937,36.2871],[-83.2936,36.2908],[-83.2888,36.2922],[-83.2884,36.2876],[-83.2846,36.2913],[-83.2818,36.2897],[-83.2837,36.2854],[-83.2878,36.2849],[-83.2857,36.2822],[-83.2803,36.2858],[-83.2832,36.2765],[-83.288,36.2751],[-83.2848,36.2758],[-83.2874,36.2726],[-83.2843,36.2659],[-83.2787,36.2786],[-83.2673,36.2827],[-83.2751,36.2859],[-83.2651,36.2913],[-83.2729,36.2904],[-83.2671,36.2949],[-83.2762,36.2889],[-83.2826,36.291],[-83.2637,36.3039],[-83.2413,36.3075],[-83.243,36.3009],[-83.2355,36.3017],[-83.2357,36.3055],[-83.2399,36.3066],[-83.2376,36.3117],[-83.2278,36.309],[-83.2265,36.3116],[-83.2197,36.3095],[-83.2118,36.3142],[-83.2055,36.3131],[-83.2016,36.3169],[-83.2046,36.3166],[-83.2027,36.3183],[-83.2059,36.3211],[-83.197,36.3248],[-83.1871,36.3231],[-83.1883,36.3206],[-83.1819,36.3155],[-83.177,36.3166],[-83.1839,36.3218],[-83.1882,36.3413],[-83.2026,36.3391],[-83.2062,36.3414],[-83.2021,36.3413],[-83.2026,36.3447],[-83.2129,36.3493],[-83.216,36.3488],[-83.2166,36.3448],[-83.2215,36.3446],[-83.217,36.3505],[-83.2092,36.3502],[-83.2103,36.3538],[-83.2163,36.3519],[-83.2245,36.3575],[-83.2318,36.3562],[-83.2258,36.3596],[-83.2223,36.3583],[-83.2215,36.3697],[-83.2278,36.3741],[-83.221,36.3768],[-83.2199,36.3806],[-83.2237,36.3823],[-83.2183,36.3814],[-83.2165,36.3897],[-83.2133,36.3844],[-83.2253,36.3726],[-83.2201,36.3704],[-83.2177,36.3574],[-83.2035,36.3591],[-83.2059,36.3567],[-83.2061,36.3521],[-83.2036,36.3541],[-83.2048,36.3484],[-83.195,36.3516],[-83.2024,36.3467],[-83.1998,36.342],[-83.1875,36.343],[-83.1789,36.3481],[-83.18,36.3516],[-83.1898,36.3531],[-83.1816,36.3567],[-83.1775,36.349],[-83.1702,36.3498],[-83.171,36.3541],[-83.1791,36.356],[-83.1766,36.3593],[-83.1633,36.3643],[-83.163,36.3613],[-83.1624,36.3645],[-83.153,36.369],[-83.149,36.3673],[-83.161,36.3611],[-83.1445,36.3559],[-83.1268,36.3641],[-83.1217,36.3634],[-83.112,36.3724],[-83.1018,36.3711],[-83.0996,36.3822],[-83.105,36.3857],[-83.0978,36.3903],[-83.1102,36.3924],[-83.1012,36.3924],[-83.1024,36.3952],[-83.0948,36.3974],[-83.0957,36.4022],[-83.0936,36.3979],[-83.0884,36.402],[-83.076,36.4042],[-83.1004,36.3939],[-83.0956,36.3879],[-83.1006,36.3859],[-83.0983,36.3831],[-83.0829,36.3857],[-83.0765,36.3894],[-83.0801,36.3911],[-83.0763,36.3946],[-83.0682,36.3958],[-83.0763,36.3943],[-83.0798,36.3909],[-83.0761,36.3908],[-83.0759,36.3878],[-83.0868,36.3844],[-83.0788,36.3772],[-83.0796,36.3702],[-83.0754,36.3665],[-83.0692,36.368],[-83.0708,36.3751],[-83.0649,36.3787],[-83.0605,36.3731],[-83.0527,36.3776],[-83.0599,36.3718],[-83.0463,36.3714],[-83.0446,36.364],[-83.0243,36.3668],[-83.0135,36.3752],[-82.9995,36.3702],[-82.9857,36.3718],[-82.9799,36.3741],[-82.989,36.3727],[-82.9774,36.375],[-82.9618,36.386],[-82.9525,36.3843],[-82.9464,36.387],[-82.9406,36.4046],[-82.9363,36.4089],[-82.9349,36.4191],[-82.9238,36.4272],[-82.8973,36.4164],[-82.8923,36.4199],[-82.8961,36.4324],[-82.8925,36.4377],[-82.8861,36.439],[-82.8733,36.4343],[-82.8498,36.4482],[-82.8479,36.4568],[-82.852,36.4654],[-82.8463,36.4723],[-82.8378,36.4719],[-82.8099,36.4572],[-82.7979,36.4579],[-82.7949,36.4643],[-82.8098,36.488],[-82.8076,36.4943],[-82.8,36.4941],[-82.7874,36.4801],[-82.7693,36.475],[-82.7632,36.4792],[-82.7599,36.4983],[-82.749,36.5128],[-82.7418,36.5175],[-82.7303,36.5184],[-82.715,36.5138],[-82.6961,36.4986],[-82.6793,36.499],[-82.6756,36.5033],[-82.6831,36.5205],[-82.6787,36.5286],[-82.6638,36.5329],[-82.641,36.5228],[-82.6199,36.5244],[-82.6099,36.5309],[-82.6122,36.5484]],[[-83.2434,36.2994],[-83.251,36.2985],[-83.2447,36.3016],[-83.2485,36.3026],[-83.2652,36.2953],[-83.2553,36.2972],[-83.2601,36.2904],[-83.2545,36.2923],[-83.2495,36.2892],[-83.2444,36.2926],[-83.2351,36.2856],[-83.2352,36.2892],[-83.2429,36.2933],[-83.2434,36.2994]],[[-83.2251,36.3067],[-83.2335,36.3047],[-83.2268,36.3021],[-83.2242,36.3051],[-83.2265,36.301],[-83.2134,36.2988],[-83.2179,36.3042],[-83.2251,36.3067]],[[-83.3466,36.2746],[-83.3456,36.2768],[-83.3519,36.2743],[-83.3504,36.2717],[-83.355,36.2716],[-83.3548,36.2684],[-83.3516,36.2678],[-83.3466,36.2746]],[[-83.3253,36.2844],[-83.3213,36.2903],[-83.3265,36.2944],[-83.3286,36.2922],[-83.3252,36.2907],[-83.3253,36.2844]],[[-83.358,36.3193],[-83.3523,36.3213],[-83.353,36.3233],[-83.3616,36.3214],[-83.3608,36.3185],[-83.358,36.3193]],[[-82.678,36.5123],[-82.6743,36.5033],[-82.6741,36.5094],[-82.678,36.5123]],[[-83.3576,36.2674],[-83.3584,36.2699],[-83.3625,36.2658],[-83.3582,36.2616],[-83.3576,36.2674]],[[-82.7941,36.4843],[-82.7993,36.4929],[-82.8051,36.4948],[-82.7941,36.4843]],[[-82.8878,36.4383],[-82.8924,36.4366],[-82.8795,36.4341],[-82.8878,36.4383]],[[-83.33,36.2831],[-83.3316,36.2848],[-83.3358,36.2799],[-83.3294,36.2796],[-83.33,36.2831]],[[-83.1915,36.3165],[-83.1945,36.3164],[-83.1946,36.3114],[-83.1889,36.3146],[-83.1915,36.3165]],[[-83.3358,36.2771],[-83.3419,36.2759],[-83.3368,36.2743],[-83.3337,36.2762],[-83.3358,36.2771]],[[-83.3621,36.3259],[-83.3652,36.3243],[-83.3543,36.329],[-83.3621,36.3259]],[[-83.3592,36.2616],[-83.365,36.263],[-83.3674,36.259],[-83.3592,36.2616]],[[-83.3873,36.2461],[-83.3906,36.2426],[-83.3896,36.24],[-83.3873,36.2461]],[[-83.3113,36.2906],[-83.3136,36.2898],[-83.3111,36.2864],[-83.3081,36.2886],[-83.3113,36.2906]],[[-83.2873,36.282],[-83.292,36.2782],[-83.2883,36.2789],[-83.2873,36.282]],[[-83.2941,36.2821],[-83.2887,36.2861],[-83.2933,36.2851],[-83.2941,36.2821]],[[-83.1939,36.3188],[-83.1993,36.3211],[-83.1954,36.3174],[-83.1939,36.3188]],[[-82.6512,36.5248],[-82.6449,36.5214],[-82.6395,36.5217],[-82.6512,36.5248]],[[-83.4106,36.2291],[-83.4133,36.2263],[-83.4059,36.2302],[-83.4106,36.2291]],[[-82.6543,36.5257],[-82.6608,36.5301],[-82.6569,36.5263],[-82.6543,36.5257]],[[-83.4041,36.2431],[-83.4037,36.2453],[-83.41,36.2426],[-83.4041,36.2431]],[[-82.7452,36.5146],[-82.7367,36.5166],[-82.7419,36.5166],[-82.7452,36.5146]],[[-83.2006,36.3156],[-83.2042,36.3131],[-83.2011,36.3126],[-83.2006,36.3156]],[[-82.9401,36.3954],[-82.9377,36.4066],[-82.9398,36.4002],[-82.9401,36.3954]],[[-82.6809,36.5169],[-82.6805,36.52],[-82.6824,36.5215],[-82.6809,36.5169]],[[-83.4476,36.2099],[-83.4475,36.2055],[-83.4449,36.2094],[-83.4476,36.2099]],[[-83.5044,36.1407],[-83.505,36.1375],[-83.5029,36.1381],[-83.5044,36.1407]],[[-83.3676,36.2702],[-83.3642,36.2722],[-83.3676,36.2718],[-83.3676,36.2702]],[[-83.4143,36.239],[-83.4173,36.2361],[-83.4143,36.2374],[-83.4143,36.239]],[[-83.3309,36.2776],[-83.3327,36.2759],[-83.3289,36.2777],[-83.3309,36.2776]],[[-83.4611,36.1806],[-83.4626,36.1786],[-83.4596,36.1789],[-83.4611,36.1806]],[[-83.2615,36.2941],[-83.2631,36.2935],[-83.261,36.2911],[-83.2615,36.2941]],[[-83.3554,36.2675],[-83.3563,36.265],[-83.3543,36.266],[-83.3554,36.2675]],[[-83.4019,36.2467],[-83.4023,36.2453],[-83.3998,36.2465],[-83.4019,36.2467]],[[-83.3129,36.2943],[-83.3146,36.291],[-83.3123,36.2931],[-83.3129,36.2943]],[[-83.3819,36.2431],[-83.3807,36.2463],[-83.3823,36.2454],[-83.3819,36.2431]],[[-83.1725,36.3242],[-83.1706,36.325],[-83.1735,36.326],[-83.1725,36.3242]],[[-83.3739,36.3241],[-83.373,36.3256],[-83.3747,36.3261],[-83.3739,36.3241]],[[-83.2949,36.2732],[-83.2927,36.2736],[-83.2939,36.2748],[-83.2949,36.2732]],[[-82.7936,36.4839],[-82.7954,36.4844],[-82.7907,36.4811],[-82.7936,36.4839]],[[-82.9939,36.37],[-82.9967,36.3697],[-82.9932,36.3693],[-82.9939,36.37]],[[-83.396,36.2503],[-83.3986,36.2492],[-83.3975,36.2483],[-83.396,36.2503]],[[-83.206,36.3055],[-83.2036,36.3042],[-83.2047,36.3057],[-83.206,36.3055]],[[-83.1759,36.3115],[-83.1754,36.3101],[-83.1738,36.3114],[-83.1759,36.3115]],[[-83.382,36.2618],[-83.3806,36.2631],[-83.3831,36.2624],[-83.382,36.2618]],[[-83.4888,36.1558],[-83.4875,36.1555],[-83.4872,36.1572],[-83.4888,36.1558]],[[-83.2197,36.3069],[-83.217,36.307],[-83.221,36.3072],[-83.2197,36.3069]],[[-82.8119,36.4562],[-82.8146,36.4573],[-82.8094,36.4553],[-82.8119,36.4562]],[[-83.443,36.2111],[-83.4418,36.2111],[-83.4406,36.2126],[-83.443,36.2111]],[[-83.2075,36.3101],[-83.2074,36.3091],[-83.2057,36.3098],[-83.2075,36.3101]],[[-83.4049,36.2317],[-83.4017,36.2323],[-83.4046,36.2326],[-83.4049,36.2317]],[[-83.4084,36.2403],[-83.4086,36.2392],[-83.4068,36.2408],[-83.4084,36.2403]],[[-83.4203,36.2213],[-83.4186,36.2229],[-83.4198,36.2226],[-83.4203,36.2213]],[[-82.909,36.4191],[-82.907,36.417],[-82.9056,36.4166],[-82.909,36.4191]],[[-82.7621,36.4824],[-82.7626,36.479],[-82.7616,36.481],[-82.7621,36.4824]],[[-82.8486,36.4592],[-82.8489,36.4607],[-82.8504,36.4623],[-82.8486,36.4592]],[[-83.1897,36.3124],[-83.1907,36.3114],[-83.1879,36.3127],[-83.1897,36.3124]],[[-83.3638,36.256],[-83.3624,36.2552],[-83.3628,36.2571],[-83.3638,36.256]],[[-83.2684,36.2787],[-83.2674,36.2801],[-83.269,36.2799],[-83.2684,36.2787]],[[-83.4263,36.225],[-83.425,36.225],[-83.4272,36.2255],[-83.4263,36.225]],[[-83.346,36.3322],[-83.3478,36.3311],[-83.3453,36.3319],[-83.346,36.3322]],[[-83.4264,36.2371],[-83.4281,36.2365],[-83.4283,36.2356],[-83.4264,36.2371]],[[-82.6614,36.5302],[-82.6633,36.5315],[-82.6609,36.5293],[-82.6614,36.5302]],[[-83.3563,36.3144],[-83.3567,36.3135],[-83.3553,36.3133],[-83.3563,36.3144]],[[-83.4431,36.2082],[-83.445,36.2057],[-83.442,36.2091],[-83.4431,36.2082]],[[-83.4279,36.2224],[-83.4295,36.2211],[-83.427,36.223],[-83.4279,36.2224]],[[-83.3402,36.2783],[-83.3397,36.2775],[-83.3385,36.278],[-83.3402,36.2783]],[[-83.3468,36.2785],[-83.3454,36.2789],[-83.3468,36.2793],[-83.3468,36.2785]],[[-83.3005,36.3082],[-83.3015,36.3071],[-83.3001,36.3075],[-83.3005,36.3082]],[[-83.3701,36.27],[-83.3694,36.2706],[-83.3709,36.2705],[-83.3701,36.27]],[[-83.4459,36.2048],[-83.447,36.2039],[-83.446,36.2037],[-83.4459,36.2048]],[[-83.361,36.2556],[-83.3604,36.2568],[-83.3612,36.2563],[-83.361,36.2556]],[[-82.7619,36.4843],[-82.7624,36.4837],[-82.7623,36.4824],[-82.7619,36.4843]],[[-83.464,36.2047],[-83.4654,36.2035],[-83.4641,36.204],[-83.464,36.2047]],[[-83.4375,36.2262],[-83.4365,36.2267],[-83.4365,36.2274],[-83.4375,36.2262]],[[-83.4243,36.2272],[-83.423,36.2283],[-83.4243,36.2278],[-83.4243,36.2272]],[[-83.3629,36.2586],[-83.3636,36.2579],[-83.362,36.2585],[-83.3629,36.2586]],[[-83.4125,36.2401],[-83.4128,36.2394],[-83.4118,36.2394],[-83.4125,36.2401]],[[-83.3056,36.2791],[-83.3064,36.2789],[-83.307,36.278],[-83.3056,36.2791]],[[-82.9937,36.3702],[-82.9928,36.3694],[-82.9919,36.3695],[-82.9937,36.3702]],[[-83.2995,36.306],[-83.3002,36.3049],[-83.299,36.3054],[-83.2995,36.306]],[[-83.459,36.1809],[-83.4573,36.1807],[-83.4588,36.1815],[-83.459,36.1809]],[[-83.4101,36.2568],[-83.4107,36.2565],[-83.4102,36.2559],[-83.4101,36.2568]],[[-83.2485,36.285],[-83.2482,36.2843],[-83.2472,36.2845],[-83.2485,36.285]],[[-83.3768,36.2483],[-83.3773,36.2476],[-83.3759,36.2481],[-83.3768,36.2483]],[[-83.3491,36.3267],[-83.3487,36.3279],[-83.3497,36.3273],[-83.3491,36.3267]],[[-83.3834,36.241],[-83.3827,36.2415],[-83.3829,36.2422],[-83.3834,36.241]],[[-83.511,36.1476],[-83.5102,36.1479],[-83.5097,36.1488],[-83.511,36.1476]],[[-83.3828,36.3154],[-83.3818,36.3158],[-83.3827,36.3159],[-83.3828,36.3154]],[[-82.7504,36.5085],[-82.75,36.5091],[-82.75,36.5101],[-82.7504,36.5085]],[[-83.3166,36.2748],[-83.3163,36.2754],[-83.317,36.2756],[-83.3166,36.2748]],[[-83.4388,36.225],[-83.4397,36.2238],[-83.4392,36.2242],[-83.4388,36.225]],[[-83.3859,36.3148],[-83.3857,36.3144],[-83.385,36.3149],[-83.3859,36.3148]],[[-83.3272,36.3024],[-83.3277,36.3018],[-83.3276,36.3014],[-83.3272,36.3024]],[[-83.3078,36.2854],[-83.3071,36.2856],[-83.3078,36.2858],[-83.3078,36.2854]],[[-83.4404,36.2134],[-83.4401,36.2128],[-83.44,36.2139],[-83.4404,36.2134]],[[-83.3309,36.2615],[-83.3304,36.2616],[-83.3304,36.2623],[-83.3309,36.2615]],[[-83.4552,36.1993],[-83.4552,36.1988],[-83.4548,36.1996],[-83.4552,36.1993]],[[-83.27,36.2978],[-83.2706,36.2974],[-83.2697,36.2977],[-83.27,36.2978]],[[-83.4823,36.1617],[-83.4821,36.1622],[-83.4825,36.1624],[-83.4823,36.1617]],[[-83.4524,36.1989],[-83.452,36.1986],[-83.4518,36.1991],[-83.4524,36.1989]],[[-82.6775,36.5124],[-82.6768,36.5122],[-82.678,36.5126],[-82.6775,36.5124]],[[-83.3297,36.3396],[-83.3305,36.3392],[-83.3301,36.3392],[-83.3297,36.3396]],[[-82.8475,36.4521],[-82.8472,36.4522],[-82.8475,36.4528],[-82.8475,36.4521]],[[-82.6113,36.545],[-82.6115,36.5446],[-82.6113,36.5441],[-82.6113,36.545]],[[-83.4738,36.169],[-83.4738,36.1688],[-83.4731,36.169],[-83.4738,36.169]],[[-83.4188,36.233],[-83.4185,36.2332],[-83.4188,36.2336],[-83.4188,36.233]],[[-83.5136,36.1412],[-83.5139,36.1409],[-83.5137,36.1407],[-83.5136,36.1412]],[[-83.3357,36.2594],[-83.335,36.2597],[-83.3353,36.2597],[-83.3357,36.2594]],[[-82.6644,36.5321],[-82.6646,36.5321],[-82.6639,36.5318],[-82.6644,36.5321]],[[-83.3317,36.2609],[-83.3314,36.2611],[-83.3318,36.2612],[-83.3317,36.2609]],[[-83.3324,36.3385],[-83.3328,36.3382],[-83.3326,36.3382],[-83.3324,36.3385]],[[-82.802,36.4766],[-82.8017,36.4765],[-82.8021,36.477],[-82.802,36.4766]],[[-83.3451,36.2736],[-83.3452,36.2734],[-83.3449,36.2735],[-83.3451,36.2736]],[[-82.6637,36.5315],[-82.6637,36.5314],[-82.6635,36.5313],[-82.6637,36.5315]]],[[[-82.7032,36.5032],[-82.7031,36.5045],[-82.7075,36.5083],[-82.7032,36.5032]]],[[[-82.7624,36.4843],[-82.7618,36.4847],[-82.762,36.491],[-82.7624,36.4843]]],[[[-82.7805,36.4766],[-82.7839,36.4778],[-82.7787,36.4756],[-82.7805,36.4766]]],[[[-82.6124,36.545],[-82.6127,36.5438],[-82.6111,36.5402],[-82.6124,36.545]]],[[[-82.7488,36.5101],[-82.7498,36.5081],[-82.7484,36.5095],[-82.7488,36.5101]]],[[[-82.6523,36.5248],[-82.6547,36.5252],[-82.6532,36.5246],[-82.6523,36.5248]]],[[[-82.6524,36.5251],[-82.6516,36.5251],[-82.6535,36.5254],[-82.6524,36.5251]]],[[[-82.7038,36.5029],[-82.7028,36.5013],[-82.703,36.5023],[-82.7038,36.5029]]],[[[-82.6112,36.5458],[-82.6109,36.5441],[-82.6106,36.5451],[-82.6112,36.5458]]],[[[-82.7501,36.5086],[-82.7497,36.5094],[-82.7497,36.5098],[-82.7501,36.5086]]],[[[-82.7621,36.4912],[-82.7618,36.4912],[-82.7618,36.4916],[-82.7621,36.4912]]],[[[-82.7501,36.5074],[-82.75,36.5074],[-82.7499,36.5077],[-82.7501,36.5074]]]]},"properties":{"name":"Cherokee Lake","layer":"nhd_lakes","waterbody_type":"Lake/Pond","area_acres":29436.44,"elevation":null,"fcode":39004}},{"type":"Feature","geometry":{"type":"Polygon","coordinates":[[[-82.6534,36.5654],[-82.6533,36.5655],[-82.6529,36.5655],[-82.6534,36.5654]]]},"properties":{"name":"Unnamed Lake (43562719)","layer":"nhd_lakes","waterbody_type":"Lake/Pond","area_acres":null,"elevation":null,"fcode":39004}},{"type":"Feature","geometry":{"type":"Polygon","coordinates":[[[-82.4742,36.5892],[-82.4742,36.5893],[-82.4739,36.5893],[-82.4742,36.5892]]]},"properties":{"name":"Unnamed Lake (43594072)","layer":"nhd_lakes","waterbody_type":"Lake/Pond","area_acres":null,"elevation":null,"fcode":39004}},{"type":"Feature","geometry":{"type":"Polygon","coordinates":[[[-82.3958,36.565],[-82.3959,36.5652],[-82.3955,36.5654],[-82.3958,36.565]]]},"properties":{"name":"Unnamed Lake (43594190)","layer":"nhd_lakes","waterbody_type":"Lake/Pond","area_acres":0.25,"elevation":null,"fcode":39004}},{"type":"Feature","geometry":{"type":"Polygon","coordinates":[[[-82.4403,36.5184],[-82.4408,36.5182],[-82.4408,36.5186],[-82.4403,36.5184]]]},"properties":{"name":"Unnamed Lake (43594534)","layer":"nhd_lakes","waterbody_type":"Lake/Pond","area_acres":0.49,"elevation":null,"fcode":39004}},{"type":"Feature","geometry":{"type":"Polygon","coordinates":[[[-82.6766,36.4563],[-82.6761,36.4558],[-82.6764,36.4557],[-82.6766,36.4563]]]},"properties":{"name":"Unnamed Lake (43594902)","layer":"nhd_lakes","waterbody_type":"Lake/Pond","area_acres":0.49,"elevation":null,"fcode":39004}},{"type":"Feature","geometry":{"type":"Polygon","coordinates":[[[-82.6477,36.4304],[-82.6478,36.4307],[-82.6474,36.4306],[-82.6477,36.4304]]]},"properties":{"name":"Unnamed Lake (43594942)","layer":"nhd_lakes","waterbody_type":"Lake/Pond","area_acres":0.25,"elevation":null,"fcode":39004}},{"type":"Feature","geometry":{"type":"Polygon","coordinates":[[[-82.6462,36.5378],[-82.6467,36.5383],[-82.6439,36.5392],[-82.6462,36.5378]]]},"properties":{"name":"Unnamed Lake (13880453)","layer":"nhd_lakes","waterbody_type":"Lake/Pond","area_acres":4.45,"elevation":null,"fcode":39004}},{"type":"Feature","geometry":{"type":"Polygon","coordinates":[[[-82.5174,36.51],[-82.5177,36.5102],[-82.5173,36.5104],[-82.5174,36.51]]]},"properties":{"name":"Unnamed Lake (43594632)","layer":"nhd_lakes","waterbody_type":"Lake/Pond","area_acres":0.25,"elevation":null,"fcode":39004}},{"type":"Feature","geometry":{"type":"Polygon","coordinates":[[[-82.6513,36.422],[-82.6511,36.4214],[-82.6516,36.4212],[-82.6513,36.422]]]},"properties":{"name":"Unnamed Lake (43594988)","layer":"nhd_lakes","waterbody_type":"Lake/Pond","area_acres":0.49,"elevation":null,"fcode":39004}},{"type":"Feature","geometry":{"type":"Polygon","coordinates":[[[-82.552,36.3652],[-82.5523,36.3653],[-82.552,36.3654],[-82.552,36.3652]]]},"properties":{"name":"Unnamed Lake (13101959)","layer":"nhd_lakes","waterbody_type":"Lake/Pond","area_acres":0.25,"elevation":null,"fcode":39004}},{"type":"Feature","geometry":{"type":"Polygon","coordinates":[[[-82.6579,36.5634],[-82.6581,36.5635],[-82.6577,36.5635],[-82.6579,36.5634]]]},"properties":{"name":"Unnamed Lake (13880450)","layer":"nhd_lakes","waterbody_type":"Lake/Pond","area_acres":null,"elevation":null,"fcode":39004}},{"type":"Feature","geometry":{"type":"Polygon","coordinates":[[[-82.5745,36.488],[-82.5746,36.4875],[-82.5748,36.4878],[-82.5745,36.488]]]},"properties":{"name":"Unnamed Lake (43594748)","layer":"nhd_lakes","waterbody_type":"Lake/Pond","area_acres":0.49,"elevation":null,"fcode":39004}},{"type":"Feature","geometry":{"type":"Polygon","coordinates":[[[-82.5905,36.3862],[-82.5908,36.3864],[-82.5904,36.3866],[-82.5905,36.3862]]]},"properties":{"name":"Unnamed Lake (43595058)","layer":"nhd_lakes","waterbody_type":"Lake/Pond","area_acres":0.25,"elevation":null,"fcode":39004}},{"type":"Feature","geometry":{"type":"Polygon","coordinates":[[[-82.7296,36.502],[-82.7299,36.5023],[-82.7295,36.5022],[-82.7296,36.502]]]},"properties":{"name":"Unnamed Lake (13880461)","layer":"nhd_lakes","waterbody_type":"Lake/Pond","area_acres":0.25,"elevation":null,"fcode":39004}},{"type":"Feature","geometry":{"type":"Polygon","coordinates":[[[-82.687,36.5664],[-82.6873,36.5666],[-82.6865,36.5667],[-82.687,36.5664]]]},"properties":{"name":"Unnamed Lake (13880450)","layer":"nhd_lakes","waterbody_type":"Lake/Pond","area_acres":0.74,"elevation":null,"fcode":39004}},{"type":"Feature","geometry":{"type":"Polygon","coordinates":[[[-82.6641,36.4083],[-82.6638,36.4083],[-82.6639,36.4081],[-82.6641,36.4083]]]},"properties":{"name":"Unnamed Lake (13101954)","layer":"nhd_lakes","waterbody_type":"Lake/Pond","area_acres":0.25,"elevation":null,"fcode":39004}},{"type":"Feature","geometry":{"type":"Polygon","coordinates":[[[-82.5118,36.4068],[-82.5118,36.4073],[-82.5116,36.407],[-82.5118,36.4068]]]},"properties":{"name":"Unnamed Lake (43594976)","layer":"nhd_lakes","waterbody_type":"Lake/Pond","area_acres":0.25,"elevation":null,"fcode":39004}},{"type":"Feature","geometry":{"type":"Polygon","coordinates":[[[-82.719,36.5308],[-82.7176,36.5278],[-82.7191,36.5302],[-82.719,36.5308]]]},"properties":{"name":"Unnamed Lake (13880455)","layer":"nhd_lakes","waterbody_type":"Lake/Pond","area_acres":2.47,"elevation":null,"fcode":39004}},{"type":"Feature","geometry":{"type":"Polygon","coordinates":[[[-82.6929,36.5824],[-82.6926,36.5823],[-82.6927,36.5823],[-82.6929,36.5824]]]},"properties":{"name":"Unnamed Lake (43562697)","layer":"nhd_lakes","waterbody_type":"Lake/Pond","area_acres":null,"elevation":null,"fcode":39004}},{"type":"Feature","geometry":{"type":"Polygon","coordinates":[[[-82.466,36.5045],[-82.466,36.5047],[-82.4659,36.5046],[-82.466,36.5045]]]},"properties":{"name":"Unnamed Lake (43594628)","layer":"nhd_lakes","waterbody_type":"Lake/Pond","area_acres":null,"elevation":null,"fcode":39004}},{"type":"Feature","geometry":{"type":"Polygon","coordinates":[[[-82.6552,36.6058],[-82.6553,36.6051],[-82.6554,36.6053],[-82.6552,36.6058]]]},"properties":{"name":"Unnamed Lake ({A9171C3)","layer":"nhd_lakes","waterbody_type":"Lake/Pond","area_acres":0.25,"elevation":null,"fcode":39004}},{"type":"Feature","geometry":{"type":"Polygon","coordinates":[[[-82.5612,36.5238],[-82.5625,36.5251],[-82.5601,36.5242],[-82.5612,36.5238]]]},"properties":{"name":"Unnamed Lake (43594574)","layer":"nhd_lakes","waterbody_type":"Lake/Pond","area_acres":0.99,"elevation":null,"fcode":39004}},{"type":"Feature","geometry":{"type":"Polygon","coordinates":[[[-82.4816,36.4578],[-82.4813,36.4582],[-82.4811,36.4581],[-82.4816,36.4578]]]},"properties":{"name":"Unnamed Lake (43594836)","layer":"nhd_lakes","waterbody_type":"Lake/Pond","area_acres":0.25,"elevation":null,"fcode":39004}},{"type":"Feature","geometry":{"type":"Polygon","coordinates":[[[-82.5073,36.4373],[-82.508,36.4376],[-82.5078,36.4379],[-82.5073,36.4373]]]},"properties":{"name":"Unnamed Lake (43594896)","layer":"nhd_lakes","waterbody_type":"Lake/Pond","area_acres":0.74,"elevation":null,"fcode":39004}},{"type":"Feature","geometry":{"type":"Polygon","coordinates":[[[-82.6312,36.4379],[-82.6303,36.4379],[-82.6299,36.4373],[-82.6312,36.4379]]]},"properties":{"name":"Unnamed Lake (43594924)","layer":"nhd_lakes","waterbody_type":"Lake/Pond","area_acres":0.74,"elevation":null,"fcode":39004}},{"type":"Feature","geometry":{"type":"Polygon","coordinates":[[[-82.5885,36.393],[-82.5886,36.3932],[-82.5883,36.3931],[-82.5885,36.393]]]},"properties":{"name":"Unnamed Lake (43595038)","layer":"nhd_lakes","waterbody_type":"Lake/Pond","area_acres":null,"elevation":null,"fcode":39004}},{"type":"Feature","geometry":{"type":"Polygon","coordinates":[[[-82.6582,36.4095],[-82.6583,36.4099],[-82.6577,36.4099],[-82.6582,36.4095]]]},"properties":{"name":"Unnamed Lake (13101954)","layer":"nhd_lakes","waterbody_type":"Lake/Pond","area_acres":0.49,"elevation":null,"fcode":39004}},{"type":"Feature","geometry":{"type":"Polygon","coordinates":[[[-82.6626,36.4063],[-82.6626,36.4067],[-82.6623,36.4065],[-82.6626,36.4063]]]},"properties":{"name":"Unnamed Lake (13101955)","layer":"nhd_lakes","waterbody_type":"Lake/Pond","area_acres":0.25,"elevation":null,"fcode":39004}},{"type":"Feature","geometry":{"type":"Polygon","coordinates":[[[-82.5004,36.6002],[-82.5001,36.6002],[-82.5003,36.5994],[-82.5004,36.6002]]]},"properties":{"name":"Unnamed Lake (43562655)","layer":"nhd_lakes","waterbody_type":"Lake/Pond","area_acres":0.49,"elevation":null,"fcode":39004}},{"type":"Feature","geometry":{"type":"Polygon","coordinates":[[[-82.6108,36.4297],[-82.6107,36.4295],[-82.6112,36.4296],[-82.6108,36.4297]]]},"properties":{"name":"Unnamed Lake (43594930)","layer":"nhd_lakes","waterbody_type":"Lake/Pond","area_acres":0.25,"elevation":null,"fcode":39004}},{"type":"Feature","geometry":{"type":"Polygon","coordinates":[[[-82.6218,36.5481],[-82.6223,36.5483],[-82.6218,36.5484],[-82.6218,36.5481]]]},"properties":{"name":"Unnamed Lake (13880451)","layer":"nhd_lakes","waterbody_type":"Lake/Pond","area_acres":0.25,"elevation":null,"fcode":39004}},{"type":"Feature","geometry":{"type":"MultiPolygon","coordinates":[[[[-82.4151,36.4429],[-82.4146,36.4392],[-82.4072,36.4389],[-82.4024,36.4344],[-82.3976,36.4367],[-82.3994,36.4332],[-82.3928,36.4337],[-82.3937,36.4384],[-82.3906,36.4355],[-82.3892,36.4411],[-82.3879,36.4377],[-82.3868,36.441],[-82.3793,36.4427],[-82.3911,36.4325],[-82.3829,36.428],[-82.3834,36.425],[-82.3749,36.425],[-82.3828,36.4238],[-82.387,36.4286],[-82.3883,36.4255],[-82.3844,36.4205],[-82.37,36.4198],[-82.3734,36.4171],[-82.3707,36.4151],[-82.3766,36.416],[-82.3808,36.4127],[-82.3752,36.4048],[-82.3862,36.3938],[-82.3678,36.4035],[-82.3635,36.4023],[-82.3639,36.3972],[-82.3566,36.3943],[-82.3517,36.3881],[-82.3469,36.3972],[-82.3372,36.4019],[-82.3336,36.3945],[-82.3221,36.3922],[-82.3323,36.3914],[-82.3396,36.3967],[-82.3392,36.3945],[-82.3438,36.3964],[-82.3423,36.3942],[-82.346,36.3963],[-82.3451,36.3856],[-82.3572,36.3865],[-82.3612,36.3839],[-82.3569,36.3818],[-82.3577,36.3792],[-82.362,36.3841],[-82.3559,36.3911],[-82.3639,36.3952],[-82.3665,36.4019],[-82.393,36.3868],[-82.3906,36.3902],[-82.396,36.3911],[-82.3882,36.392],[-82.386,36.4006],[-82.3771,36.4061],[-82.3842,36.4105],[-82.3749,36.4195],[-82.3829,36.4157],[-82.3894,36.4211],[-82.4007,36.4117],[-82.4016,36.4143],[-82.3903,36.4221],[-82.3899,36.4287],[-82.3925,36.4303],[-82.4017,36.4191],[-82.4101,36.4244],[-82.4201,36.4163],[-82.4182,36.4191],[-82.4228,36.4192],[-82.4175,36.4223],[-82.4194,36.4256],[-82.4159,36.4236],[-82.4165,36.4259],[-82.4087,36.4269],[-82.4063,36.432],[-82.41,36.4351],[-82.4133,36.434],[-82.4091,36.4331],[-82.419,36.4326],[-82.4228,36.4383],[-82.4214,36.4477],[-82.4151,36.4429]],[[-82.402,36.4332],[-82.4062,36.4254],[-82.3989,36.4254],[-82.4015,36.4294],[-82.399,36.433],[-82.402,36.4332]],[[-82.3244,36.3933],[-82.3263,36.3924],[-82.3241,36.393],[-82.3244,36.3933]],[[-82.3274,36.3924],[-82.3265,36.3933],[-82.3299,36.3926],[-82.3274,36.3924]],[[-82.3302,36.3926],[-82.3303,36.3927],[-82.3304,36.3927],[-82.3302,36.3926]],[[-82.3305,36.393],[-82.3306,36.3932],[-82.3307,36.3932],[-82.3305,36.393]],[[-82.3303,36.3932],[-82.3302,36.3933],[-82.3303,36.3933],[-82.3303,36.3932]],[[-82.3289,36.3933],[-82.3294,36.3933],[-82.3291,36.3931],[-82.3289,36.3933]],[[-82.3259,36.3928],[-82.326,36.3927],[-82.3259,36.3927],[-82.3259,36.3928]],[[-82.3261,36.3928],[-82.3262,36.3927],[-82.3261,36.3927],[-82.3261,36.3928]],[[-82.3273,36.3921],[-82.3274,36.3921],[-82.3264,36.3923],[-82.3273,36.3921]]],[[[-82.3257,36.3935],[-82.3259,36.3933],[-82.3248,36.3933],[-82.3257,36.3935]]],[[[-82.3274,36.3933],[-82.3273,36.3933],[-82.3272,36.3934],[-82.3274,36.3933]]],[[[-82.3261,36.3932],[-82.326,36.3932],[-82.326,36.3933],[-82.3261,36.3932]]],[[[-82.3262,36.393],[-82.3261,36.393],[-82.326,36.3931],[-82.3262,36.393]]],[[[-82.3251,36.393],[-82.3254,36.3929],[-82.325,36.3929],[-82.3251,36.393]]]]},"properties":{"name":"Boone Lake","layer":"nhd_lakes","waterbody_type":"Lake/Pond","area_acres":2005.29,"elevation":null,"fcode":39004}},{"type":"Feature","geometry":{"type":"Polygon","coordinates":[[[-82.4745,36.583],[-82.4747,36.5836],[-82.4744,36.5834],[-82.4745,36.583]]]},"properties":{"name":"Unnamed Lake (43594144)","layer":"nhd_lakes","waterbody_type":"Lake/Pond","area_acres":0.25,"elevation":null,"fcode":39004}},{"type":"Feature","geometry":{"type":"Polygon","coordinates":[[[-82.5594,36.5253],[-82.5611,36.5277],[-82.5593,36.5258],[-82.5594,36.5253]]]},"properties":{"name":"Unnamed Lake (43594552)","layer":"nhd_lakes","waterbody_type":"Lake/Pond","area_acres":0.99,"elevation":null,"fcode":39004}},{"type":"Feature","geometry":{"type":"Polygon","coordinates":[[[-82.6527,36.4315],[-82.6529,36.4319],[-82.6525,36.4317],[-82.6527,36.4315]]]},"properties":{"name":"Unnamed Lake (43594938)","layer":"nhd_lakes","waterbody_type":"Lake/Pond","area_acres":0.25,"elevation":null,"fcode":39004}},{"type":"Feature","geometry":{"type":"Polygon","coordinates":[[[-82.5261,36.3771],[-82.5259,36.3774],[-82.5259,36.3771],[-82.5261,36.3771]]]},"properties":{"name":"Unnamed Lake (43595064)","layer":"nhd_lakes","waterbody_type":"Lake/Pond","area_acres":0.25,"elevation":null,"fcode":39004}},{"type":"Feature","geometry":{"type":"Polygon","coordinates":[[[-82.6423,36.6146],[-82.6428,36.6147],[-82.6422,36.6149],[-82.6423,36.6146]]]},"properties":{"name":"Unnamed Lake (43562657)","layer":"nhd_lakes","waterbody_type":"Lake/Pond","area_acres":0.25,"elevation":null,"fcode":39004}},{"type":"Feature","geometry":{"type":"Polygon","coordinates":[[[-82.4522,36.5119],[-82.4524,36.5123],[-82.4521,36.5124],[-82.4522,36.5119]]]},"properties":{"name":"Unnamed Lake (43594582)","layer":"nhd_lakes","waterbody_type":"Lake/Pond","area_acres":0.25,"elevation":null,"fcode":39004}},{"type":"Feature","geometry":{"type":"Polygon","coordinates":[[[-82.5944,36.3815],[-82.5947,36.3818],[-82.5942,36.3817],[-82.5944,36.3815]]]},"properties":{"name":"Unnamed Lake (43595092)","layer":"nhd_lakes","waterbody_type":"Lake/Pond","area_acres":0.25,"elevation":null,"fcode":39004}},{"type":"Feature","geometry":{"type":"Polygon","coordinates":[[[-82.6189,36.5387],[-82.619,36.5388],[-82.6188,36.5389],[-82.6189,36.5387]]]},"properties":{"name":"Unnamed Lake (13880452)","layer":"nhd_lakes","waterbody_type":"Lake/Pond","area_acres":null,"elevation":null,"fcode":39004}},{"type":"Feature","geometry":{"type":"Polygon","coordinates":[[[-82.4056,36.552],[-82.4056,36.5525],[-82.4054,36.5521],[-82.4056,36.552]]]},"properties":{"name":"Unnamed Lake (43594264)","layer":"nhd_lakes","waterbody_type":"Lake/Pond","area_acres":null,"elevation":null,"fcode":39004}},{"type":"Feature","geometry":{"type":"Polygon","coordinates":[[[-82.5736,36.3723],[-82.5737,36.3724],[-82.5736,36.3724],[-82.5736,36.3723]]]},"properties":{"name":"Unnamed Lake (43595106)","layer":"nhd_lakes","waterbody_type":"Lake/Pond","area_acres":0.04,"elevation":null,"fcode":39004}},{"type":"Feature","geometry":{"type":"Polygon","coordinates":[[[-82.4501,36.5701],[-82.4501,36.5702],[-82.45,36.5703],[-82.4501,36.5701]]]},"properties":{"name":"Unnamed Lake (43594204)","layer":"nhd_lakes","waterbody_type":"Lake/Pond","area_acres":null,"elevation":null,"fcode":39004}},{"type":"Feature","geometry":{"type":"Polygon","coordinates":[[[-82.4315,36.5025],[-82.4314,36.5028],[-82.4312,36.5029],[-82.4315,36.5025]]]},"properties":{"name":"Unnamed Lake (43594624)","layer":"nhd_lakes","waterbody_type":"Lake/Pond","area_acres":0.25,"elevation":null,"fcode":39004}},{"type":"Feature","geometry":{"type":"Polygon","coordinates":[[[-82.5322,36.3804],[-82.5322,36.3806],[-82.532,36.3806],[-82.5322,36.3804]]]},"properties":{"name":"Unnamed Lake (43595054)","layer":"nhd_lakes","waterbody_type":"Lake/Pond","area_acres":0.25,"elevation":null,"fcode":39004}},{"type":"Feature","geometry":{"type":"Polygon","coordinates":[[[-82.6047,36.3712],[-82.6051,36.3714],[-82.6049,36.3715],[-82.6047,36.3712]]]},"properties":{"name":"Unnamed Lake (43595112)","layer":"nhd_lakes","waterbody_type":"Lake/Pond","area_acres":0.25,"elevation":null,"fcode":39004}},{"type":"Feature","geometry":{"type":"Polygon","coordinates":[[[-82.4306,36.4134],[-82.4301,36.4136],[-82.4301,36.4133],[-82.4306,36.4134]]]},"properties":{"name":"Unnamed Lake (89956199)","layer":"nhd_lakes","waterbody_type":"Lake/Pond","area_acres":0.25,"elevation":null,"fcode":39004}},{"type":"Feature","geometry":{"type":"Polygon","coordinates":[[[-82.4178,36.4887],[-82.4179,36.4888],[-82.4177,36.4891],[-82.4178,36.4887]]]},"properties":{"name":"Unnamed Lake (43594662)","layer":"nhd_lakes","waterbody_type":"Lake/Pond","area_acres":0.25,"elevation":null,"fcode":39004}},{"type":"Feature","geometry":{"type":"Polygon","coordinates":[[[-82.5157,36.439],[-82.516,36.4394],[-82.5154,36.4393],[-82.5157,36.439]]]},"properties":{"name":"Unnamed Lake (43594894)","layer":"nhd_lakes","waterbody_type":"Lake/Pond","area_acres":0.49,"elevation":null,"fcode":39004}},{"type":"Feature","geometry":{"type":"Polygon","coordinates":[[[-82.6595,36.3982],[-82.6596,36.3986],[-82.6592,36.3986],[-82.6595,36.3982]]]},"properties":{"name":"Unnamed Lake (13101955)","layer":"nhd_lakes","waterbody_type":"Lake/Pond","area_acres":0.49,"elevation":null,"fcode":39004}},{"type":"Feature","geometry":{"type":"Polygon","coordinates":[[[-82.6871,36.5013],[-82.6875,36.5014],[-82.6871,36.5014],[-82.6871,36.5013]]]},"properties":{"name":"Unnamed Lake (13880460)","layer":"nhd_lakes","waterbody_type":"Lake/Pond","area_acres":null,"elevation":null,"fcode":39004}},{"type":"Feature","geometry":{"type":"Polygon","coordinates":[[[-82.604,36.5596],[-82.6039,36.56],[-82.6035,36.5596],[-82.604,36.5596]]]},"properties":{"name":"Unnamed Lake (43562721)","layer":"nhd_lakes","waterbody_type":"Lake/Pond","area_acres":0.25,"elevation":null,"fcode":39004}},{"type":"Feature","geometry":{"type":"Polygon","coordinates":[[[-82.5563,36.5671],[-82.5563,36.5673],[-82.5561,36.5673],[-82.5563,36.5671]]]},"properties":{"name":"Unnamed Lake (43594276)","layer":"nhd_lakes","waterbody_type":"Lake/Pond","area_acres":null,"elevation":null,"fcode":39004}},{"type":"Feature","geometry":{"type":"Polygon","coordinates":[[[-82.5852,36.5052],[-82.5852,36.5054],[-82.5848,36.5054],[-82.5852,36.5052]]]},"properties":{"name":"Unnamed Lake (43594680)","layer":"nhd_lakes","waterbody_type":"Lake/Pond","area_acres":0.25,"elevation":null,"fcode":39004}},{"type":"Feature","geometry":{"type":"Polygon","coordinates":[[[-82.3897,36.4794],[-82.3898,36.4797],[-82.3895,36.4797],[-82.3897,36.4794]]]},"properties":{"name":"Unnamed Lake (43594702)","layer":"nhd_lakes","waterbody_type":"Lake/Pond","area_acres":0.25,"elevation":null,"fcode":39004}},{"type":"Feature","geometry":{"type":"Polygon","coordinates":[[[-82.6211,36.5025],[-82.6204,36.5035],[-82.6196,36.5034],[-82.6211,36.5025]]]},"properties":{"name":"Unnamed Lake (43594710)","layer":"nhd_lakes","waterbody_type":"Lake/Pond","area_acres":1.73,"elevation":null,"fcode":39004}},{"type":"Feature","geometry":{"type":"Polygon","coordinates":[[[-82.6178,36.4769],[-82.6177,36.4772],[-82.6176,36.477],[-82.6178,36.4769]]]},"properties":{"name":"Unnamed Lake (43594818)","layer":"nhd_lakes","waterbody_type":"Lake/Pond","area_acres":0.25,"elevation":null,"fcode":39004}},{"type":"Feature","geometry":{"type":"Polygon","coordinates":[[[-82.4344,36.4424],[-82.4344,36.4426],[-82.4343,36.4425],[-82.4344,36.4424]]]},"properties":{"name":"Unnamed Lake (43594870)","layer":"nhd_lakes","waterbody_type":"Lake/Pond","area_acres":null,"elevation":null,"fcode":39004}},{"type":"Feature","geometry":{"type":"Polygon","coordinates":[[[-82.485,36.3975],[-82.485,36.3978],[-82.4849,36.3977],[-82.485,36.3975]]]},"properties":{"name":"Unnamed Lake (43595006)","layer":"nhd_lakes","waterbody_type":"Lake/Pond","area_acres":null,"elevation":null,"fcode":39004}},{"type":"Feature","geometry":{"type":"Polygon","coordinates":[[[-82.4472,36.5425],[-82.4473,36.5422],[-82.4475,36.5426],[-82.4472,36.5425]]]},"properties":{"name":"Unnamed Lake (43594348)","layer":"nhd_lakes","waterbody_type":"Lake/Pond","area_acres":0.25,"elevation":null,"fcode":39004}},{"type":"Feature","geometry":{"type":"Polygon","coordinates":[[[-82.4145,36.458],[-82.4147,36.4583],[-82.4143,36.4582],[-82.4145,36.458]]]},"properties":{"name":"Unnamed Lake (43594784)","layer":"nhd_lakes","waterbody_type":"Lake/Pond","area_acres":0.25,"elevation":null,"fcode":39004}},{"type":"Feature","geometry":{"type":"Polygon","coordinates":[[[-82.5908,36.4701],[-82.591,36.4702],[-82.5909,36.4705],[-82.5908,36.4701]]]},"properties":{"name":"Unnamed Lake (43594840)","layer":"nhd_lakes","waterbody_type":"Lake/Pond","area_acres":null,"elevation":null,"fcode":39004}},{"type":"Feature","geometry":{"type":"Polygon","coordinates":[[[-82.6164,36.5495],[-82.6159,36.5496],[-82.616,36.5495],[-82.6164,36.5495]]]},"properties":{"name":"Unnamed Lake (13880451)","layer":"nhd_lakes","waterbody_type":"Lake/Pond","area_acres":0.25,"elevation":null,"fcode":39004}},{"type":"Feature","geometry":{"type":"Polygon","coordinates":[[[-82.4043,36.5063],[-82.4045,36.5066],[-82.4042,36.5065],[-82.4043,36.5063]]]},"properties":{"name":"Unnamed Lake (43594592)","layer":"nhd_lakes","waterbody_type":"Lake/Pond","area_acres":0.25,"elevation":null,"fcode":39004}},{"type":"Feature","geometry":{"type":"Polygon","coordinates":[[[-82.6179,36.4123],[-82.6183,36.4126],[-82.6177,36.4124],[-82.6179,36.4123]]]},"properties":{"name":"Unnamed Lake (43595010)","layer":"nhd_lakes","waterbody_type":"Lake/Pond","area_acres":0.25,"elevation":null,"fcode":39004}},{"type":"Feature","geometry":{"type":"Polygon","coordinates":[[[-82.6946,36.5174],[-82.6941,36.5177],[-82.6938,36.5174],[-82.6946,36.5174]]]},"properties":{"name":"Unnamed Lake (13880457)","layer":"nhd_lakes","waterbody_type":"Lake/Pond","area_acres":0.52,"elevation":null,"fcode":39004}},{"type":"Feature","geometry":{"type":"Polygon","coordinates":[[[-82.6566,36.6044],[-82.6552,36.605],[-82.6564,36.6042],[-82.6566,36.6044]]]},"properties":{"name":"Unnamed Lake ({8C8358F)","layer":"nhd_lakes","waterbody_type":"Lake/Pond","area_acres":0.49,"elevation":null,"fcode":39004}},{"type":"Feature","geometry":{"type":"Polygon","coordinates":[[[-82.7033,36.5929],[-82.7034,36.5933],[-82.703,36.5932],[-82.7033,36.5929]]]},"properties":{"name":"Unnamed Lake (43562685)","layer":"nhd_lakes","waterbody_type":"Lake/Pond","area_acres":0.25,"elevation":null,"fcode":39004}},{"type":"Feature","geometry":{"type":"Polygon","coordinates":[[[-82.4512,36.5629],[-82.4512,36.5631],[-82.4509,36.5631],[-82.4512,36.5629]]]},"properties":{"name":"Unnamed Lake (43594250)","layer":"nhd_lakes","waterbody_type":"Lake/Pond","area_acres":0.25,"elevation":null,"fcode":39004}},{"type":"Feature","geometry":{"type":"Polygon","coordinates":[[[-82.6196,36.4764],[-82.6195,36.4766],[-82.6193,36.4766],[-82.6196,36.4764]]]},"properties":{"name":"Unnamed Lake (43594824)","layer":"nhd_lakes","waterbody_type":"Lake/Pond","area_acres":0.25,"elevation":null,"fcode":39004}},{"type":"Feature","geometry":{"type":"Polygon","coordinates":[[[-82.6046,36.422],[-82.6049,36.4219],[-82.605,36.422],[-82.6046,36.422]]]},"properties":{"name":"Unnamed Lake (43594958)","layer":"nhd_lakes","waterbody_type":"Lake/Pond","area_acres":null,"elevation":null,"fcode":39004}},{"type":"Feature","geometry":{"type":"Polygon","coordinates":[[[-82.6599,36.6216],[-82.66,36.6217],[-82.6596,36.6216],[-82.6599,36.6216]]]},"properties":{"name":"Unnamed Lake (43562649)","layer":"nhd_lakes","waterbody_type":"Lake/Pond","area_acres":0.25,"elevation":null,"fcode":39004}},{"type":"Feature","geometry":{"type":"Polygon","coordinates":[[[-82.5096,36.5591],[-82.5087,36.5585],[-82.5091,36.5583],[-82.5096,36.5591]]]},"properties":{"name":"Unnamed Lake (43594308)","layer":"nhd_lakes","waterbody_type":"Lake/Pond","area_acres":0.99,"elevation":null,"fcode":39004}},{"type":"Feature","geometry":{"type":"Polygon","coordinates":[[[-82.6518,36.4253],[-82.652,36.4249],[-82.6521,36.4251],[-82.6518,36.4253]]]},"properties":{"name":"Unnamed Lake (43594962)","layer":"nhd_lakes","waterbody_type":"Lake/Pond","area_acres":0.25,"elevation":null,"fcode":39004}},{"type":"Feature","geometry":{"type":"Polygon","coordinates":[[[-82.6695,36.4084],[-82.6698,36.4085],[-82.6695,36.4086],[-82.6695,36.4084]]]},"properties":{"name":"Unnamed Lake (13101955)","layer":"nhd_lakes","waterbody_type":"Lake/Pond","area_acres":0.25,"elevation":null,"fcode":39004}},{"type":"Feature","geometry":{"type":"Polygon","coordinates":[[[-82.6794,36.54],[-82.6796,36.5403],[-82.6793,36.5403],[-82.6794,36.54]]]},"properties":{"name":"Unnamed Lake (13880454)","layer":"nhd_lakes","waterbody_type":"Lake/Pond","area_acres":0.25,"elevation":null,"fcode":39004}},{"type":"Feature","geometry":{"type":"Polygon","coordinates":[[[-82.6425,36.535],[-82.6421,36.5355],[-82.6419,36.5355],[-82.6425,36.535]]]},"properties":{"name":"Unnamed Lake (13880454)","layer":"nhd_lakes","waterbody_type":"Lake/Pond","area_acres":0.25,"elevation":null,"fcode":39004}},{"type":"Feature","geometry":{"type":"Polygon","coordinates":[[[-82.6899,36.5657],[-82.6899,36.5664],[-82.6891,36.566],[-82.6899,36.5657]]]},"properties":{"name":"Unnamed Lake (13880450)","layer":"nhd_lakes","waterbody_type":"Lake/Pond","area_acres":0.99,"elevation":null,"fcode":39004}},{"type":"Feature","geometry":{"type":"Polygon","coordinates":[[[-82.6556,36.6061],[-82.6554,36.6062],[-82.6554,36.6057],[-82.6556,36.6061]]]},"properties":{"name":"Unnamed Lake ({8485E69)","layer":"nhd_lakes","waterbody_type":"Lake/Pond","area_acres":0.25,"elevation":null,"fcode":39004}},{"type":"Feature","geometry":{"type":"Polygon","coordinates":[[[-82.5216,36.6382],[-82.5214,36.6377],[-82.5218,36.6379],[-82.5216,36.6382]]]},"properties":{"name":"Unnamed Lake (43562633)","layer":"nhd_lakes","waterbody_type":"Lake/Pond","area_acres":0.49,"elevation":null,"fcode":39004}},{"type":"Feature","geometry":{"type":"Polygon","coordinates":[[[-82.6478,36.5668],[-82.6478,36.567],[-82.6476,36.567],[-82.6478,36.5668]]]},"properties":{"name":"Unnamed Lake (43562713)","layer":"nhd_lakes","waterbody_type":"Lake/Pond","area_acres":null,"elevation":null,"fcode":39004}},{"type":"Feature","geometry":{"type":"Polygon","coordinates":[[[-82.5063,36.5596],[-82.5066,36.5598],[-82.5062,36.5598],[-82.5063,36.5596]]]},"properties":{"name":"Unnamed Lake (43594298)","layer":"nhd_lakes","waterbody_type":"Lake/Pond","area_acres":0.25,"elevation":null,"fcode":39004}},{"type":"Feature","geometry":{"type":"Polygon","coordinates":[[[-82.4741,36.5316],[-82.4743,36.5319],[-82.4736,36.532],[-82.4741,36.5316]]]},"properties":{"name":"Unnamed Lake (43594480)","layer":"nhd_lakes","waterbody_type":"Lake/Pond","area_acres":0.49,"elevation":null,"fcode":39004}},{"type":"Feature","geometry":{"type":"Polygon","coordinates":[[[-82.5663,36.5334],[-82.5691,36.5343],[-82.5682,36.5351],[-82.5663,36.5334]]]},"properties":{"name":"Unnamed Lake (43594518)","layer":"nhd_lakes","waterbody_type":"Lake/Pond","area_acres":4.94,"elevation":null,"fcode":39004}},{"type":"Feature","geometry":{"type":"Polygon","coordinates":[[[-82.4423,36.4297],[-82.4424,36.4298],[-82.4422,36.43],[-82.4423,36.4297]]]},"properties":{"name":"Unnamed Lake (43594898)","layer":"nhd_lakes","waterbody_type":"Lake/Pond","area_acres":0.25,"elevation":null,"fcode":39004}},{"type":"Feature","geometry":{"type":"Polygon","coordinates":[[[-82.5376,36.377],[-82.5376,36.3771],[-82.5373,36.3771],[-82.5376,36.377]]]},"properties":{"name":"Unnamed Lake (43595078)","layer":"nhd_lakes","waterbody_type":"Lake/Pond","area_acres":null,"elevation":null,"fcode":39004}},{"type":"Feature","geometry":{"type":"Polygon","coordinates":[[[-82.6717,36.399],[-82.6717,36.3994],[-82.6715,36.399],[-82.6717,36.399]]]},"properties":{"name":"Unnamed Lake (13101955)","layer":"nhd_lakes","waterbody_type":"Lake/Pond","area_acres":0.25,"elevation":null,"fcode":39004}},{"type":"Feature","geometry":{"type":"Polygon","coordinates":[[[-82.6193,36.5385],[-82.6194,36.5387],[-82.6193,36.5387],[-82.6193,36.5385]]]},"properties":{"name":"Unnamed Lake (13880452)","layer":"nhd_lakes","waterbody_type":"Lake/Pond","area_acres":null,"elevation":null,"fcode":39004}},{"type":"Feature","geometry":{"type":"Polygon","coordinates":[[[-82.6189,36.5378],[-82.6191,36.538],[-82.6188,36.5381],[-82.6189,36.5378]]]},"properties":{"name":"Unnamed Lake (13880453)","layer":"nhd_lakes","waterbody_type":"Lake/Pond","area_acres":0.25,"elevation":null,"fcode":39004}},{"type":"Feature","geometry":{"type":"Polygon","coordinates":[[[-82.4931,36.577],[-82.4933,36.5777],[-82.4929,36.5772],[-82.4931,36.577]]]},"properties":{"name":"Unnamed Lake (43594180)","layer":"nhd_lakes","waterbody_type":"Lake/Pond","area_acres":0.49,"elevation":null,"fcode":39004}},{"type":"Feature","geometry":{"type":"Polygon","coordinates":[[[-82.4076,36.5245],[-82.4072,36.5246],[-82.4074,36.5243],[-82.4076,36.5245]]]},"properties":{"name":"Unnamed Lake (43594476)","layer":"nhd_lakes","waterbody_type":"Lake/Pond","area_acres":0.25,"elevation":null,"fcode":39004}},{"type":"Feature","geometry":{"type":"Polygon","coordinates":[[[-82.4828,36.515],[-82.4829,36.5153],[-82.4827,36.5151],[-82.4828,36.515]]]},"properties":{"name":"Unnamed Lake (43594598)","layer":"nhd_lakes","waterbody_type":"Lake/Pond","area_acres":0.25,"elevation":null,"fcode":39004}},{"type":"Feature","geometry":{"type":"Polygon","coordinates":[[[-82.6263,36.6103],[-82.6266,36.6108],[-82.6261,36.6105],[-82.6263,36.6103]]]},"properties":{"name":"Unnamed Lake (43562663)","layer":"nhd_lakes","waterbody_type":"Lake/Pond","area_acres":0.25,"elevation":null,"fcode":39004}},{"type":"Feature","geometry":{"type":"Polygon","coordinates":[[[-82.4214,36.4477],[-82.429,36.4359],[-82.4272,36.4326],[-82.4318,36.436],[-82.4391,36.4334],[-82.4387,36.4402],[-82.432,36.44],[-82.4247,36.4466],[-82.4282,36.4476],[-82.4268,36.4518],[-82.4238,36.4474],[-82.4162,36.4532],[-82.421,36.4584],[-82.4097,36.4503],[-82.4054,36.4553],[-82.4076,36.4585],[-82.4031,36.4599],[-82.4065,36.4637],[-82.4032,36.4643],[-82.4019,36.461],[-82.3934,36.466],[-82.3981,36.4678],[-82.3974,36.4721],[-82.3933,36.4701],[-82.3914,36.4767],[-82.3932,36.4683],[-82.3873,36.4669],[-82.3826,36.4738],[-82.3824,36.4812],[-82.38,36.4789],[-82.3814,36.4693],[-82.3853,36.4663],[-82.3825,36.4624],[-82.3793,36.4621],[-82.3814,36.4661],[-82.3795,36.4695],[-82.3687,36.4658],[-82.3688,36.4776],[-82.3655,36.4793],[-82.3675,36.4751],[-82.363,36.4754],[-82.3619,36.4709],[-82.3564,36.4735],[-82.3606,36.4695],[-82.3582,36.4666],[-82.355,36.4684],[-82.3572,36.4656],[-82.3473,36.4722],[-82.3424,36.4711],[-82.3365,36.4794],[-82.329,36.4788],[-82.3287,36.4822],[-82.3281,36.4794],[-82.3224,36.4801],[-82.3237,36.4887],[-82.3147,36.493],[-82.3075,36.4898],[-82.3007,36.4996],[-82.3066,36.4897],[-82.3148,36.4914],[-82.3182,36.4889],[-82.3143,36.4832],[-82.316,36.4755],[-82.3051,36.478],[-82.2991,36.4766],[-82.3017,36.4749],[-82.3005,36.4714],[-82.2938,36.4728],[-82.282,36.4685],[-82.2626,36.4782],[-82.2758,36.4679],[-82.2888,36.4668],[-82.296,36.4707],[-82.3006,36.4686],[-82.3055,36.4765],[-82.3124,36.4718],[-82.3186,36.473],[-82.3162,36.4821],[-82.3209,36.4875],[-82.3203,36.4796],[-82.3356,36.4743],[-82.3379,36.4682],[-82.3441,36.4675],[-82.3428,36.4654],[-82.3495,36.468],[-82.351,36.4627],[-82.3556,36.4618],[-82.3709,36.4468],[-82.3658,36.4512],[-82.368,36.4546],[-82.3649,36.4539],[-82.3637,36.4581],[-82.358,36.4609],[-82.3587,36.4646],[-82.3631,36.4619],[-82.3604,36.4653],[-82.3643,36.4687],[-82.3644,36.4649],[-82.3732,36.4601],[-82.372,36.4627],[-82.3788,36.4663],[-82.3769,36.4613],[-82.3834,36.4572],[-82.3839,36.4603],[-82.3901,36.4621],[-82.3973,36.4595],[-82.4026,36.4517],[-82.3928,36.4507],[-82.401,36.4503],[-82.3989,36.4477],[-82.4214,36.4477]],[[-82.4384,36.4348],[-82.4379,36.4353],[-82.4383,36.4352],[-82.4384,36.4348]],[[-82.3653,36.4698],[-82.3655,36.4695],[-82.3649,36.4692],[-82.3653,36.4698]],[[-82.3656,36.4718],[-82.3657,36.4713],[-82.3654,36.4715],[-82.3656,36.4718]]]},"properties":{"name":"Boone Lake","layer":"nhd_lakes","waterbody_type":"Lake/Pond","area_acres":2224.3,"elevation":null,"fcode":39004}},{"type":"Feature","geometry":{"type":"Polygon","coordinates":[[[-82.416,36.5412],[-82.4162,36.5415],[-82.416,36.5416],[-82.416,36.5412]]]},"properties":{"name":"Unnamed Lake (43594332)","layer":"nhd_lakes","waterbody_type":"Lake/Pond","area_acres":0.25,"elevation":null,"fcode":39004}},{"type":"Feature","geometry":{"type":"Polygon","coordinates":[[[-82.5537,36.5028],[-82.5538,36.5029],[-82.5535,36.5029],[-82.5537,36.5028]]]},"properties":{"name":"Unnamed Lake (43594674)","layer":"nhd_lakes","waterbody_type":"Lake/Pond","area_acres":null,"elevation":null,"fcode":39004}},{"type":"Feature","geometry":{"type":"Polygon","coordinates":[[[-82.6785,36.459],[-82.6781,36.4588],[-82.6784,36.4587],[-82.6785,36.459]]]},"properties":{"name":"Unnamed Lake (43594888)","layer":"nhd_lakes","waterbody_type":"Lake/Pond","area_acres":0.25,"elevation":null,"fcode":39004}},{"type":"Feature","geometry":{"type":"Polygon","coordinates":[[[-82.6938,36.4932],[-82.6937,36.4935],[-82.6933,36.4934],[-82.6938,36.4932]]]},"properties":{"name":"Unnamed Lake (13880462)","layer":"nhd_lakes","waterbody_type":"Lake/Pond","area_acres":0.25,"elevation":null,"fcode":39004}},{"type":"Feature","geometry":{"type":"Polygon","coordinates":[[[-82.4252,36.5606],[-82.4253,36.5609],[-82.425,36.5608],[-82.4252,36.5606]]]},"properties":{"name":"Unnamed Lake (43594244)","layer":"nhd_lakes","waterbody_type":"Lake/Pond","area_acres":0.25,"elevation":null,"fcode":39004}},{"type":"Feature","geometry":{"type":"Polygon","coordinates":[[[-82.4712,36.5378],[-82.4712,36.5381],[-82.471,36.5379],[-82.4712,36.5378]]]},"properties":{"name":"Unnamed Lake (43594424)","layer":"nhd_lakes","waterbody_type":"Lake/Pond","area_acres":0.25,"elevation":null,"fcode":39004}},{"type":"Feature","geometry":{"type":"Polygon","coordinates":[[[-82.6087,36.4201],[-82.6088,36.4203],[-82.6084,36.4204],[-82.6087,36.4201]]]},"properties":{"name":"Unnamed Lake (43594968)","layer":"nhd_lakes","waterbody_type":"Lake/Pond","area_acres":0.25,"elevation":null,"fcode":39004}},{"type":"Feature","geometry":{"type":"Polygon","coordinates":[[[-82.4852,36.3957],[-82.4853,36.396],[-82.4851,36.396],[-82.4852,36.3957]]]},"properties":{"name":"Unnamed Lake (43595018)","layer":"nhd_lakes","waterbody_type":"Lake/Pond","area_acres":0.25,"elevation":null,"fcode":39004}},{"type":"Feature","geometry":{"type":"Polygon","coordinates":[[[-82.6325,36.5533],[-82.6324,36.5538],[-82.6315,36.5534],[-82.6325,36.5533]]]},"properties":{"name":"Unnamed Lake (13880450)","layer":"nhd_lakes","waterbody_type":"Lake/Pond","area_acres":0.74,"elevation":null,"fcode":39004}},{"type":"Feature","geometry":{"type":"Polygon","coordinates":[[[-82.6322,36.3957],[-82.6329,36.3964],[-82.6324,36.3963],[-82.6322,36.3957]]]},"properties":{"name":"Unnamed Lake (13101955)","layer":"nhd_lakes","waterbody_type":"Lake/Pond","area_acres":0.49,"elevation":null,"fcode":39004}},{"type":"Feature","geometry":{"type":"Polygon","coordinates":[[[-82.6476,36.3879],[-82.6479,36.3882],[-82.6476,36.3882],[-82.6476,36.3879]]]},"properties":{"name":"Unnamed Lake (13101956)","layer":"nhd_lakes","waterbody_type":"Lake/Pond","area_acres":0.25,"elevation":null,"fcode":39004}},{"type":"Feature","geometry":{"type":"Polygon","coordinates":[[[-82.6176,36.5378],[-82.6177,36.538],[-82.6175,36.5381],[-82.6176,36.5378]]]},"properties":{"name":"Unnamed Lake (13880453)","layer":"nhd_lakes","waterbody_type":"Lake/Pond","area_acres":0.25,"elevation":null,"fcode":39004}},{"type":"Feature","geometry":{"type":"Polygon","coordinates":[[[-82.4187,36.4264],[-82.4188,36.4266],[-82.4186,36.4267],[-82.4187,36.4264]]]},"properties":{"name":"Unnamed Lake (89956159)","layer":"nhd_lakes","waterbody_type":"Lake/Pond","area_acres":0.25,"elevation":null,"fcode":39004}},{"type":"Feature","geometry":{"type":"Polygon","coordinates":[[[-82.5647,36.5895],[-82.5648,36.5896],[-82.5647,36.5897],[-82.5647,36.5895]]]},"properties":{"name":"Unnamed Lake (43562679)","layer":"nhd_lakes","waterbody_type":"Lake/Pond","area_acres":null,"elevation":null,"fcode":39004}},{"type":"Feature","geometry":{"type":"Polygon","coordinates":[[[-82.6597,36.5715],[-82.659,36.5722],[-82.659,36.5717],[-82.6597,36.5715]]]},"properties":{"name":"Unnamed Lake (43562701)","layer":"nhd_lakes","waterbody_type":"Lake/Pond","area_acres":1.24,"elevation":null,"fcode":39004}},{"type":"Feature","geometry":{"type":"Polygon","coordinates":[[[-82.6054,36.4216],[-82.6056,36.4214],[-82.6057,36.4215],[-82.6054,36.4216]]]},"properties":{"name":"Unnamed Lake (43594960)","layer":"nhd_lakes","waterbody_type":"Lake/Pond","area_acres":null,"elevation":null,"fcode":39004}},{"type":"Feature","geometry":{"type":"Polygon","coordinates":[[[-82.5139,36.3759],[-82.514,36.3761],[-82.5132,36.3767],[-82.5139,36.3759]]]},"properties":{"name":"Unnamed Lake (43595062)","layer":"nhd_lakes","waterbody_type":"Lake/Pond","area_acres":0.49,"elevation":null,"fcode":39004}},{"type":"Feature","geometry":{"type":"Polygon","coordinates":[[[-82.4123,36.4541],[-82.4127,36.4543],[-82.4121,36.4549],[-82.4123,36.4541]]]},"properties":{"name":"Unnamed Lake (43594808)","layer":"nhd_lakes","waterbody_type":"Lake/Pond","area_acres":0.74,"elevation":null,"fcode":39004}},{"type":"Feature","geometry":{"type":"Polygon","coordinates":[[[-82.5299,36.3771],[-82.53,36.3774],[-82.5298,36.3775],[-82.5299,36.3771]]]},"properties":{"name":"Unnamed Lake (43595070)","layer":"nhd_lakes","waterbody_type":"Lake/Pond","area_acres":0.25,"elevation":null,"fcode":39004}},{"type":"Feature","geometry":{"type":"Polygon","coordinates":[[[-82.6859,36.5393],[-82.6859,36.5396],[-82.6856,36.5395],[-82.6859,36.5393]]]},"properties":{"name":"Unnamed Lake (13880454)","layer":"nhd_lakes","waterbody_type":"Lake/Pond","area_acres":0.25,"elevation":null,"fcode":39004}},{"type":"Feature","geometry":{"type":"Polygon","coordinates":[[[-82.5766,36.3693],[-82.5767,36.3694],[-82.5765,36.3695],[-82.5766,36.3693]]]},"properties":{"name":"Unnamed Lake (13101959)","layer":"nhd_lakes","waterbody_type":"Lake/Pond","area_acres":0.06,"elevation":null,"fcode":39004}},{"type":"Feature","geometry":{"type":"Polygon","coordinates":[[[-82.607,36.633],[-82.6081,36.6342],[-82.6024,36.6334],[-82.607,36.633]]]},"properties":{"name":"Unnamed Lake (43562641)","layer":"nhd_lakes","waterbody_type":"Lake/Pond","area_acres":14.58,"elevation":null,"fcode":39004}},{"type":"Feature","geometry":{"type":"Polygon","coordinates":[[[-82.4439,36.5725],[-82.444,36.5732],[-82.4435,36.5733],[-82.4439,36.5725]]]},"properties":{"name":"Unnamed Lake (43594170)","layer":"nhd_lakes","waterbody_type":"Lake/Pond","area_acres":0.99,"elevation":null,"fcode":39004}},{"type":"Feature","geometry":{"type":"Polygon","coordinates":[[[-82.587,36.4515],[-82.587,36.4518],[-82.5867,36.4518],[-82.587,36.4515]]]},"properties":{"name":"Unnamed Lake (43594886)","layer":"nhd_lakes","waterbody_type":"Lake/Pond","area_acres":0.25,"elevation":null,"fcode":39004}},{"type":"Feature","geometry":{"type":"Polygon","coordinates":[[[-82.5127,36.4332],[-82.5129,36.4335],[-82.5127,36.4336],[-82.5127,36.4332]]]},"properties":{"name":"Unnamed Lake (43594910)","layer":"nhd_lakes","waterbody_type":"Lake/Pond","area_acres":0.25,"elevation":null,"fcode":39004}},{"type":"Feature","geometry":{"type":"Polygon","coordinates":[[[-82.6845,36.5141],[-82.6842,36.5144],[-82.6839,36.5142],[-82.6845,36.5141]]]},"properties":{"name":"Unnamed Lake (13880458)","layer":"nhd_lakes","waterbody_type":"Lake/Pond","area_acres":0.49,"elevation":null,"fcode":39004}},{"type":"Feature","geometry":{"type":"Polygon","coordinates":[[[-82.6602,36.4227],[-82.66,36.4234],[-82.6598,36.4232],[-82.6602,36.4227]]]},"properties":{"name":"Unnamed Lake (43594982)","layer":"nhd_lakes","waterbody_type":"Lake/Pond","area_acres":0.49,"elevation":null,"fcode":39004}},{"type":"Feature","geometry":{"type":"Polygon","coordinates":[[[-82.6229,36.3828],[-82.623,36.3822],[-82.6235,36.3822],[-82.6229,36.3828]]]},"properties":{"name":"Unnamed Lake (13101956)","layer":"nhd_lakes","waterbody_type":"Lake/Pond","area_acres":0.49,"elevation":null,"fcode":39004}},{"type":"Feature","geometry":{"type":"Polygon","coordinates":[[[-82.6163,36.5376],[-82.6161,36.5381],[-82.6159,36.5379],[-82.6163,36.5376]]]},"properties":{"name":"Unnamed Lake (13880452)","layer":"nhd_lakes","waterbody_type":"Lake/Pond","area_acres":0.25,"elevation":null,"fcode":39004}},{"type":"Feature","geometry":{"type":"Polygon","coordinates":[[[-82.5169,36.3724],[-82.5176,36.3722],[-82.5171,36.3727],[-82.5169,36.3724]]]},"properties":{"name":"Unnamed Lake (43595096)","layer":"nhd_lakes","waterbody_type":"Lake/Pond","area_acres":0.49,"elevation":null,"fcode":39004}},{"type":"Feature","geometry":{"type":"Polygon","coordinates":[[[-82.4944,36.5709],[-82.4944,36.5722],[-82.4939,36.5709],[-82.4944,36.5709]]]},"properties":{"name":"Unnamed Lake (43594230)","layer":"nhd_lakes","waterbody_type":"Lake/Pond","area_acres":1.48,"elevation":null,"fcode":39004}},{"type":"Feature","geometry":{"type":"Polygon","coordinates":[[[-82.6606,36.4195],[-82.6597,36.4194],[-82.6597,36.4191],[-82.6606,36.4195]]]},"properties":{"name":"Unnamed Lake (43595002)","layer":"nhd_lakes","waterbody_type":"Lake/Pond","area_acres":0.49,"elevation":null,"fcode":39004}},{"type":"Feature","geometry":{"type":"Polygon","coordinates":[[[-82.4698,36.3975],[-82.4699,36.3977],[-82.4696,36.3977],[-82.4698,36.3975]]]},"properties":{"name":"Unnamed Lake (43595004)","layer":"nhd_lakes","waterbody_type":"Lake/Pond","area_acres":0.25,"elevation":null,"fcode":39004}},{"type":"Feature","geometry":{"type":"Polygon","coordinates":[[[-82.6291,36.3841],[-82.6293,36.3837],[-82.6293,36.3839],[-82.6291,36.3841]]]},"properties":{"name":"Unnamed Lake (13101956)","layer":"nhd_lakes","waterbody_type":"Lake/Pond","area_acres":0.25,"elevation":null,"fcode":39004}},{"type":"Feature","geometry":{"type":"Polygon","coordinates":[[[-82.7035,36.5168],[-82.7038,36.5172],[-82.7033,36.5171],[-82.7035,36.5168]]]},"properties":{"name":"Unnamed Lake (13880458)","layer":"nhd_lakes","waterbody_type":"Lake/Pond","area_acres":0.25,"elevation":null,"fcode":39004}},{"type":"Feature","geometry":{"type":"Polygon","coordinates":[[[-82.603,36.4033],[-82.6031,36.4035],[-82.6028,36.4034],[-82.603,36.4033]]]},"properties":{"name":"Unnamed Lake (43595030)","layer":"nhd_lakes","waterbody_type":"Lake/Pond","area_acres":null,"elevation":null,"fcode":39004}},{"type":"Feature","geometry":{"type":"Polygon","coordinates":[[[-82.6152,36.538],[-82.6151,36.5381],[-82.615,36.538],[-82.6152,36.538]]]},"properties":{"name":"Unnamed Lake (13880452)","layer":"nhd_lakes","waterbody_type":"Lake/Pond","area_acres":null,"elevation":null,"fcode":39004}},{"type":"Feature","geometry":{"type":"Polygon","coordinates":[[[-82.6153,36.5371],[-82.6154,36.5379],[-82.6149,36.5375],[-82.6153,36.5371]]]},"properties":{"name":"Unnamed Lake (13880452)","layer":"nhd_lakes","waterbody_type":"Lake/Pond","area_acres":0.99,"elevation":null,"fcode":39004}},{"type":"Feature","geometry":{"type":"Polygon","coordinates":[[[-82.6549,36.425],[-82.6544,36.4256],[-82.6541,36.4254],[-82.6549,36.425]]]},"properties":{"name":"Unnamed Lake (43594966)","layer":"nhd_lakes","waterbody_type":"Lake/Pond","area_acres":0.49,"elevation":null,"fcode":39004}},{"type":"Feature","geometry":{"type":"Polygon","coordinates":[[[-82.4828,36.4046],[-82.4833,36.4047],[-82.4831,36.4048],[-82.4828,36.4046]]]},"properties":{"name":"Unnamed Lake (43594972)","layer":"nhd_lakes","waterbody_type":"Lake/Pond","area_acres":0.25,"elevation":null,"fcode":39004}},{"type":"Feature","geometry":{"type":"Polygon","coordinates":[[[-82.6941,36.511],[-82.6936,36.5107],[-82.6941,36.5105],[-82.6941,36.511]]]},"properties":{"name":"Unnamed Lake (13880459)","layer":"nhd_lakes","waterbody_type":"Lake/Pond","area_acres":0.56,"elevation":null,"fcode":39004}},{"type":"Feature","geometry":{"type":"Polygon","coordinates":[[[-82.6503,36.5655],[-82.6504,36.5657],[-82.6501,36.5656],[-82.6503,36.5655]]]},"properties":{"name":"Unnamed Lake (43562715)","layer":"nhd_lakes","waterbody_type":"Lake/Pond","area_acres":0.25,"elevation":null,"fcode":39004}},{"type":"Feature","geometry":{"type":"Polygon","coordinates":[[[-82.6237,36.4261],[-82.6245,36.4267],[-82.6241,36.4268],[-82.6237,36.4261]]]},"properties":{"name":"Unnamed Lake (43594950)","layer":"nhd_lakes","waterbody_type":"Lake/Pond","area_acres":0.49,"elevation":null,"fcode":39004}},{"type":"Feature","geometry":{"type":"Polygon","coordinates":[[[-82.6422,36.4148],[-82.6422,36.4146],[-82.6426,36.4147],[-82.6422,36.4148]]]},"properties":{"name":"Unnamed Lake (43595016)","layer":"nhd_lakes","waterbody_type":"Lake/Pond","area_acres":0.25,"elevation":null,"fcode":39004}},{"type":"Feature","geometry":{"type":"Polygon","coordinates":[[[-82.6027,36.4063],[-82.6028,36.4064],[-82.6025,36.4065],[-82.6027,36.4063]]]},"properties":{"name":"Unnamed Lake (43595026)","layer":"nhd_lakes","waterbody_type":"Lake/Pond","area_acres":null,"elevation":null,"fcode":39004}},{"type":"Feature","geometry":{"type":"Polygon","coordinates":[[[-82.7083,36.4962],[-82.7082,36.4965],[-82.7081,36.4964],[-82.7083,36.4962]]]},"properties":{"name":"Unnamed Lake (13880461)","layer":"nhd_lakes","waterbody_type":"Lake/Pond","area_acres":0.25,"elevation":null,"fcode":39004}},{"type":"Feature","geometry":{"type":"Polygon","coordinates":[[[-82.7009,36.5144],[-82.7004,36.5136],[-82.7009,36.5137],[-82.7009,36.5144]]]},"properties":{"name":"Unnamed Lake (13880458)","layer":"nhd_lakes","waterbody_type":"Lake/Pond","area_acres":0.74,"elevation":null,"fcode":39004}},{"type":"Feature","geometry":{"type":"Polygon","coordinates":[[[-82.7018,36.5683],[-82.7018,36.5689],[-82.7014,36.5684],[-82.7018,36.5683]]]},"properties":{"name":"Unnamed Lake (13880450)","layer":"nhd_lakes","waterbody_type":"Lake/Pond","area_acres":0.25,"elevation":null,"fcode":39004}},{"type":"Feature","geometry":{"type":"Polygon","coordinates":[[[-82.4747,36.5695],[-82.4747,36.5702],[-82.4745,36.57],[-82.4747,36.5695]]]},"properties":{"name":"Unnamed Lake (43594228)","layer":"nhd_lakes","waterbody_type":"Lake/Pond","area_acres":0.49,"elevation":null,"fcode":39004}},{"type":"Feature","geometry":{"type":"Polygon","coordinates":[[[-82.6622,36.4351],[-82.6617,36.4346],[-82.6623,36.4347],[-82.6622,36.4351]]]},"properties":{"name":"Unnamed Lake (43594934)","layer":"nhd_lakes","waterbody_type":"Lake/Pond","area_acres":0.49,"elevation":null,"fcode":39004}},{"type":"Feature","geometry":{"type":"Polygon","coordinates":[[[-82.7238,36.5124],[-82.7236,36.5129],[-82.7233,36.5128],[-82.7238,36.5124]]]},"properties":{"name":"Unnamed Lake (13880459)","layer":"nhd_lakes","waterbody_type":"Lake/Pond","area_acres":0.25,"elevation":null,"fcode":39004}},{"type":"Feature","geometry":{"type":"Polygon","coordinates":[[[-82.5164,36.3733],[-82.5167,36.3729],[-82.5169,36.3739],[-82.5164,36.3733]]]},"properties":{"name":"Unnamed Lake (43595088)","layer":"nhd_lakes","waterbody_type":"Lake/Pond","area_acres":0.74,"elevation":null,"fcode":39004}},{"type":"Feature","geometry":{"type":"Polygon","coordinates":[[[-82.6137,36.5577],[-82.6138,36.558],[-82.6135,36.5582],[-82.6137,36.5577]]]},"properties":{"name":"Unnamed Lake (43562725)","layer":"nhd_lakes","waterbody_type":"Lake/Pond","area_acres":0.25,"elevation":null,"fcode":39004}},{"type":"Feature","geometry":{"type":"Polygon","coordinates":[[[-82.4864,36.4017],[-82.4865,36.4018],[-82.4861,36.4019],[-82.4864,36.4017]]]},"properties":{"name":"Unnamed Lake (43594992)","layer":"nhd_lakes","waterbody_type":"Lake/Pond","area_acres":0.25,"elevation":null,"fcode":39004}},{"type":"Feature","geometry":{"type":"Polygon","coordinates":[[[-82.6789,36.4031],[-82.6787,36.4026],[-82.6789,36.4026],[-82.6789,36.4031]]]},"properties":{"name":"Unnamed Lake (13101955)","layer":"nhd_lakes","waterbody_type":"Lake/Pond","area_acres":0.25,"elevation":null,"fcode":39004}},{"type":"Feature","geometry":{"type":"Polygon","coordinates":[[[-82.5992,36.5323],[-82.5993,36.5326],[-82.5989,36.5324],[-82.5992,36.5323]]]},"properties":{"name":"Unnamed Lake (13880453)","layer":"nhd_lakes","waterbody_type":"Lake/Pond","area_acres":0.25,"elevation":null,"fcode":39004}},{"type":"Feature","geometry":{"type":"Polygon","coordinates":[[[-82.4636,36.5996],[-82.4641,36.5995],[-82.4639,36.5997],[-82.4636,36.5996]]]},"properties":{"name":"Unnamed Lake (43562653)","layer":"nhd_lakes","waterbody_type":"Lake/Pond","area_acres":0.25,"elevation":null,"fcode":39004}},{"type":"Feature","geometry":{"type":"Polygon","coordinates":[[[-82.509,36.6097],[-82.5089,36.61],[-82.5086,36.6098],[-82.509,36.6097]]]},"properties":{"name":"Unnamed Lake (43562645)","layer":"nhd_lakes","waterbody_type":"Lake/Pond","area_acres":0.25,"elevation":null,"fcode":39004}},{"type":"Feature","geometry":{"type":"Polygon","coordinates":[[[-82.4272,36.5076],[-82.4277,36.5074],[-82.4278,36.5076],[-82.4272,36.5076]]]},"properties":{"name":"Unnamed Lake (43594604)","layer":"nhd_lakes","waterbody_type":"Lake/Pond","area_acres":0.25,"elevation":null,"fcode":39004}},{"type":"Feature","geometry":{"type":"Polygon","coordinates":[[[-82.6142,36.4746],[-82.6142,36.4742],[-82.6144,36.4747],[-82.6142,36.4746]]]},"properties":{"name":"Unnamed Lake (43594834)","layer":"nhd_lakes","waterbody_type":"Lake/Pond","area_acres":0.25,"elevation":null,"fcode":39004}},{"type":"Feature","geometry":{"type":"Polygon","coordinates":[[[-82.4906,36.4045],[-82.4907,36.4047],[-82.4903,36.4048],[-82.4906,36.4045]]]},"properties":{"name":"Unnamed Lake (43594980)","layer":"nhd_lakes","waterbody_type":"Lake/Pond","area_acres":0.25,"elevation":null,"fcode":39004}},{"type":"Feature","geometry":{"type":"Polygon","coordinates":[[[-82.4379,36.5797],[-82.4388,36.5799],[-82.4382,36.5801],[-82.4379,36.5797]]]},"properties":{"name":"Unnamed Lake (43594134)","layer":"nhd_lakes","waterbody_type":"Lake/Pond","area_acres":0.74,"elevation":null,"fcode":39004}},{"type":"Feature","geometry":{"type":"Polygon","coordinates":[[[-82.4677,36.5723],[-82.4675,36.5719],[-82.4677,36.5719],[-82.4677,36.5723]]]},"properties":{"name":"Unnamed Lake (43594206)","layer":"nhd_lakes","waterbody_type":"Lake/Pond","area_acres":0.25,"elevation":null,"fcode":39004}},{"type":"Feature","geometry":{"type":"Polygon","coordinates":[[[-82.3842,36.5161],[-82.3844,36.5162],[-82.3841,36.5164],[-82.3842,36.5161]]]},"properties":{"name":"Unnamed Lake (43594506)","layer":"nhd_lakes","waterbody_type":"Lake/Pond","area_acres":0.25,"elevation":null,"fcode":39004}},{"type":"Feature","geometry":{"type":"Polygon","coordinates":[[[-82.5527,36.5263],[-82.5536,36.5269],[-82.5529,36.527],[-82.5527,36.5263]]]},"properties":{"name":"Unnamed Lake (43594550)","layer":"nhd_lakes","waterbody_type":"Lake/Pond","area_acres":1.48,"elevation":null,"fcode":39004}},{"type":"Feature","geometry":{"type":"Polygon","coordinates":[[[-82.5852,36.5118],[-82.5852,36.5122],[-82.585,36.512],[-82.5852,36.5118]]]},"properties":{"name":"Unnamed Lake (43594646)","layer":"nhd_lakes","waterbody_type":"Lake/Pond","area_acres":0.25,"elevation":null,"fcode":39004}},{"type":"Feature","geometry":{"type":"Polygon","coordinates":[[[-82.4262,36.4852],[-82.4264,36.4858],[-82.426,36.4855],[-82.4262,36.4852]]]},"properties":{"name":"Unnamed Lake (43594692)","layer":"nhd_lakes","waterbody_type":"Lake/Pond","area_acres":0.25,"elevation":null,"fcode":39004}},{"type":"Feature","geometry":{"type":"Polygon","coordinates":[[[-82.5794,36.4758],[-82.5799,36.4761],[-82.5789,36.4758],[-82.5794,36.4758]]]},"properties":{"name":"Unnamed Lake (43594792)","layer":"nhd_lakes","waterbody_type":"Lake/Pond","area_acres":0.74,"elevation":null,"fcode":39004}},{"type":"Feature","geometry":{"type":"Polygon","coordinates":[[[-82.6078,36.4255],[-82.6079,36.4258],[-82.6076,36.4258],[-82.6078,36.4255]]]},"properties":{"name":"Unnamed Lake (43594944)","layer":"nhd_lakes","waterbody_type":"Lake/Pond","area_acres":0.25,"elevation":null,"fcode":39004}},{"type":"Feature","geometry":{"type":"Polygon","coordinates":[[[-82.5635,36.4055],[-82.5635,36.4059],[-82.563,36.4061],[-82.5635,36.4055]]]},"properties":{"name":"Unnamed Lake (43595012)","layer":"nhd_lakes","waterbody_type":"Lake/Pond","area_acres":0.49,"elevation":null,"fcode":39004}},{"type":"Feature","geometry":{"type":"Polygon","coordinates":[[[-82.6656,36.4065],[-82.6651,36.406],[-82.6652,36.4058],[-82.6656,36.4065]]]},"properties":{"name":"Unnamed Lake (13101955)","layer":"nhd_lakes","waterbody_type":"Lake/Pond","area_acres":0.49,"elevation":null,"fcode":39004}},{"type":"Feature","geometry":{"type":"Polygon","coordinates":[[[-82.6954,36.5182],[-82.6957,36.5186],[-82.6954,36.5187],[-82.6954,36.5182]]]},"properties":{"name":"Unnamed Lake (13880457)","layer":"nhd_lakes","waterbody_type":"Lake/Pond","area_acres":0.25,"elevation":null,"fcode":39004}},{"type":"Feature","geometry":{"type":"Polygon","coordinates":[[[-82.7015,36.5152],[-82.7018,36.5157],[-82.7013,36.5155],[-82.7015,36.5152]]]},"properties":{"name":"Unnamed Lake (13880458)","layer":"nhd_lakes","waterbody_type":"Lake/Pond","area_acres":0.49,"elevation":null,"fcode":39004}},{"type":"Feature","geometry":{"type":"Polygon","coordinates":[[[-82.6649,36.462],[-82.6646,36.4619],[-82.6649,36.4615],[-82.6649,36.462]]]},"properties":{"name":"Unnamed Lake (43594880)","layer":"nhd_lakes","waterbody_type":"Lake/Pond","area_acres":0.25,"elevation":null,"fcode":39004}},{"type":"Feature","geometry":{"type":"Polygon","coordinates":[[[-82.4411,36.4311],[-82.4411,36.4313],[-82.4409,36.4313],[-82.4411,36.4311]]]},"properties":{"name":"Unnamed Lake (43594890)","layer":"nhd_lakes","waterbody_type":"Lake/Pond","area_acres":null,"elevation":null,"fcode":39004}},{"type":"Feature","geometry":{"type":"Polygon","coordinates":[[[-82.6856,36.5211],[-82.6858,36.5212],[-82.6856,36.5215],[-82.6856,36.5211]]]},"properties":{"name":"Unnamed Lake (13880456)","layer":"nhd_lakes","waterbody_type":"Lake/Pond","area_acres":null,"elevation":null,"fcode":39004}},{"type":"Feature","geometry":{"type":"Polygon","coordinates":[[[-82.5265,36.5194],[-82.5264,36.5203],[-82.526,36.5201],[-82.5265,36.5194]]]},"properties":{"name":"Unnamed Lake (43594596)","layer":"nhd_lakes","waterbody_type":"Lake/Pond","area_acres":0.99,"elevation":null,"fcode":39004}},{"type":"Feature","geometry":{"type":"Polygon","coordinates":[[[-82.6469,36.4277],[-82.6471,36.4279],[-82.6467,36.428],[-82.6469,36.4277]]]},"properties":{"name":"Unnamed Lake (43594956)","layer":"nhd_lakes","waterbody_type":"Lake/Pond","area_acres":0.25,"elevation":null,"fcode":39004}},{"type":"Feature","geometry":{"type":"Polygon","coordinates":[[[-82.5651,36.3786],[-82.5654,36.3789],[-82.5648,36.3787],[-82.5651,36.3786]]]},"properties":{"name":"Unnamed Lake (43595086)","layer":"nhd_lakes","waterbody_type":"Lake/Pond","area_acres":0.49,"elevation":null,"fcode":39004}},{"type":"Feature","geometry":{"type":"Polygon","coordinates":[[[-82.5551,36.5307],[-82.5561,36.5313],[-82.5554,36.5314],[-82.5551,36.5307]]]},"properties":{"name":"Unnamed Lake (43594532)","layer":"nhd_lakes","waterbody_type":"Lake/Pond","area_acres":1.24,"elevation":null,"fcode":39004}},{"type":"Feature","geometry":{"type":"Polygon","coordinates":[[[-82.5443,36.5166],[-82.5444,36.517],[-82.5437,36.5172],[-82.5443,36.5166]]]},"properties":{"name":"Unnamed Lake (43594614)","layer":"nhd_lakes","waterbody_type":"Lake/Pond","area_acres":0.74,"elevation":null,"fcode":39004}},{"type":"Feature","geometry":{"type":"Polygon","coordinates":[[[-82.7308,36.5498],[-82.7309,36.5506],[-82.7306,36.5501],[-82.7308,36.5498]]]},"properties":{"name":"Unnamed Lake (13880453)","layer":"nhd_lakes","waterbody_type":"Lake/Pond","area_acres":0.74,"elevation":null,"fcode":39004}},{"type":"Feature","geometry":{"type":"Polygon","coordinates":[[[-82.5224,36.3722],[-82.5224,36.372],[-82.5229,36.3721],[-82.5224,36.3722]]]},"properties":{"name":"Unnamed Lake (43595102)","layer":"nhd_lakes","waterbody_type":"Lake/Pond","area_acres":0.25,"elevation":null,"fcode":39004}},{"type":"Feature","geometry":{"type":"Polygon","coordinates":[[[-82.5706,36.6112],[-82.5706,36.6119],[-82.5703,36.6115],[-82.5706,36.6112]]]},"properties":{"name":"Unnamed Lake (43562651)","layer":"nhd_lakes","waterbody_type":"Lake/Pond","area_acres":0.49,"elevation":null,"fcode":39004}},{"type":"Feature","geometry":{"type":"Polygon","coordinates":[[[-82.6439,36.591],[-82.6443,36.5911],[-82.6435,36.5919],[-82.6439,36.591]]]},"properties":{"name":"Unnamed Lake (43562683)","layer":"nhd_lakes","waterbody_type":"Lake/Pond","area_acres":0.99,"elevation":null,"fcode":39004}},{"type":"Feature","geometry":{"type":"Polygon","coordinates":[[[-82.3939,36.476],[-82.3944,36.4762],[-82.3938,36.4762],[-82.3939,36.476]]]},"properties":{"name":"Unnamed Lake (43594716)","layer":"nhd_lakes","waterbody_type":"Lake/Pond","area_acres":0.25,"elevation":null,"fcode":39004}},{"type":"Feature","geometry":{"type":"Polygon","coordinates":[[[-82.6853,36.5191],[-82.6854,36.5198],[-82.685,36.5193],[-82.6853,36.5191]]]},"properties":{"name":"Unnamed Lake (13880456)","layer":"nhd_lakes","waterbody_type":"Lake/Pond","area_acres":0.74,"elevation":null,"fcode":39004}},{"type":"Feature","geometry":{"type":"Polygon","coordinates":[[[-82.6881,36.5067],[-82.6881,36.5068],[-82.6879,36.5067],[-82.6881,36.5067]]]},"properties":{"name":"Unnamed Lake (13880459)","layer":"nhd_lakes","waterbody_type":"Lake/Pond","area_acres":null,"elevation":null,"fcode":39004}},{"type":"Feature","geometry":{"type":"Polygon","coordinates":[[[-82.4168,36.5397],[-82.4167,36.5399],[-82.4166,36.5399],[-82.4168,36.5397]]]},"properties":{"name":"Unnamed Lake (43594340)","layer":"nhd_lakes","waterbody_type":"Lake/Pond","area_acres":null,"elevation":null,"fcode":39004}},{"type":"Feature","geometry":{"type":"Polygon","coordinates":[[[-82.6046,36.5494],[-82.6048,36.5496],[-82.6044,36.5497],[-82.6046,36.5494]]]},"properties":{"name":"Unnamed Lake (43594452)","layer":"nhd_lakes","waterbody_type":"Lake/Pond","area_acres":0.25,"elevation":null,"fcode":39004}},{"type":"Feature","geometry":{"type":"Polygon","coordinates":[[[-82.3941,36.5244],[-82.3941,36.5247],[-82.3938,36.5244],[-82.3941,36.5244]]]},"properties":{"name":"Unnamed Lake (43594460)","layer":"nhd_lakes","waterbody_type":"Lake/Pond","area_acres":0.25,"elevation":null,"fcode":39004}},{"type":"Feature","geometry":{"type":"Polygon","coordinates":[[[-82.5733,36.4894],[-82.5735,36.4896],[-82.5732,36.4895],[-82.5733,36.4894]]]},"properties":{"name":"Unnamed Lake (43594740)","layer":"nhd_lakes","waterbody_type":"Lake/Pond","area_acres":null,"elevation":null,"fcode":39004}},{"type":"Feature","geometry":{"type":"Polygon","coordinates":[[[-82.5982,36.488],[-82.5978,36.4873],[-82.5983,36.4878],[-82.5982,36.488]]]},"properties":{"name":"Unnamed Lake (43594768)","layer":"nhd_lakes","waterbody_type":"Lake/Pond","area_acres":0.49,"elevation":null,"fcode":39004}},{"type":"Feature","geometry":{"type":"Polygon","coordinates":[[[-82.4549,36.4609],[-82.4553,36.4605],[-82.4567,36.46],[-82.4549,36.4609]]]},"properties":{"name":"Unnamed Lake (43594794)","layer":"nhd_lakes","waterbody_type":"Lake/Pond","area_acres":0.49,"elevation":null,"fcode":39004}},{"type":"Feature","geometry":{"type":"Polygon","coordinates":[[[-82.5935,36.3964],[-82.5937,36.3967],[-82.5933,36.3967],[-82.5935,36.3964]]]},"properties":{"name":"Unnamed Lake (43595034)","layer":"nhd_lakes","waterbody_type":"Lake/Pond","area_acres":0.25,"elevation":null,"fcode":39004}},{"type":"Feature","geometry":{"type":"Polygon","coordinates":[[[-82.7371,36.5017],[-82.7369,36.5019],[-82.737,36.5017],[-82.7371,36.5017]]]},"properties":{"name":"Unnamed Lake (13880461)","layer":"nhd_lakes","waterbody_type":"Lake/Pond","area_acres":null,"elevation":null,"fcode":39004}},{"type":"Feature","geometry":{"type":"Polygon","coordinates":[[[-82.7299,36.5123],[-82.7295,36.5129],[-82.729,36.5128],[-82.7299,36.5123]]]},"properties":{"name":"Unnamed Lake (13880459)","layer":"nhd_lakes","waterbody_type":"Lake/Pond","area_acres":0.74,"elevation":null,"fcode":39004}},{"type":"Feature","geometry":{"type":"Polygon","coordinates":[[[-82.6183,36.5331],[-82.6185,36.5338],[-82.618,36.5334],[-82.6183,36.5331]]]},"properties":{"name":"Unnamed Lake (13880453)","layer":"nhd_lakes","waterbody_type":"Lake/Pond","area_acres":0.74,"elevation":null,"fcode":39004}},{"type":"Feature","geometry":{"type":"Polygon","coordinates":[[[-82.5682,36.5253],[-82.5729,36.5306],[-82.5665,36.5285],[-82.5682,36.5253]]]},"properties":{"name":"Unnamed Lake ({837C698)","layer":"nhd_lakes","waterbody_type":"Lake/Pond","area_acres":17.77,"elevation":null,"fcode":39011}},{"type":"Feature","geometry":{"type":"Polygon","coordinates":[[[-82.4749,36.4071],[-82.4733,36.4067],[-82.474,36.4063],[-82.4749,36.4071]]]},"properties":{"name":"Unnamed Lake ({A729A12)","layer":"nhd_lakes","waterbody_type":"Lake/Pond","area_acres":2.63,"elevation":null,"fcode":39011}},{"type":"Feature","geometry":{"type":"Polygon","coordinates":[[[-82.4247,36.49],[-82.4243,36.4915],[-82.423,36.4912],[-82.4247,36.49]]]},"properties":{"name":"Unnamed Lake ({D456067)","layer":"nhd_lakes","waterbody_type":"Lake/Pond","area_acres":6.39,"elevation":null,"fcode":39011}},{"type":"Feature","geometry":{"type":"Polygon","coordinates":[[[-82.5727,36.5466],[-82.5727,36.5469],[-82.5724,36.5468],[-82.5727,36.5466]]]},"properties":{"name":"Unnamed Reservoir (43594438)","layer":"nhd_reservoirs","waterbody_type":"Reservoir","area_acres":0.25,"elevation":null,"fcode":43624}},{"type":"Feature","geometry":{"type":"Polygon","coordinates":[[[-82.5747,36.5509],[-82.5748,36.5512],[-82.5744,36.5512],[-82.5747,36.5509]]]},"properties":{"name":"Unnamed Reservoir (43594384)","layer":"nhd_reservoirs","waterbody_type":"Reservoir","area_acres":0.25,"elevation":null,"fcode":43624}},{"type":"Feature","geometry":{"type":"Polygon","coordinates":[[[-82.5647,36.5221],[-82.564,36.5224],[-82.564,36.5221],[-82.5647,36.5221]]]},"properties":{"name":"Unnamed Reservoir (43594610)","layer":"nhd_reservoirs","waterbody_type":"Reservoir","area_acres":0.49,"elevation":null,"fcode":43625}},{"type":"Feature","geometry":{"type":"Polygon","coordinates":[[[-82.6138,36.5282],[-82.6138,36.5288],[-82.6137,36.5282],[-82.6138,36.5282]]]},"properties":{"name":"Unnamed Reservoir (13880454)","layer":"nhd_reservoirs","waterbody_type":"Reservoir","area_acres":0.25,"elevation":null,"fcode":43612}},{"type":"Feature","geometry":{"type":"Polygon","coordinates":[[[-82.5733,36.5495],[-82.5734,36.5496],[-82.5732,36.5498],[-82.5733,36.5495]]]},"properties":{"name":"Unnamed Reservoir (43594418)","layer":"nhd_reservoirs","waterbody_type":"Reservoir","area_acres":null,"elevation":null,"fcode":43624}},{"type":"Feature","geometry":{"type":"Polygon","coordinates":[[[-82.5749,36.5502],[-82.5749,36.5505],[-82.5746,36.5504],[-82.5749,36.5502]]]},"properties":{"name":"Unnamed Reservoir (43594404)","layer":"nhd_reservoirs","waterbody_type":"Reservoir","area_acres":0.25,"elevation":null,"fcode":43624}},{"type":"Feature","geometry":{"type":"Polygon","coordinates":[[[-82.5758,36.5513],[-82.5759,36.5514],[-82.5757,36.5515],[-82.5758,36.5513]]]},"properties":{"name":"Unnamed Reservoir (43594382)","layer":"nhd_reservoirs","waterbody_type":"Reservoir","area_acres":0.25,"elevation":null,"fcode":43624}},{"type":"Feature","geometry":{"type":"Polygon","coordinates":[[[-82.5738,36.55],[-82.5742,36.5504],[-82.5736,36.5502],[-82.5738,36.55]]]},"properties":{"name":"Unnamed Reservoir (43594402)","layer":"nhd_reservoirs","waterbody_type":"Reservoir","area_acres":0.25,"elevation":null,"fcode":43624}},{"type":"Feature","geometry":{"type":"Polygon","coordinates":[[[-82.5776,36.5442],[-82.5811,36.5466],[-82.5791,36.5487],[-82.5776,36.5442]]]},"properties":{"name":"Unnamed Reservoir (43594430)","layer":"nhd_reservoirs","waterbody_type":"Reservoir","area_acres":27.43,"elevation":null,"fcode":43625}},{"type":"Feature","geometry":{"type":"Polygon","coordinates":[[[-82.5751,36.5504],[-82.5755,36.5507],[-82.5752,36.5509],[-82.5751,36.5504]]]},"properties":{"name":"Unnamed Reservoir (43594398)","layer":"nhd_reservoirs","waterbody_type":"Reservoir","area_acres":0.25,"elevation":null,"fcode":43624}},{"type":"Feature","geometry":{"type":"Polygon","coordinates":[[[-82.588,36.5457],[-82.5881,36.5471],[-82.5873,36.5466],[-82.588,36.5457]]]},"properties":{"name":"Unnamed Reservoir (43594456)","layer":"nhd_reservoirs","waterbody_type":"Reservoir","area_acres":2.97,"elevation":null,"fcode":43625}},{"type":"Feature","geometry":{"type":"Polygon","coordinates":[[[-82.5606,36.5295],[-82.5614,36.533],[-82.5589,36.5308],[-82.5606,36.5295]]]},"properties":{"name":"Unnamed Reservoir (43594528)","layer":"nhd_reservoirs","waterbody_type":"Reservoir","area_acres":19.52,"elevation":null,"fcode":43625}},{"type":"Feature","geometry":{"type":"Polygon","coordinates":[[[-82.5751,36.55],[-82.5753,36.5501],[-82.5751,36.5503],[-82.5751,36.55]]]},"properties":{"name":"Unnamed Reservoir (43594408)","layer":"nhd_reservoirs","waterbody_type":"Reservoir","area_acres":0.25,"elevation":null,"fcode":43624}},{"type":"Feature","geometry":{"type":"Polygon","coordinates":[[[-82.5746,36.5499],[-82.5747,36.5501],[-82.5744,36.5502],[-82.5746,36.5499]]]},"properties":{"name":"Unnamed Reservoir (43594412)","layer":"nhd_reservoirs","waterbody_type":"Reservoir","area_acres":0.25,"elevation":null,"fcode":43624}},{"type":"Feature","geometry":{"type":"Polygon","coordinates":[[[-82.6141,36.5305],[-82.6142,36.5307],[-82.6139,36.5308],[-82.6141,36.5305]]]},"properties":{"name":"Unnamed Reservoir (13880454)","layer":"nhd_reservoirs","waterbody_type":"Reservoir","area_acres":0.25,"elevation":null,"fcode":43612}},{"type":"Feature","geometry":{"type":"Polygon","coordinates":[[[-82.564,36.5332],[-82.5668,36.5359],[-82.5652,36.537],[-82.564,36.5332]]]},"properties":{"name":"Unnamed Reservoir (43594504)","layer":"nhd_reservoirs","waterbody_type":"Reservoir","area_acres":17.54,"elevation":null,"fcode":43625}},{"type":"Feature","geometry":{"type":"Polygon","coordinates":[[[-82.5742,36.5495],[-82.5741,36.5498],[-82.5739,36.5496],[-82.5742,36.5495]]]},"properties":{"name":"Unnamed Reservoir (43594422)","layer":"nhd_reservoirs","waterbody_type":"Reservoir","area_acres":0.25,"elevation":null,"fcode":43624}},{"type":"Feature","geometry":{"type":"Polygon","coordinates":[[[-82.5735,36.5498],[-82.5735,36.55],[-82.5734,36.5499],[-82.5735,36.5498]]]},"properties":{"name":"Unnamed Reservoir (43594416)","layer":"nhd_reservoirs","waterbody_type":"Reservoir","area_acres":0.25,"elevation":null,"fcode":43624}},{"type":"Feature","geometry":{"type":"Polygon","coordinates":[[[-82.5729,36.5498],[-82.573,36.5501],[-82.5728,36.55],[-82.5729,36.5498]]]},"properties":{"name":"Unnamed Reservoir (43594410)","layer":"nhd_reservoirs","waterbody_type":"Reservoir","area_acres":0.25,"elevation":null,"fcode":43624}},{"type":"Feature","geometry":{"type":"LineString","coordinates":[[-82.6892,36.414],[-82.6844,36.4105]]},"properties":{"name":"Unnamed Stream","layer":"nhd_perennial_streams","stream_type":"Perennial Stream","length_miles":null,"flow_direction":"","reach_code":""}},{"type":"Feature","geometry":{"type":"LineString","coordinates":[[-82.5259,36.4529],[-82.5223,36.4585]]},"properties":{"name":"Unnamed Stream","layer":"nhd_perennial_streams","stream_type":"Perennial Stream","length_miles":null,"flow_direction":"","reach_code":""}},{"type":"Feature","geometry":{"type":"LineString","coordinates":[[-82.5977,36.4874],[-82.5901,36.4847]]},"properties":{"name":"Unnamed Stream","layer":"nhd_perennial_streams","stream_type":"Perennial Stream","length_miles":null,"flow_direction":"","reach_code":""}},{"type":"Feature","geometry":{"type":"LineString","coordinates":[[-82.4,36.5467],[-82.4172,36.5412]]},"properties":{"name":"Unnamed Stream","layer":"nhd_perennial_streams","stream_type":"Perennial Stream","length_miles":null,"flow_direction":"","reach_code":""}},{"type":"Feature","geometry":{"type":"LineString","coordinates":[[-82.4581,36.5626],[-82.4692,36.5579]]},"properties":{"name":"Unnamed Stream","layer":"nhd_perennial_streams","stream_type":"Perennial Stream","length_miles":null,"flow_direction":"","reach_code":""}},{"type":"Feature","geometry":{"type":"LineString","coordinates":[[-82.6271,36.4535],[-82.6262,36.4498]]},"properties":{"name":"Unnamed Stream","layer":"nhd_perennial_streams","stream_type":"Perennial Stream","length_miles":null,"flow_direction":"","reach_code":""}},{"type":"Feature","geometry":{"type":"LineString","coordinates":[[-82.6673,36.6261],[-82.6669,36.6239]]},"properties":{"name":"Unnamed Stream","layer":"nhd_perennial_streams","stream_type":"Perennial Stream","length_miles":null,"flow_direction":"","reach_code":""}},{"type":"Feature","geometry":{"type":"LineString","coordinates":[[-82.6761,36.4657],[-82.6728,36.4638]]},"properties":{"name":"Unnamed Stream","layer":"nhd_perennial_streams","stream_type":"Perennial Stream","length_miles":null,"flow_direction":"","reach_code":""}},{"type":"Feature","geometry":{"type":"LineString","coordinates":[[-82.5172,36.4415],[-82.5021,36.4505]]},"properties":{"name":"Unnamed Stream","layer":"nhd_perennial_streams","stream_type":"Perennial Stream","length_miles":null,"flow_direction":"","reach_code":""}},{"type":"Feature","geometry":{"type":"LineString","coordinates":[[-82.5333,36.4516],[-82.5268,36.4522]]},"properties":{"name":"Unnamed Stream","layer":"nhd_perennial_streams","stream_type":"Perennial Stream","length_miles":null,"flow_direction":"","reach_code":""}},{"type":"Feature","geometry":{"type":"LineString","coordinates":[[-82.5952,36.626],[-82.5961,36.6273]]},"properties":{"name":"Unnamed Stream","layer":"nhd_perennial_streams","stream_type":"Perennial Stream","length_miles":null,"flow_direction":"","reach_code":""}},{"type":"Feature","geometry":{"type":"LineString","coordinates":[[-82.6494,36.4607],[-82.6502,36.4615]]},"properties":{"name":"Unnamed Stream","layer":"nhd_perennial_streams","stream_type":"Perennial Stream","length_miles":null,"flow_direction":"","reach_code":""}},{"type":"Feature","geometry":{"type":"LineString","coordinates":[[-82.7043,36.4874],[-82.7014,36.4905]]},"properties":{"name":"Unnamed Stream","layer":"nhd_perennial_streams","stream_type":"Perennial Stream","length_miles":null,"flow_direction":"","reach_code":""}},{"type":"Feature","geometry":{"type":"LineString","coordinates":[[-82.6912,36.4775],[-82.6961,36.4767]]},"properties":{"name":"Unnamed Stream","layer":"nhd_perennial_streams","stream_type":"Perennial Stream","length_miles":null,"flow_direction":"","reach_code":""}},{"type":"Feature","geometry":{"type":"LineString","coordinates":[[-82.707,36.4946],[-82.7037,36.4957]]},"properties":{"name":"Unnamed Stream","layer":"nhd_perennial_streams","stream_type":"Perennial Stream","length_miles":null,"flow_direction":"","reach_code":""}},{"type":"Feature","geometry":{"type":"LineString","coordinates":[[-82.5096,36.3711],[-82.5134,36.3694]]},"properties":{"name":"Unnamed Stream","layer":"nhd_perennial_streams","stream_type":"Perennial Stream","length_miles":null,"flow_direction":"","reach_code":""}},{"type":"Feature","geometry":{"type":"LineString","coordinates":[[-82.5617,36.3731],[-82.5685,36.3658]]},"properties":{"name":"Unnamed Stream","layer":"nhd_perennial_streams","stream_type":"Perennial Stream","length_miles":null,"flow_direction":"","reach_code":""}},{"type":"Feature","geometry":{"type":"LineString","coordinates":[[-82.5747,36.4256],[-82.5631,36.4239]]},"properties":{"name":"Unnamed Stream","layer":"nhd_perennial_streams","stream_type":"Perennial Stream","length_miles":null,"flow_direction":"","reach_code":""}},{"type":"Feature","geometry":{"type":"LineString","coordinates":[[-82.5422,36.521],[-82.5462,36.5255]]},"properties":{"name":"Unnamed Stream","layer":"nhd_perennial_streams","stream_type":"Perennial Stream","length_miles":null,"flow_direction":"","reach_code":""}},{"type":"Feature","geometry":{"type":"LineString","coordinates":[[-82.6117,36.4529],[-82.6083,36.4543]]},"properties":{"name":"Unnamed Stream","layer":"nhd_perennial_streams","stream_type":"Perennial Stream","length_miles":null,"flow_direction":"","reach_code":""}},{"type":"Feature","geometry":{"type":"LineString","coordinates":[[-82.6491,36.4216],[-82.6503,36.4198]]},"properties":{"name":"Unnamed Stream","layer":"nhd_perennial_streams","stream_type":"Perennial Stream","length_miles":null,"flow_direction":"","reach_code":""}},{"type":"Feature","geometry":{"type":"LineString","coordinates":[[-82.5885,36.6325],[-82.5876,36.6326]]},"properties":{"name":"Unnamed Stream","layer":"nhd_perennial_streams","stream_type":"Perennial Stream","length_miles":null,"flow_direction":"","reach_code":""}},{"type":"Feature","geometry":{"type":"LineString","coordinates":[[-82.6242,36.6316],[-82.6189,36.6312]]},"properties":{"name":"Unnamed Stream","layer":"nhd_perennial_streams","stream_type":"Perennial Stream","length_miles":null,"flow_direction":"","reach_code":""}},{"type":"Feature","geometry":{"type":"LineString","coordinates":[[-82.5925,36.6325],[-82.5912,36.6322]]},"properties":{"name":"Unnamed Stream","layer":"nhd_perennial_streams","stream_type":"Perennial Stream","length_miles":null,"flow_direction":"","reach_code":""}},{"type":"Feature","geometry":{"type":"LineString","coordinates":[[-82.6521,36.425],[-82.6512,36.4227]]},"properties":{"name":"Unnamed Stream","layer":"nhd_perennial_streams","stream_type":"Perennial Stream","length_miles":null,"flow_direction":"","reach_code":""}},{"type":"Feature","geometry":{"type":"LineString","coordinates":[[-82.5956,36.4175],[-82.6046,36.422]]},"properties":{"name":"Unnamed Stream","layer":"nhd_perennial_streams","stream_type":"Perennial Stream","length_miles":null,"flow_direction":"","reach_code":""}},{"type":"Feature","geometry":{"type":"LineString","coordinates":[[-82.473,36.4758],[-82.4756,36.4771]]},"properties":{"name":"Unnamed Stream","layer":"nhd_perennial_streams","stream_type":"Perennial Stream","length_miles":null,"flow_direction":"","reach_code":""}},{"type":"Feature","geometry":{"type":"LineString","coordinates":[[-82.6452,36.4773],[-82.6434,36.4746]]},"properties":{"name":"Unnamed Stream","layer":"nhd_perennial_streams","stream_type":"Perennial Stream","length_miles":null,"flow_direction":"","reach_code":""}},{"type":"Feature","geometry":{"type":"LineString","coordinates":[[-82.5912,36.4973],[-82.5859,36.5005]]},"properties":{"name":"Unnamed Stream","layer":"nhd_perennial_streams","stream_type":"Perennial Stream","length_miles":null,"flow_direction":"","reach_code":""}},{"type":"Feature","geometry":{"type":"LineString","coordinates":[[-82.4772,36.6142],[-82.4752,36.6187]]},"properties":{"name":"Unnamed Stream","layer":"nhd_perennial_streams","stream_type":"Perennial Stream","length_miles":null,"flow_direction":"","reach_code":""}},{"type":"Feature","geometry":{"type":"LineString","coordinates":[[-82.3815,36.5564],[-82.3878,36.549]]},"properties":{"name":"Unnamed Stream","layer":"nhd_perennial_streams","stream_type":"Perennial Stream","length_miles":null,"flow_direction":"","reach_code":""}},{"type":"Feature","geometry":{"type":"LineString","coordinates":[[-82.6725,36.4507],[-82.6717,36.4513]]},"properties":{"name":"Unnamed Stream","layer":"nhd_perennial_streams","stream_type":"Perennial Stream","length_miles":null,"flow_direction":"","reach_code":""}},{"type":"Feature","geometry":{"type":"LineString","coordinates":[[-82.5528,36.3785],[-82.5476,36.3793]]},"properties":{"name":"Unnamed Stream","layer":"nhd_perennial_streams","stream_type":"Perennial Stream","length_miles":null,"flow_direction":"","reach_code":""}},{"type":"Feature","geometry":{"type":"LineString","coordinates":[[-82.426,36.5536],[-82.4257,36.5515]]},"properties":{"name":"Unnamed Stream","layer":"nhd_perennial_streams","stream_type":"Perennial Stream","length_miles":null,"flow_direction":"","reach_code":""}},{"type":"Feature","geometry":{"type":"LineString","coordinates":[[-82.5654,36.379],[-82.5698,36.382]]},"properties":{"name":"Unnamed Stream","layer":"nhd_perennial_streams","stream_type":"Perennial Stream","length_miles":null,"flow_direction":"","reach_code":""}},{"type":"Feature","geometry":{"type":"LineString","coordinates":[[-82.4933,36.5916],[-82.4942,36.5872]]},"properties":{"name":"Unnamed Stream","layer":"nhd_perennial_streams","stream_type":"Perennial Stream","length_miles":null,"flow_direction":"","reach_code":""}},{"type":"Feature","geometry":{"type":"LineString","coordinates":[[-82.691,36.4429],[-82.6937,36.4414]]},"properties":{"name":"Unnamed Stream","layer":"nhd_perennial_streams","stream_type":"Perennial Stream","length_miles":null,"flow_direction":"","reach_code":""}},{"type":"Feature","geometry":{"type":"LineString","coordinates":[[-82.6713,36.4973],[-82.6731,36.5003]]},"properties":{"name":"Unnamed Stream","layer":"nhd_perennial_streams","stream_type":"Perennial Stream","length_miles":null,"flow_direction":"","reach_code":""}},{"type":"Feature","geometry":{"type":"LineString","coordinates":[[-82.7134,36.4676],[-82.7084,36.4713]]},"properties":{"name":"Unnamed Stream","layer":"nhd_perennial_streams","stream_type":"Perennial Stream","length_miles":null,"flow_direction":"","reach_code":""}},{"type":"Feature","geometry":{"type":"LineString","coordinates":[[-82.6164,36.3823],[-82.6211,36.3799]]},"properties":{"name":"Unnamed Stream","layer":"nhd_perennial_streams","stream_type":"Perennial Stream","length_miles":null,"flow_direction":"","reach_code":""}},{"type":"Feature","geometry":{"type":"LineString","coordinates":[[-82.6904,36.4482],[-82.6903,36.4482]]},"properties":{"name":"Unnamed Stream","layer":"nhd_perennial_streams","stream_type":"Perennial Stream","length_miles":null,"flow_direction":"","reach_code":""}},{"type":"Feature","geometry":{"type":"LineString","coordinates":[[-82.6661,36.3931],[-82.6717,36.3934]]},"properties":{"name":"Unnamed Stream","layer":"nhd_perennial_streams","stream_type":"Perennial Stream","length_miles":null,"flow_direction":"","reach_code":""}},{"type":"Feature","geometry":{"type":"LineString","coordinates":[[-82.5392,36.3666],[-82.534,36.3659]]},"properties":{"name":"Unnamed Stream","layer":"nhd_perennial_streams","stream_type":"Perennial Stream","length_miles":null,"flow_direction":"","reach_code":""}},{"type":"Feature","geometry":{"type":"LineString","coordinates":[[-82.4049,36.5017],[-82.3988,36.5007]]},"properties":{"name":"Unnamed Stream","layer":"nhd_perennial_streams","stream_type":"Perennial Stream","length_miles":null,"flow_direction":"","reach_code":""}},{"type":"Feature","geometry":{"type":"LineString","coordinates":[[-82.5977,36.6147],[-82.5843,36.6123]]},"properties":{"name":"Unnamed Stream","layer":"nhd_perennial_streams","stream_type":"Perennial Stream","length_miles":null,"flow_direction":"","reach_code":""}},{"type":"Feature","geometry":{"type":"LineString","coordinates":[[-82.6395,36.4301],[-82.6382,36.4312]]},"properties":{"name":"Unnamed Stream","layer":"nhd_perennial_streams","stream_type":"Perennial Stream","length_miles":null,"flow_direction":"","reach_code":""}},{"type":"Feature","geometry":{"type":"LineString","coordinates":[[-82.5815,36.6156],[-82.5843,36.6123]]},"properties":{"name":"Unnamed Stream","layer":"nhd_perennial_streams","stream_type":"Perennial Stream","length_miles":null,"flow_direction":"","reach_code":""}},{"type":"Feature","geometry":{"type":"LineString","coordinates":[[-82.5403,36.6176],[-82.5351,36.6141]]},"properties":{"name":"Unnamed Stream","layer":"nhd_perennial_streams","stream_type":"Perennial Stream","length_miles":null,"flow_direction":"","reach_code":""}},{"type":"Feature","geometry":{"type":"LineString","coordinates":[[-82.4611,36.626],[-82.4595,36.6278]]},"properties":{"name":"Unnamed Stream","layer":"nhd_perennial_streams","stream_type":"Perennial Stream","length_miles":null,"flow_direction":"","reach_code":""}},{"type":"Feature","geometry":{"type":"LineString","coordinates":[[-82.6807,36.4725],[-82.6849,36.4715]]},"properties":{"name":"Unnamed Stream","layer":"nhd_perennial_streams","stream_type":"Perennial Stream","length_miles":null,"flow_direction":"","reach_code":""}},{"type":"Feature","geometry":{"type":"LineString","coordinates":[[-82.4549,36.6142],[-82.4596,36.618],[-82.464,36.6117]]},"properties":{"name":"Unnamed Stream","layer":"nhd_perennial_streams","stream_type":"Perennial Stream","length_miles":null,"flow_direction":"","reach_code":""}},{"type":"Feature","geometry":{"type":"LineString","coordinates":[[-82.6523,36.4663],[-82.6506,36.4669]]},"properties":{"name":"Unnamed Stream","layer":"nhd_perennial_streams","stream_type":"Perennial Stream","length_miles":null,"flow_direction":"","reach_code":""}},{"type":"Feature","geometry":{"type":"LineString","coordinates":[[-82.4071,36.5411],[-82.4164,36.5408]]},"properties":{"name":"Unnamed Stream","layer":"nhd_perennial_streams","stream_type":"Perennial Stream","length_miles":null,"flow_direction":"","reach_code":""}},{"type":"Feature","geometry":{"type":"LineString","coordinates":[[-82.6971,36.4193],[-82.6974,36.4212]]},"properties":{"name":"Unnamed Stream","layer":"nhd_perennial_streams","stream_type":"Perennial Stream","length_miles":null,"flow_direction":"","reach_code":""}},{"type":"Feature","geometry":{"type":"LineString","coordinates":[[-82.6806,36.4235],[-82.6828,36.4264]]},"properties":{"name":"Unnamed Stream","layer":"nhd_perennial_streams","stream_type":"Perennial Stream","length_miles":null,"flow_direction":"","reach_code":""}},{"type":"Feature","geometry":{"type":"LineString","coordinates":[[-82.4471,36.4002],[-82.444,36.4041],[-82.4407,36.4024],[-82.4377,36.4047]]},"properties":{"name":"Unnamed Stream","layer":"nhd_perennial_streams","stream_type":"Perennial Stream","length_miles":null,"flow_direction":"","reach_code":""}},{"type":"Feature","geometry":{"type":"LineString","coordinates":[[-82.6614,36.6195],[-82.6545,36.6186]]},"properties":{"name":"Unnamed Stream","layer":"nhd_perennial_streams","stream_type":"Perennial Stream","length_miles":null,"flow_direction":"","reach_code":""}},{"type":"Feature","geometry":{"type":"LineString","coordinates":[[-82.5974,36.6165],[-82.5977,36.6147]]},"properties":{"name":"Unnamed Stream","layer":"nhd_perennial_streams","stream_type":"Perennial Stream","length_miles":null,"flow_direction":"","reach_code":""}},{"type":"Feature","geometry":{"type":"LineString","coordinates":[[-82.6079,36.6472],[-82.6045,36.6457]]},"properties":{"name":"Unnamed Stream","layer":"nhd_perennial_streams","stream_type":"Perennial Stream","length_miles":null,"flow_direction":"","reach_code":""}},{"type":"Feature","geometry":{"type":"LineString","coordinates":[[-82.5201,36.4337],[-82.5088,36.4411]]},"properties":{"name":"Unnamed Stream","layer":"nhd_perennial_streams","stream_type":"Perennial Stream","length_miles":null,"flow_direction":"","reach_code":""}},{"type":"Feature","geometry":{"type":"LineString","coordinates":[[-82.4676,36.4032],[-82.4706,36.404]]},"properties":{"name":"Unnamed Stream","layer":"nhd_perennial_streams","stream_type":"Perennial Stream","length_miles":null,"flow_direction":"","reach_code":""}},{"type":"Feature","geometry":{"type":"LineString","coordinates":[[-82.5449,36.4377],[-82.5439,36.4384]]},"properties":{"name":"Unnamed Stream","layer":"nhd_perennial_streams","stream_type":"Perennial Stream","length_miles":null,"flow_direction":"","reach_code":""}},{"type":"Feature","geometry":{"type":"LineString","coordinates":[[-82.5897,36.459],[-82.5904,36.467]]},"properties":{"name":"Unnamed Stream","layer":"nhd_perennial_streams","stream_type":"Perennial Stream","length_miles":null,"flow_direction":"","reach_code":""}},{"type":"Feature","geometry":{"type":"LineString","coordinates":[[-82.6453,36.4467],[-82.6414,36.4451]]},"properties":{"name":"Unnamed Stream","layer":"nhd_perennial_streams","stream_type":"Perennial Stream","length_miles":null,"flow_direction":"","reach_code":""}},{"type":"Feature","geometry":{"type":"LineString","coordinates":[[-82.6777,36.4343],[-82.6788,36.4364]]},"properties":{"name":"Unnamed Stream","layer":"nhd_perennial_streams","stream_type":"Perennial Stream","length_miles":null,"flow_direction":"","reach_code":""}},{"type":"Feature","geometry":{"type":"LineString","coordinates":[[-82.6586,36.4211],[-82.6587,36.4192]]},"properties":{"name":"Unnamed Stream","layer":"nhd_perennial_streams","stream_type":"Perennial Stream","length_miles":null,"flow_direction":"","reach_code":""}},{"type":"Feature","geometry":{"type":"LineString","coordinates":[[-82.6006,36.5036],[-82.5955,36.496]]},"properties":{"name":"Unnamed Stream","layer":"nhd_perennial_streams","stream_type":"Perennial Stream","length_miles":null,"flow_direction":"","reach_code":""}},{"type":"Feature","geometry":{"type":"LineString","coordinates":[[-82.5934,36.5437],[-82.5905,36.5491]]},"properties":{"name":"Unnamed Stream","layer":"nhd_perennial_streams","stream_type":"Perennial Stream","length_miles":null,"flow_direction":"","reach_code":""}},{"type":"Feature","geometry":{"type":"LineString","coordinates":[[-82.6884,36.4428],[-82.6865,36.4447]]},"properties":{"name":"Unnamed Stream","layer":"nhd_perennial_streams","stream_type":"Perennial Stream","length_miles":null,"flow_direction":"","reach_code":""}},{"type":"Feature","geometry":{"type":"LineString","coordinates":[[-82.5637,36.634],[-82.5637,36.6383]]},"properties":{"name":"Unnamed Stream","layer":"nhd_perennial_streams","stream_type":"Perennial Stream","length_miles":null,"flow_direction":"","reach_code":""}},{"type":"Feature","geometry":{"type":"LineString","coordinates":[[-82.6796,36.466],[-82.6706,36.46]]},"properties":{"name":"Unnamed Stream","layer":"nhd_perennial_streams","stream_type":"Perennial Stream","length_miles":null,"flow_direction":"","reach_code":""}},{"type":"Feature","geometry":{"type":"LineString","coordinates":[[-82.6612,36.4331],[-82.6552,36.4339]]},"properties":{"name":"Unnamed Stream","layer":"nhd_perennial_streams","stream_type":"Perennial Stream","length_miles":null,"flow_direction":"","reach_code":""}},{"type":"Feature","geometry":{"type":"LineString","coordinates":[[-82.622,36.4059],[-82.6195,36.4128]]},"properties":{"name":"Unnamed Stream","layer":"nhd_perennial_streams","stream_type":"Perennial Stream","length_miles":null,"flow_direction":"","reach_code":""}},{"type":"Feature","geometry":{"type":"LineString","coordinates":[[-82.6691,36.4759],[-82.6705,36.4797]]},"properties":{"name":"Unnamed Stream","layer":"nhd_perennial_streams","stream_type":"Perennial Stream","length_miles":null,"flow_direction":"","reach_code":""}},{"type":"Feature","geometry":{"type":"LineString","coordinates":[[-82.6416,36.4965],[-82.6425,36.4973]]},"properties":{"name":"Unnamed Stream","layer":"nhd_perennial_streams","stream_type":"Perennial Stream","length_miles":null,"flow_direction":"","reach_code":""}},{"type":"Feature","geometry":{"type":"LineString","coordinates":[[-82.7239,36.4964],[-82.7205,36.4945]]},"properties":{"name":"Unnamed Stream","layer":"nhd_perennial_streams","stream_type":"Perennial Stream","length_miles":null,"flow_direction":"","reach_code":""}},{"type":"Feature","geometry":{"type":"LineString","coordinates":[[-82.6896,36.4386],[-82.6937,36.4414]]},"properties":{"name":"Unnamed Stream","layer":"nhd_perennial_streams","stream_type":"Perennial Stream","length_miles":null,"flow_direction":"","reach_code":""}},{"type":"Feature","geometry":{"type":"LineString","coordinates":[[-82.7128,36.5706],[-82.7082,36.5623]]},"properties":{"name":"Unnamed Stream","layer":"nhd_perennial_streams","stream_type":"Perennial Stream","length_miles":null,"flow_direction":"","reach_code":""}},{"type":"Feature","geometry":{"type":"LineString","coordinates":[[-82.648,36.3997],[-82.6476,36.403]]},"properties":{"name":"Unnamed Stream","layer":"nhd_perennial_streams","stream_type":"Perennial Stream","length_miles":null,"flow_direction":"","reach_code":""}},{"type":"Feature","geometry":{"type":"LineString","coordinates":[[-82.6369,36.3911],[-82.6395,36.3905]]},"properties":{"name":"Unnamed Stream","layer":"nhd_perennial_streams","stream_type":"Perennial Stream","length_miles":null,"flow_direction":"","reach_code":""}},{"type":"Feature","geometry":{"type":"LineString","coordinates":[[-82.6936,36.4136],[-82.6929,36.4116]]},"properties":{"name":"Unnamed Stream","layer":"nhd_perennial_streams","stream_type":"Perennial Stream","length_miles":null,"flow_direction":"","reach_code":""}},{"type":"Feature","geometry":{"type":"LineString","coordinates":[[-82.5864,36.3707],[-82.5867,36.3805]]},"properties":{"name":"Unnamed Stream","layer":"nhd_perennial_streams","stream_type":"Perennial Stream","length_miles":null,"flow_direction":"","reach_code":""}},{"type":"Feature","geometry":{"type":"LineString","coordinates":[[-82.63,36.4734],[-82.6346,36.4723]]},"properties":{"name":"Unnamed Stream","layer":"nhd_perennial_streams","stream_type":"Perennial Stream","length_miles":null,"flow_direction":"","reach_code":""}},{"type":"Feature","geometry":{"type":"LineString","coordinates":[[-82.612,36.4348],[-82.6128,36.4364]]},"properties":{"name":"Unnamed Stream","layer":"nhd_perennial_streams","stream_type":"Perennial Stream","length_miles":null,"flow_direction":"","reach_code":""}},{"type":"Feature","geometry":{"type":"LineString","coordinates":[[-82.6643,36.4588],[-82.6614,36.4582]]},"properties":{"name":"Unnamed Stream","layer":"nhd_perennial_streams","stream_type":"Perennial Stream","length_miles":null,"flow_direction":"","reach_code":""}},{"type":"Feature","geometry":{"type":"LineString","coordinates":[[-82.5386,36.5926],[-82.5421,36.5995]]},"properties":{"name":"Unnamed Stream","layer":"nhd_perennial_streams","stream_type":"Perennial Stream","length_miles":null,"flow_direction":"","reach_code":""}},{"type":"Feature","geometry":{"type":"LineString","coordinates":[[-82.6484,36.4479],[-82.6425,36.4512],[-82.637,36.4491]]},"properties":{"name":"Unnamed Stream","layer":"nhd_perennial_streams","stream_type":"Perennial Stream","length_miles":null,"flow_direction":"","reach_code":""}},{"type":"Feature","geometry":{"type":"LineString","coordinates":[[-82.7105,36.5892],[-82.7068,36.5955]]},"properties":{"name":"Unnamed Stream","layer":"nhd_perennial_streams","stream_type":"Perennial Stream","length_miles":null,"flow_direction":"","reach_code":""}},{"type":"Feature","geometry":{"type":"LineString","coordinates":[[-82.5854,36.5175],[-82.5829,36.5134]]},"properties":{"name":"Unnamed Stream","layer":"nhd_perennial_streams","stream_type":"Perennial Stream","length_miles":null,"flow_direction":"","reach_code":""}},{"type":"Feature","geometry":{"type":"LineString","coordinates":[[-82.3952,36.5567],[-82.4057,36.5498]]},"properties":{"name":"Unnamed Stream","layer":"nhd_perennial_streams","stream_type":"Perennial Stream","length_miles":null,"flow_direction":"","reach_code":""}},{"type":"Feature","geometry":{"type":"LineString","coordinates":[[-82.5551,36.4907],[-82.5593,36.4959]]},"properties":{"name":"Unnamed Stream","layer":"nhd_perennial_streams","stream_type":"Perennial Stream","length_miles":null,"flow_direction":"","reach_code":""}},{"type":"Feature","geometry":{"type":"LineString","coordinates":[[-82.5535,36.471],[-82.5451,36.4722]]},"properties":{"name":"Unnamed Stream","layer":"nhd_perennial_streams","stream_type":"Perennial Stream","length_miles":null,"flow_direction":"","reach_code":""}},{"type":"Feature","geometry":{"type":"LineString","coordinates":[[-82.6624,36.4716],[-82.6593,36.4678]]},"properties":{"name":"Unnamed Stream","layer":"nhd_perennial_streams","stream_type":"Perennial Stream","length_miles":null,"flow_direction":"","reach_code":""}},{"type":"Feature","geometry":{"type":"LineString","coordinates":[[-82.6649,36.4623],[-82.6649,36.462]]},"properties":{"name":"Unnamed Stream","layer":"nhd_perennial_streams","stream_type":"Perennial Stream","length_miles":null,"flow_direction":"","reach_code":""}},{"type":"Feature","geometry":{"type":"LineString","coordinates":[[-82.6317,36.4103],[-82.635,36.4122]]},"properties":{"name":"Unnamed Stream","layer":"nhd_perennial_streams","stream_type":"Perennial Stream","length_miles":null,"flow_direction":"","reach_code":""}},{"type":"Feature","geometry":{"type":"LineString","coordinates":[[-82.5779,36.4288],[-82.5832,36.4325]]},"properties":{"name":"Unnamed Stream","layer":"nhd_perennial_streams","stream_type":"Perennial Stream","length_miles":null,"flow_direction":"","reach_code":""}},{"type":"Feature","geometry":{"type":"LineString","coordinates":[[-82.6808,36.5834],[-82.6735,36.5801]]},"properties":{"name":"Unnamed Stream","layer":"nhd_perennial_streams","stream_type":"Perennial Stream","length_miles":null,"flow_direction":"","reach_code":""}},{"type":"Feature","geometry":{"type":"LineString","coordinates":[[-82.589,36.4658],[-82.5892,36.4665]]},"properties":{"name":"Unnamed Stream","layer":"nhd_perennial_streams","stream_type":"Perennial Stream","length_miles":null,"flow_direction":"","reach_code":""}},{"type":"Feature","geometry":{"type":"LineString","coordinates":[[-82.6087,36.6312],[-82.6096,36.6323]]},"properties":{"name":"Unnamed Stream","layer":"nhd_perennial_streams","stream_type":"Perennial Stream","length_miles":null,"flow_direction":"","reach_code":""}},{"type":"Feature","geometry":{"type":"LineString","coordinates":[[-82.6946,36.4173],[-82.6974,36.4212]]},"properties":{"name":"Unnamed Stream","layer":"nhd_perennial_streams","stream_type":"Perennial Stream","length_miles":null,"flow_direction":"","reach_code":""}},{"type":"Feature","geometry":{"type":"LineString","coordinates":[[-82.7076,36.4303],[-82.7026,36.4327]]},"properties":{"name":"Unnamed Stream","layer":"nhd_perennial_streams","stream_type":"Perennial Stream","length_miles":null,"flow_direction":"","reach_code":""}},{"type":"Feature","geometry":{"type":"LineString","coordinates":[[-82.7082,36.4516],[-82.7093,36.4459]]},"properties":{"name":"Unnamed Stream","layer":"nhd_perennial_streams","stream_type":"Perennial Stream","length_miles":null,"flow_direction":"","reach_code":""}},{"type":"Feature","geometry":{"type":"LineString","coordinates":[[-82.7208,36.4775],[-82.7212,36.4789]]},"properties":{"name":"Unnamed Stream","layer":"nhd_perennial_streams","stream_type":"Perennial Stream","length_miles":null,"flow_direction":"","reach_code":""}},{"type":"Feature","geometry":{"type":"LineString","coordinates":[[-82.63,36.3958],[-82.6319,36.3952]]},"properties":{"name":"Unnamed Stream","layer":"nhd_perennial_streams","stream_type":"Perennial Stream","length_miles":null,"flow_direction":"","reach_code":""}},{"type":"Feature","geometry":{"type":"LineString","coordinates":[[-82.6686,36.6214],[-82.669,36.6204]]},"properties":{"name":"Unnamed Stream","layer":"nhd_perennial_streams","stream_type":"Perennial Stream","length_miles":null,"flow_direction":"","reach_code":""}},{"type":"Feature","geometry":{"type":"LineString","coordinates":[[-82.5205,36.5711],[-82.5157,36.5686]]},"properties":{"name":"Unnamed Stream","layer":"nhd_perennial_streams","stream_type":"Perennial Stream","length_miles":null,"flow_direction":"","reach_code":""}},{"type":"Feature","geometry":{"type":"LineString","coordinates":[[-82.5321,36.4619],[-82.5279,36.4693]]},"properties":{"name":"Unnamed Stream","layer":"nhd_perennial_streams","stream_type":"Perennial Stream","length_miles":null,"flow_direction":"","reach_code":""}},{"type":"Feature","geometry":{"type":"LineString","coordinates":[[-82.5115,36.6095],[-82.5167,36.612]]},"properties":{"name":"Unnamed Stream","layer":"nhd_perennial_streams","stream_type":"Perennial Stream","length_miles":null,"flow_direction":"","reach_code":""}},{"type":"Feature","geometry":{"type":"LineString","coordinates":[[-82.4906,36.5163],[-82.492,36.5147]]},"properties":{"name":"Unnamed Stream","layer":"nhd_perennial_streams","stream_type":"Perennial Stream","length_miles":null,"flow_direction":"","reach_code":""}},{"type":"Feature","geometry":{"type":"LineString","coordinates":[[-82.4983,36.6461],[-82.4983,36.6448]]},"properties":{"name":"Unnamed Stream","layer":"nhd_perennial_streams","stream_type":"Perennial Stream","length_miles":null,"flow_direction":"","reach_code":""}},{"type":"Feature","geometry":{"type":"LineString","coordinates":[[-82.4651,36.426],[-82.4627,36.4265]]},"properties":{"name":"Unnamed Stream","layer":"nhd_perennial_streams","stream_type":"Perennial Stream","length_miles":null,"flow_direction":"","reach_code":""}},{"type":"Feature","geometry":{"type":"LineString","coordinates":[[-82.5914,36.4191],[-82.5876,36.4223],[-82.5896,36.4263],[-82.584,36.4308]]},"properties":{"name":"Unnamed Stream","layer":"nhd_perennial_streams","stream_type":"Perennial Stream","length_miles":null,"flow_direction":"","reach_code":""}},{"type":"Feature","geometry":{"type":"LineString","coordinates":[[-82.4226,36.4791],[-82.4146,36.4751]]},"properties":{"name":"Unnamed Stream","layer":"nhd_perennial_streams","stream_type":"Perennial Stream","length_miles":null,"flow_direction":"","reach_code":""}},{"type":"Feature","geometry":{"type":"LineString","coordinates":[[-82.5774,36.5157],[-82.5768,36.5144]]},"properties":{"name":"Unnamed Stream","layer":"nhd_perennial_streams","stream_type":"Perennial Stream","length_miles":null,"flow_direction":"","reach_code":""}},{"type":"Feature","geometry":{"type":"LineString","coordinates":[[-82.4223,36.4691],[-82.4188,36.4674]]},"properties":{"name":"Unnamed Stream","layer":"nhd_perennial_streams","stream_type":"Perennial Stream","length_miles":null,"flow_direction":"","reach_code":""}},{"type":"Feature","geometry":{"type":"LineString","coordinates":[[-82.646,36.5928],[-82.6484,36.5963]]},"properties":{"name":"Unnamed Stream","layer":"nhd_perennial_streams","stream_type":"Perennial Stream","length_miles":null,"flow_direction":"","reach_code":""}},{"type":"Feature","geometry":{"type":"LineString","coordinates":[[-82.7126,36.5404],[-82.7208,36.535]]},"properties":{"name":"Unnamed Stream","layer":"nhd_perennial_streams","stream_type":"Perennial Stream","length_miles":null,"flow_direction":"","reach_code":""}},{"type":"Feature","geometry":{"type":"LineString","coordinates":[[-82.7164,36.4943],[-82.7201,36.4936]]},"properties":{"name":"Unnamed Stream","layer":"nhd_perennial_streams","stream_type":"Perennial Stream","length_miles":null,"flow_direction":"","reach_code":""}},{"type":"Feature","geometry":{"type":"LineString","coordinates":[[-82.6816,36.4035],[-82.6799,36.4016]]},"properties":{"name":"Unnamed Stream","layer":"nhd_perennial_streams","stream_type":"Perennial Stream","length_miles":null,"flow_direction":"","reach_code":""}},{"type":"Feature","geometry":{"type":"LineString","coordinates":[[-82.4573,36.5855],[-82.4573,36.581]]},"properties":{"name":"Unnamed Stream","layer":"nhd_perennial_streams","stream_type":"Perennial Stream","length_miles":null,"flow_direction":"","reach_code":""}},{"type":"Feature","geometry":{"type":"LineString","coordinates":[[-82.6572,36.437],[-82.6563,36.4346]]},"properties":{"name":"Unnamed Stream","layer":"nhd_perennial_streams","stream_type":"Perennial Stream","length_miles":null,"flow_direction":"","reach_code":""}},{"type":"Feature","geometry":{"type":"LineString","coordinates":[[-82.4763,36.5567],[-82.4748,36.5544],[-82.4779,36.5533]]},"properties":{"name":"Unnamed Stream","layer":"nhd_perennial_streams","stream_type":"Perennial Stream","length_miles":null,"flow_direction":"","reach_code":""}},{"type":"Feature","geometry":{"type":"LineString","coordinates":[[-82.3928,36.5698],[-82.4018,36.5696]]},"properties":{"name":"Unnamed Stream","layer":"nhd_perennial_streams","stream_type":"Perennial Stream","length_miles":null,"flow_direction":"","reach_code":""}},{"type":"Feature","geometry":{"type":"LineString","coordinates":[[-82.6654,36.4647],[-82.6639,36.4633]]},"properties":{"name":"Unnamed Stream","layer":"nhd_perennial_streams","stream_type":"Perennial Stream","length_miles":null,"flow_direction":"","reach_code":""}},{"type":"Feature","geometry":{"type":"LineString","coordinates":[[-82.4222,36.5168],[-82.4306,36.5089]]},"properties":{"name":"Unnamed Stream","layer":"nhd_perennial_streams","stream_type":"Perennial Stream","length_miles":null,"flow_direction":"","reach_code":""}},{"type":"Feature","geometry":{"type":"LineString","coordinates":[[-82.6716,36.4631],[-82.6711,36.4611]]},"properties":{"name":"Unnamed Stream","layer":"nhd_perennial_streams","stream_type":"Perennial Stream","length_miles":null,"flow_direction":"","reach_code":""}},{"type":"Feature","geometry":{"type":"LineString","coordinates":[[-82.6775,36.4605],[-82.6728,36.4588]]},"properties":{"name":"Unnamed Stream","layer":"nhd_perennial_streams","stream_type":"Perennial Stream","length_miles":null,"flow_direction":"","reach_code":""}},{"type":"Feature","geometry":{"type":"LineString","coordinates":[[-82.5509,36.6432],[-82.5548,36.6458]]},"properties":{"name":"Unnamed Stream","layer":"nhd_perennial_streams","stream_type":"Perennial Stream","length_miles":null,"flow_direction":"","reach_code":""}},{"type":"Feature","geometry":{"type":"LineString","coordinates":[[-82.4313,36.61],[-82.4388,36.607],[-82.4433,36.6091]]},"properties":{"name":"Unnamed Stream","layer":"nhd_perennial_streams","stream_type":"Perennial Stream","length_miles":null,"flow_direction":"","reach_code":""}},{"type":"Feature","geometry":{"type":"LineString","coordinates":[[-82.6008,36.6505],[-82.6045,36.6457]]},"properties":{"name":"Unnamed Stream","layer":"nhd_perennial_streams","stream_type":"Perennial Stream","length_miles":null,"flow_direction":"","reach_code":""}},{"type":"Feature","geometry":{"type":"LineString","coordinates":[[-82.4958,36.4998],[-82.4961,36.4998]]},"properties":{"name":"Unnamed Stream","layer":"nhd_perennial_streams","stream_type":"Perennial Stream","length_miles":null,"flow_direction":"","reach_code":""}},{"type":"Feature","geometry":{"type":"LineString","coordinates":[[-82.6923,36.4567],[-82.6872,36.4521]]},"properties":{"name":"Unnamed Stream","layer":"nhd_perennial_streams","stream_type":"Perennial Stream","length_miles":null,"flow_direction":"","reach_code":""}},{"type":"Feature","geometry":{"type":"LineString","coordinates":[[-82.4403,36.5253],[-82.442,36.5252]]},"properties":{"name":"Unnamed Stream","layer":"nhd_perennial_streams","stream_type":"Perennial Stream","length_miles":null,"flow_direction":"","reach_code":""}},{"type":"Feature","geometry":{"type":"LineString","coordinates":[[-82.4613,36.5309],[-82.4521,36.5281],[-82.4529,36.5249]]},"properties":{"name":"Unnamed Stream","layer":"nhd_perennial_streams","stream_type":"Perennial Stream","length_miles":null,"flow_direction":"","reach_code":""}},{"type":"Feature","geometry":{"type":"LineString","coordinates":[[-82.5057,36.5482],[-82.5011,36.5429]]},"properties":{"name":"Unnamed Stream","layer":"nhd_perennial_streams","stream_type":"Perennial Stream","length_miles":null,"flow_direction":"","reach_code":""}},{"type":"Feature","geometry":{"type":"LineString","coordinates":[[-82.6016,36.6217],[-82.5996,36.6171]]},"properties":{"name":"Unnamed Stream","layer":"nhd_perennial_streams","stream_type":"Perennial Stream","length_miles":null,"flow_direction":"","reach_code":""}},{"type":"Feature","geometry":{"type":"LineString","coordinates":[[-82.5762,36.612],[-82.5798,36.6097]]},"properties":{"name":"Unnamed Stream","layer":"nhd_perennial_streams","stream_type":"Perennial Stream","length_miles":null,"flow_direction":"","reach_code":""}},{"type":"Feature","geometry":{"type":"LineString","coordinates":[[-82.7159,36.4852],[-82.7186,36.4835]]},"properties":{"name":"Unnamed Stream","layer":"nhd_perennial_streams","stream_type":"Perennial Stream","length_miles":null,"flow_direction":"","reach_code":""}},{"type":"Feature","geometry":{"type":"LineString","coordinates":[[-82.7238,36.4585],[-82.7239,36.4559]]},"properties":{"name":"Unnamed Stream","layer":"nhd_perennial_streams","stream_type":"Perennial Stream","length_miles":null,"flow_direction":"","reach_code":""}},{"type":"Feature","geometry":{"type":"LineString","coordinates":[[-82.7032,36.4465],[-82.701,36.4432]]},"properties":{"name":"Unnamed Stream","layer":"nhd_perennial_streams","stream_type":"Perennial Stream","length_miles":null,"flow_direction":"","reach_code":""}},{"type":"Feature","geometry":{"type":"LineString","coordinates":[[-82.6733,36.4984],[-82.6761,36.5001]]},"properties":{"name":"Unnamed Stream","layer":"nhd_perennial_streams","stream_type":"Perennial Stream","length_miles":null,"flow_direction":"","reach_code":""}},{"type":"Feature","geometry":{"type":"LineString","coordinates":[[-82.7301,36.5101],[-82.7299,36.5123]]},"properties":{"name":"Unnamed Stream","layer":"nhd_perennial_streams","stream_type":"Perennial Stream","length_miles":null,"flow_direction":"","reach_code":""}},{"type":"Feature","geometry":{"type":"LineString","coordinates":[[-82.6827,36.4271],[-82.6831,36.4266]]},"properties":{"name":"Unnamed Stream","layer":"nhd_perennial_streams","stream_type":"Perennial Stream","length_miles":null,"flow_direction":"","reach_code":""}},{"type":"Feature","geometry":{"type":"LineString","coordinates":[[-82.6384,36.3883],[-82.6401,36.3899]]},"properties":{"name":"Unnamed Stream","layer":"nhd_perennial_streams","stream_type":"Perennial Stream","length_miles":null,"flow_direction":"","reach_code":""}},{"type":"Feature","geometry":{"type":"LineString","coordinates":[[-82.6191,36.644],[-82.6205,36.6402]]},"properties":{"name":"Unnamed Stream","layer":"nhd_perennial_streams","stream_type":"Perennial Stream","length_miles":null,"flow_direction":"","reach_code":""}},{"type":"Feature","geometry":{"type":"LineString","coordinates":[[-82.5678,36.4853],[-82.5687,36.4879]]},"properties":{"name":"Unnamed Stream","layer":"nhd_perennial_streams","stream_type":"Perennial Stream","length_miles":null,"flow_direction":"","reach_code":""}},{"type":"Feature","geometry":{"type":"LineString","coordinates":[[-82.5292,36.4482],[-82.5268,36.4522]]},"properties":{"name":"Unnamed Stream","layer":"nhd_perennial_streams","stream_type":"Perennial Stream","length_miles":null,"flow_direction":"","reach_code":""}},{"type":"Feature","geometry":{"type":"LineString","coordinates":[[-82.6602,36.451],[-82.6625,36.4516]]},"properties":{"name":"Unnamed Stream","layer":"nhd_perennial_streams","stream_type":"Perennial Stream","length_miles":null,"flow_direction":"","reach_code":""}},{"type":"Feature","geometry":{"type":"LineString","coordinates":[[-82.5475,36.6445],[-82.5503,36.646]]},"properties":{"name":"Unnamed Stream","layer":"nhd_perennial_streams","stream_type":"Perennial Stream","length_miles":null,"flow_direction":"","reach_code":""}},{"type":"Feature","geometry":{"type":"LineString","coordinates":[[-82.6484,36.5754],[-82.6408,36.5765]]},"properties":{"name":"Unnamed Stream","layer":"nhd_perennial_streams","stream_type":"Perennial Stream","length_miles":null,"flow_direction":"","reach_code":""}},{"type":"Feature","geometry":{"type":"LineString","coordinates":[[-82.6535,36.4684],[-82.6523,36.4663]]},"properties":{"name":"Unnamed Stream","layer":"nhd_perennial_streams","stream_type":"Perennial Stream","length_miles":null,"flow_direction":"","reach_code":""}},{"type":"Feature","geometry":{"type":"LineString","coordinates":[[-82.6112,36.4723],[-82.6074,36.4767]]},"properties":{"name":"Unnamed Stream","layer":"nhd_perennial_streams","stream_type":"Perennial Stream","length_miles":null,"flow_direction":"","reach_code":""}},{"type":"Feature","geometry":{"type":"LineString","coordinates":[[-82.54,36.4411],[-82.5316,36.447]]},"properties":{"name":"Unnamed Stream","layer":"nhd_perennial_streams","stream_type":"Perennial Stream","length_miles":null,"flow_direction":"","reach_code":""}},{"type":"Feature","geometry":{"type":"LineString","coordinates":[[-82.6863,36.4492],[-82.6843,36.4477]]},"properties":{"name":"Unnamed Stream","layer":"nhd_perennial_streams","stream_type":"Perennial Stream","length_miles":null,"flow_direction":"","reach_code":""}},{"type":"Feature","geometry":{"type":"LineString","coordinates":[[-82.6282,36.5804],[-82.6164,36.5797]]},"properties":{"name":"Unnamed Stream","layer":"nhd_perennial_streams","stream_type":"Perennial Stream","length_miles":null,"flow_direction":"","reach_code":""}},{"type":"Feature","geometry":{"type":"LineString","coordinates":[[-82.6291,36.4783],[-82.6246,36.4785]]},"properties":{"name":"Unnamed Stream","layer":"nhd_perennial_streams","stream_type":"Perennial Stream","length_miles":null,"flow_direction":"","reach_code":""}},{"type":"Feature","geometry":{"type":"LineString","coordinates":[[-82.6552,36.4794],[-82.6531,36.4762]]},"properties":{"name":"Unnamed Stream","layer":"nhd_perennial_streams","stream_type":"Perennial Stream","length_miles":null,"flow_direction":"","reach_code":""}},{"type":"Feature","geometry":{"type":"LineString","coordinates":[[-82.7201,36.5481],[-82.719,36.5458]]},"properties":{"name":"Unnamed Stream","layer":"nhd_perennial_streams","stream_type":"Perennial Stream","length_miles":null,"flow_direction":"","reach_code":""}},{"type":"Feature","geometry":{"type":"LineString","coordinates":[[-82.6835,36.4825],[-82.685,36.4829]]},"properties":{"name":"Unnamed Stream","layer":"nhd_perennial_streams","stream_type":"Perennial Stream","length_miles":null,"flow_direction":"","reach_code":""}},{"type":"Feature","geometry":{"type":"LineString","coordinates":[[-82.6673,36.4773],[-82.6677,36.4801]]},"properties":{"name":"Unnamed Stream","layer":"nhd_perennial_streams","stream_type":"Perennial Stream","length_miles":null,"flow_direction":"","reach_code":""}},{"type":"Feature","geometry":{"type":"LineString","coordinates":[[-82.6738,36.5518],[-82.67,36.5539]]},"properties":{"name":"Unnamed Stream","layer":"nhd_perennial_streams","stream_type":"Perennial Stream","length_miles":null,"flow_direction":"","reach_code":""}},{"type":"Feature","geometry":{"type":"LineString","coordinates":[[-82.5522,36.464],[-82.5521,36.464]]},"properties":{"name":"Unnamed Stream","layer":"nhd_perennial_streams","stream_type":"Perennial Stream","length_miles":null,"flow_direction":"","reach_code":""}},{"type":"Feature","geometry":{"type":"LineString","coordinates":[[-82.6274,36.3804],[-82.6294,36.376]]},"properties":{"name":"Unnamed Stream","layer":"nhd_perennial_streams","stream_type":"Perennial Stream","length_miles":null,"flow_direction":"","reach_code":""}},{"type":"Feature","geometry":{"type":"LineString","coordinates":[[-82.6287,36.4009],[-82.6321,36.4004]]},"properties":{"name":"Unnamed Stream","layer":"nhd_perennial_streams","stream_type":"Perennial Stream","length_miles":null,"flow_direction":"","reach_code":""}},{"type":"Feature","geometry":{"type":"LineString","coordinates":[[-82.4547,36.6039],[-82.4601,36.6042],[-82.464,36.6117]]},"properties":{"name":"Unnamed Stream","layer":"nhd_perennial_streams","stream_type":"Perennial Stream","length_miles":null,"flow_direction":"","reach_code":""}},{"type":"Feature","geometry":{"type":"LineString","coordinates":[[-82.5203,36.4125],[-82.5172,36.4173]]},"properties":{"name":"Unnamed Stream","layer":"nhd_perennial_streams","stream_type":"Perennial Stream","length_miles":null,"flow_direction":"","reach_code":""}},{"type":"Feature","geometry":{"type":"LineString","coordinates":[[-82.4774,36.564],[-82.4779,36.5593]]},"properties":{"name":"Unnamed Stream","layer":"nhd_perennial_streams","stream_type":"Perennial Stream","length_miles":null,"flow_direction":"","reach_code":""}},{"type":"Feature","geometry":{"type":"LineString","coordinates":[[-82.5223,36.4585],[-82.5228,36.4631],[-82.506,36.4776],[-82.5069,36.4875]]},"properties":{"name":"Unnamed Stream","layer":"nhd_perennial_streams","stream_type":"Perennial Stream","length_miles":null,"flow_direction":"","reach_code":""}},{"type":"Feature","geometry":{"type":"LineString","coordinates":[[-82.6708,36.6268],[-82.6724,36.6215],[-82.669,36.6204]]},"properties":{"name":"Unnamed Stream","layer":"nhd_perennial_streams","stream_type":"Perennial Stream","length_miles":null,"flow_direction":"","reach_code":""}},{"type":"Feature","geometry":{"type":"LineString","coordinates":[[-82.6507,36.6181],[-82.6487,36.6184]]},"properties":{"name":"Unnamed Stream","layer":"nhd_perennial_streams","stream_type":"Perennial Stream","length_miles":null,"flow_direction":"","reach_code":""}},{"type":"Feature","geometry":{"type":"LineString","coordinates":[[-82.49,36.5609],[-82.4897,36.5504]]},"properties":{"name":"Unnamed Stream","layer":"nhd_perennial_streams","stream_type":"Perennial Stream","length_miles":null,"flow_direction":"","reach_code":""}},{"type":"Feature","geometry":{"type":"LineString","coordinates":[[-82.6614,36.4582],[-82.6591,36.4597]]},"properties":{"name":"Unnamed Stream","layer":"nhd_perennial_streams","stream_type":"Perennial Stream","length_miles":null,"flow_direction":"","reach_code":""}},{"type":"Feature","geometry":{"type":"LineString","coordinates":[[-82.5486,36.3713],[-82.5491,36.3744]]},"properties":{"name":"Unnamed Stream","layer":"nhd_perennial_streams","stream_type":"Perennial Stream","length_miles":null,"flow_direction":"","reach_code":""}},{"type":"Feature","geometry":{"type":"LineString","coordinates":[[-82.5319,36.5956],[-82.5315,36.5984]]},"properties":{"name":"Unnamed Stream","layer":"nhd_perennial_streams","stream_type":"Perennial Stream","length_miles":null,"flow_direction":"","reach_code":""}},{"type":"Feature","geometry":{"type":"LineString","coordinates":[[-82.6453,36.4743],[-82.6437,36.4727]]},"properties":{"name":"Unnamed Stream","layer":"nhd_perennial_streams","stream_type":"Perennial Stream","length_miles":null,"flow_direction":"","reach_code":""}},{"type":"Feature","geometry":{"type":"LineString","coordinates":[[-82.5328,36.622],[-82.5318,36.6161]]},"properties":{"name":"Unnamed Stream","layer":"nhd_perennial_streams","stream_type":"Perennial Stream","length_miles":null,"flow_direction":"","reach_code":""}},{"type":"Feature","geometry":{"type":"LineString","coordinates":[[-82.611,36.3935],[-82.617,36.4035]]},"properties":{"name":"Unnamed Stream","layer":"nhd_perennial_streams","stream_type":"Perennial Stream","length_miles":null,"flow_direction":"","reach_code":""}},{"type":"Feature","geometry":{"type":"LineString","coordinates":[[-82.6072,36.4374],[-82.6144,36.4404]]},"properties":{"name":"Unnamed Stream","layer":"nhd_perennial_streams","stream_type":"Perennial Stream","length_miles":null,"flow_direction":"","reach_code":""}},{"type":"Feature","geometry":{"type":"LineString","coordinates":[[-82.3953,36.4829],[-82.3914,36.4767]]},"properties":{"name":"Unnamed Stream","layer":"nhd_perennial_streams","stream_type":"Perennial Stream","length_miles":null,"flow_direction":"","reach_code":""}},{"type":"Feature","geometry":{"type":"LineString","coordinates":[[-82.6439,36.5342],[-82.6484,36.5323]]},"properties":{"name":"Unnamed Stream","layer":"nhd_perennial_streams","stream_type":"Perennial Stream","length_miles":null,"flow_direction":"","reach_code":""}},{"type":"Feature","geometry":{"type":"LineString","coordinates":[[-82.7211,36.4828],[-82.7213,36.4837]]},"properties":{"name":"Unnamed Stream","layer":"nhd_perennial_streams","stream_type":"Perennial Stream","length_miles":null,"flow_direction":"","reach_code":""}},{"type":"Feature","geometry":{"type":"LineString","coordinates":[[-82.714,36.4799],[-82.7169,36.4834]]},"properties":{"name":"Unnamed Stream","layer":"nhd_perennial_streams","stream_type":"Perennial Stream","length_miles":null,"flow_direction":"","reach_code":""}},{"type":"Feature","geometry":{"type":"LineString","coordinates":[[-82.6897,36.442],[-82.691,36.4429]]},"properties":{"name":"Unnamed Stream","layer":"nhd_perennial_streams","stream_type":"Perennial Stream","length_miles":null,"flow_direction":"","reach_code":""}},{"type":"Feature","geometry":{"type":"LineString","coordinates":[[-82.6713,36.4114],[-82.6677,36.4091]]},"properties":{"name":"Unnamed Stream","layer":"nhd_perennial_streams","stream_type":"Perennial Stream","length_miles":null,"flow_direction":"","reach_code":""}},{"type":"Feature","geometry":{"type":"LineString","coordinates":[[-82.5657,36.4562],[-82.5568,36.4625]]},"properties":{"name":"Unnamed Stream","layer":"nhd_perennial_streams","stream_type":"Perennial Stream","length_miles":null,"flow_direction":"","reach_code":""}},{"type":"Feature","geometry":{"type":"LineString","coordinates":[[-82.7068,36.5955],[-82.7032,36.595]]},"properties":{"name":"Unnamed Stream","layer":"nhd_perennial_streams","stream_type":"Perennial Stream","length_miles":null,"flow_direction":"","reach_code":""}},{"type":"Feature","geometry":{"type":"LineString","coordinates":[[-82.5992,36.3928],[-82.5958,36.3829]]},"properties":{"name":"Unnamed Stream","layer":"nhd_perennial_streams","stream_type":"Perennial Stream","length_miles":null,"flow_direction":"","reach_code":""}},{"type":"Feature","geometry":{"type":"LineString","coordinates":[[-82.4261,36.5985],[-82.4355,36.6001]]},"properties":{"name":"Unnamed Stream","layer":"nhd_perennial_streams","stream_type":"Perennial Stream","length_miles":null,"flow_direction":"","reach_code":""}},{"type":"Feature","geometry":{"type":"LineString","coordinates":[[-82.6632,36.6261],[-82.6649,36.6196]]},"properties":{"name":"Unnamed Stream","layer":"nhd_perennial_streams","stream_type":"Perennial Stream","length_miles":null,"flow_direction":"","reach_code":""}},{"type":"Feature","geometry":{"type":"LineString","coordinates":[[-82.6725,36.4398],[-82.6761,36.4434]]},"properties":{"name":"Unnamed Stream","layer":"nhd_perennial_streams","stream_type":"Perennial Stream","length_miles":null,"flow_direction":"","reach_code":""}},{"type":"Feature","geometry":{"type":"LineString","coordinates":[[-82.6436,36.4467],[-82.6414,36.4451]]},"properties":{"name":"Unnamed Stream","layer":"nhd_perennial_streams","stream_type":"Perennial Stream","length_miles":null,"flow_direction":"","reach_code":""}},{"type":"Feature","geometry":{"type":"LineString","coordinates":[[-82.4369,36.4677],[-82.4418,36.4708]]},"properties":{"name":"Unnamed Stream","layer":"nhd_perennial_streams","stream_type":"Perennial Stream","length_miles":null,"flow_direction":"","reach_code":""}},{"type":"Feature","geometry":{"type":"LineString","coordinates":[[-82.3755,36.5043],[-82.3816,36.4937]]},"properties":{"name":"Unnamed Stream","layer":"nhd_perennial_streams","stream_type":"Perennial Stream","length_miles":null,"flow_direction":"","reach_code":""}},{"type":"Feature","geometry":{"type":"LineString","coordinates":[[-82.6393,36.5793],[-82.6408,36.5765]]},"properties":{"name":"Unnamed Stream","layer":"nhd_perennial_streams","stream_type":"Perennial Stream","length_miles":null,"flow_direction":"","reach_code":""}},{"type":"Feature","geometry":{"type":"LineString","coordinates":[[-82.679,36.4502],[-82.6757,36.4502]]},"properties":{"name":"Unnamed Stream","layer":"nhd_perennial_streams","stream_type":"Perennial Stream","length_miles":null,"flow_direction":"","reach_code":""}},{"type":"Feature","geometry":{"type":"LineString","coordinates":[[-82.6112,36.4156],[-82.6161,36.4124]]},"properties":{"name":"Unnamed Stream","layer":"nhd_perennial_streams","stream_type":"Perennial Stream","length_miles":null,"flow_direction":"","reach_code":""}},{"type":"Feature","geometry":{"type":"LineString","coordinates":[[-82.6192,36.4923],[-82.6117,36.4875],[-82.6145,36.4827]]},"properties":{"name":"Unnamed Stream","layer":"nhd_perennial_streams","stream_type":"Perennial Stream","length_miles":null,"flow_direction":"","reach_code":""}},{"type":"Feature","geometry":{"type":"LineString","coordinates":[[-82.5935,36.3763],[-82.5922,36.3764]]},"properties":{"name":"Unnamed Stream","layer":"nhd_perennial_streams","stream_type":"Perennial Stream","length_miles":null,"flow_direction":"","reach_code":""}},{"type":"Feature","geometry":{"type":"LineString","coordinates":[[-82.5244,36.605],[-82.5248,36.6064]]},"properties":{"name":"Unnamed Stream","layer":"nhd_perennial_streams","stream_type":"Perennial Stream","length_miles":null,"flow_direction":"","reach_code":""}},{"type":"Feature","geometry":{"type":"LineString","coordinates":[[-82.7221,36.474],[-82.7234,36.476]]},"properties":{"name":"Unnamed Stream","layer":"nhd_perennial_streams","stream_type":"Perennial Stream","length_miles":null,"flow_direction":"","reach_code":""}},{"type":"Feature","geometry":{"type":"LineString","coordinates":[[-82.7159,36.476],[-82.7199,36.4828]]},"properties":{"name":"Unnamed Stream","layer":"nhd_perennial_streams","stream_type":"Perennial Stream","length_miles":null,"flow_direction":"","reach_code":""}},{"type":"Feature","geometry":{"type":"LineString","coordinates":[[-82.514,36.3715],[-82.5165,36.3731]]},"properties":{"name":"Unnamed Stream","layer":"nhd_perennial_streams","stream_type":"Perennial Stream","length_miles":null,"flow_direction":"","reach_code":""}},{"type":"Feature","geometry":{"type":"LineString","coordinates":[[-82.5348,36.5628],[-82.5384,36.5588]]},"properties":{"name":"Unnamed Stream","layer":"nhd_perennial_streams","stream_type":"Perennial Stream","length_miles":null,"flow_direction":"","reach_code":""}},{"type":"Feature","geometry":{"type":"LineString","coordinates":[[-82.6348,36.4651],[-82.6347,36.4638]]},"properties":{"name":"Unnamed Stream","layer":"nhd_perennial_streams","stream_type":"Perennial Stream","length_miles":null,"flow_direction":"","reach_code":""}},{"type":"Feature","geometry":{"type":"LineString","coordinates":[[-82.4879,36.4283],[-82.4898,36.433],[-82.4875,36.4361]]},"properties":{"name":"Unnamed Stream","layer":"nhd_perennial_streams","stream_type":"Perennial Stream","length_miles":null,"flow_direction":"","reach_code":""}},{"type":"Feature","geometry":{"type":"LineString","coordinates":[[-82.6032,36.4964],[-82.6014,36.4918]]},"properties":{"name":"Unnamed Stream","layer":"nhd_perennial_streams","stream_type":"Perennial Stream","length_miles":null,"flow_direction":"","reach_code":""}},{"type":"Feature","geometry":{"type":"LineString","coordinates":[[-82.4467,36.4838],[-82.4606,36.4725]]},"properties":{"name":"Unnamed Stream","layer":"nhd_perennial_streams","stream_type":"Perennial Stream","length_miles":null,"flow_direction":"","reach_code":""}},{"type":"Feature","geometry":{"type":"LineString","coordinates":[[-82.3803,36.5407],[-82.3851,36.5309]]},"properties":{"name":"Unnamed Stream","layer":"nhd_perennial_streams","stream_type":"Perennial Stream","length_miles":null,"flow_direction":"","reach_code":""}},{"type":"Feature","geometry":{"type":"LineString","coordinates":[[-82.4857,36.5609],[-82.4834,36.5529]]},"properties":{"name":"Unnamed Stream","layer":"nhd_perennial_streams","stream_type":"Perennial Stream","length_miles":null,"flow_direction":"","reach_code":""}},{"type":"Feature","geometry":{"type":"LineString","coordinates":[[-82.5157,36.4564],[-82.5223,36.4585]]},"properties":{"name":"Unnamed Stream","layer":"nhd_perennial_streams","stream_type":"Perennial Stream","length_miles":null,"flow_direction":"","reach_code":""}},{"type":"Feature","geometry":{"type":"LineString","coordinates":[[-82.5955,36.5105],[-82.5902,36.507]]},"properties":{"name":"Unnamed Stream","layer":"nhd_perennial_streams","stream_type":"Perennial Stream","length_miles":null,"flow_direction":"","reach_code":""}},{"type":"Feature","geometry":{"type":"LineString","coordinates":[[-82.6521,36.4558],[-82.6491,36.4521]]},"properties":{"name":"Unnamed Stream","layer":"nhd_perennial_streams","stream_type":"Perennial Stream","length_miles":null,"flow_direction":"","reach_code":""}},{"type":"Feature","geometry":{"type":"LineString","coordinates":[[-82.6717,36.4513],[-82.6684,36.4532]]},"properties":{"name":"Unnamed Stream","layer":"nhd_perennial_streams","stream_type":"Perennial Stream","length_miles":null,"flow_direction":"","reach_code":""}},{"type":"Feature","geometry":{"type":"LineString","coordinates":[[-82.4875,36.5798],[-82.4819,36.5755]]},"properties":{"name":"Unnamed Stream","layer":"nhd_perennial_streams","stream_type":"Perennial Stream","length_miles":null,"flow_direction":"","reach_code":""}},{"type":"Feature","geometry":{"type":"LineString","coordinates":[[-82.6479,36.425],[-82.6436,36.4199]]},"properties":{"name":"Unnamed Stream","layer":"nhd_perennial_streams","stream_type":"Perennial Stream","length_miles":null,"flow_direction":"","reach_code":""}},{"type":"Feature","geometry":{"type":"LineString","coordinates":[[-82.6371,36.4399],[-82.6394,36.4325]]},"properties":{"name":"Unnamed Stream","layer":"nhd_perennial_streams","stream_type":"Perennial Stream","length_miles":null,"flow_direction":"","reach_code":""}},{"type":"Feature","geometry":{"type":"LineString","coordinates":[[-82.4752,36.6187],[-82.4778,36.6244],[-82.4832,36.6245]]},"properties":{"name":"Unnamed Stream","layer":"nhd_perennial_streams","stream_type":"Perennial Stream","length_miles":null,"flow_direction":"","reach_code":""}},{"type":"Feature","geometry":{"type":"LineString","coordinates":[[-82.5976,36.4476],[-82.5941,36.4507]]},"properties":{"name":"Unnamed Stream","layer":"nhd_perennial_streams","stream_type":"Perennial Stream","length_miles":null,"flow_direction":"","reach_code":""}},{"type":"Feature","geometry":{"type":"LineString","coordinates":[[-82.4501,36.4873],[-82.4549,36.4854]]},"properties":{"name":"Unnamed Stream","layer":"nhd_perennial_streams","stream_type":"Perennial Stream","length_miles":null,"flow_direction":"","reach_code":""}},{"type":"Feature","geometry":{"type":"LineString","coordinates":[[-82.653,36.6468],[-82.6498,36.6344]]},"properties":{"name":"Unnamed Stream","layer":"nhd_perennial_streams","stream_type":"Perennial Stream","length_miles":null,"flow_direction":"","reach_code":""}},{"type":"Feature","geometry":{"type":"LineString","coordinates":[[-82.4791,36.5164],[-82.4804,36.5115]]},"properties":{"name":"Unnamed Stream","layer":"nhd_perennial_streams","stream_type":"Perennial Stream","length_miles":null,"flow_direction":"","reach_code":""}},{"type":"Feature","geometry":{"type":"LineString","coordinates":[[-82.5959,36.4114],[-82.5809,36.4188],[-82.5671,36.4189]]},"properties":{"name":"Unnamed Stream","layer":"nhd_perennial_streams","stream_type":"Perennial Stream","length_miles":null,"flow_direction":"","reach_code":""}},{"type":"Feature","geometry":{"type":"LineString","coordinates":[[-82.5401,36.6321],[-82.5435,36.6314]]},"properties":{"name":"Unnamed Stream","layer":"nhd_perennial_streams","stream_type":"Perennial Stream","length_miles":null,"flow_direction":"","reach_code":""}},{"type":"Feature","geometry":{"type":"LineString","coordinates":[[-82.3831,36.5492],[-82.3878,36.549]]},"properties":{"name":"Unnamed Stream","layer":"nhd_perennial_streams","stream_type":"Perennial Stream","length_miles":null,"flow_direction":"","reach_code":""}},{"type":"Feature","geometry":{"type":"LineString","coordinates":[[-82.67,36.5539],[-82.6574,36.5555]]},"properties":{"name":"Unnamed Stream","layer":"nhd_perennial_streams","stream_type":"Perennial Stream","length_miles":null,"flow_direction":"","reach_code":""}},{"type":"Feature","geometry":{"type":"LineString","coordinates":[[-82.7194,36.4871],[-82.7205,36.4881]]},"properties":{"name":"Unnamed Stream","layer":"nhd_perennial_streams","stream_type":"Perennial Stream","length_miles":null,"flow_direction":"","reach_code":""}},{"type":"Feature","geometry":{"type":"LineString","coordinates":[[-82.7194,36.542],[-82.723,36.5397]]},"properties":{"name":"Unnamed Stream","layer":"nhd_perennial_streams","stream_type":"Perennial Stream","length_miles":null,"flow_direction":"","reach_code":""}},{"type":"Feature","geometry":{"type":"LineString","coordinates":[[-82.5508,36.5007],[-82.5537,36.5028]]},"properties":{"name":"Unnamed Stream","layer":"nhd_perennial_streams","stream_type":"Perennial Stream","length_miles":null,"flow_direction":"","reach_code":""}},{"type":"Feature","geometry":{"type":"LineString","coordinates":[[-82.6406,36.4757],[-82.6406,36.4748]]},"properties":{"name":"Unnamed Stream","layer":"nhd_perennial_streams","stream_type":"Perennial Stream","length_miles":null,"flow_direction":"","reach_code":""}},{"type":"Feature","geometry":{"type":"LineString","coordinates":[[-82.6638,36.4652],[-82.6625,36.4634]]},"properties":{"name":"Unnamed Stream","layer":"nhd_perennial_streams","stream_type":"Perennial Stream","length_miles":null,"flow_direction":"","reach_code":""}},{"type":"Feature","geometry":{"type":"LineString","coordinates":[[-82.6617,36.4167],[-82.661,36.4162]]},"properties":{"name":"Unnamed Stream","layer":"nhd_perennial_streams","stream_type":"Perennial Stream","length_miles":null,"flow_direction":"","reach_code":""}},{"type":"Feature","geometry":{"type":"LineString","coordinates":[[-82.6303,36.4568],[-82.6298,36.4553]]},"properties":{"name":"Unnamed Stream","layer":"nhd_perennial_streams","stream_type":"Perennial Stream","length_miles":null,"flow_direction":"","reach_code":""}},{"type":"Feature","geometry":{"type":"LineString","coordinates":[[-82.6134,36.4381],[-82.6137,36.4391]]},"properties":{"name":"Unnamed Stream","layer":"nhd_perennial_streams","stream_type":"Perennial Stream","length_miles":null,"flow_direction":"","reach_code":""}},{"type":"Feature","geometry":{"type":"LineString","coordinates":[[-82.6065,36.5131],[-82.6081,36.5121]]},"properties":{"name":"Unnamed Stream","layer":"nhd_perennial_streams","stream_type":"Perennial Stream","length_miles":null,"flow_direction":"","reach_code":""}},{"type":"Feature","geometry":{"type":"LineString","coordinates":[[-82.4747,36.4164],[-82.4683,36.4194]]},"properties":{"name":"Unnamed Stream","layer":"nhd_perennial_streams","stream_type":"Perennial Stream","length_miles":null,"flow_direction":"","reach_code":""}},{"type":"Feature","geometry":{"type":"LineString","coordinates":[[-82.6938,36.4539],[-82.6903,36.4482]]},"properties":{"name":"Unnamed Stream","layer":"nhd_perennial_streams","stream_type":"Perennial Stream","length_miles":null,"flow_direction":"","reach_code":""}},{"type":"Feature","geometry":{"type":"LineString","coordinates":[[-82.586,36.6276],[-82.5865,36.6315]]},"properties":{"name":"Unnamed Stream","layer":"nhd_perennial_streams","stream_type":"Perennial Stream","length_miles":null,"flow_direction":"","reach_code":""}},{"type":"Feature","geometry":{"type":"LineString","coordinates":[[-82.4818,36.5339],[-82.4776,36.5288]]},"properties":{"name":"Unnamed Stream","layer":"nhd_perennial_streams","stream_type":"Perennial Stream","length_miles":null,"flow_direction":"","reach_code":""}},{"type":"Feature","geometry":{"type":"LineString","coordinates":[[-82.6506,36.4491],[-82.6494,36.4497]]},"properties":{"name":"Unnamed Stream","layer":"nhd_perennial_streams","stream_type":"Perennial Stream","length_miles":null,"flow_direction":"","reach_code":""}},{"type":"Feature","geometry":{"type":"LineString","coordinates":[[-82.571,36.5995],[-82.5754,36.6055]]},"properties":{"name":"Unnamed Stream","layer":"nhd_perennial_streams","stream_type":"Perennial Stream","length_miles":null,"flow_direction":"","reach_code":""}},{"type":"Feature","geometry":{"type":"LineString","coordinates":[[-82.7293,36.4809],[-82.7285,36.4787]]},"properties":{"name":"Unnamed Stream","layer":"nhd_perennial_streams","stream_type":"Perennial Stream","length_miles":null,"flow_direction":"","reach_code":""}},{"type":"Feature","geometry":{"type":"LineString","coordinates":[[-82.7384,36.4964],[-82.7407,36.4952]]},"properties":{"name":"Unnamed Stream","layer":"nhd_perennial_streams","stream_type":"Perennial Stream","length_miles":null,"flow_direction":"","reach_code":""}},{"type":"Feature","geometry":{"type":"LineString","coordinates":[[-82.7008,36.4324],[-82.7023,36.4324]]},"properties":{"name":"Unnamed Stream","layer":"nhd_perennial_streams","stream_type":"Perennial Stream","length_miles":null,"flow_direction":"","reach_code":""}},{"type":"Feature","geometry":{"type":"LineString","coordinates":[[-82.5173,36.6352],[-82.5179,36.6339]]},"properties":{"name":"Unnamed Stream","layer":"nhd_perennial_streams","stream_type":"Perennial Stream","length_miles":null,"flow_direction":"","reach_code":""}},{"type":"Feature","geometry":{"type":"LineString","coordinates":[[-82.6499,36.5709],[-82.6484,36.5754]]},"properties":{"name":"Unnamed Stream","layer":"nhd_perennial_streams","stream_type":"Perennial Stream","length_miles":null,"flow_direction":"","reach_code":""}},{"type":"Feature","geometry":{"type":"LineString","coordinates":[[-82.6835,36.4325],[-82.6861,36.4386]]},"properties":{"name":"Unnamed Stream","layer":"nhd_perennial_streams","stream_type":"Perennial Stream","length_miles":null,"flow_direction":"","reach_code":""}},{"type":"Feature","geometry":{"type":"LineString","coordinates":[[-82.4776,36.5288],[-82.4825,36.5262]]},"properties":{"name":"Unnamed Stream","layer":"nhd_perennial_streams","stream_type":"Perennial Stream","length_miles":null,"flow_direction":"","reach_code":""}},{"type":"Feature","geometry":{"type":"LineString","coordinates":[[-82.6062,36.5665],[-82.6124,36.5634]]},"properties":{"name":"Unnamed Stream","layer":"nhd_perennial_streams","stream_type":"Perennial Stream","length_miles":null,"flow_direction":"","reach_code":""}},{"type":"Feature","geometry":{"type":"LineString","coordinates":[[-82.4327,36.4889],[-82.4366,36.4852]]},"properties":{"name":"Unnamed Stream","layer":"nhd_perennial_streams","stream_type":"Perennial Stream","length_miles":null,"flow_direction":"","reach_code":""}},{"type":"Feature","geometry":{"type":"LineString","coordinates":[[-82.6976,36.5853],[-82.6993,36.5937]]},"properties":{"name":"Unnamed Stream","layer":"nhd_perennial_streams","stream_type":"Perennial Stream","length_miles":null,"flow_direction":"","reach_code":""}},{"type":"Feature","geometry":{"type":"LineString","coordinates":[[-82.5017,36.6453],[-82.5008,36.6432]]},"properties":{"name":"Unnamed Stream","layer":"nhd_perennial_streams","stream_type":"Perennial Stream","length_miles":null,"flow_direction":"","reach_code":""}},{"type":"Feature","geometry":{"type":"LineString","coordinates":[[-82.6735,36.5801],[-82.6735,36.5798]]},"properties":{"name":"Unnamed Stream","layer":"nhd_perennial_streams","stream_type":"Perennial Stream","length_miles":null,"flow_direction":"","reach_code":""}},{"type":"Feature","geometry":{"type":"LineString","coordinates":[[-82.6705,36.4487],[-82.6725,36.4507]]},"properties":{"name":"Unnamed Stream","layer":"nhd_perennial_streams","stream_type":"Perennial Stream","length_miles":null,"flow_direction":"","reach_code":""}},{"type":"Feature","geometry":{"type":"LineString","coordinates":[[-82.6249,36.3911],[-82.6254,36.3914]]},"properties":{"name":"Unnamed Stream","layer":"nhd_perennial_streams","stream_type":"Perennial Stream","length_miles":null,"flow_direction":"","reach_code":""}},{"type":"Feature","geometry":{"type":"LineString","coordinates":[[-82.633,36.4779],[-82.6294,36.4785]]},"properties":{"name":"Unnamed Stream","layer":"nhd_perennial_streams","stream_type":"Perennial Stream","length_miles":null,"flow_direction":"","reach_code":""}},{"type":"Feature","geometry":{"type":"LineString","coordinates":[[-82.6915,36.4743],[-82.6875,36.47]]},"properties":{"name":"Unnamed Stream","layer":"nhd_perennial_streams","stream_type":"Perennial Stream","length_miles":null,"flow_direction":"","reach_code":""}},{"type":"Feature","geometry":{"type":"LineString","coordinates":[[-82.4979,36.3746],[-82.4998,36.3794]]},"properties":{"name":"Unnamed Stream","layer":"nhd_perennial_streams","stream_type":"Perennial Stream","length_miles":null,"flow_direction":"","reach_code":""}},{"type":"Feature","geometry":{"type":"LineString","coordinates":[[-82.5089,36.4891],[-82.5089,36.4892]]},"properties":{"name":"Unnamed Stream","layer":"nhd_perennial_streams","stream_type":"Perennial Stream","length_miles":null,"flow_direction":"","reach_code":""}},{"type":"Feature","geometry":{"type":"LineString","coordinates":[[-82.7127,36.5489],[-82.7125,36.5426]]},"properties":{"name":"Unnamed Stream","layer":"nhd_perennial_streams","stream_type":"Perennial Stream","length_miles":null,"flow_direction":"","reach_code":""}},{"type":"Feature","geometry":{"type":"LineString","coordinates":[[-82.6746,36.5165],[-82.6797,36.5213]]},"properties":{"name":"Unnamed Stream","layer":"nhd_perennial_streams","stream_type":"Perennial Stream","length_miles":null,"flow_direction":"","reach_code":""}},{"type":"Feature","geometry":{"type":"LineString","coordinates":[[-82.6937,36.4414],[-82.6942,36.4416]]},"properties":{"name":"Unnamed Stream","layer":"nhd_perennial_streams","stream_type":"Perennial Stream","length_miles":null,"flow_direction":"","reach_code":""}},{"type":"Feature","geometry":{"type":"LineString","coordinates":[[-82.6801,36.5466],[-82.6942,36.5447]]},"properties":{"name":"Unnamed Stream","layer":"nhd_perennial_streams","stream_type":"Perennial Stream","length_miles":null,"flow_direction":"","reach_code":""}},{"type":"Feature","geometry":{"type":"LineString","coordinates":[[-82.6841,36.5561],[-82.6802,36.558],[-82.6717,36.555]]},"properties":{"name":"Unnamed Stream","layer":"nhd_perennial_streams","stream_type":"Perennial Stream","length_miles":null,"flow_direction":"","reach_code":""}},{"type":"Feature","geometry":{"type":"LineString","coordinates":[[-82.6895,36.4366],[-82.6896,36.4386]]},"properties":{"name":"Unnamed Stream","layer":"nhd_perennial_streams","stream_type":"Perennial Stream","length_miles":null,"flow_direction":"","reach_code":""}},{"type":"Feature","geometry":{"type":"LineString","coordinates":[[-82.536,36.3731],[-82.5358,36.3711]]},"properties":{"name":"Unnamed Stream","layer":"nhd_perennial_streams","stream_type":"Perennial Stream","length_miles":null,"flow_direction":"","reach_code":""}},{"type":"Feature","geometry":{"type":"LineString","coordinates":[[-82.4873,36.4002],[-82.4928,36.4041]]},"properties":{"name":"Unnamed Stream","layer":"nhd_perennial_streams","stream_type":"Perennial Stream","length_miles":null,"flow_direction":"","reach_code":""}},{"type":"Feature","geometry":{"type":"LineString","coordinates":[[-82.6874,36.4746],[-82.6849,36.4715]]},"properties":{"name":"Unnamed Stream","layer":"nhd_perennial_streams","stream_type":"Perennial Stream","length_miles":null,"flow_direction":"","reach_code":""}},{"type":"Feature","geometry":{"type":"LineString","coordinates":[[-82.5399,36.3847],[-82.5369,36.3888]]},"properties":{"name":"Unnamed Stream","layer":"nhd_perennial_streams","stream_type":"Perennial Stream","length_miles":null,"flow_direction":"","reach_code":""}},{"type":"Feature","geometry":{"type":"LineString","coordinates":[[-82.5133,36.6396],[-82.5132,36.6391]]},"properties":{"name":"Unnamed Stream","layer":"nhd_perennial_streams","stream_type":"Perennial Stream","length_miles":null,"flow_direction":"","reach_code":""}},{"type":"Feature","geometry":{"type":"LineString","coordinates":[[-82.5157,36.6499],[-82.5137,36.6454]]},"properties":{"name":"Unnamed Stream","layer":"nhd_perennial_streams","stream_type":"Perennial Stream","length_miles":null,"flow_direction":"","reach_code":""}},{"type":"Feature","geometry":{"type":"LineString","coordinates":[[-82.5384,36.5588],[-82.5409,36.5567]]},"properties":{"name":"Unnamed Stream","layer":"nhd_perennial_streams","stream_type":"Perennial Stream","length_miles":null,"flow_direction":"","reach_code":""}},{"type":"Feature","geometry":{"type":"LineString","coordinates":[[-82.6037,36.6323],[-82.6013,36.6323]]},"properties":{"name":"Unnamed Stream","layer":"nhd_perennial_streams","stream_type":"Perennial Stream","length_miles":null,"flow_direction":"","reach_code":""}},{"type":"Feature","geometry":{"type":"LineString","coordinates":[[-82.5375,36.4756],[-82.5403,36.478]]},"properties":{"name":"Unnamed Stream","layer":"nhd_perennial_streams","stream_type":"Perennial Stream","length_miles":null,"flow_direction":"","reach_code":""}},{"type":"Feature","geometry":{"type":"LineString","coordinates":[[-82.5174,36.41],[-82.5114,36.4131]]},"properties":{"name":"Unnamed Stream","layer":"nhd_perennial_streams","stream_type":"Perennial Stream","length_miles":null,"flow_direction":"","reach_code":""}},{"type":"Feature","geometry":{"type":"LineString","coordinates":[[-82.5964,36.5078],[-82.5923,36.5049]]},"properties":{"name":"Unnamed Stream","layer":"nhd_perennial_streams","stream_type":"Perennial Stream","length_miles":null,"flow_direction":"","reach_code":""}},{"type":"Feature","geometry":{"type":"LineString","coordinates":[[-82.6571,36.5902],[-82.6561,36.5956]]},"properties":{"name":"Unnamed Stream","layer":"nhd_perennial_streams","stream_type":"Perennial Stream","length_miles":null,"flow_direction":"","reach_code":""}},{"type":"Feature","geometry":{"type":"LineString","coordinates":[[-82.6246,36.6265],[-82.6238,36.6293]]},"properties":{"name":"Unnamed Stream","layer":"nhd_perennial_streams","stream_type":"Perennial Stream","length_miles":null,"flow_direction":"","reach_code":""}},{"type":"Feature","geometry":{"type":"LineString","coordinates":[[-82.6502,36.4615],[-82.6499,36.4628]]},"properties":{"name":"Unnamed Stream","layer":"nhd_perennial_streams","stream_type":"Perennial Stream","length_miles":null,"flow_direction":"","reach_code":""}},{"type":"Feature","geometry":{"type":"LineString","coordinates":[[-82.4926,36.3746],[-82.4952,36.3839]]},"properties":{"name":"Unnamed Stream","layer":"nhd_perennial_streams","stream_type":"Perennial Stream","length_miles":null,"flow_direction":"","reach_code":""}},{"type":"Feature","geometry":{"type":"LineString","coordinates":[[-82.6135,36.6277],[-82.6135,36.6314]]},"properties":{"name":"Unnamed Stream","layer":"nhd_perennial_streams","stream_type":"Perennial Stream","length_miles":null,"flow_direction":"","reach_code":""}},{"type":"Feature","geometry":{"type":"LineString","coordinates":[[-82.6491,36.4521],[-82.6434,36.454]]},"properties":{"name":"Unnamed Stream","layer":"nhd_perennial_streams","stream_type":"Perennial Stream","length_miles":null,"flow_direction":"","reach_code":""}},{"type":"Feature","geometry":{"type":"LineString","coordinates":[[-82.6788,36.4831],[-82.6762,36.4824]]},"properties":{"name":"Unnamed Stream","layer":"nhd_perennial_streams","stream_type":"Perennial Stream","length_miles":null,"flow_direction":"","reach_code":""}},{"type":"Feature","geometry":{"type":"LineString","coordinates":[[-82.6587,36.5096],[-82.6588,36.5154]]},"properties":{"name":"Unnamed Stream","layer":"nhd_perennial_streams","stream_type":"Perennial Stream","length_miles":null,"flow_direction":"","reach_code":""}},{"type":"Feature","geometry":{"type":"LineString","coordinates":[[-82.6206,36.5407],[-82.6206,36.5409]]},"properties":{"name":"Unnamed Stream","layer":"nhd_perennial_streams","stream_type":"Perennial Stream","length_miles":null,"flow_direction":"","reach_code":""}},{"type":"Feature","geometry":{"type":"LineString","coordinates":[[-82.6929,36.4181],[-82.6938,36.4273]]},"properties":{"name":"Unnamed Stream","layer":"nhd_perennial_streams","stream_type":"Perennial Stream","length_miles":null,"flow_direction":"","reach_code":""}},{"type":"Feature","geometry":{"type":"LineString","coordinates":[[-82.7187,36.4462],[-82.7141,36.4431]]},"properties":{"name":"Unnamed Stream","layer":"nhd_perennial_streams","stream_type":"Perennial Stream","length_miles":null,"flow_direction":"","reach_code":""}},{"type":"Feature","geometry":{"type":"LineString","coordinates":[[-82.4697,36.6251],[-82.468,36.6268]]},"properties":{"name":"Unnamed Stream","layer":"nhd_perennial_streams","stream_type":"Perennial Stream","length_miles":null,"flow_direction":"","reach_code":""}},{"type":"Feature","geometry":{"type":"LineString","coordinates":[[-82.5654,36.6493],[-82.5627,36.6448]]},"properties":{"name":"Unnamed Stream","layer":"nhd_perennial_streams","stream_type":"Perennial Stream","length_miles":null,"flow_direction":"","reach_code":""}},{"type":"Feature","geometry":{"type":"LineString","coordinates":[[-82.5293,36.6527],[-82.5299,36.653]]},"properties":{"name":"Unnamed Stream","layer":"nhd_perennial_streams","stream_type":"Perennial Stream","length_miles":null,"flow_direction":"","reach_code":""}},{"type":"Feature","geometry":{"type":"LineString","coordinates":[[-82.6426,36.4405],[-82.6419,36.442]]},"properties":{"name":"Unnamed Stream","layer":"nhd_perennial_streams","stream_type":"Perennial Stream","length_miles":null,"flow_direction":"","reach_code":""}},{"type":"Feature","geometry":{"type":"LineString","coordinates":[[-82.693,36.4713],[-82.6935,36.47]]},"properties":{"name":"Unnamed Stream","layer":"nhd_perennial_streams","stream_type":"Perennial Stream","length_miles":null,"flow_direction":"","reach_code":""}},{"type":"Feature","geometry":{"type":"LineString","coordinates":[[-82.6367,36.4491],[-82.6362,36.449]]},"properties":{"name":"Unnamed Stream","layer":"nhd_perennial_streams","stream_type":"Perennial Stream","length_miles":null,"flow_direction":"","reach_code":""}},{"type":"Feature","geometry":{"type":"LineString","coordinates":[[-82.4329,36.5439],[-82.4362,36.5409]]},"properties":{"name":"Unnamed Stream","layer":"nhd_perennial_streams","stream_type":"Perennial Stream","length_miles":null,"flow_direction":"","reach_code":""}},{"type":"Feature","geometry":{"type":"LineString","coordinates":[[-82.5439,36.4736],[-82.5403,36.478]]},"properties":{"name":"Unnamed Stream","layer":"nhd_perennial_streams","stream_type":"Perennial Stream","length_miles":null,"flow_direction":"","reach_code":""}},{"type":"Feature","geometry":{"type":"LineString","coordinates":[[-82.5383,36.6526],[-82.5383,36.655]]},"properties":{"name":"Unnamed Stream","layer":"nhd_perennial_streams","stream_type":"Perennial Stream","length_miles":null,"flow_direction":"","reach_code":""}},{"type":"Feature","geometry":{"type":"LineString","coordinates":[[-82.6033,36.3698],[-82.5936,36.3738]]},"properties":{"name":"Unnamed Stream","layer":"nhd_perennial_streams","stream_type":"Perennial Stream","length_miles":null,"flow_direction":"","reach_code":""}},{"type":"Feature","geometry":{"type":"LineString","coordinates":[[-82.4477,36.5082],[-82.4542,36.5126],[-82.4578,36.5116]]},"properties":{"name":"Unnamed Stream","layer":"nhd_perennial_streams","stream_type":"Perennial Stream","length_miles":null,"flow_direction":"","reach_code":""}},{"type":"Feature","geometry":{"type":"LineString","coordinates":[[-82.6878,36.4281],[-82.6883,36.4258]]},"properties":{"name":"Unnamed Stream","layer":"nhd_perennial_streams","stream_type":"Perennial Stream","length_miles":null,"flow_direction":"","reach_code":""}},{"type":"Feature","geometry":{"type":"LineString","coordinates":[[-82.6908,36.4321],[-82.6909,36.4338]]},"properties":{"name":"Unnamed Stream","layer":"nhd_perennial_streams","stream_type":"Perennial Stream","length_miles":null,"flow_direction":"","reach_code":""}},{"type":"Feature","geometry":{"type":"LineString","coordinates":[[-82.6982,36.4783],[-82.704,36.4853]]},"properties":{"name":"Unnamed Stream","layer":"nhd_perennial_streams","stream_type":"Perennial Stream","length_miles":null,"flow_direction":"","reach_code":""}},{"type":"Feature","geometry":{"type":"LineString","coordinates":[[-82.7011,36.5146],[-82.7009,36.5144]]},"properties":{"name":"Unnamed Stream","layer":"nhd_perennial_streams","stream_type":"Perennial Stream","length_miles":null,"flow_direction":"","reach_code":""}},{"type":"Feature","geometry":{"type":"LineString","coordinates":[[-82.6252,36.3829],[-82.6274,36.3804]]},"properties":{"name":"Unnamed Stream","layer":"nhd_perennial_streams","stream_type":"Perennial Stream","length_miles":null,"flow_direction":"","reach_code":""}},{"type":"Feature","geometry":{"type":"LineString","coordinates":[[-82.5471,36.3689],[-82.5472,36.3645]]},"properties":{"name":"Unnamed Stream","layer":"nhd_perennial_streams","stream_type":"Perennial Stream","length_miles":null,"flow_direction":"","reach_code":""}},{"type":"Feature","geometry":{"type":"LineString","coordinates":[[-82.5418,36.6479],[-82.5456,36.6504]]},"properties":{"name":"Unnamed Stream","layer":"nhd_perennial_streams","stream_type":"Perennial Stream","length_miles":null,"flow_direction":"","reach_code":""}},{"type":"Feature","geometry":{"type":"LineString","coordinates":[[-82.6791,36.5945],[-82.6748,36.5947]]},"properties":{"name":"Unnamed Stream","layer":"nhd_perennial_streams","stream_type":"Perennial Stream","length_miles":null,"flow_direction":"","reach_code":""}},{"type":"Feature","geometry":{"type":"LineString","coordinates":[[-82.525,36.6333],[-82.5232,36.6333]]},"properties":{"name":"Unnamed Stream","layer":"nhd_perennial_streams","stream_type":"Perennial Stream","length_miles":null,"flow_direction":"","reach_code":""}},{"type":"Feature","geometry":{"type":"LineString","coordinates":[[-82.6735,36.4424],[-82.6751,36.4433]]},"properties":{"name":"Unnamed Stream","layer":"nhd_perennial_streams","stream_type":"Perennial Stream","length_miles":null,"flow_direction":"","reach_code":""}},{"type":"Feature","geometry":{"type":"LineString","coordinates":[[-82.5981,36.6326],[-82.5965,36.6324]]},"properties":{"name":"Unnamed Stream","layer":"nhd_perennial_streams","stream_type":"Perennial Stream","length_miles":null,"flow_direction":"","reach_code":""}},{"type":"Feature","geometry":{"type":"LineString","coordinates":[[-82.4669,36.63],[-82.4679,36.632]]},"properties":{"name":"Unnamed Stream","layer":"nhd_perennial_streams","stream_type":"Perennial Stream","length_miles":null,"flow_direction":"","reach_code":""}},{"type":"Feature","geometry":{"type":"LineString","coordinates":[[-82.5196,36.6041],[-82.5248,36.6064]]},"properties":{"name":"Unnamed Stream","layer":"nhd_perennial_streams","stream_type":"Perennial Stream","length_miles":null,"flow_direction":"","reach_code":""}},{"type":"Feature","geometry":{"type":"LineString","coordinates":[[-82.5467,36.5041],[-82.5471,36.5069],[-82.5413,36.5106]]},"properties":{"name":"Unnamed Stream","layer":"nhd_perennial_streams","stream_type":"Perennial Stream","length_miles":null,"flow_direction":"","reach_code":""}},{"type":"Feature","geometry":{"type":"LineString","coordinates":[[-82.5892,36.4665],[-82.5904,36.467]]},"properties":{"name":"Unnamed Stream","layer":"nhd_perennial_streams","stream_type":"Perennial Stream","length_miles":null,"flow_direction":"","reach_code":""}},{"type":"Feature","geometry":{"type":"LineString","coordinates":[[-82.5902,36.507],[-82.5896,36.5048]]},"properties":{"name":"Unnamed Stream","layer":"nhd_perennial_streams","stream_type":"Perennial Stream","length_miles":null,"flow_direction":"","reach_code":""}},{"type":"Feature","geometry":{"type":"LineString","coordinates":[[-82.6145,36.514],[-82.6144,36.5108]]},"properties":{"name":"Unnamed Stream","layer":"nhd_perennial_streams","stream_type":"Perennial Stream","length_miles":null,"flow_direction":"","reach_code":""}},{"type":"Feature","geometry":{"type":"LineString","coordinates":[[-82.6867,36.4705],[-82.6875,36.47]]},"properties":{"name":"Unnamed Stream","layer":"nhd_perennial_streams","stream_type":"Perennial Stream","length_miles":null,"flow_direction":"","reach_code":""}},{"type":"Feature","geometry":{"type":"LineString","coordinates":[[-82.4575,36.556],[-82.458,36.5618]]},"properties":{"name":"Unnamed Stream","layer":"nhd_perennial_streams","stream_type":"Perennial Stream","length_miles":null,"flow_direction":"","reach_code":""}},{"type":"Feature","geometry":{"type":"LineString","coordinates":[[-82.4743,36.6283],[-82.4789,36.6292]]},"properties":{"name":"Unnamed Stream","layer":"nhd_perennial_streams","stream_type":"Perennial Stream","length_miles":null,"flow_direction":"","reach_code":""}},{"type":"Feature","geometry":{"type":"LineString","coordinates":[[-82.6539,36.4156],[-82.6521,36.4144]]},"properties":{"name":"Unnamed Stream","layer":"nhd_perennial_streams","stream_type":"Perennial Stream","length_miles":null,"flow_direction":"","reach_code":""}},{"type":"Feature","geometry":{"type":"LineString","coordinates":[[-82.5821,36.5215],[-82.5774,36.5157]]},"properties":{"name":"Unnamed Stream","layer":"nhd_perennial_streams","stream_type":"Perennial Stream","length_miles":null,"flow_direction":"","reach_code":""}},{"type":"Feature","geometry":{"type":"LineString","coordinates":[[-82.6696,36.4374],[-82.6679,36.4291]]},"properties":{"name":"Unnamed Stream","layer":"nhd_perennial_streams","stream_type":"Perennial Stream","length_miles":null,"flow_direction":"","reach_code":""}},{"type":"Feature","geometry":{"type":"LineString","coordinates":[[-82.4036,36.4929],[-82.3991,36.4908]]},"properties":{"name":"Unnamed Stream","layer":"nhd_perennial_streams","stream_type":"Perennial Stream","length_miles":null,"flow_direction":"","reach_code":""}},{"type":"Feature","geometry":{"type":"LineString","coordinates":[[-82.6735,36.5798],[-82.6722,36.5753],[-82.6669,36.5764]]},"properties":{"name":"Unnamed Stream","layer":"nhd_perennial_streams","stream_type":"Perennial Stream","length_miles":null,"flow_direction":"","reach_code":""}},{"type":"Feature","geometry":{"type":"LineString","coordinates":[[-82.4122,36.5099],[-82.4039,36.5105]]},"properties":{"name":"Unnamed Stream","layer":"nhd_perennial_streams","stream_type":"Perennial Stream","length_miles":null,"flow_direction":"","reach_code":""}},{"type":"Feature","geometry":{"type":"LineString","coordinates":[[-82.4513,36.5671],[-82.4522,36.5667]]},"properties":{"name":"Unnamed Stream","layer":"nhd_perennial_streams","stream_type":"Perennial Stream","length_miles":null,"flow_direction":"","reach_code":""}},{"type":"Feature","geometry":{"type":"LineString","coordinates":[[-82.6012,36.6315],[-82.6013,36.6323]]},"properties":{"name":"Unnamed Stream","layer":"nhd_perennial_streams","stream_type":"Perennial Stream","length_miles":null,"flow_direction":"","reach_code":""}},{"type":"Feature","geometry":{"type":"LineString","coordinates":[[-82.5275,36.646],[-82.5233,36.6338]]},"properties":{"name":"Unnamed Stream","layer":"nhd_perennial_streams","stream_type":"Perennial Stream","length_miles":null,"flow_direction":"","reach_code":""}},{"type":"Feature","geometry":{"type":"LineString","coordinates":[[-82.6624,36.5878],[-82.6632,36.5944]]},"properties":{"name":"Unnamed Stream","layer":"nhd_perennial_streams","stream_type":"Perennial Stream","length_miles":null,"flow_direction":"","reach_code":""}},{"type":"Feature","geometry":{"type":"LineString","coordinates":[[-82.5092,36.437],[-82.5088,36.4411]]},"properties":{"name":"Unnamed Stream","layer":"nhd_perennial_streams","stream_type":"Perennial Stream","length_miles":null,"flow_direction":"","reach_code":""}},{"type":"Feature","geometry":{"type":"LineString","coordinates":[[-82.4427,36.5713],[-82.4426,36.5708]]},"properties":{"name":"Unnamed Stream","layer":"nhd_perennial_streams","stream_type":"Perennial Stream","length_miles":null,"flow_direction":"","reach_code":""}},{"type":"Feature","geometry":{"type":"LineString","coordinates":[[-82.6797,36.434],[-82.681,36.4371]]},"properties":{"name":"Unnamed Stream","layer":"nhd_perennial_streams","stream_type":"Perennial Stream","length_miles":null,"flow_direction":"","reach_code":""}},{"type":"Feature","geometry":{"type":"LineString","coordinates":[[-82.6545,36.4863],[-82.657,36.4857]]},"properties":{"name":"Unnamed Stream","layer":"nhd_perennial_streams","stream_type":"Perennial Stream","length_miles":null,"flow_direction":"","reach_code":""}},{"type":"Feature","geometry":{"type":"LineString","coordinates":[[-82.6996,36.4293],[-82.7022,36.432]]},"properties":{"name":"Unnamed Stream","layer":"nhd_perennial_streams","stream_type":"Perennial Stream","length_miles":null,"flow_direction":"","reach_code":""}},{"type":"Feature","geometry":{"type":"LineString","coordinates":[[-82.6002,36.5403],[-82.6052,36.5396]]},"properties":{"name":"Unnamed Stream","layer":"nhd_perennial_streams","stream_type":"Perennial Stream","length_miles":null,"flow_direction":"","reach_code":""}},{"type":"Feature","geometry":{"type":"LineString","coordinates":[[-82.6569,36.505],[-82.6658,36.5118]]},"properties":{"name":"Unnamed Stream","layer":"nhd_perennial_streams","stream_type":"Perennial Stream","length_miles":null,"flow_direction":"","reach_code":""}},{"type":"Feature","geometry":{"type":"LineString","coordinates":[[-82.6985,36.4497],[-82.6966,36.4438]]},"properties":{"name":"Unnamed Stream","layer":"nhd_perennial_streams","stream_type":"Perennial Stream","length_miles":null,"flow_direction":"","reach_code":""}},{"type":"Feature","geometry":{"type":"LineString","coordinates":[[-82.6433,36.3878],[-82.6546,36.3867]]},"properties":{"name":"Unnamed Stream","layer":"nhd_perennial_streams","stream_type":"Perennial Stream","length_miles":null,"flow_direction":"","reach_code":""}},{"type":"Feature","geometry":{"type":"LineString","coordinates":[[-82.542,36.3719],[-82.5377,36.37]]},"properties":{"name":"Unnamed Stream","layer":"nhd_perennial_streams","stream_type":"Perennial Stream","length_miles":null,"flow_direction":"","reach_code":""}},{"type":"Feature","geometry":{"type":"LineString","coordinates":[[-82.6253,36.5948],[-82.6227,36.6037]]},"properties":{"name":"Unnamed Stream","layer":"nhd_perennial_streams","stream_type":"Perennial Stream","length_miles":null,"flow_direction":"","reach_code":""}},{"type":"Feature","geometry":{"type":"LineString","coordinates":[[-82.5934,36.6508],[-82.5911,36.6537]]},"properties":{"name":"Unnamed Stream","layer":"nhd_perennial_streams","stream_type":"Perennial Stream","length_miles":null,"flow_direction":"","reach_code":""}},{"type":"Feature","geometry":{"type":"LineString","coordinates":[[-82.5802,36.6364],[-82.5761,36.6383]]},"properties":{"name":"Unnamed Stream","layer":"nhd_perennial_streams","stream_type":"Perennial Stream","length_miles":null,"flow_direction":"","reach_code":""}},{"type":"Feature","geometry":{"type":"LineString","coordinates":[[-82.3931,36.5475],[-82.4,36.5467]]},"properties":{"name":"Unnamed Stream","layer":"nhd_perennial_streams","stream_type":"Perennial Stream","length_miles":null,"flow_direction":"","reach_code":""}},{"type":"Feature","geometry":{"type":"LineString","coordinates":[[-82.4635,36.6337],[-82.4679,36.632]]},"properties":{"name":"Unnamed Stream","layer":"nhd_perennial_streams","stream_type":"Perennial Stream","length_miles":null,"flow_direction":"","reach_code":""}},{"type":"Feature","geometry":{"type":"LineString","coordinates":[[-82.6511,36.42],[-82.6506,36.4198]]},"properties":{"name":"Unnamed Stream","layer":"nhd_perennial_streams","stream_type":"Perennial Stream","length_miles":null,"flow_direction":"","reach_code":""}},{"type":"Feature","geometry":{"type":"LineString","coordinates":[[-82.512,36.5867],[-82.5137,36.5849]]},"properties":{"name":"Unnamed Stream","layer":"nhd_perennial_streams","stream_type":"Perennial Stream","length_miles":null,"flow_direction":"","reach_code":""}},{"type":"Feature","geometry":{"type":"LineString","coordinates":[[-82.635,36.47],[-82.6348,36.4651]]},"properties":{"name":"Unnamed Stream","layer":"nhd_perennial_streams","stream_type":"Perennial Stream","length_miles":null,"flow_direction":"","reach_code":""}},{"type":"Feature","geometry":{"type":"LineString","coordinates":[[-82.6499,36.5756],[-82.6484,36.5754]]},"properties":{"name":"Unnamed Stream","layer":"nhd_perennial_streams","stream_type":"Perennial Stream","length_miles":null,"flow_direction":"","reach_code":""}},{"type":"Feature","geometry":{"type":"LineString","coordinates":[[-82.6299,36.4096],[-82.6293,36.4119]]},"properties":{"name":"Unnamed Stream","layer":"nhd_perennial_streams","stream_type":"Perennial Stream","length_miles":null,"flow_direction":"","reach_code":""}},{"type":"Feature","geometry":{"type":"LineString","coordinates":[[-82.5399,36.6463],[-82.5418,36.6479]]},"properties":{"name":"Unnamed Stream","layer":"nhd_perennial_streams","stream_type":"Perennial Stream","length_miles":null,"flow_direction":"","reach_code":""}},{"type":"Feature","geometry":{"type":"LineString","coordinates":[[-82.5467,36.3938],[-82.5374,36.4059],[-82.5344,36.4037]]},"properties":{"name":"Unnamed Stream","layer":"nhd_perennial_streams","stream_type":"Perennial Stream","length_miles":null,"flow_direction":"","reach_code":""}},{"type":"Feature","geometry":{"type":"LineString","coordinates":[[-82.5918,36.3674],[-82.5932,36.3697]]},"properties":{"name":"Unnamed Stream","layer":"nhd_perennial_streams","stream_type":"Perennial Stream","length_miles":null,"flow_direction":"","reach_code":""}},{"type":"Feature","geometry":{"type":"LineString","coordinates":[[-82.5341,36.5229],[-82.5359,36.5205]]},"properties":{"name":"Unnamed Stream","layer":"nhd_perennial_streams","stream_type":"Perennial Stream","length_miles":null,"flow_direction":"","reach_code":""}},{"type":"Feature","geometry":{"type":"LineString","coordinates":[[-82.5141,36.6318],[-82.5164,36.6311]]},"properties":{"name":"Unnamed Stream","layer":"nhd_perennial_streams","stream_type":"Perennial Stream","length_miles":null,"flow_direction":"","reach_code":""}},{"type":"Feature","geometry":{"type":"LineString","coordinates":[[-82.5273,36.4333],[-82.5252,36.4361],[-82.5278,36.4403]]},"properties":{"name":"Unnamed Stream","layer":"nhd_perennial_streams","stream_type":"Perennial Stream","length_miles":null,"flow_direction":"","reach_code":""}},{"type":"Feature","geometry":{"type":"LineString","coordinates":[[-82.5519,36.5462],[-82.5565,36.5434]]},"properties":{"name":"Unnamed Stream","layer":"nhd_perennial_streams","stream_type":"Perennial Stream","length_miles":null,"flow_direction":"","reach_code":""}},{"type":"Feature","geometry":{"type":"LineString","coordinates":[[-82.633,36.4913],[-82.6328,36.4899]]},"properties":{"name":"Unnamed Stream","layer":"nhd_perennial_streams","stream_type":"Perennial Stream","length_miles":null,"flow_direction":"","reach_code":""}},{"type":"Feature","geometry":{"type":"LineString","coordinates":[[-82.6336,36.5719],[-82.6323,36.568]]},"properties":{"name":"Unnamed Stream","layer":"nhd_perennial_streams","stream_type":"Perennial Stream","length_miles":null,"flow_direction":"","reach_code":""}},{"type":"Feature","geometry":{"type":"LineString","coordinates":[[-82.5004,36.5289],[-82.5043,36.53],[-82.5037,36.5341]]},"properties":{"name":"Unnamed Stream","layer":"nhd_perennial_streams","stream_type":"Perennial Stream","length_miles":null,"flow_direction":"","reach_code":""}},{"type":"Feature","geometry":{"type":"LineString","coordinates":[[-82.5631,36.4239],[-82.5517,36.432]]},"properties":{"name":"Unnamed Stream","layer":"nhd_perennial_streams","stream_type":"Perennial Stream","length_miles":null,"flow_direction":"","reach_code":""}},{"type":"Feature","geometry":{"type":"LineString","coordinates":[[-82.5668,36.4189],[-82.5631,36.4239]]},"properties":{"name":"Unnamed Stream","layer":"nhd_perennial_streams","stream_type":"Perennial Stream","length_miles":null,"flow_direction":"","reach_code":""}},{"type":"Feature","geometry":{"type":"LineString","coordinates":[[-82.5847,36.595],[-82.5888,36.5908]]},"properties":{"name":"Unnamed Stream","layer":"nhd_perennial_streams","stream_type":"Perennial Stream","length_miles":null,"flow_direction":"","reach_code":""}},{"type":"Feature","geometry":{"type":"LineString","coordinates":[[-82.6868,36.4237],[-82.6869,36.4257]]},"properties":{"name":"Unnamed Stream","layer":"nhd_perennial_streams","stream_type":"Perennial Stream","length_miles":null,"flow_direction":"","reach_code":""}},{"type":"Feature","geometry":{"type":"LineString","coordinates":[[-82.719,36.4759],[-82.7208,36.4775]]},"properties":{"name":"Unnamed Stream","layer":"nhd_perennial_streams","stream_type":"Perennial Stream","length_miles":null,"flow_direction":"","reach_code":""}},{"type":"Feature","geometry":{"type":"LineString","coordinates":[[-82.6644,36.4035],[-82.6669,36.4026]]},"properties":{"name":"Unnamed Stream","layer":"nhd_perennial_streams","stream_type":"Perennial Stream","length_miles":null,"flow_direction":"","reach_code":""}},{"type":"Feature","geometry":{"type":"LineString","coordinates":[[-82.5248,36.6064],[-82.5278,36.6112],[-82.5325,36.6104]]},"properties":{"name":"Unnamed Stream","layer":"nhd_perennial_streams","stream_type":"Perennial Stream","length_miles":null,"flow_direction":"","reach_code":""}},{"type":"Feature","geometry":{"type":"LineString","coordinates":[[-82.6358,36.5818],[-82.6319,36.5822]]},"properties":{"name":"Unnamed Stream","layer":"nhd_perennial_streams","stream_type":"Perennial Stream","length_miles":null,"flow_direction":"","reach_code":""}},{"type":"Feature","geometry":{"type":"LineString","coordinates":[[-82.678,36.439],[-82.6816,36.442]]},"properties":{"name":"Unnamed Stream","layer":"nhd_perennial_streams","stream_type":"Perennial Stream","length_miles":null,"flow_direction":"","reach_code":""}},{"type":"Feature","geometry":{"type":"LineString","coordinates":[[-82.571,36.3891],[-82.5676,36.3955]]},"properties":{"name":"Unnamed Stream","layer":"nhd_perennial_streams","stream_type":"Perennial Stream","length_miles":null,"flow_direction":"","reach_code":""}},{"type":"Feature","geometry":{"type":"LineString","coordinates":[[-82.6264,36.463],[-82.6312,36.4625]]},"properties":{"name":"Unnamed Stream","layer":"nhd_perennial_streams","stream_type":"Perennial Stream","length_miles":null,"flow_direction":"","reach_code":""}},{"type":"Feature","geometry":{"type":"LineString","coordinates":[[-82.6152,36.4231],[-82.6118,36.4262]]},"properties":{"name":"Unnamed Stream","layer":"nhd_perennial_streams","stream_type":"Perennial Stream","length_miles":null,"flow_direction":"","reach_code":""}},{"type":"Feature","geometry":{"type":"LineString","coordinates":[[-82.6192,36.6103],[-82.6166,36.6088]]},"properties":{"name":"Unnamed Stream","layer":"nhd_perennial_streams","stream_type":"Perennial Stream","length_miles":null,"flow_direction":"","reach_code":""}},{"type":"Feature","geometry":{"type":"LineString","coordinates":[[-82.6634,36.4625],[-82.6646,36.4619]]},"properties":{"name":"Unnamed Stream","layer":"nhd_perennial_streams","stream_type":"Perennial Stream","length_miles":null,"flow_direction":"","reach_code":""}},{"type":"Feature","geometry":{"type":"LineString","coordinates":[[-82.6292,36.3919],[-82.6267,36.393]]},"properties":{"name":"Unnamed Stream","layer":"nhd_perennial_streams","stream_type":"Perennial Stream","length_miles":null,"flow_direction":"","reach_code":""}},{"type":"Feature","geometry":{"type":"LineString","coordinates":[[-82.6413,36.486],[-82.6379,36.4817]]},"properties":{"name":"Unnamed Stream","layer":"nhd_perennial_streams","stream_type":"Perennial Stream","length_miles":null,"flow_direction":"","reach_code":""}},{"type":"Feature","geometry":{"type":"LineString","coordinates":[[-82.4466,36.5873],[-82.4439,36.5859],[-82.4433,36.5738]]},"properties":{"name":"Unnamed Stream","layer":"nhd_perennial_streams","stream_type":"Perennial Stream","length_miles":null,"flow_direction":"","reach_code":""}},{"type":"Feature","geometry":{"type":"LineString","coordinates":[[-82.5713,36.5975],[-82.571,36.5995]]},"properties":{"name":"Unnamed Stream","layer":"nhd_perennial_streams","stream_type":"Perennial Stream","length_miles":null,"flow_direction":"","reach_code":""}},{"type":"Feature","geometry":{"type":"LineString","coordinates":[[-82.7142,36.5795],[-82.7154,36.5788]]},"properties":{"name":"Unnamed Stream","layer":"nhd_perennial_streams","stream_type":"Perennial Stream","length_miles":null,"flow_direction":"","reach_code":""}},{"type":"Feature","geometry":{"type":"LineString","coordinates":[[-82.6957,36.5689],[-82.6956,36.5625]]},"properties":{"name":"Unnamed Stream","layer":"nhd_perennial_streams","stream_type":"Perennial Stream","length_miles":null,"flow_direction":"","reach_code":""}},{"type":"Feature","geometry":{"type":"LineString","coordinates":[[-82.7026,36.4327],[-82.7044,36.435]]},"properties":{"name":"Unnamed Stream","layer":"nhd_perennial_streams","stream_type":"Perennial Stream","length_miles":null,"flow_direction":"","reach_code":""}},{"type":"Feature","geometry":{"type":"LineString","coordinates":[[-82.6397,36.5001],[-82.6425,36.4973]]},"properties":{"name":"Unnamed Stream","layer":"nhd_perennial_streams","stream_type":"Perennial Stream","length_miles":null,"flow_direction":"","reach_code":""}},{"type":"Feature","geometry":{"type":"LineString","coordinates":[[-82.5431,36.4387],[-82.54,36.4411]]},"properties":{"name":"Unnamed Stream","layer":"nhd_perennial_streams","stream_type":"Perennial Stream","length_miles":null,"flow_direction":"","reach_code":""}},{"type":"Feature","geometry":{"type":"LineString","coordinates":[[-82.653,36.5892],[-82.6558,36.5957]]},"properties":{"name":"Unnamed Stream","layer":"nhd_perennial_streams","stream_type":"Perennial Stream","length_miles":null,"flow_direction":"","reach_code":""}},{"type":"Feature","geometry":{"type":"LineString","coordinates":[[-82.5241,36.565],[-82.5218,36.5605]]},"properties":{"name":"Unnamed Stream","layer":"nhd_perennial_streams","stream_type":"Perennial Stream","length_miles":null,"flow_direction":"","reach_code":""}},{"type":"Feature","geometry":{"type":"LineString","coordinates":[[-82.4259,36.5042],[-82.4386,36.5005]]},"properties":{"name":"Unnamed Stream","layer":"nhd_perennial_streams","stream_type":"Perennial Stream","length_miles":null,"flow_direction":"","reach_code":""}},{"type":"Feature","geometry":{"type":"LineString","coordinates":[[-82.621,36.4376],[-82.6164,36.4433]]},"properties":{"name":"Unnamed Stream","layer":"nhd_perennial_streams","stream_type":"Perennial Stream","length_miles":null,"flow_direction":"","reach_code":""}},{"type":"Feature","geometry":{"type":"LineString","coordinates":[[-82.4164,36.5408],[-82.4172,36.5412]]},"properties":{"name":"Unnamed Stream","layer":"nhd_perennial_streams","stream_type":"Perennial Stream","length_miles":null,"flow_direction":"","reach_code":""}},{"type":"Feature","geometry":{"type":"LineString","coordinates":[[-82.6393,36.4795],[-82.633,36.4779]]},"properties":{"name":"Unnamed Stream","layer":"nhd_perennial_streams","stream_type":"Perennial Stream","length_miles":null,"flow_direction":"","reach_code":""}},{"type":"Feature","geometry":{"type":"LineString","coordinates":[[-82.6595,36.4546],[-82.6574,36.4555]]},"properties":{"name":"Unnamed Stream","layer":"nhd_perennial_streams","stream_type":"Perennial Stream","length_miles":null,"flow_direction":"","reach_code":""}},{"type":"Feature","geometry":{"type":"LineString","coordinates":[[-82.4804,36.5115],[-82.4815,36.5096]]},"properties":{"name":"Unnamed Stream","layer":"nhd_perennial_streams","stream_type":"Perennial Stream","length_miles":null,"flow_direction":"","reach_code":""}},{"type":"Feature","geometry":{"type":"LineString","coordinates":[[-82.5281,36.5652],[-82.5348,36.5628]]},"properties":{"name":"Unnamed Stream","layer":"nhd_perennial_streams","stream_type":"Perennial Stream","length_miles":null,"flow_direction":"","reach_code":""}},{"type":"Feature","geometry":{"type":"LineString","coordinates":[[-82.4401,36.4923],[-82.4483,36.4887]]},"properties":{"name":"Unnamed Stream","layer":"nhd_perennial_streams","stream_type":"Perennial Stream","length_miles":null,"flow_direction":"","reach_code":""}},{"type":"Feature","geometry":{"type":"LineString","coordinates":[[-82.6353,36.4083],[-82.6372,36.4123]]},"properties":{"name":"Unnamed Stream","layer":"nhd_perennial_streams","stream_type":"Perennial Stream","length_miles":null,"flow_direction":"","reach_code":""}},{"type":"Feature","geometry":{"type":"LineString","coordinates":[[-82.4925,36.6407],[-82.4898,36.6365]]},"properties":{"name":"Unnamed Stream","layer":"nhd_perennial_streams","stream_type":"Perennial Stream","length_miles":null,"flow_direction":"","reach_code":""}},{"type":"Feature","geometry":{"type":"LineString","coordinates":[[-82.5069,36.6309],[-82.5083,36.6287]]},"properties":{"name":"Unnamed Stream","layer":"nhd_perennial_streams","stream_type":"Perennial Stream","length_miles":null,"flow_direction":"","reach_code":""}},{"type":"Feature","geometry":{"type":"LineString","coordinates":[[-82.6041,36.41],[-82.6053,36.4073]]},"properties":{"name":"Unnamed Stream","layer":"nhd_perennial_streams","stream_type":"Perennial Stream","length_miles":null,"flow_direction":"","reach_code":""}},{"type":"Feature","geometry":{"type":"LineString","coordinates":[[-82.6935,36.47],[-82.691,36.4675]]},"properties":{"name":"Unnamed Stream","layer":"nhd_perennial_streams","stream_type":"Perennial Stream","length_miles":null,"flow_direction":"","reach_code":""}},{"type":"Feature","geometry":{"type":"LineString","coordinates":[[-82.448,36.6031],[-82.4443,36.5986]]},"properties":{"name":"Unnamed Stream","layer":"nhd_perennial_streams","stream_type":"Perennial Stream","length_miles":null,"flow_direction":"","reach_code":""}},{"type":"Feature","geometry":{"type":"LineString","coordinates":[[-82.5374,36.6272],[-82.5341,36.626]]},"properties":{"name":"Unnamed Stream","layer":"nhd_perennial_streams","stream_type":"Perennial Stream","length_miles":null,"flow_direction":"","reach_code":""}},{"type":"Feature","geometry":{"type":"LineString","coordinates":[[-82.4931,36.5472],[-82.4963,36.5479]]},"properties":{"name":"Unnamed Stream","layer":"nhd_perennial_streams","stream_type":"Perennial Stream","length_miles":null,"flow_direction":"","reach_code":""}},{"type":"Feature","geometry":{"type":"LineString","coordinates":[[-82.6723,36.454],[-82.6717,36.4513]]},"properties":{"name":"Unnamed Stream","layer":"nhd_perennial_streams","stream_type":"Perennial Stream","length_miles":null,"flow_direction":"","reach_code":""}},{"type":"Feature","geometry":{"type":"LineString","coordinates":[[-82.7044,36.4908],[-82.707,36.4946]]},"properties":{"name":"Unnamed Stream","layer":"nhd_perennial_streams","stream_type":"Perennial Stream","length_miles":null,"flow_direction":"","reach_code":""}},{"type":"Feature","geometry":{"type":"LineString","coordinates":[[-82.6645,36.5647],[-82.66,36.5598]]},"properties":{"name":"Unnamed Stream","layer":"nhd_perennial_streams","stream_type":"Perennial Stream","length_miles":null,"flow_direction":"","reach_code":""}},{"type":"Feature","geometry":{"type":"LineString","coordinates":[[-82.7107,36.4348],[-82.7107,36.4348]]},"properties":{"name":"Unnamed Stream","layer":"nhd_perennial_streams","stream_type":"Perennial Stream","length_miles":null,"flow_direction":"","reach_code":""}},{"type":"Feature","geometry":{"type":"LineString","coordinates":[[-82.7069,36.427],[-82.709,36.428]]},"properties":{"name":"Unnamed Stream","layer":"nhd_perennial_streams","stream_type":"Perennial Stream","length_miles":null,"flow_direction":"","reach_code":""}},{"type":"Feature","geometry":{"type":"LineString","coordinates":[[-82.6512,36.5521],[-82.6496,36.5475],[-82.653,36.5434]]},"properties":{"name":"Unnamed Stream","layer":"nhd_perennial_streams","stream_type":"Perennial Stream","length_miles":null,"flow_direction":"","reach_code":""}},{"type":"Feature","geometry":{"type":"LineString","coordinates":[[-82.7204,36.4603],[-82.7202,36.4577]]},"properties":{"name":"Unnamed Stream","layer":"nhd_perennial_streams","stream_type":"Perennial Stream","length_miles":null,"flow_direction":"","reach_code":""}},{"type":"Feature","geometry":{"type":"LineString","coordinates":[[-82.6784,36.4104],[-82.6749,36.4107]]},"properties":{"name":"Unnamed Stream","layer":"nhd_perennial_streams","stream_type":"Perennial Stream","length_miles":null,"flow_direction":"","reach_code":""}},{"type":"Feature","geometry":{"type":"LineString","coordinates":[[-82.6328,36.3964],[-82.6324,36.3997]]},"properties":{"name":"Unnamed Stream","layer":"nhd_perennial_streams","stream_type":"Perennial Stream","length_miles":null,"flow_direction":"","reach_code":""}},{"type":"Feature","geometry":{"type":"LineString","coordinates":[[-82.6324,36.3798],[-82.6305,36.3753]]},"properties":{"name":"Unnamed Stream","layer":"nhd_perennial_streams","stream_type":"Perennial Stream","length_miles":null,"flow_direction":"","reach_code":""}},{"type":"Feature","geometry":{"type":"LineString","coordinates":[[-82.5168,36.4498],[-82.5216,36.4475],[-82.5259,36.4529]]},"properties":{"name":"Unnamed Stream","layer":"nhd_perennial_streams","stream_type":"Perennial Stream","length_miles":null,"flow_direction":"","reach_code":""}},{"type":"Feature","geometry":{"type":"LineString","coordinates":[[-82.4418,36.4708],[-82.4452,36.4694]]},"properties":{"name":"Unnamed Stream","layer":"nhd_perennial_streams","stream_type":"Perennial Stream","length_miles":null,"flow_direction":"","reach_code":""}},{"type":"Feature","geometry":{"type":"LineString","coordinates":[[-82.6349,36.4744],[-82.6346,36.4723]]},"properties":{"name":"Unnamed Stream","layer":"nhd_perennial_streams","stream_type":"Perennial Stream","length_miles":null,"flow_direction":"","reach_code":""}},{"type":"Feature","geometry":{"type":"LineString","coordinates":[[-82.5586,36.6589],[-82.5525,36.6502]]},"properties":{"name":"Unnamed Stream","layer":"nhd_perennial_streams","stream_type":"Perennial Stream","length_miles":null,"flow_direction":"","reach_code":""}},{"type":"Feature","geometry":{"type":"LineString","coordinates":[[-82.5184,36.3717],[-82.5176,36.3722]]},"properties":{"name":"Unnamed Stream","layer":"nhd_perennial_streams","stream_type":"Perennial Stream","length_miles":null,"flow_direction":"","reach_code":""}},{"type":"Feature","geometry":{"type":"LineString","coordinates":[[-82.5278,36.5957],[-82.5315,36.5984]]},"properties":{"name":"Unnamed Stream","layer":"nhd_perennial_streams","stream_type":"Perennial Stream","length_miles":null,"flow_direction":"","reach_code":""}},{"type":"Feature","geometry":{"type":"LineString","coordinates":[[-82.6293,36.4119],[-82.629,36.4181]]},"properties":{"name":"Unnamed Stream","layer":"nhd_perennial_streams","stream_type":"Perennial Stream","length_miles":null,"flow_direction":"","reach_code":""}},{"type":"Feature","geometry":{"type":"LineString","coordinates":[[-82.5581,36.4158],[-82.5583,36.4235],[-82.5499,36.429]]},"properties":{"name":"Unnamed Stream","layer":"nhd_perennial_streams","stream_type":"Perennial Stream","length_miles":null,"flow_direction":"","reach_code":""}},{"type":"Feature","geometry":{"type":"LineString","coordinates":[[-82.3988,36.5007],[-82.3981,36.4942]]},"properties":{"name":"Unnamed Stream","layer":"nhd_perennial_streams","stream_type":"Perennial Stream","length_miles":null,"flow_direction":"","reach_code":""}},{"type":"Feature","geometry":{"type":"LineString","coordinates":[[-82.6574,36.4583],[-82.6583,36.4582]]},"properties":{"name":"Unnamed Stream","layer":"nhd_perennial_streams","stream_type":"Perennial Stream","length_miles":null,"flow_direction":"","reach_code":""}},{"type":"Feature","geometry":{"type":"LineString","coordinates":[[-82.5232,36.631],[-82.5188,36.63]]},"properties":{"name":"Unnamed Stream","layer":"nhd_perennial_streams","stream_type":"Perennial Stream","length_miles":null,"flow_direction":"","reach_code":""}},{"type":"Feature","geometry":{"type":"LineString","coordinates":[[-82.6436,36.49],[-82.6475,36.4888]]},"properties":{"name":"Unnamed Stream","layer":"nhd_perennial_streams","stream_type":"Perennial Stream","length_miles":null,"flow_direction":"","reach_code":""}},{"type":"Feature","geometry":{"type":"LineString","coordinates":[[-82.6492,36.5119],[-82.655,36.5172]]},"properties":{"name":"Unnamed Stream","layer":"nhd_perennial_streams","stream_type":"Perennial Stream","length_miles":null,"flow_direction":"","reach_code":""}},{"type":"Feature","geometry":{"type":"LineString","coordinates":[[-82.6789,36.5402],[-82.6738,36.5375],[-82.6758,36.5354]]},"properties":{"name":"Unnamed Stream","layer":"nhd_perennial_streams","stream_type":"Perennial Stream","length_miles":null,"flow_direction":"","reach_code":""}},{"type":"Feature","geometry":{"type":"LineString","coordinates":[[-82.6909,36.4338],[-82.6948,36.4346]]},"properties":{"name":"Unnamed Stream","layer":"nhd_perennial_streams","stream_type":"Perennial Stream","length_miles":null,"flow_direction":"","reach_code":""}},{"type":"Feature","geometry":{"type":"LineString","coordinates":[[-82.5957,36.3678],[-82.5938,36.3688]]},"properties":{"name":"Unnamed Stream","layer":"nhd_perennial_streams","stream_type":"Perennial Stream","length_miles":null,"flow_direction":"","reach_code":""}},{"type":"Feature","geometry":{"type":"LineString","coordinates":[[-82.5131,36.5577],[-82.5171,36.5529]]},"properties":{"name":"Unnamed Stream","layer":"nhd_perennial_streams","stream_type":"Perennial Stream","length_miles":null,"flow_direction":"","reach_code":""}},{"type":"Feature","geometry":{"type":"LineString","coordinates":[[-82.511,36.4136],[-82.5092,36.4124]]},"properties":{"name":"Unnamed Stream","layer":"nhd_perennial_streams","stream_type":"Perennial Stream","length_miles":null,"flow_direction":"","reach_code":""}},{"type":"Feature","geometry":{"type":"LineString","coordinates":[[-82.4813,36.5619],[-82.4804,36.5586],[-82.4779,36.5593]]},"properties":{"name":"Unnamed Stream","layer":"nhd_perennial_streams","stream_type":"Perennial Stream","length_miles":null,"flow_direction":"","reach_code":""}},{"type":"Feature","geometry":{"type":"LineString","coordinates":[[-82.4656,36.5948],[-82.4664,36.5889],[-82.4573,36.581]]},"properties":{"name":"Unnamed Stream","layer":"nhd_perennial_streams","stream_type":"Perennial Stream","length_miles":null,"flow_direction":"","reach_code":""}},{"type":"Feature","geometry":{"type":"LineString","coordinates":[[-82.6397,36.469],[-82.6375,36.4683]]},"properties":{"name":"Unnamed Stream","layer":"nhd_perennial_streams","stream_type":"Perennial Stream","length_miles":null,"flow_direction":"","reach_code":""}},{"type":"Feature","geometry":{"type":"LineString","coordinates":[[-82.5965,36.6324],[-82.5935,36.6323]]},"properties":{"name":"Unnamed Stream","layer":"nhd_perennial_streams","stream_type":"Perennial Stream","length_miles":null,"flow_direction":"","reach_code":""}},{"type":"Feature","geometry":{"type":"LineString","coordinates":[[-82.5069,36.4046],[-82.509,36.4064]]},"properties":{"name":"Unnamed Stream","layer":"nhd_perennial_streams","stream_type":"Perennial Stream","length_miles":null,"flow_direction":"","reach_code":""}},{"type":"Feature","geometry":{"type":"LineString","coordinates":[[-82.4829,36.4353],[-82.4828,36.4401]]},"properties":{"name":"Unnamed Stream","layer":"nhd_perennial_streams","stream_type":"Perennial Stream","length_miles":null,"flow_direction":"","reach_code":""}},{"type":"Feature","geometry":{"type":"LineString","coordinates":[[-82.5004,36.4083],[-82.5069,36.4046]]},"properties":{"name":"Unnamed Stream","layer":"nhd_perennial_streams","stream_type":"Perennial Stream","length_miles":null,"flow_direction":"","reach_code":""}},{"type":"Feature","geometry":{"type":"LineString","coordinates":[[-82.5698,36.4003],[-82.5603,36.4106]]},"properties":{"name":"Unnamed Stream","layer":"nhd_perennial_streams","stream_type":"Perennial Stream","length_miles":null,"flow_direction":"","reach_code":""}},{"type":"Feature","geometry":{"type":"LineString","coordinates":[[-82.6593,36.4678],[-82.6586,36.4658]]},"properties":{"name":"Unnamed Stream","layer":"nhd_perennial_streams","stream_type":"Perennial Stream","length_miles":null,"flow_direction":"","reach_code":""}},{"type":"Feature","geometry":{"type":"LineString","coordinates":[[-82.6968,36.4488],[-82.6946,36.4479]]},"properties":{"name":"Unnamed Stream","layer":"nhd_perennial_streams","stream_type":"Perennial Stream","length_miles":null,"flow_direction":"","reach_code":""}},{"type":"Feature","geometry":{"type":"LineString","coordinates":[[-82.6434,36.6177],[-82.6388,36.6175]]},"properties":{"name":"Unnamed Stream","layer":"nhd_perennial_streams","stream_type":"Perennial Stream","length_miles":null,"flow_direction":"","reach_code":""}},{"type":"Feature","geometry":{"type":"LineString","coordinates":[[-82.5433,36.423],[-82.5375,36.4281]]},"properties":{"name":"Unnamed Stream","layer":"nhd_perennial_streams","stream_type":"Perennial Stream","length_miles":null,"flow_direction":"","reach_code":""}},{"type":"Feature","geometry":{"type":"LineString","coordinates":[[-82.4628,36.6251],[-82.4611,36.626]]},"properties":{"name":"Unnamed Stream","layer":"nhd_perennial_streams","stream_type":"Perennial Stream","length_miles":null,"flow_direction":"","reach_code":""}},{"type":"Feature","geometry":{"type":"LineString","coordinates":[[-82.3839,36.5125],[-82.3801,36.5125]]},"properties":{"name":"Unnamed Stream","layer":"nhd_perennial_streams","stream_type":"Perennial Stream","length_miles":null,"flow_direction":"","reach_code":""}},{"type":"Feature","geometry":{"type":"LineString","coordinates":[[-82.5522,36.6392],[-82.5581,36.6394]]},"properties":{"name":"Unnamed Stream","layer":"nhd_perennial_streams","stream_type":"Perennial Stream","length_miles":null,"flow_direction":"","reach_code":""}},{"type":"Feature","geometry":{"type":"LineString","coordinates":[[-82.3872,36.5005],[-82.3877,36.4987]]},"properties":{"name":"Unnamed Stream","layer":"nhd_perennial_streams","stream_type":"Perennial Stream","length_miles":null,"flow_direction":"","reach_code":""}},{"type":"Feature","geometry":{"type":"LineString","coordinates":[[-82.4278,36.5076],[-82.4306,36.5089]]},"properties":{"name":"Unnamed Stream","layer":"nhd_perennial_streams","stream_type":"Perennial Stream","length_miles":null,"flow_direction":"","reach_code":""}},{"type":"Feature","geometry":{"type":"LineString","coordinates":[[-82.6595,36.4763],[-82.6586,36.473]]},"properties":{"name":"Unnamed Stream","layer":"nhd_perennial_streams","stream_type":"Perennial Stream","length_miles":null,"flow_direction":"","reach_code":""}},{"type":"Feature","geometry":{"type":"LineString","coordinates":[[-82.669,36.4987],[-82.674,36.5032]]},"properties":{"name":"Unnamed Stream","layer":"nhd_perennial_streams","stream_type":"Perennial Stream","length_miles":null,"flow_direction":"","reach_code":""}},{"type":"Feature","geometry":{"type":"LineString","coordinates":[[-82.7139,36.4849],[-82.7156,36.4841]]},"properties":{"name":"Unnamed Stream","layer":"nhd_perennial_streams","stream_type":"Perennial Stream","length_miles":null,"flow_direction":"","reach_code":""}},{"type":"Feature","geometry":{"type":"LineString","coordinates":[[-82.6841,36.5243],[-82.6821,36.5238]]},"properties":{"name":"Unnamed Stream","layer":"nhd_perennial_streams","stream_type":"Perennial Stream","length_miles":null,"flow_direction":"","reach_code":""}},{"type":"Feature","geometry":{"type":"LineString","coordinates":[[-82.6453,36.505],[-82.6494,36.5044],[-82.6588,36.5154]]},"properties":{"name":"Unnamed Stream","layer":"nhd_perennial_streams","stream_type":"Perennial Stream","length_miles":null,"flow_direction":"","reach_code":""}},{"type":"Feature","geometry":{"type":"LineString","coordinates":[[-82.6936,36.4165],[-82.6929,36.4181]]},"properties":{"name":"Unnamed Stream","layer":"nhd_perennial_streams","stream_type":"Perennial Stream","length_miles":null,"flow_direction":"","reach_code":""}},{"type":"Feature","geometry":{"type":"LineString","coordinates":[[-82.6499,36.3895],[-82.6546,36.3867]]},"properties":{"name":"Unnamed Stream","layer":"nhd_perennial_streams","stream_type":"Perennial Stream","length_miles":null,"flow_direction":"","reach_code":""}},{"type":"Feature","geometry":{"type":"LineString","coordinates":[[-82.6771,36.4219],[-82.6775,36.4184]]},"properties":{"name":"Unnamed Stream","layer":"nhd_perennial_streams","stream_type":"Perennial Stream","length_miles":null,"flow_direction":"","reach_code":""}},{"type":"Feature","geometry":{"type":"LineString","coordinates":[[-82.5525,36.6425],[-82.5548,36.6458]]},"properties":{"name":"Unnamed Stream","layer":"nhd_perennial_streams","stream_type":"Perennial Stream","length_miles":null,"flow_direction":"","reach_code":""}},{"type":"Feature","geometry":{"type":"LineString","coordinates":[[-82.5164,36.6311],[-82.5188,36.63]]},"properties":{"name":"Unnamed Stream","layer":"nhd_perennial_streams","stream_type":"Perennial Stream","length_miles":null,"flow_direction":"","reach_code":""}},{"type":"Feature","geometry":{"type":"LineString","coordinates":[[-82.6589,36.4773],[-82.6555,36.4745]]},"properties":{"name":"Unnamed Stream","layer":"nhd_perennial_streams","stream_type":"Perennial Stream","length_miles":null,"flow_direction":"","reach_code":""}},{"type":"Feature","geometry":{"type":"LineString","coordinates":[[-82.4749,36.569],[-82.4774,36.564]]},"properties":{"name":"Unnamed Stream","layer":"nhd_perennial_streams","stream_type":"Perennial Stream","length_miles":null,"flow_direction":"","reach_code":""}},{"type":"Feature","geometry":{"type":"LineString","coordinates":[[-82.4574,36.388],[-82.4481,36.4074],[-82.4484,36.4194]]},"properties":{"name":"Unnamed Stream","layer":"nhd_perennial_streams","stream_type":"Perennial Stream","length_miles":null,"flow_direction":"","reach_code":""}},{"type":"Feature","geometry":{"type":"LineString","coordinates":[[-82.6499,36.6262],[-82.6507,36.6181]]},"properties":{"name":"Unnamed Stream","layer":"nhd_perennial_streams","stream_type":"Perennial Stream","length_miles":null,"flow_direction":"","reach_code":""}},{"type":"Feature","geometry":{"type":"LineString","coordinates":[[-82.5177,36.6452],[-82.5164,36.6392]]},"properties":{"name":"Unnamed Stream","layer":"nhd_perennial_streams","stream_type":"Perennial Stream","length_miles":null,"flow_direction":"","reach_code":""}},{"type":"Feature","geometry":{"type":"LineString","coordinates":[[-82.6299,36.5832],[-82.6282,36.5804]]},"properties":{"name":"Unnamed Stream","layer":"nhd_perennial_streams","stream_type":"Perennial Stream","length_miles":null,"flow_direction":"","reach_code":""}},{"type":"Feature","geometry":{"type":"LineString","coordinates":[[-82.4457,36.5213],[-82.4476,36.5207]]},"properties":{"name":"Unnamed Stream","layer":"nhd_perennial_streams","stream_type":"Perennial Stream","length_miles":null,"flow_direction":"","reach_code":""}},{"type":"Feature","geometry":{"type":"LineString","coordinates":[[-82.6345,36.6235],[-82.6334,36.6172]]},"properties":{"name":"Unnamed Stream","layer":"nhd_perennial_streams","stream_type":"Perennial Stream","length_miles":null,"flow_direction":"","reach_code":""}},{"type":"Feature","geometry":{"type":"LineString","coordinates":[[-82.7118,36.5544],[-82.7139,36.5515]]},"properties":{"name":"Unnamed Stream","layer":"nhd_perennial_streams","stream_type":"Perennial Stream","length_miles":null,"flow_direction":"","reach_code":""}},{"type":"Feature","geometry":{"type":"LineString","coordinates":[[-82.708,36.5561],[-82.7118,36.5544]]},"properties":{"name":"Unnamed Stream","layer":"nhd_perennial_streams","stream_type":"Perennial Stream","length_miles":null,"flow_direction":"","reach_code":""}},{"type":"Feature","geometry":{"type":"LineString","coordinates":[[-82.6692,36.4975],[-82.6731,36.5003]]},"properties":{"name":"Unnamed Stream","layer":"nhd_perennial_streams","stream_type":"Perennial Stream","length_miles":null,"flow_direction":"","reach_code":""}},{"type":"Feature","geometry":{"type":"LineString","coordinates":[[-82.685,36.4829],[-82.6871,36.4825]]},"properties":{"name":"Unnamed Stream","layer":"nhd_perennial_streams","stream_type":"Perennial Stream","length_miles":null,"flow_direction":"","reach_code":""}},{"type":"Feature","geometry":{"type":"LineString","coordinates":[[-82.7182,36.4616],[-82.7171,36.4587]]},"properties":{"name":"Unnamed Stream","layer":"nhd_perennial_streams","stream_type":"Perennial Stream","length_miles":null,"flow_direction":"","reach_code":""}},{"type":"Feature","geometry":{"type":"LineString","coordinates":[[-82.7199,36.5327],[-82.7196,36.5314]]},"properties":{"name":"Unnamed Stream","layer":"nhd_perennial_streams","stream_type":"Perennial Stream","length_miles":null,"flow_direction":"","reach_code":""}},{"type":"Feature","geometry":{"type":"LineString","coordinates":[[-82.7281,36.4768],[-82.7271,36.4773]]},"properties":{"name":"Unnamed Stream","layer":"nhd_perennial_streams","stream_type":"Perennial Stream","length_miles":null,"flow_direction":"","reach_code":""}},{"type":"Feature","geometry":{"type":"LineString","coordinates":[[-82.6762,36.4197],[-82.6731,36.4143]]},"properties":{"name":"Unnamed Stream","layer":"nhd_perennial_streams","stream_type":"Perennial Stream","length_miles":null,"flow_direction":"","reach_code":""}},{"type":"Feature","geometry":{"type":"LineString","coordinates":[[-82.5922,36.6475],[-82.5929,36.6437]]},"properties":{"name":"Unnamed Stream","layer":"nhd_perennial_streams","stream_type":"Perennial Stream","length_miles":null,"flow_direction":"","reach_code":""}},{"type":"Feature","geometry":{"type":"LineString","coordinates":[[-82.6606,36.4403],[-82.6529,36.4409]]},"properties":{"name":"Unnamed Stream","layer":"nhd_perennial_streams","stream_type":"Perennial Stream","length_miles":null,"flow_direction":"","reach_code":""}},{"type":"Feature","geometry":{"type":"LineString","coordinates":[[-82.6125,36.6422],[-82.6167,36.6353]]},"properties":{"name":"Unnamed Stream","layer":"nhd_perennial_streams","stream_type":"Perennial Stream","length_miles":null,"flow_direction":"","reach_code":""}},{"type":"Feature","geometry":{"type":"LineString","coordinates":[[-82.4803,36.4411],[-82.4747,36.4503],[-82.4752,36.456]]},"properties":{"name":"Unnamed Stream","layer":"nhd_perennial_streams","stream_type":"Perennial Stream","length_miles":null,"flow_direction":"","reach_code":""}},{"type":"Feature","geometry":{"type":"LineString","coordinates":[[-82.5873,36.6326],[-82.5843,36.6336]]},"properties":{"name":"Unnamed Stream","layer":"nhd_perennial_streams","stream_type":"Perennial Stream","length_miles":null,"flow_direction":"","reach_code":""}},{"type":"Feature","geometry":{"type":"LineString","coordinates":[[-82.6137,36.4391],[-82.6144,36.4404]]},"properties":{"name":"Unnamed Stream","layer":"nhd_perennial_streams","stream_type":"Perennial Stream","length_miles":null,"flow_direction":"","reach_code":""}},{"type":"Feature","geometry":{"type":"LineString","coordinates":[[-82.576,36.6294],[-82.5767,36.6317]]},"properties":{"name":"Unnamed Stream","layer":"nhd_perennial_streams","stream_type":"Perennial Stream","length_miles":null,"flow_direction":"","reach_code":""}},{"type":"Feature","geometry":{"type":"LineString","coordinates":[[-82.6619,36.419],[-82.661,36.4162]]},"properties":{"name":"Unnamed Stream","layer":"nhd_perennial_streams","stream_type":"Perennial Stream","length_miles":null,"flow_direction":"","reach_code":""}},{"type":"Feature","geometry":{"type":"LineString","coordinates":[[-82.5429,36.6442],[-82.5445,36.6476]]},"properties":{"name":"Unnamed Stream","layer":"nhd_perennial_streams","stream_type":"Perennial Stream","length_miles":null,"flow_direction":"","reach_code":""}},{"type":"Feature","geometry":{"type":"LineString","coordinates":[[-82.6707,36.469],[-82.6639,36.4633]]},"properties":{"name":"Unnamed Stream","layer":"nhd_perennial_streams","stream_type":"Perennial Stream","length_miles":null,"flow_direction":"","reach_code":""}},{"type":"Feature","geometry":{"type":"LineString","coordinates":[[-82.6088,36.4903],[-82.6014,36.4918]]},"properties":{"name":"Unnamed Stream","layer":"nhd_perennial_streams","stream_type":"Perennial Stream","length_miles":null,"flow_direction":"","reach_code":""}},{"type":"Feature","geometry":{"type":"LineString","coordinates":[[-82.6585,36.4149],[-82.6585,36.4148]]},"properties":{"name":"Unnamed Stream","layer":"nhd_perennial_streams","stream_type":"Perennial Stream","length_miles":null,"flow_direction":"","reach_code":""}},{"type":"Feature","geometry":{"type":"LineString","coordinates":[[-82.4968,36.6127],[-82.5012,36.6202]]},"properties":{"name":"Unnamed Stream","layer":"nhd_perennial_streams","stream_type":"Perennial Stream","length_miles":null,"flow_direction":"","reach_code":""}},{"type":"Feature","geometry":{"type":"LineString","coordinates":[[-82.532,36.6514],[-82.5345,36.6542]]},"properties":{"name":"Unnamed Stream","layer":"nhd_perennial_streams","stream_type":"Perennial Stream","length_miles":null,"flow_direction":"","reach_code":""}},{"type":"Feature","geometry":{"type":"LineString","coordinates":[[-82.4057,36.5498],[-82.4166,36.547],[-82.4205,36.543]]},"properties":{"name":"Unnamed Stream","layer":"nhd_perennial_streams","stream_type":"Perennial Stream","length_miles":null,"flow_direction":"","reach_code":""}},{"type":"Feature","geometry":{"type":"LineString","coordinates":[[-82.6313,36.4971],[-82.6375,36.4931]]},"properties":{"name":"Unnamed Stream","layer":"nhd_perennial_streams","stream_type":"Perennial Stream","length_miles":null,"flow_direction":"","reach_code":""}},{"type":"Feature","geometry":{"type":"LineString","coordinates":[[-82.6956,36.5625],[-82.708,36.5561]]},"properties":{"name":"Unnamed Stream","layer":"nhd_perennial_streams","stream_type":"Perennial Stream","length_miles":null,"flow_direction":"","reach_code":""}},{"type":"Feature","geometry":{"type":"LineString","coordinates":[[-82.7064,36.4297],[-82.709,36.428]]},"properties":{"name":"Unnamed Stream","layer":"nhd_perennial_streams","stream_type":"Perennial Stream","length_miles":null,"flow_direction":"","reach_code":""}},{"type":"Feature","geometry":{"type":"LineString","coordinates":[[-82.679,36.4243],[-82.6828,36.4264]]},"properties":{"name":"Unnamed Stream","layer":"nhd_perennial_streams","stream_type":"Perennial Stream","length_miles":null,"flow_direction":"","reach_code":""}},{"type":"Feature","geometry":{"type":"LineString","coordinates":[[-82.6843,36.4219],[-82.6863,36.4234]]},"properties":{"name":"Unnamed Stream","layer":"nhd_perennial_streams","stream_type":"Perennial Stream","length_miles":null,"flow_direction":"","reach_code":""}},{"type":"Feature","geometry":{"type":"LineString","coordinates":[[-82.7108,36.4718],[-82.7084,36.4713]]},"properties":{"name":"Unnamed Stream","layer":"nhd_perennial_streams","stream_type":"Perennial Stream","length_miles":null,"flow_direction":"","reach_code":""}},{"type":"Feature","geometry":{"type":"LineString","coordinates":[[-82.6194,36.5185],[-82.6216,36.523]]},"properties":{"name":"Unnamed Stream","layer":"nhd_perennial_streams","stream_type":"Perennial Stream","length_miles":null,"flow_direction":"","reach_code":""}},{"type":"Feature","geometry":{"type":"LineString","coordinates":[[-82.7212,36.4571],[-82.7239,36.4559]]},"properties":{"name":"Unnamed Stream","layer":"nhd_perennial_streams","stream_type":"Perennial Stream","length_miles":null,"flow_direction":"","reach_code":""}},{"type":"Feature","geometry":{"type":"LineString","coordinates":[[-82.6996,36.4337],[-82.7008,36.4324]]},"properties":{"name":"Unnamed Stream","layer":"nhd_perennial_streams","stream_type":"Perennial Stream","length_miles":null,"flow_direction":"","reach_code":""}},{"type":"Feature","geometry":{"type":"LineString","coordinates":[[-82.6293,36.3837],[-82.6274,36.3804]]},"properties":{"name":"Unnamed Stream","layer":"nhd_perennial_streams","stream_type":"Perennial Stream","length_miles":null,"flow_direction":"","reach_code":""}},{"type":"Feature","geometry":{"type":"LineString","coordinates":[[-82.6519,36.3932],[-82.6493,36.3979]]},"properties":{"name":"Unnamed Stream","layer":"nhd_perennial_streams","stream_type":"Perennial Stream","length_miles":null,"flow_direction":"","reach_code":""}},{"type":"Feature","geometry":{"type":"LineString","coordinates":[[-82.4621,36.39],[-82.4596,36.396]]},"properties":{"name":"Unnamed Stream","layer":"nhd_perennial_streams","stream_type":"Perennial Stream","length_miles":null,"flow_direction":"","reach_code":""}},{"type":"Feature","geometry":{"type":"LineString","coordinates":[[-82.5269,36.6327],[-82.525,36.6333]]},"properties":{"name":"Unnamed Stream","layer":"nhd_perennial_streams","stream_type":"Perennial Stream","length_miles":null,"flow_direction":"","reach_code":""}},{"type":"Feature","geometry":{"type":"LineString","coordinates":[[-82.6259,36.437],[-82.621,36.4376]]},"properties":{"name":"Unnamed Stream","layer":"nhd_perennial_streams","stream_type":"Perennial Stream","length_miles":null,"flow_direction":"","reach_code":""}},{"type":"Feature","geometry":{"type":"LineString","coordinates":[[-82.6748,36.5947],[-82.6709,36.5944]]},"properties":{"name":"Unnamed Stream","layer":"nhd_perennial_streams","stream_type":"Perennial Stream","length_miles":null,"flow_direction":"","reach_code":""}},{"type":"Feature","geometry":{"type":"LineString","coordinates":[[-82.6555,36.4745],[-82.651,36.47]]},"properties":{"name":"Unnamed Stream","layer":"nhd_perennial_streams","stream_type":"Perennial Stream","length_miles":null,"flow_direction":"","reach_code":""}},{"type":"Feature","geometry":{"type":"LineString","coordinates":[[-82.6783,36.4587],[-82.6797,36.4571]]},"properties":{"name":"Unnamed Stream","layer":"nhd_perennial_streams","stream_type":"Perennial Stream","length_miles":null,"flow_direction":"","reach_code":""}},{"type":"Feature","geometry":{"type":"LineString","coordinates":[[-82.513,36.3849],[-82.5118,36.3964]]},"properties":{"name":"Unnamed Stream","layer":"nhd_perennial_streams","stream_type":"Perennial Stream","length_miles":null,"flow_direction":"","reach_code":""}},{"type":"Feature","geometry":{"type":"LineString","coordinates":[[-82.5912,36.6322],[-82.5885,36.6325]]},"properties":{"name":"Unnamed Stream","layer":"nhd_perennial_streams","stream_type":"Perennial Stream","length_miles":null,"flow_direction":"","reach_code":""}},{"type":"Feature","geometry":{"type":"LineString","coordinates":[[-82.6615,36.4201],[-82.6606,36.4195]]},"properties":{"name":"Unnamed Stream","layer":"nhd_perennial_streams","stream_type":"Perennial Stream","length_miles":null,"flow_direction":"","reach_code":""}},{"type":"Feature","geometry":{"type":"LineString","coordinates":[[-82.6049,36.4219],[-82.6054,36.4216]]},"properties":{"name":"Unnamed Stream","layer":"nhd_perennial_streams","stream_type":"Perennial Stream","length_miles":null,"flow_direction":"","reach_code":""}},{"type":"Feature","geometry":{"type":"LineString","coordinates":[[-82.554,36.5842],[-82.5493,36.5793],[-82.5533,36.5745]]},"properties":{"name":"Unnamed Stream","layer":"nhd_perennial_streams","stream_type":"Perennial Stream","length_miles":null,"flow_direction":"","reach_code":""}},{"type":"Feature","geometry":{"type":"LineString","coordinates":[[-82.6444,36.4248],[-82.6424,36.4204]]},"properties":{"name":"Unnamed Stream","layer":"nhd_perennial_streams","stream_type":"Perennial Stream","length_miles":null,"flow_direction":"","reach_code":""}},{"type":"Feature","geometry":{"type":"LineString","coordinates":[[-82.4627,36.4265],[-82.4621,36.4266]]},"properties":{"name":"Unnamed Stream","layer":"nhd_perennial_streams","stream_type":"Perennial Stream","length_miles":null,"flow_direction":"","reach_code":""}},{"type":"Feature","geometry":{"type":"LineString","coordinates":[[-82.5509,36.6402],[-82.5546,36.6411]]},"properties":{"name":"Unnamed Stream","layer":"nhd_perennial_streams","stream_type":"Perennial Stream","length_miles":null,"flow_direction":"","reach_code":""}},{"type":"Feature","geometry":{"type":"LineString","coordinates":[[-82.5403,36.478],[-82.5345,36.483]]},"properties":{"name":"Unnamed Stream","layer":"nhd_perennial_streams","stream_type":"Perennial Stream","length_miles":null,"flow_direction":"","reach_code":""}},{"type":"Feature","geometry":{"type":"LineString","coordinates":[[-82.6766,36.4515],[-82.6757,36.4502]]},"properties":{"name":"Unnamed Stream","layer":"nhd_perennial_streams","stream_type":"Perennial Stream","length_miles":null,"flow_direction":"","reach_code":""}},{"type":"Feature","geometry":{"type":"LineString","coordinates":[[-82.5452,36.6306],[-82.5483,36.6286]]},"properties":{"name":"Unnamed Stream","layer":"nhd_perennial_streams","stream_type":"Perennial Stream","length_miles":null,"flow_direction":"","reach_code":""}},{"type":"Feature","geometry":{"type":"LineString","coordinates":[[-82.62,36.3749],[-82.6234,36.3743]]},"properties":{"name":"Unnamed Stream","layer":"nhd_perennial_streams","stream_type":"Perennial Stream","length_miles":null,"flow_direction":"","reach_code":""}},{"type":"Feature","geometry":{"type":"LineString","coordinates":[[-82.5073,36.375],[-82.5073,36.3751]]},"properties":{"name":"Unnamed Stream","layer":"nhd_perennial_streams","stream_type":"Perennial Stream","length_miles":null,"flow_direction":"","reach_code":""}},{"type":"Feature","geometry":{"type":"LineString","coordinates":[[-82.5761,36.6383],[-82.5729,36.6379]]},"properties":{"name":"Unnamed Stream","layer":"nhd_perennial_streams","stream_type":"Perennial Stream","length_miles":null,"flow_direction":"","reach_code":""}},{"type":"Feature","geometry":{"type":"LineString","coordinates":[[-82.5262,36.403],[-82.5248,36.4056]]},"properties":{"name":"Unnamed Stream","layer":"nhd_perennial_streams","stream_type":"Perennial Stream","length_miles":null,"flow_direction":"","reach_code":""}},{"type":"Feature","geometry":{"type":"LineString","coordinates":[[-82.581,36.5364],[-82.5831,36.5397]]},"properties":{"name":"Unnamed Stream","layer":"nhd_perennial_streams","stream_type":"Perennial Stream","length_miles":null,"flow_direction":"","reach_code":""}},{"type":"Feature","geometry":{"type":"LineString","coordinates":[[-82.7032,36.595],[-82.6987,36.5945]]},"properties":{"name":"Unnamed Stream","layer":"nhd_perennial_streams","stream_type":"Perennial Stream","length_miles":null,"flow_direction":"","reach_code":""}},{"type":"Feature","geometry":{"type":"LineString","coordinates":[[-82.6585,36.4148],[-82.6525,36.4121]]},"properties":{"name":"Unnamed Stream","layer":"nhd_perennial_streams","stream_type":"Perennial Stream","length_miles":null,"flow_direction":"","reach_code":""}},{"type":"Feature","geometry":{"type":"LineString","coordinates":[[-82.5732,36.6298],[-82.574,36.6302]]},"properties":{"name":"Unnamed Stream","layer":"nhd_perennial_streams","stream_type":"Perennial Stream","length_miles":null,"flow_direction":"","reach_code":""}},{"type":"Feature","geometry":{"type":"LineString","coordinates":[[-82.6715,36.4292],[-82.6679,36.4291]]},"properties":{"name":"Unnamed Stream","layer":"nhd_perennial_streams","stream_type":"Perennial Stream","length_miles":null,"flow_direction":"","reach_code":""}},{"type":"Feature","geometry":{"type":"LineString","coordinates":[[-82.6311,36.4912],[-82.6303,36.489]]},"properties":{"name":"Unnamed Stream","layer":"nhd_perennial_streams","stream_type":"Perennial Stream","length_miles":null,"flow_direction":"","reach_code":""}},{"type":"Feature","geometry":{"type":"LineString","coordinates":[[-82.6466,36.4658],[-82.6422,36.4681]]},"properties":{"name":"Unnamed Stream","layer":"nhd_perennial_streams","stream_type":"Perennial Stream","length_miles":null,"flow_direction":"","reach_code":""}},{"type":"Feature","geometry":{"type":"LineString","coordinates":[[-82.4866,36.4537],[-82.4816,36.4578]]},"properties":{"name":"Unnamed Stream","layer":"nhd_perennial_streams","stream_type":"Perennial Stream","length_miles":null,"flow_direction":"","reach_code":""}},{"type":"Feature","geometry":{"type":"LineString","coordinates":[[-82.6838,36.6047],[-82.683,36.6049]]},"properties":{"name":"Unnamed Stream","layer":"nhd_perennial_streams","stream_type":"Perennial Stream","length_miles":null,"flow_direction":"","reach_code":""}},{"type":"Feature","geometry":{"type":"LineString","coordinates":[[-82.6563,36.4789],[-82.6555,36.4745]]},"properties":{"name":"Unnamed Stream","layer":"nhd_perennial_streams","stream_type":"Perennial Stream","length_miles":null,"flow_direction":"","reach_code":""}},{"type":"Feature","geometry":{"type":"LineString","coordinates":[[-82.458,36.5618],[-82.4581,36.5626]]},"properties":{"name":"Unnamed Stream","layer":"nhd_perennial_streams","stream_type":"Perennial Stream","length_miles":null,"flow_direction":"","reach_code":""}},{"type":"Feature","geometry":{"type":"LineString","coordinates":[[-82.6478,36.6263],[-82.6487,36.6184]]},"properties":{"name":"Unnamed Stream","layer":"nhd_perennial_streams","stream_type":"Perennial Stream","length_miles":null,"flow_direction":"","reach_code":""}},{"type":"Feature","geometry":{"type":"LineString","coordinates":[[-82.5232,36.6509],[-82.5286,36.6573]]},"properties":{"name":"Unnamed Stream","layer":"nhd_perennial_streams","stream_type":"Perennial Stream","length_miles":null,"flow_direction":"","reach_code":""}},{"type":"Feature","geometry":{"type":"LineString","coordinates":[[-82.6739,36.6232],[-82.678,36.6207]]},"properties":{"name":"Unnamed Stream","layer":"nhd_perennial_streams","stream_type":"Perennial Stream","length_miles":null,"flow_direction":"","reach_code":""}},{"type":"Feature","geometry":{"type":"LineString","coordinates":[[-82.6516,36.4475],[-82.6524,36.4487]]},"properties":{"name":"Unnamed Stream","layer":"nhd_perennial_streams","stream_type":"Perennial Stream","length_miles":null,"flow_direction":"","reach_code":""}},{"type":"Feature","geometry":{"type":"LineString","coordinates":[[-82.464,36.5158],[-82.4628,36.5086]]},"properties":{"name":"Unnamed Stream","layer":"nhd_perennial_streams","stream_type":"Perennial Stream","length_miles":null,"flow_direction":"","reach_code":""}},{"type":"Feature","geometry":{"type":"LineString","coordinates":[[-82.5754,36.5001],[-82.5733,36.497]]},"properties":{"name":"Unnamed Stream","layer":"nhd_perennial_streams","stream_type":"Perennial Stream","length_miles":null,"flow_direction":"","reach_code":""}},{"type":"Feature","geometry":{"type":"LineString","coordinates":[[-82.4428,36.4239],[-82.4414,36.4282]]},"properties":{"name":"Unnamed Stream","layer":"nhd_perennial_streams","stream_type":"Perennial Stream","length_miles":null,"flow_direction":"","reach_code":""}},{"type":"Feature","geometry":{"type":"LineString","coordinates":[[-82.5379,36.5975],[-82.5421,36.5995]]},"properties":{"name":"Unnamed Stream","layer":"nhd_perennial_streams","stream_type":"Perennial Stream","length_miles":null,"flow_direction":"","reach_code":""}},{"type":"Feature","geometry":{"type":"LineString","coordinates":[[-82.6367,36.5132],[-82.6391,36.5213]]},"properties":{"name":"Unnamed Stream","layer":"nhd_perennial_streams","stream_type":"Perennial Stream","length_miles":null,"flow_direction":"","reach_code":""}},{"type":"Feature","geometry":{"type":"LineString","coordinates":[[-82.717,36.4962],[-82.716,36.4979]]},"properties":{"name":"Unnamed Stream","layer":"nhd_perennial_streams","stream_type":"Perennial Stream","length_miles":null,"flow_direction":"","reach_code":""}},{"type":"Feature","geometry":{"type":"LineString","coordinates":[[-82.7154,36.5749],[-82.7128,36.5706]]},"properties":{"name":"Unnamed Stream","layer":"nhd_perennial_streams","stream_type":"Perennial Stream","length_miles":null,"flow_direction":"","reach_code":""}},{"type":"Feature","geometry":{"type":"LineString","coordinates":[[-82.6641,36.41],[-82.6653,36.4108]]},"properties":{"name":"Unnamed Stream","layer":"nhd_perennial_streams","stream_type":"Perennial Stream","length_miles":null,"flow_direction":"","reach_code":""}},{"type":"Feature","geometry":{"type":"LineString","coordinates":[[-82.6427,36.3823],[-82.643,36.3793]]},"properties":{"name":"Unnamed Stream","layer":"nhd_perennial_streams","stream_type":"Perennial Stream","length_miles":null,"flow_direction":"","reach_code":""}},{"type":"Feature","geometry":{"type":"LineString","coordinates":[[-82.4596,36.396],[-82.4621,36.4266]]},"properties":{"name":"Unnamed Stream","layer":"nhd_perennial_streams","stream_type":"Perennial Stream","length_miles":null,"flow_direction":"","reach_code":""}},{"type":"Feature","geometry":{"type":"LineString","coordinates":[[-82.5843,36.5001],[-82.5788,36.4998]]},"properties":{"name":"Unnamed Stream","layer":"nhd_perennial_streams","stream_type":"Perennial Stream","length_miles":null,"flow_direction":"","reach_code":""}},{"type":"Feature","geometry":{"type":"LineString","coordinates":[[-82.5252,36.6039],[-82.5244,36.605]]},"properties":{"name":"Unnamed Stream","layer":"nhd_perennial_streams","stream_type":"Perennial Stream","length_miles":null,"flow_direction":"","reach_code":""}},{"type":"Feature","geometry":{"type":"LineString","coordinates":[[-82.5344,36.4037],[-82.5318,36.4048]]},"properties":{"name":"Unnamed Stream","layer":"nhd_perennial_streams","stream_type":"Perennial Stream","length_miles":null,"flow_direction":"","reach_code":""}},{"type":"Feature","geometry":{"type":"LineString","coordinates":[[-82.5216,36.6337],[-82.5179,36.6339]]},"properties":{"name":"Unnamed Stream","layer":"nhd_perennial_streams","stream_type":"Perennial Stream","length_miles":null,"flow_direction":"","reach_code":""}},{"type":"Feature","geometry":{"type":"LineString","coordinates":[[-82.5676,36.3955],[-82.572,36.397]]},"properties":{"name":"Unnamed Stream","layer":"nhd_perennial_streams","stream_type":"Perennial Stream","length_miles":null,"flow_direction":"","reach_code":""}},{"type":"Feature","geometry":{"type":"LineString","coordinates":[[-82.573,36.4467],[-82.5657,36.4516]]},"properties":{"name":"Unnamed Stream","layer":"nhd_perennial_streams","stream_type":"Perennial Stream","length_miles":null,"flow_direction":"","reach_code":""}},{"type":"Feature","geometry":{"type":"LineString","coordinates":[[-82.6938,36.4723],[-82.693,36.4713]]},"properties":{"name":"Unnamed Stream","layer":"nhd_perennial_streams","stream_type":"Perennial Stream","length_miles":null,"flow_direction":"","reach_code":""}},{"type":"Feature","geometry":{"type":"LineString","coordinates":[[-82.6254,36.3914],[-82.6264,36.3914]]},"properties":{"name":"Unnamed Stream","layer":"nhd_perennial_streams","stream_type":"Perennial Stream","length_miles":null,"flow_direction":"","reach_code":""}},{"type":"Feature","geometry":{"type":"LineString","coordinates":[[-82.5844,36.5764],[-82.5906,36.5723]]},"properties":{"name":"Unnamed Stream","layer":"nhd_perennial_streams","stream_type":"Perennial Stream","length_miles":null,"flow_direction":"","reach_code":""}},{"type":"Feature","geometry":{"type":"LineString","coordinates":[[-82.5341,36.626],[-82.5328,36.622]]},"properties":{"name":"Unnamed Stream","layer":"nhd_perennial_streams","stream_type":"Perennial Stream","length_miles":null,"flow_direction":"","reach_code":""}},{"type":"Feature","geometry":{"type":"LineString","coordinates":[[-82.5618,36.4342],[-82.5559,36.4317]]},"properties":{"name":"Unnamed Stream","layer":"nhd_perennial_streams","stream_type":"Perennial Stream","length_miles":null,"flow_direction":"","reach_code":""}},{"type":"Feature","geometry":{"type":"LineString","coordinates":[[-82.5878,36.6379],[-82.5837,36.6372]]},"properties":{"name":"Unnamed Stream","layer":"nhd_perennial_streams","stream_type":"Perennial Stream","length_miles":null,"flow_direction":"","reach_code":""}},{"type":"Feature","geometry":{"type":"LineString","coordinates":[[-82.565,36.4613],[-82.5568,36.4625]]},"properties":{"name":"Unnamed Stream","layer":"nhd_perennial_streams","stream_type":"Perennial Stream","length_miles":null,"flow_direction":"","reach_code":""}},{"type":"Feature","geometry":{"type":"LineString","coordinates":[[-82.6691,36.5285],[-82.6757,36.5296]]},"properties":{"name":"Unnamed Stream","layer":"nhd_perennial_streams","stream_type":"Perennial Stream","length_miles":null,"flow_direction":"","reach_code":""}},{"type":"Feature","geometry":{"type":"LineString","coordinates":[[-82.7313,36.482],[-82.7293,36.4809]]},"properties":{"name":"Unnamed Stream","layer":"nhd_perennial_streams","stream_type":"Perennial Stream","length_miles":null,"flow_direction":"","reach_code":""}},{"type":"Feature","geometry":{"type":"LineString","coordinates":[[-82.6726,36.4197],[-82.6704,36.4168]]},"properties":{"name":"Unnamed Stream","layer":"nhd_perennial_streams","stream_type":"Perennial Stream","length_miles":null,"flow_direction":"","reach_code":""}},{"type":"Feature","geometry":{"type":"LineString","coordinates":[[-82.6747,36.4224],[-82.6704,36.4168]]},"properties":{"name":"Unnamed Stream","layer":"nhd_perennial_streams","stream_type":"Perennial Stream","length_miles":null,"flow_direction":"","reach_code":""}},{"type":"Feature","geometry":{"type":"LineString","coordinates":[[-82.4866,36.4816],[-82.4823,36.4837]]},"properties":{"name":"Unnamed Stream","layer":"nhd_perennial_streams","stream_type":"Perennial Stream","length_miles":null,"flow_direction":"","reach_code":""}},{"type":"Feature","geometry":{"type":"LineString","coordinates":[[-82.4851,36.5966],[-82.4933,36.5916]]},"properties":{"name":"Unnamed Stream","layer":"nhd_perennial_streams","stream_type":"Perennial Stream","length_miles":null,"flow_direction":"","reach_code":""}},{"type":"Feature","geometry":{"type":"LineString","coordinates":[[-82.71,36.4584],[-82.7084,36.4587]]},"properties":{"name":"Unnamed Stream","layer":"nhd_perennial_streams","stream_type":"Perennial Stream","length_miles":null,"flow_direction":"","reach_code":""}},{"type":"Feature","geometry":{"type":"LineString","coordinates":[[-82.4621,36.4266],[-82.4553,36.432]]},"properties":{"name":"Unnamed Stream","layer":"nhd_perennial_streams","stream_type":"Perennial Stream","length_miles":null,"flow_direction":"","reach_code":""}},{"type":"Feature","geometry":{"type":"LineString","coordinates":[[-82.4471,36.5329],[-82.4529,36.5249]]},"properties":{"name":"Unnamed Stream","layer":"nhd_perennial_streams","stream_type":"Perennial Stream","length_miles":null,"flow_direction":"","reach_code":""}},{"type":"Feature","geometry":{"type":"LineString","coordinates":[[-82.6632,36.4219],[-82.6607,36.4235]]},"properties":{"name":"Unnamed Stream","layer":"nhd_perennial_streams","stream_type":"Perennial Stream","length_miles":null,"flow_direction":"","reach_code":""}},{"type":"Feature","geometry":{"type":"LineString","coordinates":[[-82.5257,36.5862],[-82.5247,36.5825]]},"properties":{"name":"Unnamed Stream","layer":"nhd_perennial_streams","stream_type":"Perennial Stream","length_miles":null,"flow_direction":"","reach_code":""}},{"type":"Feature","geometry":{"type":"LineString","coordinates":[[-82.506,36.6483],[-82.5052,36.6436]]},"properties":{"name":"Unnamed Stream","layer":"nhd_perennial_streams","stream_type":"Perennial Stream","length_miles":null,"flow_direction":"","reach_code":""}},{"type":"Feature","geometry":{"type":"LineString","coordinates":[[-82.5028,36.6088],[-82.5094,36.609]]},"properties":{"name":"Unnamed Stream","layer":"nhd_perennial_streams","stream_type":"Perennial Stream","length_miles":null,"flow_direction":"","reach_code":""}},{"type":"Feature","geometry":{"type":"LineString","coordinates":[[-82.6053,36.4073],[-82.6054,36.407]]},"properties":{"name":"Unnamed Stream","layer":"nhd_perennial_streams","stream_type":"Perennial Stream","length_miles":null,"flow_direction":"","reach_code":""}},{"type":"Feature","geometry":{"type":"LineString","coordinates":[[-82.6524,36.4487],[-82.6531,36.4517],[-82.6492,36.4519]]},"properties":{"name":"Unnamed Stream","layer":"nhd_perennial_streams","stream_type":"Perennial Stream","length_miles":null,"flow_direction":"","reach_code":""}},{"type":"Feature","geometry":{"type":"LineString","coordinates":[[-82.6591,36.4597],[-82.655,36.4614]]},"properties":{"name":"Unnamed Stream","layer":"nhd_perennial_streams","stream_type":"Perennial Stream","length_miles":null,"flow_direction":"","reach_code":""}},{"type":"Feature","geometry":{"type":"LineString","coordinates":[[-82.5802,36.6435],[-82.5761,36.6383]]},"properties":{"name":"Unnamed Stream","layer":"nhd_perennial_streams","stream_type":"Perennial Stream","length_miles":null,"flow_direction":"","reach_code":""}},{"type":"Feature","geometry":{"type":"LineString","coordinates":[[-82.6054,36.407],[-82.6123,36.4037]]},"properties":{"name":"Unnamed Stream","layer":"nhd_perennial_streams","stream_type":"Perennial Stream","length_miles":null,"flow_direction":"","reach_code":""}},{"type":"Feature","geometry":{"type":"LineString","coordinates":[[-82.6622,36.4437],[-82.6602,36.451]]},"properties":{"name":"Unnamed Stream","layer":"nhd_perennial_streams","stream_type":"Perennial Stream","length_miles":null,"flow_direction":"","reach_code":""}},{"type":"Feature","geometry":{"type":"LineString","coordinates":[[-82.4938,36.5235],[-82.4926,36.5177]]},"properties":{"name":"Unnamed Stream","layer":"nhd_perennial_streams","stream_type":"Perennial Stream","length_miles":null,"flow_direction":"","reach_code":""}},{"type":"Feature","geometry":{"type":"LineString","coordinates":[[-82.5206,36.6476],[-82.5164,36.6392]]},"properties":{"name":"Unnamed Stream","layer":"nhd_perennial_streams","stream_type":"Perennial Stream","length_miles":null,"flow_direction":"","reach_code":""}},{"type":"Feature","geometry":{"type":"LineString","coordinates":[[-82.6545,36.6186],[-82.6531,36.6183]]},"properties":{"name":"Unnamed Stream","layer":"nhd_perennial_streams","stream_type":"Perennial Stream","length_miles":null,"flow_direction":"","reach_code":""}},{"type":"Feature","geometry":{"type":"LineString","coordinates":[[-82.6122,36.4967],[-82.6088,36.4903]]},"properties":{"name":"Unnamed Stream","layer":"nhd_perennial_streams","stream_type":"Perennial Stream","length_miles":null,"flow_direction":"","reach_code":""}},{"type":"Feature","geometry":{"type":"LineString","coordinates":[[-82.6076,36.6265],[-82.6076,36.6285]]},"properties":{"name":"Unnamed Stream","layer":"nhd_perennial_streams","stream_type":"Perennial Stream","length_miles":null,"flow_direction":"","reach_code":""}},{"type":"Feature","geometry":{"type":"LineString","coordinates":[[-82.4801,36.4094],[-82.4863,36.4106]]},"properties":{"name":"Unnamed Stream","layer":"nhd_perennial_streams","stream_type":"Perennial Stream","length_miles":null,"flow_direction":"","reach_code":""}},{"type":"Feature","geometry":{"type":"LineString","coordinates":[[-82.6031,36.6148],[-82.5977,36.6147]]},"properties":{"name":"Unnamed Stream","layer":"nhd_perennial_streams","stream_type":"Perennial Stream","length_miles":null,"flow_direction":"","reach_code":""}},{"type":"Feature","geometry":{"type":"LineString","coordinates":[[-82.4433,36.5738],[-82.4435,36.5733]]},"properties":{"name":"Unnamed Stream","layer":"nhd_perennial_streams","stream_type":"Perennial Stream","length_miles":null,"flow_direction":"","reach_code":""}},{"type":"Feature","geometry":{"type":"LineString","coordinates":[[-82.6831,36.4266],[-82.6845,36.4263]]},"properties":{"name":"Unnamed Stream","layer":"nhd_perennial_streams","stream_type":"Perennial Stream","length_miles":null,"flow_direction":"","reach_code":""}},{"type":"Feature","geometry":{"type":"LineString","coordinates":[[-82.6743,36.5485],[-82.6751,36.5452],[-82.6661,36.5415]]},"properties":{"name":"Unnamed Stream","layer":"nhd_perennial_streams","stream_type":"Perennial Stream","length_miles":null,"flow_direction":"","reach_code":""}},{"type":"Feature","geometry":{"type":"LineString","coordinates":[[-82.719,36.4528],[-82.7208,36.4518]]},"properties":{"name":"Unnamed Stream","layer":"nhd_perennial_streams","stream_type":"Perennial Stream","length_miles":null,"flow_direction":"","reach_code":""}},{"type":"Feature","geometry":{"type":"LineString","coordinates":[[-82.7285,36.4787],[-82.7271,36.4773]]},"properties":{"name":"Unnamed Stream","layer":"nhd_perennial_streams","stream_type":"Perennial Stream","length_miles":null,"flow_direction":"","reach_code":""}},{"type":"Feature","geometry":{"type":"LineString","coordinates":[[-82.5278,36.6503],[-82.5293,36.6527]]},"properties":{"name":"Unnamed Stream","layer":"nhd_perennial_streams","stream_type":"Perennial Stream","length_miles":null,"flow_direction":"","reach_code":""}},{"type":"Feature","geometry":{"type":"LineString","coordinates":[[-82.5563,36.3923],[-82.5603,36.3905]]},"properties":{"name":"Unnamed Stream","layer":"nhd_perennial_streams","stream_type":"Perennial Stream","length_miles":null,"flow_direction":"","reach_code":""}},{"type":"Feature","geometry":{"type":"LineString","coordinates":[[-82.6013,36.6323],[-82.5981,36.6326]]},"properties":{"name":"Unnamed Stream","layer":"nhd_perennial_streams","stream_type":"Perennial Stream","length_miles":null,"flow_direction":"","reach_code":""}},{"type":"Feature","geometry":{"type":"LineString","coordinates":[[-82.6615,36.4628],[-82.657,36.4628]]},"properties":{"name":"Unnamed Stream","layer":"nhd_perennial_streams","stream_type":"Perennial Stream","length_miles":null,"flow_direction":"","reach_code":""}},{"type":"Feature","geometry":{"type":"LineString","coordinates":[[-82.6501,36.4814],[-82.6466,36.4762]]},"properties":{"name":"Unnamed Stream","layer":"nhd_perennial_streams","stream_type":"Perennial Stream","length_miles":null,"flow_direction":"","reach_code":""}},{"type":"Feature","geometry":{"type":"LineString","coordinates":[[-82.5315,36.5984],[-82.5352,36.607]]},"properties":{"name":"Unnamed Stream","layer":"nhd_perennial_streams","stream_type":"Perennial Stream","length_miles":null,"flow_direction":"","reach_code":""}},{"type":"Feature","geometry":{"type":"LineString","coordinates":[[-82.588,36.6262],[-82.5885,36.6325]]},"properties":{"name":"Unnamed Stream","layer":"nhd_perennial_streams","stream_type":"Perennial Stream","length_miles":null,"flow_direction":"","reach_code":""}},{"type":"Feature","geometry":{"type":"LineString","coordinates":[[-82.4554,36.4223],[-82.4553,36.432]]},"properties":{"name":"Unnamed Stream","layer":"nhd_perennial_streams","stream_type":"Perennial Stream","length_miles":null,"flow_direction":"","reach_code":""}},{"type":"Feature","geometry":{"type":"LineString","coordinates":[[-82.6347,36.4407],[-82.6315,36.4424]]},"properties":{"name":"Unnamed Stream","layer":"nhd_perennial_streams","stream_type":"Perennial Stream","length_miles":null,"flow_direction":"","reach_code":""}},{"type":"Feature","geometry":{"type":"LineString","coordinates":[[-82.5089,36.5584],[-82.5028,36.5595]]},"properties":{"name":"Unnamed Stream","layer":"nhd_perennial_streams","stream_type":"Perennial Stream","length_miles":null,"flow_direction":"","reach_code":""}},{"type":"Feature","geometry":{"type":"LineString","coordinates":[[-82.6346,36.4723],[-82.635,36.47]]},"properties":{"name":"Unnamed Stream","layer":"nhd_perennial_streams","stream_type":"Perennial Stream","length_miles":null,"flow_direction":"","reach_code":""}},{"type":"Feature","geometry":{"type":"LineString","coordinates":[[-82.5883,36.6478],[-82.5898,36.6432]]},"properties":{"name":"Unnamed Stream","layer":"nhd_perennial_streams","stream_type":"Perennial Stream","length_miles":null,"flow_direction":"","reach_code":""}},{"type":"Feature","geometry":{"type":"LineString","coordinates":[[-82.5171,36.5529],[-82.5187,36.5483]]},"properties":{"name":"Unnamed Stream","layer":"nhd_perennial_streams","stream_type":"Perennial Stream","length_miles":null,"flow_direction":"","reach_code":""}},{"type":"Feature","geometry":{"type":"LineString","coordinates":[[-82.4116,36.5369],[-82.4164,36.5364],[-82.4164,36.5408]]},"properties":{"name":"Unnamed Stream","layer":"nhd_perennial_streams","stream_type":"Perennial Stream","length_miles":null,"flow_direction":"","reach_code":""}},{"type":"Feature","geometry":{"type":"LineString","coordinates":[[-82.6941,36.5456],[-82.6942,36.5447]]},"properties":{"name":"Unnamed Stream","layer":"nhd_perennial_streams","stream_type":"Perennial Stream","length_miles":null,"flow_direction":"","reach_code":""}},{"type":"Feature","geometry":{"type":"LineString","coordinates":[[-82.6395,36.3905],[-82.6425,36.394]]},"properties":{"name":"Unnamed Stream","layer":"nhd_perennial_streams","stream_type":"Perennial Stream","length_miles":null,"flow_direction":"","reach_code":""}},{"type":"Feature","geometry":{"type":"LineString","coordinates":[[-82.5176,36.633],[-82.5164,36.6311]]},"properties":{"name":"Unnamed Stream","layer":"nhd_perennial_streams","stream_type":"Perennial Stream","length_miles":null,"flow_direction":"","reach_code":""}},{"type":"Feature","geometry":{"type":"LineString","coordinates":[[-82.5404,36.3844],[-82.5399,36.3847]]},"properties":{"name":"Unnamed Stream","layer":"nhd_perennial_streams","stream_type":"Perennial Stream","length_miles":null,"flow_direction":"","reach_code":""}},{"type":"Feature","geometry":{"type":"LineString","coordinates":[[-82.4548,36.5975],[-82.4456,36.5962]]},"properties":{"name":"Unnamed Stream","layer":"nhd_perennial_streams","stream_type":"Perennial Stream","length_miles":null,"flow_direction":"","reach_code":""}},{"type":"Feature","geometry":{"type":"LineString","coordinates":[[-82.7153,36.4553],[-82.71,36.4584]]},"properties":{"name":"Unnamed Stream","layer":"nhd_perennial_streams","stream_type":"Perennial Stream","length_miles":null,"flow_direction":"","reach_code":""}},{"type":"Feature","geometry":{"type":"LineString","coordinates":[[-82.5016,36.3744],[-82.5013,36.3751]]},"properties":{"name":"Unnamed Stream","layer":"nhd_perennial_streams","stream_type":"Perennial Stream","length_miles":null,"flow_direction":"","reach_code":""}},{"type":"Feature","geometry":{"type":"LineString","coordinates":[[-82.6625,36.4516],[-82.6655,36.4549]]},"properties":{"name":"Unnamed Stream","layer":"nhd_perennial_streams","stream_type":"Perennial Stream","length_miles":null,"flow_direction":"","reach_code":""}},{"type":"Feature","geometry":{"type":"LineString","coordinates":[[-82.6317,36.438],[-82.6312,36.4379]]},"properties":{"name":"Unnamed Stream","layer":"nhd_perennial_streams","stream_type":"Perennial Stream","length_miles":null,"flow_direction":"","reach_code":""}},{"type":"Feature","geometry":{"type":"LineString","coordinates":[[-82.5777,36.6321],[-82.5802,36.6364]]},"properties":{"name":"Unnamed Stream","layer":"nhd_perennial_streams","stream_type":"Perennial Stream","length_miles":null,"flow_direction":"","reach_code":""}},{"type":"Feature","geometry":{"type":"LineString","coordinates":[[-82.6029,36.4516],[-82.6117,36.4529]]},"properties":{"name":"Unnamed Stream","layer":"nhd_perennial_streams","stream_type":"Perennial Stream","length_miles":null,"flow_direction":"","reach_code":""}},{"type":"Feature","geometry":{"type":"LineString","coordinates":[[-82.6933,36.4732],[-82.693,36.4713]]},"properties":{"name":"Unnamed Stream","layer":"nhd_perennial_streams","stream_type":"Perennial Stream","length_miles":null,"flow_direction":"","reach_code":""}},{"type":"Feature","geometry":{"type":"LineString","coordinates":[[-82.5487,36.6411],[-82.5491,36.6429]]},"properties":{"name":"Unnamed Stream","layer":"nhd_perennial_streams","stream_type":"Perennial Stream","length_miles":null,"flow_direction":"","reach_code":""}},{"type":"Feature","geometry":{"type":"LineString","coordinates":[[-82.5346,36.4095],[-82.5318,36.4048]]},"properties":{"name":"Unnamed Stream","layer":"nhd_perennial_streams","stream_type":"Perennial Stream","length_miles":null,"flow_direction":"","reach_code":""}},{"type":"Feature","geometry":{"type":"LineString","coordinates":[[-82.6506,36.4198],[-82.6503,36.4198]]},"properties":{"name":"Unnamed Stream","layer":"nhd_perennial_streams","stream_type":"Perennial Stream","length_miles":null,"flow_direction":"","reach_code":""}},{"type":"Feature","geometry":{"type":"LineString","coordinates":[[-82.493,36.4384],[-82.493,36.4382]]},"properties":{"name":"Unnamed Stream","layer":"nhd_perennial_streams","stream_type":"Perennial Stream","length_miles":null,"flow_direction":"","reach_code":""}},{"type":"Feature","geometry":{"type":"LineString","coordinates":[[-82.6112,36.4297],[-82.6118,36.4299]]},"properties":{"name":"Unnamed Stream","layer":"nhd_perennial_streams","stream_type":"Perennial Stream","length_miles":null,"flow_direction":"","reach_code":""}},{"type":"Feature","geometry":{"type":"LineString","coordinates":[[-82.6749,36.485],[-82.6799,36.4945]]},"properties":{"name":"Unnamed Stream","layer":"nhd_perennial_streams","stream_type":"Perennial Stream","length_miles":null,"flow_direction":"","reach_code":""}},{"type":"Feature","geometry":{"type":"LineString","coordinates":[[-82.7327,36.4924],[-82.7297,36.4942]]},"properties":{"name":"Unnamed Stream","layer":"nhd_perennial_streams","stream_type":"Perennial Stream","length_miles":null,"flow_direction":"","reach_code":""}},{"type":"Feature","geometry":{"type":"LineString","coordinates":[[-82.5583,36.5009],[-82.5635,36.5023]]},"properties":{"name":"Unnamed Stream","layer":"nhd_perennial_streams","stream_type":"Perennial Stream","length_miles":null,"flow_direction":"","reach_code":""}},{"type":"Feature","geometry":{"type":"LineString","coordinates":[[-82.6334,36.445],[-82.631,36.4428]]},"properties":{"name":"Unnamed Stream","layer":"nhd_perennial_streams","stream_type":"Perennial Stream","length_miles":null,"flow_direction":"","reach_code":""}},{"type":"Feature","geometry":{"type":"LineString","coordinates":[[-82.4616,36.5745],[-82.4511,36.5708]]},"properties":{"name":"Unnamed Stream","layer":"nhd_perennial_streams","stream_type":"Perennial Stream","length_miles":null,"flow_direction":"","reach_code":""}},{"type":"Feature","geometry":{"type":"LineString","coordinates":[[-82.5401,36.4549],[-82.5321,36.4619]]},"properties":{"name":"Unnamed Stream","layer":"nhd_perennial_streams","stream_type":"Perennial Stream","length_miles":null,"flow_direction":"","reach_code":""}},{"type":"Feature","geometry":{"type":"LineString","coordinates":[[-82.4748,36.5309],[-82.4776,36.5288]]},"properties":{"name":"Unnamed Stream","layer":"nhd_perennial_streams","stream_type":"Perennial Stream","length_miles":null,"flow_direction":"","reach_code":""}},{"type":"Feature","geometry":{"type":"LineString","coordinates":[[-82.5578,36.4137],[-82.5572,36.4151]]},"properties":{"name":"Unnamed Stream","layer":"nhd_perennial_streams","stream_type":"Perennial Stream","length_miles":null,"flow_direction":"","reach_code":""}},{"type":"Feature","geometry":{"type":"LineString","coordinates":[[-82.4632,36.6261],[-82.4632,36.6284]]},"properties":{"name":"Unnamed Stream","layer":"nhd_perennial_streams","stream_type":"Perennial Stream","length_miles":null,"flow_direction":"","reach_code":""}},{"type":"Feature","geometry":{"type":"LineString","coordinates":[[-82.6156,36.483],[-82.615,36.4828]]},"properties":{"name":"Unnamed Stream","layer":"nhd_perennial_streams","stream_type":"Perennial Stream","length_miles":null,"flow_direction":"","reach_code":""}},{"type":"Feature","geometry":{"type":"LineString","coordinates":[[-82.6326,36.4632],[-82.6347,36.4638]]},"properties":{"name":"Unnamed Stream","layer":"nhd_perennial_streams","stream_type":"Perennial Stream","length_miles":null,"flow_direction":"","reach_code":""}},{"type":"Feature","geometry":{"type":"LineString","coordinates":[[-82.4429,36.5513],[-82.4373,36.5468]]},"properties":{"name":"Unnamed Stream","layer":"nhd_perennial_streams","stream_type":"Perennial Stream","length_miles":null,"flow_direction":"","reach_code":""}},{"type":"Feature","geometry":{"type":"LineString","coordinates":[[-82.615,36.4828],[-82.6145,36.4827]]},"properties":{"name":"Unnamed Stream","layer":"nhd_perennial_streams","stream_type":"Perennial Stream","length_miles":null,"flow_direction":"","reach_code":""}},{"type":"Feature","geometry":{"type":"LineString","coordinates":[[-82.4905,36.5283],[-82.4856,36.5224]]},"properties":{"name":"Unnamed Stream","layer":"nhd_perennial_streams","stream_type":"Perennial Stream","length_miles":null,"flow_direction":"","reach_code":""}},{"type":"Feature","geometry":{"type":"LineString","coordinates":[[-82.6986,36.4289],[-82.6996,36.4293]]},"properties":{"name":"Unnamed Stream","layer":"nhd_perennial_streams","stream_type":"Perennial Stream","length_miles":null,"flow_direction":"","reach_code":""}},{"type":"Feature","geometry":{"type":"LineString","coordinates":[[-82.7062,36.554],[-82.708,36.5561]]},"properties":{"name":"Unnamed Stream","layer":"nhd_perennial_streams","stream_type":"Perennial Stream","length_miles":null,"flow_direction":"","reach_code":""}},{"type":"Feature","geometry":{"type":"LineString","coordinates":[[-82.7113,36.4939],[-82.7137,36.4935]]},"properties":{"name":"Unnamed Stream","layer":"nhd_perennial_streams","stream_type":"Perennial Stream","length_miles":null,"flow_direction":"","reach_code":""}},{"type":"Feature","geometry":{"type":"LineString","coordinates":[[-82.6395,36.3975],[-82.6418,36.3972]]},"properties":{"name":"Unnamed Stream","layer":"nhd_perennial_streams","stream_type":"Perennial Stream","length_miles":null,"flow_direction":"","reach_code":""}},{"type":"Feature","geometry":{"type":"LineString","coordinates":[[-82.6303,36.489],[-82.6307,36.4874]]},"properties":{"name":"Unnamed Stream","layer":"nhd_perennial_streams","stream_type":"Perennial Stream","length_miles":null,"flow_direction":"","reach_code":""}},{"type":"Feature","geometry":{"type":"LineString","coordinates":[[-82.6706,36.46],[-82.6702,36.4595]]},"properties":{"name":"Unnamed Stream","layer":"nhd_perennial_streams","stream_type":"Perennial Stream","length_miles":null,"flow_direction":"","reach_code":""}},{"type":"Feature","geometry":{"type":"LineString","coordinates":[[-82.6237,36.4557],[-82.6271,36.4535]]},"properties":{"name":"Unnamed Stream","layer":"nhd_perennial_streams","stream_type":"Perennial Stream","length_miles":null,"flow_direction":"","reach_code":""}},{"type":"Feature","geometry":{"type":"LineString","coordinates":[[-82.4942,36.5872],[-82.4883,36.5761],[-82.4934,36.5688]]},"properties":{"name":"Unnamed Stream","layer":"nhd_perennial_streams","stream_type":"Perennial Stream","length_miles":null,"flow_direction":"","reach_code":""}},{"type":"Feature","geometry":{"type":"LineString","coordinates":[[-82.5843,36.6336],[-82.5812,36.6357]]},"properties":{"name":"Unnamed Stream","layer":"nhd_perennial_streams","stream_type":"Perennial Stream","length_miles":null,"flow_direction":"","reach_code":""}},{"type":"Feature","geometry":{"type":"LineString","coordinates":[[-82.4925,36.6052],[-82.4984,36.6081]]},"properties":{"name":"Unnamed Stream","layer":"nhd_perennial_streams","stream_type":"Perennial Stream","length_miles":null,"flow_direction":"","reach_code":""}},{"type":"Feature","geometry":{"type":"LineString","coordinates":[[-82.4856,36.5224],[-82.4858,36.5213]]},"properties":{"name":"Unnamed Stream","layer":"nhd_perennial_streams","stream_type":"Perennial Stream","length_miles":null,"flow_direction":"","reach_code":""}},{"type":"Feature","geometry":{"type":"LineString","coordinates":[[-82.4565,36.6251],[-82.4574,36.626]]},"properties":{"name":"Unnamed Stream","layer":"nhd_perennial_streams","stream_type":"Perennial Stream","length_miles":null,"flow_direction":"","reach_code":""}},{"type":"Feature","geometry":{"type":"LineString","coordinates":[[-82.4133,36.5036],[-82.4265,36.4943]]},"properties":{"name":"Unnamed Stream","layer":"nhd_perennial_streams","stream_type":"Perennial Stream","length_miles":null,"flow_direction":"","reach_code":""}},{"type":"Feature","geometry":{"type":"LineString","coordinates":[[-82.6564,36.6301],[-82.6556,36.6339]]},"properties":{"name":"Unnamed Stream","layer":"nhd_perennial_streams","stream_type":"Perennial Stream","length_miles":null,"flow_direction":"","reach_code":""}},{"type":"Feature","geometry":{"type":"LineString","coordinates":[[-82.494,36.5709],[-82.4934,36.5688]]},"properties":{"name":"Unnamed Stream","layer":"nhd_perennial_streams","stream_type":"Perennial Stream","length_miles":null,"flow_direction":"","reach_code":""}},{"type":"Feature","geometry":{"type":"LineString","coordinates":[[-82.6196,36.6455],[-82.6191,36.644]]},"properties":{"name":"Unnamed Stream","layer":"nhd_perennial_streams","stream_type":"Perennial Stream","length_miles":null,"flow_direction":"","reach_code":""}},{"type":"Feature","geometry":{"type":"LineString","coordinates":[[-82.634,36.4373],[-82.6318,36.4358]]},"properties":{"name":"Unnamed Stream","layer":"nhd_perennial_streams","stream_type":"Perennial Stream","length_miles":null,"flow_direction":"","reach_code":""}},{"type":"Feature","geometry":{"type":"LineString","coordinates":[[-82.3988,36.5025],[-82.3988,36.5007]]},"properties":{"name":"Unnamed Stream","layer":"nhd_perennial_streams","stream_type":"Perennial Stream","length_miles":null,"flow_direction":"","reach_code":""}},{"type":"Feature","geometry":{"type":"LineString","coordinates":[[-82.6507,36.456],[-82.6468,36.4546]]},"properties":{"name":"Unnamed Stream","layer":"nhd_perennial_streams","stream_type":"Perennial Stream","length_miles":null,"flow_direction":"","reach_code":""}},{"type":"Feature","geometry":{"type":"LineString","coordinates":[[-82.6549,36.4177],[-82.6585,36.4149]]},"properties":{"name":"Unnamed Stream","layer":"nhd_perennial_streams","stream_type":"Perennial Stream","length_miles":null,"flow_direction":"","reach_code":""}},{"type":"Feature","geometry":{"type":"LineString","coordinates":[[-82.7022,36.432],[-82.7023,36.4324]]},"properties":{"name":"Unnamed Stream","layer":"nhd_perennial_streams","stream_type":"Perennial Stream","length_miles":null,"flow_direction":"","reach_code":""}},{"type":"Feature","geometry":{"type":"LineString","coordinates":[[-82.6146,36.5321],[-82.6186,36.5248]]},"properties":{"name":"Unnamed Stream","layer":"nhd_perennial_streams","stream_type":"Perennial Stream","length_miles":null,"flow_direction":"","reach_code":""}},{"type":"Feature","geometry":{"type":"LineString","coordinates":[[-82.7249,36.487],[-82.7209,36.4872]]},"properties":{"name":"Unnamed Stream","layer":"nhd_perennial_streams","stream_type":"Perennial Stream","length_miles":null,"flow_direction":"","reach_code":""}},{"type":"Feature","geometry":{"type":"LineString","coordinates":[[-82.6897,36.479],[-82.6897,36.4814]]},"properties":{"name":"Unnamed Stream","layer":"nhd_perennial_streams","stream_type":"Perennial Stream","length_miles":null,"flow_direction":"","reach_code":""}},{"type":"Feature","geometry":{"type":"LineString","coordinates":[[-82.7217,36.4902],[-82.7201,36.4931]]},"properties":{"name":"Unnamed Stream","layer":"nhd_perennial_streams","stream_type":"Perennial Stream","length_miles":null,"flow_direction":"","reach_code":""}},{"type":"Feature","geometry":{"type":"LineString","coordinates":[[-82.7266,36.487],[-82.7249,36.487]]},"properties":{"name":"Unnamed Stream","layer":"nhd_perennial_streams","stream_type":"Perennial Stream","length_miles":null,"flow_direction":"","reach_code":""}},{"type":"Feature","geometry":{"type":"LineString","coordinates":[[-82.6549,36.5634],[-82.66,36.5598]]},"properties":{"name":"Unnamed Stream","layer":"nhd_perennial_streams","stream_type":"Perennial Stream","length_miles":null,"flow_direction":"","reach_code":""}},{"type":"Feature","geometry":{"type":"LineString","coordinates":[[-82.6916,36.431],[-82.6948,36.4339]]},"properties":{"name":"Unnamed Stream","layer":"nhd_perennial_streams","stream_type":"Perennial Stream","length_miles":null,"flow_direction":"","reach_code":""}},{"type":"Feature","geometry":{"type":"LineString","coordinates":[[-82.6346,36.3899],[-82.6369,36.3911]]},"properties":{"name":"Unnamed Stream","layer":"nhd_perennial_streams","stream_type":"Perennial Stream","length_miles":null,"flow_direction":"","reach_code":""}},{"type":"Feature","geometry":{"type":"LineString","coordinates":[[-82.6618,36.4118],[-82.6588,36.4094]]},"properties":{"name":"Unnamed Stream","layer":"nhd_perennial_streams","stream_type":"Perennial Stream","length_miles":null,"flow_direction":"","reach_code":""}},{"type":"Feature","geometry":{"type":"LineString","coordinates":[[-82.6479,36.4666],[-82.6466,36.4658]]},"properties":{"name":"Unnamed Stream","layer":"nhd_perennial_streams","stream_type":"Perennial Stream","length_miles":null,"flow_direction":"","reach_code":""}},{"type":"Feature","geometry":{"type":"LineString","coordinates":[[-82.6406,36.4748],[-82.64,36.472]]},"properties":{"name":"Unnamed Stream","layer":"nhd_perennial_streams","stream_type":"Perennial Stream","length_miles":null,"flow_direction":"","reach_code":""}},{"type":"Feature","geometry":{"type":"LineString","coordinates":[[-82.6422,36.4802],[-82.6427,36.4781]]},"properties":{"name":"Unnamed Stream","layer":"nhd_perennial_streams","stream_type":"Perennial Stream","length_miles":null,"flow_direction":"","reach_code":""}},{"type":"Feature","geometry":{"type":"LineString","coordinates":[[-82.5638,36.411],[-82.5583,36.4128]]},"properties":{"name":"Unnamed Stream","layer":"nhd_perennial_streams","stream_type":"Perennial Stream","length_miles":null,"flow_direction":"","reach_code":""}},{"type":"Feature","geometry":{"type":"LineString","coordinates":[[-82.6327,36.6317],[-82.6242,36.6316]]},"properties":{"name":"Unnamed Stream","layer":"nhd_perennial_streams","stream_type":"Perennial Stream","length_miles":null,"flow_direction":"","reach_code":""}},{"type":"Feature","geometry":{"type":"LineString","coordinates":[[-82.4553,36.4918],[-82.4549,36.4854]]},"properties":{"name":"Unnamed Stream","layer":"nhd_perennial_streams","stream_type":"Perennial Stream","length_miles":null,"flow_direction":"","reach_code":""}},{"type":"Feature","geometry":{"type":"LineString","coordinates":[[-82.668,36.458],[-82.6643,36.4588]]},"properties":{"name":"Unnamed Stream","layer":"nhd_perennial_streams","stream_type":"Perennial Stream","length_miles":null,"flow_direction":"","reach_code":""}},{"type":"Feature","geometry":{"type":"LineString","coordinates":[[-82.5719,36.6235],[-82.5757,36.6187]]},"properties":{"name":"Unnamed Stream","layer":"nhd_perennial_streams","stream_type":"Perennial Stream","length_miles":null,"flow_direction":"","reach_code":""}},{"type":"Feature","geometry":{"type":"LineString","coordinates":[[-82.6816,36.442],[-82.6794,36.4445]]},"properties":{"name":"Unnamed Stream","layer":"nhd_perennial_streams","stream_type":"Perennial Stream","length_miles":null,"flow_direction":"","reach_code":""}},{"type":"Feature","geometry":{"type":"LineString","coordinates":[[-82.4039,36.5105],[-82.3963,36.5087],[-82.3959,36.5056]]},"properties":{"name":"Unnamed Stream","layer":"nhd_perennial_streams","stream_type":"Perennial Stream","length_miles":null,"flow_direction":"","reach_code":""}},{"type":"Feature","geometry":{"type":"LineString","coordinates":[[-82.5019,36.6057],[-82.5028,36.6088]]},"properties":{"name":"Unnamed Stream","layer":"nhd_perennial_streams","stream_type":"Perennial Stream","length_miles":null,"flow_direction":"","reach_code":""}},{"type":"Feature","geometry":{"type":"LineString","coordinates":[[-82.6263,36.4585],[-82.6303,36.4568]]},"properties":{"name":"Unnamed Stream","layer":"nhd_perennial_streams","stream_type":"Perennial Stream","length_miles":null,"flow_direction":"","reach_code":""}},{"type":"Feature","geometry":{"type":"LineString","coordinates":[[-82.6818,36.4548],[-82.6816,36.4543]]},"properties":{"name":"Unnamed Stream","layer":"nhd_perennial_streams","stream_type":"Perennial Stream","length_miles":null,"flow_direction":"","reach_code":""}},{"type":"Feature","geometry":{"type":"LineString","coordinates":[[-82.5422,36.4133],[-82.5354,36.4207],[-82.5375,36.4281]]},"properties":{"name":"Unnamed Stream","layer":"nhd_perennial_streams","stream_type":"Perennial Stream","length_miles":null,"flow_direction":"","reach_code":""}},{"type":"Feature","geometry":{"type":"LineString","coordinates":[[-82.6831,36.4225],[-82.6859,36.4257]]},"properties":{"name":"Unnamed Stream","layer":"nhd_perennial_streams","stream_type":"Perennial Stream","length_miles":null,"flow_direction":"","reach_code":""}},{"type":"Feature","geometry":{"type":"LineString","coordinates":[[-82.7077,36.4871],[-82.708,36.4853]]},"properties":{"name":"Unnamed Stream","layer":"nhd_perennial_streams","stream_type":"Perennial Stream","length_miles":null,"flow_direction":"","reach_code":""}},{"type":"Feature","geometry":{"type":"LineString","coordinates":[[-82.6879,36.5365],[-82.6841,36.5243]]},"properties":{"name":"Unnamed Stream","layer":"nhd_perennial_streams","stream_type":"Perennial Stream","length_miles":null,"flow_direction":"","reach_code":""}},{"type":"Feature","geometry":{"type":"LineString","coordinates":[[-82.6658,36.5118],[-82.6668,36.5121]]},"properties":{"name":"Unnamed Stream","layer":"nhd_perennial_streams","stream_type":"Perennial Stream","length_miles":null,"flow_direction":"","reach_code":""}},{"type":"Feature","geometry":{"type":"LineString","coordinates":[[-82.7111,36.4993],[-82.7064,36.5045]]},"properties":{"name":"Unnamed Stream","layer":"nhd_perennial_streams","stream_type":"Perennial Stream","length_miles":null,"flow_direction":"","reach_code":""}},{"type":"Feature","geometry":{"type":"LineString","coordinates":[[-82.6344,36.4977],[-82.6416,36.4965]]},"properties":{"name":"Unnamed Stream","layer":"nhd_perennial_streams","stream_type":"Perennial Stream","length_miles":null,"flow_direction":"","reach_code":""}},{"type":"Feature","geometry":{"type":"LineString","coordinates":[[-82.5724,36.6378],[-82.5706,36.6377]]},"properties":{"name":"Unnamed Stream","layer":"nhd_perennial_streams","stream_type":"Perennial Stream","length_miles":null,"flow_direction":"","reach_code":""}},{"type":"Feature","geometry":{"type":"LineString","coordinates":[[-82.5047,36.5673],[-82.5028,36.5595]]},"properties":{"name":"Unnamed Stream","layer":"nhd_perennial_streams","stream_type":"Perennial Stream","length_miles":null,"flow_direction":"","reach_code":""}},{"type":"Feature","geometry":{"type":"LineString","coordinates":[[-82.4544,36.6253],[-82.4574,36.626]]},"properties":{"name":"Unnamed Stream","layer":"nhd_perennial_streams","stream_type":"Perennial Stream","length_miles":null,"flow_direction":"","reach_code":""}},{"type":"Feature","geometry":{"type":"LineString","coordinates":[[-82.5731,36.3951],[-82.572,36.397]]},"properties":{"name":"Unnamed Stream","layer":"nhd_perennial_streams","stream_type":"Perennial Stream","length_miles":null,"flow_direction":"","reach_code":""}},{"type":"Feature","geometry":{"type":"LineString","coordinates":[[-82.683,36.6049],[-82.6783,36.6072]]},"properties":{"name":"Unnamed Stream","layer":"nhd_perennial_streams","stream_type":"Perennial Stream","length_miles":null,"flow_direction":"","reach_code":""}},{"type":"Feature","geometry":{"type":"LineString","coordinates":[[-82.626,36.4829],[-82.6253,36.4818]]},"properties":{"name":"Unnamed Stream","layer":"nhd_perennial_streams","stream_type":"Perennial Stream","length_miles":null,"flow_direction":"","reach_code":""}},{"type":"Feature","geometry":{"type":"LineString","coordinates":[[-82.4859,36.5668],[-82.49,36.5609]]},"properties":{"name":"Unnamed Stream","layer":"nhd_perennial_streams","stream_type":"Perennial Stream","length_miles":null,"flow_direction":"","reach_code":""}},{"type":"Feature","geometry":{"type":"LineString","coordinates":[[-82.7084,36.4679],[-82.704,36.464]]},"properties":{"name":"Unnamed Stream","layer":"nhd_perennial_streams","stream_type":"Perennial Stream","length_miles":null,"flow_direction":"","reach_code":""}},{"type":"Feature","geometry":{"type":"LineString","coordinates":[[-82.4963,36.5479],[-82.5011,36.5429]]},"properties":{"name":"Unnamed Stream","layer":"nhd_perennial_streams","stream_type":"Perennial Stream","length_miles":null,"flow_direction":"","reach_code":""}},{"type":"Feature","geometry":{"type":"LineString","coordinates":[[-82.5024,36.3937],[-82.4958,36.3982]]},"properties":{"name":"Unnamed Stream","layer":"nhd_perennial_streams","stream_type":"Perennial Stream","length_miles":null,"flow_direction":"","reach_code":""}},{"type":"Feature","geometry":{"type":"LineString","coordinates":[[-82.501,36.6518],[-82.4918,36.6411]]},"properties":{"name":"Unnamed Stream","layer":"nhd_perennial_streams","stream_type":"Perennial Stream","length_miles":null,"flow_direction":"","reach_code":""}},{"type":"Feature","geometry":{"type":"LineString","coordinates":[[-82.674,36.4462],[-82.6775,36.4441]]},"properties":{"name":"Unnamed Stream","layer":"nhd_perennial_streams","stream_type":"Perennial Stream","length_miles":null,"flow_direction":"","reach_code":""}},{"type":"Feature","geometry":{"type":"LineString","coordinates":[[-82.522,36.5296],[-82.526,36.5291],[-82.531,36.5346],[-82.5446,36.5397],[-82.5487,36.5385],[-82.5476,36.5318],[-82.5534,36.5292]]},"properties":{"name":"Unnamed Stream","layer":"nhd_perennial_streams","stream_type":"Perennial Stream","length_miles":null,"flow_direction":"","reach_code":""}},{"type":"Feature","geometry":{"type":"LineString","coordinates":[[-82.6342,36.4351],[-82.6299,36.4313]]},"properties":{"name":"Unnamed Stream","layer":"nhd_perennial_streams","stream_type":"Perennial Stream","length_miles":null,"flow_direction":"","reach_code":""}},{"type":"Feature","geometry":{"type":"LineString","coordinates":[[-82.4172,36.5162],[-82.4222,36.5168]]},"properties":{"name":"Unnamed Stream","layer":"nhd_perennial_streams","stream_type":"Perennial Stream","length_miles":null,"flow_direction":"","reach_code":""}},{"type":"Feature","geometry":{"type":"LineString","coordinates":[[-82.6292,36.5949],[-82.6335,36.5958]]},"properties":{"name":"Unnamed Stream","layer":"nhd_perennial_streams","stream_type":"Perennial Stream","length_miles":null,"flow_direction":"","reach_code":""}},{"type":"Feature","geometry":{"type":"LineString","coordinates":[[-82.6846,36.4381],[-82.6861,36.4386]]},"properties":{"name":"Unnamed Stream","layer":"nhd_perennial_streams","stream_type":"Perennial Stream","length_miles":null,"flow_direction":"","reach_code":""}},{"type":"Feature","geometry":{"type":"LineString","coordinates":[[-82.5478,36.4354],[-82.5449,36.4377]]},"properties":{"name":"Unnamed Stream","layer":"nhd_perennial_streams","stream_type":"Perennial Stream","length_miles":null,"flow_direction":"","reach_code":""}},{"type":"Feature","geometry":{"type":"LineString","coordinates":[[-82.5037,36.5341],[-82.51,36.539]]},"properties":{"name":"Unnamed Stream","layer":"nhd_perennial_streams","stream_type":"Perennial Stream","length_miles":null,"flow_direction":"","reach_code":""}},{"type":"Feature","geometry":{"type":"LineString","coordinates":[[-82.7023,36.4324],[-82.7026,36.4327]]},"properties":{"name":"Unnamed Stream","layer":"nhd_perennial_streams","stream_type":"Perennial Stream","length_miles":null,"flow_direction":"","reach_code":""}},{"type":"Feature","geometry":{"type":"LineString","coordinates":[[-82.6967,36.4412],[-82.6996,36.4395]]},"properties":{"name":"Unnamed Stream","layer":"nhd_perennial_streams","stream_type":"Perennial Stream","length_miles":null,"flow_direction":"","reach_code":""}},{"type":"Feature","geometry":{"type":"LineString","coordinates":[[-82.7302,36.4824],[-82.7293,36.4809]]},"properties":{"name":"Unnamed Stream","layer":"nhd_perennial_streams","stream_type":"Perennial Stream","length_miles":null,"flow_direction":"","reach_code":""}},{"type":"Feature","geometry":{"type":"LineString","coordinates":[[-82.6522,36.5211],[-82.6591,36.525]]},"properties":{"name":"Unnamed Stream","layer":"nhd_perennial_streams","stream_type":"Perennial Stream","length_miles":null,"flow_direction":"","reach_code":""}},{"type":"Feature","geometry":{"type":"LineString","coordinates":[[-82.698,36.4361],[-82.6997,36.437]]},"properties":{"name":"Unnamed Stream","layer":"nhd_perennial_streams","stream_type":"Perennial Stream","length_miles":null,"flow_direction":"","reach_code":""}},{"type":"Feature","geometry":{"type":"LineString","coordinates":[[-82.6668,36.4123],[-82.6669,36.4109]]},"properties":{"name":"Unnamed Stream","layer":"nhd_perennial_streams","stream_type":"Perennial Stream","length_miles":null,"flow_direction":"","reach_code":""}},{"type":"Feature","geometry":{"type":"LineString","coordinates":[[-82.4377,36.4047],[-82.4371,36.4057]]},"properties":{"name":"Unnamed Stream","layer":"nhd_perennial_streams","stream_type":"Perennial Stream","length_miles":null,"flow_direction":"","reach_code":""}},{"type":"Feature","geometry":{"type":"LineString","coordinates":[[-82.5263,36.4271],[-82.5167,36.427]]},"properties":{"name":"Unnamed Stream","layer":"nhd_perennial_streams","stream_type":"Perennial Stream","length_miles":null,"flow_direction":"","reach_code":""}},{"type":"Feature","geometry":{"type":"LineString","coordinates":[[-82.4355,36.6001],[-82.4428,36.5996]]},"properties":{"name":"Unnamed Stream","layer":"nhd_perennial_streams","stream_type":"Perennial Stream","length_miles":null,"flow_direction":"","reach_code":""}},{"type":"Feature","geometry":{"type":"LineString","coordinates":[[-82.6286,36.4847],[-82.6253,36.4818]]},"properties":{"name":"Unnamed Stream","layer":"nhd_perennial_streams","stream_type":"Perennial Stream","length_miles":null,"flow_direction":"","reach_code":""}},{"type":"Feature","geometry":{"type":"LineString","coordinates":[[-82.6407,36.4281],[-82.6377,36.4254]]},"properties":{"name":"Unnamed Stream","layer":"nhd_perennial_streams","stream_type":"Perennial Stream","length_miles":null,"flow_direction":"","reach_code":""}},{"type":"Feature","geometry":{"type":"LineString","coordinates":[[-82.4752,36.456],[-82.4714,36.4593]]},"properties":{"name":"Unnamed Stream","layer":"nhd_perennial_streams","stream_type":"Perennial Stream","length_miles":null,"flow_direction":"","reach_code":""}},{"type":"Feature","geometry":{"type":"LineString","coordinates":[[-82.6911,36.6069],[-82.6838,36.6047]]},"properties":{"name":"Unnamed Stream","layer":"nhd_perennial_streams","stream_type":"Perennial Stream","length_miles":null,"flow_direction":"","reach_code":""}},{"type":"Feature","geometry":{"type":"LineString","coordinates":[[-82.6134,36.4381],[-82.6137,36.4391]]},"properties":{"name":"Unnamed Stream","layer":"nhd_perennial_streams","stream_type":"Perennial Stream","length_miles":null,"flow_direction":"","reach_code":""}},{"type":"Feature","geometry":{"type":"LineString","coordinates":[[-82.5548,36.6458],[-82.5549,36.6462]]},"properties":{"name":"Unnamed Stream","layer":"nhd_perennial_streams","stream_type":"Perennial Stream","length_miles":null,"flow_direction":"","reach_code":""}},{"type":"Feature","geometry":{"type":"LineString","coordinates":[[-82.6261,36.4119],[-82.6254,36.4139]]},"properties":{"name":"Unnamed Stream","layer":"nhd_perennial_streams","stream_type":"Perennial Stream","length_miles":null,"flow_direction":"","reach_code":""}},{"type":"Feature","geometry":{"type":"LineString","coordinates":[[-82.6254,36.4139],[-82.6242,36.4177]]},"properties":{"name":"Unnamed Stream","layer":"nhd_perennial_streams","stream_type":"Perennial Stream","length_miles":null,"flow_direction":"","reach_code":""}},{"type":"Feature","geometry":{"type":"LineString","coordinates":[[-82.681,36.4371],[-82.6835,36.4382]]},"properties":{"name":"Unnamed Stream","layer":"nhd_perennial_streams","stream_type":"Perennial Stream","length_miles":null,"flow_direction":"","reach_code":""}},{"type":"Feature","geometry":{"type":"LineString","coordinates":[[-82.5309,36.6299],[-82.5269,36.6327]]},"properties":{"name":"Unnamed Stream","layer":"nhd_perennial_streams","stream_type":"Perennial Stream","length_miles":null,"flow_direction":"","reach_code":""}},{"type":"Feature","geometry":{"type":"LineString","coordinates":[[-82.6421,36.4826],[-82.6422,36.4802]]},"properties":{"name":"Unnamed Stream","layer":"nhd_perennial_streams","stream_type":"Perennial Stream","length_miles":null,"flow_direction":"","reach_code":""}},{"type":"Feature","geometry":{"type":"LineString","coordinates":[[-82.5434,36.6428],[-82.5499,36.6489]]},"properties":{"name":"Unnamed Stream","layer":"nhd_perennial_streams","stream_type":"Perennial Stream","length_miles":null,"flow_direction":"","reach_code":""}},{"type":"Feature","geometry":{"type":"LineString","coordinates":[[-82.6399,36.4864],[-82.633,36.4816]]},"properties":{"name":"Unnamed Stream","layer":"nhd_perennial_streams","stream_type":"Perennial Stream","length_miles":null,"flow_direction":"","reach_code":""}},{"type":"Feature","geometry":{"type":"LineString","coordinates":[[-82.6564,36.5836],[-82.6511,36.5818],[-82.6506,36.5772]]},"properties":{"name":"Unnamed Stream","layer":"nhd_perennial_streams","stream_type":"Perennial Stream","length_miles":null,"flow_direction":"","reach_code":""}},{"type":"Feature","geometry":{"type":"LineString","coordinates":[[-82.653,36.5434],[-82.6484,36.5323]]},"properties":{"name":"Unnamed Stream","layer":"nhd_perennial_streams","stream_type":"Perennial Stream","length_miles":null,"flow_direction":"","reach_code":""}},{"type":"Feature","geometry":{"type":"LineString","coordinates":[[-82.6966,36.4438],[-82.6967,36.4412]]},"properties":{"name":"Unnamed Stream","layer":"nhd_perennial_streams","stream_type":"Perennial Stream","length_miles":null,"flow_direction":"","reach_code":""}},{"type":"Feature","geometry":{"type":"LineString","coordinates":[[-82.6943,36.5434],[-82.6962,36.5366],[-82.704,36.5293]]},"properties":{"name":"Unnamed Stream","layer":"nhd_perennial_streams","stream_type":"Perennial Stream","length_miles":null,"flow_direction":"","reach_code":""}},{"type":"Feature","geometry":{"type":"LineString","coordinates":[[-82.7227,36.5252],[-82.7171,36.5229]]},"properties":{"name":"Unnamed Stream","layer":"nhd_perennial_streams","stream_type":"Perennial Stream","length_miles":null,"flow_direction":"","reach_code":""}},{"type":"Feature","geometry":{"type":"LineString","coordinates":[[-82.688,36.5066],[-82.6852,36.4981]]},"properties":{"name":"Unnamed Stream","layer":"nhd_perennial_streams","stream_type":"Perennial Stream","length_miles":null,"flow_direction":"","reach_code":""}},{"type":"Feature","geometry":{"type":"LineString","coordinates":[[-82.6883,36.4772],[-82.6874,36.4746]]},"properties":{"name":"Unnamed Stream","layer":"nhd_perennial_streams","stream_type":"Perennial Stream","length_miles":null,"flow_direction":"","reach_code":""}},{"type":"Feature","geometry":{"type":"LineString","coordinates":[[-82.5219,36.4109],[-82.5203,36.4125]]},"properties":{"name":"Unnamed Stream","layer":"nhd_perennial_streams","stream_type":"Perennial Stream","length_miles":null,"flow_direction":"","reach_code":""}},{"type":"Feature","geometry":{"type":"LineString","coordinates":[[-82.5183,36.6401],[-82.5165,36.636]]},"properties":{"name":"Unnamed Stream","layer":"nhd_perennial_streams","stream_type":"Perennial Stream","length_miles":null,"flow_direction":"","reach_code":""}},{"type":"Feature","geometry":{"type":"LineString","coordinates":[[-82.691,36.4675],[-82.6916,36.4633]]},"properties":{"name":"Unnamed Stream","layer":"nhd_perennial_streams","stream_type":"Perennial Stream","length_miles":null,"flow_direction":"","reach_code":""}},{"type":"Feature","geometry":{"type":"LineString","coordinates":[[-82.5138,36.3828],[-82.513,36.3849]]},"properties":{"name":"Unnamed Stream","layer":"nhd_perennial_streams","stream_type":"Perennial Stream","length_miles":null,"flow_direction":"","reach_code":""}},{"type":"Feature","geometry":{"type":"LineString","coordinates":[[-82.5422,36.6004],[-82.5414,36.6062],[-82.546,36.6071]]},"properties":{"name":"Unnamed Stream","layer":"nhd_perennial_streams","stream_type":"Perennial Stream","length_miles":null,"flow_direction":"","reach_code":""}},{"type":"Feature","geometry":{"type":"LineString","coordinates":[[-82.6481,36.4425],[-82.6419,36.442]]},"properties":{"name":"Unnamed Stream","layer":"nhd_perennial_streams","stream_type":"Perennial Stream","length_miles":null,"flow_direction":"","reach_code":""}},{"type":"Feature","geometry":{"type":"LineString","coordinates":[[-82.458,36.544],[-82.4622,36.5402]]},"properties":{"name":"Unnamed Stream","layer":"nhd_perennial_streams","stream_type":"Perennial Stream","length_miles":null,"flow_direction":"","reach_code":""}},{"type":"Feature","geometry":{"type":"LineString","coordinates":[[-82.5764,36.46],[-82.5892,36.4665]]},"properties":{"name":"Unnamed Stream","layer":"nhd_perennial_streams","stream_type":"Perennial Stream","length_miles":null,"flow_direction":"","reach_code":""}},{"type":"Feature","geometry":{"type":"LineString","coordinates":[[-82.6752,36.4684],[-82.6749,36.4669]]},"properties":{"name":"Unnamed Stream","layer":"nhd_perennial_streams","stream_type":"Perennial Stream","length_miles":null,"flow_direction":"","reach_code":""}},{"type":"Feature","geometry":{"type":"LineString","coordinates":[[-82.5617,36.6533],[-82.5537,36.6486]]},"properties":{"name":"Unnamed Stream","layer":"nhd_perennial_streams","stream_type":"Perennial Stream","length_miles":null,"flow_direction":"","reach_code":""}},{"type":"Feature","geometry":{"type":"LineString","coordinates":[[-82.6319,36.4856],[-82.6306,36.4843]]},"properties":{"name":"Unnamed Stream","layer":"nhd_perennial_streams","stream_type":"Perennial Stream","length_miles":null,"flow_direction":"","reach_code":""}},{"type":"Feature","geometry":{"type":"LineString","coordinates":[[-82.5606,36.438],[-82.5616,36.4344]]},"properties":{"name":"Unnamed Stream","layer":"nhd_perennial_streams","stream_type":"Perennial Stream","length_miles":null,"flow_direction":"","reach_code":""}},{"type":"Feature","geometry":{"type":"LineString","coordinates":[[-82.6763,36.4557],[-82.6766,36.4515]]},"properties":{"name":"Unnamed Stream","layer":"nhd_perennial_streams","stream_type":"Perennial Stream","length_miles":null,"flow_direction":"","reach_code":""}},{"type":"Feature","geometry":{"type":"LineString","coordinates":[[-82.5168,36.5883],[-82.5137,36.5849]]},"properties":{"name":"Unnamed Stream","layer":"nhd_perennial_streams","stream_type":"Perennial Stream","length_miles":null,"flow_direction":"","reach_code":""}},{"type":"Feature","geometry":{"type":"LineString","coordinates":[[-82.44,36.4875],[-82.4366,36.4852]]},"properties":{"name":"Unnamed Stream","layer":"nhd_perennial_streams","stream_type":"Perennial Stream","length_miles":null,"flow_direction":"","reach_code":""}},{"type":"Feature","geometry":{"type":"LineString","coordinates":[[-82.5451,36.4722],[-82.5439,36.4736]]},"properties":{"name":"Unnamed Stream","layer":"nhd_perennial_streams","stream_type":"Perennial Stream","length_miles":null,"flow_direction":"","reach_code":""}},{"type":"Feature","geometry":{"type":"LineString","coordinates":[[-82.4116,36.5786],[-82.4121,36.5733]]},"properties":{"name":"Unnamed Stream","layer":"nhd_perennial_streams","stream_type":"Perennial Stream","length_miles":null,"flow_direction":"","reach_code":""}},{"type":"Feature","geometry":{"type":"LineString","coordinates":[[-82.5814,36.5243],[-82.5774,36.5157]]},"properties":{"name":"Unnamed Stream","layer":"nhd_perennial_streams","stream_type":"Perennial Stream","length_miles":null,"flow_direction":"","reach_code":""}},{"type":"Feature","geometry":{"type":"LineString","coordinates":[[-82.7212,36.4789],[-82.7229,36.4803]]},"properties":{"name":"Unnamed Stream","layer":"nhd_perennial_streams","stream_type":"Perennial Stream","length_miles":null,"flow_direction":"","reach_code":""}},{"type":"Feature","geometry":{"type":"LineString","coordinates":[[-82.6559,36.5298],[-82.6563,36.5292]]},"properties":{"name":"Unnamed Stream","layer":"nhd_perennial_streams","stream_type":"Perennial Stream","length_miles":null,"flow_direction":"","reach_code":""}},{"type":"Feature","geometry":{"type":"LineString","coordinates":[[-82.7046,36.4822],[-82.704,36.4853]]},"properties":{"name":"Unnamed Stream","layer":"nhd_perennial_streams","stream_type":"Perennial Stream","length_miles":null,"flow_direction":"","reach_code":""}},{"type":"Feature","geometry":{"type":"LineString","coordinates":[[-82.5958,36.528],[-82.5992,36.5341]]},"properties":{"name":"Unnamed Stream","layer":"nhd_perennial_streams","stream_type":"Perennial Stream","length_miles":null,"flow_direction":"","reach_code":""}},{"type":"Feature","geometry":{"type":"LineString","coordinates":[[-82.6816,36.4294],[-82.6825,36.4288]]},"properties":{"name":"Unnamed Stream","layer":"nhd_perennial_streams","stream_type":"Perennial Stream","length_miles":null,"flow_direction":"","reach_code":""}},{"type":"Feature","geometry":{"type":"LineString","coordinates":[[-82.5685,36.3658],[-82.5671,36.3636]]},"properties":{"name":"Unnamed Stream","layer":"nhd_perennial_streams","stream_type":"Perennial Stream","length_miles":null,"flow_direction":"","reach_code":""}},{"type":"Feature","geometry":{"type":"LineString","coordinates":[[-82.642,36.4005],[-82.643,36.402]]},"properties":{"name":"Unnamed Stream","layer":"nhd_perennial_streams","stream_type":"Perennial Stream","length_miles":null,"flow_direction":"","reach_code":""}},{"type":"Feature","geometry":{"type":"LineString","coordinates":[[-82.6478,36.4324],[-82.6456,36.4293]]},"properties":{"name":"Unnamed Stream","layer":"nhd_perennial_streams","stream_type":"Perennial Stream","length_miles":null,"flow_direction":"","reach_code":""}},{"type":"Feature","geometry":{"type":"LineString","coordinates":[[-82.4395,36.5548],[-82.4354,36.5501]]},"properties":{"name":"Unnamed Stream","layer":"nhd_perennial_streams","stream_type":"Perennial Stream","length_miles":null,"flow_direction":"","reach_code":""}},{"type":"Feature","geometry":{"type":"LineString","coordinates":[[-82.6389,36.4423],[-82.641,36.4428]]},"properties":{"name":"Unnamed Stream","layer":"nhd_perennial_streams","stream_type":"Perennial Stream","length_miles":null,"flow_direction":"","reach_code":""}},{"type":"Feature","geometry":{"type":"LineString","coordinates":[[-82.6299,36.4313],[-82.6273,36.4342]]},"properties":{"name":"Unnamed Stream","layer":"nhd_perennial_streams","stream_type":"Perennial Stream","length_miles":null,"flow_direction":"","reach_code":""}},{"type":"Feature","geometry":{"type":"LineString","coordinates":[[-82.6918,36.5941],[-82.6791,36.5945]]},"properties":{"name":"Unnamed Stream","layer":"nhd_perennial_streams","stream_type":"Perennial Stream","length_miles":null,"flow_direction":"","reach_code":""}},{"type":"Feature","geometry":{"type":"LineString","coordinates":[[-82.5709,36.6539],[-82.5678,36.6441]]},"properties":{"name":"Unnamed Stream","layer":"nhd_perennial_streams","stream_type":"Perennial Stream","length_miles":null,"flow_direction":"","reach_code":""}},{"type":"Feature","geometry":{"type":"LineString","coordinates":[[-82.6546,36.4618],[-82.6499,36.4628]]},"properties":{"name":"Unnamed Stream","layer":"nhd_perennial_streams","stream_type":"Perennial Stream","length_miles":null,"flow_direction":"","reach_code":""}},{"type":"Feature","geometry":{"type":"LineString","coordinates":[[-82.6387,36.5849],[-82.6253,36.5873],[-82.6147,36.5829],[-82.6138,36.5795]]},"properties":{"name":"Unnamed Stream","layer":"nhd_perennial_streams","stream_type":"Perennial Stream","length_miles":null,"flow_direction":"","reach_code":""}},{"type":"Feature","geometry":{"type":"LineString","coordinates":[[-82.6246,36.4785],[-82.6217,36.4799]]},"properties":{"name":"Unnamed Stream","layer":"nhd_perennial_streams","stream_type":"Perennial Stream","length_miles":null,"flow_direction":"","reach_code":""}},{"type":"Feature","geometry":{"type":"LineString","coordinates":[[-82.503,36.6441],[-82.5008,36.6432]]},"properties":{"name":"Unnamed Stream","layer":"nhd_perennial_streams","stream_type":"Perennial Stream","length_miles":null,"flow_direction":"","reach_code":""}},{"type":"Feature","geometry":{"type":"LineString","coordinates":[[-82.6728,36.4558],[-82.668,36.458]]},"properties":{"name":"Unnamed Stream","layer":"nhd_perennial_streams","stream_type":"Perennial Stream","length_miles":null,"flow_direction":"","reach_code":""}},{"type":"Feature","geometry":{"type":"LineString","coordinates":[[-82.5951,36.6275],[-82.5935,36.6323]]},"properties":{"name":"Unnamed Stream","layer":"nhd_perennial_streams","stream_type":"Perennial Stream","length_miles":null,"flow_direction":"","reach_code":""}},{"type":"Feature","geometry":{"type":"LineString","coordinates":[[-82.6391,36.4874],[-82.633,36.4816]]},"properties":{"name":"Unnamed Stream","layer":"nhd_perennial_streams","stream_type":"Perennial Stream","length_miles":null,"flow_direction":"","reach_code":""}},{"type":"Feature","geometry":{"type":"LineString","coordinates":[[-82.4897,36.5504],[-82.4931,36.5472]]},"properties":{"name":"Unnamed Stream","layer":"nhd_perennial_streams","stream_type":"Perennial Stream","length_miles":null,"flow_direction":"","reach_code":""}},{"type":"Feature","geometry":{"type":"LineString","coordinates":[[-82.6285,36.5073],[-82.6212,36.5085]]},"properties":{"name":"Unnamed Stream","layer":"nhd_perennial_streams","stream_type":"Perennial Stream","length_miles":null,"flow_direction":"","reach_code":""}},{"type":"Feature","geometry":{"type":"LineString","coordinates":[[-82.5662,36.6239],[-82.5762,36.612]]},"properties":{"name":"Unnamed Stream","layer":"nhd_perennial_streams","stream_type":"Perennial Stream","length_miles":null,"flow_direction":"","reach_code":""}},{"type":"Feature","geometry":{"type":"LineString","coordinates":[[-82.7173,36.4666],[-82.7269,36.455]]},"properties":{"name":"Unnamed Stream","layer":"nhd_perennial_streams","stream_type":"Perennial Stream","length_miles":null,"flow_direction":"","reach_code":""}},{"type":"Feature","geometry":{"type":"LineString","coordinates":[[-82.7066,36.4752],[-82.7068,36.4722]]},"properties":{"name":"Unnamed Stream","layer":"nhd_perennial_streams","stream_type":"Perennial Stream","length_miles":null,"flow_direction":"","reach_code":""}},{"type":"Feature","geometry":{"type":"LineString","coordinates":[[-82.5882,36.5324],[-82.5897,36.5371],[-82.5965,36.5355]]},"properties":{"name":"Unnamed Stream","layer":"nhd_perennial_streams","stream_type":"Perennial Stream","length_miles":null,"flow_direction":"","reach_code":""}},{"type":"Feature","geometry":{"type":"LineString","coordinates":[[-82.7084,36.4713],[-82.7068,36.4722]]},"properties":{"name":"Unnamed Stream","layer":"nhd_perennial_streams","stream_type":"Perennial Stream","length_miles":null,"flow_direction":"","reach_code":""}},{"type":"Feature","geometry":{"type":"LineString","coordinates":[[-82.5358,36.3711],[-82.534,36.3659]]},"properties":{"name":"Unnamed Stream","layer":"nhd_perennial_streams","stream_type":"Perennial Stream","length_miles":null,"flow_direction":"","reach_code":""}},{"type":"Feature","geometry":{"type":"LineString","coordinates":[[-82.6652,36.4058],[-82.6644,36.4035]]},"properties":{"name":"Unnamed Stream","layer":"nhd_perennial_streams","stream_type":"Perennial Stream","length_miles":null,"flow_direction":"","reach_code":""}},{"type":"Feature","geometry":{"type":"LineString","coordinates":[[-82.6571,36.424],[-82.6549,36.425]]},"properties":{"name":"Unnamed Stream","layer":"nhd_perennial_streams","stream_type":"Perennial Stream","length_miles":null,"flow_direction":"","reach_code":""}},{"type":"Feature","geometry":{"type":"LineString","coordinates":[[-82.4984,36.4118],[-82.5077,36.4148]]},"properties":{"name":"Unnamed Stream","layer":"nhd_perennial_streams","stream_type":"Perennial Stream","length_miles":null,"flow_direction":"","reach_code":""}},{"type":"Feature","geometry":{"type":"LineString","coordinates":[[-82.4348,36.5169],[-82.4403,36.5184]]},"properties":{"name":"Unnamed Stream","layer":"nhd_perennial_streams","stream_type":"Perennial Stream","length_miles":null,"flow_direction":"","reach_code":""}},{"type":"Feature","geometry":{"type":"LineString","coordinates":[[-82.6882,36.6017],[-82.6838,36.6047]]},"properties":{"name":"Unnamed Stream","layer":"nhd_perennial_streams","stream_type":"Perennial Stream","length_miles":null,"flow_direction":"","reach_code":""}},{"type":"Feature","geometry":{"type":"LineString","coordinates":[[-82.5927,36.4295],[-82.5884,36.4378]]},"properties":{"name":"Unnamed Stream","layer":"nhd_perennial_streams","stream_type":"Perennial Stream","length_miles":null,"flow_direction":"","reach_code":""}},{"type":"Feature","geometry":{"type":"LineString","coordinates":[[-82.6561,36.5729],[-82.6557,36.574]]},"properties":{"name":"Unnamed Stream","layer":"nhd_perennial_streams","stream_type":"Perennial Stream","length_miles":null,"flow_direction":"","reach_code":""}},{"type":"Feature","geometry":{"type":"LineString","coordinates":[[-82.7108,36.4653],[-82.7071,36.4627]]},"properties":{"name":"Unnamed Stream","layer":"nhd_perennial_streams","stream_type":"Perennial Stream","length_miles":null,"flow_direction":"","reach_code":""}},{"type":"Feature","geometry":{"type":"LineString","coordinates":[[-82.6054,36.6109],[-82.6059,36.6038]]},"properties":{"name":"Unnamed Stream","layer":"nhd_perennial_streams","stream_type":"Perennial Stream","length_miles":null,"flow_direction":"","reach_code":""}},{"type":"Feature","geometry":{"type":"LineString","coordinates":[[-82.5521,36.464],[-82.5451,36.4722]]},"properties":{"name":"Unnamed Stream","layer":"nhd_perennial_streams","stream_type":"Perennial Stream","length_miles":null,"flow_direction":"","reach_code":""}},{"type":"Feature","geometry":{"type":"LineString","coordinates":[[-82.5266,36.6391],[-82.5262,36.6342]]},"properties":{"name":"Unnamed Stream","layer":"nhd_perennial_streams","stream_type":"Perennial Stream","length_miles":null,"flow_direction":"","reach_code":""}},{"type":"Feature","geometry":{"type":"LineString","coordinates":[[-82.5222,36.5959],[-82.5264,36.6024]]},"properties":{"name":"Unnamed Stream","layer":"nhd_perennial_streams","stream_type":"Perennial Stream","length_miles":null,"flow_direction":"","reach_code":""}},{"type":"Feature","geometry":{"type":"LineString","coordinates":[[-82.5829,36.5909],[-82.5888,36.5908]]},"properties":{"name":"Unnamed Stream","layer":"nhd_perennial_streams","stream_type":"Perennial Stream","length_miles":null,"flow_direction":"","reach_code":""}},{"type":"Feature","geometry":{"type":"LineString","coordinates":[[-82.3991,36.4908],[-82.3976,36.489]]},"properties":{"name":"Unnamed Stream","layer":"nhd_perennial_streams","stream_type":"Perennial Stream","length_miles":null,"flow_direction":"","reach_code":""}},{"type":"Feature","geometry":{"type":"LineString","coordinates":[[-82.6425,36.6257],[-82.6434,36.6177]]},"properties":{"name":"Unnamed Stream","layer":"nhd_perennial_streams","stream_type":"Perennial Stream","length_miles":null,"flow_direction":"","reach_code":""}},{"type":"Feature","geometry":{"type":"LineString","coordinates":[[-82.6093,36.6301],[-82.6087,36.6312]]},"properties":{"name":"Unnamed Stream","layer":"nhd_perennial_streams","stream_type":"Perennial Stream","length_miles":null,"flow_direction":"","reach_code":""}},{"type":"Feature","geometry":{"type":"LineString","coordinates":[[-82.5752,36.6319],[-82.575,36.6334]]},"properties":{"name":"Unnamed Stream","layer":"nhd_perennial_streams","stream_type":"Perennial Stream","length_miles":null,"flow_direction":"","reach_code":""}},{"type":"Feature","geometry":{"type":"LineString","coordinates":[[-82.4945,36.5587],[-82.498,36.5574]]},"properties":{"name":"Unnamed Stream","layer":"nhd_perennial_streams","stream_type":"Perennial Stream","length_miles":null,"flow_direction":"","reach_code":""}},{"type":"Feature","geometry":{"type":"LineString","coordinates":[[-82.5774,36.6304],[-82.5777,36.6321]]},"properties":{"name":"Unnamed Stream","layer":"nhd_perennial_streams","stream_type":"Perennial Stream","length_miles":null,"flow_direction":"","reach_code":""}},{"type":"Feature","geometry":{"type":"LineString","coordinates":[[-82.6986,36.4173],[-82.6999,36.4202]]},"properties":{"name":"Unnamed Stream","layer":"nhd_perennial_streams","stream_type":"Perennial Stream","length_miles":null,"flow_direction":"","reach_code":""}},{"type":"Feature","geometry":{"type":"LineString","coordinates":[[-82.7064,36.4896],[-82.715,36.4893]]},"properties":{"name":"Unnamed Stream","layer":"nhd_perennial_streams","stream_type":"Perennial Stream","length_miles":null,"flow_direction":"","reach_code":""}},{"type":"Feature","geometry":{"type":"LineString","coordinates":[[-82.6459,36.3831],[-82.6427,36.3823]]},"properties":{"name":"Unnamed Stream","layer":"nhd_perennial_streams","stream_type":"Perennial Stream","length_miles":null,"flow_direction":"","reach_code":""}},{"type":"Feature","geometry":{"type":"LineString","coordinates":[[-82.6923,36.4107],[-82.6816,36.4035]]},"properties":{"name":"Unnamed Stream","layer":"nhd_perennial_streams","stream_type":"Perennial Stream","length_miles":null,"flow_direction":"","reach_code":""}},{"type":"Feature","geometry":{"type":"LineString","coordinates":[[-82.6879,36.4097],[-82.6771,36.4055]]},"properties":{"name":"Unnamed Stream","layer":"nhd_perennial_streams","stream_type":"Perennial Stream","length_miles":null,"flow_direction":"","reach_code":""}},{"type":"Feature","geometry":{"type":"LineString","coordinates":[[-82.6011,36.3793],[-82.5947,36.3821]]},"properties":{"name":"Unnamed Stream","layer":"nhd_perennial_streams","stream_type":"Perennial Stream","length_miles":null,"flow_direction":"","reach_code":""}},{"type":"Feature","geometry":{"type":"LineString","coordinates":[[-82.6294,36.4785],[-82.6291,36.4783]]},"properties":{"name":"Unnamed Stream","layer":"nhd_perennial_streams","stream_type":"Perennial Stream","length_miles":null,"flow_direction":"","reach_code":""}},{"type":"Feature","geometry":{"type":"LineString","coordinates":[[-82.6425,36.474],[-82.64,36.4706]]},"properties":{"name":"Unnamed Stream","layer":"nhd_perennial_streams","stream_type":"Perennial Stream","length_miles":null,"flow_direction":"","reach_code":""}},{"type":"Feature","geometry":{"type":"LineString","coordinates":[[-82.5708,36.6313],[-82.5724,36.6345]]},"properties":{"name":"Unnamed Stream","layer":"nhd_perennial_streams","stream_type":"Perennial Stream","length_miles":null,"flow_direction":"","reach_code":""}},{"type":"Feature","geometry":{"type":"LineString","coordinates":[[-82.6644,36.4311],[-82.6631,36.428]]},"properties":{"name":"Unnamed Stream","layer":"nhd_perennial_streams","stream_type":"Perennial Stream","length_miles":null,"flow_direction":"","reach_code":""}},{"type":"Feature","geometry":{"type":"LineString","coordinates":[[-82.6617,36.4684],[-82.6605,36.4668]]},"properties":{"name":"Unnamed Stream","layer":"nhd_perennial_streams","stream_type":"Perennial Stream","length_miles":null,"flow_direction":"","reach_code":""}},{"type":"Feature","geometry":{"type":"LineString","coordinates":[[-82.5503,36.646],[-82.5519,36.6502]]},"properties":{"name":"Unnamed Stream","layer":"nhd_perennial_streams","stream_type":"Perennial Stream","length_miles":null,"flow_direction":"","reach_code":""}},{"type":"Feature","geometry":{"type":"LineString","coordinates":[[-82.6377,36.4177],[-82.6397,36.4229]]},"properties":{"name":"Unnamed Stream","layer":"nhd_perennial_streams","stream_type":"Perennial Stream","length_miles":null,"flow_direction":"","reach_code":""}},{"type":"Feature","geometry":{"type":"LineString","coordinates":[[-82.4982,36.5618],[-82.498,36.5574]]},"properties":{"name":"Unnamed Stream","layer":"nhd_perennial_streams","stream_type":"Perennial Stream","length_miles":null,"flow_direction":"","reach_code":""}},{"type":"Feature","geometry":{"type":"LineString","coordinates":[[-82.6673,36.4734],[-82.6641,36.4694]]},"properties":{"name":"Unnamed Stream","layer":"nhd_perennial_streams","stream_type":"Perennial Stream","length_miles":null,"flow_direction":"","reach_code":""}},{"type":"Feature","geometry":{"type":"LineString","coordinates":[[-82.5039,36.6437],[-82.5031,36.6418]]},"properties":{"name":"Unnamed Stream","layer":"nhd_perennial_streams","stream_type":"Perennial Stream","length_miles":null,"flow_direction":"","reach_code":""}},{"type":"Feature","geometry":{"type":"LineString","coordinates":[[-82.546,36.5722],[-82.5433,36.5688],[-82.5467,36.5665]]},"properties":{"name":"Unnamed Stream","layer":"nhd_perennial_streams","stream_type":"Perennial Stream","length_miles":null,"flow_direction":"","reach_code":""}},{"type":"Feature","geometry":{"type":"LineString","coordinates":[[-82.5514,36.6377],[-82.5556,36.6354]]},"properties":{"name":"Unnamed Stream","layer":"nhd_perennial_streams","stream_type":"Perennial Stream","length_miles":null,"flow_direction":"","reach_code":""}},{"type":"Feature","geometry":{"type":"LineString","coordinates":[[-82.5471,36.6389],[-82.5452,36.6306]]},"properties":{"name":"Unnamed Stream","layer":"nhd_perennial_streams","stream_type":"Perennial Stream","length_miles":null,"flow_direction":"","reach_code":""}},{"type":"Feature","geometry":{"type":"LineString","coordinates":[[-82.4599,36.5363],[-82.4622,36.5402]]},"properties":{"name":"Unnamed Stream","layer":"nhd_perennial_streams","stream_type":"Perennial Stream","length_miles":null,"flow_direction":"","reach_code":""}},{"type":"Feature","geometry":{"type":"LineString","coordinates":[[-82.7263,36.4879],[-82.7249,36.487]]},"properties":{"name":"Unnamed Stream","layer":"nhd_perennial_streams","stream_type":"Perennial Stream","length_miles":null,"flow_direction":"","reach_code":""}},{"type":"Feature","geometry":{"type":"LineString","coordinates":[[-82.6052,36.5396],[-82.609,36.5381]]},"properties":{"name":"Unnamed Stream","layer":"nhd_perennial_streams","stream_type":"Perennial Stream","length_miles":null,"flow_direction":"","reach_code":""}},{"type":"Feature","geometry":{"type":"LineString","coordinates":[[-82.7062,36.4256],[-82.7069,36.427]]},"properties":{"name":"Unnamed Stream","layer":"nhd_perennial_streams","stream_type":"Perennial Stream","length_miles":null,"flow_direction":"","reach_code":""}},{"type":"Feature","geometry":{"type":"LineString","coordinates":[[-82.688,36.4223],[-82.6868,36.4237]]},"properties":{"name":"Unnamed Stream","layer":"nhd_perennial_streams","stream_type":"Perennial Stream","length_miles":null,"flow_direction":"","reach_code":""}},{"type":"Feature","geometry":{"type":"LineString","coordinates":[[-82.6595,36.4815],[-82.6615,36.4824]]},"properties":{"name":"Unnamed Stream","layer":"nhd_perennial_streams","stream_type":"Perennial Stream","length_miles":null,"flow_direction":"","reach_code":""}},{"type":"Feature","geometry":{"type":"LineString","coordinates":[[-82.6331,36.5046],[-82.639,36.5007]]},"properties":{"name":"Unnamed Stream","layer":"nhd_perennial_streams","stream_type":"Perennial Stream","length_miles":null,"flow_direction":"","reach_code":""}},{"type":"Feature","geometry":{"type":"LineString","coordinates":[[-82.7042,36.4856],[-82.7043,36.4874]]},"properties":{"name":"Unnamed Stream","layer":"nhd_perennial_streams","stream_type":"Perennial Stream","length_miles":null,"flow_direction":"","reach_code":""}},{"type":"Feature","geometry":{"type":"LineString","coordinates":[[-82.6992,36.4325],[-82.7008,36.4324]]},"properties":{"name":"Unnamed Stream","layer":"nhd_perennial_streams","stream_type":"Perennial Stream","length_miles":null,"flow_direction":"","reach_code":""}},{"type":"Feature","geometry":{"type":"LineString","coordinates":[[-82.6352,36.3785],[-82.6313,36.3746]]},"properties":{"name":"Unnamed Stream","layer":"nhd_perennial_streams","stream_type":"Perennial Stream","length_miles":null,"flow_direction":"","reach_code":""}},{"type":"Feature","geometry":{"type":"LineString","coordinates":[[-82.6326,36.4023],[-82.6334,36.4035]]},"properties":{"name":"Unnamed Stream","layer":"nhd_perennial_streams","stream_type":"Perennial Stream","length_miles":null,"flow_direction":"","reach_code":""}},{"type":"Feature","geometry":{"type":"LineString","coordinates":[[-82.7136,36.5873],[-82.7125,36.5836]]},"properties":{"name":"Unnamed Stream","layer":"nhd_perennial_streams","stream_type":"Perennial Stream","length_miles":null,"flow_direction":"","reach_code":""}},{"type":"Feature","geometry":{"type":"LineString","coordinates":[[-82.4257,36.5515],[-82.4336,36.5455]]},"properties":{"name":"Unnamed Stream","layer":"nhd_perennial_streams","stream_type":"Perennial Stream","length_miles":null,"flow_direction":"","reach_code":""}},{"type":"Feature","geometry":{"type":"LineString","coordinates":[[-82.4008,36.4741],[-82.4001,36.4737]]},"properties":{"name":"Unnamed Stream","layer":"nhd_perennial_streams","stream_type":"Perennial Stream","length_miles":null,"flow_direction":"","reach_code":""}},{"type":"Feature","geometry":{"type":"LineString","coordinates":[[-82.6651,36.4277],[-82.6631,36.428]]},"properties":{"name":"Unnamed Stream","layer":"nhd_perennial_streams","stream_type":"Perennial Stream","length_miles":null,"flow_direction":"","reach_code":""}},{"type":"Feature","geometry":{"type":"LineString","coordinates":[[-82.6225,36.4245],[-82.6237,36.4261]]},"properties":{"name":"Unnamed Stream","layer":"nhd_perennial_streams","stream_type":"Perennial Stream","length_miles":null,"flow_direction":"","reach_code":""}},{"type":"Feature","geometry":{"type":"LineString","coordinates":[[-82.6274,36.4609],[-82.6303,36.4568]]},"properties":{"name":"Unnamed Stream","layer":"nhd_perennial_streams","stream_type":"Perennial Stream","length_miles":null,"flow_direction":"","reach_code":""}},{"type":"Feature","geometry":{"type":"LineString","coordinates":[[-82.631,36.4428],[-82.6282,36.4444]]},"properties":{"name":"Unnamed Stream","layer":"nhd_perennial_streams","stream_type":"Perennial Stream","length_miles":null,"flow_direction":"","reach_code":""}},{"type":"Feature","geometry":{"type":"LineString","coordinates":[[-82.3903,36.5087],[-82.3959,36.5056]]},"properties":{"name":"Unnamed Stream","layer":"nhd_perennial_streams","stream_type":"Perennial Stream","length_miles":null,"flow_direction":"","reach_code":""}},{"type":"Feature","geometry":{"type":"LineString","coordinates":[[-82.5309,36.6449],[-82.5266,36.6391]]},"properties":{"name":"Unnamed Stream","layer":"nhd_perennial_streams","stream_type":"Perennial Stream","length_miles":null,"flow_direction":"","reach_code":""}},{"type":"Feature","geometry":{"type":"LineString","coordinates":[[-82.426,36.4696],[-82.4223,36.4691]]},"properties":{"name":"Unnamed Stream","layer":"nhd_perennial_streams","stream_type":"Perennial Stream","length_miles":null,"flow_direction":"","reach_code":""}},{"type":"Feature","geometry":{"type":"LineString","coordinates":[[-82.6229,36.5057],[-82.6199,36.5067]]},"properties":{"name":"Unnamed Stream","layer":"nhd_perennial_streams","stream_type":"Perennial Stream","length_miles":null,"flow_direction":"","reach_code":""}},{"type":"Feature","geometry":{"type":"LineString","coordinates":[[-82.6649,36.4336],[-82.6612,36.4331]]},"properties":{"name":"Unnamed Stream","layer":"nhd_perennial_streams","stream_type":"Perennial Stream","length_miles":null,"flow_direction":"","reach_code":""}},{"type":"Feature","geometry":{"type":"LineString","coordinates":[[-82.6866,36.4191],[-82.6828,36.4191],[-82.681,36.4128]]},"properties":{"name":"Unnamed Stream","layer":"nhd_perennial_streams","stream_type":"Perennial Stream","length_miles":null,"flow_direction":"","reach_code":""}},{"type":"Feature","geometry":{"type":"LineString","coordinates":[[-82.6742,36.4001],[-82.6765,36.3982]]},"properties":{"name":"Unnamed Stream","layer":"nhd_perennial_streams","stream_type":"Perennial Stream","length_miles":null,"flow_direction":"","reach_code":""}},{"type":"Feature","geometry":{"type":"LineString","coordinates":[[-82.6672,36.4104],[-82.6677,36.4091]]},"properties":{"name":"Unnamed Stream","layer":"nhd_perennial_streams","stream_type":"Perennial Stream","length_miles":null,"flow_direction":"","reach_code":""}},{"type":"Feature","geometry":{"type":"LineString","coordinates":[[-82.6502,36.4371],[-82.6494,36.4328]]},"properties":{"name":"Unnamed Stream","layer":"nhd_perennial_streams","stream_type":"Perennial Stream","length_miles":null,"flow_direction":"","reach_code":""}},{"type":"Feature","geometry":{"type":"LineString","coordinates":[[-82.586,36.5331],[-82.586,36.5382],[-82.5831,36.5397]]},"properties":{"name":"Unnamed Stream","layer":"nhd_perennial_streams","stream_type":"Perennial Stream","length_miles":null,"flow_direction":"","reach_code":""}},{"type":"Feature","geometry":{"type":"LineString","coordinates":[[-82.5456,36.6504],[-82.5475,36.6517]]},"properties":{"name":"Unnamed Stream","layer":"nhd_perennial_streams","stream_type":"Perennial Stream","length_miles":null,"flow_direction":"","reach_code":""}},{"type":"Feature","geometry":{"type":"LineString","coordinates":[[-82.5168,36.3739],[-82.5166,36.3764]]},"properties":{"name":"Unnamed Stream","layer":"nhd_perennial_streams","stream_type":"Perennial Stream","length_miles":null,"flow_direction":"","reach_code":""}},{"type":"Feature","geometry":{"type":"LineString","coordinates":[[-82.4608,36.5104],[-82.4628,36.5086]]},"properties":{"name":"Unnamed Stream","layer":"nhd_perennial_streams","stream_type":"Perennial Stream","length_miles":null,"flow_direction":"","reach_code":""}},{"type":"Feature","geometry":{"type":"LineString","coordinates":[[-82.4928,36.4041],[-82.4871,36.4117]]},"properties":{"name":"Unnamed Stream","layer":"nhd_perennial_streams","stream_type":"Perennial Stream","length_miles":null,"flow_direction":"","reach_code":""}},{"type":"Feature","geometry":{"type":"LineString","coordinates":[[-82.6831,36.4681],[-82.6867,36.4705]]},"properties":{"name":"Unnamed Stream","layer":"nhd_perennial_streams","stream_type":"Perennial Stream","length_miles":null,"flow_direction":"","reach_code":""}},{"type":"Feature","geometry":{"type":"LineString","coordinates":[[-82.6267,36.4907],[-82.626,36.4829]]},"properties":{"name":"Unnamed Stream","layer":"nhd_perennial_streams","stream_type":"Perennial Stream","length_miles":null,"flow_direction":"","reach_code":""}},{"type":"Feature","geometry":{"type":"LineString","coordinates":[[-82.6831,36.4348],[-82.6846,36.4381]]},"properties":{"name":"Unnamed Stream","layer":"nhd_perennial_streams","stream_type":"Perennial Stream","length_miles":null,"flow_direction":"","reach_code":""}},{"type":"Feature","geometry":{"type":"LineString","coordinates":[[-82.4366,36.4852],[-82.4465,36.4699]]},"properties":{"name":"Unnamed Stream","layer":"nhd_perennial_streams","stream_type":"Perennial Stream","length_miles":null,"flow_direction":"","reach_code":""}},{"type":"Feature","geometry":{"type":"LineString","coordinates":[[-82.6037,36.3948],[-82.6088,36.4017]]},"properties":{"name":"Unnamed Stream","layer":"nhd_perennial_streams","stream_type":"Perennial Stream","length_miles":null,"flow_direction":"","reach_code":""}},{"type":"Feature","geometry":{"type":"LineString","coordinates":[[-82.5756,36.6245],[-82.576,36.6189]]},"properties":{"name":"Unnamed Stream","layer":"nhd_perennial_streams","stream_type":"Perennial Stream","length_miles":null,"flow_direction":"","reach_code":""}},{"type":"Feature","geometry":{"type":"LineString","coordinates":[[-82.6505,36.4765],[-82.6463,36.4704],[-82.6428,36.4706]]},"properties":{"name":"Unnamed Stream","layer":"nhd_perennial_streams","stream_type":"Perennial Stream","length_miles":null,"flow_direction":"","reach_code":""}},{"type":"Feature","geometry":{"type":"LineString","coordinates":[[-82.5666,36.6303],[-82.5608,36.6256]]},"properties":{"name":"Unnamed Stream","layer":"nhd_perennial_streams","stream_type":"Perennial Stream","length_miles":null,"flow_direction":"","reach_code":""}},{"type":"Feature","geometry":{"type":"LineString","coordinates":[[-82.5761,36.5757],[-82.5685,36.561]]},"properties":{"name":"Unnamed Stream","layer":"nhd_perennial_streams","stream_type":"Perennial Stream","length_miles":null,"flow_direction":"","reach_code":""}},{"type":"Feature","geometry":{"type":"LineString","coordinates":[[-82.4719,36.5104],[-82.4789,36.5065]]},"properties":{"name":"Unnamed Stream","layer":"nhd_perennial_streams","stream_type":"Perennial Stream","length_miles":null,"flow_direction":"","reach_code":""}},{"type":"Feature","geometry":{"type":"LineString","coordinates":[[-82.7389,36.5092],[-82.7429,36.5122],[-82.7482,36.5096]]},"properties":{"name":"Unnamed Stream","layer":"nhd_perennial_streams","stream_type":"Perennial Stream","length_miles":null,"flow_direction":"","reach_code":""}},{"type":"Feature","geometry":{"type":"LineString","coordinates":[[-82.6992,36.4881],[-82.7014,36.4905]]},"properties":{"name":"Unnamed Stream","layer":"nhd_perennial_streams","stream_type":"Perennial Stream","length_miles":null,"flow_direction":"","reach_code":""}},{"type":"Feature","geometry":{"type":"LineString","coordinates":[[-82.7296,36.4939],[-82.7297,36.4942]]},"properties":{"name":"Unnamed Stream","layer":"nhd_perennial_streams","stream_type":"Perennial Stream","length_miles":null,"flow_direction":"","reach_code":""}},{"type":"Feature","geometry":{"type":"LineString","coordinates":[[-82.6429,36.3998],[-82.643,36.402]]},"properties":{"name":"Unnamed Stream","layer":"nhd_perennial_streams","stream_type":"Perennial Stream","length_miles":null,"flow_direction":"","reach_code":""}},{"type":"Feature","geometry":{"type":"LineString","coordinates":[[-82.6306,36.4146],[-82.629,36.4181]]},"properties":{"name":"Unnamed Stream","layer":"nhd_perennial_streams","stream_type":"Perennial Stream","length_miles":null,"flow_direction":"","reach_code":""}},{"type":"Feature","geometry":{"type":"LineString","coordinates":[[-82.4703,36.3796],[-82.4645,36.3804],[-82.4621,36.39]]},"properties":{"name":"Unnamed Stream","layer":"nhd_perennial_streams","stream_type":"Perennial Stream","length_miles":null,"flow_direction":"","reach_code":""}},{"type":"Feature","geometry":{"type":"LineString","coordinates":[[-82.4451,36.4632],[-82.4468,36.4585]]},"properties":{"name":"Unnamed Stream","layer":"nhd_perennial_streams","stream_type":"Perennial Stream","length_miles":null,"flow_direction":"","reach_code":""}},{"type":"Feature","geometry":{"type":"LineString","coordinates":[[-82.5369,36.3888],[-82.5262,36.403]]},"properties":{"name":"Unnamed Stream","layer":"nhd_perennial_streams","stream_type":"Perennial Stream","length_miles":null,"flow_direction":"","reach_code":""}},{"type":"Feature","geometry":{"type":"LineString","coordinates":[[-82.5247,36.5825],[-82.5283,36.5799]]},"properties":{"name":"Unnamed Stream","layer":"nhd_perennial_streams","stream_type":"Perennial Stream","length_miles":null,"flow_direction":"","reach_code":""}},{"type":"Feature","geometry":{"type":"LineString","coordinates":[[-82.5444,36.5891],[-82.5458,36.5973]]},"properties":{"name":"Unnamed Stream","layer":"nhd_perennial_streams","stream_type":"Perennial Stream","length_miles":null,"flow_direction":"","reach_code":""}},{"type":"Feature","geometry":{"type":"LineString","coordinates":[[-82.5316,36.447],[-82.5292,36.4482]]},"properties":{"name":"Unnamed Stream","layer":"nhd_perennial_streams","stream_type":"Perennial Stream","length_miles":null,"flow_direction":"","reach_code":""}},{"type":"Feature","geometry":{"type":"LineString","coordinates":[[-82.6422,36.4681],[-82.6411,36.4687]]},"properties":{"name":"Unnamed Stream","layer":"nhd_perennial_streams","stream_type":"Perennial Stream","length_miles":null,"flow_direction":"","reach_code":""}},{"type":"Feature","geometry":{"type":"LineString","coordinates":[[-82.5008,36.6432],[-82.4989,36.6418]]},"properties":{"name":"Unnamed Stream","layer":"nhd_perennial_streams","stream_type":"Perennial Stream","length_miles":null,"flow_direction":"","reach_code":""}},{"type":"Feature","geometry":{"type":"LineString","coordinates":[[-82.581,36.6519],[-82.5718,36.6439],[-82.5678,36.6441]]},"properties":{"name":"Unnamed Stream","layer":"nhd_perennial_streams","stream_type":"Perennial Stream","length_miles":null,"flow_direction":"","reach_code":""}},{"type":"Feature","geometry":{"type":"LineString","coordinates":[[-82.7071,36.4627],[-82.7049,36.4603]]},"properties":{"name":"Unnamed Stream","layer":"nhd_perennial_streams","stream_type":"Perennial Stream","length_miles":null,"flow_direction":"","reach_code":""}},{"type":"Feature","geometry":{"type":"LineString","coordinates":[[-82.4484,36.4194],[-82.4476,36.4333],[-82.4424,36.4411]]},"properties":{"name":"Unnamed Stream","layer":"nhd_perennial_streams","stream_type":"Perennial Stream","length_miles":null,"flow_direction":"","reach_code":""}},{"type":"Feature","geometry":{"type":"LineString","coordinates":[[-82.7084,36.4587],[-82.7049,36.4603]]},"properties":{"name":"Unnamed Stream","layer":"nhd_perennial_streams","stream_type":"Perennial Stream","length_miles":null,"flow_direction":"","reach_code":""}},{"type":"Feature","geometry":{"type":"LineString","coordinates":[[-82.559,36.4692],[-82.5525,36.4643]]},"properties":{"name":"Unnamed Stream","layer":"nhd_perennial_streams","stream_type":"Perennial Stream","length_miles":null,"flow_direction":"","reach_code":""}},{"type":"Feature","geometry":{"type":"LineString","coordinates":[[-82.481,36.4522],[-82.4752,36.456]]},"properties":{"name":"Unnamed Stream","layer":"nhd_perennial_streams","stream_type":"Perennial Stream","length_miles":null,"flow_direction":"","reach_code":""}},{"type":"Feature","geometry":{"type":"LineString","coordinates":[[-82.6328,36.4899],[-82.6307,36.4874]]},"properties":{"name":"Unnamed Stream","layer":"nhd_perennial_streams","stream_type":"Perennial Stream","length_miles":null,"flow_direction":"","reach_code":""}},{"type":"Feature","geometry":{"type":"LineString","coordinates":[[-82.6586,36.4691],[-82.6593,36.4678]]},"properties":{"name":"Unnamed Stream","layer":"nhd_perennial_streams","stream_type":"Perennial Stream","length_miles":null,"flow_direction":"","reach_code":""}},{"type":"Feature","geometry":{"type":"LineString","coordinates":[[-82.5909,36.4889],[-82.5901,36.4847]]},"properties":{"name":"Unnamed Stream","layer":"nhd_perennial_streams","stream_type":"Perennial Stream","length_miles":null,"flow_direction":"","reach_code":""}},{"type":"Feature","geometry":{"type":"LineString","coordinates":[[-82.6682,36.494],[-82.6668,36.4891]]},"properties":{"name":"Unnamed Stream","layer":"nhd_perennial_streams","stream_type":"Perennial Stream","length_miles":null,"flow_direction":"","reach_code":""}},{"type":"Feature","geometry":{"type":"LineString","coordinates":[[-82.7196,36.5314],[-82.7196,36.5314]]},"properties":{"name":"Unnamed Stream","layer":"nhd_perennial_streams","stream_type":"Perennial Stream","length_miles":null,"flow_direction":"","reach_code":""}},{"type":"Feature","geometry":{"type":"LineString","coordinates":[[-82.7036,36.4223],[-82.7062,36.4256]]},"properties":{"name":"Unnamed Stream","layer":"nhd_perennial_streams","stream_type":"Perennial Stream","length_miles":null,"flow_direction":"","reach_code":""}},{"type":"Feature","geometry":{"type":"LineString","coordinates":[[-82.6668,36.5121],[-82.6669,36.5199]]},"properties":{"name":"Unnamed Stream","layer":"nhd_perennial_streams","stream_type":"Perennial Stream","length_miles":null,"flow_direction":"","reach_code":""}},{"type":"Feature","geometry":{"type":"LineString","coordinates":[[-82.6726,36.5174],[-82.6669,36.5199]]},"properties":{"name":"Unnamed Stream","layer":"nhd_perennial_streams","stream_type":"Perennial Stream","length_miles":null,"flow_direction":"","reach_code":""}},{"type":"Feature","geometry":{"type":"LineString","coordinates":[[-82.6393,36.4068],[-82.6508,36.4064]]},"properties":{"name":"Unnamed Stream","layer":"nhd_perennial_streams","stream_type":"Perennial Stream","length_miles":null,"flow_direction":"","reach_code":""}},{"type":"Feature","geometry":{"type":"LineString","coordinates":[[-82.6525,36.4121],[-82.6506,36.4137]]},"properties":{"name":"Unnamed Stream","layer":"nhd_perennial_streams","stream_type":"Perennial Stream","length_miles":null,"flow_direction":"","reach_code":""}},{"type":"Feature","geometry":{"type":"LineString","coordinates":[[-82.4362,36.5409],[-82.4405,36.5366]]},"properties":{"name":"Unnamed Stream","layer":"nhd_perennial_streams","stream_type":"Perennial Stream","length_miles":null,"flow_direction":"","reach_code":""}},{"type":"Feature","geometry":{"type":"LineString","coordinates":[[-82.4806,36.5913],[-82.4784,36.5821],[-82.4689,36.577]]},"properties":{"name":"Unnamed Stream","layer":"nhd_perennial_streams","stream_type":"Perennial Stream","length_miles":null,"flow_direction":"","reach_code":""}},{"type":"Feature","geometry":{"type":"LineString","coordinates":[[-82.6355,36.4548],[-82.6298,36.4553]]},"properties":{"name":"Unnamed Stream","layer":"nhd_perennial_streams","stream_type":"Perennial Stream","length_miles":null,"flow_direction":"","reach_code":""}},{"type":"Feature","geometry":{"type":"LineString","coordinates":[[-82.4809,36.6194],[-82.4832,36.6245]]},"properties":{"name":"Unnamed Stream","layer":"nhd_perennial_streams","stream_type":"Perennial Stream","length_miles":null,"flow_direction":"","reach_code":""}},{"type":"Feature","geometry":{"type":"LineString","coordinates":[[-82.5226,36.6462],[-82.5209,36.6409]]},"properties":{"name":"Unnamed Stream","layer":"nhd_perennial_streams","stream_type":"Perennial Stream","length_miles":null,"flow_direction":"","reach_code":""}},{"type":"Feature","geometry":{"type":"LineString","coordinates":[[-82.5902,36.6265],[-82.5912,36.6322]]},"properties":{"name":"Unnamed Stream","layer":"nhd_perennial_streams","stream_type":"Perennial Stream","length_miles":null,"flow_direction":"","reach_code":""}},{"type":"Feature","geometry":{"type":"LineString","coordinates":[[-82.519,36.4885],[-82.5248,36.4911]]},"properties":{"name":"Unnamed Stream","layer":"nhd_perennial_streams","stream_type":"Perennial Stream","length_miles":null,"flow_direction":"","reach_code":""}},{"type":"Feature","geometry":{"type":"LineString","coordinates":[[-82.6837,36.4885],[-82.685,36.4829]]},"properties":{"name":"Unnamed Stream","layer":"nhd_perennial_streams","stream_type":"Perennial Stream","length_miles":null,"flow_direction":"","reach_code":""}},{"type":"Feature","geometry":{"type":"LineString","coordinates":[[-82.705,36.4489],[-82.7058,36.4419]]},"properties":{"name":"Unnamed Stream","layer":"nhd_perennial_streams","stream_type":"Perennial Stream","length_miles":null,"flow_direction":"","reach_code":""}},{"type":"Feature","geometry":{"type":"LineString","coordinates":[[-82.6751,36.5237],[-82.6784,36.5278]]},"properties":{"name":"Unnamed Stream","layer":"nhd_perennial_streams","stream_type":"Perennial Stream","length_miles":null,"flow_direction":"","reach_code":""}},{"type":"Feature","geometry":{"type":"LineString","coordinates":[[-82.6438,36.4912],[-82.6436,36.49]]},"properties":{"name":"Unnamed Stream","layer":"nhd_perennial_streams","stream_type":"Perennial Stream","length_miles":null,"flow_direction":"","reach_code":""}},{"type":"Feature","geometry":{"type":"LineString","coordinates":[[-82.7291,36.5129],[-82.7295,36.5175]]},"properties":{"name":"Unnamed Stream","layer":"nhd_perennial_streams","stream_type":"Perennial Stream","length_miles":null,"flow_direction":"","reach_code":""}},{"type":"Feature","geometry":{"type":"LineString","coordinates":[[-82.6776,36.4149],[-82.6761,36.4119]]},"properties":{"name":"Unnamed Stream","layer":"nhd_perennial_streams","stream_type":"Perennial Stream","length_miles":null,"flow_direction":"","reach_code":""}},{"type":"Feature","geometry":{"type":"LineString","coordinates":[[-82.6362,36.3835],[-82.6373,36.3819]]},"properties":{"name":"Unnamed Stream","layer":"nhd_perennial_streams","stream_type":"Perennial Stream","length_miles":null,"flow_direction":"","reach_code":""}},{"type":"Feature","geometry":{"type":"LineString","coordinates":[[-82.6346,36.392],[-82.6369,36.3911]]},"properties":{"name":"Unnamed Stream","layer":"nhd_perennial_streams","stream_type":"Perennial Stream","length_miles":null,"flow_direction":"","reach_code":""}},{"type":"Feature","geometry":{"type":"LineString","coordinates":[[-82.5031,36.6418],[-82.4989,36.6418]]},"properties":{"name":"Unnamed Stream","layer":"nhd_perennial_streams","stream_type":"Perennial Stream","length_miles":null,"flow_direction":"","reach_code":""}},{"type":"Feature","geometry":{"type":"LineString","coordinates":[[-82.5075,36.488],[-82.5089,36.4891]]},"properties":{"name":"Unnamed Stream","layer":"nhd_perennial_streams","stream_type":"Perennial Stream","length_miles":null,"flow_direction":"","reach_code":""}},{"type":"Feature","geometry":{"type":"LineString","coordinates":[[-82.4811,36.4581],[-82.4761,36.4628]]},"properties":{"name":"Unnamed Stream","layer":"nhd_perennial_streams","stream_type":"Perennial Stream","length_miles":null,"flow_direction":"","reach_code":""}},{"type":"Feature","geometry":{"type":"LineString","coordinates":[[-82.5248,36.4911],[-82.5179,36.4978],[-82.5179,36.5021]]},"properties":{"name":"Unnamed Stream","layer":"nhd_perennial_streams","stream_type":"Perennial Stream","length_miles":null,"flow_direction":"","reach_code":""}},{"type":"Feature","geometry":{"type":"LineString","coordinates":[[-82.6383,36.4669],[-82.6375,36.4683]]},"properties":{"name":"Unnamed Stream","layer":"nhd_perennial_streams","stream_type":"Perennial Stream","length_miles":null,"flow_direction":"","reach_code":""}},{"type":"Feature","geometry":{"type":"LineString","coordinates":[[-82.6554,36.4495],[-82.6573,36.4507]]},"properties":{"name":"Unnamed Stream","layer":"nhd_perennial_streams","stream_type":"Perennial Stream","length_miles":null,"flow_direction":"","reach_code":""}},{"type":"Feature","geometry":{"type":"LineString","coordinates":[[-82.674,36.6128],[-82.6782,36.6116],[-82.6783,36.6072]]},"properties":{"name":"Unnamed Stream","layer":"nhd_perennial_streams","stream_type":"Perennial Stream","length_miles":null,"flow_direction":"","reach_code":""}},{"type":"Feature","geometry":{"type":"LineString","coordinates":[[-82.5289,36.6494],[-82.5299,36.653]]},"properties":{"name":"Unnamed Stream","layer":"nhd_perennial_streams","stream_type":"Perennial Stream","length_miles":null,"flow_direction":"","reach_code":""}},{"type":"Feature","geometry":{"type":"LineString","coordinates":[[-82.6122,36.6165],[-82.6134,36.6078]]},"properties":{"name":"Unnamed Stream","layer":"nhd_perennial_streams","stream_type":"Perennial Stream","length_miles":null,"flow_direction":"","reach_code":""}},{"type":"Feature","geometry":{"type":"LineString","coordinates":[[-82.6348,36.6454],[-82.6323,36.6431],[-82.6327,36.6317]]},"properties":{"name":"Unnamed Stream","layer":"nhd_perennial_streams","stream_type":"Perennial Stream","length_miles":null,"flow_direction":"","reach_code":""}},{"type":"Feature","geometry":{"type":"LineString","coordinates":[[-82.7047,36.4666],[-82.7025,36.4653]]},"properties":{"name":"Unnamed Stream","layer":"nhd_perennial_streams","stream_type":"Perennial Stream","length_miles":null,"flow_direction":"","reach_code":""}},{"type":"Feature","geometry":{"type":"LineString","coordinates":[[-82.5527,36.5922],[-82.5631,36.5931]]},"properties":{"name":"Unnamed Stream","layer":"nhd_perennial_streams","stream_type":"Perennial Stream","length_miles":null,"flow_direction":"","reach_code":""}},{"type":"Feature","geometry":{"type":"LineString","coordinates":[[-82.5511,36.3972],[-82.5465,36.4086],[-82.5512,36.4096]]},"properties":{"name":"Unnamed Stream","layer":"nhd_perennial_streams","stream_type":"Perennial Stream","length_miles":null,"flow_direction":"","reach_code":""}},{"type":"Feature","geometry":{"type":"LineString","coordinates":[[-82.4981,36.4403],[-82.493,36.4384]]},"properties":{"name":"Unnamed Stream","layer":"nhd_perennial_streams","stream_type":"Perennial Stream","length_miles":null,"flow_direction":"","reach_code":""}},{"type":"Feature","geometry":{"type":"LineString","coordinates":[[-82.6612,36.4558],[-82.6615,36.4581]]},"properties":{"name":"Unnamed Stream","layer":"nhd_perennial_streams","stream_type":"Perennial Stream","length_miles":null,"flow_direction":"","reach_code":""}},{"type":"Feature","geometry":{"type":"LineString","coordinates":[[-82.5518,36.461],[-82.5521,36.464]]},"properties":{"name":"Unnamed Stream","layer":"nhd_perennial_streams","stream_type":"Perennial Stream","length_miles":null,"flow_direction":"","reach_code":""}},{"type":"Feature","geometry":{"type":"LineString","coordinates":[[-82.5826,36.6312],[-82.5843,36.6336]]},"properties":{"name":"Unnamed Stream","layer":"nhd_perennial_streams","stream_type":"Perennial Stream","length_miles":null,"flow_direction":"","reach_code":""}},{"type":"Feature","geometry":{"type":"LineString","coordinates":[[-82.6586,36.4658],[-82.657,36.4628]]},"properties":{"name":"Unnamed Stream","layer":"nhd_perennial_streams","stream_type":"Perennial Stream","length_miles":null,"flow_direction":"","reach_code":""}},{"type":"Feature","geometry":{"type":"LineString","coordinates":[[-82.6787,36.4561],[-82.6816,36.4543]]},"properties":{"name":"Unnamed Stream","layer":"nhd_perennial_streams","stream_type":"Perennial Stream","length_miles":null,"flow_direction":"","reach_code":""}},{"type":"Feature","geometry":{"type":"LineString","coordinates":[[-82.4382,36.5338],[-82.4405,36.5366]]},"properties":{"name":"Unnamed Stream","layer":"nhd_perennial_streams","stream_type":"Perennial Stream","length_miles":null,"flow_direction":"","reach_code":""}},{"type":"Feature","geometry":{"type":"LineString","coordinates":[[-82.6619,36.4346],[-82.6612,36.4331]]},"properties":{"name":"Unnamed Stream","layer":"nhd_perennial_streams","stream_type":"Perennial Stream","length_miles":null,"flow_direction":"","reach_code":""}},{"type":"Feature","geometry":{"type":"LineString","coordinates":[[-82.6623,36.4826],[-82.6677,36.4801]]},"properties":{"name":"Unnamed Stream","layer":"nhd_perennial_streams","stream_type":"Perennial Stream","length_miles":null,"flow_direction":"","reach_code":""}},{"type":"Feature","geometry":{"type":"LineString","coordinates":[[-82.7127,36.4863],[-82.7194,36.4871]]},"properties":{"name":"Unnamed Stream","layer":"nhd_perennial_streams","stream_type":"Perennial Stream","length_miles":null,"flow_direction":"","reach_code":""}},{"type":"Feature","geometry":{"type":"LineString","coordinates":[[-82.6472,36.4996],[-82.6527,36.5001],[-82.6668,36.4891]]},"properties":{"name":"Unnamed Stream","layer":"nhd_perennial_streams","stream_type":"Perennial Stream","length_miles":null,"flow_direction":"","reach_code":""}},{"type":"Feature","geometry":{"type":"LineString","coordinates":[[-82.6863,36.4234],[-82.6868,36.4237]]},"properties":{"name":"Unnamed Stream","layer":"nhd_perennial_streams","stream_type":"Perennial Stream","length_miles":null,"flow_direction":"","reach_code":""}},{"type":"Feature","geometry":{"type":"LineString","coordinates":[[-82.6901,36.4299],[-82.6908,36.4321]]},"properties":{"name":"Unnamed Stream","layer":"nhd_perennial_streams","stream_type":"Perennial Stream","length_miles":null,"flow_direction":"","reach_code":""}},{"type":"Feature","geometry":{"type":"LineString","coordinates":[[-82.7317,36.4877],[-82.726,36.4903]]},"properties":{"name":"Unnamed Stream","layer":"nhd_perennial_streams","stream_type":"Perennial Stream","length_miles":null,"flow_direction":"","reach_code":""}},{"type":"Feature","geometry":{"type":"LineString","coordinates":[[-82.7058,36.4419],[-82.7067,36.4403]]},"properties":{"name":"Unnamed Stream","layer":"nhd_perennial_streams","stream_type":"Perennial Stream","length_miles":null,"flow_direction":"","reach_code":""}},{"type":"Feature","geometry":{"type":"LineString","coordinates":[[-82.708,36.4333],[-82.7107,36.4348]]},"properties":{"name":"Unnamed Stream","layer":"nhd_perennial_streams","stream_type":"Perennial Stream","length_miles":null,"flow_direction":"","reach_code":""}},{"type":"Feature","geometry":{"type":"LineString","coordinates":[[-82.6439,36.3931],[-82.6425,36.394]]},"properties":{"name":"Unnamed Stream","layer":"nhd_perennial_streams","stream_type":"Perennial Stream","length_miles":null,"flow_direction":"","reach_code":""}},{"type":"Feature","geometry":{"type":"LineString","coordinates":[[-82.6993,36.5937],[-82.6987,36.5944]]},"properties":{"name":"Unnamed Stream","layer":"nhd_perennial_streams","stream_type":"Perennial Stream","length_miles":null,"flow_direction":"","reach_code":""}},{"type":"Feature","geometry":{"type":"LineString","coordinates":[[-82.6531,36.4762],[-82.6487,36.4726]]},"properties":{"name":"Unnamed Stream","layer":"nhd_perennial_streams","stream_type":"Perennial Stream","length_miles":null,"flow_direction":"","reach_code":""}},{"type":"Feature","geometry":{"type":"LineString","coordinates":[[-82.6732,36.4357],[-82.6739,36.4302]]},"properties":{"name":"Unnamed Stream","layer":"nhd_perennial_streams","stream_type":"Perennial Stream","length_miles":null,"flow_direction":"","reach_code":""}},{"type":"Feature","geometry":{"type":"LineString","coordinates":[[-82.535,36.6362],[-82.534,36.6351]]},"properties":{"name":"Unnamed Stream","layer":"nhd_perennial_streams","stream_type":"Perennial Stream","length_miles":null,"flow_direction":"","reach_code":""}},{"type":"Feature","geometry":{"type":"LineString","coordinates":[[-82.4373,36.5468],[-82.4336,36.5455]]},"properties":{"name":"Unnamed Stream","layer":"nhd_perennial_streams","stream_type":"Perennial Stream","length_miles":null,"flow_direction":"","reach_code":""}},{"type":"Feature","geometry":{"type":"LineString","coordinates":[[-82.4998,36.3794],[-82.4952,36.3839]]},"properties":{"name":"Unnamed Stream","layer":"nhd_perennial_streams","stream_type":"Perennial Stream","length_miles":null,"flow_direction":"","reach_code":""}},{"type":"Feature","geometry":{"type":"LineString","coordinates":[[-82.6587,36.6026],[-82.6561,36.5957]]},"properties":{"name":"Unnamed Stream","layer":"nhd_perennial_streams","stream_type":"Perennial Stream","length_miles":null,"flow_direction":"","reach_code":""}},{"type":"Feature","geometry":{"type":"LineString","coordinates":[[-82.6828,36.4435],[-82.685,36.4458]]},"properties":{"name":"Unnamed Stream","layer":"nhd_perennial_streams","stream_type":"Perennial Stream","length_miles":null,"flow_direction":"","reach_code":""}},{"type":"Feature","geometry":{"type":"LineString","coordinates":[[-82.4689,36.577],[-82.4679,36.574]]},"properties":{"name":"Unnamed Stream","layer":"nhd_perennial_streams","stream_type":"Perennial Stream","length_miles":null,"flow_direction":"","reach_code":""}},{"type":"Feature","geometry":{"type":"LineString","coordinates":[[-82.4984,36.6081],[-82.5028,36.6088]]},"properties":{"name":"Unnamed Stream","layer":"nhd_perennial_streams","stream_type":"Perennial Stream","length_miles":null,"flow_direction":"","reach_code":""}},{"type":"Feature","geometry":{"type":"LineString","coordinates":[[-82.5122,36.5993],[-82.5173,36.6001],[-82.5196,36.6041]]},"properties":{"name":"Unnamed Stream","layer":"nhd_perennial_streams","stream_type":"Perennial Stream","length_miles":null,"flow_direction":"","reach_code":""}},{"type":"Feature","geometry":{"type":"LineString","coordinates":[[-82.4375,36.5286],[-82.442,36.5252]]},"properties":{"name":"Unnamed Stream","layer":"nhd_perennial_streams","stream_type":"Perennial Stream","length_miles":null,"flow_direction":"","reach_code":""}},{"type":"Feature","geometry":{"type":"LineString","coordinates":[[-82.6657,36.4228],[-82.6632,36.4219]]},"properties":{"name":"Unnamed Stream","layer":"nhd_perennial_streams","stream_type":"Perennial Stream","length_miles":null,"flow_direction":"","reach_code":""}},{"type":"Feature","geometry":{"type":"LineString","coordinates":[[-82.6415,36.4588],[-82.6366,36.4604]]},"properties":{"name":"Unnamed Stream","layer":"nhd_perennial_streams","stream_type":"Perennial Stream","length_miles":null,"flow_direction":"","reach_code":""}},{"type":"Feature","geometry":{"type":"LineString","coordinates":[[-82.6514,36.4209],[-82.6511,36.42]]},"properties":{"name":"Unnamed Stream","layer":"nhd_perennial_streams","stream_type":"Perennial Stream","length_miles":null,"flow_direction":"","reach_code":""}},{"type":"Feature","geometry":{"type":"LineString","coordinates":[[-82.4349,36.4917],[-82.4327,36.4889]]},"properties":{"name":"Unnamed Stream","layer":"nhd_perennial_streams","stream_type":"Perennial Stream","length_miles":null,"flow_direction":"","reach_code":""}},{"type":"Feature","geometry":{"type":"LineString","coordinates":[[-82.5698,36.382],[-82.5733,36.3843],[-82.571,36.3891]]},"properties":{"name":"Unnamed Stream","layer":"nhd_perennial_streams","stream_type":"Perennial Stream","length_miles":null,"flow_direction":"","reach_code":""}},{"type":"Feature","geometry":{"type":"LineString","coordinates":[[-82.6591,36.4291],[-82.657,36.4268]]},"properties":{"name":"Unnamed Stream","layer":"nhd_perennial_streams","stream_type":"Perennial Stream","length_miles":null,"flow_direction":"","reach_code":""}},{"type":"Feature","geometry":{"type":"LineString","coordinates":[[-82.7279,36.5526],[-82.7142,36.5571]]},"properties":{"name":"Unnamed Stream","layer":"nhd_perennial_streams","stream_type":"Perennial Stream","length_miles":null,"flow_direction":"","reach_code":""}},{"type":"Feature","geometry":{"type":"LineString","coordinates":[[-82.4259,36.414],[-82.4223,36.4144]]},"properties":{"name":"Unnamed Stream","layer":"nhd_perennial_streams","stream_type":"Perennial Stream","length_miles":null,"flow_direction":"","reach_code":""}},{"type":"Feature","geometry":{"type":"LineString","coordinates":[[-82.6839,36.4142],[-82.681,36.4128]]},"properties":{"name":"Unnamed Stream","layer":"nhd_perennial_streams","stream_type":"Perennial Stream","length_miles":null,"flow_direction":"","reach_code":""}},{"type":"Feature","geometry":{"type":"LineString","coordinates":[[-82.6319,36.3952],[-82.6322,36.3957]]},"properties":{"name":"Unnamed Stream","layer":"nhd_perennial_streams","stream_type":"Perennial Stream","length_miles":null,"flow_direction":"","reach_code":""}},{"type":"Feature","geometry":{"type":"LineString","coordinates":[[-82.6563,36.4346],[-82.6552,36.4339]]},"properties":{"name":"Unnamed Stream","layer":"nhd_perennial_streams","stream_type":"Perennial Stream","length_miles":null,"flow_direction":"","reach_code":""}},{"type":"Feature","geometry":{"type":"LineString","coordinates":[[-82.6348,36.4898],[-82.6326,36.4859]]},"properties":{"name":"Unnamed Stream","layer":"nhd_perennial_streams","stream_type":"Perennial Stream","length_miles":null,"flow_direction":"","reach_code":""}},{"type":"Feature","geometry":{"type":"LineString","coordinates":[[-82.6424,36.4204],[-82.6397,36.4229]]},"properties":{"name":"Unnamed Stream","layer":"nhd_perennial_streams","stream_type":"Perennial Stream","length_miles":null,"flow_direction":"","reach_code":""}},{"type":"Feature","geometry":{"type":"LineString","coordinates":[[-82.4386,36.5005],[-82.4457,36.4951]]},"properties":{"name":"Unnamed Stream","layer":"nhd_perennial_streams","stream_type":"Perennial Stream","length_miles":null,"flow_direction":"","reach_code":""}},{"type":"Feature","geometry":{"type":"LineString","coordinates":[[-82.6334,36.6172],[-82.6302,36.6162]]},"properties":{"name":"Unnamed Stream","layer":"nhd_perennial_streams","stream_type":"Perennial Stream","length_miles":null,"flow_direction":"","reach_code":""}},{"type":"Feature","geometry":{"type":"LineString","coordinates":[[-82.6281,36.5577],[-82.6249,36.5522]]},"properties":{"name":"Unnamed Stream","layer":"nhd_perennial_streams","stream_type":"Perennial Stream","length_miles":null,"flow_direction":"","reach_code":""}},{"type":"Feature","geometry":{"type":"LineString","coordinates":[[-82.4847,36.4176],[-82.4859,36.4161]]},"properties":{"name":"Unnamed Stream","layer":"nhd_perennial_streams","stream_type":"Perennial Stream","length_miles":null,"flow_direction":"","reach_code":""}},{"type":"Feature","geometry":{"type":"LineString","coordinates":[[-82.4934,36.5688],[-82.4927,36.5662]]},"properties":{"name":"Unnamed Stream","layer":"nhd_perennial_streams","stream_type":"Perennial Stream","length_miles":null,"flow_direction":"","reach_code":""}},{"type":"Feature","geometry":{"type":"LineString","coordinates":[[-82.4891,36.6435],[-82.4918,36.6411]]},"properties":{"name":"Unnamed Stream","layer":"nhd_perennial_streams","stream_type":"Perennial Stream","length_miles":null,"flow_direction":"","reach_code":""}},{"type":"Feature","geometry":{"type":"LineString","coordinates":[[-82.5498,36.3857],[-82.5443,36.3832]]},"properties":{"name":"Unnamed Stream","layer":"nhd_perennial_streams","stream_type":"Perennial Stream","length_miles":null,"flow_direction":"","reach_code":""}},{"type":"Feature","geometry":{"type":"LineString","coordinates":[[-82.3976,36.489],[-82.3977,36.4848]]},"properties":{"name":"Unnamed Stream","layer":"nhd_perennial_streams","stream_type":"Perennial Stream","length_miles":null,"flow_direction":"","reach_code":""}},{"type":"Feature","geometry":{"type":"LineString","coordinates":[[-82.5299,36.5915],[-82.5339,36.5862],[-82.5283,36.5799]]},"properties":{"name":"Unnamed Stream","layer":"nhd_perennial_streams","stream_type":"Perennial Stream","length_miles":null,"flow_direction":"","reach_code":""}},{"type":"Feature","geometry":{"type":"LineString","coordinates":[[-82.5445,36.6476],[-82.5456,36.6504]]},"properties":{"name":"Unnamed Stream","layer":"nhd_perennial_streams","stream_type":"Perennial Stream","length_miles":null,"flow_direction":"","reach_code":""}},{"type":"Feature","geometry":{"type":"LineString","coordinates":[[-82.4718,36.5484],[-82.4779,36.5533]]},"properties":{"name":"Unnamed Stream","layer":"nhd_perennial_streams","stream_type":"Perennial Stream","length_miles":null,"flow_direction":"","reach_code":""}},{"type":"Feature","geometry":{"type":"LineString","coordinates":[[-82.7142,36.5571],[-82.7118,36.5553]]},"properties":{"name":"Unnamed Stream","layer":"nhd_perennial_streams","stream_type":"Perennial Stream","length_miles":null,"flow_direction":"","reach_code":""}},{"type":"Feature","geometry":{"type":"LineString","coordinates":[[-82.709,36.4793],[-82.709,36.4824]]},"properties":{"name":"Unnamed Stream","layer":"nhd_perennial_streams","stream_type":"Perennial Stream","length_miles":null,"flow_direction":"","reach_code":""}},{"type":"Feature","geometry":{"type":"LineString","coordinates":[[-82.7273,36.4661],[-82.7351,36.4713]]},"properties":{"name":"Unnamed Stream","layer":"nhd_perennial_streams","stream_type":"Perennial Stream","length_miles":null,"flow_direction":"","reach_code":""}},{"type":"Feature","geometry":{"type":"LineString","coordinates":[[-82.4279,36.422],[-82.4259,36.414]]},"properties":{"name":"Unnamed Stream","layer":"nhd_perennial_streams","stream_type":"Perennial Stream","length_miles":null,"flow_direction":"","reach_code":""}},{"type":"Feature","geometry":{"type":"LineString","coordinates":[[-82.6908,36.4059],[-82.6818,36.4035]]},"properties":{"name":"Unnamed Stream","layer":"nhd_perennial_streams","stream_type":"Perennial Stream","length_miles":null,"flow_direction":"","reach_code":""}},{"type":"Feature","geometry":{"type":"LineString","coordinates":[[-82.5301,36.3674],[-82.5294,36.3635]]},"properties":{"name":"Unnamed Stream","layer":"nhd_perennial_streams","stream_type":"Perennial Stream","length_miles":null,"flow_direction":"","reach_code":""}},{"type":"Feature","geometry":{"type":"LineString","coordinates":[[-82.6682,36.5954],[-82.6632,36.5944]]},"properties":{"name":"Unnamed Stream","layer":"nhd_perennial_streams","stream_type":"Perennial Stream","length_miles":null,"flow_direction":"","reach_code":""}},{"type":"Feature","geometry":{"type":"LineString","coordinates":[[-82.6843,36.4477],[-82.6792,36.4501]]},"properties":{"name":"Unnamed Stream","layer":"nhd_perennial_streams","stream_type":"Perennial Stream","length_miles":null,"flow_direction":"","reach_code":""}},{"type":"Feature","geometry":{"type":"LineString","coordinates":[[-82.5631,36.5931],[-82.5633,36.5932]]},"properties":{"name":"Unnamed Stream","layer":"nhd_perennial_streams","stream_type":"Perennial Stream","length_miles":null,"flow_direction":"","reach_code":""}},{"type":"Feature","geometry":{"type":"LineString","coordinates":[[-82.5187,36.5483],[-82.521,36.5446]]},"properties":{"name":"Unnamed Stream","layer":"nhd_perennial_streams","stream_type":"Perennial Stream","length_miles":null,"flow_direction":"","reach_code":""}},{"type":"Feature","geometry":{"type":"LineString","coordinates":[[-82.6238,36.6293],[-82.6242,36.6316]]},"properties":{"name":"Unnamed Stream","layer":"nhd_perennial_streams","stream_type":"Perennial Stream","length_miles":null,"flow_direction":"","reach_code":""}},{"type":"Feature","geometry":{"type":"LineString","coordinates":[[-82.4433,36.6091],[-82.4491,36.6091]]},"properties":{"name":"Unnamed Stream","layer":"nhd_perennial_streams","stream_type":"Perennial Stream","length_miles":null,"flow_direction":"","reach_code":""}},{"type":"Feature","geometry":{"type":"LineString","coordinates":[[-82.4276,36.4937],[-82.4327,36.4889]]},"properties":{"name":"Unnamed Stream","layer":"nhd_perennial_streams","stream_type":"Perennial Stream","length_miles":null,"flow_direction":"","reach_code":""}},{"type":"Feature","geometry":{"type":"LineString","coordinates":[[-82.5246,36.4814],[-82.5262,36.4898]]},"properties":{"name":"Unnamed Stream","layer":"nhd_perennial_streams","stream_type":"Perennial Stream","length_miles":null,"flow_direction":"","reach_code":""}},{"type":"Feature","geometry":{"type":"LineString","coordinates":[[-82.4044,36.4974],[-82.3981,36.4942]]},"properties":{"name":"Unnamed Stream","layer":"nhd_perennial_streams","stream_type":"Perennial Stream","length_miles":null,"flow_direction":"","reach_code":""}},{"type":"Feature","geometry":{"type":"LineString","coordinates":[[-82.6892,36.4469],[-82.6888,36.4464]]},"properties":{"name":"Unnamed Stream","layer":"nhd_perennial_streams","stream_type":"Perennial Stream","length_miles":null,"flow_direction":"","reach_code":""}},{"type":"Feature","geometry":{"type":"LineString","coordinates":[[-82.6679,36.4715],[-82.6654,36.4647]]},"properties":{"name":"Unnamed Stream","layer":"nhd_perennial_streams","stream_type":"Perennial Stream","length_miles":null,"flow_direction":"","reach_code":""}},{"type":"Feature","geometry":{"type":"LineString","coordinates":[[-82.5436,36.3768],[-82.5404,36.3844]]},"properties":{"name":"Unnamed Stream","layer":"nhd_perennial_streams","stream_type":"Perennial Stream","length_miles":null,"flow_direction":"","reach_code":""}},{"type":"Feature","geometry":{"type":"LineString","coordinates":[[-82.5308,36.4315],[-82.5278,36.4403]]},"properties":{"name":"Unnamed Stream","layer":"nhd_perennial_streams","stream_type":"Perennial Stream","length_miles":null,"flow_direction":"","reach_code":""}},{"type":"Feature","geometry":{"type":"LineString","coordinates":[[-82.5654,36.3773],[-82.5651,36.3786]]},"properties":{"name":"Unnamed Stream","layer":"nhd_perennial_streams","stream_type":"Perennial Stream","length_miles":null,"flow_direction":"","reach_code":""}},{"type":"Feature","geometry":{"type":"LineString","coordinates":[[-82.6282,36.4997],[-82.6243,36.5003]]},"properties":{"name":"Unnamed Stream","layer":"nhd_perennial_streams","stream_type":"Perennial Stream","length_miles":null,"flow_direction":"","reach_code":""}},{"type":"Feature","geometry":{"type":"LineString","coordinates":[[-82.4203,36.599],[-82.4195,36.6047]]},"properties":{"name":"Unnamed Stream","layer":"nhd_perennial_streams","stream_type":"Perennial Stream","length_miles":null,"flow_direction":"","reach_code":""}},{"type":"Feature","geometry":{"type":"LineString","coordinates":[[-82.7282,36.5657],[-82.7262,36.56]]},"properties":{"name":"Unnamed Stream","layer":"nhd_perennial_streams","stream_type":"Perennial Stream","length_miles":null,"flow_direction":"","reach_code":""}},{"type":"Feature","geometry":{"type":"LineString","coordinates":[[-82.6931,36.4435],[-82.6946,36.4419]]},"properties":{"name":"Unnamed Stream","layer":"nhd_perennial_streams","stream_type":"Perennial Stream","length_miles":null,"flow_direction":"","reach_code":""}},{"type":"Feature","geometry":{"type":"LineString","coordinates":[[-82.7219,36.4595],[-82.7212,36.4571]]},"properties":{"name":"Unnamed Stream","layer":"nhd_perennial_streams","stream_type":"Perennial Stream","length_miles":null,"flow_direction":"","reach_code":""}},{"type":"Feature","geometry":{"type":"LineString","coordinates":[[-82.7151,36.4765],[-82.7191,36.4834]]},"properties":{"name":"Unnamed Stream","layer":"nhd_perennial_streams","stream_type":"Perennial Stream","length_miles":null,"flow_direction":"","reach_code":""}},{"type":"Feature","geometry":{"type":"LineString","coordinates":[[-82.5545,36.365],[-82.5523,36.3652]]},"properties":{"name":"Unnamed Stream","layer":"nhd_perennial_streams","stream_type":"Perennial Stream","length_miles":null,"flow_direction":"","reach_code":""}},{"type":"Feature","geometry":{"type":"LineString","coordinates":[[-82.6496,36.4465],[-82.6494,36.4431]]},"properties":{"name":"Unnamed Stream","layer":"nhd_perennial_streams","stream_type":"Perennial Stream","length_miles":null,"flow_direction":"","reach_code":""}},{"type":"Feature","geometry":{"type":"LineString","coordinates":[[-82.6557,36.574],[-82.6499,36.5756]]},"properties":{"name":"Unnamed Stream","layer":"nhd_perennial_streams","stream_type":"Perennial Stream","length_miles":null,"flow_direction":"","reach_code":""}},{"type":"Feature","geometry":{"type":"LineString","coordinates":[[-82.6838,36.4615],[-82.6843,36.4582]]},"properties":{"name":"Unnamed Stream","layer":"nhd_perennial_streams","stream_type":"Perennial Stream","length_miles":null,"flow_direction":"","reach_code":""}},{"type":"Feature","geometry":{"type":"LineString","coordinates":[[-82.6142,36.4746],[-82.6109,36.4767]]},"properties":{"name":"Unnamed Stream","layer":"nhd_perennial_streams","stream_type":"Perennial Stream","length_miles":null,"flow_direction":"","reach_code":""}},{"type":"Feature","geometry":{"type":"LineString","coordinates":[[-82.6349,36.632],[-82.6327,36.6317]]},"properties":{"name":"Unnamed Stream","layer":"nhd_perennial_streams","stream_type":"Perennial Stream","length_miles":null,"flow_direction":"","reach_code":""}},{"type":"Feature","geometry":{"type":"LineString","coordinates":[[-82.4999,36.3701],[-82.5044,36.374],[-82.4998,36.3794]]},"properties":{"name":"Unnamed Stream","layer":"nhd_perennial_streams","stream_type":"Perennial Stream","length_miles":null,"flow_direction":"","reach_code":""}},{"type":"Feature","geometry":{"type":"LineString","coordinates":[[-82.6753,36.4468],[-82.6776,36.4442]]},"properties":{"name":"Unnamed Stream","layer":"nhd_perennial_streams","stream_type":"Perennial Stream","length_miles":null,"flow_direction":"","reach_code":""}},{"type":"Feature","geometry":{"type":"LineString","coordinates":[[-82.561,36.4766],[-82.576,36.484]]},"properties":{"name":"Unnamed Stream","layer":"nhd_perennial_streams","stream_type":"Perennial Stream","length_miles":null,"flow_direction":"","reach_code":""}},{"type":"Feature","geometry":{"type":"LineString","coordinates":[[-82.4893,36.3742],[-82.4869,36.3803]]},"properties":{"name":"Unnamed Stream","layer":"nhd_perennial_streams","stream_type":"Perennial Stream","length_miles":null,"flow_direction":"","reach_code":""}},{"type":"Feature","geometry":{"type":"LineString","coordinates":[[-82.3981,36.4942],[-82.3991,36.4908]]},"properties":{"name":"Unnamed Stream","layer":"nhd_perennial_streams","stream_type":"Perennial Stream","length_miles":null,"flow_direction":"","reach_code":""}},{"type":"Feature","geometry":{"type":"LineString","coordinates":[[-82.5503,36.5865],[-82.5443,36.5804],[-82.5533,36.5745]]},"properties":{"name":"Unnamed Stream","layer":"nhd_perennial_streams","stream_type":"Perennial Stream","length_miles":null,"flow_direction":"","reach_code":""}},{"type":"Feature","geometry":{"type":"LineString","coordinates":[[-82.6748,36.4377],[-82.678,36.439]]},"properties":{"name":"Unnamed Stream","layer":"nhd_perennial_streams","stream_type":"Perennial Stream","length_miles":null,"flow_direction":"","reach_code":""}},{"type":"Feature","geometry":{"type":"LineString","coordinates":[[-82.6788,36.4364],[-82.681,36.4371]]},"properties":{"name":"Unnamed Stream","layer":"nhd_perennial_streams","stream_type":"Perennial Stream","length_miles":null,"flow_direction":"","reach_code":""}},{"type":"Feature","geometry":{"type":"LineString","coordinates":[[-82.4001,36.4737],[-82.3973,36.4722]]},"properties":{"name":"Unnamed Stream","layer":"nhd_perennial_streams","stream_type":"Perennial Stream","length_miles":null,"flow_direction":"","reach_code":""}},{"type":"Feature","geometry":{"type":"LineString","coordinates":[[-82.7053,36.4274],[-82.7069,36.427]]},"properties":{"name":"Unnamed Stream","layer":"nhd_perennial_streams","stream_type":"Perennial Stream","length_miles":null,"flow_direction":"","reach_code":""}},{"type":"Feature","geometry":{"type":"LineString","coordinates":[[-82.5992,36.5341],[-82.6038,36.5349],[-82.6052,36.5396]]},"properties":{"name":"Unnamed Stream","layer":"nhd_perennial_streams","stream_type":"Perennial Stream","length_miles":null,"flow_direction":"","reach_code":""}},{"type":"Feature","geometry":{"type":"LineString","coordinates":[[-82.7104,36.5765],[-82.7128,36.5706]]},"properties":{"name":"Unnamed Stream","layer":"nhd_perennial_streams","stream_type":"Perennial Stream","length_miles":null,"flow_direction":"","reach_code":""}},{"type":"Feature","geometry":{"type":"LineString","coordinates":[[-82.6434,36.4746],[-82.6425,36.474]]},"properties":{"name":"Unnamed Stream","layer":"nhd_perennial_streams","stream_type":"Perennial Stream","length_miles":null,"flow_direction":"","reach_code":""}},{"type":"Feature","geometry":{"type":"LineString","coordinates":[[-82.5958,36.3829],[-82.5947,36.3821]]},"properties":{"name":"Unnamed Stream","layer":"nhd_perennial_streams","stream_type":"Perennial Stream","length_miles":null,"flow_direction":"","reach_code":""}},{"type":"Feature","geometry":{"type":"LineString","coordinates":[[-82.5546,36.6411],[-82.5587,36.6406]]},"properties":{"name":"Unnamed Stream","layer":"nhd_perennial_streams","stream_type":"Perennial Stream","length_miles":null,"flow_direction":"","reach_code":""}},{"type":"Feature","geometry":{"type":"LineString","coordinates":[[-82.5443,36.3832],[-82.5404,36.3844]]},"properties":{"name":"Unnamed Stream","layer":"nhd_perennial_streams","stream_type":"Perennial Stream","length_miles":null,"flow_direction":"","reach_code":""}},{"type":"Feature","geometry":{"type":"LineString","coordinates":[[-82.5325,36.4804],[-82.5345,36.483]]},"properties":{"name":"Unnamed Stream","layer":"nhd_perennial_streams","stream_type":"Perennial Stream","length_miles":null,"flow_direction":"","reach_code":""}},{"type":"Feature","geometry":{"type":"LineString","coordinates":[[-82.3851,36.5309],[-82.3744,36.5227]]},"properties":{"name":"Unnamed Stream","layer":"nhd_perennial_streams","stream_type":"Perennial Stream","length_miles":null,"flow_direction":"","reach_code":""}},{"type":"Feature","geometry":{"type":"LineString","coordinates":[[-82.4547,36.524],[-82.4557,36.5219]]},"properties":{"name":"Unnamed Stream","layer":"nhd_perennial_streams","stream_type":"Perennial Stream","length_miles":null,"flow_direction":"","reach_code":""}},{"type":"Feature","geometry":{"type":"LineString","coordinates":[[-82.4408,36.564],[-82.4511,36.5619]]},"properties":{"name":"Unnamed Stream","layer":"nhd_perennial_streams","stream_type":"Perennial Stream","length_miles":null,"flow_direction":"","reach_code":""}},{"type":"Feature","geometry":{"type":"LineString","coordinates":[[-82.7139,36.4633],[-82.71,36.4584]]},"properties":{"name":"Unnamed Stream","layer":"nhd_perennial_streams","stream_type":"Perennial Stream","length_miles":null,"flow_direction":"","reach_code":""}},{"type":"Feature","geometry":{"type":"LineString","coordinates":[[-82.5979,36.4805],[-82.601,36.4763]]},"properties":{"name":"Unnamed Stream","layer":"nhd_perennial_streams","stream_type":"Perennial Stream","length_miles":null,"flow_direction":"","reach_code":""}},{"type":"Feature","geometry":{"type":"LineString","coordinates":[[-82.6531,36.6183],[-82.6507,36.6181]]},"properties":{"name":"Unnamed Stream","layer":"nhd_perennial_streams","stream_type":"Perennial Stream","length_miles":null,"flow_direction":"","reach_code":""}},{"type":"Feature","geometry":{"type":"LineString","coordinates":[[-82.5674,36.431],[-82.5618,36.4342]]},"properties":{"name":"Unnamed Stream","layer":"nhd_perennial_streams","stream_type":"Perennial Stream","length_miles":null,"flow_direction":"","reach_code":""}},{"type":"Feature","geometry":{"type":"LineString","coordinates":[[-82.6282,36.4444],[-82.6234,36.446]]},"properties":{"name":"Unnamed Stream","layer":"nhd_perennial_streams","stream_type":"Perennial Stream","length_miles":null,"flow_direction":"","reach_code":""}},{"type":"Feature","geometry":{"type":"LineString","coordinates":[[-82.5423,36.6407],[-82.5401,36.6321]]},"properties":{"name":"Unnamed Stream","layer":"nhd_perennial_streams","stream_type":"Perennial Stream","length_miles":null,"flow_direction":"","reach_code":""}},{"type":"Feature","geometry":{"type":"LineString","coordinates":[[-82.535,36.6368],[-82.535,36.6362]]},"properties":{"name":"Unnamed Stream","layer":"nhd_perennial_streams","stream_type":"Perennial Stream","length_miles":null,"flow_direction":"","reach_code":""}},{"type":"Feature","geometry":{"type":"LineString","coordinates":[[-82.5512,36.4096],[-82.5572,36.4151]]},"properties":{"name":"Unnamed Stream","layer":"nhd_perennial_streams","stream_type":"Perennial Stream","length_miles":null,"flow_direction":"","reach_code":""}},{"type":"Feature","geometry":{"type":"LineString","coordinates":[[-82.6279,36.4199],[-82.6334,36.429]]},"properties":{"name":"Unnamed Stream","layer":"nhd_perennial_streams","stream_type":"Perennial Stream","length_miles":null,"flow_direction":"","reach_code":""}},{"type":"Feature","geometry":{"type":"LineString","coordinates":[[-82.6321,36.4461],[-82.6282,36.4444]]},"properties":{"name":"Unnamed Stream","layer":"nhd_perennial_streams","stream_type":"Perennial Stream","length_miles":null,"flow_direction":"","reach_code":""}},{"type":"Feature","geometry":{"type":"LineString","coordinates":[[-82.6105,36.6451],[-82.6079,36.6472]]},"properties":{"name":"Unnamed Stream","layer":"nhd_perennial_streams","stream_type":"Perennial Stream","length_miles":null,"flow_direction":"","reach_code":""}},{"type":"Feature","geometry":{"type":"LineString","coordinates":[[-82.6408,36.4639],[-82.6473,36.4635]]},"properties":{"name":"Unnamed Stream","layer":"nhd_perennial_streams","stream_type":"Perennial Stream","length_miles":null,"flow_direction":"","reach_code":""}},{"type":"Feature","geometry":{"type":"LineString","coordinates":[[-82.7119,36.4923],[-82.715,36.4893]]},"properties":{"name":"Unnamed Stream","layer":"nhd_perennial_streams","stream_type":"Perennial Stream","length_miles":null,"flow_direction":"","reach_code":""}},{"type":"Feature","geometry":{"type":"LineString","coordinates":[[-82.6996,36.4395],[-82.7024,36.4376]]},"properties":{"name":"Unnamed Stream","layer":"nhd_perennial_streams","stream_type":"Perennial Stream","length_miles":null,"flow_direction":"","reach_code":""}},{"type":"Feature","geometry":{"type":"LineString","coordinates":[[-82.6042,36.5272],[-82.6085,36.5302]]},"properties":{"name":"Unnamed Stream","layer":"nhd_perennial_streams","stream_type":"Perennial Stream","length_miles":null,"flow_direction":"","reach_code":""}},{"type":"Feature","geometry":{"type":"LineString","coordinates":[[-82.6435,36.4475],[-82.6393,36.4465]]},"properties":{"name":"Unnamed Stream","layer":"nhd_perennial_streams","stream_type":"Perennial Stream","length_miles":null,"flow_direction":"","reach_code":""}},{"type":"Feature","geometry":{"type":"LineString","coordinates":[[-82.6589,36.572],[-82.6561,36.5729]]},"properties":{"name":"Unnamed Stream","layer":"nhd_perennial_streams","stream_type":"Perennial Stream","length_miles":null,"flow_direction":"","reach_code":""}},{"type":"Feature","geometry":{"type":"LineString","coordinates":[[-82.4121,36.5733],[-82.4237,36.5743]]},"properties":{"name":"Unnamed Stream","layer":"nhd_perennial_streams","stream_type":"Perennial Stream","length_miles":null,"flow_direction":"","reach_code":""}},{"type":"Feature","geometry":{"type":"LineString","coordinates":[[-82.6776,36.4442],[-82.6793,36.4445]]},"properties":{"name":"Unnamed Stream","layer":"nhd_perennial_streams","stream_type":"Perennial Stream","length_miles":null,"flow_direction":"","reach_code":""}},{"type":"Feature","geometry":{"type":"LineString","coordinates":[[-82.6494,36.4431],[-82.6481,36.4425]]},"properties":{"name":"Unnamed Stream","layer":"nhd_perennial_streams","stream_type":"Perennial Stream","length_miles":null,"flow_direction":"","reach_code":""}},{"type":"Feature","geometry":{"type":"LineString","coordinates":[[-82.4613,36.6251],[-82.4611,36.626]]},"properties":{"name":"Unnamed Stream","layer":"nhd_perennial_streams","stream_type":"Perennial Stream","length_miles":null,"flow_direction":"","reach_code":""}},{"type":"Feature","geometry":{"type":"LineString","coordinates":[[-82.4424,36.4411],[-82.4408,36.4421]]},"properties":{"name":"Unnamed Stream","layer":"nhd_perennial_streams","stream_type":"Perennial Stream","length_miles":null,"flow_direction":"","reach_code":""}},{"type":"Feature","geometry":{"type":"LineString","coordinates":[[-82.4078,36.59],[-82.4139,36.5844],[-82.4118,36.5811]]},"properties":{"name":"Unnamed Stream","layer":"nhd_perennial_streams","stream_type":"Perennial Stream","length_miles":null,"flow_direction":"","reach_code":""}},{"type":"Feature","geometry":{"type":"LineString","coordinates":[[-82.7028,36.465],[-82.704,36.464]]},"properties":{"name":"Unnamed Stream","layer":"nhd_perennial_streams","stream_type":"Perennial Stream","length_miles":null,"flow_direction":"","reach_code":""}},{"type":"Feature","geometry":{"type":"LineString","coordinates":[[-82.6304,36.6129],[-82.6294,36.6062]]},"properties":{"name":"Unnamed Stream","layer":"nhd_perennial_streams","stream_type":"Perennial Stream","length_miles":null,"flow_direction":"","reach_code":""}},{"type":"Feature","geometry":{"type":"LineString","coordinates":[[-82.6547,36.4369],[-82.6537,36.4381]]},"properties":{"name":"Unnamed Stream","layer":"nhd_perennial_streams","stream_type":"Perennial Stream","length_miles":null,"flow_direction":"","reach_code":""}},{"type":"Feature","geometry":{"type":"LineString","coordinates":[[-82.6506,36.4669],[-82.6502,36.4669]]},"properties":{"name":"Unnamed Stream","layer":"nhd_perennial_streams","stream_type":"Perennial Stream","length_miles":null,"flow_direction":"","reach_code":""}},{"type":"Feature","geometry":{"type":"LineString","coordinates":[[-82.6907,36.4675],[-82.691,36.4675]]},"properties":{"name":"Unnamed Stream","layer":"nhd_perennial_streams","stream_type":"Perennial Stream","length_miles":null,"flow_direction":"","reach_code":""}},{"type":"Feature","geometry":{"type":"LineString","coordinates":[[-82.5843,36.4912],[-82.5733,36.497]]},"properties":{"name":"Unnamed Stream","layer":"nhd_perennial_streams","stream_type":"Perennial Stream","length_miles":null,"flow_direction":"","reach_code":""}},{"type":"Feature","geometry":{"type":"LineString","coordinates":[[-82.5867,36.3805],[-82.5867,36.3818]]},"properties":{"name":"Unnamed Stream","layer":"nhd_perennial_streams","stream_type":"Perennial Stream","length_miles":null,"flow_direction":"","reach_code":""}},{"type":"Feature","geometry":{"type":"LineString","coordinates":[[-82.6311,36.4815],[-82.6303,36.4803]]},"properties":{"name":"Unnamed Stream","layer":"nhd_perennial_streams","stream_type":"Perennial Stream","length_miles":null,"flow_direction":"","reach_code":""}},{"type":"Feature","geometry":{"type":"LineString","coordinates":[[-82.6065,36.6382],[-82.6053,36.6339]]},"properties":{"name":"Unnamed Stream","layer":"nhd_perennial_streams","stream_type":"Perennial Stream","length_miles":null,"flow_direction":"","reach_code":""}},{"type":"Feature","geometry":{"type":"LineString","coordinates":[[-82.582,36.6199],[-82.576,36.6189]]},"properties":{"name":"Unnamed Stream","layer":"nhd_perennial_streams","stream_type":"Perennial Stream","length_miles":null,"flow_direction":"","reach_code":""}},{"type":"Feature","geometry":{"type":"LineString","coordinates":[[-82.4952,36.6021],[-82.4925,36.6052]]},"properties":{"name":"Unnamed Stream","layer":"nhd_perennial_streams","stream_type":"Perennial Stream","length_miles":null,"flow_direction":"","reach_code":""}},{"type":"Feature","geometry":{"type":"LineString","coordinates":[[-82.7262,36.56],[-82.717,36.5585]]},"properties":{"name":"Unnamed Stream","layer":"nhd_perennial_streams","stream_type":"Perennial Stream","length_miles":null,"flow_direction":"","reach_code":""}},{"type":"Feature","geometry":{"type":"LineString","coordinates":[[-82.6845,36.4263],[-82.6859,36.4257]]},"properties":{"name":"Unnamed Stream","layer":"nhd_perennial_streams","stream_type":"Perennial Stream","length_miles":null,"flow_direction":"","reach_code":""}},{"type":"Feature","geometry":{"type":"LineString","coordinates":[[-82.7117,36.4991],[-82.7111,36.4993]]},"properties":{"name":"Unnamed Stream","layer":"nhd_perennial_streams","stream_type":"Perennial Stream","length_miles":null,"flow_direction":"","reach_code":""}},{"type":"Feature","geometry":{"type":"LineString","coordinates":[[-82.723,36.5358],[-82.7208,36.535]]},"properties":{"name":"Unnamed Stream","layer":"nhd_perennial_streams","stream_type":"Perennial Stream","length_miles":null,"flow_direction":"","reach_code":""}},{"type":"Feature","geometry":{"type":"LineString","coordinates":[[-82.661,36.4056],[-82.6644,36.4035]]},"properties":{"name":"Unnamed Stream","layer":"nhd_perennial_streams","stream_type":"Perennial Stream","length_miles":null,"flow_direction":"","reach_code":""}},{"type":"Feature","geometry":{"type":"LineString","coordinates":[[-82.5233,36.6338],[-82.5232,36.6333]]},"properties":{"name":"Unnamed Stream","layer":"nhd_perennial_streams","stream_type":"Perennial Stream","length_miles":null,"flow_direction":"","reach_code":""}},{"type":"Feature","geometry":{"type":"LineString","coordinates":[[-82.4463,36.4424],[-82.4424,36.4411]]},"properties":{"name":"Unnamed Stream","layer":"nhd_perennial_streams","stream_type":"Perennial Stream","length_miles":null,"flow_direction":"","reach_code":""}},{"type":"Feature","geometry":{"type":"LineString","coordinates":[[-82.5881,36.5798],[-82.5906,36.5836]]},"properties":{"name":"Unnamed Stream","layer":"nhd_perennial_streams","stream_type":"Perennial Stream","length_miles":null,"flow_direction":"","reach_code":""}},{"type":"Feature","geometry":{"type":"LineString","coordinates":[[-82.3953,36.5302],[-82.3884,36.5314]]},"properties":{"name":"Unnamed Stream","layer":"nhd_perennial_streams","stream_type":"Perennial Stream","length_miles":null,"flow_direction":"","reach_code":""}},{"type":"Feature","geometry":{"type":"LineString","coordinates":[[-82.6524,36.4185],[-82.6479,36.4163]]},"properties":{"name":"Unnamed Stream","layer":"nhd_perennial_streams","stream_type":"Perennial Stream","length_miles":null,"flow_direction":"","reach_code":""}},{"type":"Feature","geometry":{"type":"LineString","coordinates":[[-82.6224,36.6256],[-82.6238,36.6293]]},"properties":{"name":"Unnamed Stream","layer":"nhd_perennial_streams","stream_type":"Perennial Stream","length_miles":null,"flow_direction":"","reach_code":""}},{"type":"Feature","geometry":{"type":"LineString","coordinates":[[-82.6482,36.4564],[-82.6468,36.4546]]},"properties":{"name":"Unnamed Stream","layer":"nhd_perennial_streams","stream_type":"Perennial Stream","length_miles":null,"flow_direction":"","reach_code":""}},{"type":"Feature","geometry":{"type":"LineString","coordinates":[[-82.6477,36.4349],[-82.6478,36.4324]]},"properties":{"name":"Unnamed Stream","layer":"nhd_perennial_streams","stream_type":"Perennial Stream","length_miles":null,"flow_direction":"","reach_code":""}},{"type":"Feature","geometry":{"type":"LineString","coordinates":[[-82.4655,36.3963],[-82.4596,36.396]]},"properties":{"name":"Unnamed Stream","layer":"nhd_perennial_streams","stream_type":"Perennial Stream","length_miles":null,"flow_direction":"","reach_code":""}},{"type":"Feature","geometry":{"type":"LineString","coordinates":[[-82.5078,36.6442],[-82.5052,36.6436]]},"properties":{"name":"Unnamed Stream","layer":"nhd_perennial_streams","stream_type":"Perennial Stream","length_miles":null,"flow_direction":"","reach_code":""}},{"type":"Feature","geometry":{"type":"LineString","coordinates":[[-82.5325,36.6294],[-82.5347,36.6281]]},"properties":{"name":"Unnamed Stream","layer":"nhd_perennial_streams","stream_type":"Perennial Stream","length_miles":null,"flow_direction":"","reach_code":""}},{"type":"Feature","geometry":{"type":"LineString","coordinates":[[-82.5839,36.375],[-82.5852,36.3749]]},"properties":{"name":"Unnamed Stream","layer":"nhd_perennial_streams","stream_type":"Perennial Stream","length_miles":null,"flow_direction":"","reach_code":""}},{"type":"Feature","geometry":{"type":"LineString","coordinates":[[-82.5138,36.3969],[-82.5119,36.3967]]},"properties":{"name":"Unnamed Stream","layer":"nhd_perennial_streams","stream_type":"Perennial Stream","length_miles":null,"flow_direction":"","reach_code":""}},{"type":"Feature","geometry":{"type":"LineString","coordinates":[[-82.5779,36.5222],[-82.5757,36.518],[-82.5719,36.5192]]},"properties":{"name":"Unnamed Stream","layer":"nhd_perennial_streams","stream_type":"Perennial Stream","length_miles":null,"flow_direction":"","reach_code":""}},{"type":"Feature","geometry":{"type":"LineString","coordinates":[[-82.5608,36.5961],[-82.5633,36.5932]]},"properties":{"name":"Unnamed Stream","layer":"nhd_perennial_streams","stream_type":"Perennial Stream","length_miles":null,"flow_direction":"","reach_code":""}},{"type":"Feature","geometry":{"type":"LineString","coordinates":[[-82.6313,36.4769],[-82.6291,36.4783]]},"properties":{"name":"Unnamed Stream","layer":"nhd_perennial_streams","stream_type":"Perennial Stream","length_miles":null,"flow_direction":"","reach_code":""}},{"type":"Feature","geometry":{"type":"LineString","coordinates":[[-82.6439,36.4768],[-82.6425,36.474]]},"properties":{"name":"Unnamed Stream","layer":"nhd_perennial_streams","stream_type":"Perennial Stream","length_miles":null,"flow_direction":"","reach_code":""}},{"type":"Feature","geometry":{"type":"LineString","coordinates":[[-82.4505,36.5923],[-82.4573,36.5855]]},"properties":{"name":"Unnamed Stream","layer":"nhd_perennial_streams","stream_type":"Perennial Stream","length_miles":null,"flow_direction":"","reach_code":""}},{"type":"Feature","geometry":{"type":"LineString","coordinates":[[-82.6469,36.4821],[-82.6447,36.4805]]},"properties":{"name":"Unnamed Stream","layer":"nhd_perennial_streams","stream_type":"Perennial Stream","length_miles":null,"flow_direction":"","reach_code":""}},{"type":"Feature","geometry":{"type":"LineString","coordinates":[[-82.6335,36.5958],[-82.6328,36.5994]]},"properties":{"name":"Unnamed Stream","layer":"nhd_perennial_streams","stream_type":"Perennial Stream","length_miles":null,"flow_direction":"","reach_code":""}},{"type":"Feature","geometry":{"type":"LineString","coordinates":[[-82.6058,36.3696],[-82.6037,36.3699]]},"properties":{"name":"Unnamed Stream","layer":"nhd_perennial_streams","stream_type":"Perennial Stream","length_miles":null,"flow_direction":"","reach_code":""}},{"type":"Feature","geometry":{"type":"LineString","coordinates":[[-82.7208,36.535],[-82.7196,36.5314]]},"properties":{"name":"Unnamed Stream","layer":"nhd_perennial_streams","stream_type":"Perennial Stream","length_miles":null,"flow_direction":"","reach_code":""}},{"type":"Feature","geometry":{"type":"LineString","coordinates":[[-82.7036,36.4269],[-82.7053,36.4274]]},"properties":{"name":"Unnamed Stream","layer":"nhd_perennial_streams","stream_type":"Perennial Stream","length_miles":null,"flow_direction":"","reach_code":""}},{"type":"Feature","geometry":{"type":"LineString","coordinates":[[-82.7221,36.5494],[-82.7139,36.5515]]},"properties":{"name":"Unnamed Stream","layer":"nhd_perennial_streams","stream_type":"Perennial Stream","length_miles":null,"flow_direction":"","reach_code":""}},{"type":"Feature","geometry":{"type":"LineString","coordinates":[[-82.6334,36.4035],[-82.6432,36.4026]]},"properties":{"name":"Unnamed Stream","layer":"nhd_perennial_streams","stream_type":"Perennial Stream","length_miles":null,"flow_direction":"","reach_code":""}},{"type":"Feature","geometry":{"type":"LineString","coordinates":[[-82.6651,36.4168],[-82.6668,36.4123]]},"properties":{"name":"Unnamed Stream","layer":"nhd_perennial_streams","stream_type":"Perennial Stream","length_miles":null,"flow_direction":"","reach_code":""}},{"type":"Feature","geometry":{"type":"LineString","coordinates":[[-82.6418,36.3972],[-82.648,36.3997]]},"properties":{"name":"Unnamed Stream","layer":"nhd_perennial_streams","stream_type":"Perennial Stream","length_miles":null,"flow_direction":"","reach_code":""}},{"type":"Feature","geometry":{"type":"LineString","coordinates":[[-82.4794,36.4282],[-82.4845,36.4268]]},"properties":{"name":"Unnamed Stream","layer":"nhd_perennial_streams","stream_type":"Perennial Stream","length_miles":null,"flow_direction":"","reach_code":""}},{"type":"Feature","geometry":{"type":"LineString","coordinates":[[-82.6077,36.459],[-82.6062,36.4626]]},"properties":{"name":"Unnamed Stream","layer":"nhd_perennial_streams","stream_type":"Perennial Stream","length_miles":null,"flow_direction":"","reach_code":""}},{"type":"Feature","geometry":{"type":"LineString","coordinates":[[-82.6001,36.4853],[-82.606,36.4779]]},"properties":{"name":"Unnamed Stream","layer":"nhd_perennial_streams","stream_type":"Perennial Stream","length_miles":null,"flow_direction":"","reach_code":""}},{"type":"Feature","geometry":{"type":"LineString","coordinates":[[-82.6243,36.5003],[-82.6211,36.5025]]},"properties":{"name":"Unnamed Stream","layer":"nhd_perennial_streams","stream_type":"Perennial Stream","length_miles":null,"flow_direction":"","reach_code":""}},{"type":"Feature","geometry":{"type":"LineString","coordinates":[[-82.6442,36.4742],[-82.6437,36.4727]]},"properties":{"name":"Unnamed Stream","layer":"nhd_perennial_streams","stream_type":"Perennial Stream","length_miles":null,"flow_direction":"","reach_code":""}},{"type":"Feature","geometry":{"type":"LineString","coordinates":[[-82.6162,36.6314],[-82.6135,36.6314]]},"properties":{"name":"Unnamed Stream","layer":"nhd_perennial_streams","stream_type":"Perennial Stream","length_miles":null,"flow_direction":"","reach_code":""}},{"type":"Feature","geometry":{"type":"LineString","coordinates":[[-82.424,36.5242],[-82.421,36.5286]]},"properties":{"name":"Unnamed Stream","layer":"nhd_perennial_streams","stream_type":"Perennial Stream","length_miles":null,"flow_direction":"","reach_code":""}},{"type":"Feature","geometry":{"type":"LineString","coordinates":[[-82.5055,36.5258],[-82.513,36.5212]]},"properties":{"name":"Unnamed Stream","layer":"nhd_perennial_streams","stream_type":"Perennial Stream","length_miles":null,"flow_direction":"","reach_code":""}},{"type":"Feature","geometry":{"type":"LineString","coordinates":[[-82.4228,36.5848],[-82.4251,36.5774],[-82.4282,36.5765]]},"properties":{"name":"Unnamed Stream","layer":"nhd_perennial_streams","stream_type":"Perennial Stream","length_miles":null,"flow_direction":"","reach_code":""}},{"type":"Feature","geometry":{"type":"LineString","coordinates":[[-82.6177,36.4633],[-82.6182,36.4594]]},"properties":{"name":"Unnamed Stream","layer":"nhd_perennial_streams","stream_type":"Perennial Stream","length_miles":null,"flow_direction":"","reach_code":""}},{"type":"Feature","geometry":{"type":"LineString","coordinates":[[-82.5884,36.4378],[-82.5899,36.4411]]},"properties":{"name":"Unnamed Stream","layer":"nhd_perennial_streams","stream_type":"Perennial Stream","length_miles":null,"flow_direction":"","reach_code":""}},{"type":"Feature","geometry":{"type":"LineString","coordinates":[[-82.5635,36.4055],[-82.5603,36.4106]]},"properties":{"name":"Unnamed Stream","layer":"nhd_perennial_streams","stream_type":"Perennial Stream","length_miles":null,"flow_direction":"","reach_code":""}},{"type":"Feature","geometry":{"type":"LineString","coordinates":[[-82.5854,36.5202],[-82.5791,36.5146]]},"properties":{"name":"Unnamed Stream","layer":"nhd_perennial_streams","stream_type":"Perennial Stream","length_miles":null,"flow_direction":"","reach_code":""}},{"type":"Feature","geometry":{"type":"LineString","coordinates":[[-82.6217,36.4317],[-82.621,36.4376]]},"properties":{"name":"Unnamed Stream","layer":"nhd_perennial_streams","stream_type":"Perennial Stream","length_miles":null,"flow_direction":"","reach_code":""}},{"type":"Feature","geometry":{"type":"LineString","coordinates":[[-82.4223,36.4857],[-82.4174,36.4861]]},"properties":{"name":"Unnamed Stream","layer":"nhd_perennial_streams","stream_type":"Perennial Stream","length_miles":null,"flow_direction":"","reach_code":""}},{"type":"Feature","geometry":{"type":"LineString","coordinates":[[-82.6539,36.424],[-82.6514,36.4209]]},"properties":{"name":"Unnamed Stream","layer":"nhd_perennial_streams","stream_type":"Perennial Stream","length_miles":null,"flow_direction":"","reach_code":""}},{"type":"Feature","geometry":{"type":"LineString","coordinates":[[-82.6637,36.467],[-82.6638,36.4652]]},"properties":{"name":"Unnamed Stream","layer":"nhd_perennial_streams","stream_type":"Perennial Stream","length_miles":null,"flow_direction":"","reach_code":""}},{"type":"Feature","geometry":{"type":"LineString","coordinates":[[-82.5887,36.5042],[-82.5859,36.5005]]},"properties":{"name":"Unnamed Stream","layer":"nhd_perennial_streams","stream_type":"Perennial Stream","length_miles":null,"flow_direction":"","reach_code":""}},{"type":"Feature","geometry":{"type":"LineString","coordinates":[[-82.5572,36.4151],[-82.5581,36.4158]]},"properties":{"name":"Unnamed Stream","layer":"nhd_perennial_streams","stream_type":"Perennial Stream","length_miles":null,"flow_direction":"","reach_code":""}},{"type":"Feature","geometry":{"type":"LineString","coordinates":[[-82.3949,36.5181],[-82.3881,36.512],[-82.3839,36.5125]]},"properties":{"name":"Unnamed Stream","layer":"nhd_perennial_streams","stream_type":"Perennial Stream","length_miles":null,"flow_direction":"","reach_code":""}},{"type":"Feature","geometry":{"type":"LineString","coordinates":[[-82.5223,36.5844],[-82.5247,36.5825]]},"properties":{"name":"Unnamed Stream","layer":"nhd_perennial_streams","stream_type":"Perennial Stream","length_miles":null,"flow_direction":"","reach_code":""}},{"type":"Feature","geometry":{"type":"LineString","coordinates":[[-82.6448,36.5898],[-82.646,36.5928]]},"properties":{"name":"Unnamed Stream","layer":"nhd_perennial_streams","stream_type":"Perennial Stream","length_miles":null,"flow_direction":"","reach_code":""}},{"type":"Feature","geometry":{"type":"LineString","coordinates":[[-82.5845,36.6276],[-82.5865,36.6315]]},"properties":{"name":"Unnamed Stream","layer":"nhd_perennial_streams","stream_type":"Perennial Stream","length_miles":null,"flow_direction":"","reach_code":""}},{"type":"Feature","geometry":{"type":"LineString","coordinates":[[-82.6446,36.4356],[-82.6394,36.4325]]},"properties":{"name":"Unnamed Stream","layer":"nhd_perennial_streams","stream_type":"Perennial Stream","length_miles":null,"flow_direction":"","reach_code":""}},{"type":"Feature","geometry":{"type":"LineString","coordinates":[[-82.6646,36.442],[-82.6658,36.4431]]},"properties":{"name":"Unnamed Stream","layer":"nhd_perennial_streams","stream_type":"Perennial Stream","length_miles":null,"flow_direction":"","reach_code":""}},{"type":"Feature","geometry":{"type":"LineString","coordinates":[[-82.6079,36.4141],[-82.6161,36.4124]]},"properties":{"name":"Unnamed Stream","layer":"nhd_perennial_streams","stream_type":"Perennial Stream","length_miles":null,"flow_direction":"","reach_code":""}},{"type":"Feature","geometry":{"type":"LineString","coordinates":[[-82.4402,36.4632],[-82.4405,36.4567],[-82.4456,36.4525]]},"properties":{"name":"Unnamed Stream","layer":"nhd_perennial_streams","stream_type":"Perennial Stream","length_miles":null,"flow_direction":"","reach_code":""}},{"type":"Feature","geometry":{"type":"LineString","coordinates":[[-82.4586,36.4353],[-82.4541,36.4348]]},"properties":{"name":"Unnamed Stream","layer":"nhd_perennial_streams","stream_type":"Perennial Stream","length_miles":null,"flow_direction":"","reach_code":""}},{"type":"Feature","geometry":{"type":"LineString","coordinates":[[-82.6457,36.4925],[-82.6438,36.4912]]},"properties":{"name":"Unnamed Stream","layer":"nhd_perennial_streams","stream_type":"Perennial Stream","length_miles":null,"flow_direction":"","reach_code":""}},{"type":"Feature","geometry":{"type":"LineString","coordinates":[[-82.6944,36.5494],[-82.6941,36.5456]]},"properties":{"name":"Unnamed Stream","layer":"nhd_perennial_streams","stream_type":"Perennial Stream","length_miles":null,"flow_direction":"","reach_code":""}},{"type":"Feature","geometry":{"type":"LineString","coordinates":[[-82.5503,36.3688],[-82.5501,36.3669]]},"properties":{"name":"Unnamed Stream","layer":"nhd_perennial_streams","stream_type":"Perennial Stream","length_miles":null,"flow_direction":"","reach_code":""}},{"type":"Feature","geometry":{"type":"LineString","coordinates":[[-82.6761,36.4119],[-82.6754,36.4117]]},"properties":{"name":"Unnamed Stream","layer":"nhd_perennial_streams","stream_type":"Perennial Stream","length_miles":null,"flow_direction":"","reach_code":""}},{"type":"Feature","geometry":{"type":"LineString","coordinates":[[-82.617,36.4035],[-82.622,36.4059]]},"properties":{"name":"Unnamed Stream","layer":"nhd_perennial_streams","stream_type":"Perennial Stream","length_miles":null,"flow_direction":"","reach_code":""}},{"type":"Feature","geometry":{"type":"LineString","coordinates":[[-82.6483,36.4668],[-82.6479,36.4666]]},"properties":{"name":"Unnamed Stream","layer":"nhd_perennial_streams","stream_type":"Perennial Stream","length_miles":null,"flow_direction":"","reach_code":""}},{"type":"Feature","geometry":{"type":"LineString","coordinates":[[-82.5637,36.6383],[-82.558,36.6371]]},"properties":{"name":"Unnamed Stream","layer":"nhd_perennial_streams","stream_type":"Perennial Stream","length_miles":null,"flow_direction":"","reach_code":""}},{"type":"Feature","geometry":{"type":"LineString","coordinates":[[-82.6189,36.6312],[-82.6162,36.6315]]},"properties":{"name":"Unnamed Stream","layer":"nhd_perennial_streams","stream_type":"Perennial Stream","length_miles":null,"flow_direction":"","reach_code":""}},{"type":"Feature","geometry":{"type":"LineString","coordinates":[[-82.4632,36.6284],[-82.4669,36.63]]},"properties":{"name":"Unnamed Stream","layer":"nhd_perennial_streams","stream_type":"Perennial Stream","length_miles":null,"flow_direction":"","reach_code":""}},{"type":"Feature","geometry":{"type":"LineString","coordinates":[[-82.6499,36.4628],[-82.6473,36.4635]]},"properties":{"name":"Unnamed Stream","layer":"nhd_perennial_streams","stream_type":"Perennial Stream","length_miles":null,"flow_direction":"","reach_code":""}},{"type":"Feature","geometry":{"type":"LineString","coordinates":[[-82.6515,36.4257],[-82.6518,36.4253]]},"properties":{"name":"Unnamed Stream","layer":"nhd_perennial_streams","stream_type":"Perennial Stream","length_miles":null,"flow_direction":"","reach_code":""}},{"type":"Feature","geometry":{"type":"LineString","coordinates":[[-82.4354,36.5501],[-82.4373,36.5468]]},"properties":{"name":"Unnamed Stream","layer":"nhd_perennial_streams","stream_type":"Perennial Stream","length_miles":null,"flow_direction":"","reach_code":""}},{"type":"Feature","geometry":{"type":"LineString","coordinates":[[-82.5283,36.4885],[-82.5262,36.4898]]},"properties":{"name":"Unnamed Stream","layer":"nhd_perennial_streams","stream_type":"Perennial Stream","length_miles":null,"flow_direction":"","reach_code":""}},{"type":"Feature","geometry":{"type":"LineString","coordinates":[[-82.606,36.4779],[-82.6019,36.4763]]},"properties":{"name":"Unnamed Stream","layer":"nhd_perennial_streams","stream_type":"Perennial Stream","length_miles":null,"flow_direction":"","reach_code":""}},{"type":"Feature","geometry":{"type":"LineString","coordinates":[[-82.4993,36.5913],[-82.4942,36.5872]]},"properties":{"name":"Unnamed Stream","layer":"nhd_perennial_streams","stream_type":"Perennial Stream","length_miles":null,"flow_direction":"","reach_code":""}},{"type":"Feature","geometry":{"type":"LineString","coordinates":[[-82.6021,36.4073],[-82.6054,36.407]]},"properties":{"name":"Unnamed Stream","layer":"nhd_perennial_streams","stream_type":"Perennial Stream","length_miles":null,"flow_direction":"","reach_code":""}},{"type":"Feature","geometry":{"type":"LineString","coordinates":[[-82.6375,36.6369],[-82.6349,36.632]]},"properties":{"name":"Unnamed Stream","layer":"nhd_perennial_streams","stream_type":"Perennial Stream","length_miles":null,"flow_direction":"","reach_code":""}},{"type":"Feature","geometry":{"type":"LineString","coordinates":[[-82.4009,36.5389],[-82.3972,36.5437]]},"properties":{"name":"Unnamed Stream","layer":"nhd_perennial_streams","stream_type":"Perennial Stream","length_miles":null,"flow_direction":"","reach_code":""}},{"type":"Feature","geometry":{"type":"LineString","coordinates":[[-82.582,36.6455],[-82.5802,36.6435]]},"properties":{"name":"Unnamed Stream","layer":"nhd_perennial_streams","stream_type":"Perennial Stream","length_miles":null,"flow_direction":"","reach_code":""}},{"type":"Feature","geometry":{"type":"LineString","coordinates":[[-82.6042,36.417],[-82.6079,36.4141]]},"properties":{"name":"Unnamed Stream","layer":"nhd_perennial_streams","stream_type":"Perennial Stream","length_miles":null,"flow_direction":"","reach_code":""}},{"type":"Feature","geometry":{"type":"LineString","coordinates":[[-82.6564,36.4383],[-82.6537,36.4381]]},"properties":{"name":"Unnamed Stream","layer":"nhd_perennial_streams","stream_type":"Perennial Stream","length_miles":null,"flow_direction":"","reach_code":""}},{"type":"Feature","geometry":{"type":"LineString","coordinates":[[-82.6164,36.4433],[-82.6126,36.4477]]},"properties":{"name":"Unnamed Stream","layer":"nhd_perennial_streams","stream_type":"Perennial Stream","length_miles":null,"flow_direction":"","reach_code":""}},{"type":"Feature","geometry":{"type":"LineString","coordinates":[[-82.5414,36.4879],[-82.5459,36.4878]]},"properties":{"name":"Unnamed Stream","layer":"nhd_perennial_streams","stream_type":"Perennial Stream","length_miles":null,"flow_direction":"","reach_code":""}},{"type":"Feature","geometry":{"type":"LineString","coordinates":[[-82.5345,36.483],[-82.5283,36.4885]]},"properties":{"name":"Unnamed Stream","layer":"nhd_perennial_streams","stream_type":"Perennial Stream","length_miles":null,"flow_direction":"","reach_code":""}},{"type":"Feature","geometry":{"type":"LineString","coordinates":[[-82.5327,36.4136],[-82.5219,36.4109]]},"properties":{"name":"Unnamed Stream","layer":"nhd_perennial_streams","stream_type":"Perennial Stream","length_miles":null,"flow_direction":"","reach_code":""}},{"type":"Feature","geometry":{"type":"LineString","coordinates":[[-82.6326,36.488],[-82.6319,36.4856]]},"properties":{"name":"Unnamed Stream","layer":"nhd_perennial_streams","stream_type":"Perennial Stream","length_miles":null,"flow_direction":"","reach_code":""}},{"type":"Feature","geometry":{"type":"LineString","coordinates":[[-82.5488,36.635],[-82.5505,36.6313]]},"properties":{"name":"Unnamed Stream","layer":"nhd_perennial_streams","stream_type":"Perennial Stream","length_miles":null,"flow_direction":"","reach_code":""}},{"type":"Feature","geometry":{"type":"LineString","coordinates":[[-82.6964,36.4542],[-82.6904,36.4482]]},"properties":{"name":"Unnamed Stream","layer":"nhd_perennial_streams","stream_type":"Perennial Stream","length_miles":null,"flow_direction":"","reach_code":""}},{"type":"Feature","geometry":{"type":"LineString","coordinates":[[-82.6576,36.6033],[-82.6587,36.6026]]},"properties":{"name":"Unnamed Stream","layer":"nhd_perennial_streams","stream_type":"Perennial Stream","length_miles":null,"flow_direction":"","reach_code":""}},{"type":"Feature","geometry":{"type":"LineString","coordinates":[[-82.6721,36.5648],[-82.6717,36.5589]]},"properties":{"name":"Unnamed Stream","layer":"nhd_perennial_streams","stream_type":"Perennial Stream","length_miles":null,"flow_direction":"","reach_code":""}},{"type":"Feature","geometry":{"type":"LineString","coordinates":[[-82.6713,36.4795],[-82.6733,36.4849]]},"properties":{"name":"Unnamed Stream","layer":"nhd_perennial_streams","stream_type":"Perennial Stream","length_miles":null,"flow_direction":"","reach_code":""}},{"type":"Feature","geometry":{"type":"LineString","coordinates":[[-82.6897,36.4814],[-82.6974,36.478]]},"properties":{"name":"Unnamed Stream","layer":"nhd_perennial_streams","stream_type":"Perennial Stream","length_miles":null,"flow_direction":"","reach_code":""}},{"type":"Feature","geometry":{"type":"LineString","coordinates":[[-82.6793,36.4083],[-82.6771,36.4055]]},"properties":{"name":"Unnamed Stream","layer":"nhd_perennial_streams","stream_type":"Perennial Stream","length_miles":null,"flow_direction":"","reach_code":""}},{"type":"Feature","geometry":{"type":"LineString","coordinates":[[-82.5423,36.3736],[-82.542,36.3719]]},"properties":{"name":"Unnamed Stream","layer":"nhd_perennial_streams","stream_type":"Perennial Stream","length_miles":null,"flow_direction":"","reach_code":""}},{"type":"Feature","geometry":{"type":"LineString","coordinates":[[-82.5995,36.4687],[-82.5994,36.4688]]},"properties":{"name":"Unnamed Stream","layer":"nhd_perennial_streams","stream_type":"Perennial Stream","length_miles":null,"flow_direction":"","reach_code":""}},{"type":"Feature","geometry":{"type":"LineString","coordinates":[[-82.4825,36.5262],[-82.4856,36.5224]]},"properties":{"name":"Unnamed Stream","layer":"nhd_perennial_streams","stream_type":"Perennial Stream","length_miles":null,"flow_direction":"","reach_code":""}},{"type":"Feature","geometry":{"type":"LineString","coordinates":[[-82.6466,36.4264],[-82.6434,36.4292]]},"properties":{"name":"Unnamed Stream","layer":"nhd_perennial_streams","stream_type":"Perennial Stream","length_miles":null,"flow_direction":"","reach_code":""}},{"type":"Feature","geometry":{"type":"LineString","coordinates":[[-82.5469,36.6482],[-82.5501,36.6506]]},"properties":{"name":"Unnamed Stream","layer":"nhd_perennial_streams","stream_type":"Perennial Stream","length_miles":null,"flow_direction":"","reach_code":""}},{"type":"Feature","geometry":{"type":"LineString","coordinates":[[-82.6915,36.4457],[-82.6888,36.4464]]},"properties":{"name":"Unnamed Stream","layer":"nhd_perennial_streams","stream_type":"Perennial Stream","length_miles":null,"flow_direction":"","reach_code":""}},{"type":"Feature","geometry":{"type":"LineString","coordinates":[[-82.6221,36.4681],[-82.6112,36.4723]]},"properties":{"name":"Unnamed Stream","layer":"nhd_perennial_streams","stream_type":"Perennial Stream","length_miles":null,"flow_direction":"","reach_code":""}},{"type":"Feature","geometry":{"type":"LineString","coordinates":[[-82.5977,36.5065],[-82.5923,36.5049]]},"properties":{"name":"Unnamed Stream","layer":"nhd_perennial_streams","stream_type":"Perennial Stream","length_miles":null,"flow_direction":"","reach_code":""}},{"type":"Feature","geometry":{"type":"LineString","coordinates":[[-82.4946,36.6369],[-82.5001,36.6338]]},"properties":{"name":"Unnamed Stream","layer":"nhd_perennial_streams","stream_type":"Perennial Stream","length_miles":null,"flow_direction":"","reach_code":""}},{"type":"Feature","geometry":{"type":"LineString","coordinates":[[-82.6752,36.6151],[-82.69,36.615]]},"properties":{"name":"Unnamed Stream","layer":"nhd_perennial_streams","stream_type":"Perennial Stream","length_miles":null,"flow_direction":"","reach_code":""}},{"type":"Feature","geometry":{"type":"LineString","coordinates":[[-82.6705,36.4797],[-82.6713,36.4795]]},"properties":{"name":"Unnamed Stream","layer":"nhd_perennial_streams","stream_type":"Perennial Stream","length_miles":null,"flow_direction":"","reach_code":""}},{"type":"Feature","geometry":{"type":"LineString","coordinates":[[-82.7139,36.5515],[-82.7127,36.5489]]},"properties":{"name":"Unnamed Stream","layer":"nhd_perennial_streams","stream_type":"Perennial Stream","length_miles":null,"flow_direction":"","reach_code":""}},{"type":"Feature","geometry":{"type":"LineString","coordinates":[[-82.7186,36.4852],[-82.7194,36.4871]]},"properties":{"name":"Unnamed Stream","layer":"nhd_perennial_streams","stream_type":"Perennial Stream","length_miles":null,"flow_direction":"","reach_code":""}},{"type":"Feature","geometry":{"type":"LineString","coordinates":[[-82.6899,36.5657],[-82.6956,36.5625]]},"properties":{"name":"Unnamed Stream","layer":"nhd_perennial_streams","stream_type":"Perennial Stream","length_miles":null,"flow_direction":"","reach_code":""}},{"type":"Feature","geometry":{"type":"LineString","coordinates":[[-82.704,36.4853],[-82.7042,36.4856]]},"properties":{"name":"Unnamed Stream","layer":"nhd_perennial_streams","stream_type":"Perennial Stream","length_miles":null,"flow_direction":"","reach_code":""}},{"type":"Feature","geometry":{"type":"LineString","coordinates":[[-82.6957,36.4891],[-82.6968,36.4921]]},"properties":{"name":"Unnamed Stream","layer":"nhd_perennial_streams","stream_type":"Perennial Stream","length_miles":null,"flow_direction":"","reach_code":""}},{"type":"Feature","geometry":{"type":"LineString","coordinates":[[-82.6702,36.4148],[-82.6688,36.4133]]},"properties":{"name":"Unnamed Stream","layer":"nhd_perennial_streams","stream_type":"Perennial Stream","length_miles":null,"flow_direction":"","reach_code":""}},{"type":"Feature","geometry":{"type":"LineString","coordinates":[[-82.671,36.5936],[-82.6709,36.5944]]},"properties":{"name":"Unnamed Stream","layer":"nhd_perennial_streams","stream_type":"Perennial Stream","length_miles":null,"flow_direction":"","reach_code":""}},{"type":"Feature","geometry":{"type":"LineString","coordinates":[[-82.6924,36.5945],[-82.6918,36.5941]]},"properties":{"name":"Unnamed Stream","layer":"nhd_perennial_streams","stream_type":"Perennial Stream","length_miles":null,"flow_direction":"","reach_code":""}},{"type":"Feature","geometry":{"type":"LineString","coordinates":[[-82.5317,36.6339],[-82.5299,36.6343]]},"properties":{"name":"Unnamed Stream","layer":"nhd_perennial_streams","stream_type":"Perennial Stream","length_miles":null,"flow_direction":"","reach_code":""}},{"type":"Feature","geometry":{"type":"LineString","coordinates":[[-82.6244,36.4267],[-82.6217,36.4317]]},"properties":{"name":"Unnamed Stream","layer":"nhd_perennial_streams","stream_type":"Perennial Stream","length_miles":null,"flow_direction":"","reach_code":""}},{"type":"Feature","geometry":{"type":"LineString","coordinates":[[-82.5839,36.6593],[-82.581,36.6519]]},"properties":{"name":"Unnamed Stream","layer":"nhd_perennial_streams","stream_type":"Perennial Stream","length_miles":null,"flow_direction":"","reach_code":""}},{"type":"Feature","geometry":{"type":"LineString","coordinates":[[-82.4686,36.6089],[-82.4741,36.6048]]},"properties":{"name":"Unnamed Stream","layer":"nhd_perennial_streams","stream_type":"Perennial Stream","length_miles":null,"flow_direction":"","reach_code":""}},{"type":"Feature","geometry":{"type":"LineString","coordinates":[[-82.6507,36.4683],[-82.6502,36.4669]]},"properties":{"name":"Unnamed Stream","layer":"nhd_perennial_streams","stream_type":"Perennial Stream","length_miles":null,"flow_direction":"","reach_code":""}},{"type":"Feature","geometry":{"type":"LineString","coordinates":[[-82.4452,36.4867],[-82.4501,36.4873]]},"properties":{"name":"Unnamed Stream","layer":"nhd_perennial_streams","stream_type":"Perennial Stream","length_miles":null,"flow_direction":"","reach_code":""}},{"type":"Feature","geometry":{"type":"LineString","coordinates":[[-82.6797,36.4571],[-82.6818,36.4548]]},"properties":{"name":"Unnamed Stream","layer":"nhd_perennial_streams","stream_type":"Perennial Stream","length_miles":null,"flow_direction":"","reach_code":""}},{"type":"Feature","geometry":{"type":"LineString","coordinates":[[-82.6267,36.6175],[-82.6268,36.6175]]},"properties":{"name":"Unnamed Stream","layer":"nhd_perennial_streams","stream_type":"Perennial Stream","length_miles":null,"flow_direction":"","reach_code":""}},{"type":"Feature","geometry":{"type":"LineString","coordinates":[[-82.6668,36.4891],[-82.6733,36.4849]]},"properties":{"name":"Unnamed Stream","layer":"nhd_perennial_streams","stream_type":"Perennial Stream","length_miles":null,"flow_direction":"","reach_code":""}},{"type":"Feature","geometry":{"type":"LineString","coordinates":[[-82.7023,36.474],[-82.6982,36.4783]]},"properties":{"name":"Unnamed Stream","layer":"nhd_perennial_streams","stream_type":"Perennial Stream","length_miles":null,"flow_direction":"","reach_code":""}},{"type":"Feature","geometry":{"type":"LineString","coordinates":[[-82.669,36.4128],[-82.6672,36.4104]]},"properties":{"name":"Unnamed Stream","layer":"nhd_perennial_streams","stream_type":"Perennial Stream","length_miles":null,"flow_direction":"","reach_code":""}},{"type":"Feature","geometry":{"type":"LineString","coordinates":[[-82.6322,36.4003],[-82.6321,36.4004]]},"properties":{"name":"Unnamed Stream","layer":"nhd_perennial_streams","stream_type":"Perennial Stream","length_miles":null,"flow_direction":"","reach_code":""}},{"type":"Feature","geometry":{"type":"LineString","coordinates":[[-82.4373,36.5927],[-82.4343,36.5883]]},"properties":{"name":"Unnamed Stream","layer":"nhd_perennial_streams","stream_type":"Perennial Stream","length_miles":null,"flow_direction":"","reach_code":""}},{"type":"Feature","geometry":{"type":"LineString","coordinates":[[-82.5936,36.3738],[-82.5922,36.3764]]},"properties":{"name":"Unnamed Stream","layer":"nhd_perennial_streams","stream_type":"Perennial Stream","length_miles":null,"flow_direction":"","reach_code":""}},{"type":"Feature","geometry":{"type":"LineString","coordinates":[[-82.4761,36.5768],[-82.4753,36.5731],[-82.4677,36.5725]]},"properties":{"name":"Unnamed Stream","layer":"nhd_perennial_streams","stream_type":"Perennial Stream","length_miles":null,"flow_direction":"","reach_code":""}},{"type":"Feature","geometry":{"type":"LineString","coordinates":[[-82.6621,36.6038],[-82.6587,36.6026]]},"properties":{"name":"Unnamed Stream","layer":"nhd_perennial_streams","stream_type":"Perennial Stream","length_miles":null,"flow_direction":"","reach_code":""}},{"type":"Feature","geometry":{"type":"LineString","coordinates":[[-82.5941,36.4507],[-82.5897,36.459]]},"properties":{"name":"Unnamed Stream","layer":"nhd_perennial_streams","stream_type":"Perennial Stream","length_miles":null,"flow_direction":"","reach_code":""}},{"type":"Feature","geometry":{"type":"LineString","coordinates":[[-82.6455,36.4687],[-82.6479,36.4666]]},"properties":{"name":"Unnamed Stream","layer":"nhd_perennial_streams","stream_type":"Perennial Stream","length_miles":null,"flow_direction":"","reach_code":""}},{"type":"Feature","geometry":{"type":"LineString","coordinates":[[-82.5757,36.5876],[-82.5726,36.5889]]},"properties":{"name":"Unnamed Stream","layer":"nhd_perennial_streams","stream_type":"Perennial Stream","length_miles":null,"flow_direction":"","reach_code":""}},{"type":"Feature","geometry":{"type":"LineString","coordinates":[[-82.4775,36.5993],[-82.4925,36.6052]]},"properties":{"name":"Unnamed Stream","layer":"nhd_perennial_streams","stream_type":"Perennial Stream","length_miles":null,"flow_direction":"","reach_code":""}},{"type":"Feature","geometry":{"type":"LineString","coordinates":[[-82.5381,36.3975],[-82.5344,36.4037]]},"properties":{"name":"Unnamed Stream","layer":"nhd_perennial_streams","stream_type":"Perennial Stream","length_miles":null,"flow_direction":"","reach_code":""}},{"type":"Feature","geometry":{"type":"LineString","coordinates":[[-82.6587,36.4192],[-82.6582,36.4183]]},"properties":{"name":"Unnamed Stream","layer":"nhd_perennial_streams","stream_type":"Perennial Stream","length_miles":null,"flow_direction":"","reach_code":""}},{"type":"Feature","geometry":{"type":"LineString","coordinates":[[-82.4522,36.5667],[-82.4516,36.5656]]},"properties":{"name":"Unnamed Stream","layer":"nhd_perennial_streams","stream_type":"Perennial Stream","length_miles":null,"flow_direction":"","reach_code":""}},{"type":"Feature","geometry":{"type":"LineString","coordinates":[[-82.6268,36.6175],[-82.6302,36.6162]]},"properties":{"name":"Unnamed Stream","layer":"nhd_perennial_streams","stream_type":"Perennial Stream","length_miles":null,"flow_direction":"","reach_code":""}},{"type":"Feature","geometry":{"type":"LineString","coordinates":[[-82.5523,36.5114],[-82.5599,36.5129],[-82.567,36.5099]]},"properties":{"name":"Unnamed Stream","layer":"nhd_perennial_streams","stream_type":"Perennial Stream","length_miles":null,"flow_direction":"","reach_code":""}},{"type":"Feature","geometry":{"type":"LineString","coordinates":[[-82.6894,36.4758],[-82.6874,36.4746]]},"properties":{"name":"Unnamed Stream","layer":"nhd_perennial_streams","stream_type":"Perennial Stream","length_miles":null,"flow_direction":"","reach_code":""}},{"type":"Feature","geometry":{"type":"LineString","coordinates":[[-82.6113,36.4473],[-82.6126,36.4477]]},"properties":{"name":"Unnamed Stream","layer":"nhd_perennial_streams","stream_type":"Perennial Stream","length_miles":null,"flow_direction":"","reach_code":""}},{"type":"Feature","geometry":{"type":"LineString","coordinates":[[-82.5519,36.6502],[-82.5521,36.6502]]},"properties":{"name":"Unnamed Stream","layer":"nhd_perennial_streams","stream_type":"Perennial Stream","length_miles":null,"flow_direction":"","reach_code":""}},{"type":"Feature","geometry":{"type":"LineString","coordinates":[[-82.676,36.4728],[-82.6771,36.4752]]},"properties":{"name":"Unnamed Stream","layer":"nhd_perennial_streams","stream_type":"Perennial Stream","length_miles":null,"flow_direction":"","reach_code":""}},{"type":"Feature","geometry":{"type":"LineString","coordinates":[[-82.7303,36.4708],[-82.7307,36.4736]]},"properties":{"name":"Unnamed Stream","layer":"nhd_perennial_streams","stream_type":"Perennial Stream","length_miles":null,"flow_direction":"","reach_code":""}},{"type":"Feature","geometry":{"type":"LineString","coordinates":[[-82.7103,36.4473],[-82.7093,36.4459]]},"properties":{"name":"Unnamed Stream","layer":"nhd_perennial_streams","stream_type":"Perennial Stream","length_miles":null,"flow_direction":"","reach_code":""}},{"type":"Feature","geometry":{"type":"LineString","coordinates":[[-82.6211,36.3799],[-82.6222,36.3779]]},"properties":{"name":"Unnamed Stream","layer":"nhd_perennial_streams","stream_type":"Perennial Stream","length_miles":null,"flow_direction":"","reach_code":""}},{"type":"Feature","geometry":{"type":"LineString","coordinates":[[-82.6321,36.4004],[-82.6326,36.4023]]},"properties":{"name":"Unnamed Stream","layer":"nhd_perennial_streams","stream_type":"Perennial Stream","length_miles":null,"flow_direction":"","reach_code":""}},{"type":"Feature","geometry":{"type":"LineString","coordinates":[[-82.6436,36.4199],[-82.6424,36.4204]]},"properties":{"name":"Unnamed Stream","layer":"nhd_perennial_streams","stream_type":"Perennial Stream","length_miles":null,"flow_direction":"","reach_code":""}},{"type":"Feature","geometry":{"type":"LineString","coordinates":[[-82.6145,36.4827],[-82.6109,36.4767]]},"properties":{"name":"Unnamed Stream","layer":"nhd_perennial_streams","stream_type":"Perennial Stream","length_miles":null,"flow_direction":"","reach_code":""}},{"type":"Feature","geometry":{"type":"LineString","coordinates":[[-82.6294,36.5666],[-82.6226,36.5671]]},"properties":{"name":"Unnamed Stream","layer":"nhd_perennial_streams","stream_type":"Perennial Stream","length_miles":null,"flow_direction":"","reach_code":""}},{"type":"Feature","geometry":{"type":"LineString","coordinates":[[-82.6671,36.5833],[-82.6669,36.5764]]},"properties":{"name":"Unnamed Stream","layer":"nhd_perennial_streams","stream_type":"Perennial Stream","length_miles":null,"flow_direction":"","reach_code":""}},{"type":"Feature","geometry":{"type":"LineString","coordinates":[[-82.655,36.4614],[-82.6546,36.4618]]},"properties":{"name":"Unnamed Stream","layer":"nhd_perennial_streams","stream_type":"Perennial Stream","length_miles":null,"flow_direction":"","reach_code":""}},{"type":"Feature","geometry":{"type":"LineString","coordinates":[[-82.3816,36.4937],[-82.3815,36.4916]]},"properties":{"name":"Unnamed Stream","layer":"nhd_perennial_streams","stream_type":"Perennial Stream","length_miles":null,"flow_direction":"","reach_code":""}},{"type":"Feature","geometry":{"type":"LineString","coordinates":[[-82.5414,36.6452],[-82.5418,36.6479]]},"properties":{"name":"Unnamed Stream","layer":"nhd_perennial_streams","stream_type":"Perennial Stream","length_miles":null,"flow_direction":"","reach_code":""}},{"type":"Feature","geometry":{"type":"LineString","coordinates":[[-82.639,36.4521],[-82.6396,36.4538]]},"properties":{"name":"Unnamed Stream","layer":"nhd_perennial_streams","stream_type":"Perennial Stream","length_miles":null,"flow_direction":"","reach_code":""}},{"type":"Feature","geometry":{"type":"LineString","coordinates":[[-82.6842,36.4399],[-82.6816,36.442]]},"properties":{"name":"Unnamed Stream","layer":"nhd_perennial_streams","stream_type":"Perennial Stream","length_miles":null,"flow_direction":"","reach_code":""}},{"type":"Feature","geometry":{"type":"LineString","coordinates":[[-82.6574,36.4219],[-82.6586,36.4211]]},"properties":{"name":"Unnamed Stream","layer":"nhd_perennial_streams","stream_type":"Perennial Stream","length_miles":null,"flow_direction":"","reach_code":""}},{"type":"Feature","geometry":{"type":"LineString","coordinates":[[-82.4549,36.4854],[-82.4644,36.4775]]},"properties":{"name":"Unnamed Stream","layer":"nhd_perennial_streams","stream_type":"Perennial Stream","length_miles":null,"flow_direction":"","reach_code":""}},{"type":"Feature","geometry":{"type":"LineString","coordinates":[[-82.4497,36.5359],[-82.4471,36.5329]]},"properties":{"name":"Unnamed Stream","layer":"nhd_perennial_streams","stream_type":"Perennial Stream","length_miles":null,"flow_direction":"","reach_code":""}},{"type":"Feature","geometry":{"type":"LineString","coordinates":[[-82.6996,36.4293],[-82.6996,36.4293]]},"properties":{"name":"Unnamed Stream","layer":"nhd_perennial_streams","stream_type":"Perennial Stream","length_miles":null,"flow_direction":"","reach_code":""}},{"type":"Feature","geometry":{"type":"LineString","coordinates":[[-82.6762,36.4824],[-82.6749,36.485]]},"properties":{"name":"Unnamed Stream","layer":"nhd_perennial_streams","stream_type":"Perennial Stream","length_miles":null,"flow_direction":"","reach_code":""}},{"type":"Feature","geometry":{"type":"LineString","coordinates":[[-82.7226,36.4806],[-82.7211,36.4828]]},"properties":{"name":"Unnamed Stream","layer":"nhd_perennial_streams","stream_type":"Perennial Stream","length_miles":null,"flow_direction":"","reach_code":""}},{"type":"Feature","geometry":{"type":"LineString","coordinates":[[-82.6942,36.5447],[-82.6943,36.5434]]},"properties":{"name":"Unnamed Stream","layer":"nhd_perennial_streams","stream_type":"Perennial Stream","length_miles":null,"flow_direction":"","reach_code":""}},{"type":"Feature","geometry":{"type":"LineString","coordinates":[[-82.4428,36.4069],[-82.4377,36.4047]]},"properties":{"name":"Unnamed Stream","layer":"nhd_perennial_streams","stream_type":"Perennial Stream","length_miles":null,"flow_direction":"","reach_code":""}},{"type":"Feature","geometry":{"type":"LineString","coordinates":[[-82.6465,36.3896],[-82.6439,36.3931]]},"properties":{"name":"Unnamed Stream","layer":"nhd_perennial_streams","stream_type":"Perennial Stream","length_miles":null,"flow_direction":"","reach_code":""}},{"type":"Feature","geometry":{"type":"LineString","coordinates":[[-82.5203,36.404],[-82.5248,36.4056]]},"properties":{"name":"Unnamed Stream","layer":"nhd_perennial_streams","stream_type":"Perennial Stream","length_miles":null,"flow_direction":"","reach_code":""}},{"type":"Feature","geometry":{"type":"LineString","coordinates":[[-82.6273,36.4342],[-82.626,36.4367]]},"properties":{"name":"Unnamed Stream","layer":"nhd_perennial_streams","stream_type":"Perennial Stream","length_miles":null,"flow_direction":"","reach_code":""}},{"type":"Feature","geometry":{"type":"LineString","coordinates":[[-82.5365,36.6425],[-82.5317,36.6339]]},"properties":{"name":"Unnamed Stream","layer":"nhd_perennial_streams","stream_type":"Perennial Stream","length_miles":null,"flow_direction":"","reach_code":""}},{"type":"Feature","geometry":{"type":"LineString","coordinates":[[-82.6161,36.4124],[-82.6195,36.4128]]},"properties":{"name":"Unnamed Stream","layer":"nhd_perennial_streams","stream_type":"Perennial Stream","length_miles":null,"flow_direction":"","reach_code":""}},{"type":"Feature","geometry":{"type":"LineString","coordinates":[[-82.5264,36.6024],[-82.5258,36.6032]]},"properties":{"name":"Unnamed Stream","layer":"nhd_perennial_streams","stream_type":"Perennial Stream","length_miles":null,"flow_direction":"","reach_code":""}},{"type":"Feature","geometry":{"type":"LineString","coordinates":[[-82.5341,36.6364],[-82.534,36.6351]]},"properties":{"name":"Unnamed Stream","layer":"nhd_perennial_streams","stream_type":"Perennial Stream","length_miles":null,"flow_direction":"","reach_code":""}},{"type":"Feature","geometry":{"type":"LineString","coordinates":[[-82.4394,36.6188],[-82.4544,36.6253]]},"properties":{"name":"Unnamed Stream","layer":"nhd_perennial_streams","stream_type":"Perennial Stream","length_miles":null,"flow_direction":"","reach_code":""}},{"type":"Feature","geometry":{"type":"LineString","coordinates":[[-82.4833,36.4047],[-82.4863,36.4106]]},"properties":{"name":"Unnamed Stream","layer":"nhd_perennial_streams","stream_type":"Perennial Stream","length_miles":null,"flow_direction":"","reach_code":""}},{"type":"Feature","geometry":{"type":"LineString","coordinates":[[-82.6139,36.6254],[-82.6135,36.6277]]},"properties":{"name":"Unnamed Stream","layer":"nhd_perennial_streams","stream_type":"Perennial Stream","length_miles":null,"flow_direction":"","reach_code":""}},{"type":"Feature","geometry":{"type":"LineString","coordinates":[[-82.5755,36.5301],[-82.5699,36.5212]]},"properties":{"name":"Unnamed Stream","layer":"nhd_perennial_streams","stream_type":"Perennial Stream","length_miles":null,"flow_direction":"","reach_code":""}},{"type":"Feature","geometry":{"type":"LineString","coordinates":[[-82.5955,36.5914],[-82.596,36.5911]]},"properties":{"name":"Unnamed Stream","layer":"nhd_perennial_streams","stream_type":"Perennial Stream","length_miles":null,"flow_direction":"","reach_code":""}},{"type":"Feature","geometry":{"type":"LineString","coordinates":[[-82.6002,36.5046],[-82.5928,36.5024],[-82.5912,36.4973]]},"properties":{"name":"Unnamed Stream","layer":"nhd_perennial_streams","stream_type":"Perennial Stream","length_miles":null,"flow_direction":"","reach_code":""}},{"type":"Feature","geometry":{"type":"LineString","coordinates":[[-82.6197,36.4201],[-82.6237,36.4174]]},"properties":{"name":"Unnamed Stream","layer":"nhd_perennial_streams","stream_type":"Perennial Stream","length_miles":null,"flow_direction":"","reach_code":""}},{"type":"Feature","geometry":{"type":"LineString","coordinates":[[-82.464,36.6117],[-82.4689,36.6174],[-82.4752,36.6187]]},"properties":{"name":"Unnamed Stream","layer":"nhd_perennial_streams","stream_type":"Perennial Stream","length_miles":null,"flow_direction":"","reach_code":""}},{"type":"Feature","geometry":{"type":"LineString","coordinates":[[-82.6546,36.4588],[-82.655,36.4614]]},"properties":{"name":"Unnamed Stream","layer":"nhd_perennial_streams","stream_type":"Perennial Stream","length_miles":null,"flow_direction":"","reach_code":""}},{"type":"Feature","geometry":{"type":"LineString","coordinates":[[-82.4684,36.5109],[-82.4746,36.5046]]},"properties":{"name":"Unnamed Stream","layer":"nhd_perennial_streams","stream_type":"Perennial Stream","length_miles":null,"flow_direction":"","reach_code":""}},{"type":"Feature","geometry":{"type":"LineString","coordinates":[[-82.6379,36.4817],[-82.6357,36.4786]]},"properties":{"name":"Unnamed Stream","layer":"nhd_perennial_streams","stream_type":"Perennial Stream","length_miles":null,"flow_direction":"","reach_code":""}},{"type":"Feature","geometry":{"type":"LineString","coordinates":[[-82.5059,36.6028],[-82.5094,36.609]]},"properties":{"name":"Unnamed Stream","layer":"nhd_perennial_streams","stream_type":"Perennial Stream","length_miles":null,"flow_direction":"","reach_code":""}},{"type":"Feature","geometry":{"type":"LineString","coordinates":[[-82.6045,36.3831],[-82.5958,36.3829]]},"properties":{"name":"Unnamed Stream","layer":"nhd_perennial_streams","stream_type":"Perennial Stream","length_miles":null,"flow_direction":"","reach_code":""}},{"type":"Feature","geometry":{"type":"LineString","coordinates":[[-82.6571,36.419],[-82.6582,36.4183]]},"properties":{"name":"Unnamed Stream","layer":"nhd_perennial_streams","stream_type":"Perennial Stream","length_miles":null,"flow_direction":"","reach_code":""}},{"type":"Feature","geometry":{"type":"LineString","coordinates":[[-82.6185,36.6268],[-82.6193,36.6302]]},"properties":{"name":"Unnamed Stream","layer":"nhd_perennial_streams","stream_type":"Perennial Stream","length_miles":null,"flow_direction":"","reach_code":""}},{"type":"Feature","geometry":{"type":"LineString","coordinates":[[-82.6576,36.4709],[-82.6564,36.4629]]},"properties":{"name":"Unnamed Stream","layer":"nhd_perennial_streams","stream_type":"Perennial Stream","length_miles":null,"flow_direction":"","reach_code":""}},{"type":"Feature","geometry":{"type":"LineString","coordinates":[[-82.6193,36.6302],[-82.6189,36.6312]]},"properties":{"name":"Unnamed Stream","layer":"nhd_perennial_streams","stream_type":"Perennial Stream","length_miles":null,"flow_direction":"","reach_code":""}},{"type":"Feature","geometry":{"type":"LineString","coordinates":[[-82.6968,36.4921],[-82.6959,36.4971]]},"properties":{"name":"Unnamed Stream","layer":"nhd_perennial_streams","stream_type":"Perennial Stream","length_miles":null,"flow_direction":"","reach_code":""}},{"type":"Feature","geometry":{"type":"LineString","coordinates":[[-82.6233,36.3821],[-82.6211,36.3799]]},"properties":{"name":"Unnamed Stream","layer":"nhd_perennial_streams","stream_type":"Perennial Stream","length_miles":null,"flow_direction":"","reach_code":""}},{"type":"Feature","geometry":{"type":"LineString","coordinates":[[-82.5729,36.6379],[-82.5724,36.6378]]},"properties":{"name":"Unnamed Stream","layer":"nhd_perennial_streams","stream_type":"Perennial Stream","length_miles":null,"flow_direction":"","reach_code":""}},{"type":"Feature","geometry":{"type":"LineString","coordinates":[[-82.6073,36.4402],[-82.6113,36.4473]]},"properties":{"name":"Unnamed Stream","layer":"nhd_perennial_streams","stream_type":"Perennial Stream","length_miles":null,"flow_direction":"","reach_code":""}},{"type":"Feature","geometry":{"type":"LineString","coordinates":[[-82.6865,36.4447],[-82.685,36.4458]]},"properties":{"name":"Unnamed Stream","layer":"nhd_perennial_streams","stream_type":"Perennial Stream","length_miles":null,"flow_direction":"","reach_code":""}},{"type":"Feature","geometry":{"type":"LineString","coordinates":[[-82.6581,36.4465],[-82.6548,36.4452]]},"properties":{"name":"Unnamed Stream","layer":"nhd_perennial_streams","stream_type":"Perennial Stream","length_miles":null,"flow_direction":"","reach_code":""}},{"type":"Feature","geometry":{"type":"LineString","coordinates":[[-82.5279,36.4693],[-82.5232,36.4742]]},"properties":{"name":"Unnamed Stream","layer":"nhd_perennial_streams","stream_type":"Perennial Stream","length_miles":null,"flow_direction":"","reach_code":""}},{"type":"Feature","geometry":{"type":"LineString","coordinates":[[-82.4371,36.4658],[-82.4452,36.4694]]},"properties":{"name":"Unnamed Stream","layer":"nhd_perennial_streams","stream_type":"Perennial Stream","length_miles":null,"flow_direction":"","reach_code":""}},{"type":"Feature","geometry":{"type":"LineString","coordinates":[[-82.6775,36.4326],[-82.6753,36.4304]]},"properties":{"name":"Unnamed Stream","layer":"nhd_perennial_streams","stream_type":"Perennial Stream","length_miles":null,"flow_direction":"","reach_code":""}},{"type":"Feature","geometry":{"type":"LineString","coordinates":[[-82.6254,36.4413],[-82.6249,36.4408]]},"properties":{"name":"Unnamed Stream","layer":"nhd_perennial_streams","stream_type":"Perennial Stream","length_miles":null,"flow_direction":"","reach_code":""}},{"type":"Feature","geometry":{"type":"LineString","coordinates":[[-82.4747,36.5972],[-82.4739,36.6046]]},"properties":{"name":"Unnamed Stream","layer":"nhd_perennial_streams","stream_type":"Perennial Stream","length_miles":null,"flow_direction":"","reach_code":""}},{"type":"Feature","geometry":{"type":"LineString","coordinates":[[-82.6414,36.4451],[-82.641,36.445]]},"properties":{"name":"Unnamed Stream","layer":"nhd_perennial_streams","stream_type":"Perennial Stream","length_miles":null,"flow_direction":"","reach_code":""}},{"type":"Feature","geometry":{"type":"LineString","coordinates":[[-82.6026,36.415],[-82.6079,36.4141]]},"properties":{"name":"Unnamed Stream","layer":"nhd_perennial_streams","stream_type":"Perennial Stream","length_miles":null,"flow_direction":"","reach_code":""}},{"type":"Feature","geometry":{"type":"LineString","coordinates":[[-82.4976,36.4293],[-82.4875,36.4361]]},"properties":{"name":"Unnamed Stream","layer":"nhd_perennial_streams","stream_type":"Perennial Stream","length_miles":null,"flow_direction":"","reach_code":""}},{"type":"Feature","geometry":{"type":"LineString","coordinates":[[-82.618,36.4263],[-82.6217,36.4317]]},"properties":{"name":"Unnamed Stream","layer":"nhd_perennial_streams","stream_type":"Perennial Stream","length_miles":null,"flow_direction":"","reach_code":""}},{"type":"Feature","geometry":{"type":"LineString","coordinates":[[-82.717,36.5585],[-82.7142,36.5571]]},"properties":{"name":"Unnamed Stream","layer":"nhd_perennial_streams","stream_type":"Perennial Stream","length_miles":null,"flow_direction":"","reach_code":""}},{"type":"Feature","geometry":{"type":"LineString","coordinates":[[-82.7155,36.5788],[-82.7268,36.5761]]},"properties":{"name":"Unnamed Stream","layer":"nhd_perennial_streams","stream_type":"Perennial Stream","length_miles":null,"flow_direction":"","reach_code":""}},{"type":"Feature","geometry":{"type":"LineString","coordinates":[[-82.6167,36.5367],[-82.6112,36.5394]]},"properties":{"name":"Unnamed Stream","layer":"nhd_perennial_streams","stream_type":"Perennial Stream","length_miles":null,"flow_direction":"","reach_code":""}},{"type":"Feature","geometry":{"type":"LineString","coordinates":[[-82.7046,36.4763],[-82.7023,36.474]]},"properties":{"name":"Unnamed Stream","layer":"nhd_perennial_streams","stream_type":"Perennial Stream","length_miles":null,"flow_direction":"","reach_code":""}},{"type":"Feature","geometry":{"type":"LineString","coordinates":[[-82.7082,36.56],[-82.7118,36.5553]]},"properties":{"name":"Unnamed Stream","layer":"nhd_perennial_streams","stream_type":"Perennial Stream","length_miles":null,"flow_direction":"","reach_code":""}},{"type":"Feature","geometry":{"type":"LineString","coordinates":[[-82.7082,36.5623],[-82.7082,36.56]]},"properties":{"name":"Unnamed Stream","layer":"nhd_perennial_streams","stream_type":"Perennial Stream","length_miles":null,"flow_direction":"","reach_code":""}},{"type":"Feature","geometry":{"type":"LineString","coordinates":[[-82.571,36.3687],[-82.5685,36.3658]]},"properties":{"name":"Unnamed Stream","layer":"nhd_perennial_streams","stream_type":"Perennial Stream","length_miles":null,"flow_direction":"","reach_code":""}},{"type":"Feature","geometry":{"type":"LineString","coordinates":[[-82.5388,36.461],[-82.5321,36.4619]]},"properties":{"name":"Unnamed Stream","layer":"nhd_perennial_streams","stream_type":"Perennial Stream","length_miles":null,"flow_direction":"","reach_code":""}},{"type":"Feature","geometry":{"type":"LineString","coordinates":[[-82.4952,36.3839],[-82.4983,36.3876]]},"properties":{"name":"Unnamed Stream","layer":"nhd_perennial_streams","stream_type":"Perennial Stream","length_miles":null,"flow_direction":"","reach_code":""}},{"type":"Feature","geometry":{"type":"LineString","coordinates":[[-82.6734,36.4241],[-82.6651,36.4205]]},"properties":{"name":"Unnamed Stream","layer":"nhd_perennial_streams","stream_type":"Perennial Stream","length_miles":null,"flow_direction":"","reach_code":""}},{"type":"Feature","geometry":{"type":"LineString","coordinates":[[-82.6372,36.4123],[-82.6377,36.4177]]},"properties":{"name":"Unnamed Stream","layer":"nhd_perennial_streams","stream_type":"Perennial Stream","length_miles":null,"flow_direction":"","reach_code":""}},{"type":"Feature","geometry":{"type":"LineString","coordinates":[[-82.6854,36.4634],[-82.6855,36.4598]]},"properties":{"name":"Unnamed Stream","layer":"nhd_perennial_streams","stream_type":"Perennial Stream","length_miles":null,"flow_direction":"","reach_code":""}},{"type":"Feature","geometry":{"type":"LineString","coordinates":[[-82.4788,36.394],[-82.4739,36.3991]]},"properties":{"name":"Unnamed Stream","layer":"nhd_perennial_streams","stream_type":"Perennial Stream","length_miles":null,"flow_direction":"","reach_code":""}},{"type":"Feature","geometry":{"type":"LineString","coordinates":[[-82.4741,36.6048],[-82.4764,36.6061]]},"properties":{"name":"Unnamed Stream","layer":"nhd_perennial_streams","stream_type":"Perennial Stream","length_miles":null,"flow_direction":"","reach_code":""}},{"type":"Feature","geometry":{"type":"LineString","coordinates":[[-82.5278,36.4403],[-82.5292,36.4482]]},"properties":{"name":"Unnamed Stream","layer":"nhd_perennial_streams","stream_type":"Perennial Stream","length_miles":null,"flow_direction":"","reach_code":""}},{"type":"Feature","geometry":{"type":"LineString","coordinates":[[-82.4426,36.5704],[-82.4426,36.5702]]},"properties":{"name":"Unnamed Stream","layer":"nhd_perennial_streams","stream_type":"Perennial Stream","length_miles":null,"flow_direction":"","reach_code":""}},{"type":"Feature","geometry":{"type":"LineString","coordinates":[[-82.6484,36.5323],[-82.6559,36.5298]]},"properties":{"name":"Unnamed Stream","layer":"nhd_perennial_streams","stream_type":"Perennial Stream","length_miles":null,"flow_direction":"","reach_code":""}},{"type":"Feature","geometry":{"type":"LineString","coordinates":[[-82.7271,36.4667],[-82.7335,36.4714]]},"properties":{"name":"Unnamed Stream","layer":"nhd_perennial_streams","stream_type":"Perennial Stream","length_miles":null,"flow_direction":"","reach_code":""}},{"type":"Feature","geometry":{"type":"LineString","coordinates":[[-82.7024,36.4494],[-82.701,36.4469]]},"properties":{"name":"Unnamed Stream","layer":"nhd_perennial_streams","stream_type":"Perennial Stream","length_miles":null,"flow_direction":"","reach_code":""}},{"type":"Feature","geometry":{"type":"LineString","coordinates":[[-82.6688,36.4133],[-82.669,36.4128]]},"properties":{"name":"Unnamed Stream","layer":"nhd_perennial_streams","stream_type":"Perennial Stream","length_miles":null,"flow_direction":"","reach_code":""}},{"type":"Feature","geometry":{"type":"LineString","coordinates":[[-82.5774,36.3665],[-82.5798,36.3646]]},"properties":{"name":"Unnamed Stream","layer":"nhd_perennial_streams","stream_type":"Perennial Stream","length_miles":null,"flow_direction":"","reach_code":""}},{"type":"Feature","geometry":{"type":"LineString","coordinates":[[-82.6775,36.4184],[-82.6733,36.4139]]},"properties":{"name":"Unnamed Stream","layer":"nhd_perennial_streams","stream_type":"Perennial Stream","length_miles":null,"flow_direction":"","reach_code":""}},{"type":"Feature","geometry":{"type":"LineString","coordinates":[[-82.643,36.402],[-82.6432,36.4026]]},"properties":{"name":"Unnamed Stream","layer":"nhd_perennial_streams","stream_type":"Perennial Stream","length_miles":null,"flow_direction":"","reach_code":""}},{"type":"Feature","geometry":{"type":"LineString","coordinates":[[-82.6083,36.4543],[-82.6077,36.459]]},"properties":{"name":"Unnamed Stream","layer":"nhd_perennial_streams","stream_type":"Perennial Stream","length_miles":null,"flow_direction":"","reach_code":""}},{"type":"Feature","geometry":{"type":"LineString","coordinates":[[-82.5979,36.4238],[-82.6058,36.4346]]},"properties":{"name":"Unnamed Stream","layer":"nhd_perennial_streams","stream_type":"Perennial Stream","length_miles":null,"flow_direction":"","reach_code":""}},{"type":"Feature","geometry":{"type":"LineString","coordinates":[[-82.4167,36.5204],[-82.4222,36.5168]]},"properties":{"name":"Unnamed Stream","layer":"nhd_perennial_streams","stream_type":"Perennial Stream","length_miles":null,"flow_direction":"","reach_code":""}},{"type":"Feature","geometry":{"type":"LineString","coordinates":[[-82.4859,36.4161],[-82.4845,36.4268]]},"properties":{"name":"Unnamed Stream","layer":"nhd_perennial_streams","stream_type":"Perennial Stream","length_miles":null,"flow_direction":"","reach_code":""}},{"type":"Feature","geometry":{"type":"LineString","coordinates":[[-82.5094,36.609],[-82.5115,36.6095]]},"properties":{"name":"Unnamed Stream","layer":"nhd_perennial_streams","stream_type":"Perennial Stream","length_miles":null,"flow_direction":"","reach_code":""}},{"type":"Feature","geometry":{"type":"LineString","coordinates":[[-82.5008,36.5853],[-82.497,36.5806],[-82.4983,36.5759]]},"properties":{"name":"Unnamed Stream","layer":"nhd_perennial_streams","stream_type":"Perennial Stream","length_miles":null,"flow_direction":"","reach_code":""}},{"type":"Feature","geometry":{"type":"LineString","coordinates":[[-82.6762,36.4357],[-82.6788,36.4364]]},"properties":{"name":"Unnamed Stream","layer":"nhd_perennial_streams","stream_type":"Perennial Stream","length_miles":null,"flow_direction":"","reach_code":""}},{"type":"Feature","geometry":{"type":"LineString","coordinates":[[-82.4739,36.3991],[-82.4706,36.404]]},"properties":{"name":"Unnamed Stream","layer":"nhd_perennial_streams","stream_type":"Perennial Stream","length_miles":null,"flow_direction":"","reach_code":""}},{"type":"Feature","geometry":{"type":"LineString","coordinates":[[-82.6093,36.6274],[-82.6093,36.6301]]},"properties":{"name":"Unnamed Stream","layer":"nhd_perennial_streams","stream_type":"Perennial Stream","length_miles":null,"flow_direction":"","reach_code":""}},{"type":"Feature","geometry":{"type":"LineString","coordinates":[[-82.4551,36.4397],[-82.4463,36.4424]]},"properties":{"name":"Unnamed Stream","layer":"nhd_perennial_streams","stream_type":"Perennial Stream","length_miles":null,"flow_direction":"","reach_code":""}},{"type":"Feature","geometry":{"type":"LineString","coordinates":[[-82.6399,36.466],[-82.6422,36.4681]]},"properties":{"name":"Unnamed Stream","layer":"nhd_perennial_streams","stream_type":"Perennial Stream","length_miles":null,"flow_direction":"","reach_code":""}},{"type":"Feature","geometry":{"type":"LineString","coordinates":[[-82.6037,36.4035],[-82.6088,36.4017]]},"properties":{"name":"Unnamed Stream","layer":"nhd_perennial_streams","stream_type":"Perennial Stream","length_miles":null,"flow_direction":"","reach_code":""}},{"type":"Feature","geometry":{"type":"LineString","coordinates":[[-82.7047,36.4452],[-82.7037,36.4434]]},"properties":{"name":"Unnamed Stream","layer":"nhd_perennial_streams","stream_type":"Perennial Stream","length_miles":null,"flow_direction":"","reach_code":""}},{"type":"Feature","geometry":{"type":"LineString","coordinates":[[-82.7171,36.4587],[-82.7202,36.4577]]},"properties":{"name":"Unnamed Stream","layer":"nhd_perennial_streams","stream_type":"Perennial Stream","length_miles":null,"flow_direction":"","reach_code":""}},{"type":"Feature","geometry":{"type":"LineString","coordinates":[[-82.6968,36.5195],[-82.6916,36.5148],[-82.6809,36.5133]]},"properties":{"name":"Unnamed Stream","layer":"nhd_perennial_streams","stream_type":"Perennial Stream","length_miles":null,"flow_direction":"","reach_code":""}},{"type":"Feature","geometry":{"type":"LineString","coordinates":[[-82.6999,36.4258],[-82.6996,36.4293]]},"properties":{"name":"Unnamed Stream","layer":"nhd_perennial_streams","stream_type":"Perennial Stream","length_miles":null,"flow_direction":"","reach_code":""}},{"type":"Feature","geometry":{"type":"LineString","coordinates":[[-82.6434,36.525],[-82.6453,36.5251]]},"properties":{"name":"Unnamed Stream","layer":"nhd_perennial_streams","stream_type":"Perennial Stream","length_miles":null,"flow_direction":"","reach_code":""}},{"type":"Feature","geometry":{"type":"LineString","coordinates":[[-82.7129,36.4506],[-82.7107,36.4348]]},"properties":{"name":"Unnamed Stream","layer":"nhd_perennial_streams","stream_type":"Perennial Stream","length_miles":null,"flow_direction":"","reach_code":""}},{"type":"Feature","geometry":{"type":"LineString","coordinates":[[-82.5427,36.3681],[-82.5377,36.37]]},"properties":{"name":"Unnamed Stream","layer":"nhd_perennial_streams","stream_type":"Perennial Stream","length_miles":null,"flow_direction":"","reach_code":""}},{"type":"Feature","geometry":{"type":"LineString","coordinates":[[-82.6372,36.3984],[-82.6395,36.3975]]},"properties":{"name":"Unnamed Stream","layer":"nhd_perennial_streams","stream_type":"Perennial Stream","length_miles":null,"flow_direction":"","reach_code":""}},{"type":"Feature","geometry":{"type":"LineString","coordinates":[[-82.5922,36.3764],[-82.5867,36.3805]]},"properties":{"name":"Unnamed Stream","layer":"nhd_perennial_streams","stream_type":"Perennial Stream","length_miles":null,"flow_direction":"","reach_code":""}},{"type":"Feature","geometry":{"type":"LineString","coordinates":[[-82.5953,36.6443],[-82.5929,36.6437]]},"properties":{"name":"Unnamed Stream","layer":"nhd_perennial_streams","stream_type":"Perennial Stream","length_miles":null,"flow_direction":"","reach_code":""}},{"type":"Feature","geometry":{"type":"LineString","coordinates":[[-82.3991,36.5601],[-82.4023,36.5596]]},"properties":{"name":"Unnamed Stream","layer":"nhd_perennial_streams","stream_type":"Perennial Stream","length_miles":null,"flow_direction":"","reach_code":""}},{"type":"Feature","geometry":{"type":"LineString","coordinates":[[-82.69,36.615],[-82.6911,36.6069]]},"properties":{"name":"Unnamed Stream","layer":"nhd_perennial_streams","stream_type":"Perennial Stream","length_miles":null,"flow_direction":"","reach_code":""}},{"type":"Feature","geometry":{"type":"LineString","coordinates":[[-82.4465,36.4699],[-82.4549,36.4609]]},"properties":{"name":"Unnamed Stream","layer":"nhd_perennial_streams","stream_type":"Perennial Stream","length_miles":null,"flow_direction":"","reach_code":""}},{"type":"Feature","geometry":{"type":"LineString","coordinates":[[-82.3851,36.5059],[-82.3759,36.5109]]},"properties":{"name":"Unnamed Stream","layer":"nhd_perennial_streams","stream_type":"Perennial Stream","length_miles":null,"flow_direction":"","reach_code":""}},{"type":"Feature","geometry":{"type":"LineString","coordinates":[[-82.4672,36.412],[-82.4648,36.4176],[-82.4683,36.4194]]},"properties":{"name":"Unnamed Stream","layer":"nhd_perennial_streams","stream_type":"Perennial Stream","length_miles":null,"flow_direction":"","reach_code":""}},{"type":"Feature","geometry":{"type":"LineString","coordinates":[[-82.5502,36.6456],[-82.5503,36.646]]},"properties":{"name":"Unnamed Stream","layer":"nhd_perennial_streams","stream_type":"Perennial Stream","length_miles":null,"flow_direction":"","reach_code":""}},{"type":"Feature","geometry":{"type":"LineString","coordinates":[[-82.4497,36.6184],[-82.4549,36.6142]]},"properties":{"name":"Unnamed Stream","layer":"nhd_perennial_streams","stream_type":"Perennial Stream","length_miles":null,"flow_direction":"","reach_code":""}},{"type":"Feature","geometry":{"type":"LineString","coordinates":[[-82.5043,36.3823],[-82.4983,36.3876]]},"properties":{"name":"Unnamed Stream","layer":"nhd_perennial_streams","stream_type":"Perennial Stream","length_miles":null,"flow_direction":"","reach_code":""}},{"type":"Feature","geometry":{"type":"LineString","coordinates":[[-82.6503,36.4581],[-82.6494,36.4607]]},"properties":{"name":"Unnamed Stream","layer":"nhd_perennial_streams","stream_type":"Perennial Stream","length_miles":null,"flow_direction":"","reach_code":""}},{"type":"Feature","geometry":{"type":"LineString","coordinates":[[-82.6434,36.454],[-82.6396,36.4538]]},"properties":{"name":"Unnamed Stream","layer":"nhd_perennial_streams","stream_type":"Perennial Stream","length_miles":null,"flow_direction":"","reach_code":""}},{"type":"Feature","geometry":{"type":"LineString","coordinates":[[-82.6615,36.4824],[-82.6623,36.4826]]},"properties":{"name":"Unnamed Stream","layer":"nhd_perennial_streams","stream_type":"Perennial Stream","length_miles":null,"flow_direction":"","reach_code":""}},{"type":"Feature","geometry":{"type":"LineString","coordinates":[[-82.6869,36.4257],[-82.6883,36.4258]]},"properties":{"name":"Unnamed Stream","layer":"nhd_perennial_streams","stream_type":"Perennial Stream","length_miles":null,"flow_direction":"","reach_code":""}},{"type":"Feature","geometry":{"type":"LineString","coordinates":[[-82.6294,36.4055],[-82.6334,36.4035]]},"properties":{"name":"Unnamed Stream","layer":"nhd_perennial_streams","stream_type":"Perennial Stream","length_miles":null,"flow_direction":"","reach_code":""}},{"type":"Feature","geometry":{"type":"LineString","coordinates":[[-82.6789,36.4048],[-82.6789,36.4031]]},"properties":{"name":"Unnamed Stream","layer":"nhd_perennial_streams","stream_type":"Perennial Stream","length_miles":null,"flow_direction":"","reach_code":""}},{"type":"Feature","geometry":{"type":"LineString","coordinates":[[-82.6704,36.4168],[-82.6731,36.4143]]},"properties":{"name":"Unnamed Stream","layer":"nhd_perennial_streams","stream_type":"Perennial Stream","length_miles":null,"flow_direction":"","reach_code":""}},{"type":"Feature","geometry":{"type":"LineString","coordinates":[[-82.6045,36.6457],[-82.5953,36.6443]]},"properties":{"name":"Unnamed Stream","layer":"nhd_perennial_streams","stream_type":"Perennial Stream","length_miles":null,"flow_direction":"","reach_code":""}},{"type":"Feature","geometry":{"type":"LineString","coordinates":[[-82.5923,36.3958],[-82.5764,36.4022],[-82.5698,36.4003]]},"properties":{"name":"Unnamed Stream","layer":"nhd_perennial_streams","stream_type":"Perennial Stream","length_miles":null,"flow_direction":"","reach_code":""}},{"type":"Feature","geometry":{"type":"LineString","coordinates":[[-82.5609,36.5851],[-82.5725,36.5888]]},"properties":{"name":"Unnamed Stream","layer":"nhd_perennial_streams","stream_type":"Perennial Stream","length_miles":null,"flow_direction":"","reach_code":""}},{"type":"Feature","geometry":{"type":"LineString","coordinates":[[-82.4216,36.4605],[-82.421,36.4584]]},"properties":{"name":"Unnamed Stream","layer":"nhd_perennial_streams","stream_type":"Perennial Stream","length_miles":null,"flow_direction":"","reach_code":""}},{"type":"Feature","geometry":{"type":"LineString","coordinates":[[-82.6669,36.6239],[-82.6686,36.6214]]},"properties":{"name":"Unnamed Stream","layer":"nhd_perennial_streams","stream_type":"Perennial Stream","length_miles":null,"flow_direction":"","reach_code":""}},{"type":"Feature","geometry":{"type":"LineString","coordinates":[[-82.5651,36.6175],[-82.5685,36.6091]]},"properties":{"name":"Unnamed Stream","layer":"nhd_perennial_streams","stream_type":"Perennial Stream","length_miles":null,"flow_direction":"","reach_code":""}},{"type":"Feature","geometry":{"type":"LineString","coordinates":[[-82.4131,36.4809],[-82.4134,36.4797]]},"properties":{"name":"Unnamed Stream","layer":"nhd_perennial_streams","stream_type":"Perennial Stream","length_miles":null,"flow_direction":"","reach_code":""}},{"type":"Feature","geometry":{"type":"LineString","coordinates":[[-82.6974,36.4212],[-82.6986,36.4289]]},"properties":{"name":"Unnamed Stream","layer":"nhd_perennial_streams","stream_type":"Perennial Stream","length_miles":null,"flow_direction":"","reach_code":""}},{"type":"Feature","geometry":{"type":"LineString","coordinates":[[-82.6771,36.4752],[-82.6747,36.477]]},"properties":{"name":"Unnamed Stream","layer":"nhd_perennial_streams","stream_type":"Perennial Stream","length_miles":null,"flow_direction":"","reach_code":""}},{"type":"Feature","geometry":{"type":"LineString","coordinates":[[-82.7106,36.4785],[-82.7128,36.4809]]},"properties":{"name":"Unnamed Stream","layer":"nhd_perennial_streams","stream_type":"Perennial Stream","length_miles":null,"flow_direction":"","reach_code":""}},{"type":"Feature","geometry":{"type":"LineString","coordinates":[[-82.55,36.6556],[-82.5494,36.6518]]},"properties":{"name":"Unnamed Stream","layer":"nhd_perennial_streams","stream_type":"Perennial Stream","length_miles":null,"flow_direction":"","reach_code":""}},{"type":"Feature","geometry":{"type":"LineString","coordinates":[[-82.5137,36.5849],[-82.5119,36.58],[-82.5048,36.5756],[-82.5047,36.5673]]},"properties":{"name":"Unnamed Stream","layer":"nhd_perennial_streams","stream_type":"Perennial Stream","length_miles":null,"flow_direction":"","reach_code":""}},{"type":"Feature","geometry":{"type":"LineString","coordinates":[[-82.4408,36.5185],[-82.4457,36.5213]]},"properties":{"name":"Unnamed Stream","layer":"nhd_perennial_streams","stream_type":"Perennial Stream","length_miles":null,"flow_direction":"","reach_code":""}},{"type":"Feature","geometry":{"type":"LineString","coordinates":[[-82.5943,36.6227],[-82.596,36.6175]]},"properties":{"name":"Unnamed Stream","layer":"nhd_perennial_streams","stream_type":"Perennial Stream","length_miles":null,"flow_direction":"","reach_code":""}},{"type":"Feature","geometry":{"type":"LineString","coordinates":[[-82.5443,36.6174],[-82.5403,36.6176]]},"properties":{"name":"Unnamed Stream","layer":"nhd_perennial_streams","stream_type":"Perennial Stream","length_miles":null,"flow_direction":"","reach_code":""}},{"type":"Feature","geometry":{"type":"LineString","coordinates":[[-82.6329,36.4652],[-82.6348,36.4651]]},"properties":{"name":"Unnamed Stream","layer":"nhd_perennial_streams","stream_type":"Perennial Stream","length_miles":null,"flow_direction":"","reach_code":""}},{"type":"Feature","geometry":{"type":"LineString","coordinates":[[-82.6421,36.6455],[-82.6406,36.6395],[-82.6432,36.6327]]},"properties":{"name":"Unnamed Stream","layer":"nhd_perennial_streams","stream_type":"Perennial Stream","length_miles":null,"flow_direction":"","reach_code":""}},{"type":"Feature","geometry":{"type":"LineString","coordinates":[[-82.5556,36.3742],[-82.5528,36.3785]]},"properties":{"name":"Unnamed Stream","layer":"nhd_perennial_streams","stream_type":"Perennial Stream","length_miles":null,"flow_direction":"","reach_code":""}},{"type":"Feature","geometry":{"type":"LineString","coordinates":[[-82.5383,36.6454],[-82.5399,36.6463]]},"properties":{"name":"Unnamed Stream","layer":"nhd_perennial_streams","stream_type":"Perennial Stream","length_miles":null,"flow_direction":"","reach_code":""}},{"type":"Feature","geometry":{"type":"LineString","coordinates":[[-82.4373,36.5128],[-82.4425,36.5106],[-82.4476,36.5207]]},"properties":{"name":"Unnamed Stream","layer":"nhd_perennial_streams","stream_type":"Perennial Stream","length_miles":null,"flow_direction":"","reach_code":""}},{"type":"Feature","geometry":{"type":"LineString","coordinates":[[-82.7269,36.4852],[-82.7213,36.4837]]},"properties":{"name":"Unnamed Stream","layer":"nhd_perennial_streams","stream_type":"Perennial Stream","length_miles":null,"flow_direction":"","reach_code":""}},{"type":"Feature","geometry":{"type":"LineString","coordinates":[[-82.6653,36.4108],[-82.6661,36.4109]]},"properties":{"name":"Unnamed Stream","layer":"nhd_perennial_streams","stream_type":"Perennial Stream","length_miles":null,"flow_direction":"","reach_code":""}},{"type":"Feature","geometry":{"type":"LineString","coordinates":[[-82.5676,36.5258],[-82.5666,36.5252]]},"properties":{"name":"Unnamed Stream","layer":"nhd_perennial_streams","stream_type":"Perennial Stream","length_miles":null,"flow_direction":"","reach_code":""}},{"type":"Feature","geometry":{"type":"LineString","coordinates":[[-82.6318,36.4358],[-82.6273,36.4342]]},"properties":{"name":"Unnamed Stream","layer":"nhd_perennial_streams","stream_type":"Perennial Stream","length_miles":null,"flow_direction":"","reach_code":""}},{"type":"Feature","geometry":{"type":"LineString","coordinates":[[-82.4779,36.5533],[-82.4834,36.5529]]},"properties":{"name":"Unnamed Stream","layer":"nhd_perennial_streams","stream_type":"Perennial Stream","length_miles":null,"flow_direction":"","reach_code":""}},{"type":"Feature","geometry":{"type":"LineString","coordinates":[[-82.5361,36.6289],[-82.5347,36.6281]]},"properties":{"name":"Unnamed Stream","layer":"nhd_perennial_streams","stream_type":"Perennial Stream","length_miles":null,"flow_direction":"","reach_code":""}},{"type":"Feature","geometry":{"type":"LineString","coordinates":[[-82.6507,36.6342],[-82.6498,36.6344]]},"properties":{"name":"Unnamed Stream","layer":"nhd_perennial_streams","stream_type":"Perennial Stream","length_miles":null,"flow_direction":"","reach_code":""}},{"type":"Feature","geometry":{"type":"LineString","coordinates":[[-82.5966,36.626],[-82.5961,36.6273]]},"properties":{"name":"Unnamed Stream","layer":"nhd_perennial_streams","stream_type":"Perennial Stream","length_miles":null,"flow_direction":"","reach_code":""}},{"type":"Feature","geometry":{"type":"LineString","coordinates":[[-82.5726,36.5889],[-82.5713,36.5975]]},"properties":{"name":"Unnamed Stream","layer":"nhd_perennial_streams","stream_type":"Perennial Stream","length_miles":null,"flow_direction":"","reach_code":""}},{"type":"Feature","geometry":{"type":"LineString","coordinates":[[-82.6135,36.4375],[-82.6134,36.4381]]},"properties":{"name":"Unnamed Stream","layer":"nhd_perennial_streams","stream_type":"Perennial Stream","length_miles":null,"flow_direction":"","reach_code":""}},{"type":"Feature","geometry":{"type":"LineString","coordinates":[[-82.6849,36.4715],[-82.6867,36.4705]]},"properties":{"name":"Unnamed Stream","layer":"nhd_perennial_streams","stream_type":"Perennial Stream","length_miles":null,"flow_direction":"","reach_code":""}},{"type":"Feature","geometry":{"type":"LineString","coordinates":[[-82.4703,36.4914],[-82.4746,36.4932]]},"properties":{"name":"Unnamed Stream","layer":"nhd_perennial_streams","stream_type":"Perennial Stream","length_miles":null,"flow_direction":"","reach_code":""}},{"type":"Feature","geometry":{"type":"LineString","coordinates":[[-82.5897,36.516],[-82.5865,36.5102]]},"properties":{"name":"Unnamed Stream","layer":"nhd_perennial_streams","stream_type":"Perennial Stream","length_miles":null,"flow_direction":"","reach_code":""}},{"type":"Feature","geometry":{"type":"LineString","coordinates":[[-82.3991,36.5808],[-82.4108,36.573]]},"properties":{"name":"Unnamed Stream","layer":"nhd_perennial_streams","stream_type":"Perennial Stream","length_miles":null,"flow_direction":"","reach_code":""}},{"type":"Feature","geometry":{"type":"LineString","coordinates":[[-82.4745,36.3852],[-82.4792,36.3901]]},"properties":{"name":"Unnamed Stream","layer":"nhd_perennial_streams","stream_type":"Perennial Stream","length_miles":null,"flow_direction":"","reach_code":""}},{"type":"Feature","geometry":{"type":"LineString","coordinates":[[-82.5727,36.5327],[-82.5641,36.5311]]},"properties":{"name":"Unnamed Stream","layer":"nhd_perennial_streams","stream_type":"Perennial Stream","length_miles":null,"flow_direction":"","reach_code":""}},{"type":"Feature","geometry":{"type":"LineString","coordinates":[[-82.4706,36.404],[-82.4672,36.412]]},"properties":{"name":"Unnamed Stream","layer":"nhd_perennial_streams","stream_type":"Perennial Stream","length_miles":null,"flow_direction":"","reach_code":""}},{"type":"Feature","geometry":{"type":"LineString","coordinates":[[-82.4253,36.5934],[-82.4373,36.5927]]},"properties":{"name":"Unnamed Stream","layer":"nhd_perennial_streams","stream_type":"Perennial Stream","length_miles":null,"flow_direction":"","reach_code":""}},{"type":"Feature","geometry":{"type":"LineString","coordinates":[[-82.633,36.4816],[-82.6311,36.4815]]},"properties":{"name":"Unnamed Stream","layer":"nhd_perennial_streams","stream_type":"Perennial Stream","length_miles":null,"flow_direction":"","reach_code":""}},{"type":"Feature","geometry":{"type":"LineString","coordinates":[[-82.51,36.539],[-82.5118,36.5387]]},"properties":{"name":"Unnamed Stream","layer":"nhd_perennial_streams","stream_type":"Perennial Stream","length_miles":null,"flow_direction":"","reach_code":""}},{"type":"Feature","geometry":{"type":"LineString","coordinates":[[-82.6308,36.447],[-82.6252,36.4491]]},"properties":{"name":"Unnamed Stream","layer":"nhd_perennial_streams","stream_type":"Perennial Stream","length_miles":null,"flow_direction":"","reach_code":""}},{"type":"Feature","geometry":{"type":"LineString","coordinates":[[-82.4285,36.5262],[-82.4403,36.5253]]},"properties":{"name":"Unnamed Stream","layer":"nhd_perennial_streams","stream_type":"Perennial Stream","length_miles":null,"flow_direction":"","reach_code":""}},{"type":"Feature","geometry":{"type":"LineString","coordinates":[[-82.657,36.4395],[-82.6529,36.4409]]},"properties":{"name":"Unnamed Stream","layer":"nhd_perennial_streams","stream_type":"Perennial Stream","length_miles":null,"flow_direction":"","reach_code":""}},{"type":"Feature","geometry":{"type":"LineString","coordinates":[[-82.5861,36.4117],[-82.5671,36.4189]]},"properties":{"name":"Unnamed Stream","layer":"nhd_perennial_streams","stream_type":"Perennial Stream","length_miles":null,"flow_direction":"","reach_code":""}},{"type":"Feature","geometry":{"type":"LineString","coordinates":[[-82.661,36.4162],[-82.6609,36.4157]]},"properties":{"name":"Unnamed Stream","layer":"nhd_perennial_streams","stream_type":"Perennial Stream","length_miles":null,"flow_direction":"","reach_code":""}},{"type":"Feature","geometry":{"type":"LineString","coordinates":[[-82.5824,36.4259],[-82.584,36.4308]]},"properties":{"name":"Unnamed Stream","layer":"nhd_perennial_streams","stream_type":"Perennial Stream","length_miles":null,"flow_direction":"","reach_code":""}},{"type":"Feature","geometry":{"type":"LineString","coordinates":[[-82.5067,36.3953],[-82.5118,36.3964]]},"properties":{"name":"Unnamed Stream","layer":"nhd_perennial_streams","stream_type":"Perennial Stream","length_miles":null,"flow_direction":"","reach_code":""}},{"type":"Feature","geometry":{"type":"LineString","coordinates":[[-82.6677,36.4801],[-82.6705,36.4797]]},"properties":{"name":"Unnamed Stream","layer":"nhd_perennial_streams","stream_type":"Perennial Stream","length_miles":null,"flow_direction":"","reach_code":""}},{"type":"Feature","geometry":{"type":"LineString","coordinates":[[-82.7052,36.512],[-82.7071,36.5087]]},"properties":{"name":"Unnamed Stream","layer":"nhd_perennial_streams","stream_type":"Perennial Stream","length_miles":null,"flow_direction":"","reach_code":""}},{"type":"Feature","geometry":{"type":"LineString","coordinates":[[-82.6344,36.5303],[-82.637,36.5225]]},"properties":{"name":"Unnamed Stream","layer":"nhd_perennial_streams","stream_type":"Perennial Stream","length_miles":null,"flow_direction":"","reach_code":""}},{"type":"Feature","geometry":{"type":"LineString","coordinates":[[-82.6604,36.5041],[-82.6658,36.5118]]},"properties":{"name":"Unnamed Stream","layer":"nhd_perennial_streams","stream_type":"Perennial Stream","length_miles":null,"flow_direction":"","reach_code":""}},{"type":"Feature","geometry":{"type":"LineString","coordinates":[[-82.6453,36.5251],[-82.6559,36.5298]]},"properties":{"name":"Unnamed Stream","layer":"nhd_perennial_streams","stream_type":"Perennial Stream","length_miles":null,"flow_direction":"","reach_code":""}},{"type":"Feature","geometry":{"type":"LineString","coordinates":[[-82.4875,36.4722],[-82.4861,36.4729]]},"properties":{"name":"Unnamed Stream","layer":"nhd_perennial_streams","stream_type":"Perennial Stream","length_miles":null,"flow_direction":"","reach_code":""}},{"type":"Feature","geometry":{"type":"LineString","coordinates":[[-82.6506,36.4137],[-82.6479,36.4163]]},"properties":{"name":"Unnamed Stream","layer":"nhd_perennial_streams","stream_type":"Perennial Stream","length_miles":null,"flow_direction":"","reach_code":""}},{"type":"Feature","geometry":{"type":"LineString","coordinates":[[-82.6144,36.4404],[-82.6164,36.4433]]},"properties":{"name":"Unnamed Stream","layer":"nhd_perennial_streams","stream_type":"Perennial Stream","length_miles":null,"flow_direction":"","reach_code":""}},{"type":"Feature","geometry":{"type":"LineString","coordinates":[[-82.6773,36.6009],[-82.6757,36.5986]]},"properties":{"name":"Unnamed Stream","layer":"nhd_perennial_streams","stream_type":"Perennial Stream","length_miles":null,"flow_direction":"","reach_code":""}},{"type":"Feature","geometry":{"type":"LineString","coordinates":[[-82.6875,36.47],[-82.689,36.4688]]},"properties":{"name":"Unnamed Stream","layer":"nhd_perennial_streams","stream_type":"Perennial Stream","length_miles":null,"flow_direction":"","reach_code":""}},{"type":"Feature","geometry":{"type":"LineString","coordinates":[[-82.4739,36.6046],[-82.4741,36.6048]]},"properties":{"name":"Unnamed Stream","layer":"nhd_perennial_streams","stream_type":"Perennial Stream","length_miles":null,"flow_direction":"","reach_code":""}},{"type":"Feature","geometry":{"type":"LineString","coordinates":[[-82.6561,36.5957],[-82.656,36.5957]]},"properties":{"name":"Unnamed Stream","layer":"nhd_perennial_streams","stream_type":"Perennial Stream","length_miles":null,"flow_direction":"","reach_code":""}},{"type":"Feature","geometry":{"type":"LineString","coordinates":[[-82.6123,36.4037],[-82.617,36.4035]]},"properties":{"name":"Unnamed Stream","layer":"nhd_perennial_streams","stream_type":"Perennial Stream","length_miles":null,"flow_direction":"","reach_code":""}},{"type":"Feature","geometry":{"type":"LineString","coordinates":[[-82.6217,36.4799],[-82.615,36.4828]]},"properties":{"name":"Unnamed Stream","layer":"nhd_perennial_streams","stream_type":"Perennial Stream","length_miles":null,"flow_direction":"","reach_code":""}},{"type":"Feature","geometry":{"type":"LineString","coordinates":[[-82.6541,36.4137],[-82.6525,36.4121]]},"properties":{"name":"Unnamed Stream","layer":"nhd_perennial_streams","stream_type":"Perennial Stream","length_miles":null,"flow_direction":"","reach_code":""}},{"type":"Feature","geometry":{"type":"LineString","coordinates":[[-82.63,36.4372],[-82.626,36.4367]]},"properties":{"name":"Unnamed Stream","layer":"nhd_perennial_streams","stream_type":"Perennial Stream","length_miles":null,"flow_direction":"","reach_code":""}},{"type":"Feature","geometry":{"type":"LineString","coordinates":[[-82.4146,36.4751],[-82.4169,36.4715]]},"properties":{"name":"Unnamed Stream","layer":"nhd_perennial_streams","stream_type":"Perennial Stream","length_miles":null,"flow_direction":"","reach_code":""}},{"type":"Feature","geometry":{"type":"LineString","coordinates":[[-82.6873,36.4824],[-82.6897,36.4814]]},"properties":{"name":"Unnamed Stream","layer":"nhd_perennial_streams","stream_type":"Perennial Stream","length_miles":null,"flow_direction":"","reach_code":""}},{"type":"Feature","geometry":{"type":"LineString","coordinates":[[-82.6847,36.4813],[-82.6873,36.4824]]},"properties":{"name":"Unnamed Stream","layer":"nhd_perennial_streams","stream_type":"Perennial Stream","length_miles":null,"flow_direction":"","reach_code":""}},{"type":"Feature","geometry":{"type":"LineString","coordinates":[[-82.6767,36.4959],[-82.6796,36.4952]]},"properties":{"name":"Unnamed Stream","layer":"nhd_perennial_streams","stream_type":"Perennial Stream","length_miles":null,"flow_direction":"","reach_code":""}},{"type":"Feature","geometry":{"type":"LineString","coordinates":[[-82.6999,36.5124],[-82.6881,36.5067]]},"properties":{"name":"Unnamed Stream","layer":"nhd_perennial_streams","stream_type":"Perennial Stream","length_miles":null,"flow_direction":"","reach_code":""}},{"type":"Feature","geometry":{"type":"LineString","coordinates":[[-82.6296,36.3859],[-82.6362,36.3835]]},"properties":{"name":"Unnamed Stream","layer":"nhd_perennial_streams","stream_type":"Perennial Stream","length_miles":null,"flow_direction":"","reach_code":""}},{"type":"Feature","geometry":{"type":"LineString","coordinates":[[-82.5683,36.4394],[-82.5649,36.4441],[-82.5657,36.4516]]},"properties":{"name":"Unnamed Stream","layer":"nhd_perennial_streams","stream_type":"Perennial Stream","length_miles":null,"flow_direction":"","reach_code":""}},{"type":"Feature","geometry":{"type":"LineString","coordinates":[[-82.6967,36.4559],[-82.6938,36.4539]]},"properties":{"name":"Unnamed Stream","layer":"nhd_perennial_streams","stream_type":"Perennial Stream","length_miles":null,"flow_direction":"","reach_code":""}},{"type":"Feature","geometry":{"type":"LineString","coordinates":[[-82.4993,36.5674],[-82.4927,36.5662]]},"properties":{"name":"Unnamed Stream","layer":"nhd_perennial_streams","stream_type":"Perennial Stream","length_miles":null,"flow_direction":"","reach_code":""}},{"type":"Feature","geometry":{"type":"LineString","coordinates":[[-82.4943,36.6385],[-82.4946,36.6369]]},"properties":{"name":"Unnamed Stream","layer":"nhd_perennial_streams","stream_type":"Perennial Stream","length_miles":null,"flow_direction":"","reach_code":""}},{"type":"Feature","geometry":{"type":"LineString","coordinates":[[-82.6625,36.5739],[-82.6557,36.574]]},"properties":{"name":"Unnamed Stream","layer":"nhd_perennial_streams","stream_type":"Perennial Stream","length_miles":null,"flow_direction":"","reach_code":""}},{"type":"Feature","geometry":{"type":"LineString","coordinates":[[-82.6394,36.4839],[-82.6379,36.4817]]},"properties":{"name":"Unnamed Stream","layer":"nhd_perennial_streams","stream_type":"Perennial Stream","length_miles":null,"flow_direction":"","reach_code":""}},{"type":"Feature","geometry":{"type":"LineString","coordinates":[[-82.6833,36.4527],[-82.6829,36.4526]]},"properties":{"name":"Unnamed Stream","layer":"nhd_perennial_streams","stream_type":"Perennial Stream","length_miles":null,"flow_direction":"","reach_code":""}},{"type":"Feature","geometry":{"type":"LineString","coordinates":[[-82.5683,36.6328],[-82.5706,36.6377]]},"properties":{"name":"Unnamed Stream","layer":"nhd_perennial_streams","stream_type":"Perennial Stream","length_miles":null,"flow_direction":"","reach_code":""}},{"type":"Feature","geometry":{"type":"LineString","coordinates":[[-82.6061,36.6262],[-82.6076,36.6285]]},"properties":{"name":"Unnamed Stream","layer":"nhd_perennial_streams","stream_type":"Perennial Stream","length_miles":null,"flow_direction":"","reach_code":""}},{"type":"Feature","geometry":{"type":"LineString","coordinates":[[-82.6381,36.4758],[-82.6394,36.4743]]},"properties":{"name":"Unnamed Stream","layer":"nhd_perennial_streams","stream_type":"Perennial Stream","length_miles":null,"flow_direction":"","reach_code":""}},{"type":"Feature","geometry":{"type":"LineString","coordinates":[[-82.6761,36.4434],[-82.6775,36.4441]]},"properties":{"name":"Unnamed Stream","layer":"nhd_perennial_streams","stream_type":"Perennial Stream","length_miles":null,"flow_direction":"","reach_code":""}},{"type":"Feature","geometry":{"type":"LineString","coordinates":[[-82.6189,36.3908],[-82.6254,36.3961]]},"properties":{"name":"Unnamed Stream","layer":"nhd_perennial_streams","stream_type":"Perennial Stream","length_miles":null,"flow_direction":"","reach_code":""}},{"type":"Feature","geometry":{"type":"LineString","coordinates":[[-82.4483,36.4887],[-82.4501,36.4873]]},"properties":{"name":"Unnamed Stream","layer":"nhd_perennial_streams","stream_type":"Perennial Stream","length_miles":null,"flow_direction":"","reach_code":""}},{"type":"Feature","geometry":{"type":"LineString","coordinates":[[-82.5578,36.4137],[-82.5581,36.4158]]},"properties":{"name":"Unnamed Stream","layer":"nhd_perennial_streams","stream_type":"Perennial Stream","length_miles":null,"flow_direction":"","reach_code":""}},{"type":"Feature","geometry":{"type":"LineString","coordinates":[[-82.6694,36.6151],[-82.6646,36.6136],[-82.6621,36.6038]]},"properties":{"name":"Unnamed Stream","layer":"nhd_perennial_streams","stream_type":"Perennial Stream","length_miles":null,"flow_direction":"","reach_code":""}},{"type":"Feature","geometry":{"type":"LineString","coordinates":[[-82.6397,36.6258],[-82.6388,36.6175]]},"properties":{"name":"Unnamed Stream","layer":"nhd_perennial_streams","stream_type":"Perennial Stream","length_miles":null,"flow_direction":"","reach_code":""}},{"type":"Feature","geometry":{"type":"LineString","coordinates":[[-82.5911,36.5144],[-82.5865,36.5102]]},"properties":{"name":"Unnamed Stream","layer":"nhd_perennial_streams","stream_type":"Perennial Stream","length_miles":null,"flow_direction":"","reach_code":""}},{"type":"Feature","geometry":{"type":"LineString","coordinates":[[-82.5543,36.6422],[-82.559,36.6409]]},"properties":{"name":"Unnamed Stream","layer":"nhd_perennial_streams","stream_type":"Perennial Stream","length_miles":null,"flow_direction":"","reach_code":""}},{"type":"Feature","geometry":{"type":"LineString","coordinates":[[-82.524,36.3721],[-82.5229,36.3721]]},"properties":{"name":"Unnamed Stream","layer":"nhd_perennial_streams","stream_type":"Perennial Stream","length_miles":null,"flow_direction":"","reach_code":""}},{"type":"Feature","geometry":{"type":"LineString","coordinates":[[-82.6871,36.4825],[-82.6873,36.4824]]},"properties":{"name":"Unnamed Stream","layer":"nhd_perennial_streams","stream_type":"Perennial Stream","length_miles":null,"flow_direction":"","reach_code":""}},{"type":"Feature","geometry":{"type":"LineString","coordinates":[[-82.6428,36.5403],[-82.6439,36.5342]]},"properties":{"name":"Unnamed Stream","layer":"nhd_perennial_streams","stream_type":"Perennial Stream","length_miles":null,"flow_direction":"","reach_code":""}},{"type":"Feature","geometry":{"type":"LineString","coordinates":[[-82.7234,36.476],[-82.7263,36.4765]]},"properties":{"name":"Unnamed Stream","layer":"nhd_perennial_streams","stream_type":"Perennial Stream","length_miles":null,"flow_direction":"","reach_code":""}},{"type":"Feature","geometry":{"type":"LineString","coordinates":[[-82.3891,36.5341],[-82.3891,36.5342]]},"properties":{"name":"Unnamed Stream","layer":"nhd_perennial_streams","stream_type":"Perennial Stream","length_miles":null,"flow_direction":"","reach_code":""}},{"type":"Feature","geometry":{"type":"LineString","coordinates":[[-82.5236,36.4081],[-82.5219,36.4109]]},"properties":{"name":"Unnamed Stream","layer":"nhd_perennial_streams","stream_type":"Perennial Stream","length_miles":null,"flow_direction":"","reach_code":""}},{"type":"Feature","geometry":{"type":"LineString","coordinates":[[-82.4028,36.5301],[-82.3908,36.5224],[-82.3748,36.5216]]},"properties":{"name":"Unnamed Stream","layer":"nhd_perennial_streams","stream_type":"Perennial Stream","length_miles":null,"flow_direction":"","reach_code":""}},{"type":"Feature","geometry":{"type":"LineString","coordinates":[[-82.5929,36.6437],[-82.5898,36.6432]]},"properties":{"name":"Unnamed Stream","layer":"nhd_perennial_streams","stream_type":"Perennial Stream","length_miles":null,"flow_direction":"","reach_code":""}},{"type":"Feature","geometry":{"type":"LineString","coordinates":[[-82.6649,36.4615],[-82.665,36.4598]]},"properties":{"name":"Unnamed Stream","layer":"nhd_perennial_streams","stream_type":"Perennial Stream","length_miles":null,"flow_direction":"","reach_code":""}},{"type":"Feature","geometry":{"type":"LineString","coordinates":[[-82.4744,36.461],[-82.4761,36.4628]]},"properties":{"name":"Unnamed Stream","layer":"nhd_perennial_streams","stream_type":"Perennial Stream","length_miles":null,"flow_direction":"","reach_code":""}},{"type":"Feature","geometry":{"type":"LineString","coordinates":[[-82.5714,36.6305],[-82.575,36.6334]]},"properties":{"name":"Unnamed Stream","layer":"nhd_perennial_streams","stream_type":"Perennial Stream","length_miles":null,"flow_direction":"","reach_code":""}},{"type":"Feature","geometry":{"type":"LineString","coordinates":[[-82.4889,36.5387],[-82.4859,36.5438],[-82.4931,36.5472]]},"properties":{"name":"Unnamed Stream","layer":"nhd_perennial_streams","stream_type":"Perennial Stream","length_miles":null,"flow_direction":"","reach_code":""}},{"type":"Feature","geometry":{"type":"LineString","coordinates":[[-82.6019,36.4763],[-82.601,36.4763]]},"properties":{"name":"Unnamed Stream","layer":"nhd_perennial_streams","stream_type":"Perennial Stream","length_miles":null,"flow_direction":"","reach_code":""}},{"type":"Feature","geometry":{"type":"LineString","coordinates":[[-82.6289,36.476],[-82.6246,36.4785]]},"properties":{"name":"Unnamed Stream","layer":"nhd_perennial_streams","stream_type":"Perennial Stream","length_miles":null,"flow_direction":"","reach_code":""}},{"type":"Feature","geometry":{"type":"LineString","coordinates":[[-82.5763,36.4319],[-82.5827,36.4396]]},"properties":{"name":"Unnamed Stream","layer":"nhd_perennial_streams","stream_type":"Perennial Stream","length_miles":null,"flow_direction":"","reach_code":""}},{"type":"Feature","geometry":{"type":"LineString","coordinates":[[-82.6873,36.4667],[-82.6907,36.4675]]},"properties":{"name":"Unnamed Stream","layer":"nhd_perennial_streams","stream_type":"Perennial Stream","length_miles":null,"flow_direction":"","reach_code":""}},{"type":"Feature","geometry":{"type":"LineString","coordinates":[[-82.7025,36.4653],[-82.7028,36.465]]},"properties":{"name":"Unnamed Stream","layer":"nhd_perennial_streams","stream_type":"Perennial Stream","length_miles":null,"flow_direction":"","reach_code":""}},{"type":"Feature","geometry":{"type":"LineString","coordinates":[[-82.6658,36.4431],[-82.6625,36.4516]]},"properties":{"name":"Unnamed Stream","layer":"nhd_perennial_streams","stream_type":"Perennial Stream","length_miles":null,"flow_direction":"","reach_code":""}},{"type":"Feature","geometry":{"type":"LineString","coordinates":[[-82.5361,36.6487],[-82.5383,36.6526]]},"properties":{"name":"Unnamed Stream","layer":"nhd_perennial_streams","stream_type":"Perennial Stream","length_miles":null,"flow_direction":"","reach_code":""}},{"type":"Feature","geometry":{"type":"LineString","coordinates":[[-82.4031,36.4716],[-82.4001,36.4737]]},"properties":{"name":"Unnamed Stream","layer":"nhd_perennial_streams","stream_type":"Perennial Stream","length_miles":null,"flow_direction":"","reach_code":""}},{"type":"Feature","geometry":{"type":"LineString","coordinates":[[-82.6848,36.4515],[-82.6829,36.4526]]},"properties":{"name":"Unnamed Stream","layer":"nhd_perennial_streams","stream_type":"Perennial Stream","length_miles":null,"flow_direction":"","reach_code":""}},{"type":"Feature","geometry":{"type":"LineString","coordinates":[[-82.6904,36.5982],[-82.6924,36.5945]]},"properties":{"name":"Unnamed Stream","layer":"nhd_perennial_streams","stream_type":"Perennial Stream","length_miles":null,"flow_direction":"","reach_code":""}},{"type":"Feature","geometry":{"type":"LineString","coordinates":[[-82.6319,36.4988],[-82.6313,36.4971]]},"properties":{"name":"Unnamed Stream","layer":"nhd_perennial_streams","stream_type":"Perennial Stream","length_miles":null,"flow_direction":"","reach_code":""}},{"type":"Feature","geometry":{"type":"LineString","coordinates":[[-82.7367,36.4783],[-82.7347,36.477]]},"properties":{"name":"Unnamed Stream","layer":"nhd_perennial_streams","stream_type":"Perennial Stream","length_miles":null,"flow_direction":"","reach_code":""}},{"type":"Feature","geometry":{"type":"LineString","coordinates":[[-82.6993,36.5194],[-82.6968,36.5195]]},"properties":{"name":"Unnamed Stream","layer":"nhd_perennial_streams","stream_type":"Perennial Stream","length_miles":null,"flow_direction":"","reach_code":""}},{"type":"Feature","geometry":{"type":"LineString","coordinates":[[-82.5611,36.3839],[-82.5603,36.3905]]},"properties":{"name":"Unnamed Stream","layer":"nhd_perennial_streams","stream_type":"Perennial Stream","length_miles":null,"flow_direction":"","reach_code":""}},{"type":"Feature","geometry":{"type":"LineString","coordinates":[[-82.5248,36.4056],[-82.5236,36.4081]]},"properties":{"name":"Unnamed Stream","layer":"nhd_perennial_streams","stream_type":"Perennial Stream","length_miles":null,"flow_direction":"","reach_code":""}},{"type":"Feature","geometry":{"type":"LineString","coordinates":[[-82.4553,36.432],[-82.4541,36.4348]]},"properties":{"name":"Unnamed Stream","layer":"nhd_perennial_streams","stream_type":"Perennial Stream","length_miles":null,"flow_direction":"","reach_code":""}},{"type":"Feature","geometry":{"type":"LineString","coordinates":[[-82.5982,36.489],[-82.5982,36.488]]},"properties":{"name":"Unnamed Stream","layer":"nhd_perennial_streams","stream_type":"Perennial Stream","length_miles":null,"flow_direction":"","reach_code":""}},{"type":"Feature","geometry":{"type":"LineString","coordinates":[[-82.4823,36.4049],[-82.4828,36.4046]]},"properties":{"name":"Unnamed Stream","layer":"nhd_perennial_streams","stream_type":"Perennial Stream","length_miles":null,"flow_direction":"","reach_code":""}},{"type":"Feature","geometry":{"type":"LineString","coordinates":[[-82.5324,36.4689],[-82.5279,36.4693]]},"properties":{"name":"Unnamed Stream","layer":"nhd_perennial_streams","stream_type":"Perennial Stream","length_miles":null,"flow_direction":"","reach_code":""}},{"type":"Feature","geometry":{"type":"LineString","coordinates":[[-82.5735,36.6294],[-82.574,36.6302]]},"properties":{"name":"Unnamed Stream","layer":"nhd_perennial_streams","stream_type":"Perennial Stream","length_miles":null,"flow_direction":"","reach_code":""}},{"type":"Feature","geometry":{"type":"LineString","coordinates":[[-82.6298,36.6138],[-82.6304,36.6129]]},"properties":{"name":"Unnamed Stream","layer":"nhd_perennial_streams","stream_type":"Perennial Stream","length_miles":null,"flow_direction":"","reach_code":""}},{"type":"Feature","geometry":{"type":"LineString","coordinates":[[-82.6468,36.4546],[-82.6434,36.454]]},"properties":{"name":"Unnamed Stream","layer":"nhd_perennial_streams","stream_type":"Perennial Stream","length_miles":null,"flow_direction":"","reach_code":""}},{"type":"Feature","geometry":{"type":"LineString","coordinates":[[-82.4666,36.6271],[-82.4669,36.63]]},"properties":{"name":"Unnamed Stream","layer":"nhd_perennial_streams","stream_type":"Perennial Stream","length_miles":null,"flow_direction":"","reach_code":""}},{"type":"Feature","geometry":{"type":"LineString","coordinates":[[-82.5262,36.4898],[-82.5248,36.4911]]},"properties":{"name":"Unnamed Stream","layer":"nhd_perennial_streams","stream_type":"Perennial Stream","length_miles":null,"flow_direction":"","reach_code":""}},{"type":"Feature","geometry":{"type":"LineString","coordinates":[[-82.6753,36.4304],[-82.6739,36.4302]]},"properties":{"name":"Unnamed Stream","layer":"nhd_perennial_streams","stream_type":"Perennial Stream","length_miles":null,"flow_direction":"","reach_code":""}},{"type":"Feature","geometry":{"type":"LineString","coordinates":[[-82.5491,36.6429],[-82.5502,36.6456]]},"properties":{"name":"Unnamed Stream","layer":"nhd_perennial_streams","stream_type":"Perennial Stream","length_miles":null,"flow_direction":"","reach_code":""}},{"type":"Feature","geometry":{"type":"LineString","coordinates":[[-82.5367,36.6459],[-82.5383,36.6526]]},"properties":{"name":"Unnamed Stream","layer":"nhd_perennial_streams","stream_type":"Perennial Stream","length_miles":null,"flow_direction":"","reach_code":""}},{"type":"Feature","geometry":{"type":"LineString","coordinates":[[-82.5011,36.5429],[-82.51,36.539]]},"properties":{"name":"Unnamed Stream","layer":"nhd_perennial_streams","stream_type":"Perennial Stream","length_miles":null,"flow_direction":"","reach_code":""}},{"type":"Feature","geometry":{"type":"LineString","coordinates":[[-82.6242,36.4177],[-82.6279,36.4199]]},"properties":{"name":"Unnamed Stream","layer":"nhd_perennial_streams","stream_type":"Perennial Stream","length_miles":null,"flow_direction":"","reach_code":""}},{"type":"Feature","geometry":{"type":"LineString","coordinates":[[-82.5733,36.497],[-82.5653,36.5001]]},"properties":{"name":"Unnamed Stream","layer":"nhd_perennial_streams","stream_type":"Perennial Stream","length_miles":null,"flow_direction":"","reach_code":""}},{"type":"Feature","geometry":{"type":"LineString","coordinates":[[-82.5517,36.432],[-82.5478,36.4354]]},"properties":{"name":"Unnamed Stream","layer":"nhd_perennial_streams","stream_type":"Perennial Stream","length_miles":null,"flow_direction":"","reach_code":""}},{"type":"Feature","geometry":{"type":"LineString","coordinates":[[-82.6505,36.4842],[-82.6524,36.4871]]},"properties":{"name":"Unnamed Stream","layer":"nhd_perennial_streams","stream_type":"Perennial Stream","length_miles":null,"flow_direction":"","reach_code":""}},{"type":"Feature","geometry":{"type":"LineString","coordinates":[[-82.7041,36.4285],[-82.7053,36.4274]]},"properties":{"name":"Unnamed Stream","layer":"nhd_perennial_streams","stream_type":"Perennial Stream","length_miles":null,"flow_direction":"","reach_code":""}},{"type":"Feature","geometry":{"type":"LineString","coordinates":[[-82.6144,36.5212],[-82.6173,36.5241]]},"properties":{"name":"Unnamed Stream","layer":"nhd_perennial_streams","stream_type":"Perennial Stream","length_miles":null,"flow_direction":"","reach_code":""}},{"type":"Feature","geometry":{"type":"LineString","coordinates":[[-82.6746,36.4972],[-82.6782,36.4983]]},"properties":{"name":"Unnamed Stream","layer":"nhd_perennial_streams","stream_type":"Perennial Stream","length_miles":null,"flow_direction":"","reach_code":""}},{"type":"Feature","geometry":{"type":"LineString","coordinates":[[-82.7184,36.5656],[-82.717,36.5585]]},"properties":{"name":"Unnamed Stream","layer":"nhd_perennial_streams","stream_type":"Perennial Stream","length_miles":null,"flow_direction":"","reach_code":""}},{"type":"Feature","geometry":{"type":"LineString","coordinates":[[-82.6749,36.4107],[-82.6733,36.4063]]},"properties":{"name":"Unnamed Stream","layer":"nhd_perennial_streams","stream_type":"Perennial Stream","length_miles":null,"flow_direction":"","reach_code":""}},{"type":"Feature","geometry":{"type":"LineString","coordinates":[[-82.681,36.4128],[-82.6784,36.4104]]},"properties":{"name":"Unnamed Stream","layer":"nhd_perennial_streams","stream_type":"Perennial Stream","length_miles":null,"flow_direction":"","reach_code":""}},{"type":"Feature","geometry":{"type":"LineString","coordinates":[[-82.5161,36.4269],[-82.511,36.4267],[-82.5036,36.4332],[-82.4976,36.4293]]},"properties":{"name":"Unnamed Stream","layer":"nhd_perennial_streams","stream_type":"Perennial Stream","length_miles":null,"flow_direction":"","reach_code":""}},{"type":"Feature","geometry":{"type":"LineString","coordinates":[[-82.5083,36.6287],[-82.5067,36.6262]]},"properties":{"name":"Unnamed Stream","layer":"nhd_perennial_streams","stream_type":"Perennial Stream","length_miles":null,"flow_direction":"","reach_code":""}},{"type":"Feature","geometry":{"type":"LineString","coordinates":[[-82.6655,36.4549],[-82.6615,36.4581]]},"properties":{"name":"Unnamed Stream","layer":"nhd_perennial_streams","stream_type":"Perennial Stream","length_miles":null,"flow_direction":"","reach_code":""}},{"type":"Feature","geometry":{"type":"LineString","coordinates":[[-82.4557,36.5219],[-82.4573,36.5171]]},"properties":{"name":"Unnamed Stream","layer":"nhd_perennial_streams","stream_type":"Perennial Stream","length_miles":null,"flow_direction":"","reach_code":""}},{"type":"Feature","geometry":{"type":"LineString","coordinates":[[-82.6112,36.6497],[-82.6101,36.6486]]},"properties":{"name":"Unnamed Stream","layer":"nhd_perennial_streams","stream_type":"Perennial Stream","length_miles":null,"flow_direction":"","reach_code":""}},{"type":"Feature","geometry":{"type":"LineString","coordinates":[[-82.6649,36.6196],[-82.6614,36.6195]]},"properties":{"name":"Unnamed Stream","layer":"nhd_perennial_streams","stream_type":"Perennial Stream","length_miles":null,"flow_direction":"","reach_code":""}},{"type":"Feature","geometry":{"type":"LineString","coordinates":[[-82.386,36.4888],[-82.3812,36.4899]]},"properties":{"name":"Unnamed Stream","layer":"nhd_perennial_streams","stream_type":"Perennial Stream","length_miles":null,"flow_direction":"","reach_code":""}},{"type":"Feature","geometry":{"type":"LineString","coordinates":[[-82.5465,36.6012],[-82.5422,36.6004]]},"properties":{"name":"Unnamed Stream","layer":"nhd_perennial_streams","stream_type":"Perennial Stream","length_miles":null,"flow_direction":"","reach_code":""}},{"type":"Feature","geometry":{"type":"LineString","coordinates":[[-82.5034,36.6139],[-82.5127,36.6164],[-82.5167,36.612]]},"properties":{"name":"Unnamed Stream","layer":"nhd_perennial_streams","stream_type":"Perennial Stream","length_miles":null,"flow_direction":"","reach_code":""}},{"type":"Feature","geometry":{"type":"LineString","coordinates":[[-82.4136,36.526],[-82.421,36.5286]]},"properties":{"name":"Unnamed Stream","layer":"nhd_perennial_streams","stream_type":"Perennial Stream","length_miles":null,"flow_direction":"","reach_code":""}},{"type":"Feature","geometry":{"type":"LineString","coordinates":[[-82.6343,36.6279],[-82.6327,36.6317]]},"properties":{"name":"Unnamed Stream","layer":"nhd_perennial_streams","stream_type":"Perennial Stream","length_miles":null,"flow_direction":"","reach_code":""}},{"type":"Feature","geometry":{"type":"LineString","coordinates":[[-82.5003,36.5173],[-82.4968,36.514]]},"properties":{"name":"Unnamed Stream","layer":"nhd_perennial_streams","stream_type":"Perennial Stream","length_miles":null,"flow_direction":"","reach_code":""}},{"type":"Feature","geometry":{"type":"LineString","coordinates":[[-82.6704,36.5056],[-82.6734,36.5053]]},"properties":{"name":"Unnamed Stream","layer":"nhd_perennial_streams","stream_type":"Perennial Stream","length_miles":null,"flow_direction":"","reach_code":""}},{"type":"Feature","geometry":{"type":"LineString","coordinates":[[-82.7299,36.479],[-82.7285,36.4787]]},"properties":{"name":"Unnamed Stream","layer":"nhd_perennial_streams","stream_type":"Perennial Stream","length_miles":null,"flow_direction":"","reach_code":""}},{"type":"Feature","geometry":{"type":"LineString","coordinates":[[-82.6476,36.403],[-82.6508,36.4064]]},"properties":{"name":"Unnamed Stream","layer":"nhd_perennial_streams","stream_type":"Perennial Stream","length_miles":null,"flow_direction":"","reach_code":""}},{"type":"Feature","geometry":{"type":"LineString","coordinates":[[-82.6542,36.4064],[-82.6589,36.4069]]},"properties":{"name":"Unnamed Stream","layer":"nhd_perennial_streams","stream_type":"Perennial Stream","length_miles":null,"flow_direction":"","reach_code":""}},{"type":"Feature","geometry":{"type":"LineString","coordinates":[[-82.4343,36.5883],[-82.4282,36.5765]]},"properties":{"name":"Unnamed Stream","layer":"nhd_perennial_streams","stream_type":"Perennial Stream","length_miles":null,"flow_direction":"","reach_code":""}},{"type":"Feature","geometry":{"type":"LineString","coordinates":[[-82.3878,36.5184],[-82.3839,36.5125]]},"properties":{"name":"Unnamed Stream","layer":"nhd_perennial_streams","stream_type":"Perennial Stream","length_miles":null,"flow_direction":"","reach_code":""}},{"type":"Feature","geometry":{"type":"LineString","coordinates":[[-82.5188,36.63],[-82.5185,36.6272]]},"properties":{"name":"Unnamed Stream","layer":"nhd_perennial_streams","stream_type":"Perennial Stream","length_miles":null,"flow_direction":"","reach_code":""}},{"type":"Feature","geometry":{"type":"LineString","coordinates":[[-82.5118,36.3964],[-82.5119,36.3967]]},"properties":{"name":"Unnamed Stream","layer":"nhd_perennial_streams","stream_type":"Perennial Stream","length_miles":null,"flow_direction":"","reach_code":""}},{"type":"Feature","geometry":{"type":"LineString","coordinates":[[-82.6451,36.4597],[-82.6415,36.4588]]},"properties":{"name":"Unnamed Stream","layer":"nhd_perennial_streams","stream_type":"Perennial Stream","length_miles":null,"flow_direction":"","reach_code":""}},{"type":"Feature","geometry":{"type":"LineString","coordinates":[[-82.4677,36.5719],[-82.4738,36.5591]]},"properties":{"name":"Unnamed Stream","layer":"nhd_perennial_streams","stream_type":"Perennial Stream","length_miles":null,"flow_direction":"","reach_code":""}},{"type":"Feature","geometry":{"type":"LineString","coordinates":[[-82.6431,36.4398],[-82.6426,36.4405]]},"properties":{"name":"Unnamed Stream","layer":"nhd_perennial_streams","stream_type":"Perennial Stream","length_miles":null,"flow_direction":"","reach_code":""}},{"type":"Feature","geometry":{"type":"LineString","coordinates":[[-82.6875,36.4595],[-82.6858,36.4587]]},"properties":{"name":"Unnamed Stream","layer":"nhd_perennial_streams","stream_type":"Perennial Stream","length_miles":null,"flow_direction":"","reach_code":""}},{"type":"Feature","geometry":{"type":"LineString","coordinates":[[-82.4641,36.5996],[-82.4739,36.6046]]},"properties":{"name":"Unnamed Stream","layer":"nhd_perennial_streams","stream_type":"Perennial Stream","length_miles":null,"flow_direction":"","reach_code":""}},{"type":"Feature","geometry":{"type":"LineString","coordinates":[[-82.4162,36.5954],[-82.4163,36.5931],[-82.4078,36.59]]},"properties":{"name":"Unnamed Stream","layer":"nhd_perennial_streams","stream_type":"Perennial Stream","length_miles":null,"flow_direction":"","reach_code":""}},{"type":"Feature","geometry":{"type":"LineString","coordinates":[[-82.4986,36.464],[-82.4875,36.4722]]},"properties":{"name":"Unnamed Stream","layer":"nhd_perennial_streams","stream_type":"Perennial Stream","length_miles":null,"flow_direction":"","reach_code":""}},{"type":"Feature","geometry":{"type":"LineString","coordinates":[[-82.6326,36.5632],[-82.6294,36.5666]]},"properties":{"name":"Unnamed Stream","layer":"nhd_perennial_streams","stream_type":"Perennial Stream","length_miles":null,"flow_direction":"","reach_code":""}},{"type":"Feature","geometry":{"type":"LineString","coordinates":[[-82.6366,36.4888],[-82.6341,36.4867]]},"properties":{"name":"Unnamed Stream","layer":"nhd_perennial_streams","stream_type":"Perennial Stream","length_miles":null,"flow_direction":"","reach_code":""}},{"type":"Feature","geometry":{"type":"LineString","coordinates":[[-82.6263,36.6446],[-82.6205,36.6402]]},"properties":{"name":"Unnamed Stream","layer":"nhd_perennial_streams","stream_type":"Perennial Stream","length_miles":null,"flow_direction":"","reach_code":""}},{"type":"Feature","geometry":{"type":"LineString","coordinates":[[-82.426,36.4668],[-82.4281,36.4629]]},"properties":{"name":"Unnamed Stream","layer":"nhd_perennial_streams","stream_type":"Perennial Stream","length_miles":null,"flow_direction":"","reach_code":""}},{"type":"Feature","geometry":{"type":"LineString","coordinates":[[-82.3878,36.549],[-82.394,36.5516],[-82.4057,36.5498]]},"properties":{"name":"Unnamed Stream","layer":"nhd_perennial_streams","stream_type":"Perennial Stream","length_miles":null,"flow_direction":"","reach_code":""}},{"type":"Feature","geometry":{"type":"LineString","coordinates":[[-82.6375,36.4931],[-82.6436,36.49]]},"properties":{"name":"Unnamed Stream","layer":"nhd_perennial_streams","stream_type":"Perennial Stream","length_miles":null,"flow_direction":"","reach_code":""}},{"type":"Feature","geometry":{"type":"LineString","coordinates":[[-82.717,36.4914],[-82.7201,36.4931]]},"properties":{"name":"Unnamed Stream","layer":"nhd_perennial_streams","stream_type":"Perennial Stream","length_miles":null,"flow_direction":"","reach_code":""}},{"type":"Feature","geometry":{"type":"LineString","coordinates":[[-82.6733,36.4063],[-82.672,36.4042]]},"properties":{"name":"Unnamed Stream","layer":"nhd_perennial_streams","stream_type":"Perennial Stream","length_miles":null,"flow_direction":"","reach_code":""}},{"type":"Feature","geometry":{"type":"LineString","coordinates":[[-82.6641,36.4083],[-82.6658,36.4069]]},"properties":{"name":"Unnamed Stream","layer":"nhd_perennial_streams","stream_type":"Perennial Stream","length_miles":null,"flow_direction":"","reach_code":""}},{"type":"Feature","geometry":{"type":"LineString","coordinates":[[-82.6435,36.3898],[-82.6439,36.3931]]},"properties":{"name":"Unnamed Stream","layer":"nhd_perennial_streams","stream_type":"Perennial Stream","length_miles":null,"flow_direction":"","reach_code":""}},{"type":"Feature","geometry":{"type":"LineString","coordinates":[[-82.6076,36.6285],[-82.6093,36.6301]]},"properties":{"name":"Unnamed Stream","layer":"nhd_perennial_streams","stream_type":"Perennial Stream","length_miles":null,"flow_direction":"","reach_code":""}},{"type":"Feature","geometry":{"type":"LineString","coordinates":[[-82.4778,36.5048],[-82.4825,36.5025]]},"properties":{"name":"Unnamed Stream","layer":"nhd_perennial_streams","stream_type":"Perennial Stream","length_miles":null,"flow_direction":"","reach_code":""}},{"type":"Feature","geometry":{"type":"LineString","coordinates":[[-82.5137,36.6454],[-82.5133,36.6396]]},"properties":{"name":"Unnamed Stream","layer":"nhd_perennial_streams","stream_type":"Perennial Stream","length_miles":null,"flow_direction":"","reach_code":""}},{"type":"Feature","geometry":{"type":"LineString","coordinates":[[-82.6624,36.4743],[-82.6624,36.4716]]},"properties":{"name":"Unnamed Stream","layer":"nhd_perennial_streams","stream_type":"Perennial Stream","length_miles":null,"flow_direction":"","reach_code":""}},{"type":"Feature","geometry":{"type":"LineString","coordinates":[[-82.5148,36.6421],[-82.5133,36.6396]]},"properties":{"name":"Unnamed Stream","layer":"nhd_perennial_streams","stream_type":"Perennial Stream","length_miles":null,"flow_direction":"","reach_code":""}},{"type":"Feature","geometry":{"type":"LineString","coordinates":[[-82.6486,36.4675],[-82.6483,36.4668]]},"properties":{"name":"Unnamed Stream","layer":"nhd_perennial_streams","stream_type":"Perennial Stream","length_miles":null,"flow_direction":"","reach_code":""}},{"type":"Feature","geometry":{"type":"LineString","coordinates":[[-82.6901,36.454],[-82.6881,36.4521]]},"properties":{"name":"Unnamed Stream","layer":"nhd_perennial_streams","stream_type":"Perennial Stream","length_miles":null,"flow_direction":"","reach_code":""}},{"type":"Feature","geometry":{"type":"LineString","coordinates":[[-82.6516,36.6256],[-82.6531,36.6183]]},"properties":{"name":"Unnamed Stream","layer":"nhd_perennial_streams","stream_type":"Perennial Stream","length_miles":null,"flow_direction":"","reach_code":""}},{"type":"Feature","geometry":{"type":"LineString","coordinates":[[-82.6697,36.4461],[-82.6687,36.4477]]},"properties":{"name":"Unnamed Stream","layer":"nhd_perennial_streams","stream_type":"Perennial Stream","length_miles":null,"flow_direction":"","reach_code":""}},{"type":"Feature","geometry":{"type":"LineString","coordinates":[[-82.4918,36.6411],[-82.4925,36.6407]]},"properties":{"name":"Unnamed Stream","layer":"nhd_perennial_streams","stream_type":"Perennial Stream","length_miles":null,"flow_direction":"","reach_code":""}},{"type":"Feature","geometry":{"type":"LineString","coordinates":[[-82.5896,36.5048],[-82.5887,36.5042]]},"properties":{"name":"Unnamed Stream","layer":"nhd_perennial_streams","stream_type":"Perennial Stream","length_miles":null,"flow_direction":"","reach_code":""}},{"type":"Feature","geometry":{"type":"LineString","coordinates":[[-82.6567,36.6093],[-82.6552,36.6066]]},"properties":{"name":"Unnamed Stream","layer":"nhd_perennial_streams","stream_type":"Perennial Stream","length_miles":null,"flow_direction":"","reach_code":""}},{"type":"Feature","geometry":{"type":"LineString","coordinates":[[-82.6555,36.6051],[-82.6555,36.605]]},"properties":{"name":"Unnamed Stream","layer":"nhd_perennial_streams","stream_type":"Perennial Stream","length_miles":null,"flow_direction":"","reach_code":""}},{"type":"Feature","geometry":{"type":"LineString","coordinates":[[-82.7037,36.4434],[-82.7024,36.4376]]},"properties":{"name":"Unnamed Stream","layer":"nhd_perennial_streams","stream_type":"Perennial Stream","length_miles":null,"flow_direction":"","reach_code":""}},{"type":"Feature","geometry":{"type":"LineString","coordinates":[[-82.7038,36.4452],[-82.7037,36.4434]]},"properties":{"name":"Unnamed Stream","layer":"nhd_perennial_streams","stream_type":"Perennial Stream","length_miles":null,"flow_direction":"","reach_code":""}},{"type":"Feature","geometry":{"type":"LineString","coordinates":[[-82.7239,36.4559],[-82.7266,36.4552]]},"properties":{"name":"Unnamed Stream","layer":"nhd_perennial_streams","stream_type":"Perennial Stream","length_miles":null,"flow_direction":"","reach_code":""}},{"type":"Feature","geometry":{"type":"LineString","coordinates":[[-82.6707,36.4137],[-82.669,36.4128]]},"properties":{"name":"Unnamed Stream","layer":"nhd_perennial_streams","stream_type":"Perennial Stream","length_miles":null,"flow_direction":"","reach_code":""}},{"type":"Feature","geometry":{"type":"LineString","coordinates":[[-82.6711,36.4611],[-82.6706,36.46]]},"properties":{"name":"Unnamed Stream","layer":"nhd_perennial_streams","stream_type":"Perennial Stream","length_miles":null,"flow_direction":"","reach_code":""}},{"type":"Feature","geometry":{"type":"LineString","coordinates":[[-82.6684,36.4532],[-82.6655,36.4549]]},"properties":{"name":"Unnamed Stream","layer":"nhd_perennial_streams","stream_type":"Perennial Stream","length_miles":null,"flow_direction":"","reach_code":""}},{"type":"Feature","geometry":{"type":"LineString","coordinates":[[-82.519,36.5627],[-82.5218,36.5605]]},"properties":{"name":"Unnamed Stream","layer":"nhd_perennial_streams","stream_type":"Perennial Stream","length_miles":null,"flow_direction":"","reach_code":""}},{"type":"Feature","geometry":{"type":"LineString","coordinates":[[-82.669,36.6204],[-82.6649,36.6196]]},"properties":{"name":"Unnamed Stream","layer":"nhd_perennial_streams","stream_type":"Perennial Stream","length_miles":null,"flow_direction":"","reach_code":""}},{"type":"Feature","geometry":{"type":"LineString","coordinates":[[-82.5088,36.4411],[-82.494,36.454]]},"properties":{"name":"Unnamed Stream","layer":"nhd_perennial_streams","stream_type":"Perennial Stream","length_miles":null,"flow_direction":"","reach_code":""}},{"type":"Feature","geometry":{"type":"LineString","coordinates":[[-82.6382,36.4312],[-82.6343,36.4287]]},"properties":{"name":"Unnamed Stream","layer":"nhd_perennial_streams","stream_type":"Perennial Stream","length_miles":null,"flow_direction":"","reach_code":""}},{"type":"Feature","geometry":{"type":"LineString","coordinates":[[-82.6574,36.4555],[-82.6583,36.4582]]},"properties":{"name":"Unnamed Stream","layer":"nhd_perennial_streams","stream_type":"Perennial Stream","length_miles":null,"flow_direction":"","reach_code":""}},{"type":"Feature","geometry":{"type":"LineString","coordinates":[[-82.48,36.4123],[-82.4856,36.4147]]},"properties":{"name":"Unnamed Stream","layer":"nhd_perennial_streams","stream_type":"Perennial Stream","length_miles":null,"flow_direction":"","reach_code":""}},{"type":"Feature","geometry":{"type":"LineString","coordinates":[[-82.4683,36.4194],[-82.4651,36.426]]},"properties":{"name":"Unnamed Stream","layer":"nhd_perennial_streams","stream_type":"Perennial Stream","length_miles":null,"flow_direction":"","reach_code":""}},{"type":"Feature","geometry":{"type":"LineString","coordinates":[[-82.5832,36.4325],[-82.5884,36.4378]]},"properties":{"name":"Unnamed Stream","layer":"nhd_perennial_streams","stream_type":"Perennial Stream","length_miles":null,"flow_direction":"","reach_code":""}},{"type":"Feature","geometry":{"type":"LineString","coordinates":[[-82.5035,36.6347],[-82.5001,36.6338]]},"properties":{"name":"Unnamed Stream","layer":"nhd_perennial_streams","stream_type":"Perennial Stream","length_miles":null,"flow_direction":"","reach_code":""}},{"type":"Feature","geometry":{"type":"LineString","coordinates":[[-82.6531,36.4263],[-82.6469,36.4277]]},"properties":{"name":"Unnamed Stream","layer":"nhd_perennial_streams","stream_type":"Perennial Stream","length_miles":null,"flow_direction":"","reach_code":""}},{"type":"Feature","geometry":{"type":"LineString","coordinates":[[-82.5533,36.5745],[-82.5501,36.5673],[-82.5467,36.5665]]},"properties":{"name":"Unnamed Stream","layer":"nhd_perennial_streams","stream_type":"Perennial Stream","length_miles":null,"flow_direction":"","reach_code":""}},{"type":"Feature","geometry":{"type":"LineString","coordinates":[[-82.6974,36.478],[-82.6982,36.4783]]},"properties":{"name":"Unnamed Stream","layer":"nhd_perennial_streams","stream_type":"Perennial Stream","length_miles":null,"flow_direction":"","reach_code":""}},{"type":"Feature","geometry":{"type":"LineString","coordinates":[[-82.7347,36.477],[-82.7317,36.4785]]},"properties":{"name":"Unnamed Stream","layer":"nhd_perennial_streams","stream_type":"Perennial Stream","length_miles":null,"flow_direction":"","reach_code":""}},{"type":"Feature","geometry":{"type":"LineString","coordinates":[[-82.6626,36.5267],[-82.6691,36.5285]]},"properties":{"name":"Unnamed Stream","layer":"nhd_perennial_streams","stream_type":"Perennial Stream","length_miles":null,"flow_direction":"","reach_code":""}},{"type":"Feature","geometry":{"type":"LineString","coordinates":[[-82.6604,36.413],[-82.6588,36.4094]]},"properties":{"name":"Unnamed Stream","layer":"nhd_perennial_streams","stream_type":"Perennial Stream","length_miles":null,"flow_direction":"","reach_code":""}},{"type":"Feature","geometry":{"type":"LineString","coordinates":[[-82.6876,36.4048],[-82.6818,36.4035]]},"properties":{"name":"Unnamed Stream","layer":"nhd_perennial_streams","stream_type":"Perennial Stream","length_miles":null,"flow_direction":"","reach_code":""}},{"type":"Feature","geometry":{"type":"LineString","coordinates":[[-82.6661,36.4109],[-82.6669,36.4109]]},"properties":{"name":"Unnamed Stream","layer":"nhd_perennial_streams","stream_type":"Perennial Stream","length_miles":null,"flow_direction":"","reach_code":""}},{"type":"Feature","geometry":{"type":"LineString","coordinates":[[-82.5157,36.5686],[-82.519,36.5627]]},"properties":{"name":"Unnamed Stream","layer":"nhd_perennial_streams","stream_type":"Perennial Stream","length_miles":null,"flow_direction":"","reach_code":""}},{"type":"Feature","geometry":{"type":"LineString","coordinates":[[-82.5513,36.6502],[-82.5519,36.6502]]},"properties":{"name":"Unnamed Stream","layer":"nhd_perennial_streams","stream_type":"Perennial Stream","length_miles":null,"flow_direction":"","reach_code":""}},{"type":"Feature","geometry":{"type":"LineString","coordinates":[[-82.4788,36.3799],[-82.4868,36.3828]]},"properties":{"name":"Unnamed Stream","layer":"nhd_perennial_streams","stream_type":"Perennial Stream","length_miles":null,"flow_direction":"","reach_code":""}},{"type":"Feature","geometry":{"type":"LineString","coordinates":[[-82.5299,36.6343],[-82.5269,36.6327]]},"properties":{"name":"Unnamed Stream","layer":"nhd_perennial_streams","stream_type":"Perennial Stream","length_miles":null,"flow_direction":"","reach_code":""}},{"type":"Feature","geometry":{"type":"LineString","coordinates":[[-82.4987,36.5564],[-82.4963,36.5479]]},"properties":{"name":"Unnamed Stream","layer":"nhd_perennial_streams","stream_type":"Perennial Stream","length_miles":null,"flow_direction":"","reach_code":""}},{"type":"Feature","geometry":{"type":"LineString","coordinates":[[-82.6437,36.4124],[-82.6426,36.4147]]},"properties":{"name":"Unnamed Stream","layer":"nhd_perennial_streams","stream_type":"Perennial Stream","length_miles":null,"flow_direction":"","reach_code":""}},{"type":"Feature","geometry":{"type":"LineString","coordinates":[[-82.509,36.4064],[-82.5111,36.4095],[-82.5092,36.4124]]},"properties":{"name":"Unnamed Stream","layer":"nhd_perennial_streams","stream_type":"Perennial Stream","length_miles":null,"flow_direction":"","reach_code":""}},{"type":"Feature","geometry":{"type":"LineString","coordinates":[[-82.5302,36.386],[-82.5219,36.3965],[-82.5138,36.3969]]},"properties":{"name":"Unnamed Stream","layer":"nhd_perennial_streams","stream_type":"Perennial Stream","length_miles":null,"flow_direction":"","reach_code":""}},{"type":"Feature","geometry":{"type":"LineString","coordinates":[[-82.6463,36.6292],[-82.6453,36.6332]]},"properties":{"name":"Unnamed Stream","layer":"nhd_perennial_streams","stream_type":"Perennial Stream","length_miles":null,"flow_direction":"","reach_code":""}},{"type":"Feature","geometry":{"type":"LineString","coordinates":[[-82.4283,36.4983],[-82.4276,36.4937]]},"properties":{"name":"Unnamed Stream","layer":"nhd_perennial_streams","stream_type":"Perennial Stream","length_miles":null,"flow_direction":"","reach_code":""}},{"type":"Feature","geometry":{"type":"LineString","coordinates":[[-82.6538,36.421],[-82.6511,36.42]]},"properties":{"name":"Unnamed Stream","layer":"nhd_perennial_streams","stream_type":"Perennial Stream","length_miles":null,"flow_direction":"","reach_code":""}},{"type":"Feature","geometry":{"type":"LineString","coordinates":[[-82.6495,36.4695],[-82.6486,36.4675]]},"properties":{"name":"Unnamed Stream","layer":"nhd_perennial_streams","stream_type":"Perennial Stream","length_miles":null,"flow_direction":"","reach_code":""}},{"type":"Feature","geometry":{"type":"LineString","coordinates":[[-82.6038,36.474],[-82.6019,36.4763]]},"properties":{"name":"Unnamed Stream","layer":"nhd_perennial_streams","stream_type":"Perennial Stream","length_miles":null,"flow_direction":"","reach_code":""}},{"type":"Feature","geometry":{"type":"LineString","coordinates":[[-82.4818,36.5484],[-82.4838,36.5517]]},"properties":{"name":"Unnamed Stream","layer":"nhd_perennial_streams","stream_type":"Perennial Stream","length_miles":null,"flow_direction":"","reach_code":""}},{"type":"Feature","geometry":{"type":"LineString","coordinates":[[-82.574,36.6302],[-82.5767,36.6317]]},"properties":{"name":"Unnamed Stream","layer":"nhd_perennial_streams","stream_type":"Perennial Stream","length_miles":null,"flow_direction":"","reach_code":""}},{"type":"Feature","geometry":{"type":"LineString","coordinates":[[-82.6705,36.4445],[-82.6697,36.4461]]},"properties":{"name":"Unnamed Stream","layer":"nhd_perennial_streams","stream_type":"Perennial Stream","length_miles":null,"flow_direction":"","reach_code":""}},{"type":"Feature","geometry":{"type":"LineString","coordinates":[[-82.4854,36.447],[-82.4802,36.4467]]},"properties":{"name":"Unnamed Stream","layer":"nhd_perennial_streams","stream_type":"Perennial Stream","length_miles":null,"flow_direction":"","reach_code":""}},{"type":"Feature","geometry":{"type":"LineString","coordinates":[[-82.4183,36.5109],[-82.4272,36.5076]]},"properties":{"name":"Unnamed Stream","layer":"nhd_perennial_streams","stream_type":"Perennial Stream","length_miles":null,"flow_direction":"","reach_code":""}},{"type":"Feature","geometry":{"type":"LineString","coordinates":[[-82.719,36.5458],[-82.7125,36.5426]]},"properties":{"name":"Unnamed Stream","layer":"nhd_perennial_streams","stream_type":"Perennial Stream","length_miles":null,"flow_direction":"","reach_code":""}},{"type":"Feature","geometry":{"type":"LineString","coordinates":[[-82.6948,36.4339],[-82.6948,36.4346]]},"properties":{"name":"Unnamed Stream","layer":"nhd_perennial_streams","stream_type":"Perennial Stream","length_miles":null,"flow_direction":"","reach_code":""}},{"type":"Feature","geometry":{"type":"LineString","coordinates":[[-82.6898,36.4194],[-82.6898,36.4259]]},"properties":{"name":"Unnamed Stream","layer":"nhd_perennial_streams","stream_type":"Perennial Stream","length_miles":null,"flow_direction":"","reach_code":""}},{"type":"Feature","geometry":{"type":"LineString","coordinates":[[-82.716,36.4979],[-82.7117,36.4991]]},"properties":{"name":"Unnamed Stream","layer":"nhd_perennial_streams","stream_type":"Perennial Stream","length_miles":null,"flow_direction":"","reach_code":""}},{"type":"Feature","geometry":{"type":"LineString","coordinates":[[-82.7357,36.5344],[-82.7265,36.5357]]},"properties":{"name":"Unnamed Stream","layer":"nhd_perennial_streams","stream_type":"Perennial Stream","length_miles":null,"flow_direction":"","reach_code":""}},{"type":"Feature","geometry":{"type":"LineString","coordinates":[[-82.7169,36.4834],[-82.7186,36.4835]]},"properties":{"name":"Unnamed Stream","layer":"nhd_perennial_streams","stream_type":"Perennial Stream","length_miles":null,"flow_direction":"","reach_code":""}},{"type":"Feature","geometry":{"type":"LineString","coordinates":[[-82.494,36.454],[-82.4937,36.454]]},"properties":{"name":"Unnamed Stream","layer":"nhd_perennial_streams","stream_type":"Perennial Stream","length_miles":null,"flow_direction":"","reach_code":""}},{"type":"Feature","geometry":{"type":"LineString","coordinates":[[-82.4456,36.5962],[-82.4373,36.5927]]},"properties":{"name":"Unnamed Stream","layer":"nhd_perennial_streams","stream_type":"Perennial Stream","length_miles":null,"flow_direction":"","reach_code":""}},{"type":"Feature","geometry":{"type":"LineString","coordinates":[[-82.6494,36.4328],[-82.6478,36.4324]]},"properties":{"name":"Unnamed Stream","layer":"nhd_perennial_streams","stream_type":"Perennial Stream","length_miles":null,"flow_direction":"","reach_code":""}},{"type":"Feature","geometry":{"type":"LineString","coordinates":[[-82.498,36.4202],[-82.5045,36.421]]},"properties":{"name":"Unnamed Stream","layer":"nhd_perennial_streams","stream_type":"Perennial Stream","length_miles":null,"flow_direction":"","reach_code":""}},{"type":"Feature","geometry":{"type":"LineString","coordinates":[[-82.6639,36.4633],[-82.6625,36.4634]]},"properties":{"name":"Unnamed Stream","layer":"nhd_perennial_streams","stream_type":"Perennial Stream","length_miles":null,"flow_direction":"","reach_code":""}},{"type":"Feature","geometry":{"type":"LineString","coordinates":[[-82.4982,36.389],[-82.4958,36.3982]]},"properties":{"name":"Unnamed Stream","layer":"nhd_perennial_streams","stream_type":"Perennial Stream","length_miles":null,"flow_direction":"","reach_code":""}},{"type":"Feature","geometry":{"type":"LineString","coordinates":[[-82.6408,36.5765],[-82.6403,36.5762]]},"properties":{"name":"Unnamed Stream","layer":"nhd_perennial_streams","stream_type":"Perennial Stream","length_miles":null,"flow_direction":"","reach_code":""}},{"type":"Feature","geometry":{"type":"LineString","coordinates":[[-82.5724,36.6345],[-82.5724,36.6378]]},"properties":{"name":"Unnamed Stream","layer":"nhd_perennial_streams","stream_type":"Perennial Stream","length_miles":null,"flow_direction":"","reach_code":""}},{"type":"Feature","geometry":{"type":"LineString","coordinates":[[-82.5169,36.3726],[-82.5167,36.3729]]},"properties":{"name":"Unnamed Stream","layer":"nhd_perennial_streams","stream_type":"Perennial Stream","length_miles":null,"flow_direction":"","reach_code":""}},{"type":"Feature","geometry":{"type":"LineString","coordinates":[[-82.6617,36.4752],[-82.6576,36.4709]]},"properties":{"name":"Unnamed Stream","layer":"nhd_perennial_streams","stream_type":"Perennial Stream","length_miles":null,"flow_direction":"","reach_code":""}},{"type":"Feature","geometry":{"type":"LineString","coordinates":[[-82.503,36.5815],[-82.4983,36.5759]]},"properties":{"name":"Unnamed Stream","layer":"nhd_perennial_streams","stream_type":"Perennial Stream","length_miles":null,"flow_direction":"","reach_code":""}},{"type":"Feature","geometry":{"type":"LineString","coordinates":[[-82.471,36.4267],[-82.4651,36.426]]},"properties":{"name":"Unnamed Stream","layer":"nhd_perennial_streams","stream_type":"Perennial Stream","length_miles":null,"flow_direction":"","reach_code":""}},{"type":"Feature","geometry":{"type":"LineString","coordinates":[[-82.589,36.5395],[-82.5829,36.5438]]},"properties":{"name":"Unnamed Stream","layer":"nhd_perennial_streams","stream_type":"Perennial Stream","length_miles":null,"flow_direction":"","reach_code":""}},{"type":"Feature","geometry":{"type":"LineString","coordinates":[[-82.6839,36.6088],[-82.683,36.6049]]},"properties":{"name":"Unnamed Stream","layer":"nhd_perennial_streams","stream_type":"Perennial Stream","length_miles":null,"flow_direction":"","reach_code":""}},{"type":"Feature","geometry":{"type":"LineString","coordinates":[[-82.459,36.6201],[-82.4666,36.6271]]},"properties":{"name":"Unnamed Stream","layer":"nhd_perennial_streams","stream_type":"Perennial Stream","length_miles":null,"flow_direction":"","reach_code":""}},{"type":"Feature","geometry":{"type":"LineString","coordinates":[[-82.4699,36.5282],[-82.4772,36.522],[-82.4858,36.5213]]},"properties":{"name":"Unnamed Stream","layer":"nhd_perennial_streams","stream_type":"Perennial Stream","length_miles":null,"flow_direction":"","reach_code":""}},{"type":"Feature","geometry":{"type":"LineString","coordinates":[[-82.6923,36.4169],[-82.6929,36.4181]]},"properties":{"name":"Unnamed Stream","layer":"nhd_perennial_streams","stream_type":"Perennial Stream","length_miles":null,"flow_direction":"","reach_code":""}},{"type":"Feature","geometry":{"type":"LineString","coordinates":[[-82.6314,36.5149],[-82.6356,36.5212]]},"properties":{"name":"Unnamed Stream","layer":"nhd_perennial_streams","stream_type":"Perennial Stream","length_miles":null,"flow_direction":"","reach_code":""}},{"type":"Feature","geometry":{"type":"LineString","coordinates":[[-82.7126,36.4793],[-82.7128,36.4809]]},"properties":{"name":"Unnamed Stream","layer":"nhd_perennial_streams","stream_type":"Perennial Stream","length_miles":null,"flow_direction":"","reach_code":""}},{"type":"Feature","geometry":{"type":"LineString","coordinates":[[-82.6476,36.5149],[-82.655,36.5172]]},"properties":{"name":"Unnamed Stream","layer":"nhd_perennial_streams","stream_type":"Perennial Stream","length_miles":null,"flow_direction":"","reach_code":""}},{"type":"Feature","geometry":{"type":"LineString","coordinates":[[-82.6825,36.4288],[-82.6827,36.4271]]},"properties":{"name":"Unnamed Stream","layer":"nhd_perennial_streams","stream_type":"Perennial Stream","length_miles":null,"flow_direction":"","reach_code":""}},{"type":"Feature","geometry":{"type":"LineString","coordinates":[[-82.6438,36.4929],[-82.6438,36.4912]]},"properties":{"name":"Unnamed Stream","layer":"nhd_perennial_streams","stream_type":"Perennial Stream","length_miles":null,"flow_direction":"","reach_code":""}},{"type":"Feature","geometry":{"type":"LineString","coordinates":[[-82.6942,36.4416],[-82.6946,36.4419]]},"properties":{"name":"Unnamed Stream","layer":"nhd_perennial_streams","stream_type":"Perennial Stream","length_miles":null,"flow_direction":"","reach_code":""}},{"type":"Feature","geometry":{"type":"LineString","coordinates":[[-82.6268,36.5319],[-82.6293,36.5233]]},"properties":{"name":"Unnamed Stream","layer":"nhd_perennial_streams","stream_type":"Perennial Stream","length_miles":null,"flow_direction":"","reach_code":""}},{"type":"Feature","geometry":{"type":"LineString","coordinates":[[-82.6669,36.4026],[-82.6694,36.4002]]},"properties":{"name":"Unnamed Stream","layer":"nhd_perennial_streams","stream_type":"Perennial Stream","length_miles":null,"flow_direction":"","reach_code":""}},{"type":"Feature","geometry":{"type":"LineString","coordinates":[[-82.5566,36.5046],[-82.5572,36.5054]]},"properties":{"name":"Unnamed Stream","layer":"nhd_perennial_streams","stream_type":"Perennial Stream","length_miles":null,"flow_direction":"","reach_code":""}},{"type":"Feature","geometry":{"type":"LineString","coordinates":[[-82.6101,36.6486],[-82.6079,36.6472]]},"properties":{"name":"Unnamed Stream","layer":"nhd_perennial_streams","stream_type":"Perennial Stream","length_miles":null,"flow_direction":"","reach_code":""}},{"type":"Feature","geometry":{"type":"LineString","coordinates":[[-82.4295,36.4743],[-82.4306,36.4653],[-82.4281,36.4629]]},"properties":{"name":"Unnamed Stream","layer":"nhd_perennial_streams","stream_type":"Perennial Stream","length_miles":null,"flow_direction":"","reach_code":""}},{"type":"Feature","geometry":{"type":"LineString","coordinates":[[-82.6453,36.6332],[-82.6432,36.6327]]},"properties":{"name":"Unnamed Stream","layer":"nhd_perennial_streams","stream_type":"Perennial Stream","length_miles":null,"flow_direction":"","reach_code":""}},{"type":"Feature","geometry":{"type":"LineString","coordinates":[[-82.6,36.5697],[-82.6025,36.5708]]},"properties":{"name":"Unnamed Stream","layer":"nhd_perennial_streams","stream_type":"Perennial Stream","length_miles":null,"flow_direction":"","reach_code":""}},{"type":"Feature","geometry":{"type":"LineString","coordinates":[[-82.6442,36.4332],[-82.6395,36.4301]]},"properties":{"name":"Unnamed Stream","layer":"nhd_perennial_streams","stream_type":"Perennial Stream","length_miles":null,"flow_direction":"","reach_code":""}},{"type":"Feature","geometry":{"type":"LineString","coordinates":[[-82.5948,36.3657],[-82.5938,36.3688]]},"properties":{"name":"Unnamed Stream","layer":"nhd_perennial_streams","stream_type":"Perennial Stream","length_miles":null,"flow_direction":"","reach_code":""}},{"type":"Feature","geometry":{"type":"LineString","coordinates":[[-82.6293,36.491],[-82.6303,36.489]]},"properties":{"name":"Unnamed Stream","layer":"nhd_perennial_streams","stream_type":"Perennial Stream","length_miles":null,"flow_direction":"","reach_code":""}},{"type":"Feature","geometry":{"type":"LineString","coordinates":[[-82.4961,36.4999],[-82.4961,36.4998]]},"properties":{"name":"Unnamed Stream","layer":"nhd_perennial_streams","stream_type":"Perennial Stream","length_miles":null,"flow_direction":"","reach_code":""}},{"type":"Feature","geometry":{"type":"LineString","coordinates":[[-82.6312,36.4817],[-82.6311,36.4815]]},"properties":{"name":"Unnamed Stream","layer":"nhd_perennial_streams","stream_type":"Perennial Stream","length_miles":null,"flow_direction":"","reach_code":""}},{"type":"Feature","geometry":{"type":"LineString","coordinates":[[-82.6262,36.4498],[-82.6252,36.4491]]},"properties":{"name":"Unnamed Stream","layer":"nhd_perennial_streams","stream_type":"Perennial Stream","length_miles":null,"flow_direction":"","reach_code":""}},{"type":"Feature","geometry":{"type":"LineString","coordinates":[[-82.5703,36.5853],[-82.5725,36.5888]]},"properties":{"name":"Unnamed Stream","layer":"nhd_perennial_streams","stream_type":"Perennial Stream","length_miles":null,"flow_direction":"","reach_code":""}},{"type":"Feature","geometry":{"type":"LineString","coordinates":[[-82.69,36.4436],[-82.691,36.4429]]},"properties":{"name":"Unnamed Stream","layer":"nhd_perennial_streams","stream_type":"Perennial Stream","length_miles":null,"flow_direction":"","reach_code":""}},{"type":"Feature","geometry":{"type":"LineString","coordinates":[[-82.6948,36.4346],[-82.6942,36.4416]]},"properties":{"name":"Unnamed Stream","layer":"nhd_perennial_streams","stream_type":"Perennial Stream","length_miles":null,"flow_direction":"","reach_code":""}},{"type":"Feature","geometry":{"type":"LineString","coordinates":[[-82.7408,36.5054],[-82.7389,36.5092]]},"properties":{"name":"Unnamed Stream","layer":"nhd_perennial_streams","stream_type":"Perennial Stream","length_miles":null,"flow_direction":"","reach_code":""}},{"type":"Feature","geometry":{"type":"LineString","coordinates":[[-82.6836,36.563],[-82.6717,36.5589]]},"properties":{"name":"Unnamed Stream","layer":"nhd_perennial_streams","stream_type":"Perennial Stream","length_miles":null,"flow_direction":"","reach_code":""}},{"type":"Feature","geometry":{"type":"LineString","coordinates":[[-82.6859,36.4257],[-82.6869,36.4257]]},"properties":{"name":"Unnamed Stream","layer":"nhd_perennial_streams","stream_type":"Perennial Stream","length_miles":null,"flow_direction":"","reach_code":""}},{"type":"Feature","geometry":{"type":"LineString","coordinates":[[-82.4511,36.5708],[-82.4508,36.5698]]},"properties":{"name":"Unnamed Stream","layer":"nhd_perennial_streams","stream_type":"Perennial Stream","length_miles":null,"flow_direction":"","reach_code":""}},{"type":"Feature","geometry":{"type":"LineString","coordinates":[[-82.6023,36.4407],[-82.6046,36.4469],[-82.6113,36.4473]]},"properties":{"name":"Unnamed Stream","layer":"nhd_perennial_streams","stream_type":"Perennial Stream","length_miles":null,"flow_direction":"","reach_code":""}},{"type":"Feature","geometry":{"type":"LineString","coordinates":[[-82.4405,36.5366],[-82.444,36.5355]]},"properties":{"name":"Unnamed Stream","layer":"nhd_perennial_streams","stream_type":"Perennial Stream","length_miles":null,"flow_direction":"","reach_code":""}},{"type":"Feature","geometry":{"type":"LineString","coordinates":[[-82.6456,36.4293],[-82.6434,36.4292]]},"properties":{"name":"Unnamed Stream","layer":"nhd_perennial_streams","stream_type":"Perennial Stream","length_miles":null,"flow_direction":"","reach_code":""}},{"type":"Feature","geometry":{"type":"LineString","coordinates":[[-82.3979,36.5787],[-82.4018,36.5696]]},"properties":{"name":"Unnamed Stream","layer":"nhd_perennial_streams","stream_type":"Perennial Stream","length_miles":null,"flow_direction":"","reach_code":""}},{"type":"Feature","geometry":{"type":"LineString","coordinates":[[-82.6903,36.4482],[-82.6892,36.4469]]},"properties":{"name":"Unnamed Stream","layer":"nhd_perennial_streams","stream_type":"Perennial Stream","length_miles":null,"flow_direction":"","reach_code":""}},{"type":"Feature","geometry":{"type":"LineString","coordinates":[[-82.4429,36.6033],[-82.4428,36.5996]]},"properties":{"name":"Unnamed Stream","layer":"nhd_perennial_streams","stream_type":"Perennial Stream","length_miles":null,"flow_direction":"","reach_code":""}},{"type":"Feature","geometry":{"type":"LineString","coordinates":[[-82.4738,36.5591],[-82.4763,36.5567]]},"properties":{"name":"Unnamed Stream","layer":"nhd_perennial_streams","stream_type":"Perennial Stream","length_miles":null,"flow_direction":"","reach_code":""}},{"type":"Feature","geometry":{"type":"LineString","coordinates":[[-82.5787,36.6281],[-82.5814,36.6309]]},"properties":{"name":"Unnamed Stream","layer":"nhd_perennial_streams","stream_type":"Perennial Stream","length_miles":null,"flow_direction":"","reach_code":""}},{"type":"Feature","geometry":{"type":"LineString","coordinates":[[-82.6221,36.4603],[-82.6182,36.4594]]},"properties":{"name":"Unnamed Stream","layer":"nhd_perennial_streams","stream_type":"Perennial Stream","length_miles":null,"flow_direction":"","reach_code":""}},{"type":"Feature","geometry":{"type":"LineString","coordinates":[[-82.442,36.5252],[-82.4457,36.5213]]},"properties":{"name":"Unnamed Stream","layer":"nhd_perennial_streams","stream_type":"Perennial Stream","length_miles":null,"flow_direction":"","reach_code":""}},{"type":"Feature","geometry":{"type":"LineString","coordinates":[[-82.641,36.445],[-82.6393,36.4465]]},"properties":{"name":"Unnamed Stream","layer":"nhd_perennial_streams","stream_type":"Perennial Stream","length_miles":null,"flow_direction":"","reach_code":""}},{"type":"Feature","geometry":{"type":"LineString","coordinates":[[-82.6999,36.4202],[-82.7017,36.4269],[-82.6996,36.4293]]},"properties":{"name":"Unnamed Stream","layer":"nhd_perennial_streams","stream_type":"Perennial Stream","length_miles":null,"flow_direction":"","reach_code":""}},{"type":"Feature","geometry":{"type":"LineString","coordinates":[[-82.7213,36.4837],[-82.7209,36.4872]]},"properties":{"name":"Unnamed Stream","layer":"nhd_perennial_streams","stream_type":"Perennial Stream","length_miles":null,"flow_direction":"","reach_code":""}},{"type":"Feature","geometry":{"type":"LineString","coordinates":[[-82.6887,36.4208],[-82.688,36.4223]]},"properties":{"name":"Unnamed Stream","layer":"nhd_perennial_streams","stream_type":"Perennial Stream","length_miles":null,"flow_direction":"","reach_code":""}},{"type":"Feature","geometry":{"type":"LineString","coordinates":[[-82.6588,36.4822],[-82.6615,36.4824]]},"properties":{"name":"Unnamed Stream","layer":"nhd_perennial_streams","stream_type":"Perennial Stream","length_miles":null,"flow_direction":"","reach_code":""}},{"type":"Feature","geometry":{"type":"LineString","coordinates":[[-82.5334,36.3763],[-82.53,36.3739],[-82.53,36.3685]]},"properties":{"name":"Unnamed Stream","layer":"nhd_perennial_streams","stream_type":"Perennial Stream","length_miles":null,"flow_direction":"","reach_code":""}},{"type":"Feature","geometry":{"type":"LineString","coordinates":[[-82.577,36.6285],[-82.5814,36.6309]]},"properties":{"name":"Unnamed Stream","layer":"nhd_perennial_streams","stream_type":"Perennial Stream","length_miles":null,"flow_direction":"","reach_code":""}},{"type":"Feature","geometry":{"type":"LineString","coordinates":[[-82.5394,36.3915],[-82.5369,36.3888]]},"properties":{"name":"Unnamed Stream","layer":"nhd_perennial_streams","stream_type":"Perennial Stream","length_miles":null,"flow_direction":"","reach_code":""}},{"type":"Feature","geometry":{"type":"LineString","coordinates":[[-82.5185,36.6272],[-82.519,36.6262]]},"properties":{"name":"Unnamed Stream","layer":"nhd_perennial_streams","stream_type":"Perennial Stream","length_miles":null,"flow_direction":"","reach_code":""}},{"type":"Feature","geometry":{"type":"LineString","coordinates":[[-82.6582,36.4183],[-82.6585,36.4149]]},"properties":{"name":"Unnamed Stream","layer":"nhd_perennial_streams","stream_type":"Perennial Stream","length_miles":null,"flow_direction":"","reach_code":""}},{"type":"Feature","geometry":{"type":"LineString","coordinates":[[-82.6607,36.4235],[-82.6593,36.4248]]},"properties":{"name":"Unnamed Stream","layer":"nhd_perennial_streams","stream_type":"Perennial Stream","length_miles":null,"flow_direction":"","reach_code":""}},{"type":"Feature","geometry":{"type":"LineString","coordinates":[[-82.5583,36.4128],[-82.5578,36.4137]]},"properties":{"name":"Unnamed Stream","layer":"nhd_perennial_streams","stream_type":"Perennial Stream","length_miles":null,"flow_direction":"","reach_code":""}},{"type":"Feature","geometry":{"type":"LineString","coordinates":[[-82.5782,36.5982],[-82.571,36.5995]]},"properties":{"name":"Unnamed Stream","layer":"nhd_perennial_streams","stream_type":"Perennial Stream","length_miles":null,"flow_direction":"","reach_code":""}},{"type":"Feature","geometry":{"type":"LineString","coordinates":[[-82.6266,36.5016],[-82.6243,36.5003]]},"properties":{"name":"Unnamed Stream","layer":"nhd_perennial_streams","stream_type":"Perennial Stream","length_miles":null,"flow_direction":"","reach_code":""}},{"type":"Feature","geometry":{"type":"LineString","coordinates":[[-82.5392,36.6418],[-82.5365,36.6339],[-82.5401,36.6321]]},"properties":{"name":"Unnamed Stream","layer":"nhd_perennial_streams","stream_type":"Perennial Stream","length_miles":null,"flow_direction":"","reach_code":""}},{"type":"Feature","geometry":{"type":"LineString","coordinates":[[-82.6101,36.5217],[-82.6137,36.5258]]},"properties":{"name":"Unnamed Stream","layer":"nhd_perennial_streams","stream_type":"Perennial Stream","length_miles":null,"flow_direction":"","reach_code":""}},{"type":"Feature","geometry":{"type":"LineString","coordinates":[[-82.5519,36.3653],[-82.5502,36.3651]]},"properties":{"name":"Unnamed Stream","layer":"nhd_perennial_streams","stream_type":"Perennial Stream","length_miles":null,"flow_direction":"","reach_code":""}},{"type":"Feature","geometry":{"type":"LineString","coordinates":[[-82.6731,36.4143],[-82.6733,36.4139]]},"properties":{"name":"Unnamed Stream","layer":"nhd_perennial_streams","stream_type":"Perennial Stream","length_miles":null,"flow_direction":"","reach_code":""}},{"type":"Feature","geometry":{"type":"LineString","coordinates":[[-82.5874,36.5174],[-82.5829,36.5134]]},"properties":{"name":"Unnamed Stream","layer":"nhd_perennial_streams","stream_type":"Perennial Stream","length_miles":null,"flow_direction":"","reach_code":""}},{"type":"Feature","geometry":{"type":"LineString","coordinates":[[-82.6366,36.4861],[-82.6312,36.4817]]},"properties":{"name":"Unnamed Stream","layer":"nhd_perennial_streams","stream_type":"Perennial Stream","length_miles":null,"flow_direction":"","reach_code":""}},{"type":"Feature","geometry":{"type":"LineString","coordinates":[[-82.6532,36.4788],[-82.6531,36.4762]]},"properties":{"name":"Unnamed Stream","layer":"nhd_perennial_streams","stream_type":"Perennial Stream","length_miles":null,"flow_direction":"","reach_code":""}},{"type":"Feature","geometry":{"type":"LineString","coordinates":[[-82.6196,36.5034],[-82.6177,36.5047]]},"properties":{"name":"Unnamed Stream","layer":"nhd_perennial_streams","stream_type":"Perennial Stream","length_miles":null,"flow_direction":"","reach_code":""}},{"type":"Feature","geometry":{"type":"LineString","coordinates":[[-82.5447,36.598],[-82.5422,36.6002]]},"properties":{"name":"Unnamed Stream","layer":"nhd_perennial_streams","stream_type":"Perennial Stream","length_miles":null,"flow_direction":"","reach_code":""}},{"type":"Feature","geometry":{"type":"LineString","coordinates":[[-82.6849,36.4472],[-82.6843,36.4477]]},"properties":{"name":"Unnamed Stream","layer":"nhd_perennial_streams","stream_type":"Perennial Stream","length_miles":null,"flow_direction":"","reach_code":""}},{"type":"Feature","geometry":{"type":"LineString","coordinates":[[-82.4595,36.6278],[-82.4608,36.6291]]},"properties":{"name":"Unnamed Stream","layer":"nhd_perennial_streams","stream_type":"Perennial Stream","length_miles":null,"flow_direction":"","reach_code":""}},{"type":"Feature","geometry":{"type":"LineString","coordinates":[[-82.5491,36.3744],[-82.5476,36.3793]]},"properties":{"name":"Unnamed Stream","layer":"nhd_perennial_streams","stream_type":"Perennial Stream","length_miles":null,"flow_direction":"","reach_code":""}},{"type":"Feature","geometry":{"type":"LineString","coordinates":[[-82.4172,36.5412],[-82.4205,36.543]]},"properties":{"name":"Unnamed Stream","layer":"nhd_perennial_streams","stream_type":"Perennial Stream","length_miles":null,"flow_direction":"","reach_code":""}},{"type":"Feature","geometry":{"type":"LineString","coordinates":[[-82.6728,36.4588],[-82.6702,36.4595]]},"properties":{"name":"Unnamed Stream","layer":"nhd_perennial_streams","stream_type":"Perennial Stream","length_miles":null,"flow_direction":"","reach_code":""}},{"type":"Feature","geometry":{"type":"LineString","coordinates":[[-82.4213,36.5712],[-82.4237,36.5743]]},"properties":{"name":"Unnamed Stream","layer":"nhd_perennial_streams","stream_type":"Perennial Stream","length_miles":null,"flow_direction":"","reach_code":""}},{"type":"Feature","geometry":{"type":"LineString","coordinates":[[-82.5678,36.6441],[-82.5652,36.6427]]},"properties":{"name":"Unnamed Stream","layer":"nhd_perennial_streams","stream_type":"Perennial Stream","length_miles":null,"flow_direction":"","reach_code":""}},{"type":"Feature","geometry":{"type":"LineString","coordinates":[[-82.521,36.5446],[-82.5267,36.548]]},"properties":{"name":"Unnamed Stream","layer":"nhd_perennial_streams","stream_type":"Perennial Stream","length_miles":null,"flow_direction":"","reach_code":""}},{"type":"Feature","geometry":{"type":"LineString","coordinates":[[-82.6726,36.5887],[-82.671,36.5936]]},"properties":{"name":"Unnamed Stream","layer":"nhd_perennial_streams","stream_type":"Perennial Stream","length_miles":null,"flow_direction":"","reach_code":""}},{"type":"Feature","geometry":{"type":"LineString","coordinates":[[-82.4457,36.4951],[-82.4503,36.4934],[-82.4483,36.4887]]},"properties":{"name":"Unnamed Stream","layer":"nhd_perennial_streams","stream_type":"Perennial Stream","length_miles":null,"flow_direction":"","reach_code":""}},{"type":"Feature","geometry":{"type":"LineString","coordinates":[[-82.6227,36.4726],[-82.6112,36.4723]]},"properties":{"name":"Unnamed Stream","layer":"nhd_perennial_streams","stream_type":"Perennial Stream","length_miles":null,"flow_direction":"","reach_code":""}},{"type":"Feature","geometry":{"type":"LineString","coordinates":[[-82.7019,36.4514],[-82.6985,36.4497]]},"properties":{"name":"Unnamed Stream","layer":"nhd_perennial_streams","stream_type":"Perennial Stream","length_miles":null,"flow_direction":"","reach_code":""}},{"type":"Feature","geometry":{"type":"LineString","coordinates":[[-82.7141,36.4493],[-82.7141,36.4431]]},"properties":{"name":"Unnamed Stream","layer":"nhd_perennial_streams","stream_type":"Perennial Stream","length_miles":null,"flow_direction":"","reach_code":""}},{"type":"Feature","geometry":{"type":"LineString","coordinates":[[-82.7128,36.4809],[-82.7156,36.4841]]},"properties":{"name":"Unnamed Stream","layer":"nhd_perennial_streams","stream_type":"Perennial Stream","length_miles":null,"flow_direction":"","reach_code":""}},{"type":"Feature","geometry":{"type":"LineString","coordinates":[[-82.6377,36.4254],[-82.6343,36.4287]]},"properties":{"name":"Unnamed Stream","layer":"nhd_perennial_streams","stream_type":"Perennial Stream","length_miles":null,"flow_direction":"","reach_code":""}},{"type":"Feature","geometry":{"type":"LineString","coordinates":[[-82.6609,36.4157],[-82.6585,36.4148]]},"properties":{"name":"Unnamed Stream","layer":"nhd_perennial_streams","stream_type":"Perennial Stream","length_miles":null,"flow_direction":"","reach_code":""}},{"type":"Feature","geometry":{"type":"LineString","coordinates":[[-82.5142,36.6377],[-82.5165,36.636]]},"properties":{"name":"Unnamed Stream","layer":"nhd_perennial_streams","stream_type":"Perennial Stream","length_miles":null,"flow_direction":"","reach_code":""}},{"type":"Feature","geometry":{"type":"LineString","coordinates":[[-82.4763,36.5363],[-82.4748,36.5309]]},"properties":{"name":"Unnamed Stream","layer":"nhd_perennial_streams","stream_type":"Perennial Stream","length_miles":null,"flow_direction":"","reach_code":""}},{"type":"Feature","geometry":{"type":"LineString","coordinates":[[-82.6285,36.6224],[-82.6268,36.6175]]},"properties":{"name":"Unnamed Stream","layer":"nhd_perennial_streams","stream_type":"Perennial Stream","length_miles":null,"flow_direction":"","reach_code":""}},{"type":"Feature","geometry":{"type":"LineString","coordinates":[[-82.4983,36.3876],[-82.4982,36.389]]},"properties":{"name":"Unnamed Stream","layer":"nhd_perennial_streams","stream_type":"Perennial Stream","length_miles":null,"flow_direction":"","reach_code":""}},{"type":"Feature","geometry":{"type":"LineString","coordinates":[[-82.5613,36.6147],[-82.5622,36.6084]]},"properties":{"name":"Unnamed Stream","layer":"nhd_perennial_streams","stream_type":"Perennial Stream","length_miles":null,"flow_direction":"","reach_code":""}},{"type":"Feature","geometry":{"type":"LineString","coordinates":[[-82.601,36.4763],[-82.5948,36.473]]},"properties":{"name":"Unnamed Stream","layer":"nhd_perennial_streams","stream_type":"Perennial Stream","length_miles":null,"flow_direction":"","reach_code":""}},{"type":"Feature","geometry":{"type":"LineString","coordinates":[[-82.4052,36.5347],[-82.4121,36.532],[-82.4279,36.5338]]},"properties":{"name":"Unnamed Stream","layer":"nhd_perennial_streams","stream_type":"Perennial Stream","length_miles":null,"flow_direction":"","reach_code":""}},{"type":"Feature","geometry":{"type":"LineString","coordinates":[[-82.6669,36.5764],[-82.6625,36.5739]]},"properties":{"name":"Unnamed Stream","layer":"nhd_perennial_streams","stream_type":"Perennial Stream","length_miles":null,"flow_direction":"","reach_code":""}},{"type":"Feature","geometry":{"type":"LineString","coordinates":[[-82.5923,36.5049],[-82.5896,36.5048]]},"properties":{"name":"Unnamed Stream","layer":"nhd_perennial_streams","stream_type":"Perennial Stream","length_miles":null,"flow_direction":"","reach_code":""}},{"type":"Feature","geometry":{"type":"LineString","coordinates":[[-82.635,36.4075],[-82.6353,36.4083]]},"properties":{"name":"Unnamed Stream","layer":"nhd_perennial_streams","stream_type":"Perennial Stream","length_miles":null,"flow_direction":"","reach_code":""}},{"type":"Feature","geometry":{"type":"LineString","coordinates":[[-82.4614,36.4877],[-82.4733,36.4828]]},"properties":{"name":"Unnamed Stream","layer":"nhd_perennial_streams","stream_type":"Perennial Stream","length_miles":null,"flow_direction":"","reach_code":""}},{"type":"Feature","geometry":{"type":"LineString","coordinates":[[-82.6581,36.4487],[-82.6573,36.4507]]},"properties":{"name":"Unnamed Stream","layer":"nhd_perennial_streams","stream_type":"Perennial Stream","length_miles":null,"flow_direction":"","reach_code":""}},{"type":"Feature","geometry":{"type":"LineString","coordinates":[[-82.4676,36.4317],[-82.4627,36.4265]]},"properties":{"name":"Unnamed Stream","layer":"nhd_perennial_streams","stream_type":"Perennial Stream","length_miles":null,"flow_direction":"","reach_code":""}},{"type":"Feature","geometry":{"type":"LineString","coordinates":[[-82.6334,36.5941],[-82.6335,36.5958]]},"properties":{"name":"Unnamed Stream","layer":"nhd_perennial_streams","stream_type":"Perennial Stream","length_miles":null,"flow_direction":"","reach_code":""}},{"type":"Feature","geometry":{"type":"LineString","coordinates":[[-82.4987,36.4702],[-82.4875,36.4722]]},"properties":{"name":"Unnamed Stream","layer":"nhd_perennial_streams","stream_type":"Perennial Stream","length_miles":null,"flow_direction":"","reach_code":""}},{"type":"Feature","geometry":{"type":"LineString","coordinates":[[-82.6453,36.6257],[-82.6455,36.6181]]},"properties":{"name":"Unnamed Stream","layer":"nhd_perennial_streams","stream_type":"Perennial Stream","length_miles":null,"flow_direction":"","reach_code":""}},{"type":"Feature","geometry":{"type":"LineString","coordinates":[[-82.6617,36.4636],[-82.6615,36.4628]]},"properties":{"name":"Unnamed Stream","layer":"nhd_perennial_streams","stream_type":"Perennial Stream","length_miles":null,"flow_direction":"","reach_code":""}},{"type":"Feature","geometry":{"type":"LineString","coordinates":[[-82.6097,36.4296],[-82.6108,36.4297]]},"properties":{"name":"Unnamed Stream","layer":"nhd_perennial_streams","stream_type":"Perennial Stream","length_miles":null,"flow_direction":"","reach_code":""}},{"type":"Feature","geometry":{"type":"LineString","coordinates":[[-82.7239,36.4739],[-82.7263,36.4765]]},"properties":{"name":"Unnamed Stream","layer":"nhd_perennial_streams","stream_type":"Perennial Stream","length_miles":null,"flow_direction":"","reach_code":""}},{"type":"Feature","geometry":{"type":"LineString","coordinates":[[-82.683,36.4295],[-82.6825,36.4288]]},"properties":{"name":"Unnamed Stream","layer":"nhd_perennial_streams","stream_type":"Perennial Stream","length_miles":null,"flow_direction":"","reach_code":""}},{"type":"Feature","geometry":{"type":"LineString","coordinates":[[-82.7004,36.5136],[-82.7,36.5127]]},"properties":{"name":"Unnamed Stream","layer":"nhd_perennial_streams","stream_type":"Perennial Stream","length_miles":null,"flow_direction":"","reach_code":""}},{"type":"Feature","geometry":{"type":"LineString","coordinates":[[-82.7068,36.4722],[-82.7023,36.474]]},"properties":{"name":"Unnamed Stream","layer":"nhd_perennial_streams","stream_type":"Perennial Stream","length_miles":null,"flow_direction":"","reach_code":""}},{"type":"Feature","geometry":{"type":"LineString","coordinates":[[-82.6638,36.4134],[-82.6661,36.4109]]},"properties":{"name":"Unnamed Stream","layer":"nhd_perennial_streams","stream_type":"Perennial Stream","length_miles":null,"flow_direction":"","reach_code":""}},{"type":"Feature","geometry":{"type":"LineString","coordinates":[[-82.4713,36.4899],[-82.4752,36.4881]]},"properties":{"name":"Unnamed Stream","layer":"nhd_perennial_streams","stream_type":"Perennial Stream","length_miles":null,"flow_direction":"","reach_code":""}},{"type":"Feature","geometry":{"type":"LineString","coordinates":[[-82.5287,36.6374],[-82.5262,36.6342]]},"properties":{"name":"Unnamed Stream","layer":"nhd_perennial_streams","stream_type":"Perennial Stream","length_miles":null,"flow_direction":"","reach_code":""}},{"type":"Feature","geometry":{"type":"LineString","coordinates":[[-82.6117,36.6432],[-82.6125,36.6422]]},"properties":{"name":"Unnamed Stream","layer":"nhd_perennial_streams","stream_type":"Perennial Stream","length_miles":null,"flow_direction":"","reach_code":""}},{"type":"Feature","geometry":{"type":"LineString","coordinates":[[-82.6625,36.4634],[-82.6615,36.4628]]},"properties":{"name":"Unnamed Stream","layer":"nhd_perennial_streams","stream_type":"Perennial Stream","length_miles":null,"flow_direction":"","reach_code":""}},{"type":"Feature","geometry":{"type":"LineString","coordinates":[[-82.5275,36.5609],[-82.5237,36.5537]]},"properties":{"name":"Unnamed Stream","layer":"nhd_perennial_streams","stream_type":"Perennial Stream","length_miles":null,"flow_direction":"","reach_code":""}},{"type":"Feature","geometry":{"type":"LineString","coordinates":[[-82.5616,36.4344],[-82.5618,36.4342]]},"properties":{"name":"Unnamed Stream","layer":"nhd_perennial_streams","stream_type":"Perennial Stream","length_miles":null,"flow_direction":"","reach_code":""}},{"type":"Feature","geometry":{"type":"LineString","coordinates":[[-82.6358,36.4509],[-82.6367,36.4491]]},"properties":{"name":"Unnamed Stream","layer":"nhd_perennial_streams","stream_type":"Perennial Stream","length_miles":null,"flow_direction":"","reach_code":""}},{"type":"Feature","geometry":{"type":"LineString","coordinates":[[-82.4928,36.4384],[-82.493,36.4384]]},"properties":{"name":"Unnamed Stream","layer":"nhd_perennial_streams","stream_type":"Perennial Stream","length_miles":null,"flow_direction":"","reach_code":""}},{"type":"Feature","geometry":{"type":"LineString","coordinates":[[-82.6503,36.4198],[-82.6489,36.419]]},"properties":{"name":"Unnamed Stream","layer":"nhd_perennial_streams","stream_type":"Perennial Stream","length_miles":null,"flow_direction":"","reach_code":""}},{"type":"Feature","geometry":{"type":"LineString","coordinates":[[-82.4744,36.5171],[-82.4804,36.5115]]},"properties":{"name":"Unnamed Stream","layer":"nhd_perennial_streams","stream_type":"Perennial Stream","length_miles":null,"flow_direction":"","reach_code":""}},{"type":"Feature","geometry":{"type":"LineString","coordinates":[[-82.6498,36.4239],[-82.6506,36.4198]]},"properties":{"name":"Unnamed Stream","layer":"nhd_perennial_streams","stream_type":"Perennial Stream","length_miles":null,"flow_direction":"","reach_code":""}},{"type":"Feature","geometry":{"type":"LineString","coordinates":[[-82.6508,36.4253],[-82.6512,36.4227]]},"properties":{"name":"Unnamed Stream","layer":"nhd_perennial_streams","stream_type":"Perennial Stream","length_miles":null,"flow_direction":"","reach_code":""}},{"type":"Feature","geometry":{"type":"LineString","coordinates":[[-82.6254,36.3961],[-82.622,36.4059]]},"properties":{"name":"Unnamed Stream","layer":"nhd_perennial_streams","stream_type":"Perennial Stream","length_miles":null,"flow_direction":"","reach_code":""}},{"type":"Feature","geometry":{"type":"LineString","coordinates":[[-82.6569,36.6108],[-82.6568,36.6098]]},"properties":{"name":"Unnamed Stream","layer":"nhd_perennial_streams","stream_type":"Perennial Stream","length_miles":null,"flow_direction":"","reach_code":""}},{"type":"Feature","geometry":{"type":"LineString","coordinates":[[-82.5445,36.6272],[-82.5491,36.622],[-82.5525,36.6224]]},"properties":{"name":"Unnamed Stream","layer":"nhd_perennial_streams","stream_type":"Perennial Stream","length_miles":null,"flow_direction":"","reach_code":""}},{"type":"Feature","geometry":{"type":"LineString","coordinates":[[-82.596,36.5911],[-82.6056,36.5893]]},"properties":{"name":"Unnamed Stream","layer":"nhd_perennial_streams","stream_type":"Perennial Stream","length_miles":null,"flow_direction":"","reach_code":""}},{"type":"Feature","geometry":{"type":"LineString","coordinates":[[-82.485,36.6414],[-82.4841,36.6399]]},"properties":{"name":"Unnamed Stream","layer":"nhd_perennial_streams","stream_type":"Perennial Stream","length_miles":null,"flow_direction":"","reach_code":""}},{"type":"Feature","geometry":{"type":"LineString","coordinates":[[-82.6876,36.4213],[-82.688,36.4223]]},"properties":{"name":"Unnamed Stream","layer":"nhd_perennial_streams","stream_type":"Perennial Stream","length_miles":null,"flow_direction":"","reach_code":""}},{"type":"Feature","geometry":{"type":"LineString","coordinates":[[-82.6851,36.429],[-82.6845,36.4263]]},"properties":{"name":"Unnamed Stream","layer":"nhd_perennial_streams","stream_type":"Perennial Stream","length_miles":null,"flow_direction":"","reach_code":""}},{"type":"Feature","geometry":{"type":"LineString","coordinates":[[-82.6946,36.4419],[-82.6955,36.4419]]},"properties":{"name":"Unnamed Stream","layer":"nhd_perennial_streams","stream_type":"Perennial Stream","length_miles":null,"flow_direction":"","reach_code":""}},{"type":"Feature","geometry":{"type":"LineString","coordinates":[[-82.6591,36.525],[-82.6585,36.5265]]},"properties":{"name":"Unnamed Stream","layer":"nhd_perennial_streams","stream_type":"Perennial Stream","length_miles":null,"flow_direction":"","reach_code":""}},{"type":"Feature","geometry":{"type":"LineString","coordinates":[[-82.6942,36.444],[-82.6955,36.4419]]},"properties":{"name":"Unnamed Stream","layer":"nhd_perennial_streams","stream_type":"Perennial Stream","length_miles":null,"flow_direction":"","reach_code":""}},{"type":"Feature","geometry":{"type":"LineString","coordinates":[[-82.7023,36.4481],[-82.701,36.4469]]},"properties":{"name":"Unnamed Stream","layer":"nhd_perennial_streams","stream_type":"Perennial Stream","length_miles":null,"flow_direction":"","reach_code":""}},{"type":"Feature","geometry":{"type":"LineString","coordinates":[[-82.61,36.6382],[-82.6118,36.6315]]},"properties":{"name":"Unnamed Stream","layer":"nhd_perennial_streams","stream_type":"Perennial Stream","length_miles":null,"flow_direction":"","reach_code":""}},{"type":"Feature","geometry":{"type":"LineString","coordinates":[[-82.5283,36.5799],[-82.5271,36.5715],[-82.5353,36.5671],[-82.5348,36.5628]]},"properties":{"name":"Unnamed Stream","layer":"nhd_perennial_streams","stream_type":"Perennial Stream","length_miles":null,"flow_direction":"","reach_code":""}},{"type":"Feature","geometry":{"type":"LineString","coordinates":[[-82.6596,36.4193],[-82.6587,36.4192]]},"properties":{"name":"Unnamed Stream","layer":"nhd_perennial_streams","stream_type":"Perennial Stream","length_miles":null,"flow_direction":"","reach_code":""}},{"type":"Feature","geometry":{"type":"LineString","coordinates":[[-82.5906,36.5836],[-82.6014,36.5801]]},"properties":{"name":"Unnamed Stream","layer":"nhd_perennial_streams","stream_type":"Perennial Stream","length_miles":null,"flow_direction":"","reach_code":""}},{"type":"Feature","geometry":{"type":"LineString","coordinates":[[-82.5774,36.5797],[-82.5834,36.5858],[-82.5906,36.5836]]},"properties":{"name":"Unnamed Stream","layer":"nhd_perennial_streams","stream_type":"Perennial Stream","length_miles":null,"flow_direction":"","reach_code":""}},{"type":"Feature","geometry":{"type":"LineString","coordinates":[[-82.6799,36.5995],[-82.6757,36.5986]]},"properties":{"name":"Unnamed Stream","layer":"nhd_perennial_streams","stream_type":"Perennial Stream","length_miles":null,"flow_direction":"","reach_code":""}},{"type":"Feature","geometry":{"type":"LineString","coordinates":[[-82.5466,36.6445],[-82.5499,36.6489]]},"properties":{"name":"Unnamed Stream","layer":"nhd_perennial_streams","stream_type":"Perennial Stream","length_miles":null,"flow_direction":"","reach_code":""}},{"type":"Feature","geometry":{"type":"LineString","coordinates":[[-82.5911,36.6537],[-82.581,36.6519]]},"properties":{"name":"Unnamed Stream","layer":"nhd_perennial_streams","stream_type":"Perennial Stream","length_miles":null,"flow_direction":"","reach_code":""}},{"type":"Feature","geometry":{"type":"LineString","coordinates":[[-82.4792,36.3901],[-82.4783,36.3912]]},"properties":{"name":"Unnamed Stream","layer":"nhd_perennial_streams","stream_type":"Perennial Stream","length_miles":null,"flow_direction":"","reach_code":""}},{"type":"Feature","geometry":{"type":"LineString","coordinates":[[-82.6571,36.5681],[-82.6553,36.5716]]},"properties":{"name":"Unnamed Stream","layer":"nhd_perennial_streams","stream_type":"Perennial Stream","length_miles":null,"flow_direction":"","reach_code":""}},{"type":"Feature","geometry":{"type":"LineString","coordinates":[[-82.4265,36.4943],[-82.4276,36.4937]]},"properties":{"name":"Unnamed Stream","layer":"nhd_perennial_streams","stream_type":"Perennial Stream","length_miles":null,"flow_direction":"","reach_code":""}},{"type":"Feature","geometry":{"type":"LineString","coordinates":[[-82.5061,36.589],[-82.512,36.5867]]},"properties":{"name":"Unnamed Stream","layer":"nhd_perennial_streams","stream_type":"Perennial Stream","length_miles":null,"flow_direction":"","reach_code":""}},{"type":"Feature","geometry":{"type":"LineString","coordinates":[[-82.6518,36.414],[-82.6506,36.4137]]},"properties":{"name":"Unnamed Stream","layer":"nhd_perennial_streams","stream_type":"Perennial Stream","length_miles":null,"flow_direction":"","reach_code":""}},{"type":"Feature","geometry":{"type":"LineString","coordinates":[[-82.6234,36.446],[-82.6138,36.4505]]},"properties":{"name":"Unnamed Stream","layer":"nhd_perennial_streams","stream_type":"Perennial Stream","length_miles":null,"flow_direction":"","reach_code":""}},{"type":"Feature","geometry":{"type":"LineString","coordinates":[[-82.3959,36.5056],[-82.3988,36.5025]]},"properties":{"name":"Unnamed Stream","layer":"nhd_perennial_streams","stream_type":"Perennial Stream","length_miles":null,"flow_direction":"","reach_code":""}},{"type":"Feature","geometry":{"type":"LineString","coordinates":[[-82.6315,36.4424],[-82.631,36.4428]]},"properties":{"name":"Unnamed Stream","layer":"nhd_perennial_streams","stream_type":"Perennial Stream","length_miles":null,"flow_direction":"","reach_code":""}},{"type":"Feature","geometry":{"type":"LineString","coordinates":[[-82.6898,36.4259],[-82.6938,36.4273]]},"properties":{"name":"Unnamed Stream","layer":"nhd_perennial_streams","stream_type":"Perennial Stream","length_miles":null,"flow_direction":"","reach_code":""}},{"type":"Feature","geometry":{"type":"LineString","coordinates":[[-82.7024,36.4376],[-82.7062,36.4379]]},"properties":{"name":"Unnamed Stream","layer":"nhd_perennial_streams","stream_type":"Perennial Stream","length_miles":null,"flow_direction":"","reach_code":""}},{"type":"Feature","geometry":{"type":"LineString","coordinates":[[-82.7218,36.5459],[-82.719,36.5458]]},"properties":{"name":"Unnamed Stream","layer":"nhd_perennial_streams","stream_type":"Perennial Stream","length_miles":null,"flow_direction":"","reach_code":""}},{"type":"Feature","geometry":{"type":"LineString","coordinates":[[-82.6796,36.4952],[-82.6814,36.4976]]},"properties":{"name":"Unnamed Stream","layer":"nhd_perennial_streams","stream_type":"Perennial Stream","length_miles":null,"flow_direction":"","reach_code":""}},{"type":"Feature","geometry":{"type":"LineString","coordinates":[[-82.6622,36.3931],[-82.6679,36.3895]]},"properties":{"name":"Unnamed Stream","layer":"nhd_perennial_streams","stream_type":"Perennial Stream","length_miles":null,"flow_direction":"","reach_code":""}},{"type":"Feature","geometry":{"type":"LineString","coordinates":[[-82.4443,36.5986],[-82.4456,36.5962]]},"properties":{"name":"Unnamed Stream","layer":"nhd_perennial_streams","stream_type":"Perennial Stream","length_miles":null,"flow_direction":"","reach_code":""}},{"type":"Feature","geometry":{"type":"LineString","coordinates":[[-82.6088,36.4017],[-82.6123,36.4037]]},"properties":{"name":"Unnamed Stream","layer":"nhd_perennial_streams","stream_type":"Perennial Stream","length_miles":null,"flow_direction":"","reach_code":""}},{"type":"Feature","geometry":{"type":"LineString","coordinates":[[-82.5867,36.3818],[-82.5788,36.3896]]},"properties":{"name":"Unnamed Stream","layer":"nhd_perennial_streams","stream_type":"Perennial Stream","length_miles":null,"flow_direction":"","reach_code":""}},{"type":"Feature","geometry":{"type":"LineString","coordinates":[[-82.6726,36.4271],[-82.6715,36.4292]]},"properties":{"name":"Unnamed Stream","layer":"nhd_perennial_streams","stream_type":"Perennial Stream","length_miles":null,"flow_direction":"","reach_code":""}},{"type":"Feature","geometry":{"type":"LineString","coordinates":[[-82.4961,36.4998],[-82.5008,36.495]]},"properties":{"name":"Unnamed Stream","layer":"nhd_perennial_streams","stream_type":"Perennial Stream","length_miles":null,"flow_direction":"","reach_code":""}},{"type":"Feature","geometry":{"type":"LineString","coordinates":[[-82.6109,36.6268],[-82.6118,36.6315]]},"properties":{"name":"Unnamed Stream","layer":"nhd_perennial_streams","stream_type":"Perennial Stream","length_miles":null,"flow_direction":"","reach_code":""}},{"type":"Feature","geometry":{"type":"LineString","coordinates":[[-82.5416,36.6278],[-82.5411,36.6274]]},"properties":{"name":"Unnamed Stream","layer":"nhd_perennial_streams","stream_type":"Perennial Stream","length_miles":null,"flow_direction":"","reach_code":""}},{"type":"Feature","geometry":{"type":"LineString","coordinates":[[-82.4524,36.5506],[-82.444,36.5355]]},"properties":{"name":"Unnamed Stream","layer":"nhd_perennial_streams","stream_type":"Perennial Stream","length_miles":null,"flow_direction":"","reach_code":""}},{"type":"Feature","geometry":{"type":"LineString","coordinates":[[-82.6362,36.6138],[-82.6304,36.6129]]},"properties":{"name":"Unnamed Stream","layer":"nhd_perennial_streams","stream_type":"Perennial Stream","length_miles":null,"flow_direction":"","reach_code":""}},{"type":"Feature","geometry":{"type":"LineString","coordinates":[[-82.4927,36.5662],[-82.49,36.5609]]},"properties":{"name":"Unnamed Stream","layer":"nhd_perennial_streams","stream_type":"Perennial Stream","length_miles":null,"flow_direction":"","reach_code":""}},{"type":"Feature","geometry":{"type":"LineString","coordinates":[[-82.635,36.4122],[-82.6372,36.4123]]},"properties":{"name":"Unnamed Stream","layer":"nhd_perennial_streams","stream_type":"Perennial Stream","length_miles":null,"flow_direction":"","reach_code":""}},{"type":"Feature","geometry":{"type":"LineString","coordinates":[[-82.669,36.6263],[-82.6686,36.6214]]},"properties":{"name":"Unnamed Stream","layer":"nhd_perennial_streams","stream_type":"Perennial Stream","length_miles":null,"flow_direction":"","reach_code":""}},{"type":"Feature","geometry":{"type":"LineString","coordinates":[[-82.5194,36.5982],[-82.5244,36.605]]},"properties":{"name":"Unnamed Stream","layer":"nhd_perennial_streams","stream_type":"Perennial Stream","length_miles":null,"flow_direction":"","reach_code":""}},{"type":"Feature","geometry":{"type":"LineString","coordinates":[[-82.6623,36.5827],[-82.6506,36.5772]]},"properties":{"name":"Unnamed Stream","layer":"nhd_perennial_streams","stream_type":"Perennial Stream","length_miles":null,"flow_direction":"","reach_code":""}},{"type":"Feature","geometry":{"type":"LineString","coordinates":[[-82.6516,36.6109],[-82.6552,36.6066]]},"properties":{"name":"Unnamed Stream","layer":"nhd_perennial_streams","stream_type":"Perennial Stream","length_miles":null,"flow_direction":"","reach_code":""}},{"type":"Feature","geometry":{"type":"LineString","coordinates":[[-82.6393,36.4415],[-82.6426,36.4405]]},"properties":{"name":"Unnamed Stream","layer":"nhd_perennial_streams","stream_type":"Perennial Stream","length_miles":null,"flow_direction":"","reach_code":""}},{"type":"Feature","geometry":{"type":"LineString","coordinates":[[-82.6302,36.6162],[-82.6298,36.6138]]},"properties":{"name":"Unnamed Stream","layer":"nhd_perennial_streams","stream_type":"Perennial Stream","length_miles":null,"flow_direction":"","reach_code":""}},{"type":"Feature","geometry":{"type":"LineString","coordinates":[[-82.4723,36.4108],[-82.4672,36.412]]},"properties":{"name":"Unnamed Stream","layer":"nhd_perennial_streams","stream_type":"Perennial Stream","length_miles":null,"flow_direction":"","reach_code":""}},{"type":"Feature","geometry":{"type":"LineString","coordinates":[[-82.639,36.56],[-82.6355,36.5613]]},"properties":{"name":"Unnamed Stream","layer":"nhd_perennial_streams","stream_type":"Perennial Stream","length_miles":null,"flow_direction":"","reach_code":""}},{"type":"Feature","geometry":{"type":"LineString","coordinates":[[-82.5888,36.5908],[-82.596,36.5911]]},"properties":{"name":"Unnamed Stream","layer":"nhd_perennial_streams","stream_type":"Perennial Stream","length_miles":null,"flow_direction":"","reach_code":""}},{"type":"Feature","geometry":{"type":"LineString","coordinates":[[-82.6182,36.4594],[-82.6083,36.4543]]},"properties":{"name":"Unnamed Stream","layer":"nhd_perennial_streams","stream_type":"Perennial Stream","length_miles":null,"flow_direction":"","reach_code":""}},{"type":"Feature","geometry":{"type":"LineString","coordinates":[[-82.5224,36.3722],[-82.5147,36.3814]]},"properties":{"name":"Unnamed Stream","layer":"nhd_perennial_streams","stream_type":"Perennial Stream","length_miles":null,"flow_direction":"","reach_code":""}},{"type":"Feature","geometry":{"type":"LineString","coordinates":[[-82.4603,36.5105],[-82.4608,36.5104]]},"properties":{"name":"Unnamed Stream","layer":"nhd_perennial_streams","stream_type":"Perennial Stream","length_miles":null,"flow_direction":"","reach_code":""}},{"type":"Feature","geometry":{"type":"LineString","coordinates":[[-82.7137,36.4935],[-82.7117,36.4991]]},"properties":{"name":"Unnamed Stream","layer":"nhd_perennial_streams","stream_type":"Perennial Stream","length_miles":null,"flow_direction":"","reach_code":""}},{"type":"Feature","geometry":{"type":"LineString","coordinates":[[-82.7553,36.4276],[-82.7208,36.4518]]},"properties":{"name":"Unnamed Stream","layer":"nhd_perennial_streams","stream_type":"Perennial Stream","length_miles":null,"flow_direction":"","reach_code":""}},{"type":"Feature","geometry":{"type":"LineString","coordinates":[[-82.6277,36.5368],[-82.6375,36.5362]]},"properties":{"name":"Unnamed Stream","layer":"nhd_perennial_streams","stream_type":"Perennial Stream","length_miles":null,"flow_direction":"","reach_code":""}},{"type":"Feature","geometry":{"type":"LineString","coordinates":[[-82.7235,36.5129],[-82.7235,36.5162]]},"properties":{"name":"Unnamed Stream","layer":"nhd_perennial_streams","stream_type":"Perennial Stream","length_miles":null,"flow_direction":"","reach_code":""}},{"type":"Feature","geometry":{"type":"LineString","coordinates":[[-82.6932,36.4886],[-82.6968,36.4921]]},"properties":{"name":"Unnamed Stream","layer":"nhd_perennial_streams","stream_type":"Perennial Stream","length_miles":null,"flow_direction":"","reach_code":""}},{"type":"Feature","geometry":{"type":"LineString","coordinates":[[-82.6283,36.3848],[-82.6291,36.3841]]},"properties":{"name":"Unnamed Stream","layer":"nhd_perennial_streams","stream_type":"Perennial Stream","length_miles":null,"flow_direction":"","reach_code":""}},{"type":"Feature","geometry":{"type":"LineString","coordinates":[[-82.4428,36.5996],[-82.4443,36.5986]]},"properties":{"name":"Unnamed Stream","layer":"nhd_perennial_streams","stream_type":"Perennial Stream","length_miles":null,"flow_direction":"","reach_code":""}},{"type":"Feature","geometry":{"type":"LineString","coordinates":[[-82.4282,36.5765],[-82.4274,36.5731]]},"properties":{"name":"Unnamed Stream","layer":"nhd_perennial_streams","stream_type":"Perennial Stream","length_miles":null,"flow_direction":"","reach_code":""}},{"type":"Feature","geometry":{"type":"LineString","coordinates":[[-82.4679,36.5516],[-82.4692,36.5579]]},"properties":{"name":"Unnamed Stream","layer":"nhd_perennial_streams","stream_type":"Perennial Stream","length_miles":null,"flow_direction":"","reach_code":""}},{"type":"Feature","geometry":{"type":"LineString","coordinates":[[-82.4679,36.574],[-82.4677,36.5725]]},"properties":{"name":"Unnamed Stream","layer":"nhd_perennial_streams","stream_type":"Perennial Stream","length_miles":null,"flow_direction":"","reach_code":""}},{"type":"Feature","geometry":{"type":"LineString","coordinates":[[-82.5274,36.5244],[-82.5341,36.5229]]},"properties":{"name":"Unnamed Stream","layer":"nhd_perennial_streams","stream_type":"Perennial Stream","length_miles":null,"flow_direction":"","reach_code":""}},{"type":"Feature","geometry":{"type":"LineString","coordinates":[[-82.3952,36.5857],[-82.4118,36.5811]]},"properties":{"name":"Unnamed Stream","layer":"nhd_perennial_streams","stream_type":"Perennial Stream","length_miles":null,"flow_direction":"","reach_code":""}},{"type":"Feature","geometry":{"type":"LineString","coordinates":[[-82.6214,36.4914],[-82.6156,36.483]]},"properties":{"name":"Unnamed Stream","layer":"nhd_perennial_streams","stream_type":"Perennial Stream","length_miles":null,"flow_direction":"","reach_code":""}},{"type":"Feature","geometry":{"type":"LineString","coordinates":[[-82.6583,36.4582],[-82.6591,36.4597]]},"properties":{"name":"Unnamed Stream","layer":"nhd_perennial_streams","stream_type":"Perennial Stream","length_miles":null,"flow_direction":"","reach_code":""}},{"type":"Feature","geometry":{"type":"LineString","coordinates":[[-82.6605,36.4668],[-82.6586,36.4658]]},"properties":{"name":"Unnamed Stream","layer":"nhd_perennial_streams","stream_type":"Perennial Stream","length_miles":null,"flow_direction":"","reach_code":""}},{"type":"Feature","geometry":{"type":"LineString","coordinates":[[-82.5395,36.5616],[-82.5384,36.5588]]},"properties":{"name":"Unnamed Stream","layer":"nhd_perennial_streams","stream_type":"Perennial Stream","length_miles":null,"flow_direction":"","reach_code":""}},{"type":"Feature","geometry":{"type":"LineString","coordinates":[[-82.6166,36.6274],[-82.6162,36.6314]]},"properties":{"name":"Unnamed Stream","layer":"nhd_perennial_streams","stream_type":"Perennial Stream","length_miles":null,"flow_direction":"","reach_code":""}},{"type":"Feature","geometry":{"type":"LineString","coordinates":[[-82.6653,36.6261],[-82.6669,36.6239]]},"properties":{"name":"Unnamed Stream","layer":"nhd_perennial_streams","stream_type":"Perennial Stream","length_miles":null,"flow_direction":"","reach_code":""}},{"type":"Feature","geometry":{"type":"LineString","coordinates":[[-82.6608,36.4757],[-82.6586,36.473]]},"properties":{"name":"Unnamed Stream","layer":"nhd_perennial_streams","stream_type":"Perennial Stream","length_miles":null,"flow_direction":"","reach_code":""}},{"type":"Feature","geometry":{"type":"LineString","coordinates":[[-82.7052,36.5782],[-82.6957,36.5689]]},"properties":{"name":"Unnamed Stream","layer":"nhd_perennial_streams","stream_type":"Perennial Stream","length_miles":null,"flow_direction":"","reach_code":""}},{"type":"Feature","geometry":{"type":"LineString","coordinates":[[-82.7065,36.5698],[-82.7082,36.5623]]},"properties":{"name":"Unnamed Stream","layer":"nhd_perennial_streams","stream_type":"Perennial Stream","length_miles":null,"flow_direction":"","reach_code":""}},{"type":"Feature","geometry":{"type":"LineString","coordinates":[[-82.6717,36.5589],[-82.6717,36.555]]},"properties":{"name":"Unnamed Stream","layer":"nhd_perennial_streams","stream_type":"Perennial Stream","length_miles":null,"flow_direction":"","reach_code":""}},{"type":"Feature","geometry":{"type":"LineString","coordinates":[[-82.704,36.5293],[-82.6968,36.5195]]},"properties":{"name":"Unnamed Stream","layer":"nhd_perennial_streams","stream_type":"Perennial Stream","length_miles":null,"flow_direction":"","reach_code":""}},{"type":"Feature","geometry":{"type":"LineString","coordinates":[[-82.7136,36.4745],[-82.7108,36.4718]]},"properties":{"name":"Unnamed Stream","layer":"nhd_perennial_streams","stream_type":"Perennial Stream","length_miles":null,"flow_direction":"","reach_code":""}},{"type":"Feature","geometry":{"type":"LineString","coordinates":[[-82.7014,36.4905],[-82.7001,36.4921]]},"properties":{"name":"Unnamed Stream","layer":"nhd_perennial_streams","stream_type":"Perennial Stream","length_miles":null,"flow_direction":"","reach_code":""}},{"type":"Feature","geometry":{"type":"LineString","coordinates":[[-82.6593,36.4248],[-82.657,36.4268]]},"properties":{"name":"Unnamed Stream","layer":"nhd_perennial_streams","stream_type":"Perennial Stream","length_miles":null,"flow_direction":"","reach_code":""}},{"type":"Feature","geometry":{"type":"LineString","coordinates":[[-82.6118,36.4299],[-82.612,36.4348]]},"properties":{"name":"Unnamed Stream","layer":"nhd_perennial_streams","stream_type":"Perennial Stream","length_miles":null,"flow_direction":"","reach_code":""}},{"type":"Feature","geometry":{"type":"LineString","coordinates":[[-82.5318,36.4048],[-82.5262,36.403]]},"properties":{"name":"Unnamed Stream","layer":"nhd_perennial_streams","stream_type":"Perennial Stream","length_miles":null,"flow_direction":"","reach_code":""}},{"type":"Feature","geometry":{"type":"LineString","coordinates":[[-82.6109,36.4767],[-82.6074,36.4767]]},"properties":{"name":"Unnamed Stream","layer":"nhd_perennial_streams","stream_type":"Perennial Stream","length_miles":null,"flow_direction":"","reach_code":""}},{"type":"Feature","geometry":{"type":"LineString","coordinates":[[-82.5955,36.496],[-82.5912,36.4973]]},"properties":{"name":"Unnamed Stream","layer":"nhd_perennial_streams","stream_type":"Perennial Stream","length_miles":null,"flow_direction":"","reach_code":""}},{"type":"Feature","geometry":{"type":"LineString","coordinates":[[-82.5767,36.6317],[-82.5777,36.6321]]},"properties":{"name":"Unnamed Stream","layer":"nhd_perennial_streams","stream_type":"Perennial Stream","length_miles":null,"flow_direction":"","reach_code":""}},{"type":"Feature","geometry":{"type":"LineString","coordinates":[[-82.6783,36.4553],[-82.6816,36.4541]]},"properties":{"name":"Unnamed Stream","layer":"nhd_perennial_streams","stream_type":"Perennial Stream","length_miles":null,"flow_direction":"","reach_code":""}},{"type":"Feature","geometry":{"type":"LineString","coordinates":[[-82.641,36.4428],[-82.641,36.445]]},"properties":{"name":"Unnamed Stream","layer":"nhd_perennial_streams","stream_type":"Perennial Stream","length_miles":null,"flow_direction":"","reach_code":""}},{"type":"Feature","geometry":{"type":"LineString","coordinates":[[-82.6123,36.6462],[-82.6101,36.6486]]},"properties":{"name":"Unnamed Stream","layer":"nhd_perennial_streams","stream_type":"Perennial Stream","length_miles":null,"flow_direction":"","reach_code":""}},{"type":"Feature","geometry":{"type":"LineString","coordinates":[[-82.678,36.5702],[-82.6625,36.5739]]},"properties":{"name":"Unnamed Stream","layer":"nhd_perennial_streams","stream_type":"Perennial Stream","length_miles":null,"flow_direction":"","reach_code":""}},{"type":"Feature","geometry":{"type":"LineString","coordinates":[[-82.396,36.5358],[-82.3891,36.5342]]},"properties":{"name":"Unnamed Stream","layer":"nhd_perennial_streams","stream_type":"Perennial Stream","length_miles":null,"flow_direction":"","reach_code":""}},{"type":"Feature","geometry":{"type":"LineString","coordinates":[[-82.6954,36.4155],[-82.6999,36.4202]]},"properties":{"name":"Unnamed Stream","layer":"nhd_perennial_streams","stream_type":"Perennial Stream","length_miles":null,"flow_direction":"","reach_code":""}},{"type":"Feature","geometry":{"type":"LineString","coordinates":[[-82.7271,36.4773],[-82.7269,36.4773]]},"properties":{"name":"Unnamed Stream","layer":"nhd_perennial_streams","stream_type":"Perennial Stream","length_miles":null,"flow_direction":"","reach_code":""}},{"type":"Feature","geometry":{"type":"LineString","coordinates":[[-82.7294,36.4635],[-82.7341,36.4669]]},"properties":{"name":"Unnamed Stream","layer":"nhd_perennial_streams","stream_type":"Perennial Stream","length_miles":null,"flow_direction":"","reach_code":""}},{"type":"Feature","geometry":{"type":"LineString","coordinates":[[-82.7203,36.4736],[-82.7234,36.476]]},"properties":{"name":"Unnamed Stream","layer":"nhd_perennial_streams","stream_type":"Perennial Stream","length_miles":null,"flow_direction":"","reach_code":""}},{"type":"Feature","geometry":{"type":"LineString","coordinates":[[-82.6933,36.5313],[-82.6858,36.525]]},"properties":{"name":"Unnamed Stream","layer":"nhd_perennial_streams","stream_type":"Perennial Stream","length_miles":null,"flow_direction":"","reach_code":""}},{"type":"Feature","geometry":{"type":"LineString","coordinates":[[-82.6222,36.3856],[-82.6229,36.3828]]},"properties":{"name":"Unnamed Stream","layer":"nhd_perennial_streams","stream_type":"Perennial Stream","length_miles":null,"flow_direction":"","reach_code":""}},{"type":"Feature","geometry":{"type":"LineString","coordinates":[[-82.6306,36.4023],[-82.6326,36.4023]]},"properties":{"name":"Unnamed Stream","layer":"nhd_perennial_streams","stream_type":"Perennial Stream","length_miles":null,"flow_direction":"","reach_code":""}},{"type":"Feature","geometry":{"type":"LineString","coordinates":[[-82.6347,36.4638],[-82.6366,36.4604]]},"properties":{"name":"Unnamed Stream","layer":"nhd_perennial_streams","stream_type":"Perennial Stream","length_miles":null,"flow_direction":"","reach_code":""}},{"type":"Feature","geometry":{"type":"LineString","coordinates":[[-82.5052,36.6436],[-82.5031,36.6418]]},"properties":{"name":"Unnamed Stream","layer":"nhd_perennial_streams","stream_type":"Perennial Stream","length_miles":null,"flow_direction":"","reach_code":""}},{"type":"Feature","geometry":{"type":"LineString","coordinates":[[-82.6544,36.6349],[-82.6507,36.6342]]},"properties":{"name":"Unnamed Stream","layer":"nhd_perennial_streams","stream_type":"Perennial Stream","length_miles":null,"flow_direction":"","reach_code":""}},{"type":"Feature","geometry":{"type":"LineString","coordinates":[[-82.6564,36.4629],[-82.6546,36.4618]]},"properties":{"name":"Unnamed Stream","layer":"nhd_perennial_streams","stream_type":"Perennial Stream","length_miles":null,"flow_direction":"","reach_code":""}},{"type":"Feature","geometry":{"type":"LineString","coordinates":[[-82.5267,36.6282],[-82.5328,36.622]]},"properties":{"name":"Unnamed Stream","layer":"nhd_perennial_streams","stream_type":"Perennial Stream","length_miles":null,"flow_direction":"","reach_code":""}},{"type":"Feature","geometry":{"type":"LineString","coordinates":[[-82.5905,36.4483],[-82.5941,36.4507]]},"properties":{"name":"Unnamed Stream","layer":"nhd_perennial_streams","stream_type":"Perennial Stream","length_miles":null,"flow_direction":"","reach_code":""}},{"type":"Feature","geometry":{"type":"LineString","coordinates":[[-82.4933,36.512],[-82.4936,36.5118]]},"properties":{"name":"Unnamed Stream","layer":"nhd_perennial_streams","stream_type":"Perennial Stream","length_miles":null,"flow_direction":"","reach_code":""}},{"type":"Feature","geometry":{"type":"LineString","coordinates":[[-82.6461,36.4406],[-82.6431,36.4398]]},"properties":{"name":"Unnamed Stream","layer":"nhd_perennial_streams","stream_type":"Perennial Stream","length_miles":null,"flow_direction":"","reach_code":""}},{"type":"Feature","geometry":{"type":"LineString","coordinates":[[-82.4529,36.5249],[-82.4547,36.524]]},"properties":{"name":"Unnamed Stream","layer":"nhd_perennial_streams","stream_type":"Perennial Stream","length_miles":null,"flow_direction":"","reach_code":""}},{"type":"Feature","geometry":{"type":"LineString","coordinates":[[-82.4516,36.5656],[-82.4581,36.5626]]},"properties":{"name":"Unnamed Stream","layer":"nhd_perennial_streams","stream_type":"Perennial Stream","length_miles":null,"flow_direction":"","reach_code":""}},{"type":"Feature","geometry":{"type":"LineString","coordinates":[[-82.5289,36.6408],[-82.5266,36.6391]]},"properties":{"name":"Unnamed Stream","layer":"nhd_perennial_streams","stream_type":"Perennial Stream","length_miles":null,"flow_direction":"","reach_code":""}},{"type":"Feature","geometry":{"type":"LineString","coordinates":[[-82.6195,36.4128],[-82.6237,36.4174]]},"properties":{"name":"Unnamed Stream","layer":"nhd_perennial_streams","stream_type":"Perennial Stream","length_miles":null,"flow_direction":"","reach_code":""}},{"type":"Feature","geometry":{"type":"LineString","coordinates":[[-82.6641,36.4694],[-82.6605,36.4668]]},"properties":{"name":"Unnamed Stream","layer":"nhd_perennial_streams","stream_type":"Perennial Stream","length_miles":null,"flow_direction":"","reach_code":""}},{"type":"Feature","geometry":{"type":"LineString","coordinates":[[-82.6351,36.406],[-82.635,36.4075]]},"properties":{"name":"Unnamed Stream","layer":"nhd_perennial_streams","stream_type":"Perennial Stream","length_miles":null,"flow_direction":"","reach_code":""}},{"type":"Feature","geometry":{"type":"LineString","coordinates":[[-82.6406,36.4817],[-82.6357,36.4786]]},"properties":{"name":"Unnamed Stream","layer":"nhd_perennial_streams","stream_type":"Perennial Stream","length_miles":null,"flow_direction":"","reach_code":""}},{"type":"Feature","geometry":{"type":"LineString","coordinates":[[-82.5212,36.5685],[-82.519,36.5627]]},"properties":{"name":"Unnamed Stream","layer":"nhd_perennial_streams","stream_type":"Perennial Stream","length_miles":null,"flow_direction":"","reach_code":""}},{"type":"Feature","geometry":{"type":"LineString","coordinates":[[-82.7036,36.468],[-82.7025,36.4653]]},"properties":{"name":"Unnamed Stream","layer":"nhd_perennial_streams","stream_type":"Perennial Stream","length_miles":null,"flow_direction":"","reach_code":""}},{"type":"Feature","geometry":{"type":"LineString","coordinates":[[-82.4768,36.3829],[-82.4794,36.3838],[-82.4792,36.3901]]},"properties":{"name":"Unnamed Stream","layer":"nhd_perennial_streams","stream_type":"Perennial Stream","length_miles":null,"flow_direction":"","reach_code":""}},{"type":"Feature","geometry":{"type":"LineString","coordinates":[[-82.4253,36.4898],[-82.4265,36.4943]]},"properties":{"name":"Unnamed Stream","layer":"nhd_perennial_streams","stream_type":"Perennial Stream","length_miles":null,"flow_direction":"","reach_code":""}},{"type":"Feature","geometry":{"type":"LineString","coordinates":[[-82.697,36.4712],[-82.6944,36.4699]]},"properties":{"name":"Unnamed Stream","layer":"nhd_perennial_streams","stream_type":"Perennial Stream","length_miles":null,"flow_direction":"","reach_code":""}},{"type":"Feature","geometry":{"type":"LineString","coordinates":[[-82.5865,36.6315],[-82.5873,36.6326]]},"properties":{"name":"Unnamed Stream","layer":"nhd_perennial_streams","stream_type":"Perennial Stream","length_miles":null,"flow_direction":"","reach_code":""}},{"type":"Feature","geometry":{"type":"LineString","coordinates":[[-82.6816,36.4541],[-82.681,36.4526]]},"properties":{"name":"Unnamed Stream","layer":"nhd_perennial_streams","stream_type":"Perennial Stream","length_miles":null,"flow_direction":"","reach_code":""}},{"type":"Feature","geometry":{"type":"LineString","coordinates":[[-82.5399,36.4841],[-82.5283,36.4885]]},"properties":{"name":"Unnamed Stream","layer":"nhd_perennial_streams","stream_type":"Perennial Stream","length_miles":null,"flow_direction":"","reach_code":""}},{"type":"Feature","geometry":{"type":"LineString","coordinates":[[-82.6396,36.4538],[-82.6355,36.4548]]},"properties":{"name":"Unnamed Stream","layer":"nhd_perennial_streams","stream_type":"Perennial Stream","length_miles":null,"flow_direction":"","reach_code":""}},{"type":"Feature","geometry":{"type":"LineString","coordinates":[[-82.655,36.5172],[-82.6567,36.5192]]},"properties":{"name":"Unnamed Stream","layer":"nhd_perennial_streams","stream_type":"Perennial Stream","length_miles":null,"flow_direction":"","reach_code":""}},{"type":"Feature","geometry":{"type":"LineString","coordinates":[[-82.7076,36.4365],[-82.7107,36.4348]]},"properties":{"name":"Unnamed Stream","layer":"nhd_perennial_streams","stream_type":"Perennial Stream","length_miles":null,"flow_direction":"","reach_code":""}},{"type":"Feature","geometry":{"type":"LineString","coordinates":[[-82.6604,36.5501],[-82.653,36.5434]]},"properties":{"name":"Unnamed Stream","layer":"nhd_perennial_streams","stream_type":"Perennial Stream","length_miles":null,"flow_direction":"","reach_code":""}},{"type":"Feature","geometry":{"type":"LineString","coordinates":[[-82.6543,36.4002],[-82.6542,36.4064]]},"properties":{"name":"Unnamed Stream","layer":"nhd_perennial_streams","stream_type":"Perennial Stream","length_miles":null,"flow_direction":"","reach_code":""}},{"type":"Feature","geometry":{"type":"LineString","coordinates":[[-82.6401,36.3899],[-82.6395,36.3905]]},"properties":{"name":"Unnamed Stream","layer":"nhd_perennial_streams","stream_type":"Perennial Stream","length_miles":null,"flow_direction":"","reach_code":""}},{"type":"Feature","geometry":{"type":"LineString","coordinates":[[-82.4926,36.5177],[-82.4906,36.5163]]},"properties":{"name":"Unnamed Stream","layer":"nhd_perennial_streams","stream_type":"Perennial Stream","length_miles":null,"flow_direction":"","reach_code":""}},{"type":"Feature","geometry":{"type":"LineString","coordinates":[[-82.5523,36.6091],[-82.5517,36.6062]]},"properties":{"name":"Unnamed Stream","layer":"nhd_perennial_streams","stream_type":"Perennial Stream","length_miles":null,"flow_direction":"","reach_code":""}},{"type":"Feature","geometry":{"type":"LineString","coordinates":[[-82.4237,36.5743],[-82.4274,36.5731]]},"properties":{"name":"Unnamed Stream","layer":"nhd_perennial_streams","stream_type":"Perennial Stream","length_miles":null,"flow_direction":"","reach_code":""}},{"type":"Feature","geometry":{"type":"LineString","coordinates":[[-82.485,36.5874],[-82.4868,36.5846],[-82.4834,36.583],[-82.4819,36.5755]]},"properties":{"name":"Unnamed Stream","layer":"nhd_perennial_streams","stream_type":"Perennial Stream","length_miles":null,"flow_direction":"","reach_code":""}},{"type":"Feature","geometry":{"type":"LineString","coordinates":[[-82.4608,36.6291],[-82.4632,36.6284]]},"properties":{"name":"Unnamed Stream","layer":"nhd_perennial_streams","stream_type":"Perennial Stream","length_miles":null,"flow_direction":"","reach_code":""}},{"type":"Feature","geometry":{"type":"LineString","coordinates":[[-82.6691,36.4593],[-82.668,36.458]]},"properties":{"name":"Unnamed Stream","layer":"nhd_perennial_streams","stream_type":"Perennial Stream","length_miles":null,"flow_direction":"","reach_code":""}},{"type":"Feature","geometry":{"type":"LineString","coordinates":[[-82.69,36.4575],[-82.6841,36.4579]]},"properties":{"name":"Unnamed Stream","layer":"nhd_perennial_streams","stream_type":"Perennial Stream","length_miles":null,"flow_direction":"","reach_code":""}},{"type":"Feature","geometry":{"type":"LineString","coordinates":[[-82.4941,36.6359],[-82.4946,36.6369]]},"properties":{"name":"Unnamed Stream","layer":"nhd_perennial_streams","stream_type":"Perennial Stream","length_miles":null,"flow_direction":"","reach_code":""}},{"type":"Feature","geometry":{"type":"LineString","coordinates":[[-82.6126,36.4477],[-82.6138,36.4505]]},"properties":{"name":"Unnamed Stream","layer":"nhd_perennial_streams","stream_type":"Perennial Stream","length_miles":null,"flow_direction":"","reach_code":""}},{"type":"Feature","geometry":{"type":"LineString","coordinates":[[-82.6252,36.4491],[-82.6234,36.446]]},"properties":{"name":"Unnamed Stream","layer":"nhd_perennial_streams","stream_type":"Perennial Stream","length_miles":null,"flow_direction":"","reach_code":""}},{"type":"Feature","geometry":{"type":"LineString","coordinates":[[-82.5092,36.4124],[-82.5077,36.4148]]},"properties":{"name":"Unnamed Stream","layer":"nhd_perennial_streams","stream_type":"Perennial Stream","length_miles":null,"flow_direction":"","reach_code":""}},{"type":"Feature","geometry":{"type":"LineString","coordinates":[[-82.5102,36.5533],[-82.5187,36.5483]]},"properties":{"name":"Unnamed Stream","layer":"nhd_perennial_streams","stream_type":"Perennial Stream","length_miles":null,"flow_direction":"","reach_code":""}},{"type":"Feature","geometry":{"type":"LineString","coordinates":[[-82.6285,36.5717],[-82.6226,36.5671]]},"properties":{"name":"Unnamed Stream","layer":"nhd_perennial_streams","stream_type":"Perennial Stream","length_miles":null,"flow_direction":"","reach_code":""}},{"type":"Feature","geometry":{"type":"LineString","coordinates":[[-82.7042,36.4295],[-82.7022,36.432]]},"properties":{"name":"Unnamed Stream","layer":"nhd_perennial_streams","stream_type":"Perennial Stream","length_miles":null,"flow_direction":"","reach_code":""}},{"type":"Feature","geometry":{"type":"LineString","coordinates":[[-82.7209,36.4872],[-82.7205,36.4881]]},"properties":{"name":"Unnamed Stream","layer":"nhd_perennial_streams","stream_type":"Perennial Stream","length_miles":null,"flow_direction":"","reach_code":""}},{"type":"Feature","geometry":{"type":"LineString","coordinates":[[-82.6665,36.4415],[-82.6658,36.4431]]},"properties":{"name":"Unnamed Stream","layer":"nhd_perennial_streams","stream_type":"Perennial Stream","length_miles":null,"flow_direction":"","reach_code":""}},{"type":"Feature","geometry":{"type":"LineString","coordinates":[[-82.6336,36.4764],[-82.6349,36.4744]]},"properties":{"name":"Unnamed Stream","layer":"nhd_perennial_streams","stream_type":"Perennial Stream","length_miles":null,"flow_direction":"","reach_code":""}},{"type":"Feature","geometry":{"type":"LineString","coordinates":[[-82.4108,36.573],[-82.4121,36.5733]]},"properties":{"name":"Unnamed Stream","layer":"nhd_perennial_streams","stream_type":"Perennial Stream","length_miles":null,"flow_direction":"","reach_code":""}},{"type":"Feature","geometry":{"type":"LineString","coordinates":[[-82.657,36.4628],[-82.6564,36.4629]]},"properties":{"name":"Unnamed Stream","layer":"nhd_perennial_streams","stream_type":"Perennial Stream","length_miles":null,"flow_direction":"","reach_code":""}},{"type":"Feature","geometry":{"type":"LineString","coordinates":[[-82.6341,36.4867],[-82.6326,36.4859]]},"properties":{"name":"Unnamed Stream","layer":"nhd_perennial_streams","stream_type":"Perennial Stream","length_miles":null,"flow_direction":"","reach_code":""}},{"type":"Feature","geometry":{"type":"LineString","coordinates":[[-82.6448,36.6069],[-82.6301,36.6052]]},"properties":{"name":"Unnamed Stream","layer":"nhd_perennial_streams","stream_type":"Perennial Stream","length_miles":null,"flow_direction":"","reach_code":""}},{"type":"Feature","geometry":{"type":"LineString","coordinates":[[-82.6311,36.4401],[-82.6303,36.4379]]},"properties":{"name":"Unnamed Stream","layer":"nhd_perennial_streams","stream_type":"Perennial Stream","length_miles":null,"flow_direction":"","reach_code":""}},{"type":"Feature","geometry":{"type":"LineString","coordinates":[[-82.681,36.4526],[-82.679,36.4502]]},"properties":{"name":"Unnamed Stream","layer":"nhd_perennial_streams","stream_type":"Perennial Stream","length_miles":null,"flow_direction":"","reach_code":""}},{"type":"Feature","geometry":{"type":"LineString","coordinates":[[-82.5798,36.6458],[-82.5802,36.6435]]},"properties":{"name":"Unnamed Stream","layer":"nhd_perennial_streams","stream_type":"Perennial Stream","length_miles":null,"flow_direction":"","reach_code":""}},{"type":"Feature","geometry":{"type":"LineString","coordinates":[[-82.5847,36.4448],[-82.5859,36.4483],[-82.5905,36.4483]]},"properties":{"name":"Unnamed Stream","layer":"nhd_perennial_streams","stream_type":"Perennial Stream","length_miles":null,"flow_direction":"","reach_code":""}},{"type":"Feature","geometry":{"type":"LineString","coordinates":[[-82.651,36.47],[-82.6507,36.4683]]},"properties":{"name":"Unnamed Stream","layer":"nhd_perennial_streams","stream_type":"Perennial Stream","length_miles":null,"flow_direction":"","reach_code":""}},{"type":"Feature","geometry":{"type":"LineString","coordinates":[[-82.4199,36.4819],[-82.4134,36.4797]]},"properties":{"name":"Unnamed Stream","layer":"nhd_perennial_streams","stream_type":"Perennial Stream","length_miles":null,"flow_direction":"","reach_code":""}},{"type":"Feature","geometry":{"type":"LineString","coordinates":[[-82.6362,36.449],[-82.6262,36.4498]]},"properties":{"name":"Unnamed Stream","layer":"nhd_perennial_streams","stream_type":"Perennial Stream","length_miles":null,"flow_direction":"","reach_code":""}},{"type":"Feature","geometry":{"type":"LineString","coordinates":[[-82.7307,36.4736],[-82.7281,36.4768]]},"properties":{"name":"Unnamed Stream","layer":"nhd_perennial_streams","stream_type":"Perennial Stream","length_miles":null,"flow_direction":"","reach_code":""}},{"type":"Feature","geometry":{"type":"LineString","coordinates":[[-82.6967,36.4871],[-82.7001,36.4921]]},"properties":{"name":"Unnamed Stream","layer":"nhd_perennial_streams","stream_type":"Perennial Stream","length_miles":null,"flow_direction":"","reach_code":""}},{"type":"Feature","geometry":{"type":"LineString","coordinates":[[-82.6632,36.411],[-82.6653,36.4108]]},"properties":{"name":"Unnamed Stream","layer":"nhd_perennial_streams","stream_type":"Perennial Stream","length_miles":null,"flow_direction":"","reach_code":""}},{"type":"Feature","geometry":{"type":"LineString","coordinates":[[-82.5716,36.3702],[-82.571,36.3687]]},"properties":{"name":"Unnamed Stream","layer":"nhd_perennial_streams","stream_type":"Perennial Stream","length_miles":null,"flow_direction":"","reach_code":""}},{"type":"Feature","geometry":{"type":"LineString","coordinates":[[-82.6356,36.3931],[-82.6395,36.3975]]},"properties":{"name":"Unnamed Stream","layer":"nhd_perennial_streams","stream_type":"Perennial Stream","length_miles":null,"flow_direction":"","reach_code":""}},{"type":"Feature","geometry":{"type":"LineString","coordinates":[[-82.6432,36.4026],[-82.6476,36.403]]},"properties":{"name":"Unnamed Stream","layer":"nhd_perennial_streams","stream_type":"Perennial Stream","length_miles":null,"flow_direction":"","reach_code":""}},{"type":"Feature","geometry":{"type":"LineString","coordinates":[[-82.5788,36.4998],[-82.5757,36.5001]]},"properties":{"name":"Unnamed Stream","layer":"nhd_perennial_streams","stream_type":"Perennial Stream","length_miles":null,"flow_direction":"","reach_code":""}},{"type":"Feature","geometry":{"type":"LineString","coordinates":[[-82.5575,36.5056],[-82.5653,36.5075]]},"properties":{"name":"Unnamed Stream","layer":"nhd_perennial_streams","stream_type":"Perennial Stream","length_miles":null,"flow_direction":"","reach_code":""}},{"type":"Feature","geometry":{"type":"LineString","coordinates":[[-82.6394,36.424],[-82.6377,36.4254]]},"properties":{"name":"Unnamed Stream","layer":"nhd_perennial_streams","stream_type":"Perennial Stream","length_miles":null,"flow_direction":"","reach_code":""}},{"type":"Feature","geometry":{"type":"LineString","coordinates":[[-82.5165,36.636],[-82.5173,36.6352]]},"properties":{"name":"Unnamed Stream","layer":"nhd_perennial_streams","stream_type":"Perennial Stream","length_miles":null,"flow_direction":"","reach_code":""}},{"type":"Feature","geometry":{"type":"LineString","coordinates":[[-82.6366,36.4604],[-82.6355,36.4548]]},"properties":{"name":"Unnamed Stream","layer":"nhd_perennial_streams","stream_type":"Perennial Stream","length_miles":null,"flow_direction":"","reach_code":""}},{"type":"Feature","geometry":{"type":"LineString","coordinates":[[-82.6375,36.4683],[-82.635,36.47]]},"properties":{"name":"Unnamed Stream","layer":"nhd_perennial_streams","stream_type":"Perennial Stream","length_miles":null,"flow_direction":"","reach_code":""}},{"type":"Feature","geometry":{"type":"LineString","coordinates":[[-82.6658,36.4728],[-82.6641,36.4694]]},"properties":{"name":"Unnamed Stream","layer":"nhd_perennial_streams","stream_type":"Perennial Stream","length_miles":null,"flow_direction":"","reach_code":""}},{"type":"Feature","geometry":{"type":"LineString","coordinates":[[-82.3972,36.5437],[-82.4,36.5467]]},"properties":{"name":"Unnamed Stream","layer":"nhd_perennial_streams","stream_type":"Perennial Stream","length_miles":null,"flow_direction":"","reach_code":""}},{"type":"Feature","geometry":{"type":"LineString","coordinates":[[-82.6917,36.4547],[-82.6881,36.4521]]},"properties":{"name":"Unnamed Stream","layer":"nhd_perennial_streams","stream_type":"Perennial Stream","length_miles":null,"flow_direction":"","reach_code":""}},{"type":"Feature","geometry":{"type":"LineString","coordinates":[[-82.4508,36.5698],[-82.4513,36.5671]]},"properties":{"name":"Unnamed Stream","layer":"nhd_perennial_streams","stream_type":"Perennial Stream","length_miles":null,"flow_direction":"","reach_code":""}},{"type":"Feature","geometry":{"type":"LineString","coordinates":[[-82.6212,36.6272],[-82.6193,36.6302]]},"properties":{"name":"Unnamed Stream","layer":"nhd_perennial_streams","stream_type":"Perennial Stream","length_miles":null,"flow_direction":"","reach_code":""}},{"type":"Feature","geometry":{"type":"LineString","coordinates":[[-82.5475,36.3881],[-82.5399,36.3847]]},"properties":{"name":"Unnamed Stream","layer":"nhd_perennial_streams","stream_type":"Perennial Stream","length_miles":null,"flow_direction":"","reach_code":""}},{"type":"Feature","geometry":{"type":"LineString","coordinates":[[-82.6455,36.6181],[-82.6434,36.6177]]},"properties":{"name":"Unnamed Stream","layer":"nhd_perennial_streams","stream_type":"Perennial Stream","length_miles":null,"flow_direction":"","reach_code":""}},{"type":"Feature","geometry":{"type":"LineString","coordinates":[[-82.3928,36.4865],[-82.3953,36.4829]]},"properties":{"name":"Unnamed Stream","layer":"nhd_perennial_streams","stream_type":"Perennial Stream","length_miles":null,"flow_direction":"","reach_code":""}},{"type":"Feature","geometry":{"type":"LineString","coordinates":[[-82.5118,36.5387],[-82.521,36.5446]]},"properties":{"name":"Unnamed Stream","layer":"nhd_perennial_streams","stream_type":"Perennial Stream","length_miles":null,"flow_direction":"","reach_code":""}},{"type":"Feature","geometry":{"type":"LineString","coordinates":[[-82.6502,36.4669],[-82.6483,36.4668]]},"properties":{"name":"Unnamed Stream","layer":"nhd_perennial_streams","stream_type":"Perennial Stream","length_miles":null,"flow_direction":"","reach_code":""}},{"type":"Feature","geometry":{"type":"LineString","coordinates":[[-82.538,36.5865],[-82.5412,36.5794],[-82.5379,36.5673],[-82.5463,36.5637]]},"properties":{"name":"Unnamed Stream","layer":"nhd_perennial_streams","stream_type":"Perennial Stream","length_miles":null,"flow_direction":"","reach_code":""}},{"type":"Feature","geometry":{"type":"LineString","coordinates":[[-82.6862,36.4535],[-82.6833,36.4527]]},"properties":{"name":"Unnamed Stream","layer":"nhd_perennial_streams","stream_type":"Perennial Stream","length_miles":null,"flow_direction":"","reach_code":""}},{"type":"Feature","geometry":{"type":"LineString","coordinates":[[-82.5193,36.375],[-82.5194,36.3751]]},"properties":{"name":"Unnamed Stream","layer":"nhd_perennial_streams","stream_type":"Perennial Stream","length_miles":null,"flow_direction":"","reach_code":""}},{"type":"Feature","geometry":{"type":"LineString","coordinates":[[-82.5625,36.6288],[-82.5613,36.6277]]},"properties":{"name":"Unnamed Stream","layer":"nhd_perennial_streams","stream_type":"Perennial Stream","length_miles":null,"flow_direction":"","reach_code":""}},{"type":"Feature","geometry":{"type":"LineString","coordinates":[[-82.4491,36.6091],[-82.4549,36.6142]]},"properties":{"name":"Unnamed Stream","layer":"nhd_perennial_streams","stream_type":"Perennial Stream","length_miles":null,"flow_direction":"","reach_code":""}},{"type":"Feature","geometry":{"type":"LineString","coordinates":[[-82.6217,36.5424],[-82.6211,36.5411]]},"properties":{"name":"Unnamed Stream","layer":"nhd_perennial_streams","stream_type":"Perennial Stream","length_miles":null,"flow_direction":"","reach_code":""}},{"type":"Feature","geometry":{"type":"LineString","coordinates":[[-82.6915,36.4999],[-82.6916,36.4975]]},"properties":{"name":"Unnamed Stream","layer":"nhd_perennial_streams","stream_type":"Perennial Stream","length_miles":null,"flow_direction":"","reach_code":""}},{"type":"Feature","geometry":{"type":"LineString","coordinates":[[-82.7276,36.5475],[-82.7305,36.5425],[-82.7265,36.5357]]},"properties":{"name":"Unnamed Stream","layer":"nhd_perennial_streams","stream_type":"Perennial Stream","length_miles":null,"flow_direction":"","reach_code":""}},{"type":"Feature","geometry":{"type":"LineString","coordinates":[[-82.6364,36.3876],[-82.6373,36.3819]]},"properties":{"name":"Unnamed Stream","layer":"nhd_perennial_streams","stream_type":"Perennial Stream","length_miles":null,"flow_direction":"","reach_code":""}},{"type":"Feature","geometry":{"type":"LineString","coordinates":[[-82.4692,36.6272],[-82.468,36.6268]]},"properties":{"name":"Unnamed Stream","layer":"nhd_perennial_streams","stream_type":"Perennial Stream","length_miles":null,"flow_direction":"","reach_code":""}},{"type":"Feature","geometry":{"type":"LineString","coordinates":[[-82.6466,36.4762],[-82.6434,36.4746]]},"properties":{"name":"Unnamed Stream","layer":"nhd_perennial_streams","stream_type":"Perennial Stream","length_miles":null,"flow_direction":"","reach_code":""}},{"type":"Feature","geometry":{"type":"LineString","coordinates":[[-82.5973,36.5661],[-82.5983,36.5565],[-82.5952,36.5507]]},"properties":{"name":"Unnamed Stream","layer":"nhd_perennial_streams","stream_type":"Perennial Stream","length_miles":null,"flow_direction":"","reach_code":""}},{"type":"Feature","geometry":{"type":"LineString","coordinates":[[-82.4281,36.4629],[-82.4216,36.4605]]},"properties":{"name":"Unnamed Stream","layer":"nhd_perennial_streams","stream_type":"Perennial Stream","length_miles":null,"flow_direction":"","reach_code":""}},{"type":"Feature","geometry":{"type":"LineString","coordinates":[[-82.6335,36.4138],[-82.635,36.4122]]},"properties":{"name":"Unnamed Stream","layer":"nhd_perennial_streams","stream_type":"Perennial Stream","length_miles":null,"flow_direction":"","reach_code":""}},{"type":"Feature","geometry":{"type":"LineString","coordinates":[[-82.6489,36.419],[-82.6462,36.4179]]},"properties":{"name":"Unnamed Stream","layer":"nhd_perennial_streams","stream_type":"Perennial Stream","length_miles":null,"flow_direction":"","reach_code":""}},{"type":"Feature","geometry":{"type":"LineString","coordinates":[[-82.5652,36.6573],[-82.5709,36.6539]]},"properties":{"name":"Unnamed Stream","layer":"nhd_perennial_streams","stream_type":"Perennial Stream","length_miles":null,"flow_direction":"","reach_code":""}},{"type":"Feature","geometry":{"type":"LineString","coordinates":[[-82.7024,36.5998],[-82.7032,36.595]]},"properties":{"name":"Unnamed Stream","layer":"nhd_perennial_streams","stream_type":"Perennial Stream","length_miles":null,"flow_direction":"","reach_code":""}},{"type":"Feature","geometry":{"type":"LineString","coordinates":[[-82.6428,36.4706],[-82.6411,36.4687]]},"properties":{"name":"Unnamed Stream","layer":"nhd_perennial_streams","stream_type":"Perennial Stream","length_miles":null,"flow_direction":"","reach_code":""}},{"type":"Feature","geometry":{"type":"LineString","coordinates":[[-82.4502,36.5581],[-82.4511,36.5619]]},"properties":{"name":"Unnamed Stream","layer":"nhd_perennial_streams","stream_type":"Perennial Stream","length_miles":null,"flow_direction":"","reach_code":""}},{"type":"Feature","geometry":{"type":"LineString","coordinates":[[-82.6025,36.5708],[-82.6063,36.5728]]},"properties":{"name":"Unnamed Stream","layer":"nhd_perennial_streams","stream_type":"Perennial Stream","length_miles":null,"flow_direction":"","reach_code":""}},{"type":"Feature","geometry":{"type":"LineString","coordinates":[[-82.5613,36.6277],[-82.561,36.6266]]},"properties":{"name":"Unnamed Stream","layer":"nhd_perennial_streams","stream_type":"Perennial Stream","length_miles":null,"flow_direction":"","reach_code":""}},{"type":"Feature","geometry":{"type":"LineString","coordinates":[[-82.5354,36.6367],[-82.535,36.6362]]},"properties":{"name":"Unnamed Stream","layer":"nhd_perennial_streams","stream_type":"Perennial Stream","length_miles":null,"flow_direction":"","reach_code":""}},{"type":"Feature","geometry":{"type":"LineString","coordinates":[[-82.6073,36.5158],[-82.6065,36.5131]]},"properties":{"name":"Unnamed Stream","layer":"nhd_perennial_streams","stream_type":"Perennial Stream","length_miles":null,"flow_direction":"","reach_code":""}},{"type":"Feature","geometry":{"type":"LineString","coordinates":[[-82.3891,36.5342],[-82.3889,36.5342]]},"properties":{"name":"Unnamed Stream","layer":"nhd_perennial_streams","stream_type":"Perennial Stream","length_miles":null,"flow_direction":"","reach_code":""}},{"type":"Feature","geometry":{"type":"LineString","coordinates":[[-82.6475,36.4888],[-82.6524,36.4871]]},"properties":{"name":"Unnamed Stream","layer":"nhd_perennial_streams","stream_type":"Perennial Stream","length_miles":null,"flow_direction":"","reach_code":""}},{"type":"Feature","geometry":{"type":"LineString","coordinates":[[-82.7205,36.4881],[-82.7217,36.4902]]},"properties":{"name":"Unnamed Stream","layer":"nhd_perennial_streams","stream_type":"Perennial Stream","length_miles":null,"flow_direction":"","reach_code":""}},{"type":"Feature","geometry":{"type":"LineString","coordinates":[[-82.7062,36.4379],[-82.7076,36.4365]]},"properties":{"name":"Unnamed Stream","layer":"nhd_perennial_streams","stream_type":"Perennial Stream","length_miles":null,"flow_direction":"","reach_code":""}},{"type":"Feature","geometry":{"type":"LineString","coordinates":[[-82.6425,36.4973],[-82.6545,36.4863]]},"properties":{"name":"Unnamed Stream","layer":"nhd_perennial_streams","stream_type":"Perennial Stream","length_miles":null,"flow_direction":"","reach_code":""}},{"type":"Feature","geometry":{"type":"LineString","coordinates":[[-82.7158,36.4626],[-82.7141,36.4596],[-82.7171,36.4587]]},"properties":{"name":"Unnamed Stream","layer":"nhd_perennial_streams","stream_type":"Perennial Stream","length_miles":null,"flow_direction":"","reach_code":""}},{"type":"Feature","geometry":{"type":"LineString","coordinates":[[-82.7321,36.5609],[-82.7262,36.56]]},"properties":{"name":"Unnamed Stream","layer":"nhd_perennial_streams","stream_type":"Perennial Stream","length_miles":null,"flow_direction":"","reach_code":""}},{"type":"Feature","geometry":{"type":"LineString","coordinates":[[-82.596,36.6175],[-82.5974,36.6165]]},"properties":{"name":"Unnamed Stream","layer":"nhd_perennial_streams","stream_type":"Perennial Stream","length_miles":null,"flow_direction":"","reach_code":""}},{"type":"Feature","geometry":{"type":"LineString","coordinates":[[-82.6631,36.428],[-82.6593,36.4248]]},"properties":{"name":"Unnamed Stream","layer":"nhd_perennial_streams","stream_type":"Perennial Stream","length_miles":null,"flow_direction":"","reach_code":""}},{"type":"Feature","geometry":{"type":"LineString","coordinates":[[-82.5643,36.6018],[-82.5662,36.6032],[-82.5627,36.6081]]},"properties":{"name":"Unnamed Stream","layer":"nhd_perennial_streams","stream_type":"Perennial Stream","length_miles":null,"flow_direction":"","reach_code":""}},{"type":"Feature","geometry":{"type":"LineString","coordinates":[[-82.6511,36.5679],[-82.6553,36.5716]]},"properties":{"name":"Unnamed Stream","layer":"nhd_perennial_streams","stream_type":"Perennial Stream","length_miles":null,"flow_direction":"","reach_code":""}},{"type":"Feature","geometry":{"type":"LineString","coordinates":[[-82.64,36.4706],[-82.6397,36.469]]},"properties":{"name":"Unnamed Stream","layer":"nhd_perennial_streams","stream_type":"Perennial Stream","length_miles":null,"flow_direction":"","reach_code":""}},{"type":"Feature","geometry":{"type":"LineString","coordinates":[[-82.5757,36.6187],[-82.5762,36.612]]},"properties":{"name":"Unnamed Stream","layer":"nhd_perennial_streams","stream_type":"Perennial Stream","length_miles":null,"flow_direction":"","reach_code":""}},{"type":"Feature","geometry":{"type":"LineString","coordinates":[[-82.6881,36.4521],[-82.6872,36.4521]]},"properties":{"name":"Unnamed Stream","layer":"nhd_perennial_streams","stream_type":"Perennial Stream","length_miles":null,"flow_direction":"","reach_code":""}},{"type":"Feature","geometry":{"type":"LineString","coordinates":[[-82.6394,36.4759],[-82.6394,36.4743]]},"properties":{"name":"Unnamed Stream","layer":"nhd_perennial_streams","stream_type":"Perennial Stream","length_miles":null,"flow_direction":"","reach_code":""}},{"type":"Feature","geometry":{"type":"LineString","coordinates":[[-82.6632,36.4185],[-82.6617,36.4167]]},"properties":{"name":"Unnamed Stream","layer":"nhd_perennial_streams","stream_type":"Perennial Stream","length_miles":null,"flow_direction":"","reach_code":""}},{"type":"Feature","geometry":{"type":"LineString","coordinates":[[-82.5031,36.3872],[-82.4982,36.389]]},"properties":{"name":"Unnamed Stream","layer":"nhd_perennial_streams","stream_type":"Perennial Stream","length_miles":null,"flow_direction":"","reach_code":""}},{"type":"Feature","geometry":{"type":"LineString","coordinates":[[-82.6487,36.6184],[-82.6455,36.6181]]},"properties":{"name":"Unnamed Stream","layer":"nhd_perennial_streams","stream_type":"Perennial Stream","length_miles":null,"flow_direction":"","reach_code":""}},{"type":"Feature","geometry":{"type":"LineString","coordinates":[[-82.6588,36.5154],[-82.6567,36.5192]]},"properties":{"name":"Unnamed Stream","layer":"nhd_perennial_streams","stream_type":"Perennial Stream","length_miles":null,"flow_direction":"","reach_code":""}},{"type":"Feature","geometry":{"type":"LineString","coordinates":[[-82.6543,36.4821],[-82.657,36.4857]]},"properties":{"name":"Unnamed Stream","layer":"nhd_perennial_streams","stream_type":"Perennial Stream","length_miles":null,"flow_direction":"","reach_code":""}},{"type":"Feature","geometry":{"type":"LineString","coordinates":[[-82.5684,36.3719],[-82.571,36.3687]]},"properties":{"name":"Unnamed Stream","layer":"nhd_perennial_streams","stream_type":"Perennial Stream","length_miles":null,"flow_direction":"","reach_code":""}},{"type":"Feature","geometry":{"type":"LineString","coordinates":[[-82.6545,36.3946],[-82.6541,36.3995]]},"properties":{"name":"Unnamed Stream","layer":"nhd_perennial_streams","stream_type":"Perennial Stream","length_miles":null,"flow_direction":"","reach_code":""}},{"type":"Feature","geometry":{"type":"LineString","coordinates":[[-82.6782,36.5291],[-82.6781,36.529]]},"properties":{"name":"Unnamed Stream","layer":"nhd_perennial_streams","stream_type":"Perennial Stream","length_miles":null,"flow_direction":"","reach_code":""}},{"type":"Feature","geometry":{"type":"LineString","coordinates":[[-82.6805,36.4054],[-82.6799,36.4016]]},"properties":{"name":"Unnamed Stream","layer":"nhd_perennial_streams","stream_type":"Perennial Stream","length_miles":null,"flow_direction":"","reach_code":""}},{"type":"Feature","geometry":{"type":"LineString","coordinates":[[-82.5501,36.3669],[-82.5502,36.3651]]},"properties":{"name":"Unnamed Stream","layer":"nhd_perennial_streams","stream_type":"Perennial Stream","length_miles":null,"flow_direction":"","reach_code":""}},{"type":"Feature","geometry":{"type":"LineString","coordinates":[[-82.644,36.4841],[-82.6427,36.4812]]},"properties":{"name":"Unnamed Stream","layer":"nhd_perennial_streams","stream_type":"Perennial Stream","length_miles":null,"flow_direction":"","reach_code":""}},{"type":"Feature","geometry":{"type":"LineString","coordinates":[[-82.6741,36.4442],[-82.6751,36.4433]]},"properties":{"name":"Unnamed Stream","layer":"nhd_perennial_streams","stream_type":"Perennial Stream","length_miles":null,"flow_direction":"","reach_code":""}},{"type":"Feature","geometry":{"type":"LineString","coordinates":[[-82.5863,36.6205],[-82.596,36.6175]]},"properties":{"name":"Unnamed Stream","layer":"nhd_perennial_streams","stream_type":"Perennial Stream","length_miles":null,"flow_direction":"","reach_code":""}},{"type":"Feature","geometry":{"type":"LineString","coordinates":[[-82.5898,36.6432],[-82.5875,36.6412]]},"properties":{"name":"Unnamed Stream","layer":"nhd_perennial_streams","stream_type":"Perennial Stream","length_miles":null,"flow_direction":"","reach_code":""}},{"type":"Feature","geometry":{"type":"LineString","coordinates":[[-82.426,36.4835],[-82.4418,36.4708]]},"properties":{"name":"Unnamed Stream","layer":"nhd_perennial_streams","stream_type":"Perennial Stream","length_miles":null,"flow_direction":"","reach_code":""}},{"type":"Feature","geometry":{"type":"LineString","coordinates":[[-82.6498,36.6344],[-82.6453,36.6332]]},"properties":{"name":"Unnamed Stream","layer":"nhd_perennial_streams","stream_type":"Perennial Stream","length_miles":null,"flow_direction":"","reach_code":""}},{"type":"Feature","geometry":{"type":"LineString","coordinates":[[-82.4961,36.6423],[-82.4925,36.6407]]},"properties":{"name":"Unnamed Stream","layer":"nhd_perennial_streams","stream_type":"Perennial Stream","length_miles":null,"flow_direction":"","reach_code":""}},{"type":"Feature","geometry":{"type":"LineString","coordinates":[[-82.6703,36.4716],[-82.6654,36.4647]]},"properties":{"name":"Unnamed Stream","layer":"nhd_perennial_streams","stream_type":"Perennial Stream","length_miles":null,"flow_direction":"","reach_code":""}},{"type":"Feature","geometry":{"type":"LineString","coordinates":[[-82.7046,36.6112],[-82.7026,36.6063],[-82.7001,36.6094],[-82.694,36.6052],[-82.6911,36.6069]]},"properties":{"name":"Unnamed Stream","layer":"nhd_perennial_streams","stream_type":"Perennial Stream","length_miles":null,"flow_direction":"","reach_code":""}},{"type":"Feature","geometry":{"type":"LineString","coordinates":[[-82.3909,36.5019],[-82.3877,36.4987]]},"properties":{"name":"Unnamed Stream","layer":"nhd_perennial_streams","stream_type":"Perennial Stream","length_miles":null,"flow_direction":"","reach_code":""}},{"type":"Feature","geometry":{"type":"LineString","coordinates":[[-82.5839,36.5994],[-82.5889,36.6012]]},"properties":{"name":"Unnamed Stream","layer":"nhd_perennial_streams","stream_type":"Perennial Stream","length_miles":null,"flow_direction":"","reach_code":""}},{"type":"Feature","geometry":{"type":"LineString","coordinates":[[-82.5717,36.4772],[-82.5796,36.4812]]},"properties":{"name":"Unnamed Stream","layer":"nhd_perennial_streams","stream_type":"Perennial Stream","length_miles":null,"flow_direction":"","reach_code":""}},{"type":"Feature","geometry":{"type":"LineString","coordinates":[[-82.5814,36.6309],[-82.5826,36.6312]]},"properties":{"name":"Unnamed Stream","layer":"nhd_perennial_streams","stream_type":"Perennial Stream","length_miles":null,"flow_direction":"","reach_code":""}},{"type":"Feature","geometry":{"type":"LineString","coordinates":[[-82.6271,36.4114],[-82.6293,36.4119]]},"properties":{"name":"Unnamed Stream","layer":"nhd_perennial_streams","stream_type":"Perennial Stream","length_miles":null,"flow_direction":"","reach_code":""}},{"type":"Feature","geometry":{"type":"LineString","coordinates":[[-82.4754,36.5894],[-82.4689,36.577]]},"properties":{"name":"Unnamed Stream","layer":"nhd_perennial_streams","stream_type":"Perennial Stream","length_miles":null,"flow_direction":"","reach_code":""}},{"type":"Feature","geometry":{"type":"LineString","coordinates":[[-82.5795,36.3744],[-82.5805,36.3751]]},"properties":{"name":"Unnamed Stream","layer":"nhd_perennial_streams","stream_type":"Perennial Stream","length_miles":null,"flow_direction":"","reach_code":""}},{"type":"Feature","geometry":{"type":"LineString","coordinates":[[-82.629,36.4181],[-82.6279,36.4199]]},"properties":{"name":"Unnamed Stream","layer":"nhd_perennial_streams","stream_type":"Perennial Stream","length_miles":null,"flow_direction":"","reach_code":""}},{"type":"Feature","geometry":{"type":"LineString","coordinates":[[-82.6566,36.6044],[-82.6566,36.6043]]},"properties":{"name":"Unnamed Stream","layer":"nhd_perennial_streams","stream_type":"Perennial Stream","length_miles":null,"flow_direction":"","reach_code":""}},{"type":"Feature","geometry":{"type":"LineString","coordinates":[[-82.7044,36.435],[-82.7076,36.4365]]},"properties":{"name":"Unnamed Stream","layer":"nhd_perennial_streams","stream_type":"Perennial Stream","length_miles":null,"flow_direction":"","reach_code":""}},{"type":"Feature","geometry":{"type":"LineString","coordinates":[[-82.6858,36.525],[-82.6841,36.5243]]},"properties":{"name":"Unnamed Stream","layer":"nhd_perennial_streams","stream_type":"Perennial Stream","length_miles":null,"flow_direction":"","reach_code":""}},{"type":"Feature","geometry":{"type":"LineString","coordinates":[[-82.6407,36.5294],[-82.6453,36.5251]]},"properties":{"name":"Unnamed Stream","layer":"nhd_perennial_streams","stream_type":"Perennial Stream","length_miles":null,"flow_direction":"","reach_code":""}},{"type":"Feature","geometry":{"type":"LineString","coordinates":[[-82.6527,36.4828],[-82.6538,36.4862]]},"properties":{"name":"Unnamed Stream","layer":"nhd_perennial_streams","stream_type":"Perennial Stream","length_miles":null,"flow_direction":"","reach_code":""}},{"type":"Feature","geometry":{"type":"LineString","coordinates":[[-82.6084,36.3747],[-82.6138,36.3708]]},"properties":{"name":"Unnamed Stream","layer":"nhd_perennial_streams","stream_type":"Perennial Stream","length_miles":null,"flow_direction":"","reach_code":""}},{"type":"Feature","geometry":{"type":"LineString","coordinates":[[-82.452,36.5757],[-82.4511,36.5708]]},"properties":{"name":"Unnamed Stream","layer":"nhd_perennial_streams","stream_type":"Perennial Stream","length_miles":null,"flow_direction":"","reach_code":""}},{"type":"Feature","geometry":{"type":"LineString","coordinates":[[-82.4511,36.5619],[-82.458,36.5618]]},"properties":{"name":"Unnamed Stream","layer":"nhd_perennial_streams","stream_type":"Perennial Stream","length_miles":null,"flow_direction":"","reach_code":""}},{"type":"Feature","geometry":{"type":"LineString","coordinates":[[-82.5875,36.6412],[-82.5837,36.6372]]},"properties":{"name":"Unnamed Stream","layer":"nhd_perennial_streams","stream_type":"Perennial Stream","length_miles":null,"flow_direction":"","reach_code":""}},{"type":"Feature","geometry":{"type":"LineString","coordinates":[[-82.5097,36.5946],[-82.5139,36.5914],[-82.512,36.5867]]},"properties":{"name":"Unnamed Stream","layer":"nhd_perennial_streams","stream_type":"Perennial Stream","length_miles":null,"flow_direction":"","reach_code":""}},{"type":"Feature","geometry":{"type":"LineString","coordinates":[[-82.5028,36.5595],[-82.4987,36.5564]]},"properties":{"name":"Unnamed Stream","layer":"nhd_perennial_streams","stream_type":"Perennial Stream","length_miles":null,"flow_direction":"","reach_code":""}},{"type":"Feature","geometry":{"type":"LineString","coordinates":[[-82.4952,36.5973],[-82.4933,36.5916]]},"properties":{"name":"Unnamed Stream","layer":"nhd_perennial_streams","stream_type":"Perennial Stream","length_miles":null,"flow_direction":"","reach_code":""}},{"type":"Feature","geometry":{"type":"LineString","coordinates":[[-82.4622,36.5402],[-82.4748,36.5309]]},"properties":{"name":"Unnamed Stream","layer":"nhd_perennial_streams","stream_type":"Perennial Stream","length_miles":null,"flow_direction":"","reach_code":""}},{"type":"Feature","geometry":{"type":"LineString","coordinates":[[-82.6651,36.4205],[-82.6632,36.4219]]},"properties":{"name":"Unnamed Stream","layer":"nhd_perennial_streams","stream_type":"Perennial Stream","length_miles":null,"flow_direction":"","reach_code":""}},{"type":"Feature","geometry":{"type":"LineString","coordinates":[[-82.6021,36.6279],[-82.6012,36.6315]]},"properties":{"name":"Unnamed Stream","layer":"nhd_perennial_streams","stream_type":"Perennial Stream","length_miles":null,"flow_direction":"","reach_code":""}},{"type":"Feature","geometry":{"type":"LineString","coordinates":[[-82.509,36.3732],[-82.5166,36.3764]]},"properties":{"name":"Unnamed Stream","layer":"nhd_perennial_streams","stream_type":"Perennial Stream","length_miles":null,"flow_direction":"","reach_code":""}},{"type":"Feature","geometry":{"type":"LineString","coordinates":[[-82.4982,36.5205],[-82.4926,36.5177]]},"properties":{"name":"Unnamed Stream","layer":"nhd_perennial_streams","stream_type":"Perennial Stream","length_miles":null,"flow_direction":"","reach_code":""}},{"type":"Feature","geometry":{"type":"LineString","coordinates":[[-82.6843,36.4582],[-82.6841,36.4579]]},"properties":{"name":"Unnamed Stream","layer":"nhd_perennial_streams","stream_type":"Perennial Stream","length_miles":null,"flow_direction":"","reach_code":""}},{"type":"Feature","geometry":{"type":"LineString","coordinates":[[-82.5535,36.6406],[-82.5546,36.6411]]},"properties":{"name":"Unnamed Stream","layer":"nhd_perennial_streams","stream_type":"Perennial Stream","length_miles":null,"flow_direction":"","reach_code":""}},{"type":"Feature","geometry":{"type":"LineString","coordinates":[[-82.6525,36.6293],[-82.6507,36.6342]]},"properties":{"name":"Unnamed Stream","layer":"nhd_perennial_streams","stream_type":"Perennial Stream","length_miles":null,"flow_direction":"","reach_code":""}},{"type":"Feature","geometry":{"type":"LineString","coordinates":[[-82.6757,36.5986],[-82.6748,36.5947]]},"properties":{"name":"Unnamed Stream","layer":"nhd_perennial_streams","stream_type":"Perennial Stream","length_miles":null,"flow_direction":"","reach_code":""}},{"type":"Feature","geometry":{"type":"LineString","coordinates":[[-82.7021,36.5808],[-82.7042,36.5855]]},"properties":{"name":"Unnamed Stream","layer":"nhd_perennial_streams","stream_type":"Perennial Stream","length_miles":null,"flow_direction":"","reach_code":""}},{"type":"Feature","geometry":{"type":"LineString","coordinates":[[-82.539,36.629],[-82.5411,36.6274]]},"properties":{"name":"Unnamed Stream","layer":"nhd_perennial_streams","stream_type":"Perennial Stream","length_miles":null,"flow_direction":"","reach_code":""}},{"type":"Feature","geometry":{"type":"LineString","coordinates":[[-82.5523,36.4424],[-82.5462,36.4432],[-82.5425,36.448],[-82.5316,36.447]]},"properties":{"name":"Unnamed Stream","layer":"nhd_perennial_streams","stream_type":"Perennial Stream","length_miles":null,"flow_direction":"","reach_code":""}},{"type":"Feature","geometry":{"type":"LineString","coordinates":[[-82.6553,36.5716],[-82.6561,36.5729]]},"properties":{"name":"Unnamed Stream","layer":"nhd_perennial_streams","stream_type":"Perennial Stream","length_miles":null,"flow_direction":"","reach_code":""}},{"type":"Feature","geometry":{"type":"LineString","coordinates":[[-82.6562,36.4595],[-82.6574,36.4583]]},"properties":{"name":"Unnamed Stream","layer":"nhd_perennial_streams","stream_type":"Perennial Stream","length_miles":null,"flow_direction":"","reach_code":""}},{"type":"Feature","geometry":{"type":"LineString","coordinates":[[-82.5295,36.4202],[-82.5203,36.4125]]},"properties":{"name":"Unnamed Stream","layer":"nhd_perennial_streams","stream_type":"Perennial Stream","length_miles":null,"flow_direction":"","reach_code":""}},{"type":"Feature","geometry":{"type":"LineString","coordinates":[[-82.5555,36.6432],[-82.5594,36.6411]]},"properties":{"name":"Unnamed Stream","layer":"nhd_perennial_streams","stream_type":"Perennial Stream","length_miles":null,"flow_direction":"","reach_code":""}},{"type":"Feature","geometry":{"type":"LineString","coordinates":[[-82.7263,36.4733],[-82.7281,36.4768]]},"properties":{"name":"Unnamed Stream","layer":"nhd_perennial_streams","stream_type":"Perennial Stream","length_miles":null,"flow_direction":"","reach_code":""}},{"type":"Feature","geometry":{"type":"LineString","coordinates":[[-82.4627,36.4656],[-82.4676,36.4695]]},"properties":{"name":"Unnamed Stream","layer":"nhd_perennial_streams","stream_type":"Perennial Stream","length_miles":null,"flow_direction":"","reach_code":""}},{"type":"Feature","geometry":{"type":"LineString","coordinates":[[-82.7125,36.5836],[-82.7089,36.5818],[-82.7042,36.5855]]},"properties":{"name":"Unnamed Stream","layer":"nhd_perennial_streams","stream_type":"Perennial Stream","length_miles":null,"flow_direction":"","reach_code":""}},{"type":"Feature","geometry":{"type":"LineString","coordinates":[[-82.6542,36.4255],[-82.6531,36.4263]]},"properties":{"name":"Unnamed Stream","layer":"nhd_perennial_streams","stream_type":"Perennial Stream","length_miles":null,"flow_direction":"","reach_code":""}},{"type":"Feature","geometry":{"type":"LineString","coordinates":[[-82.6357,36.4786],[-82.633,36.4779]]},"properties":{"name":"Unnamed Stream","layer":"nhd_perennial_streams","stream_type":"Perennial Stream","length_miles":null,"flow_direction":"","reach_code":""}},{"type":"Feature","geometry":{"type":"LineString","coordinates":[[-82.5942,36.5114],[-82.5902,36.507]]},"properties":{"name":"Unnamed Stream","layer":"nhd_perennial_streams","stream_type":"Perennial Stream","length_miles":null,"flow_direction":"","reach_code":""}},{"type":"Feature","geometry":{"type":"LineString","coordinates":[[-82.5476,36.3793],[-82.5443,36.3832]]},"properties":{"name":"Unnamed Stream","layer":"nhd_perennial_streams","stream_type":"Perennial Stream","length_miles":null,"flow_direction":"","reach_code":""}},{"type":"Feature","geometry":{"type":"LineString","coordinates":[[-82.424,36.4724],[-82.4223,36.4691]]},"properties":{"name":"Unnamed Stream","layer":"nhd_perennial_streams","stream_type":"Perennial Stream","length_miles":null,"flow_direction":"","reach_code":""}},{"type":"Feature","geometry":{"type":"LineString","coordinates":[[-82.5788,36.3896],[-82.5731,36.3951]]},"properties":{"name":"Unnamed Stream","layer":"nhd_perennial_streams","stream_type":"Perennial Stream","length_miles":null,"flow_direction":"","reach_code":""}},{"type":"Feature","geometry":{"type":"LineString","coordinates":[[-82.6783,36.4634],[-82.6775,36.4605]]},"properties":{"name":"Unnamed Stream","layer":"nhd_perennial_streams","stream_type":"Perennial Stream","length_miles":null,"flow_direction":"","reach_code":""}},{"type":"Feature","geometry":{"type":"LineString","coordinates":[[-82.4677,36.5725],[-82.4677,36.5723]]},"properties":{"name":"Unnamed Stream","layer":"nhd_perennial_streams","stream_type":"Perennial Stream","length_miles":null,"flow_direction":"","reach_code":""}},{"type":"Feature","geometry":{"type":"LineString","coordinates":[[-82.4692,36.5579],[-82.4738,36.5591]]},"properties":{"name":"Unnamed Stream","layer":"nhd_perennial_streams","stream_type":"Perennial Stream","length_miles":null,"flow_direction":"","reach_code":""}},{"type":"Feature","geometry":{"type":"LineString","coordinates":[[-82.5865,36.5102],[-82.5788,36.4998]]},"properties":{"name":"Unnamed Stream","layer":"nhd_perennial_streams","stream_type":"Perennial Stream","length_miles":null,"flow_direction":"","reach_code":""}},{"type":"Feature","geometry":{"type":"LineString","coordinates":[[-82.6583,36.4226],[-82.6586,36.4211]]},"properties":{"name":"Unnamed Stream","layer":"nhd_perennial_streams","stream_type":"Perennial Stream","length_miles":null,"flow_direction":"","reach_code":""}},{"type":"Feature","geometry":{"type":"LineString","coordinates":[[-82.5936,36.6484],[-82.5953,36.6443]]},"properties":{"name":"Unnamed Stream","layer":"nhd_perennial_streams","stream_type":"Perennial Stream","length_miles":null,"flow_direction":"","reach_code":""}},{"type":"Feature","geometry":{"type":"LineString","coordinates":[[-82.5904,36.467],[-82.5978,36.4706]]},"properties":{"name":"Unnamed Stream","layer":"nhd_perennial_streams","stream_type":"Perennial Stream","length_miles":null,"flow_direction":"","reach_code":""}},{"type":"Feature","geometry":{"type":"LineString","coordinates":[[-82.4783,36.3912],[-82.4788,36.394]]},"properties":{"name":"Unnamed Stream","layer":"nhd_perennial_streams","stream_type":"Perennial Stream","length_miles":null,"flow_direction":"","reach_code":""}},{"type":"Feature","geometry":{"type":"LineString","coordinates":[[-82.4438,36.4165],[-82.4484,36.4194]]},"properties":{"name":"Unnamed Stream","layer":"nhd_perennial_streams","stream_type":"Perennial Stream","length_miles":null,"flow_direction":"","reach_code":""}},{"type":"Feature","geometry":{"type":"LineString","coordinates":[[-82.5559,36.6153],[-82.5514,36.6148]]},"properties":{"name":"Unnamed Stream","layer":"nhd_perennial_streams","stream_type":"Perennial Stream","length_miles":null,"flow_direction":"","reach_code":""}},{"type":"Feature","geometry":{"type":"LineString","coordinates":[[-82.637,36.4491],[-82.6367,36.4491]]},"properties":{"name":"Unnamed Stream","layer":"nhd_perennial_streams","stream_type":"Perennial Stream","length_miles":null,"flow_direction":"","reach_code":""}},{"type":"Feature","geometry":{"type":"LineString","coordinates":[[-82.7061,36.4388],[-82.7062,36.4379]]},"properties":{"name":"Unnamed Stream","layer":"nhd_perennial_streams","stream_type":"Perennial Stream","length_miles":null,"flow_direction":"","reach_code":""}},{"type":"Feature","geometry":{"type":"LineString","coordinates":[[-82.6425,36.394],[-82.6418,36.3972]]},"properties":{"name":"Unnamed Stream","layer":"nhd_perennial_streams","stream_type":"Perennial Stream","length_miles":null,"flow_direction":"","reach_code":""}},{"type":"Feature","geometry":{"type":"LineString","coordinates":[[-82.6076,36.3783],[-82.6164,36.3823]]},"properties":{"name":"Unnamed Stream","layer":"nhd_perennial_streams","stream_type":"Perennial Stream","length_miles":null,"flow_direction":"","reach_code":""}},{"type":"Feature","geometry":{"type":"LineString","coordinates":[[-82.5119,36.3967],[-82.5069,36.4046]]},"properties":{"name":"Unnamed Stream","layer":"nhd_perennial_streams","stream_type":"Perennial Stream","length_miles":null,"flow_direction":"","reach_code":""}},{"type":"Feature","geometry":{"type":"LineString","coordinates":[[-82.7049,36.4603],[-82.7017,36.4621]]},"properties":{"name":"Unnamed Stream","layer":"nhd_perennial_streams","stream_type":"Perennial Stream","length_miles":null,"flow_direction":"","reach_code":""}},{"type":"Feature","geometry":{"type":"LineString","coordinates":[[-82.6014,36.4918],[-82.5955,36.496]]},"properties":{"name":"Unnamed Stream","layer":"nhd_perennial_streams","stream_type":"Perennial Stream","length_miles":null,"flow_direction":"","reach_code":""}},{"type":"Feature","geometry":{"type":"LineString","coordinates":[[-82.6053,36.6179],[-82.5996,36.6171]]},"properties":{"name":"Unnamed Stream","layer":"nhd_perennial_streams","stream_type":"Perennial Stream","length_miles":null,"flow_direction":"","reach_code":""}},{"type":"Feature","geometry":{"type":"LineString","coordinates":[[-82.6424,36.4493],[-82.637,36.4491]]},"properties":{"name":"Unnamed Stream","layer":"nhd_perennial_streams","stream_type":"Perennial Stream","length_miles":null,"flow_direction":"","reach_code":""}},{"type":"Feature","geometry":{"type":"LineString","coordinates":[[-82.6331,36.4067],[-82.635,36.4075]]},"properties":{"name":"Unnamed Stream","layer":"nhd_perennial_streams","stream_type":"Perennial Stream","length_miles":null,"flow_direction":"","reach_code":""}},{"type":"Feature","geometry":{"type":"LineString","coordinates":[[-82.5104,36.6305],[-82.5083,36.6287]]},"properties":{"name":"Unnamed Stream","layer":"nhd_perennial_streams","stream_type":"Perennial Stream","length_miles":null,"flow_direction":"","reach_code":""}},{"type":"Feature","geometry":{"type":"LineString","coordinates":[[-82.6267,36.393],[-82.6254,36.3961]]},"properties":{"name":"Unnamed Stream","layer":"nhd_perennial_streams","stream_type":"Perennial Stream","length_miles":null,"flow_direction":"","reach_code":""}},{"type":"Feature","geometry":{"type":"LineString","coordinates":[[-82.6814,36.4614],[-82.6797,36.4571]]},"properties":{"name":"Unnamed Stream","layer":"nhd_perennial_streams","stream_type":"Perennial Stream","length_miles":null,"flow_direction":"","reach_code":""}},{"type":"Feature","geometry":{"type":"LineString","coordinates":[[-82.5201,36.3687],[-82.5205,36.3662]]},"properties":{"name":"Unnamed Stream","layer":"nhd_perennial_streams","stream_type":"Perennial Stream","length_miles":null,"flow_direction":"","reach_code":""}},{"type":"Feature","geometry":{"type":"LineString","coordinates":[[-82.4507,36.5795],[-82.452,36.5757]]},"properties":{"name":"Unnamed Stream","layer":"nhd_perennial_streams","stream_type":"Perennial Stream","length_miles":null,"flow_direction":"","reach_code":""}},{"type":"Feature","geometry":{"type":"LineString","coordinates":[[-82.5531,36.4982],[-82.5613,36.4972]]},"properties":{"name":"Unnamed Stream","layer":"nhd_perennial_streams","stream_type":"Perennial Stream","length_miles":null,"flow_direction":"","reach_code":""}},{"type":"Feature","geometry":{"type":"LineString","coordinates":[[-82.6334,36.429],[-82.6299,36.4313]]},"properties":{"name":"Unnamed Stream","layer":"nhd_perennial_streams","stream_type":"Perennial Stream","length_miles":null,"flow_direction":"","reach_code":""}},{"type":"Feature","geometry":{"type":"LineString","coordinates":[[-82.5166,36.3764],[-82.5147,36.3814]]},"properties":{"name":"Unnamed Stream","layer":"nhd_perennial_streams","stream_type":"Perennial Stream","length_miles":null,"flow_direction":"","reach_code":""}},{"type":"Feature","geometry":{"type":"LineString","coordinates":[[-82.6519,36.4587],[-82.6502,36.4615]]},"properties":{"name":"Unnamed Stream","layer":"nhd_perennial_streams","stream_type":"Perennial Stream","length_miles":null,"flow_direction":"","reach_code":""}},{"type":"Feature","geometry":{"type":"LineString","coordinates":[[-82.6752,36.4248],[-82.6732,36.4295]]},"properties":{"name":"Unnamed Stream","layer":"nhd_perennial_streams","stream_type":"Perennial Stream","length_miles":null,"flow_direction":"","reach_code":""}},{"type":"Feature","geometry":{"type":"LineString","coordinates":[[-82.67,36.5828],[-82.6735,36.5801]]},"properties":{"name":"Unnamed Stream","layer":"nhd_perennial_streams","stream_type":"Perennial Stream","length_miles":null,"flow_direction":"","reach_code":""}},{"type":"Feature","geometry":{"type":"LineString","coordinates":[[-82.5624,36.428],[-82.5559,36.4317]]},"properties":{"name":"Unnamed Stream","layer":"nhd_perennial_streams","stream_type":"Perennial Stream","length_miles":null,"flow_direction":"","reach_code":""}},{"type":"Feature","geometry":{"type":"LineString","coordinates":[[-82.5751,36.4908],[-82.5704,36.4867]]},"properties":{"name":"Unnamed Stream","layer":"nhd_perennial_streams","stream_type":"Perennial Stream","length_miles":null,"flow_direction":"","reach_code":""}},{"type":"Feature","geometry":{"type":"LineString","coordinates":[[-82.6772,36.4675],[-82.6749,36.4669]]},"properties":{"name":"Unnamed Stream","layer":"nhd_perennial_streams","stream_type":"Perennial Stream","length_miles":null,"flow_direction":"","reach_code":""}},{"type":"Feature","geometry":{"type":"LineString","coordinates":[[-82.5215,36.6376],[-82.5173,36.6352]]},"properties":{"name":"Unnamed Stream","layer":"nhd_perennial_streams","stream_type":"Perennial Stream","length_miles":null,"flow_direction":"","reach_code":""}},{"type":"Feature","geometry":{"type":"LineString","coordinates":[[-82.6606,36.4418],[-82.6548,36.4452]]},"properties":{"name":"Unnamed Stream","layer":"nhd_perennial_streams","stream_type":"Perennial Stream","length_miles":null,"flow_direction":"","reach_code":""}},{"type":"Feature","geometry":{"type":"LineString","coordinates":[[-82.6862,36.4208],[-82.6863,36.4234]]},"properties":{"name":"Unnamed Stream","layer":"nhd_perennial_streams","stream_type":"Perennial Stream","length_miles":null,"flow_direction":"","reach_code":""}},{"type":"Feature","geometry":{"type":"LineString","coordinates":[[-82.728,36.482],[-82.7242,36.4792]]},"properties":{"name":"Unnamed Stream","layer":"nhd_perennial_streams","stream_type":"Perennial Stream","length_miles":null,"flow_direction":"","reach_code":""}},{"type":"Feature","geometry":{"type":"LineString","coordinates":[[-82.7115,36.45],[-82.7103,36.4473]]},"properties":{"name":"Unnamed Stream","layer":"nhd_perennial_streams","stream_type":"Perennial Stream","length_miles":null,"flow_direction":"","reach_code":""}},{"type":"Feature","geometry":{"type":"LineString","coordinates":[[-82.6588,36.4094],[-82.6589,36.4069]]},"properties":{"name":"Unnamed Stream","layer":"nhd_perennial_streams","stream_type":"Perennial Stream","length_miles":null,"flow_direction":"","reach_code":""}},{"type":"Feature","geometry":{"type":"LineString","coordinates":[[-82.6672,36.4161],[-82.6668,36.4123]]},"properties":{"name":"Unnamed Stream","layer":"nhd_perennial_streams","stream_type":"Perennial Stream","length_miles":null,"flow_direction":"","reach_code":""}},{"type":"Feature","geometry":{"type":"LineString","coordinates":[[-82.5125,36.4644],[-82.4987,36.4702]]},"properties":{"name":"Unnamed Stream","layer":"nhd_perennial_streams","stream_type":"Perennial Stream","length_miles":null,"flow_direction":"","reach_code":""}},{"type":"Feature","geometry":{"type":"LineString","coordinates":[[-82.6679,36.4291],[-82.6651,36.4277]]},"properties":{"name":"Unnamed Stream","layer":"nhd_perennial_streams","stream_type":"Perennial Stream","length_miles":null,"flow_direction":"","reach_code":""}},{"type":"Feature","geometry":{"type":"LineString","coordinates":[[-82.6264,36.3914],[-82.6267,36.393]]},"properties":{"name":"Unnamed Stream","layer":"nhd_perennial_streams","stream_type":"Perennial Stream","length_miles":null,"flow_direction":"","reach_code":""}},{"type":"Feature","geometry":{"type":"LineString","coordinates":[[-82.3884,36.5314],[-82.3851,36.5309]]},"properties":{"name":"Unnamed Stream","layer":"nhd_perennial_streams","stream_type":"Perennial Stream","length_miles":null,"flow_direction":"","reach_code":""}},{"type":"Feature","geometry":{"type":"LineString","coordinates":[[-82.6038,36.5596],[-82.604,36.5568],[-82.6145,36.5543]]},"properties":{"name":"Unnamed Stream","layer":"nhd_perennial_streams","stream_type":"Perennial Stream","length_miles":null,"flow_direction":"","reach_code":""}},{"type":"Feature","geometry":{"type":"LineString","coordinates":[[-82.6688,36.4409],[-82.6697,36.4461]]},"properties":{"name":"Unnamed Stream","layer":"nhd_perennial_streams","stream_type":"Perennial Stream","length_miles":null,"flow_direction":"","reach_code":""}},{"type":"Feature","geometry":{"type":"LineString","coordinates":[[-82.6855,36.4598],[-82.6858,36.4587]]},"properties":{"name":"Unnamed Stream","layer":"nhd_perennial_streams","stream_type":"Perennial Stream","length_miles":null,"flow_direction":"","reach_code":""}},{"type":"Feature","geometry":{"type":"LineString","coordinates":[[-82.6449,36.458],[-82.6415,36.4588]]},"properties":{"name":"Unnamed Stream","layer":"nhd_perennial_streams","stream_type":"Perennial Stream","length_miles":null,"flow_direction":"","reach_code":""}},{"type":"Feature","geometry":{"type":"LineString","coordinates":[[-82.7092,36.4556],[-82.7084,36.4587]]},"properties":{"name":"Unnamed Stream","layer":"nhd_perennial_streams","stream_type":"Perennial Stream","length_miles":null,"flow_direction":"","reach_code":""}},{"type":"Feature","geometry":{"type":"LineString","coordinates":[[-82.7013,36.4701],[-82.6989,36.4667],[-82.7028,36.465]]},"properties":{"name":"Unnamed Stream","layer":"nhd_perennial_streams","stream_type":"Perennial Stream","length_miles":null,"flow_direction":"","reach_code":""}},{"type":"Feature","geometry":{"type":"LineString","coordinates":[[-82.4023,36.5139],[-82.4039,36.5105]]},"properties":{"name":"Unnamed Stream","layer":"nhd_perennial_streams","stream_type":"Perennial Stream","length_miles":null,"flow_direction":"","reach_code":""}},{"type":"Feature","geometry":{"type":"LineString","coordinates":[[-82.606,36.6281],[-82.6087,36.6312]]},"properties":{"name":"Unnamed Stream","layer":"nhd_perennial_streams","stream_type":"Perennial Stream","length_miles":null,"flow_direction":"","reach_code":""}},{"type":"Feature","geometry":{"type":"LineString","coordinates":[[-82.6586,36.473],[-82.6576,36.4709]]},"properties":{"name":"Unnamed Stream","layer":"nhd_perennial_streams","stream_type":"Perennial Stream","length_miles":null,"flow_direction":"","reach_code":""}},{"type":"Feature","geometry":{"type":"LineString","coordinates":[[-82.665,36.4386],[-82.6622,36.4351]]},"properties":{"name":"Unnamed Stream","layer":"nhd_perennial_streams","stream_type":"Perennial Stream","length_miles":null,"flow_direction":"","reach_code":""}},{"type":"Feature","geometry":{"type":"LineString","coordinates":[[-82.7303,36.4881],[-82.726,36.4903]]},"properties":{"name":"Unnamed Stream","layer":"nhd_perennial_streams","stream_type":"Perennial Stream","length_miles":null,"flow_direction":"","reach_code":""}},{"type":"Feature","geometry":{"type":"LineString","coordinates":[[-82.723,36.5397],[-82.723,36.5358]]},"properties":{"name":"Unnamed Stream","layer":"nhd_perennial_streams","stream_type":"Perennial Stream","length_miles":null,"flow_direction":"","reach_code":""}},{"type":"Feature","geometry":{"type":"LineString","coordinates":[[-82.6999,36.4525],[-82.6985,36.4497]]},"properties":{"name":"Unnamed Stream","layer":"nhd_perennial_streams","stream_type":"Perennial Stream","length_miles":null,"flow_direction":"","reach_code":""}},{"type":"Feature","geometry":{"type":"LineString","coordinates":[[-82.708,36.4806],[-82.709,36.4824]]},"properties":{"name":"Unnamed Stream","layer":"nhd_perennial_streams","stream_type":"Perennial Stream","length_miles":null,"flow_direction":"","reach_code":""}},{"type":"Feature","geometry":{"type":"LineString","coordinates":[[-82.6938,36.4273],[-82.6986,36.4289]]},"properties":{"name":"Unnamed Stream","layer":"nhd_perennial_streams","stream_type":"Perennial Stream","length_miles":null,"flow_direction":"","reach_code":""}},{"type":"Feature","geometry":{"type":"LineString","coordinates":[[-82.6999,36.5669],[-82.7082,36.56]]},"properties":{"name":"Unnamed Stream","layer":"nhd_perennial_streams","stream_type":"Perennial Stream","length_miles":null,"flow_direction":"","reach_code":""}},{"type":"Feature","geometry":{"type":"LineString","coordinates":[[-82.5237,36.4225],[-82.5186,36.4221],[-82.5172,36.4173]]},"properties":{"name":"Unnamed Stream","layer":"nhd_perennial_streams","stream_type":"Perennial Stream","length_miles":null,"flow_direction":"","reach_code":""}},{"type":"Feature","geometry":{"type":"LineString","coordinates":[[-82.5787,36.3961],[-82.5731,36.3951]]},"properties":{"name":"Unnamed Stream","layer":"nhd_perennial_streams","stream_type":"Perennial Stream","length_miles":null,"flow_direction":"","reach_code":""}},{"type":"Feature","geometry":{"type":"LineString","coordinates":[[-82.46,36.5275],[-82.4547,36.524]]},"properties":{"name":"Unnamed Stream","layer":"nhd_perennial_streams","stream_type":"Perennial Stream","length_miles":null,"flow_direction":"","reach_code":""}},{"type":"Feature","geometry":{"type":"LineString","coordinates":[[-82.4714,36.3941],[-82.4739,36.3991]]},"properties":{"name":"Unnamed Stream","layer":"nhd_perennial_streams","stream_type":"Perennial Stream","length_miles":null,"flow_direction":"","reach_code":""}},{"type":"Feature","geometry":{"type":"LineString","coordinates":[[-82.5538,36.5029],[-82.5566,36.5046]]},"properties":{"name":"Unnamed Stream","layer":"nhd_perennial_streams","stream_type":"Perennial Stream","length_miles":null,"flow_direction":"","reach_code":""}},{"type":"Feature","geometry":{"type":"LineString","coordinates":[[-82.6231,36.6142],[-82.6298,36.6138]]},"properties":{"name":"Unnamed Stream","layer":"nhd_perennial_streams","stream_type":"Perennial Stream","length_miles":null,"flow_direction":"","reach_code":""}},{"type":"Feature","geometry":{"type":"LineString","coordinates":[[-82.612,36.5088],[-82.6111,36.5039],[-82.6032,36.4964]]},"properties":{"name":"Unnamed Stream","layer":"nhd_perennial_streams","stream_type":"Perennial Stream","length_miles":null,"flow_direction":"","reach_code":""}},{"type":"Feature","geometry":{"type":"LineString","coordinates":[[-82.6394,36.4325],[-82.6382,36.4312]]},"properties":{"name":"Unnamed Stream","layer":"nhd_perennial_streams","stream_type":"Perennial Stream","length_miles":null,"flow_direction":"","reach_code":""}},{"type":"Feature","geometry":{"type":"LineString","coordinates":[[-82.6355,36.4442],[-82.6315,36.4424]]},"properties":{"name":"Unnamed Stream","layer":"nhd_perennial_streams","stream_type":"Perennial Stream","length_miles":null,"flow_direction":"","reach_code":""}},{"type":"Feature","geometry":{"type":"LineString","coordinates":[[-82.6811,36.4329],[-82.6835,36.4382]]},"properties":{"name":"Unnamed Stream","layer":"nhd_perennial_streams","stream_type":"Perennial Stream","length_miles":null,"flow_direction":"","reach_code":""}},{"type":"Feature","geometry":{"type":"LineString","coordinates":[[-82.6886,36.4506],[-82.6848,36.4515]]},"properties":{"name":"Unnamed Stream","layer":"nhd_perennial_streams","stream_type":"Perennial Stream","length_miles":null,"flow_direction":"","reach_code":""}},{"type":"Feature","geometry":{"type":"LineString","coordinates":[[-82.4885,36.485],[-82.4822,36.4913]]},"properties":{"name":"Unnamed Stream","layer":"nhd_perennial_streams","stream_type":"Perennial Stream","length_miles":null,"flow_direction":"","reach_code":""}},{"type":"Feature","geometry":{"type":"LineString","coordinates":[[-82.4764,36.6061],[-82.4863,36.6097],[-82.4857,36.6164],[-82.4958,36.6191]]},"properties":{"name":"Unnamed Stream","layer":"nhd_perennial_streams","stream_type":"Perennial Stream","length_miles":null,"flow_direction":"","reach_code":""}},{"type":"Feature","geometry":{"type":"LineString","coordinates":[[-82.563,36.4354],[-82.5616,36.4344]]},"properties":{"name":"Unnamed Stream","layer":"nhd_perennial_streams","stream_type":"Perennial Stream","length_miles":null,"flow_direction":"","reach_code":""}},{"type":"Feature","geometry":{"type":"LineString","coordinates":[[-82.4345,36.458],[-82.4409,36.4484]]},"properties":{"name":"Unnamed Stream","layer":"nhd_perennial_streams","stream_type":"Perennial Stream","length_miles":null,"flow_direction":"","reach_code":""}},{"type":"Feature","geometry":{"type":"LineString","coordinates":[[-82.5164,36.6392],[-82.5142,36.6377]]},"properties":{"name":"Unnamed Stream","layer":"nhd_perennial_streams","stream_type":"Perennial Stream","length_miles":null,"flow_direction":"","reach_code":""}},{"type":"Feature","geometry":{"type":"LineString","coordinates":[[-82.5301,36.5585],[-82.5362,36.5536]]},"properties":{"name":"Unnamed Stream","layer":"nhd_perennial_streams","stream_type":"Perennial Stream","length_miles":null,"flow_direction":"","reach_code":""}},{"type":"Feature","geometry":{"type":"LineString","coordinates":[[-82.6206,36.618],[-82.6267,36.6175]]},"properties":{"name":"Unnamed Stream","layer":"nhd_perennial_streams","stream_type":"Perennial Stream","length_miles":null,"flow_direction":"","reach_code":""}},{"type":"Feature","geometry":{"type":"LineString","coordinates":[[-82.5296,36.3797],[-82.5138,36.3969]]},"properties":{"name":"Unnamed Stream","layer":"nhd_perennial_streams","stream_type":"Perennial Stream","length_miles":null,"flow_direction":"","reach_code":""}},{"type":"Feature","geometry":{"type":"LineString","coordinates":[[-82.6783,36.477],[-82.6747,36.477]]},"properties":{"name":"Unnamed Stream","layer":"nhd_perennial_streams","stream_type":"Perennial Stream","length_miles":null,"flow_direction":"","reach_code":""}},{"type":"Feature","geometry":{"type":"LineString","coordinates":[[-82.7205,36.476],[-82.7208,36.4775]]},"properties":{"name":"Unnamed Stream","layer":"nhd_perennial_streams","stream_type":"Perennial Stream","length_miles":null,"flow_direction":"","reach_code":""}},{"type":"Feature","geometry":{"type":"LineString","coordinates":[[-82.6717,36.555],[-82.67,36.5539]]},"properties":{"name":"Unnamed Stream","layer":"nhd_perennial_streams","stream_type":"Perennial Stream","length_miles":null,"flow_direction":"","reach_code":""}},{"type":"Feature","geometry":{"type":"LineString","coordinates":[[-82.6677,36.4091],[-82.6669,36.4026]]},"properties":{"name":"Unnamed Stream","layer":"nhd_perennial_streams","stream_type":"Perennial Stream","length_miles":null,"flow_direction":"","reach_code":""}},{"type":"Feature","geometry":{"type":"LineString","coordinates":[[-82.6314,36.3915],[-82.6319,36.3952]]},"properties":{"name":"Unnamed Stream","layer":"nhd_perennial_streams","stream_type":"Perennial Stream","length_miles":null,"flow_direction":"","reach_code":""}},{"type":"Feature","geometry":{"type":"LineString","coordinates":[[-82.6222,36.3779],[-82.6234,36.3743]]},"properties":{"name":"Unnamed Stream","layer":"nhd_perennial_streams","stream_type":"Perennial Stream","length_miles":null,"flow_direction":"","reach_code":""}},{"type":"Feature","geometry":{"type":"LineString","coordinates":[[-82.5796,36.3673],[-82.5798,36.3646]]},"properties":{"name":"Unnamed Stream","layer":"nhd_perennial_streams","stream_type":"Perennial Stream","length_miles":null,"flow_direction":"","reach_code":""}},{"type":"Feature","geometry":{"type":"LineString","coordinates":[[-82.6427,36.4781],[-82.6406,36.4748]]},"properties":{"name":"Unnamed Stream","layer":"nhd_perennial_streams","stream_type":"Perennial Stream","length_miles":null,"flow_direction":"","reach_code":""}},{"type":"Feature","geometry":{"type":"LineString","coordinates":[[-82.6787,36.4594],[-82.6785,36.459]]},"properties":{"name":"Unnamed Stream","layer":"nhd_perennial_streams","stream_type":"Perennial Stream","length_miles":null,"flow_direction":"","reach_code":""}},{"type":"Feature","geometry":{"type":"LineString","coordinates":[[-82.4958,36.3982],[-82.4928,36.4041]]},"properties":{"name":"Unnamed Stream","layer":"nhd_perennial_streams","stream_type":"Perennial Stream","length_miles":null,"flow_direction":"","reach_code":""}},{"type":"Feature","geometry":{"type":"LineString","coordinates":[[-82.4829,36.6425],[-82.4841,36.6399]]},"properties":{"name":"Unnamed Stream","layer":"nhd_perennial_streams","stream_type":"Perennial Stream","length_miles":null,"flow_direction":"","reach_code":""}},{"type":"Feature","geometry":{"type":"LineString","coordinates":[[-82.5571,36.3726],[-82.5556,36.3742]]},"properties":{"name":"Unnamed Stream","layer":"nhd_perennial_streams","stream_type":"Perennial Stream","length_miles":null,"flow_direction":"","reach_code":""}},{"type":"Feature","geometry":{"type":"LineString","coordinates":[[-82.5558,36.5586],[-82.5581,36.5576]]},"properties":{"name":"Unnamed Stream","layer":"nhd_perennial_streams","stream_type":"Perennial Stream","length_miles":null,"flow_direction":"","reach_code":""}},{"type":"Feature","geometry":{"type":"LineString","coordinates":[[-82.6552,36.6066],[-82.6554,36.6056]]},"properties":{"name":"Unnamed Stream","layer":"nhd_perennial_streams","stream_type":"Perennial Stream","length_miles":null,"flow_direction":"","reach_code":""}},{"type":"Feature","geometry":{"type":"LineString","coordinates":[[-82.7201,36.4936],[-82.7205,36.4945]]},"properties":{"name":"Unnamed Stream","layer":"nhd_perennial_streams","stream_type":"Perennial Stream","length_miles":null,"flow_direction":"","reach_code":""}},{"type":"Feature","geometry":{"type":"LineString","coordinates":[[-82.6883,36.4258],[-82.6898,36.4259]]},"properties":{"name":"Unnamed Stream","layer":"nhd_perennial_streams","stream_type":"Perennial Stream","length_miles":null,"flow_direction":"","reach_code":""}},{"type":"Feature","geometry":{"type":"LineString","coordinates":[[-82.7074,36.5317],[-82.704,36.5293]]},"properties":{"name":"Unnamed Stream","layer":"nhd_perennial_streams","stream_type":"Perennial Stream","length_miles":null,"flow_direction":"","reach_code":""}},{"type":"Feature","geometry":{"type":"LineString","coordinates":[[-82.6423,36.5065],[-82.639,36.5007]]},"properties":{"name":"Unnamed Stream","layer":"nhd_perennial_streams","stream_type":"Perennial Stream","length_miles":null,"flow_direction":"","reach_code":""}},{"type":"Feature","geometry":{"type":"LineString","coordinates":[[-82.701,36.4432],[-82.6996,36.4395]]},"properties":{"name":"Unnamed Stream","layer":"nhd_perennial_streams","stream_type":"Perennial Stream","length_miles":null,"flow_direction":"","reach_code":""}},{"type":"Feature","geometry":{"type":"LineString","coordinates":[[-82.6669,36.5199],[-82.6691,36.5285]]},"properties":{"name":"Unnamed Stream","layer":"nhd_perennial_streams","stream_type":"Perennial Stream","length_miles":null,"flow_direction":"","reach_code":""}},{"type":"Feature","geometry":{"type":"LineString","coordinates":[[-82.6293,36.4971],[-82.6313,36.4971]]},"properties":{"name":"Unnamed Stream","layer":"nhd_perennial_streams","stream_type":"Perennial Stream","length_miles":null,"flow_direction":"","reach_code":""}},{"type":"Feature","geometry":{"type":"LineString","coordinates":[[-82.5377,36.37],[-82.5358,36.3711]]},"properties":{"name":"Unnamed Stream","layer":"nhd_perennial_streams","stream_type":"Perennial Stream","length_miles":null,"flow_direction":"","reach_code":""}},{"type":"Feature","geometry":{"type":"LineString","coordinates":[[-82.6786,36.4142],[-82.6761,36.4119]]},"properties":{"name":"Unnamed Stream","layer":"nhd_perennial_streams","stream_type":"Perennial Stream","length_miles":null,"flow_direction":"","reach_code":""}},{"type":"Feature","geometry":{"type":"LineString","coordinates":[[-82.6512,36.3965],[-82.6493,36.3979]]},"properties":{"name":"Unnamed Stream","layer":"nhd_perennial_streams","stream_type":"Perennial Stream","length_miles":null,"flow_direction":"","reach_code":""}},{"type":"Feature","geometry":{"type":"LineString","coordinates":[[-82.6897,36.416],[-82.6839,36.4142]]},"properties":{"name":"Unnamed Stream","layer":"nhd_perennial_streams","stream_type":"Perennial Stream","length_miles":null,"flow_direction":"","reach_code":""}},{"type":"Feature","geometry":{"type":"LineString","coordinates":[[-82.5218,36.5605],[-82.5237,36.5537]]},"properties":{"name":"Unnamed Stream","layer":"nhd_perennial_streams","stream_type":"Perennial Stream","length_miles":null,"flow_direction":"","reach_code":""}},{"type":"Feature","geometry":{"type":"LineString","coordinates":[[-82.6987,36.5944],[-82.6924,36.5945]]},"properties":{"name":"Unnamed Stream","layer":"nhd_perennial_streams","stream_type":"Perennial Stream","length_miles":null,"flow_direction":"","reach_code":""}},{"type":"Feature","geometry":{"type":"LineString","coordinates":[[-82.4779,36.5593],[-82.4763,36.5567]]},"properties":{"name":"Unnamed Stream","layer":"nhd_perennial_streams","stream_type":"Perennial Stream","length_miles":null,"flow_direction":"","reach_code":""}},{"type":"Feature","geometry":{"type":"LineString","coordinates":[[-82.6861,36.4386],[-82.6865,36.4447]]},"properties":{"name":"Unnamed Stream","layer":"nhd_perennial_streams","stream_type":"Perennial Stream","length_miles":null,"flow_direction":"","reach_code":""}},{"type":"Feature","geometry":{"type":"LineString","coordinates":[[-82.4761,36.4628],[-82.4789,36.4666]]},"properties":{"name":"Unnamed Stream","layer":"nhd_perennial_streams","stream_type":"Perennial Stream","length_miles":null,"flow_direction":"","reach_code":""}},{"type":"Feature","geometry":{"type":"LineString","coordinates":[[-82.6434,36.4292],[-82.6395,36.4301]]},"properties":{"name":"Unnamed Stream","layer":"nhd_perennial_streams","stream_type":"Perennial Stream","length_miles":null,"flow_direction":"","reach_code":""}},{"type":"Feature","geometry":{"type":"LineString","coordinates":[[-82.6793,36.4445],[-82.6794,36.4445]]},"properties":{"name":"Unnamed Stream","layer":"nhd_perennial_streams","stream_type":"Perennial Stream","length_miles":null,"flow_direction":"","reach_code":""}},{"type":"Feature","geometry":{"type":"LineString","coordinates":[[-82.5717,36.3778],[-82.5698,36.382]]},"properties":{"name":"Unnamed Stream","layer":"nhd_perennial_streams","stream_type":"Perennial Stream","length_miles":null,"flow_direction":"","reach_code":""}},{"type":"Feature","geometry":{"type":"LineString","coordinates":[[-82.5998,36.4586],[-82.6077,36.459]]},"properties":{"name":"Unnamed Stream","layer":"nhd_perennial_streams","stream_type":"Perennial Stream","length_miles":null,"flow_direction":"","reach_code":""}},{"type":"Feature","geometry":{"type":"LineString","coordinates":[[-82.4774,36.4383],[-82.4803,36.4411]]},"properties":{"name":"Unnamed Stream","layer":"nhd_perennial_streams","stream_type":"Perennial Stream","length_miles":null,"flow_direction":"","reach_code":""}},{"type":"Feature","geometry":{"type":"LineString","coordinates":[[-82.6992,36.4705],[-82.6944,36.4699]]},"properties":{"name":"Unnamed Stream","layer":"nhd_perennial_streams","stream_type":"Perennial Stream","length_miles":null,"flow_direction":"","reach_code":""}},{"type":"Feature","geometry":{"type":"LineString","coordinates":[[-82.5023,36.5143],[-82.5045,36.511]]},"properties":{"name":"Unnamed Stream","layer":"nhd_perennial_streams","stream_type":"Perennial Stream","length_miles":null,"flow_direction":"","reach_code":""}},{"type":"Feature","geometry":{"type":"LineString","coordinates":[[-82.572,36.397],[-82.5698,36.4003]]},"properties":{"name":"Unnamed Stream","layer":"nhd_perennial_streams","stream_type":"Perennial Stream","length_miles":null,"flow_direction":"","reach_code":""}},{"type":"Feature","geometry":{"type":"LineString","coordinates":[[-82.576,36.6189],[-82.5757,36.6187]]},"properties":{"name":"Unnamed Stream","layer":"nhd_perennial_streams","stream_type":"Perennial Stream","length_miles":null,"flow_direction":"","reach_code":""}},{"type":"Feature","geometry":{"type":"LineString","coordinates":[[-82.5048,36.632],[-82.4991,36.6295]]},"properties":{"name":"Unnamed Stream","layer":"nhd_perennial_streams","stream_type":"Perennial Stream","length_miles":null,"flow_direction":"","reach_code":""}},{"type":"Feature","geometry":{"type":"LineString","coordinates":[[-82.7335,36.4714],[-82.7307,36.4736]]},"properties":{"name":"Unnamed Stream","layer":"nhd_perennial_streams","stream_type":"Perennial Stream","length_miles":null,"flow_direction":"","reach_code":""}},{"type":"Feature","geometry":{"type":"LineString","coordinates":[[-82.715,36.4893],[-82.717,36.4914]]},"properties":{"name":"Unnamed Stream","layer":"nhd_perennial_streams","stream_type":"Perennial Stream","length_miles":null,"flow_direction":"","reach_code":""}},{"type":"Feature","geometry":{"type":"LineString","coordinates":[[-82.737,36.49],[-82.741,36.4951]]},"properties":{"name":"Unnamed Stream","layer":"nhd_perennial_streams","stream_type":"Perennial Stream","length_miles":null,"flow_direction":"","reach_code":""}},{"type":"Feature","geometry":{"type":"LineString","coordinates":[[-82.6329,36.3832],[-82.6362,36.3835]]},"properties":{"name":"Unnamed Stream","layer":"nhd_perennial_streams","stream_type":"Perennial Stream","length_miles":null,"flow_direction":"","reach_code":""}},{"type":"Feature","geometry":{"type":"LineString","coordinates":[[-82.6125,36.6262],[-82.6135,36.6277]]},"properties":{"name":"Unnamed Stream","layer":"nhd_perennial_streams","stream_type":"Perennial Stream","length_miles":null,"flow_direction":"","reach_code":""}},{"type":"Feature","geometry":{"type":"LineString","coordinates":[[-82.5828,36.368],[-82.5864,36.3707]]},"properties":{"name":"Unnamed Stream","layer":"nhd_perennial_streams","stream_type":"Perennial Stream","length_miles":null,"flow_direction":"","reach_code":""}},{"type":"Feature","geometry":{"type":"LineString","coordinates":[[-82.5528,36.4369],[-82.5478,36.4354]]},"properties":{"name":"Unnamed Stream","layer":"nhd_perennial_streams","stream_type":"Perennial Stream","length_miles":null,"flow_direction":"","reach_code":""}},{"type":"Feature","geometry":{"type":"LineString","coordinates":[[-82.5497,36.5993],[-82.5497,36.5969],[-82.5458,36.5973]]},"properties":{"name":"Unnamed Stream","layer":"nhd_perennial_streams","stream_type":"Perennial Stream","length_miles":null,"flow_direction":"","reach_code":""}},{"type":"Feature","geometry":{"type":"LineString","coordinates":[[-82.6479,36.4214],[-82.6489,36.419]]},"properties":{"name":"Unnamed Stream","layer":"nhd_perennial_streams","stream_type":"Perennial Stream","length_miles":null,"flow_direction":"","reach_code":""}},{"type":"Feature","geometry":{"type":"LineString","coordinates":[[-82.5248,36.6463],[-82.5209,36.6409]]},"properties":{"name":"Unnamed Stream","layer":"nhd_perennial_streams","stream_type":"Perennial Stream","length_miles":null,"flow_direction":"","reach_code":""}},{"type":"Feature","geometry":{"type":"LineString","coordinates":[[-82.6447,36.4805],[-82.6452,36.4773]]},"properties":{"name":"Unnamed Stream","layer":"nhd_perennial_streams","stream_type":"Perennial Stream","length_miles":null,"flow_direction":"","reach_code":""}},{"type":"Feature","geometry":{"type":"LineString","coordinates":[[-82.6687,36.4477],[-82.6684,36.4532]]},"properties":{"name":"Unnamed Stream","layer":"nhd_perennial_streams","stream_type":"Perennial Stream","length_miles":null,"flow_direction":"","reach_code":""}},{"type":"Feature","geometry":{"type":"LineString","coordinates":[[-82.5033,36.6502],[-82.4983,36.6448]]},"properties":{"name":"Unnamed Stream","layer":"nhd_perennial_streams","stream_type":"Perennial Stream","length_miles":null,"flow_direction":"","reach_code":""}},{"type":"Feature","geometry":{"type":"LineString","coordinates":[[-82.6947,36.4558],[-82.6938,36.4539]]},"properties":{"name":"Unnamed Stream","layer":"nhd_perennial_streams","stream_type":"Perennial Stream","length_miles":null,"flow_direction":"","reach_code":""}},{"type":"Feature","geometry":{"type":"LineString","coordinates":[[-82.6552,36.4478],[-82.6524,36.4487]]},"properties":{"name":"Unnamed Stream","layer":"nhd_perennial_streams","stream_type":"Perennial Stream","length_miles":null,"flow_direction":"","reach_code":""}},{"type":"Feature","geometry":{"type":"LineString","coordinates":[[-82.7125,36.5426],[-82.7126,36.5404]]},"properties":{"name":"Unnamed Stream","layer":"nhd_perennial_streams","stream_type":"Perennial Stream","length_miles":null,"flow_direction":"","reach_code":""}},{"type":"Feature","geometry":{"type":"LineString","coordinates":[[-82.71,36.4516],[-82.7103,36.4473]]},"properties":{"name":"Unnamed Stream","layer":"nhd_perennial_streams","stream_type":"Perennial Stream","length_miles":null,"flow_direction":"","reach_code":""}},{"type":"Feature","geometry":{"type":"LineString","coordinates":[[-82.7235,36.4707],[-82.7263,36.4733]]},"properties":{"name":"Unnamed Stream","layer":"nhd_perennial_streams","stream_type":"Perennial Stream","length_miles":null,"flow_direction":"","reach_code":""}},{"type":"Feature","geometry":{"type":"LineString","coordinates":[[-82.7242,36.4792],[-82.7229,36.4803]]},"properties":{"name":"Unnamed Stream","layer":"nhd_perennial_streams","stream_type":"Perennial Stream","length_miles":null,"flow_direction":"","reach_code":""}},{"type":"Feature","geometry":{"type":"LineString","coordinates":[[-82.6844,36.4105],[-82.6784,36.4104]]},"properties":{"name":"Unnamed Stream","layer":"nhd_perennial_streams","stream_type":"Perennial Stream","length_miles":null,"flow_direction":"","reach_code":""}},{"type":"Feature","geometry":{"type":"LineString","coordinates":[[-82.5187,36.5547],[-82.5171,36.5529]]},"properties":{"name":"Unnamed Stream","layer":"nhd_perennial_streams","stream_type":"Perennial Stream","length_miles":null,"flow_direction":"","reach_code":""}},{"type":"Feature","geometry":{"type":"LineString","coordinates":[[-82.5812,36.6357],[-82.5802,36.6364]]},"properties":{"name":"Unnamed Stream","layer":"nhd_perennial_streams","stream_type":"Perennial Stream","length_miles":null,"flow_direction":"","reach_code":""}},{"type":"Feature","geometry":{"type":"LineString","coordinates":[[-82.6062,36.4626],[-82.6046,36.4669]]},"properties":{"name":"Unnamed Stream","layer":"nhd_perennial_streams","stream_type":"Perennial Stream","length_miles":null,"flow_direction":"","reach_code":""}},{"type":"Feature","geometry":{"type":"LineString","coordinates":[[-82.5859,36.5005],[-82.5843,36.5001]]},"properties":{"name":"Unnamed Stream","layer":"nhd_perennial_streams","stream_type":"Perennial Stream","length_miles":null,"flow_direction":"","reach_code":""}},{"type":"Feature","geometry":{"type":"LineString","coordinates":[[-82.6462,36.4179],[-82.6436,36.4199]]},"properties":{"name":"Unnamed Stream","layer":"nhd_perennial_streams","stream_type":"Perennial Stream","length_miles":null,"flow_direction":"","reach_code":""}},{"type":"Feature","geometry":{"type":"LineString","coordinates":[[-82.5458,36.5973],[-82.5447,36.598]]},"properties":{"name":"Unnamed Stream","layer":"nhd_perennial_streams","stream_type":"Perennial Stream","length_miles":null,"flow_direction":"","reach_code":""}},{"type":"Feature","geometry":{"type":"LineString","coordinates":[[-82.5935,36.6323],[-82.5925,36.6325]]},"properties":{"name":"Unnamed Stream","layer":"nhd_perennial_streams","stream_type":"Perennial Stream","length_miles":null,"flow_direction":"","reach_code":""}},{"type":"Feature","geometry":{"type":"LineString","coordinates":[[-82.3877,36.4987],[-82.3816,36.4937]]},"properties":{"name":"Unnamed Stream","layer":"nhd_perennial_streams","stream_type":"Perennial Stream","length_miles":null,"flow_direction":"","reach_code":""}},{"type":"Feature","geometry":{"type":"LineString","coordinates":[[-82.6411,36.4687],[-82.6397,36.469]]},"properties":{"name":"Unnamed Stream","layer":"nhd_perennial_streams","stream_type":"Perennial Stream","length_miles":null,"flow_direction":"","reach_code":""}},{"type":"Feature","geometry":{"type":"LineString","coordinates":[[-82.6974,36.4513],[-82.6946,36.4479]]},"properties":{"name":"Unnamed Stream","layer":"nhd_perennial_streams","stream_type":"Perennial Stream","length_miles":null,"flow_direction":"","reach_code":""}},{"type":"Feature","geometry":{"type":"LineString","coordinates":[[-82.5411,36.6274],[-82.5403,36.6176]]},"properties":{"name":"Unnamed Stream","layer":"nhd_perennial_streams","stream_type":"Perennial Stream","length_miles":null,"flow_direction":"","reach_code":""}},{"type":"Feature","geometry":{"type":"LineString","coordinates":[[-82.5564,36.4773],[-82.561,36.4766]]},"properties":{"name":"Unnamed Stream","layer":"nhd_perennial_streams","stream_type":"Perennial Stream","length_miles":null,"flow_direction":"","reach_code":""}},{"type":"Feature","geometry":{"type":"LineString","coordinates":[[-82.5277,36.409],[-82.5236,36.4081]]},"properties":{"name":"Unnamed Stream","layer":"nhd_perennial_streams","stream_type":"Perennial Stream","length_miles":null,"flow_direction":"","reach_code":""}},{"type":"Feature","geometry":{"type":"LineString","coordinates":[[-82.5332,36.6439],[-82.5299,36.6343]]},"properties":{"name":"Unnamed Stream","layer":"nhd_perennial_streams","stream_type":"Perennial Stream","length_miles":null,"flow_direction":"","reach_code":""}},{"type":"Feature","geometry":{"type":"LineString","coordinates":[[-82.3932,36.4951],[-82.3976,36.489]]},"properties":{"name":"Unnamed Stream","layer":"nhd_perennial_streams","stream_type":"Perennial Stream","length_miles":null,"flow_direction":"","reach_code":""}},{"type":"Feature","geometry":{"type":"LineString","coordinates":[[-82.4776,36.5454],[-82.481,36.5467]]},"properties":{"name":"Unnamed Stream","layer":"nhd_perennial_streams","stream_type":"Perennial Stream","length_miles":null,"flow_direction":"","reach_code":""}},{"type":"Feature","geometry":{"type":"LineString","coordinates":[[-82.6777,36.4285],[-82.6762,36.43]]},"properties":{"name":"Unnamed Stream","layer":"nhd_perennial_streams","stream_type":"Perennial Stream","length_miles":null,"flow_direction":"","reach_code":""}},{"type":"Feature","geometry":{"type":"LineString","coordinates":[[-82.5103,36.6014],[-82.5115,36.6095]]},"properties":{"name":"Unnamed Stream","layer":"nhd_perennial_streams","stream_type":"Perennial Stream","length_miles":null,"flow_direction":"","reach_code":""}},{"type":"Feature","geometry":{"type":"LineString","coordinates":[[-82.6369,36.4874],[-82.6341,36.4867]]},"properties":{"name":"Unnamed Stream","layer":"nhd_perennial_streams","stream_type":"Perennial Stream","length_miles":null,"flow_direction":"","reach_code":""}},{"type":"Feature","geometry":{"type":"LineString","coordinates":[[-82.6759,36.4371],[-82.678,36.439]]},"properties":{"name":"Unnamed Stream","layer":"nhd_perennial_streams","stream_type":"Perennial Stream","length_miles":null,"flow_direction":"","reach_code":""}},{"type":"Feature","geometry":{"type":"LineString","coordinates":[[-82.6615,36.4079],[-82.661,36.4056]]},"properties":{"name":"Unnamed Stream","layer":"nhd_perennial_streams","stream_type":"Perennial Stream","length_miles":null,"flow_direction":"","reach_code":""}},{"type":"Feature","geometry":{"type":"LineString","coordinates":[[-82.6791,36.4213],[-82.6775,36.4184]]},"properties":{"name":"Unnamed Stream","layer":"nhd_perennial_streams","stream_type":"Perennial Stream","length_miles":null,"flow_direction":"","reach_code":""}},{"type":"Feature","geometry":{"type":"LineString","coordinates":[[-82.669,36.4157],[-82.6688,36.4133]]},"properties":{"name":"Unnamed Stream","layer":"nhd_perennial_streams","stream_type":"Perennial Stream","length_miles":null,"flow_direction":"","reach_code":""}},{"type":"Feature","geometry":{"type":"LineString","coordinates":[[-82.6968,36.5789],[-82.6827,36.5742]]},"properties":{"name":"Unnamed Stream","layer":"nhd_perennial_streams","stream_type":"Perennial Stream","length_miles":null,"flow_direction":"","reach_code":""}},{"type":"Feature","geometry":{"type":"LineString","coordinates":[[-82.6403,36.5762],[-82.6282,36.5804]]},"properties":{"name":"Unnamed Stream","layer":"nhd_perennial_streams","stream_type":"Perennial Stream","length_miles":null,"flow_direction":"","reach_code":""}},{"type":"Feature","geometry":{"type":"LineString","coordinates":[[-82.6399,36.4716],[-82.64,36.4706]]},"properties":{"name":"Unnamed Stream","layer":"nhd_perennial_streams","stream_type":"Perennial Stream","length_miles":null,"flow_direction":"","reach_code":""}},{"type":"Feature","geometry":{"type":"LineString","coordinates":[[-82.5829,36.5134],[-82.5791,36.5146]]},"properties":{"name":"Unnamed Stream","layer":"nhd_perennial_streams","stream_type":"Perennial Stream","length_miles":null,"flow_direction":"","reach_code":""}},{"type":"Feature","geometry":{"type":"LineString","coordinates":[[-82.4174,36.5821],[-82.4116,36.5786]]},"properties":{"name":"Unnamed Stream","layer":"nhd_perennial_streams","stream_type":"Perennial Stream","length_miles":null,"flow_direction":"","reach_code":""}},{"type":"Feature","geometry":{"type":"LineString","coordinates":[[-82.685,36.4458],[-82.6849,36.4472]]},"properties":{"name":"Unnamed Stream","layer":"nhd_perennial_streams","stream_type":"Perennial Stream","length_miles":null,"flow_direction":"","reach_code":""}},{"type":"Feature","geometry":{"type":"LineString","coordinates":[[-82.444,36.5355],[-82.4471,36.5329]]},"properties":{"name":"Unnamed Stream","layer":"nhd_perennial_streams","stream_type":"Perennial Stream","length_miles":null,"flow_direction":"","reach_code":""}},{"type":"Feature","geometry":{"type":"LineString","coordinates":[[-82.5671,36.4632],[-82.5694,36.4687],[-82.5846,36.4706],[-82.5867,36.4749],[-82.5824,36.4798]]},"properties":{"name":"Unnamed Stream","layer":"nhd_perennial_streams","stream_type":"Perennial Stream","length_miles":null,"flow_direction":"","reach_code":""}},{"type":"Feature","geometry":{"type":"LineString","coordinates":[[-82.663,36.4656],[-82.6617,36.4636]]},"properties":{"name":"Unnamed Stream","layer":"nhd_perennial_streams","stream_type":"Perennial Stream","length_miles":null,"flow_direction":"","reach_code":""}},{"type":"Feature","geometry":{"type":"LineString","coordinates":[[-82.5439,36.4384],[-82.5431,36.4387]]},"properties":{"name":"Unnamed Stream","layer":"nhd_perennial_streams","stream_type":"Perennial Stream","length_miles":null,"flow_direction":"","reach_code":""}},{"type":"Feature","geometry":{"type":"LineString","coordinates":[[-82.6277,36.387],[-82.6264,36.3914]]},"properties":{"name":"Unnamed Stream","layer":"nhd_perennial_streams","stream_type":"Perennial Stream","length_miles":null,"flow_direction":"","reach_code":""}},{"type":"Feature","geometry":{"type":"LineString","coordinates":[[-82.5259,36.6337],[-82.525,36.6333]]},"properties":{"name":"Unnamed Stream","layer":"nhd_perennial_streams","stream_type":"Perennial Stream","length_miles":null,"flow_direction":"","reach_code":""}},{"type":"Feature","geometry":{"type":"LineString","coordinates":[[-82.5342,36.5432],[-82.5447,36.554]]},"properties":{"name":"Unnamed Stream","layer":"nhd_perennial_streams","stream_type":"Perennial Stream","length_miles":null,"flow_direction":"","reach_code":""}},{"type":"Feature","geometry":{"type":"LineString","coordinates":[[-82.5924,36.6096],[-82.589,36.6042]]},"properties":{"name":"Unnamed Stream","layer":"nhd_perennial_streams","stream_type":"Perennial Stream","length_miles":null,"flow_direction":"","reach_code":""}},{"type":"Feature","geometry":{"type":"LineString","coordinates":[[-82.5474,36.6413],[-82.5491,36.6429]]},"properties":{"name":"Unnamed Stream","layer":"nhd_perennial_streams","stream_type":"Perennial Stream","length_miles":null,"flow_direction":"","reach_code":""}},{"type":"Feature","geometry":{"type":"LineString","coordinates":[[-82.7324,36.4816],[-82.7299,36.479]]},"properties":{"name":"Unnamed Stream","layer":"nhd_perennial_streams","stream_type":"Perennial Stream","length_miles":null,"flow_direction":"","reach_code":""}},{"type":"Feature","geometry":{"type":"LineString","coordinates":[[-82.711,36.4954],[-82.7111,36.4993]]},"properties":{"name":"Unnamed Stream","layer":"nhd_perennial_streams","stream_type":"Perennial Stream","length_miles":null,"flow_direction":"","reach_code":""}},{"type":"Feature","geometry":{"type":"LineString","coordinates":[[-82.6731,36.5003],[-82.6751,36.5012]]},"properties":{"name":"Unnamed Stream","layer":"nhd_perennial_streams","stream_type":"Perennial Stream","length_miles":null,"flow_direction":"","reach_code":""}},{"type":"Feature","geometry":{"type":"LineString","coordinates":[[-82.7002,36.4354],[-82.6997,36.437]]},"properties":{"name":"Unnamed Stream","layer":"nhd_perennial_streams","stream_type":"Perennial Stream","length_miles":null,"flow_direction":"","reach_code":""}},{"type":"Feature","geometry":{"type":"LineString","coordinates":[[-82.6574,36.5555],[-82.6512,36.5521]]},"properties":{"name":"Unnamed Stream","layer":"nhd_perennial_streams","stream_type":"Perennial Stream","length_miles":null,"flow_direction":"","reach_code":""}},{"type":"Feature","geometry":{"type":"LineString","coordinates":[[-82.6958,36.4745],[-82.6961,36.4767]]},"properties":{"name":"Unnamed Stream","layer":"nhd_perennial_streams","stream_type":"Perennial Stream","length_miles":null,"flow_direction":"","reach_code":""}},{"type":"Feature","geometry":{"type":"LineString","coordinates":[[-82.5932,36.3697],[-82.5936,36.3738]]},"properties":{"name":"Unnamed Stream","layer":"nhd_perennial_streams","stream_type":"Perennial Stream","length_miles":null,"flow_direction":"","reach_code":""}},{"type":"Feature","geometry":{"type":"LineString","coordinates":[[-82.6722,36.4695],[-82.6691,36.4593]]},"properties":{"name":"Unnamed Stream","layer":"nhd_perennial_streams","stream_type":"Perennial Stream","length_miles":null,"flow_direction":"","reach_code":""}},{"type":"Feature","geometry":{"type":"LineString","coordinates":[[-82.5556,36.5981],[-82.5567,36.5947],[-82.5631,36.5931]]},"properties":{"name":"Unnamed Stream","layer":"nhd_perennial_streams","stream_type":"Perennial Stream","length_miles":null,"flow_direction":"","reach_code":""}},{"type":"Feature","geometry":{"type":"LineString","coordinates":[[-82.6118,36.4262],[-82.6118,36.4299]]},"properties":{"name":"Unnamed Stream","layer":"nhd_perennial_streams","stream_type":"Perennial Stream","length_miles":null,"flow_direction":"","reach_code":""}},{"type":"Feature","geometry":{"type":"LineString","coordinates":[[-82.6123,36.4632],[-82.6062,36.4626]]},"properties":{"name":"Unnamed Stream","layer":"nhd_perennial_streams","stream_type":"Perennial Stream","length_miles":null,"flow_direction":"","reach_code":""}},{"type":"Feature","geometry":{"type":"LineString","coordinates":[[-82.6023,36.5688],[-82.6025,36.5708]]},"properties":{"name":"Unnamed Stream","layer":"nhd_perennial_streams","stream_type":"Perennial Stream","length_miles":null,"flow_direction":"","reach_code":""}},{"type":"Feature","geometry":{"type":"LineString","coordinates":[[-82.5654,36.5674],[-82.5685,36.561]]},"properties":{"name":"Unnamed Stream","layer":"nhd_perennial_streams","stream_type":"Perennial Stream","length_miles":null,"flow_direction":"","reach_code":""}},{"type":"Feature","geometry":{"type":"LineString","coordinates":[[-82.5442,36.6375],[-82.5416,36.6357],[-82.5435,36.6314]]},"properties":{"name":"Unnamed Stream","layer":"nhd_perennial_streams","stream_type":"Perennial Stream","length_miles":null,"flow_direction":"","reach_code":""}},{"type":"Feature","geometry":{"type":"LineString","coordinates":[[-82.5768,36.5144],[-82.569,36.5131]]},"properties":{"name":"Unnamed Stream","layer":"nhd_perennial_streams","stream_type":"Perennial Stream","length_miles":null,"flow_direction":"","reach_code":""}},{"type":"Feature","geometry":{"type":"LineString","coordinates":[[-82.6163,36.4942],[-82.6088,36.4903]]},"properties":{"name":"Unnamed Stream","layer":"nhd_perennial_streams","stream_type":"Perennial Stream","length_miles":null,"flow_direction":"","reach_code":""}},{"type":"Feature","geometry":{"type":"LineString","coordinates":[[-82.4476,36.5207],[-82.4537,36.5164]]},"properties":{"name":"Unnamed Stream","layer":"nhd_perennial_streams","stream_type":"Perennial Stream","length_miles":null,"flow_direction":"","reach_code":""}},{"type":"Feature","geometry":{"type":"LineString","coordinates":[[-82.4502,36.5029],[-82.4595,36.4992],[-82.4693,36.5028]]},"properties":{"name":"Unnamed Stream","layer":"nhd_perennial_streams","stream_type":"Perennial Stream","length_miles":null,"flow_direction":"","reach_code":""}},{"type":"Feature","geometry":{"type":"LineString","coordinates":[[-82.6487,36.4726],[-82.6486,36.4675]]},"properties":{"name":"Unnamed Stream","layer":"nhd_perennial_streams","stream_type":"Perennial Stream","length_miles":null,"flow_direction":"","reach_code":""}},{"type":"Feature","geometry":{"type":"LineString","coordinates":[[-82.6292,36.4677],[-82.6329,36.4652]]},"properties":{"name":"Unnamed Stream","layer":"nhd_perennial_streams","stream_type":"Perennial Stream","length_miles":null,"flow_direction":"","reach_code":""}},{"type":"Feature","geometry":{"type":"LineString","coordinates":[[-82.6831,36.465],[-82.6814,36.4614]]},"properties":{"name":"Unnamed Stream","layer":"nhd_perennial_streams","stream_type":"Perennial Stream","length_miles":null,"flow_direction":"","reach_code":""}},{"type":"Feature","geometry":{"type":"LineString","coordinates":[[-82.5602,36.3705],[-82.5658,36.3642]]},"properties":{"name":"Unnamed Stream","layer":"nhd_perennial_streams","stream_type":"Perennial Stream","length_miles":null,"flow_direction":"","reach_code":""}},{"type":"Feature","geometry":{"type":"LineString","coordinates":[[-82.6709,36.5944],[-82.6682,36.5954]]},"properties":{"name":"Unnamed Stream","layer":"nhd_perennial_streams","stream_type":"Perennial Stream","length_miles":null,"flow_direction":"","reach_code":""}},{"type":"Feature","geometry":{"type":"LineString","coordinates":[[-82.4819,36.5755],[-82.4774,36.564]]},"properties":{"name":"Unnamed Stream","layer":"nhd_perennial_streams","stream_type":"Perennial Stream","length_miles":null,"flow_direction":"","reach_code":""}},{"type":"Feature","geometry":{"type":"LineString","coordinates":[[-82.6732,36.4295],[-82.6715,36.4292]]},"properties":{"name":"Unnamed Stream","layer":"nhd_perennial_streams","stream_type":"Perennial Stream","length_miles":null,"flow_direction":"","reach_code":""}},{"type":"Feature","geometry":{"type":"LineString","coordinates":[[-82.5911,36.4436],[-82.5905,36.4483]]},"properties":{"name":"Unnamed Stream","layer":"nhd_perennial_streams","stream_type":"Perennial Stream","length_miles":null,"flow_direction":"","reach_code":""}},{"type":"Feature","geometry":{"type":"LineString","coordinates":[[-82.5951,36.4364],[-82.5911,36.4436]]},"properties":{"name":"Unnamed Stream","layer":"nhd_perennial_streams","stream_type":"Perennial Stream","length_miles":null,"flow_direction":"","reach_code":""}},{"type":"Feature","geometry":{"type":"LineString","coordinates":[[-82.5124,36.5328],[-82.5095,36.5359],[-82.5118,36.5387]]},"properties":{"name":"Unnamed Stream","layer":"nhd_perennial_streams","stream_type":"Perennial Stream","length_miles":null,"flow_direction":"","reach_code":""}},{"type":"Feature","geometry":{"type":"LineString","coordinates":[[-82.5829,36.6275],[-82.5826,36.6312]]},"properties":{"name":"Unnamed Stream","layer":"nhd_perennial_streams","stream_type":"Perennial Stream","length_miles":null,"flow_direction":"","reach_code":""}},{"type":"Feature","geometry":{"type":"LineString","coordinates":[[-82.5499,36.429],[-82.5449,36.4377]]},"properties":{"name":"Unnamed Stream","layer":"nhd_perennial_streams","stream_type":"Perennial Stream","length_miles":null,"flow_direction":"","reach_code":""}},{"type":"Feature","geometry":{"type":"LineString","coordinates":[[-82.6303,36.4803],[-82.6294,36.4785]]},"properties":{"name":"Unnamed Stream","layer":"nhd_perennial_streams","stream_type":"Perennial Stream","length_miles":null,"flow_direction":"","reach_code":""}},{"type":"Feature","geometry":{"type":"LineString","coordinates":[[-82.4469,36.6127],[-82.4491,36.6091]]},"properties":{"name":"Unnamed Stream","layer":"nhd_perennial_streams","stream_type":"Perennial Stream","length_miles":null,"flow_direction":"","reach_code":""}},{"type":"Feature","geometry":{"type":"LineString","coordinates":[[-82.689,36.4688],[-82.6907,36.4675]]},"properties":{"name":"Unnamed Stream","layer":"nhd_perennial_streams","stream_type":"Perennial Stream","length_miles":null,"flow_direction":"","reach_code":""}},{"type":"Feature","geometry":{"type":"LineString","coordinates":[[-82.5209,36.6409],[-82.5218,36.6382]]},"properties":{"name":"Unnamed Stream","layer":"nhd_perennial_streams","stream_type":"Perennial Stream","length_miles":null,"flow_direction":"","reach_code":""}},{"type":"Feature","geometry":{"type":"LineString","coordinates":[[-82.6163,36.62],[-82.6122,36.6165]]},"properties":{"name":"Unnamed Stream","layer":"nhd_perennial_streams","stream_type":"Perennial Stream","length_miles":null,"flow_direction":"","reach_code":""}},{"type":"Feature","geometry":{"type":"LineString","coordinates":[[-82.5746,36.4875],[-82.5728,36.486]]},"properties":{"name":"Unnamed Stream","layer":"nhd_perennial_streams","stream_type":"Perennial Stream","length_miles":null,"flow_direction":"","reach_code":""}},{"type":"Feature","geometry":{"type":"LineString","coordinates":[[-82.6787,36.4303],[-82.6762,36.43]]},"properties":{"name":"Unnamed Stream","layer":"nhd_perennial_streams","stream_type":"Perennial Stream","length_miles":null,"flow_direction":"","reach_code":""}},{"type":"Feature","geometry":{"type":"LineString","coordinates":[[-82.5342,36.6474],[-82.5345,36.6542]]},"properties":{"name":"Unnamed Stream","layer":"nhd_perennial_streams","stream_type":"Perennial Stream","length_miles":null,"flow_direction":"","reach_code":""}},{"type":"Feature","geometry":{"type":"LineString","coordinates":[[-82.4112,36.4843],[-82.4131,36.4809]]},"properties":{"name":"Unnamed Stream","layer":"nhd_perennial_streams","stream_type":"Perennial Stream","length_miles":null,"flow_direction":"","reach_code":""}},{"type":"Feature","geometry":{"type":"LineString","coordinates":[[-82.6327,36.4372],[-82.6318,36.4358]]},"properties":{"name":"Unnamed Stream","layer":"nhd_perennial_streams","stream_type":"Perennial Stream","length_miles":null,"flow_direction":"","reach_code":""}},{"type":"Feature","geometry":{"type":"LineString","coordinates":[[-82.6855,36.5507],[-82.6941,36.5456]]},"properties":{"name":"Unnamed Stream","layer":"nhd_perennial_streams","stream_type":"Perennial Stream","length_miles":null,"flow_direction":"","reach_code":""}},{"type":"Feature","geometry":{"type":"LineString","coordinates":[[-82.6205,36.5409],[-82.6121,36.5411]]},"properties":{"name":"Unnamed Stream","layer":"nhd_perennial_streams","stream_type":"Perennial Stream","length_miles":null,"flow_direction":"","reach_code":""}},{"type":"Feature","geometry":{"type":"LineString","coordinates":[[-82.7301,36.4926],[-82.7296,36.4939]]},"properties":{"name":"Unnamed Stream","layer":"nhd_perennial_streams","stream_type":"Perennial Stream","length_miles":null,"flow_direction":"","reach_code":""}},{"type":"Feature","geometry":{"type":"LineString","coordinates":[[-82.7014,36.5471],[-82.6943,36.5434]]},"properties":{"name":"Unnamed Stream","layer":"nhd_perennial_streams","stream_type":"Perennial Stream","length_miles":null,"flow_direction":"","reach_code":""}},{"type":"Feature","geometry":{"type":"LineString","coordinates":[[-82.7137,36.4921],[-82.7137,36.4935]]},"properties":{"name":"Unnamed Stream","layer":"nhd_perennial_streams","stream_type":"Perennial Stream","length_miles":null,"flow_direction":"","reach_code":""}},{"type":"Feature","geometry":{"type":"LineString","coordinates":[[-82.6747,36.477],[-82.6713,36.4795]]},"properties":{"name":"Unnamed Stream","layer":"nhd_perennial_streams","stream_type":"Perennial Stream","length_miles":null,"flow_direction":"","reach_code":""}},{"type":"Feature","geometry":{"type":"LineString","coordinates":[[-82.672,36.4042],[-82.6694,36.4002]]},"properties":{"name":"Unnamed Stream","layer":"nhd_perennial_streams","stream_type":"Perennial Stream","length_miles":null,"flow_direction":"","reach_code":""}},{"type":"Feature","geometry":{"type":"LineString","coordinates":[[-82.6658,36.4069],[-82.6656,36.4065]]},"properties":{"name":"Unnamed Stream","layer":"nhd_perennial_streams","stream_type":"Perennial Stream","length_miles":null,"flow_direction":"","reach_code":""}},{"type":"Feature","geometry":{"type":"LineString","coordinates":[[-82.6918,36.4145],[-82.6844,36.4105]]},"properties":{"name":"Unnamed Stream","layer":"nhd_perennial_streams","stream_type":"Perennial Stream","length_miles":null,"flow_direction":"","reach_code":""}},{"type":"Feature","geometry":{"type":"LineString","coordinates":[[-82.6172,36.3772],[-82.6222,36.3779]]},"properties":{"name":"Unnamed Stream","layer":"nhd_perennial_streams","stream_type":"Perennial Stream","length_miles":null,"flow_direction":"","reach_code":""}},{"type":"Feature","geometry":{"type":"LineString","coordinates":[[-82.6704,36.4067],[-82.672,36.4042]]},"properties":{"name":"Unnamed Stream","layer":"nhd_perennial_streams","stream_type":"Perennial Stream","length_miles":null,"flow_direction":"","reach_code":""}},{"type":"Feature","geometry":{"type":"LineString","coordinates":[[-82.6479,36.4163],[-82.6462,36.4179]]},"properties":{"name":"Unnamed Stream","layer":"nhd_perennial_streams","stream_type":"Perennial Stream","length_miles":null,"flow_direction":"","reach_code":""}},{"type":"Feature","geometry":{"type":"LineString","coordinates":[[-82.6118,36.6315],[-82.6096,36.6323]]},"properties":{"name":"Unnamed Stream","layer":"nhd_perennial_streams","stream_type":"Perennial Stream","length_miles":null,"flow_direction":"","reach_code":""}},{"type":"Feature","geometry":{"type":"LineString","coordinates":[[-82.6162,36.6315],[-82.6162,36.6314]]},"properties":{"name":"Unnamed Stream","layer":"nhd_perennial_streams","stream_type":"Perennial Stream","length_miles":null,"flow_direction":"","reach_code":""}},{"type":"Feature","geometry":{"type":"LineString","coordinates":[[-82.5192,36.3819],[-82.5138,36.3828]]},"properties":{"name":"Unnamed Stream","layer":"nhd_perennial_streams","stream_type":"Perennial Stream","length_miles":null,"flow_direction":"","reach_code":""}},{"type":"Feature","geometry":{"type":"LineString","coordinates":[[-82.645,36.5724],[-82.6403,36.5762]]},"properties":{"name":"Unnamed Stream","layer":"nhd_perennial_streams","stream_type":"Perennial Stream","length_miles":null,"flow_direction":"","reach_code":""}},{"type":"Feature","geometry":{"type":"LineString","coordinates":[[-82.6307,36.4874],[-82.6306,36.4843]]},"properties":{"name":"Unnamed Stream","layer":"nhd_perennial_streams","stream_type":"Perennial Stream","length_miles":null,"flow_direction":"","reach_code":""}},{"type":"Feature","geometry":{"type":"LineString","coordinates":[[-82.4991,36.5337],[-82.5037,36.5341]]},"properties":{"name":"Unnamed Stream","layer":"nhd_perennial_streams","stream_type":"Perennial Stream","length_miles":null,"flow_direction":"","reach_code":""}},{"type":"Feature","geometry":{"type":"LineString","coordinates":[[-82.5583,36.3766],[-82.5528,36.3785]]},"properties":{"name":"Unnamed Stream","layer":"nhd_perennial_streams","stream_type":"Perennial Stream","length_miles":null,"flow_direction":"","reach_code":""}},{"type":"Feature","geometry":{"type":"LineString","coordinates":[[-82.4983,36.5759],[-82.4945,36.5721]]},"properties":{"name":"Unnamed Stream","layer":"nhd_perennial_streams","stream_type":"Perennial Stream","length_miles":null,"flow_direction":"","reach_code":""}},{"type":"Feature","geometry":{"type":"LineString","coordinates":[[-82.5485,36.6006],[-82.5447,36.598]]},"properties":{"name":"Unnamed Stream","layer":"nhd_perennial_streams","stream_type":"Perennial Stream","length_miles":null,"flow_direction":"","reach_code":""}},{"type":"Feature","geometry":{"type":"LineString","coordinates":[[-82.5045,36.421],[-82.4976,36.4293]]},"properties":{"name":"Unnamed Stream","layer":"nhd_perennial_streams","stream_type":"Perennial Stream","length_miles":null,"flow_direction":"","reach_code":""}},{"type":"Feature","geometry":{"type":"LineString","coordinates":[[-82.6541,36.4678],[-82.6523,36.4663]]},"properties":{"name":"Unnamed Stream","layer":"nhd_perennial_streams","stream_type":"Perennial Stream","length_miles":null,"flow_direction":"","reach_code":""}},{"type":"Feature","geometry":{"type":"LineString","coordinates":[[-82.6997,36.437],[-82.7044,36.435]]},"properties":{"name":"Unnamed Stream","layer":"nhd_perennial_streams","stream_type":"Perennial Stream","length_miles":null,"flow_direction":"","reach_code":""}},{"type":"Feature","geometry":{"type":"LineString","coordinates":[[-82.7297,36.4942],[-82.7289,36.5014],[-82.7155,36.5063],[-82.7203,36.515]]},"properties":{"name":"Unnamed Stream","layer":"nhd_perennial_streams","stream_type":"Perennial Stream","length_miles":null,"flow_direction":"","reach_code":""}},{"type":"Feature","geometry":{"type":"LineString","coordinates":[[-82.7067,36.4403],[-82.7061,36.4388]]},"properties":{"name":"Unnamed Stream","layer":"nhd_perennial_streams","stream_type":"Perennial Stream","length_miles":null,"flow_direction":"","reach_code":""}},{"type":"Feature","geometry":{"type":"LineString","coordinates":[[-82.6425,36.5119],[-82.6466,36.5167],[-82.646,36.5218]]},"properties":{"name":"Unnamed Stream","layer":"nhd_perennial_streams","stream_type":"Perennial Stream","length_miles":null,"flow_direction":"","reach_code":""}},{"type":"Feature","geometry":{"type":"LineString","coordinates":[[-82.6373,36.3819],[-82.6406,36.3789]]},"properties":{"name":"Unnamed Stream","layer":"nhd_perennial_streams","stream_type":"Perennial Stream","length_miles":null,"flow_direction":"","reach_code":""}},{"type":"Feature","geometry":{"type":"LineString","coordinates":[[-82.6659,36.4092],[-82.6658,36.4069]]},"properties":{"name":"Unnamed Stream","layer":"nhd_perennial_streams","stream_type":"Perennial Stream","length_miles":null,"flow_direction":"","reach_code":""}},{"type":"Feature","geometry":{"type":"LineString","coordinates":[[-82.704,36.464],[-82.7017,36.4621]]},"properties":{"name":"Unnamed Stream","layer":"nhd_perennial_streams","stream_type":"Perennial Stream","length_miles":null,"flow_direction":"","reach_code":""}},{"type":"Feature","geometry":{"type":"LineString","coordinates":[[-82.622,36.5759],[-82.6178,36.5739]]},"properties":{"name":"Unnamed Stream","layer":"nhd_perennial_streams","stream_type":"Perennial Stream","length_miles":null,"flow_direction":"","reach_code":""}},{"type":"Feature","geometry":{"type":"LineString","coordinates":[[-82.4541,36.4348],[-82.4486,36.4361],[-82.4463,36.4424]]},"properties":{"name":"Unnamed Stream","layer":"nhd_perennial_streams","stream_type":"Perennial Stream","length_miles":null,"flow_direction":"","reach_code":""}},{"type":"Feature","geometry":{"type":"LineString","coordinates":[[-82.6592,36.6303],[-82.6556,36.6339]]},"properties":{"name":"Unnamed Stream","layer":"nhd_perennial_streams","stream_type":"Perennial Stream","length_miles":null,"flow_direction":"","reach_code":""}},{"type":"Feature","geometry":{"type":"LineString","coordinates":[[-82.5947,36.3821],[-82.5867,36.3818]]},"properties":{"name":"Unnamed Stream","layer":"nhd_perennial_streams","stream_type":"Perennial Stream","length_miles":null,"flow_direction":"","reach_code":""}},{"type":"Feature","geometry":{"type":"LineString","coordinates":[[-82.6794,36.4445],[-82.6792,36.4501]]},"properties":{"name":"Unnamed Stream","layer":"nhd_perennial_streams","stream_type":"Perennial Stream","length_miles":null,"flow_direction":"","reach_code":""}},{"type":"Feature","geometry":{"type":"LineString","coordinates":[[-82.5925,36.6271],[-82.5925,36.6325]]},"properties":{"name":"Unnamed Stream","layer":"nhd_perennial_streams","stream_type":"Perennial Stream","length_miles":null,"flow_direction":"","reach_code":""}},{"type":"Feature","geometry":{"type":"LineString","coordinates":[[-82.6074,36.4767],[-82.606,36.4779]]},"properties":{"name":"Unnamed Stream","layer":"nhd_perennial_streams","stream_type":"Perennial Stream","length_miles":null,"flow_direction":"","reach_code":""}},{"type":"Feature","geometry":{"type":"LineString","coordinates":[[-82.5499,36.6489],[-82.5504,36.6502]]},"properties":{"name":"Unnamed Stream","layer":"nhd_perennial_streams","stream_type":"Perennial Stream","length_miles":null,"flow_direction":"","reach_code":""}},{"type":"Feature","geometry":{"type":"LineString","coordinates":[[-82.4594,36.569],[-82.4522,36.5667]]},"properties":{"name":"Unnamed Stream","layer":"nhd_perennial_streams","stream_type":"Perennial Stream","length_miles":null,"flow_direction":"","reach_code":""}},{"type":"Feature","geometry":{"type":"LineString","coordinates":[[-82.6168,36.5959],[-82.6097,36.5949]]},"properties":{"name":"Unnamed Stream","layer":"nhd_perennial_streams","stream_type":"Perennial Stream","length_miles":null,"flow_direction":"","reach_code":""}},{"type":"Feature","geometry":{"type":"LineString","coordinates":[[-82.6372,36.4727],[-82.6399,36.4716]]},"properties":{"name":"Unnamed Stream","layer":"nhd_perennial_streams","stream_type":"Perennial Stream","length_miles":null,"flow_direction":"","reach_code":""}},{"type":"Feature","geometry":{"type":"LineString","coordinates":[[-82.6717,36.4253],[-82.6607,36.4235]]},"properties":{"name":"Unnamed Stream","layer":"nhd_perennial_streams","stream_type":"Perennial Stream","length_miles":null,"flow_direction":"","reach_code":""}},{"type":"Feature","geometry":{"type":"LineString","coordinates":[[-82.6671,36.5885],[-82.671,36.5936]]},"properties":{"name":"Unnamed Stream","layer":"nhd_perennial_streams","stream_type":"Perennial Stream","length_miles":null,"flow_direction":"","reach_code":""}},{"type":"Feature","geometry":{"type":"LineString","coordinates":[[-82.492,36.4622],[-82.4815,36.4722]]},"properties":{"name":"Unnamed Stream","layer":"nhd_perennial_streams","stream_type":"Perennial Stream","length_miles":null,"flow_direction":"","reach_code":""}},{"type":"Feature","geometry":{"type":"LineString","coordinates":[[-82.6335,36.4755],[-82.6349,36.4744]]},"properties":{"name":"Unnamed Stream","layer":"nhd_perennial_streams","stream_type":"Perennial Stream","length_miles":null,"flow_direction":"","reach_code":""}},{"type":"Feature","geometry":{"type":"LineString","coordinates":[[-82.5628,36.4729],[-82.561,36.4766]]},"properties":{"name":"Unnamed Stream","layer":"nhd_perennial_streams","stream_type":"Perennial Stream","length_miles":null,"flow_direction":"","reach_code":""}},{"type":"Feature","geometry":{"type":"LineString","coordinates":[[-82.5605,36.6303],[-82.561,36.6266]]},"properties":{"name":"Unnamed Stream","layer":"nhd_perennial_streams","stream_type":"Perennial Stream","length_miles":null,"flow_direction":"","reach_code":""}},{"type":"Feature","geometry":{"type":"LineString","coordinates":[[-82.59,36.6371],[-82.5876,36.6326]]},"properties":{"name":"Unnamed Stream","layer":"nhd_perennial_streams","stream_type":"Perennial Stream","length_miles":null,"flow_direction":"","reach_code":""}},{"type":"Feature","geometry":{"type":"LineString","coordinates":[[-82.569,36.5037],[-82.5655,36.5055]]},"properties":{"name":"Unnamed Stream","layer":"nhd_perennial_streams","stream_type":"Perennial Stream","length_miles":null,"flow_direction":"","reach_code":""}},{"type":"Feature","geometry":{"type":"LineString","coordinates":[[-82.4279,36.5338],[-82.4362,36.5409]]},"properties":{"name":"Unnamed Stream","layer":"nhd_perennial_streams","stream_type":"Perennial Stream","length_miles":null,"flow_direction":"","reach_code":""}},{"type":"Feature","geometry":{"type":"LineString","coordinates":[[-82.503,36.409],[-82.509,36.4064]]},"properties":{"name":"Unnamed Stream","layer":"nhd_perennial_streams","stream_type":"Perennial Stream","length_miles":null,"flow_direction":"","reach_code":""}},{"type":"Feature","geometry":{"type":"LineString","coordinates":[[-82.7199,36.4828],[-82.7211,36.4828]]},"properties":{"name":"Unnamed Stream","layer":"nhd_perennial_streams","stream_type":"Perennial Stream","length_miles":null,"flow_direction":"","reach_code":""}},{"type":"Feature","geometry":{"type":"LineString","coordinates":[[-82.6844,36.5387],[-82.6778,36.536],[-82.6785,36.533]]},"properties":{"name":"Unnamed Stream","layer":"nhd_perennial_streams","stream_type":"Perennial Stream","length_miles":null,"flow_direction":"","reach_code":""}},{"type":"Feature","geometry":{"type":"LineString","coordinates":[[-82.6667,36.5012],[-82.6668,36.5121]]},"properties":{"name":"Unnamed Stream","layer":"nhd_perennial_streams","stream_type":"Perennial Stream","length_miles":null,"flow_direction":"","reach_code":""}},{"type":"Feature","geometry":{"type":"LineString","coordinates":[[-82.7107,36.4348],[-82.7147,36.433]]},"properties":{"name":"Unnamed Stream","layer":"nhd_perennial_streams","stream_type":"Perennial Stream","length_miles":null,"flow_direction":"","reach_code":""}},{"type":"Feature","geometry":{"type":"LineString","coordinates":[[-82.6918,36.5591],[-82.6958,36.5564],[-82.6944,36.5494]]},"properties":{"name":"Unnamed Stream","layer":"nhd_perennial_streams","stream_type":"Perennial Stream","length_miles":null,"flow_direction":"","reach_code":""}},{"type":"Feature","geometry":{"type":"LineString","coordinates":[[-82.7263,36.4765],[-82.7269,36.4773]]},"properties":{"name":"Unnamed Stream","layer":"nhd_perennial_streams","stream_type":"Perennial Stream","length_miles":null,"flow_direction":"","reach_code":""}},{"type":"Feature","geometry":{"type":"LineString","coordinates":[[-82.6483,36.4918],[-82.6475,36.4888]]},"properties":{"name":"Unnamed Stream","layer":"nhd_perennial_streams","stream_type":"Perennial Stream","length_miles":null,"flow_direction":"","reach_code":""}},{"type":"Feature","geometry":{"type":"LineString","coordinates":[[-82.6888,36.431],[-82.6908,36.4321]]},"properties":{"name":"Unnamed Stream","layer":"nhd_perennial_streams","stream_type":"Perennial Stream","length_miles":null,"flow_direction":"","reach_code":""}},{"type":"Feature","geometry":{"type":"LineString","coordinates":[[-82.44,36.4103],[-82.4306,36.4134]]},"properties":{"name":"Unnamed Stream","layer":"nhd_perennial_streams","stream_type":"Perennial Stream","length_miles":null,"flow_direction":"","reach_code":""}},{"type":"Feature","geometry":{"type":"LineString","coordinates":[[-82.5568,36.4625],[-82.5525,36.4643]]},"properties":{"name":"Unnamed Stream","layer":"nhd_perennial_streams","stream_type":"Perennial Stream","length_miles":null,"flow_direction":"","reach_code":""}},{"type":"Feature","geometry":{"type":"LineString","coordinates":[[-82.5706,36.6377],[-82.5637,36.6383]]},"properties":{"name":"Unnamed Stream","layer":"nhd_perennial_streams","stream_type":"Perennial Stream","length_miles":null,"flow_direction":"","reach_code":""}},{"type":"Feature","geometry":{"type":"LineString","coordinates":[[-82.5671,36.4189],[-82.5668,36.4189]]},"properties":{"name":"Unnamed Stream","layer":"nhd_perennial_streams","stream_type":"Perennial Stream","length_miles":null,"flow_direction":"","reach_code":""}},{"type":"Feature","geometry":{"type":"LineString","coordinates":[[-82.6949,36.6015],[-82.6987,36.5945]]},"properties":{"name":"Unnamed Stream","layer":"nhd_perennial_streams","stream_type":"Perennial Stream","length_miles":null,"flow_direction":"","reach_code":""}},{"type":"Feature","geometry":{"type":"LineString","coordinates":[[-82.5084,36.3802],[-82.513,36.3849]]},"properties":{"name":"Unnamed Stream","layer":"nhd_perennial_streams","stream_type":"Perennial Stream","length_miles":null,"flow_direction":"","reach_code":""}},{"type":"Feature","geometry":{"type":"LineString","coordinates":[[-82.494,36.454],[-82.494,36.4542]]},"properties":{"name":"Unnamed Stream","layer":"nhd_perennial_streams","stream_type":"Perennial Stream","length_miles":null,"flow_direction":"","reach_code":""}},{"type":"Feature","geometry":{"type":"LineString","coordinates":[[-82.6167,36.6353],[-82.6162,36.6315]]},"properties":{"name":"Unnamed Stream","layer":"nhd_perennial_streams","stream_type":"Perennial Stream","length_miles":null,"flow_direction":"","reach_code":""}},{"type":"Feature","geometry":{"type":"LineString","coordinates":[[-82.4293,36.5606],[-82.426,36.5536]]},"properties":{"name":"Unnamed Stream","layer":"nhd_perennial_streams","stream_type":"Perennial Stream","length_miles":null,"flow_direction":"","reach_code":""}},{"type":"Feature","geometry":{"type":"LineString","coordinates":[[-82.6737,36.4388],[-82.6793,36.4445]]},"properties":{"name":"Unnamed Stream","layer":"nhd_perennial_streams","stream_type":"Perennial Stream","length_miles":null,"flow_direction":"","reach_code":""}},{"type":"Feature","geometry":{"type":"LineString","coordinates":[[-82.5021,36.5726],[-82.5047,36.5673]]},"properties":{"name":"Unnamed Stream","layer":"nhd_perennial_streams","stream_type":"Perennial Stream","length_miles":null,"flow_direction":"","reach_code":""}},{"type":"Feature","geometry":{"type":"LineString","coordinates":[[-82.5167,36.612],[-82.519,36.6167]]},"properties":{"name":"Unnamed Stream","layer":"nhd_perennial_streams","stream_type":"Perennial Stream","length_miles":null,"flow_direction":"","reach_code":""}},{"type":"Feature","geometry":{"type":"LineString","coordinates":[[-82.468,36.6268],[-82.4666,36.6271]]},"properties":{"name":"Unnamed Stream","layer":"nhd_perennial_streams","stream_type":"Perennial Stream","length_miles":null,"flow_direction":"","reach_code":""}},{"type":"Feature","geometry":{"type":"LineString","coordinates":[[-82.6865,36.4623],[-82.6855,36.4598]]},"properties":{"name":"Unnamed Stream","layer":"nhd_perennial_streams","stream_type":"Perennial Stream","length_miles":null,"flow_direction":"","reach_code":""}},{"type":"Feature","geometry":{"type":"LineString","coordinates":[[-82.5603,36.4106],[-82.5583,36.4128]]},"properties":{"name":"Unnamed Stream","layer":"nhd_perennial_streams","stream_type":"Perennial Stream","length_miles":null,"flow_direction":"","reach_code":""}},{"type":"Feature","geometry":{"type":"LineString","coordinates":[[-82.6619,36.4659],[-82.6617,36.4636]]},"properties":{"name":"Unnamed Stream","layer":"nhd_perennial_streams","stream_type":"Perennial Stream","length_miles":null,"flow_direction":"","reach_code":""}},{"type":"Feature","geometry":{"type":"LineString","coordinates":[[-82.4934,36.5355],[-82.5016,36.538]]},"properties":{"name":"Unnamed Stream","layer":"nhd_perennial_streams","stream_type":"Perennial Stream","length_miles":null,"flow_direction":"","reach_code":""}},{"type":"Feature","geometry":{"type":"LineString","coordinates":[[-82.4705,36.6283],[-82.4692,36.6272]]},"properties":{"name":"Unnamed Stream","layer":"nhd_perennial_streams","stream_type":"Perennial Stream","length_miles":null,"flow_direction":"","reach_code":""}},{"type":"Feature","geometry":{"type":"LineString","coordinates":[[-82.5525,36.4643],[-82.5522,36.464]]},"properties":{"name":"Unnamed Stream","layer":"nhd_perennial_streams","stream_type":"Perennial Stream","length_miles":null,"flow_direction":"","reach_code":""}},{"type":"Feature","geometry":{"type":"LineString","coordinates":[[-82.5468,36.4183],[-82.5519,36.4194],[-82.5499,36.429]]},"properties":{"name":"Unnamed Stream","layer":"nhd_perennial_streams","stream_type":"Perennial Stream","length_miles":null,"flow_direction":"","reach_code":""}},{"type":"Feature","geometry":{"type":"LineString","coordinates":[[-82.4108,36.5631],[-82.426,36.5536]]},"properties":{"name":"Unnamed Stream","layer":"nhd_perennial_streams","stream_type":"Perennial Stream","length_miles":null,"flow_direction":"","reach_code":""}},{"type":"Feature","geometry":{"type":"LineString","coordinates":[[-82.6253,36.4818],[-82.6217,36.4799]]},"properties":{"name":"Unnamed Stream","layer":"nhd_perennial_streams","stream_type":"Perennial Stream","length_miles":null,"flow_direction":"","reach_code":""}},{"type":"Feature","geometry":{"type":"LineString","coordinates":[[-82.5227,36.6286],[-82.519,36.6262]]},"properties":{"name":"Unnamed Stream","layer":"nhd_perennial_streams","stream_type":"Perennial Stream","length_miles":null,"flow_direction":"","reach_code":""}},{"type":"Feature","geometry":{"type":"LineString","coordinates":[[-82.5831,36.5397],[-82.5829,36.5399]]},"properties":{"name":"Unnamed Stream","layer":"nhd_perennial_streams","stream_type":"Perennial Stream","length_miles":null,"flow_direction":"","reach_code":""}},{"type":"Feature","geometry":{"type":"LineString","coordinates":[[-82.726,36.4903],[-82.7217,36.4902]]},"properties":{"name":"Unnamed Stream","layer":"nhd_perennial_streams","stream_type":"Perennial Stream","length_miles":null,"flow_direction":"","reach_code":""}},{"type":"Feature","geometry":{"type":"LineString","coordinates":[[-82.7156,36.4841],[-82.7169,36.4834]]},"properties":{"name":"Unnamed Stream","layer":"nhd_perennial_streams","stream_type":"Perennial Stream","length_miles":null,"flow_direction":"","reach_code":""}},{"type":"Feature","geometry":{"type":"LineString","coordinates":[[-82.7283,36.492],[-82.7296,36.4939]]},"properties":{"name":"Unnamed Stream","layer":"nhd_perennial_streams","stream_type":"Perennial Stream","length_miles":null,"flow_direction":"","reach_code":""}},{"type":"Feature","geometry":{"type":"LineString","coordinates":[[-82.6225,36.5178],[-82.6234,36.523]]},"properties":{"name":"Unnamed Stream","layer":"nhd_perennial_streams","stream_type":"Perennial Stream","length_miles":null,"flow_direction":"","reach_code":""}},{"type":"Feature","geometry":{"type":"LineString","coordinates":[[-82.6357,36.4989],[-82.6397,36.5001]]},"properties":{"name":"Unnamed Stream","layer":"nhd_perennial_streams","stream_type":"Perennial Stream","length_miles":null,"flow_direction":"","reach_code":""}},{"type":"Feature","geometry":{"type":"LineString","coordinates":[[-82.6508,36.4064],[-82.6542,36.4064]]},"properties":{"name":"Unnamed Stream","layer":"nhd_perennial_streams","stream_type":"Perennial Stream","length_miles":null,"flow_direction":"","reach_code":""}},{"type":"Feature","geometry":{"type":"LineString","coordinates":[[-82.6493,36.3979],[-82.648,36.3997]]},"properties":{"name":"Unnamed Stream","layer":"nhd_perennial_streams","stream_type":"Perennial Stream","length_miles":null,"flow_direction":"","reach_code":""}},{"type":"Feature","geometry":{"type":"LineString","coordinates":[[-82.5837,36.6372],[-82.5812,36.6357]]},"properties":{"name":"Unnamed Stream","layer":"nhd_perennial_streams","stream_type":"Perennial Stream","length_miles":null,"flow_direction":"","reach_code":""}},{"type":"Feature","geometry":{"type":"LineString","coordinates":[[-82.4834,36.5529],[-82.4838,36.5517]]},"properties":{"name":"Unnamed Stream","layer":"nhd_perennial_streams","stream_type":"Perennial Stream","length_miles":null,"flow_direction":"","reach_code":""}},{"type":"Feature","geometry":{"type":"LineString","coordinates":[[-82.4856,36.4147],[-82.4859,36.4161]]},"properties":{"name":"Unnamed Stream","layer":"nhd_perennial_streams","stream_type":"Perennial Stream","length_miles":null,"flow_direction":"","reach_code":""}},{"type":"Feature","geometry":{"type":"LineString","coordinates":[[-82.4735,36.3909],[-82.4783,36.3912]]},"properties":{"name":"Unnamed Stream","layer":"nhd_perennial_streams","stream_type":"Perennial Stream","length_miles":null,"flow_direction":"","reach_code":""}},{"type":"Feature","geometry":{"type":"LineString","coordinates":[[-82.6129,36.4681],[-82.6088,36.4697],[-82.6046,36.4669]]},"properties":{"name":"Unnamed Stream","layer":"nhd_perennial_streams","stream_type":"Perennial Stream","length_miles":null,"flow_direction":"","reach_code":""}},{"type":"Feature","geometry":{"type":"LineString","coordinates":[[-82.5334,36.4918],[-82.5231,36.4981],[-82.5227,36.5053]]},"properties":{"name":"Unnamed Stream","layer":"nhd_perennial_streams","stream_type":"Perennial Stream","length_miles":null,"flow_direction":"","reach_code":""}},{"type":"Feature","geometry":{"type":"LineString","coordinates":[[-82.6419,36.442],[-82.641,36.4428]]},"properties":{"name":"Unnamed Stream","layer":"nhd_perennial_streams","stream_type":"Perennial Stream","length_miles":null,"flow_direction":"","reach_code":""}},{"type":"Feature","geometry":{"type":"LineString","coordinates":[[-82.6479,36.5885],[-82.646,36.5928]]},"properties":{"name":"Unnamed Stream","layer":"nhd_perennial_streams","stream_type":"Perennial Stream","length_miles":null,"flow_direction":"","reach_code":""}},{"type":"Feature","geometry":{"type":"LineString","coordinates":[[-82.5782,36.5112],[-82.5738,36.5062],[-82.5674,36.5099]]},"properties":{"name":"Unnamed Stream","layer":"nhd_perennial_streams","stream_type":"Perennial Stream","length_miles":null,"flow_direction":"","reach_code":""}},{"type":"Feature","geometry":{"type":"LineString","coordinates":[[-82.6529,36.4567],[-82.6574,36.4555]]},"properties":{"name":"Unnamed Stream","layer":"nhd_perennial_streams","stream_type":"Perennial Stream","length_miles":null,"flow_direction":"","reach_code":""}},{"type":"Feature","geometry":{"type":"LineString","coordinates":[[-82.4868,36.3828],[-82.4873,36.3866],[-82.4788,36.394]]},"properties":{"name":"Unnamed Stream","layer":"nhd_perennial_streams","stream_type":"Perennial Stream","length_miles":null,"flow_direction":"","reach_code":""}},{"type":"Feature","geometry":{"type":"LineString","coordinates":[[-82.5559,36.4317],[-82.5517,36.432]]},"properties":{"name":"Unnamed Stream","layer":"nhd_perennial_streams","stream_type":"Perennial Stream","length_miles":null,"flow_direction":"","reach_code":""}},{"type":"Feature","geometry":{"type":"LineString","coordinates":[[-82.4734,36.4358],[-82.4786,36.4328]]},"properties":{"name":"Unnamed Stream","layer":"nhd_perennial_streams","stream_type":"Perennial Stream","length_miles":null,"flow_direction":"","reach_code":""}},{"type":"Feature","geometry":{"type":"LineString","coordinates":[[-82.6096,36.5821],[-82.6132,36.5792]]},"properties":{"name":"Unnamed Stream","layer":"nhd_perennial_streams","stream_type":"Perennial Stream","length_miles":null,"flow_direction":"","reach_code":""}},{"type":"Feature","geometry":{"type":"LineString","coordinates":[[-82.6792,36.4501],[-82.679,36.4502]]},"properties":{"name":"Unnamed Stream","layer":"nhd_perennial_streams","stream_type":"Perennial Stream","length_miles":null,"flow_direction":"","reach_code":""}},{"type":"Feature","geometry":{"type":"LineString","coordinates":[[-82.6872,36.4521],[-82.6848,36.4515]]},"properties":{"name":"Unnamed Stream","layer":"nhd_perennial_streams","stream_type":"Perennial Stream","length_miles":null,"flow_direction":"","reach_code":""}},{"type":"Feature","geometry":{"type":"LineString","coordinates":[[-82.5421,36.5995],[-82.5422,36.6002]]},"properties":{"name":"Unnamed Stream","layer":"nhd_perennial_streams","stream_type":"Perennial Stream","length_miles":null,"flow_direction":"","reach_code":""}},{"type":"Feature","geometry":{"type":"LineString","coordinates":[[-82.6901,36.5532],[-82.6944,36.5494]]},"properties":{"name":"Unnamed Stream","layer":"nhd_perennial_streams","stream_type":"Perennial Stream","length_miles":null,"flow_direction":"","reach_code":""}},{"type":"Feature","geometry":{"type":"LineString","coordinates":[[-82.6857,36.4312],[-82.6909,36.4338]]},"properties":{"name":"Unnamed Stream","layer":"nhd_perennial_streams","stream_type":"Perennial Stream","length_miles":null,"flow_direction":"","reach_code":""}},{"type":"Feature","geometry":{"type":"LineString","coordinates":[[-82.7045,36.5457],[-82.7126,36.5404]]},"properties":{"name":"Unnamed Stream","layer":"nhd_perennial_streams","stream_type":"Perennial Stream","length_miles":null,"flow_direction":"","reach_code":""}},{"type":"Feature","geometry":{"type":"LineString","coordinates":[[-82.7202,36.4577],[-82.7212,36.4571]]},"properties":{"name":"Unnamed Stream","layer":"nhd_perennial_streams","stream_type":"Perennial Stream","length_miles":null,"flow_direction":"","reach_code":""}},{"type":"Feature","geometry":{"type":"LineString","coordinates":[[-82.7265,36.5357],[-82.723,36.5358]]},"properties":{"name":"Unnamed Stream","layer":"nhd_perennial_streams","stream_type":"Perennial Stream","length_miles":null,"flow_direction":"","reach_code":""}},{"type":"Feature","geometry":{"type":"LineString","coordinates":[[-82.7359,36.5059],[-82.7389,36.5092]]},"properties":{"name":"Unnamed Stream","layer":"nhd_perennial_streams","stream_type":"Perennial Stream","length_miles":null,"flow_direction":"","reach_code":""}},{"type":"Feature","geometry":{"type":"LineString","coordinates":[[-82.7262,36.509],[-82.7238,36.5124]]},"properties":{"name":"Unnamed Stream","layer":"nhd_perennial_streams","stream_type":"Perennial Stream","length_miles":null,"flow_direction":"","reach_code":""}},{"type":"Feature","geometry":{"type":"LineString","coordinates":[[-82.6589,36.4069],[-82.661,36.4056]]},"properties":{"name":"Unnamed Stream","layer":"nhd_perennial_streams","stream_type":"Perennial Stream","length_miles":null,"flow_direction":"","reach_code":""}},{"type":"Feature","geometry":{"type":"LineString","coordinates":[[-82.6561,36.5956],[-82.6561,36.5957]]},"properties":{"name":"Unnamed Stream","layer":"nhd_perennial_streams","stream_type":"Perennial Stream","length_miles":null,"flow_direction":"","reach_code":""}},{"type":"Feature","geometry":{"type":"LineString","coordinates":[[-82.6005,36.6401],[-82.5981,36.6326]]},"properties":{"name":"Unnamed Stream","layer":"nhd_perennial_streams","stream_type":"Perennial Stream","length_miles":null,"flow_direction":"","reach_code":""}},{"type":"Feature","geometry":{"type":"LineString","coordinates":[[-82.6841,36.4579],[-82.6818,36.4548]]},"properties":{"name":"Unnamed Stream","layer":"nhd_perennial_streams","stream_type":"Perennial Stream","length_miles":null,"flow_direction":"","reach_code":""}},{"type":"Feature","geometry":{"type":"LineString","coordinates":[[-82.665,36.4678],[-82.6638,36.4652]]},"properties":{"name":"Unnamed Stream","layer":"nhd_perennial_streams","stream_type":"Perennial Stream","length_miles":null,"flow_direction":"","reach_code":""}},{"type":"Feature","geometry":{"type":"LineString","coordinates":[[-82.4336,36.5455],[-82.4329,36.5439]]},"properties":{"name":"Unnamed Stream","layer":"nhd_perennial_streams","stream_type":"Perennial Stream","length_miles":null,"flow_direction":"","reach_code":""}},{"type":"Feature","geometry":{"type":"LineString","coordinates":[[-82.6466,36.4278],[-82.6456,36.4293]]},"properties":{"name":"Unnamed Stream","layer":"nhd_perennial_streams","stream_type":"Perennial Stream","length_miles":null,"flow_direction":"","reach_code":""}},{"type":"Feature","geometry":{"type":"LineString","coordinates":[[-82.6525,36.4686],[-82.6506,36.4669]]},"properties":{"name":"Unnamed Stream","layer":"nhd_perennial_streams","stream_type":"Perennial Stream","length_miles":null,"flow_direction":"","reach_code":""}},{"type":"Feature","geometry":{"type":"LineString","coordinates":[[-82.5463,36.5637],[-82.5558,36.5586]]},"properties":{"name":"Unnamed Stream","layer":"nhd_perennial_streams","stream_type":"Perennial Stream","length_miles":null,"flow_direction":"","reach_code":""}},{"type":"Feature","geometry":{"type":"LineString","coordinates":[[-82.7155,36.4927],[-82.717,36.4914]]},"properties":{"name":"Unnamed Stream","layer":"nhd_perennial_streams","stream_type":"Perennial Stream","length_miles":null,"flow_direction":"","reach_code":""}},{"type":"Feature","geometry":{"type":"LineString","coordinates":[[-82.6826,36.4938],[-82.6799,36.4945]]},"properties":{"name":"Unnamed Stream","layer":"nhd_perennial_streams","stream_type":"Perennial Stream","length_miles":null,"flow_direction":"","reach_code":""}},{"type":"Feature","geometry":{"type":"LineString","coordinates":[[-82.5066,36.375],[-82.5066,36.3751]]},"properties":{"name":"Unnamed Stream","layer":"nhd_perennial_streams","stream_type":"Perennial Stream","length_miles":null,"flow_direction":"","reach_code":""}},{"type":"Feature","geometry":{"type":"LineString","coordinates":[[-82.5736,36.5319],[-82.5729,36.5306]]},"properties":{"name":"Unnamed Stream","layer":"nhd_perennial_streams","stream_type":"Perennial Stream","length_miles":null,"flow_direction":"","reach_code":""}},{"type":"Feature","geometry":{"type":"LineString","coordinates":[[-82.6829,36.4526],[-82.681,36.4526]]},"properties":{"name":"Unnamed Stream","layer":"nhd_perennial_streams","stream_type":"Perennial Stream","length_miles":null,"flow_direction":"","reach_code":""}},{"type":"Feature","geometry":{"type":"LineString","coordinates":[[-82.663,36.4393],[-82.6563,36.4346]]},"properties":{"name":"Unnamed Stream","layer":"nhd_perennial_streams","stream_type":"Perennial Stream","length_miles":null,"flow_direction":"","reach_code":""}},{"type":"Feature","geometry":{"type":"LineString","coordinates":[[-82.5114,36.5737],[-82.5157,36.5686]]},"properties":{"name":"Unnamed Stream","layer":"nhd_perennial_streams","stream_type":"Perennial Stream","length_miles":null,"flow_direction":"","reach_code":""}},{"type":"Feature","geometry":{"type":"LineString","coordinates":[[-82.626,36.4367],[-82.6259,36.437]]},"properties":{"name":"Unnamed Stream","layer":"nhd_perennial_streams","stream_type":"Perennial Stream","length_miles":null,"flow_direction":"","reach_code":""}},{"type":"Feature","geometry":{"type":"LineString","coordinates":[[-82.6529,36.4409],[-82.6481,36.4425]]},"properties":{"name":"Unnamed Stream","layer":"nhd_perennial_streams","stream_type":"Perennial Stream","length_miles":null,"flow_direction":"","reach_code":""}},{"type":"Feature","geometry":{"type":"LineString","coordinates":[[-82.4858,36.5213],[-82.4906,36.5163]]},"properties":{"name":"Unnamed Stream","layer":"nhd_perennial_streams","stream_type":"Perennial Stream","length_miles":null,"flow_direction":"","reach_code":""}},{"type":"Feature","geometry":{"type":"LineString","coordinates":[[-82.5479,36.5097],[-82.5469,36.5136]]},"properties":{"name":"Unnamed Stream","layer":"nhd_perennial_streams","stream_type":"Perennial Stream","length_miles":null,"flow_direction":"","reach_code":""}},{"type":"Feature","geometry":{"type":"LineString","coordinates":[[-82.5858,36.6466],[-82.5875,36.6412]]},"properties":{"name":"Unnamed Stream","layer":"nhd_perennial_streams","stream_type":"Perennial Stream","length_miles":null,"flow_direction":"","reach_code":""}},{"type":"Feature","geometry":{"type":"LineString","coordinates":[[-82.6474,36.4809],[-82.6452,36.4773]]},"properties":{"name":"Unnamed Stream","layer":"nhd_perennial_streams","stream_type":"Perennial Stream","length_miles":null,"flow_direction":"","reach_code":""}},{"type":"Feature","geometry":{"type":"LineString","coordinates":[[-82.6537,36.4381],[-82.646,36.4372],[-82.6431,36.4398]]},"properties":{"name":"Unnamed Stream","layer":"nhd_perennial_streams","stream_type":"Perennial Stream","length_miles":null,"flow_direction":"","reach_code":""}},{"type":"Feature","geometry":{"type":"LineString","coordinates":[[-82.4426,36.5702],[-82.4508,36.5698]]},"properties":{"name":"Unnamed Stream","layer":"nhd_perennial_streams","stream_type":"Perennial Stream","length_miles":null,"flow_direction":"","reach_code":""}},{"type":"Feature","geometry":{"type":"LineString","coordinates":[[-82.5743,36.4366],[-82.5827,36.4396]]},"properties":{"name":"Unnamed Stream","layer":"nhd_perennial_streams","stream_type":"Perennial Stream","length_miles":null,"flow_direction":"","reach_code":""}},{"type":"Feature","geometry":{"type":"LineString","coordinates":[[-82.5753,36.3713],[-82.5777,36.3828],[-82.571,36.3891]]},"properties":{"name":"Unnamed Stream","layer":"nhd_perennial_streams","stream_type":"Perennial Stream","length_miles":null,"flow_direction":"","reach_code":""}},{"type":"Feature","geometry":{"type":"LineString","coordinates":[[-82.476,36.6321],[-82.4787,36.6306]]},"properties":{"name":"Unnamed Stream","layer":"nhd_perennial_streams","stream_type":"Perennial Stream","length_miles":null,"flow_direction":"","reach_code":""}},{"type":"Feature","geometry":{"type":"LineString","coordinates":[[-82.6946,36.4479],[-82.6892,36.4469]]},"properties":{"name":"Unnamed Stream","layer":"nhd_perennial_streams","stream_type":"Perennial Stream","length_miles":null,"flow_direction":"","reach_code":""}},{"type":"Feature","geometry":{"type":"LineString","coordinates":[[-82.6673,36.5995],[-82.6682,36.5954]]},"properties":{"name":"Unnamed Stream","layer":"nhd_perennial_streams","stream_type":"Perennial Stream","length_miles":null,"flow_direction":"","reach_code":""}},{"type":"Feature","geometry":{"type":"LineString","coordinates":[[-82.3977,36.4848],[-82.3953,36.4829]]},"properties":{"name":"Unnamed Stream","layer":"nhd_perennial_streams","stream_type":"Perennial Stream","length_miles":null,"flow_direction":"","reach_code":""}},{"type":"Feature","geometry":{"type":"LineString","coordinates":[[-82.6641,36.4173],[-82.6617,36.4167]]},"properties":{"name":"Unnamed Stream","layer":"nhd_perennial_streams","stream_type":"Perennial Stream","length_miles":null,"flow_direction":"","reach_code":""}},{"type":"Feature","geometry":{"type":"LineString","coordinates":[[-82.5375,36.4281],[-82.5365,36.4339],[-82.54,36.4411]]},"properties":{"name":"Unnamed Stream","layer":"nhd_perennial_streams","stream_type":"Perennial Stream","length_miles":null,"flow_direction":"","reach_code":""}},{"type":"Feature","geometry":{"type":"LineString","coordinates":[[-82.7141,36.4431],[-82.7147,36.433]]},"properties":{"name":"Unnamed Stream","layer":"nhd_perennial_streams","stream_type":"Perennial Stream","length_miles":null,"flow_direction":"","reach_code":""}},{"type":"Feature","geometry":{"type":"LineString","coordinates":[[-82.6308,36.5509],[-82.6372,36.5426],[-82.6375,36.5362]]},"properties":{"name":"Unnamed Stream","layer":"nhd_perennial_streams","stream_type":"Perennial Stream","length_miles":null,"flow_direction":"","reach_code":""}},{"type":"Feature","geometry":{"type":"LineString","coordinates":[[-82.6961,36.4767],[-82.6974,36.478]]},"properties":{"name":"Unnamed Stream","layer":"nhd_perennial_streams","stream_type":"Perennial Stream","length_miles":null,"flow_direction":"","reach_code":""}},{"type":"Feature","geometry":{"type":"LineString","coordinates":[[-82.6771,36.4007],[-82.6765,36.3982]]},"properties":{"name":"Unnamed Stream","layer":"nhd_perennial_streams","stream_type":"Perennial Stream","length_miles":null,"flow_direction":"","reach_code":""}},{"type":"Feature","geometry":{"type":"LineString","coordinates":[[-82.6406,36.3858],[-82.6427,36.3823]]},"properties":{"name":"Unnamed Stream","layer":"nhd_perennial_streams","stream_type":"Perennial Stream","length_miles":null,"flow_direction":"","reach_code":""}},{"type":"Feature","geometry":{"type":"LineString","coordinates":[[-82.5875,36.3655],[-82.5864,36.3707]]},"properties":{"name":"Unnamed Stream","layer":"nhd_perennial_streams","stream_type":"Perennial Stream","length_miles":null,"flow_direction":"","reach_code":""}},{"type":"Feature","geometry":{"type":"LineString","coordinates":[[-82.6678,36.5679],[-82.6597,36.5715]]},"properties":{"name":"Unnamed Stream","layer":"nhd_perennial_streams","stream_type":"Perennial Stream","length_miles":null,"flow_direction":"","reach_code":""}},{"type":"Feature","geometry":{"type":"LineString","coordinates":[[-82.5791,36.5288],[-82.5785,36.5253],[-82.5712,36.5211]]},"properties":{"name":"Unnamed Stream","layer":"nhd_perennial_streams","stream_type":"Perennial Stream","length_miles":null,"flow_direction":"","reach_code":""}},{"type":"Feature","geometry":{"type":"LineString","coordinates":[[-82.6632,36.5944],[-82.6561,36.5956]]},"properties":{"name":"Unnamed Stream","layer":"nhd_perennial_streams","stream_type":"Perennial Stream","length_miles":null,"flow_direction":"","reach_code":""}},{"type":"Feature","geometry":{"type":"LineString","coordinates":[[-82.5422,36.6002],[-82.5422,36.6004]]},"properties":{"name":"Unnamed Stream","layer":"nhd_perennial_streams","stream_type":"Perennial Stream","length_miles":null,"flow_direction":"","reach_code":""}},{"type":"Feature","geometry":{"type":"LineString","coordinates":[[-82.4929,36.6119],[-82.4984,36.6081]]},"properties":{"name":"Unnamed Stream","layer":"nhd_perennial_streams","stream_type":"Perennial Stream","length_miles":null,"flow_direction":"","reach_code":""}},{"type":"Feature","geometry":{"type":"LineString","coordinates":[[-82.6642,36.4727],[-82.6624,36.4716]]},"properties":{"name":"Unnamed Stream","layer":"nhd_perennial_streams","stream_type":"Perennial Stream","length_miles":null,"flow_direction":"","reach_code":""}},{"type":"Feature","geometry":{"type":"LineString","coordinates":[[-82.6226,36.5671],[-82.6175,36.5686]]},"properties":{"name":"Unnamed Stream","layer":"nhd_perennial_streams","stream_type":"Perennial Stream","length_miles":null,"flow_direction":"","reach_code":""}},{"type":"Feature","geometry":{"type":"LineString","coordinates":[[-82.5323,36.5268],[-82.5341,36.5229]]},"properties":{"name":"Unnamed Stream","layer":"nhd_perennial_streams","stream_type":"Perennial Stream","length_miles":null,"flow_direction":"","reach_code":""}},{"type":"Feature","geometry":{"type":"LineString","coordinates":[[-82.6128,36.4364],[-82.6135,36.4375]]},"properties":{"name":"Unnamed Stream","layer":"nhd_perennial_streams","stream_type":"Perennial Stream","length_miles":null,"flow_direction":"","reach_code":""}},{"type":"Feature","geometry":{"type":"LineString","coordinates":[[-82.6824,36.4657],[-82.6775,36.4605]]},"properties":{"name":"Unnamed Stream","layer":"nhd_perennial_streams","stream_type":"Perennial Stream","length_miles":null,"flow_direction":"","reach_code":""}},{"type":"Feature","geometry":{"type":"LineString","coordinates":[[-82.5827,36.4396],[-82.5899,36.4411]]},"properties":{"name":"Unnamed Stream","layer":"nhd_perennial_streams","stream_type":"Perennial Stream","length_miles":null,"flow_direction":"","reach_code":""}},{"type":"Feature","geometry":{"type":"LineString","coordinates":[[-82.5421,36.6448],[-82.5445,36.6476]]},"properties":{"name":"Unnamed Stream","layer":"nhd_perennial_streams","stream_type":"Perennial Stream","length_miles":null,"flow_direction":"","reach_code":""}},{"type":"Feature","geometry":{"type":"LineString","coordinates":[[-82.6459,36.4824],[-82.6447,36.4805]]},"properties":{"name":"Unnamed Stream","layer":"nhd_perennial_streams","stream_type":"Perennial Stream","length_miles":null,"flow_direction":"","reach_code":""}},{"type":"Feature","geometry":{"type":"LineString","coordinates":[[-82.4869,36.3803],[-82.4868,36.3828]]},"properties":{"name":"Unnamed Stream","layer":"nhd_perennial_streams","stream_type":"Perennial Stream","length_miles":null,"flow_direction":"","reach_code":""}},{"type":"Feature","geometry":{"type":"LineString","coordinates":[[-82.5347,36.6281],[-82.5341,36.626]]},"properties":{"name":"Unnamed Stream","layer":"nhd_perennial_streams","stream_type":"Perennial Stream","length_miles":null,"flow_direction":"","reach_code":""}},{"type":"Feature","geometry":{"type":"LineString","coordinates":[[-82.678,36.4531],[-82.6766,36.4515]]},"properties":{"name":"Unnamed Stream","layer":"nhd_perennial_streams","stream_type":"Perennial Stream","length_miles":null,"flow_direction":"","reach_code":""}},{"type":"Feature","geometry":{"type":"LineString","coordinates":[[-82.7201,36.4931],[-82.7201,36.4936]]},"properties":{"name":"Unnamed Stream","layer":"nhd_perennial_streams","stream_type":"Perennial Stream","length_miles":null,"flow_direction":"","reach_code":""}},{"type":"Feature","geometry":{"type":"LineString","coordinates":[[-82.7196,36.5314],[-82.719,36.5308]]},"properties":{"name":"Unnamed Stream","layer":"nhd_perennial_streams","stream_type":"Perennial Stream","length_miles":null,"flow_direction":"","reach_code":""}},{"type":"Feature","geometry":{"type":"LineString","coordinates":[[-82.6733,36.4139],[-82.6754,36.4117]]},"properties":{"name":"Unnamed Stream","layer":"nhd_perennial_streams","stream_type":"Perennial Stream","length_miles":null,"flow_direction":"","reach_code":""}},{"type":"Feature","geometry":{"type":"LineString","coordinates":[[-82.6669,36.4109],[-82.6672,36.4104]]},"properties":{"name":"Unnamed Stream","layer":"nhd_perennial_streams","stream_type":"Perennial Stream","length_miles":null,"flow_direction":"","reach_code":""}},{"type":"Feature","geometry":{"type":"LineString","coordinates":[[-82.4573,36.581],[-82.452,36.5757]]},"properties":{"name":"Unnamed Stream","layer":"nhd_perennial_streams","stream_type":"Perennial Stream","length_miles":null,"flow_direction":"","reach_code":""}},{"type":"Feature","geometry":{"type":"LineString","coordinates":[[-82.5608,36.6256],[-82.5546,36.6211]]},"properties":{"name":"Unnamed Stream","layer":"nhd_perennial_streams","stream_type":"Perennial Stream","length_miles":null,"flow_direction":"","reach_code":""}},{"type":"Feature","geometry":{"type":"LineString","coordinates":[[-82.6916,36.4633],[-82.6875,36.4595]]},"properties":{"name":"Unnamed Stream","layer":"nhd_perennial_streams","stream_type":"Perennial Stream","length_miles":null,"flow_direction":"","reach_code":""}},{"type":"Feature","geometry":{"type":"LineString","coordinates":[[-82.6517,36.4758],[-82.6487,36.4726]]},"properties":{"name":"Unnamed Stream","layer":"nhd_perennial_streams","stream_type":"Perennial Stream","length_miles":null,"flow_direction":"","reach_code":""}},{"type":"Feature","geometry":{"type":"LineString","coordinates":[[-82.5132,36.6391],[-82.5142,36.6377]]},"properties":{"name":"Unnamed Stream","layer":"nhd_perennial_streams","stream_type":"Perennial Stream","length_miles":null,"flow_direction":"","reach_code":""}},{"type":"Feature","geometry":{"type":"LineString","coordinates":[[-82.4875,36.4361],[-82.4828,36.4401]]},"properties":{"name":"Unnamed Stream","layer":"nhd_perennial_streams","stream_type":"Perennial Stream","length_miles":null,"flow_direction":"","reach_code":""}},{"type":"Feature","geometry":{"type":"LineString","coordinates":[[-82.6944,36.4699],[-82.6935,36.47]]},"properties":{"name":"Unnamed Stream","layer":"nhd_perennial_streams","stream_type":"Perennial Stream","length_miles":null,"flow_direction":"","reach_code":""}},{"type":"Feature","geometry":{"type":"LineString","coordinates":[[-82.5836,36.5736],[-82.587,36.5672],[-82.584,36.5551],[-82.5858,36.5504]]},"properties":{"name":"Unnamed Stream","layer":"nhd_perennial_streams","stream_type":"Perennial Stream","length_miles":null,"flow_direction":"","reach_code":""}},{"type":"Feature","geometry":{"type":"LineString","coordinates":[[-82.5611,36.6287],[-82.5613,36.6277]]},"properties":{"name":"Unnamed Stream","layer":"nhd_perennial_streams","stream_type":"Perennial Stream","length_miles":null,"flow_direction":"","reach_code":""}},{"type":"Feature","geometry":{"type":"LineString","coordinates":[[-82.6758,36.4608],[-82.6728,36.4588]]},"properties":{"name":"Unnamed Stream","layer":"nhd_perennial_streams","stream_type":"Perennial Stream","length_miles":null,"flow_direction":"","reach_code":""}},{"type":"Feature","geometry":{"type":"LineString","coordinates":[[-82.574,36.5029],[-82.5754,36.5001]]},"properties":{"name":"Unnamed Stream","layer":"nhd_perennial_streams","stream_type":"Perennial Stream","length_miles":null,"flow_direction":"","reach_code":""}},{"type":"Feature","geometry":{"type":"LineString","coordinates":[[-82.6479,36.4491],[-82.6494,36.4497]]},"properties":{"name":"Unnamed Stream","layer":"nhd_perennial_streams","stream_type":"Perennial Stream","length_miles":null,"flow_direction":"","reach_code":""}},{"type":"Feature","geometry":{"type":"LineString","coordinates":[[-82.6162,36.5904],[-82.6064,36.5896]]},"properties":{"name":"Unnamed Stream","layer":"nhd_perennial_streams","stream_type":"Perennial Stream","length_miles":null,"flow_direction":"","reach_code":""}},{"type":"Feature","geometry":{"type":"LineString","coordinates":[[-82.6556,36.42],[-82.6566,36.4191]]},"properties":{"name":"Unnamed Stream","layer":"nhd_perennial_streams","stream_type":"Perennial Stream","length_miles":null,"flow_direction":"","reach_code":""}},{"type":"Feature","geometry":{"type":"LineString","coordinates":[[-82.6306,36.4843],[-82.6312,36.4817]]},"properties":{"name":"Unnamed Stream","layer":"nhd_perennial_streams","stream_type":"Perennial Stream","length_miles":null,"flow_direction":"","reach_code":""}},{"type":"Feature","geometry":{"type":"LineString","coordinates":[[-82.4346,36.6153],[-82.4433,36.6091]]},"properties":{"name":"Unnamed Stream","layer":"nhd_perennial_streams","stream_type":"Perennial Stream","length_miles":null,"flow_direction":"","reach_code":""}},{"type":"Feature","geometry":{"type":"LineString","coordinates":[[-82.4169,36.4715],[-82.4188,36.4674]]},"properties":{"name":"Unnamed Stream","layer":"nhd_perennial_streams","stream_type":"Perennial Stream","length_miles":null,"flow_direction":"","reach_code":""}},{"type":"Feature","geometry":{"type":"LineString","coordinates":[[-82.66,36.5598],[-82.6574,36.5555]]},"properties":{"name":"Unnamed Stream","layer":"nhd_perennial_streams","stream_type":"Perennial Stream","length_miles":null,"flow_direction":"","reach_code":""}},{"type":"Feature","geometry":{"type":"LineString","coordinates":[[-82.7073,36.4454],[-82.7058,36.4419]]},"properties":{"name":"Unnamed Stream","layer":"nhd_perennial_streams","stream_type":"Perennial Stream","length_miles":null,"flow_direction":"","reach_code":""}},{"type":"Feature","geometry":{"type":"LineString","coordinates":[[-82.7334,36.4812],[-82.7317,36.4785]]},"properties":{"name":"Unnamed Stream","layer":"nhd_perennial_streams","stream_type":"Perennial Stream","length_miles":null,"flow_direction":"","reach_code":""}},{"type":"Feature","geometry":{"type":"LineString","coordinates":[[-82.709,36.4824],[-82.708,36.4853]]},"properties":{"name":"Unnamed Stream","layer":"nhd_perennial_streams","stream_type":"Perennial Stream","length_miles":null,"flow_direction":"","reach_code":""}},{"type":"Feature","geometry":{"type":"LineString","coordinates":[[-82.6754,36.4117],[-82.6749,36.4107]]},"properties":{"name":"Unnamed Stream","layer":"nhd_perennial_streams","stream_type":"Perennial Stream","length_miles":null,"flow_direction":"","reach_code":""}},{"type":"Feature","geometry":{"type":"LineString","coordinates":[[-82.5657,36.4516],[-82.5522,36.464]]},"properties":{"name":"Unnamed Stream","layer":"nhd_perennial_streams","stream_type":"Perennial Stream","length_miles":null,"flow_direction":"","reach_code":""}},{"type":"Feature","geometry":{"type":"LineString","coordinates":[[-82.5232,36.6333],[-82.5176,36.633]]},"properties":{"name":"Unnamed Stream","layer":"nhd_perennial_streams","stream_type":"Perennial Stream","length_miles":null,"flow_direction":"","reach_code":""}},{"type":"Feature","geometry":{"type":"LineString","coordinates":[[-82.5147,36.3814],[-82.5138,36.3828]]},"properties":{"name":"Unnamed Stream","layer":"nhd_perennial_streams","stream_type":"Perennial Stream","length_miles":null,"flow_direction":"","reach_code":""}},{"type":"Feature","geometry":{"type":"LineString","coordinates":[[-82.6473,36.4635],[-82.6466,36.4658]]},"properties":{"name":"Unnamed Stream","layer":"nhd_perennial_streams","stream_type":"Perennial Stream","length_miles":null,"flow_direction":"","reach_code":""}},{"type":"Feature","geometry":{"type":"LineString","coordinates":[[-82.6423,36.4257],[-82.6394,36.424]]},"properties":{"name":"Unnamed Stream","layer":"nhd_perennial_streams","stream_type":"Perennial Stream","length_miles":null,"flow_direction":"","reach_code":""}},{"type":"Feature","geometry":{"type":"LineString","coordinates":[[-82.6128,36.4364],[-82.6135,36.4375]]},"properties":{"name":"Unnamed Stream","layer":"nhd_perennial_streams","stream_type":"Perennial Stream","length_miles":null,"flow_direction":"","reach_code":""}},{"type":"Feature","geometry":{"type":"LineString","coordinates":[[-82.421,36.5286],[-82.4279,36.5338]]},"properties":{"name":"Unnamed Stream","layer":"nhd_perennial_streams","stream_type":"Perennial Stream","length_miles":null,"flow_direction":"","reach_code":""}},{"type":"Feature","geometry":{"type":"LineString","coordinates":[[-82.46,36.6336],[-82.4608,36.6291]]},"properties":{"name":"Unnamed Stream","layer":"nhd_perennial_streams","stream_type":"Perennial Stream","length_miles":null,"flow_direction":"","reach_code":""}},{"type":"Feature","geometry":{"type":"LineString","coordinates":[[-82.5452,36.6424],[-82.5502,36.6456]]},"properties":{"name":"Unnamed Stream","layer":"nhd_perennial_streams","stream_type":"Perennial Stream","length_miles":null,"flow_direction":"","reach_code":""}},{"type":"Feature","geometry":{"type":"LineString","coordinates":[[-82.7074,36.4428],[-82.7067,36.4403]]},"properties":{"name":"Unnamed Stream","layer":"nhd_perennial_streams","stream_type":"Perennial Stream","length_miles":null,"flow_direction":"","reach_code":""}},{"type":"Feature","geometry":{"type":"LineString","coordinates":[[-82.657,36.4857],[-82.6623,36.4826]]},"properties":{"name":"Unnamed Stream","layer":"nhd_perennial_streams","stream_type":"Perennial Stream","length_miles":null,"flow_direction":"","reach_code":""}},{"type":"Feature","geometry":{"type":"LineString","coordinates":[[-82.7294,36.485],[-82.7226,36.4806]]},"properties":{"name":"Unnamed Stream","layer":"nhd_perennial_streams","stream_type":"Perennial Stream","length_miles":null,"flow_direction":"","reach_code":""}},{"type":"Feature","geometry":{"type":"LineString","coordinates":[[-82.4301,36.4135],[-82.4259,36.414]]},"properties":{"name":"Unnamed Stream","layer":"nhd_perennial_streams","stream_type":"Perennial Stream","length_miles":null,"flow_direction":"","reach_code":""}},{"type":"Feature","geometry":{"type":"LineString","coordinates":[[-82.5488,36.3681],[-82.5501,36.3669]]},"properties":{"name":"Unnamed Stream","layer":"nhd_perennial_streams","stream_type":"Perennial Stream","length_miles":null,"flow_direction":"","reach_code":""}},{"type":"Feature","geometry":{"type":"LineString","coordinates":[[-82.6694,36.4002],[-82.6724,36.3945]]},"properties":{"name":"Unnamed Stream","layer":"nhd_perennial_streams","stream_type":"Perennial Stream","length_miles":null,"flow_direction":"","reach_code":""}},{"type":"Feature","geometry":{"type":"LineString","coordinates":[[-82.5453,36.4826],[-82.5478,36.4857]]},"properties":{"name":"Unnamed Stream","layer":"nhd_perennial_streams","stream_type":"Perennial Stream","length_miles":null,"flow_direction":"","reach_code":""}},{"type":"Feature","geometry":{"type":"LineString","coordinates":[[-82.575,36.6334],[-82.5762,36.6356],[-82.5729,36.6379]]},"properties":{"name":"Unnamed Stream","layer":"nhd_perennial_streams","stream_type":"Perennial Stream","length_miles":null,"flow_direction":"","reach_code":""}},{"type":"Feature","geometry":{"type":"LineString","coordinates":[[-82.6427,36.4812],[-82.6422,36.4802]]},"properties":{"name":"Unnamed Stream","layer":"nhd_perennial_streams","stream_type":"Perennial Stream","length_miles":null,"flow_direction":"","reach_code":""}},{"type":"Feature","geometry":{"type":"LineString","coordinates":[[-82.6334,36.4385],[-82.6317,36.438]]},"properties":{"name":"Unnamed Stream","layer":"nhd_perennial_streams","stream_type":"Perennial Stream","length_miles":null,"flow_direction":"","reach_code":""}},{"type":"Feature","geometry":{"type":"LineString","coordinates":[[-82.6327,36.6317],[-82.6327,36.6317]]},"properties":{"name":"Unnamed Stream","layer":"nhd_perennial_streams","stream_type":"Perennial Stream","length_miles":null,"flow_direction":"","reach_code":""}},{"type":"Feature","geometry":{"type":"LineString","coordinates":[[-82.6432,36.6327],[-82.6349,36.632]]},"properties":{"name":"Unnamed Stream","layer":"nhd_perennial_streams","stream_type":"Perennial Stream","length_miles":null,"flow_direction":"","reach_code":""}},{"type":"Feature","geometry":{"type":"LineString","coordinates":[[-82.6096,36.6323],[-82.6037,36.6323]]},"properties":{"name":"Unnamed Stream","layer":"nhd_perennial_streams","stream_type":"Perennial Stream","length_miles":null,"flow_direction":"","reach_code":""}},{"type":"Feature","geometry":{"type":"LineString","coordinates":[[-82.6847,36.4674],[-82.689,36.4688]]},"properties":{"name":"Unnamed Stream","layer":"nhd_perennial_streams","stream_type":"Perennial Stream","length_miles":null,"flow_direction":"","reach_code":""}},{"type":"Feature","geometry":{"type":"LineString","coordinates":[[-82.6057,36.4215],[-82.61,36.4202],[-82.6118,36.4262]]},"properties":{"name":"Unnamed Stream","layer":"nhd_perennial_streams","stream_type":"Perennial Stream","length_miles":null,"flow_direction":"","reach_code":""}},{"type":"Feature","geometry":{"type":"LineString","coordinates":[[-82.3872,36.4933],[-82.3815,36.4916]]},"properties":{"name":"Unnamed Stream","layer":"nhd_perennial_streams","stream_type":"Perennial Stream","length_miles":null,"flow_direction":"","reach_code":""}},{"type":"Feature","geometry":{"type":"LineString","coordinates":[[-82.6394,36.4743],[-82.64,36.472]]},"properties":{"name":"Unnamed Stream","layer":"nhd_perennial_streams","stream_type":"Perennial Stream","length_miles":null,"flow_direction":"","reach_code":""}},{"type":"Feature","geometry":{"type":"LineString","coordinates":[[-82.5996,36.6171],[-82.5974,36.6165]]},"properties":{"name":"Unnamed Stream","layer":"nhd_perennial_streams","stream_type":"Perennial Stream","length_miles":null,"flow_direction":"","reach_code":""}},{"type":"Feature","geometry":{"type":"LineString","coordinates":[[-82.5273,36.6512],[-82.5293,36.6527]]},"properties":{"name":"Unnamed Stream","layer":"nhd_perennial_streams","stream_type":"Perennial Stream","length_miles":null,"flow_direction":"","reach_code":""}},{"type":"Feature","geometry":{"type":"LineString","coordinates":[[-82.5961,36.6273],[-82.5965,36.6324]]},"properties":{"name":"Unnamed Stream","layer":"nhd_perennial_streams","stream_type":"Perennial Stream","length_miles":null,"flow_direction":"","reach_code":""}},{"type":"Feature","geometry":{"type":"LineString","coordinates":[[-82.6471,36.4598],[-82.6494,36.4607]]},"properties":{"name":"Unnamed Stream","layer":"nhd_perennial_streams","stream_type":"Perennial Stream","length_miles":null,"flow_direction":"","reach_code":""}},{"type":"Feature","geometry":{"type":"LineString","coordinates":[[-82.5912,36.4936],[-82.5843,36.5001]]},"properties":{"name":"Unnamed Stream","layer":"nhd_perennial_streams","stream_type":"Perennial Stream","length_miles":null,"flow_direction":"","reach_code":""}},{"type":"Feature","geometry":{"type":"LineString","coordinates":[[-82.7037,36.4957],[-82.701,36.4992]]},"properties":{"name":"Unnamed Stream","layer":"nhd_perennial_streams","stream_type":"Perennial Stream","length_miles":null,"flow_direction":"","reach_code":""}},{"type":"Feature","geometry":{"type":"LineString","coordinates":[[-82.6876,36.4375],[-82.6896,36.4386]]},"properties":{"name":"Unnamed Stream","layer":"nhd_perennial_streams","stream_type":"Perennial Stream","length_miles":null,"flow_direction":"","reach_code":""}},{"type":"Feature","geometry":{"type":"LineString","coordinates":[[-82.5901,36.4847],[-82.5879,36.4814]]},"properties":{"name":"Unnamed Stream","layer":"nhd_perennial_streams","stream_type":"Perennial Stream","length_miles":null,"flow_direction":"","reach_code":""}},{"type":"Feature","geometry":{"type":"LineString","coordinates":[[-82.6532,36.4804],[-82.6466,36.4762]]},"properties":{"name":"Unnamed Stream","layer":"nhd_perennial_streams","stream_type":"Perennial Stream","length_miles":null,"flow_direction":"","reach_code":""}},{"type":"Feature","geometry":{"type":"LineString","coordinates":[[-82.667,36.4633],[-82.665,36.4598]]},"properties":{"name":"Unnamed Stream","layer":"nhd_perennial_streams","stream_type":"Perennial Stream","length_miles":null,"flow_direction":"","reach_code":""}},{"type":"Feature","geometry":{"type":"LineString","coordinates":[[-82.6512,36.4227],[-82.6513,36.422]]},"properties":{"name":"Unnamed Stream","layer":"nhd_perennial_streams","stream_type":"Perennial Stream","length_miles":null,"flow_direction":"","reach_code":""}},{"type":"Feature","geometry":{"type":"LineString","coordinates":[[-82.7017,36.4621],[-82.6916,36.4633]]},"properties":{"name":"Unnamed Stream","layer":"nhd_perennial_streams","stream_type":"Perennial Stream","length_miles":null,"flow_direction":"","reach_code":""}},{"type":"Feature","geometry":{"type":"LineString","coordinates":[[-82.4958,36.6191],[-82.4994,36.6221]]},"properties":{"name":"Unnamed Stream","layer":"nhd_perennial_streams","stream_type":"Perennial Stream","length_miles":null,"flow_direction":"","reach_code":""}},{"type":"Feature","geometry":{"type":"LineString","coordinates":[[-82.4816,36.6425],[-82.4787,36.6396]]},"properties":{"name":"Unnamed Stream","layer":"nhd_perennial_streams","stream_type":"Perennial Stream","length_miles":null,"flow_direction":"","reach_code":""}},{"type":"Feature","geometry":{"type":"LineString","coordinates":[[-82.5543,36.5411],[-82.5565,36.5434]]},"properties":{"name":"Unnamed Stream","layer":"nhd_perennial_streams","stream_type":"Perennial Stream","length_miles":null,"flow_direction":"","reach_code":""}},{"type":"Feature","geometry":{"type":"LineString","coordinates":[[-82.7094,36.4664],[-82.7071,36.4627]]},"properties":{"name":"Unnamed Stream","layer":"nhd_perennial_streams","stream_type":"Perennial Stream","length_miles":null,"flow_direction":"","reach_code":""}},{"type":"Feature","geometry":{"type":"LineString","coordinates":[[-82.639,36.5007],[-82.6397,36.5001]]},"properties":{"name":"Unnamed Stream","layer":"nhd_perennial_streams","stream_type":"Perennial Stream","length_miles":null,"flow_direction":"","reach_code":""}},{"type":"Feature","geometry":{"type":"LineString","coordinates":[[-82.7191,36.4834],[-82.7199,36.4828]]},"properties":{"name":"Unnamed Stream","layer":"nhd_perennial_streams","stream_type":"Perennial Stream","length_miles":null,"flow_direction":"","reach_code":""}},{"type":"Feature","geometry":{"type":"LineString","coordinates":[[-82.6883,36.525],[-82.6858,36.525]]},"properties":{"name":"Unnamed Stream","layer":"nhd_perennial_streams","stream_type":"Perennial Stream","length_miles":null,"flow_direction":"","reach_code":""}},{"type":"Feature","geometry":{"type":"LineString","coordinates":[[-82.7079,36.5496],[-82.7127,36.5489]]},"properties":{"name":"Unnamed Stream","layer":"nhd_perennial_streams","stream_type":"Perennial Stream","length_miles":null,"flow_direction":"","reach_code":""}},{"type":"Feature","geometry":{"type":"LineString","coordinates":[[-82.6874,36.4171],[-82.6839,36.4142]]},"properties":{"name":"Unnamed Stream","layer":"nhd_perennial_streams","stream_type":"Perennial Stream","length_miles":null,"flow_direction":"","reach_code":""}},{"type":"Feature","geometry":{"type":"LineString","coordinates":[[-82.4195,36.6047],[-82.4255,36.6051],[-82.4355,36.6001]]},"properties":{"name":"Unnamed Stream","layer":"nhd_perennial_streams","stream_type":"Perennial Stream","length_miles":null,"flow_direction":"","reach_code":""}},{"type":"Feature","geometry":{"type":"LineString","coordinates":[[-82.5237,36.5537],[-82.5267,36.548]]},"properties":{"name":"Unnamed Stream","layer":"nhd_perennial_streams","stream_type":"Perennial Stream","length_miles":null,"flow_direction":"","reach_code":""}},{"type":"Feature","geometry":{"type":"LineString","coordinates":[[-82.6135,36.6314],[-82.6118,36.6315]]},"properties":{"name":"Unnamed Stream","layer":"nhd_perennial_streams","stream_type":"Perennial Stream","length_miles":null,"flow_direction":"","reach_code":""}},{"type":"Feature","geometry":{"type":"LineString","coordinates":[[-82.6456,36.5673],[-82.6323,36.568]]},"properties":{"name":"Unnamed Stream","layer":"nhd_perennial_streams","stream_type":"Perennial Stream","length_miles":null,"flow_direction":"","reach_code":""}},{"type":"Feature","geometry":{"type":"LineString","coordinates":[[-82.3914,36.5435],[-82.3972,36.5437]]},"properties":{"name":"Unnamed Stream","layer":"nhd_perennial_streams","stream_type":"Perennial Stream","length_miles":null,"flow_direction":"","reach_code":""}},{"type":"Feature","geometry":{"type":"LineString","coordinates":[[-82.6277,36.4651],[-82.6329,36.4652]]},"properties":{"name":"Unnamed Stream","layer":"nhd_perennial_streams","stream_type":"Perennial Stream","length_miles":null,"flow_direction":"","reach_code":""}},{"type":"Feature","geometry":{"type":"LineString","coordinates":[[-82.4644,36.5807],[-82.4679,36.574]]},"properties":{"name":"Unnamed Stream","layer":"nhd_perennial_streams","stream_type":"Perennial Stream","length_miles":null,"flow_direction":"","reach_code":""}},{"type":"Feature","geometry":{"type":"LineString","coordinates":[[-82.6325,36.4393],[-82.6317,36.438]]},"properties":{"name":"Unnamed Stream","layer":"nhd_perennial_streams","stream_type":"Perennial Stream","length_miles":null,"flow_direction":"","reach_code":""}},{"type":"Feature","geometry":{"type":"LineString","coordinates":[[-82.5924,36.5229],[-82.5995,36.5176]]},"properties":{"name":"Unnamed Stream","layer":"nhd_perennial_streams","stream_type":"Perennial Stream","length_miles":null,"flow_direction":"","reach_code":""}},{"type":"Feature","geometry":{"type":"LineString","coordinates":[[-82.4274,36.5731],[-82.4312,36.57],[-82.4397,36.5763],[-82.4426,36.5702]]},"properties":{"name":"Unnamed Stream","layer":"nhd_perennial_streams","stream_type":"Perennial Stream","length_miles":null,"flow_direction":"","reach_code":""}},{"type":"Feature","geometry":{"type":"LineString","coordinates":[[-82.6326,36.4859],[-82.6319,36.4856]]},"properties":{"name":"Unnamed Stream","layer":"nhd_perennial_streams","stream_type":"Perennial Stream","length_miles":null,"flow_direction":"","reach_code":""}},{"type":"Feature","geometry":{"type":"LineString","coordinates":[[-82.5467,36.5665],[-82.5463,36.5637]]},"properties":{"name":"Unnamed Stream","layer":"nhd_perennial_streams","stream_type":"Perennial Stream","length_miles":null,"flow_direction":"","reach_code":""}},{"type":"Feature","geometry":{"type":"LineString","coordinates":[[-82.4118,36.5811],[-82.4116,36.5786]]},"properties":{"name":"Unnamed Stream","layer":"nhd_perennial_streams","stream_type":"Perennial Stream","length_miles":null,"flow_direction":"","reach_code":""}},{"type":"Feature","geometry":{"type":"LineString","coordinates":[[-82.7093,36.4459],[-82.7061,36.4388]]},"properties":{"name":"Unnamed Stream","layer":"nhd_perennial_streams","stream_type":"Perennial Stream","length_miles":null,"flow_direction":"","reach_code":""}},{"type":"Feature","geometry":{"type":"LineString","coordinates":[[-82.6775,36.4441],[-82.6776,36.4442]]},"properties":{"name":"Unnamed Stream","layer":"nhd_perennial_streams","stream_type":"Perennial Stream","length_miles":null,"flow_direction":"","reach_code":""}},{"type":"Feature","geometry":{"type":"LineString","coordinates":[[-82.6713,36.4092],[-82.6733,36.4063]]},"properties":{"name":"Unnamed Stream","layer":"nhd_perennial_streams","stream_type":"Perennial Stream","length_miles":null,"flow_direction":"","reach_code":""}},{"type":"Feature","geometry":{"type":"LineString","coordinates":[[-82.64,36.472],[-82.6399,36.4716]]},"properties":{"name":"Unnamed Stream","layer":"nhd_perennial_streams","stream_type":"Perennial Stream","length_miles":null,"flow_direction":"","reach_code":""}},{"type":"Feature","geometry":{"type":"LineString","coordinates":[[-82.4229,36.4754],[-82.4169,36.4715]]},"properties":{"name":"Unnamed Stream","layer":"nhd_perennial_streams","stream_type":"Perennial Stream","length_miles":null,"flow_direction":"","reach_code":""}},{"type":"Feature","geometry":{"type":"LineString","coordinates":[[-82.6739,36.4302],[-82.6732,36.4295]]},"properties":{"name":"Unnamed Stream","layer":"nhd_perennial_streams","stream_type":"Perennial Stream","length_miles":null,"flow_direction":"","reach_code":""}},{"type":"Feature","geometry":{"type":"LineString","coordinates":[[-82.6323,36.568],[-82.6294,36.5666]]},"properties":{"name":"Unnamed Stream","layer":"nhd_perennial_streams","stream_type":"Perennial Stream","length_miles":null,"flow_direction":"","reach_code":""}},{"type":"Feature","geometry":{"type":"LineString","coordinates":[[-82.6573,36.4507],[-82.6602,36.451]]},"properties":{"name":"Unnamed Stream","layer":"nhd_perennial_streams","stream_type":"Perennial Stream","length_miles":null,"flow_direction":"","reach_code":""}},{"type":"Feature","geometry":{"type":"LineString","coordinates":[[-82.6343,36.4287],[-82.6334,36.429]]},"properties":{"name":"Unnamed Stream","layer":"nhd_perennial_streams","stream_type":"Perennial Stream","length_miles":null,"flow_direction":"","reach_code":""}},{"type":"Feature","geometry":{"type":"LineString","coordinates":[[-82.6835,36.4382],[-82.6846,36.4381]]},"properties":{"name":"Unnamed Stream","layer":"nhd_perennial_streams","stream_type":"Perennial Stream","length_miles":null,"flow_direction":"","reach_code":""}},{"type":"Feature","geometry":{"type":"LineString","coordinates":[[-82.6609,36.6264],[-82.6614,36.6195]]},"properties":{"name":"Unnamed Stream","layer":"nhd_perennial_streams","stream_type":"Perennial Stream","length_miles":null,"flow_direction":"","reach_code":""}},{"type":"Feature","geometry":{"type":"LineString","coordinates":[[-82.4618,36.4929],[-82.4724,36.4851],[-82.4758,36.4857]]},"properties":{"name":"Unnamed Stream","layer":"nhd_perennial_streams","stream_type":"Perennial Stream","length_miles":null,"flow_direction":"","reach_code":""}},{"type":"Feature","geometry":{"type":"LineString","coordinates":[[-82.3992,36.5198],[-82.4023,36.5139]]},"properties":{"name":"Unnamed Stream","layer":"nhd_perennial_streams","stream_type":"Perennial Stream","length_miles":null,"flow_direction":"","reach_code":""}},{"type":"Feature","geometry":{"type":"LineString","coordinates":[[-82.5934,36.5133],[-82.5892,36.5098],[-82.5887,36.5042]]},"properties":{"name":"Unnamed Stream","layer":"nhd_perennial_streams","stream_type":"Perennial Stream","length_miles":null,"flow_direction":"","reach_code":""}},{"type":"Feature","geometry":{"type":"LineString","coordinates":[[-82.5713,36.6272],[-82.5662,36.6239]]},"properties":{"name":"Unnamed Stream","layer":"nhd_perennial_streams","stream_type":"Perennial Stream","length_miles":null,"flow_direction":"","reach_code":""}},{"type":"Feature","geometry":{"type":"LineString","coordinates":[[-82.4855,36.3765],[-82.4869,36.3803]]},"properties":{"name":"Unnamed Stream","layer":"nhd_perennial_streams","stream_type":"Perennial Stream","length_miles":null,"flow_direction":"","reach_code":""}},{"type":"Feature","geometry":{"type":"LineString","coordinates":[[-82.5156,36.6466],[-82.5137,36.6454]]},"properties":{"name":"Unnamed Stream","layer":"nhd_perennial_streams","stream_type":"Perennial Stream","length_miles":null,"flow_direction":"","reach_code":""}},{"type":"Feature","geometry":{"type":"LineString","coordinates":[[-82.5791,36.5146],[-82.5768,36.5144]]},"properties":{"name":"Unnamed Stream","layer":"nhd_perennial_streams","stream_type":"Perennial Stream","length_miles":null,"flow_direction":"","reach_code":""}},{"type":"Feature","geometry":{"type":"LineString","coordinates":[[-82.6751,36.4433],[-82.6761,36.4434]]},"properties":{"name":"Unnamed Stream","layer":"nhd_perennial_streams","stream_type":"Perennial Stream","length_miles":null,"flow_direction":"","reach_code":""}},{"type":"Feature","geometry":{"type":"LineString","coordinates":[[-82.4134,36.4797],[-82.4146,36.4751]]},"properties":{"name":"Unnamed Stream","layer":"nhd_perennial_streams","stream_type":"Perennial Stream","length_miles":null,"flow_direction":"","reach_code":""}},{"type":"Feature","geometry":{"type":"LineString","coordinates":[[-82.7001,36.4921],[-82.7037,36.4957]]},"properties":{"name":"Unnamed Stream","layer":"nhd_perennial_streams","stream_type":"Perennial Stream","length_miles":null,"flow_direction":"","reach_code":""}},{"type":"Feature","geometry":{"type":"LineString","coordinates":[[-82.7205,36.4945],[-82.7206,36.4969],[-82.716,36.4979]]},"properties":{"name":"Unnamed Stream","layer":"nhd_perennial_streams","stream_type":"Perennial Stream","length_miles":null,"flow_direction":"","reach_code":""}},{"type":"Feature","geometry":{"type":"LineString","coordinates":[[-82.5938,36.3688],[-82.5932,36.3697]]},"properties":{"name":"Unnamed Stream","layer":"nhd_perennial_streams","stream_type":"Perennial Stream","length_miles":null,"flow_direction":"","reach_code":""}},{"type":"Feature","geometry":{"type":"LineString","coordinates":[[-82.6664,36.4196],[-82.6651,36.4205]]},"properties":{"name":"Unnamed Stream","layer":"nhd_perennial_streams","stream_type":"Perennial Stream","length_miles":null,"flow_direction":"","reach_code":""}},{"type":"Feature","geometry":{"type":"LineString","coordinates":[[-82.534,36.6351],[-82.5317,36.6339]]},"properties":{"name":"Unnamed Stream","layer":"nhd_perennial_streams","stream_type":"Perennial Stream","length_miles":null,"flow_direction":"","reach_code":""}},{"type":"Feature","geometry":{"type":"LineString","coordinates":[[-82.4838,36.5517],[-82.4897,36.5504]]},"properties":{"name":"Unnamed Stream","layer":"nhd_perennial_streams","stream_type":"Perennial Stream","length_miles":null,"flow_direction":"","reach_code":""}},{"type":"Feature","geometry":{"type":"LineString","coordinates":[[-82.4573,36.5171],[-82.4608,36.5104]]},"properties":{"name":"Unnamed Stream","layer":"nhd_perennial_streams","stream_type":"Perennial Stream","length_miles":null,"flow_direction":"","reach_code":""}},{"type":"Feature","geometry":{"type":"LineString","coordinates":[[-82.6453,36.4836],[-82.6427,36.4812]]},"properties":{"name":"Unnamed Stream","layer":"nhd_perennial_streams","stream_type":"Perennial Stream","length_miles":null,"flow_direction":"","reach_code":""}},{"type":"Feature","geometry":{"type":"LineString","coordinates":[[-82.6298,36.4553],[-82.6271,36.4535]]},"properties":{"name":"Unnamed Stream","layer":"nhd_perennial_streams","stream_type":"Perennial Stream","length_miles":null,"flow_direction":"","reach_code":""}},{"type":"Feature","geometry":{"type":"LineString","coordinates":[[-82.6134,36.6078],[-82.614,36.6053]]},"properties":{"name":"Unnamed Stream","layer":"nhd_perennial_streams","stream_type":"Perennial Stream","length_miles":null,"flow_direction":"","reach_code":""}},{"type":"Feature","geometry":{"type":"LineString","coordinates":[[-82.6437,36.4727],[-82.6428,36.4706]]},"properties":{"name":"Unnamed Stream","layer":"nhd_perennial_streams","stream_type":"Perennial Stream","length_miles":null,"flow_direction":"","reach_code":""}},{"type":"Feature","geometry":{"type":"LineString","coordinates":[[-82.4703,36.3863],[-82.4651,36.3865],[-82.4621,36.39]]},"properties":{"name":"Unnamed Stream","layer":"nhd_perennial_streams","stream_type":"Perennial Stream","length_miles":null,"flow_direction":"","reach_code":""}},{"type":"Feature","geometry":{"type":"LineString","coordinates":[[-82.6265,36.3875],[-82.6272,36.3872]]},"properties":{"name":"Unnamed Stream","layer":"nhd_perennial_streams","stream_type":"Perennial Stream","length_miles":null,"flow_direction":"","reach_code":""}},{"type":"Feature","geometry":{"type":"LineString","coordinates":[[-82.4832,36.6245],[-82.4874,36.6276]]},"properties":{"name":"Unnamed Stream","layer":"nhd_perennial_streams","stream_type":"Perennial Stream","length_miles":null,"flow_direction":"","reach_code":""}},{"type":"Feature","geometry":{"type":"LineString","coordinates":[[-82.5765,36.4547],[-82.5809,36.4539],[-82.5897,36.459]]},"properties":{"name":"Unnamed Stream","layer":"nhd_perennial_streams","stream_type":"Perennial Stream","length_miles":null,"flow_direction":"","reach_code":""}},{"type":"Feature","geometry":{"type":"LineString","coordinates":[[-82.6676,36.548],[-82.6647,36.5459],[-82.6661,36.5415]]},"properties":{"name":"Unnamed Stream","layer":"nhd_perennial_streams","stream_type":"Perennial Stream","length_miles":null,"flow_direction":"","reach_code":""}},{"type":"Feature","geometry":{"type":"LineString","coordinates":[[-82.7208,36.4518],[-82.7266,36.4552]]},"properties":{"name":"Unnamed Stream","layer":"nhd_perennial_streams","stream_type":"Perennial Stream","length_miles":null,"flow_direction":"","reach_code":""}},{"type":"Feature","geometry":{"type":"LineString","coordinates":[[-82.7165,36.4428],[-82.7188,36.4391]]},"properties":{"name":"Unnamed Stream","layer":"nhd_perennial_streams","stream_type":"Perennial Stream","length_miles":null,"flow_direction":"","reach_code":""}},{"type":"Feature","geometry":{"type":"LineString","coordinates":[[-82.6764,36.4803],[-82.6762,36.4824]]},"properties":{"name":"Unnamed Stream","layer":"nhd_perennial_streams","stream_type":"Perennial Stream","length_miles":null,"flow_direction":"","reach_code":""}},{"type":"Feature","geometry":{"type":"LineString","coordinates":[[-82.7118,36.5553],[-82.7118,36.5544]]},"properties":{"name":"Unnamed Stream","layer":"nhd_perennial_streams","stream_type":"Perennial Stream","length_miles":null,"flow_direction":"","reach_code":""}},{"type":"Feature","geometry":{"type":"LineString","coordinates":[[-82.692,36.4282],[-82.6958,36.4312],[-82.6948,36.4339]]},"properties":{"name":"Unnamed Stream","layer":"nhd_perennial_streams","stream_type":"Perennial Stream","length_miles":null,"flow_direction":"","reach_code":""}},{"type":"Feature","geometry":{"type":"LineString","coordinates":[[-82.6818,36.4035],[-82.6816,36.4035]]},"properties":{"name":"Unnamed Stream","layer":"nhd_perennial_streams","stream_type":"Perennial Stream","length_miles":null,"flow_direction":"","reach_code":""}},{"type":"Feature","geometry":{"type":"LineString","coordinates":[[-82.6615,36.4581],[-82.6614,36.4582]]},"properties":{"name":"Unnamed Stream","layer":"nhd_perennial_streams","stream_type":"Perennial Stream","length_miles":null,"flow_direction":"","reach_code":""}},{"type":"Feature","geometry":{"type":"LineString","coordinates":[[-82.6003,36.6105],[-82.6002,36.6074]]},"properties":{"name":"Unnamed Stream","layer":"nhd_perennial_streams","stream_type":"Perennial Stream","length_miles":null,"flow_direction":"","reach_code":""}},{"type":"Feature","geometry":{"type":"LineString","coordinates":[[-82.5268,36.4522],[-82.5259,36.4529]]},"properties":{"name":"Unnamed Stream","layer":"nhd_perennial_streams","stream_type":"Perennial Stream","length_miles":null,"flow_direction":"","reach_code":""}},{"type":"Feature","geometry":{"type":"LineString","coordinates":[[-82.6249,36.4139],[-82.6254,36.4139]]},"properties":{"name":"Unnamed Stream","layer":"nhd_perennial_streams","stream_type":"Perennial Stream","length_miles":null,"flow_direction":"","reach_code":""}},{"type":"Feature","geometry":{"type":"LineString","coordinates":[[-82.5579,36.3744],[-82.5556,36.3742]]},"properties":{"name":"Unnamed Stream","layer":"nhd_perennial_streams","stream_type":"Perennial Stream","length_miles":null,"flow_direction":"","reach_code":""}},{"type":"Feature","geometry":{"type":"LineString","coordinates":[[-82.6012,36.5193],[-82.5995,36.5176]]},"properties":{"name":"Unnamed Stream","layer":"nhd_perennial_streams","stream_type":"Perennial Stream","length_miles":null,"flow_direction":"","reach_code":""}},{"type":"Feature","geometry":{"type":"LineString","coordinates":[[-82.526,36.5972],[-82.5264,36.6024]]},"properties":{"name":"Unnamed Stream","layer":"nhd_perennial_streams","stream_type":"Perennial Stream","length_miles":null,"flow_direction":"","reach_code":""}},{"type":"Feature","geometry":{"type":"LineString","coordinates":[[-82.6166,36.6088],[-82.6134,36.6078]]},"properties":{"name":"Unnamed Stream","layer":"nhd_perennial_streams","stream_type":"Perennial Stream","length_miles":null,"flow_direction":"","reach_code":""}},{"type":"Feature","geometry":{"type":"LineString","coordinates":[[-82.5267,36.548],[-82.5362,36.5536]]},"properties":{"name":"Unnamed Stream","layer":"nhd_perennial_streams","stream_type":"Perennial Stream","length_miles":null,"flow_direction":"","reach_code":""}},{"type":"Feature","geometry":{"type":"LineString","coordinates":[[-82.4693,36.5028],[-82.4719,36.4996]]},"properties":{"name":"Unnamed Stream","layer":"nhd_perennial_streams","stream_type":"Perennial Stream","length_miles":null,"flow_direction":"","reach_code":""}},{"type":"Feature","geometry":{"type":"LineString","coordinates":[[-82.6816,36.4543],[-82.6816,36.4541]]},"properties":{"name":"Unnamed Stream","layer":"nhd_perennial_streams","stream_type":"Perennial Stream","length_miles":null,"flow_direction":"","reach_code":""}},{"type":"Feature","geometry":{"type":"LineString","coordinates":[[-82.5435,36.6314],[-82.5452,36.6306]]},"properties":{"name":"Unnamed Stream","layer":"nhd_perennial_streams","stream_type":"Perennial Stream","length_miles":null,"flow_direction":"","reach_code":""}},{"type":"Feature","geometry":{"type":"LineString","coordinates":[[-82.6379,36.4954],[-82.6375,36.4931]]},"properties":{"name":"Unnamed Stream","layer":"nhd_perennial_streams","stream_type":"Perennial Stream","length_miles":null,"flow_direction":"","reach_code":""}},{"type":"Feature","geometry":{"type":"LineString","coordinates":[[-82.6799,36.4945],[-82.6796,36.4952]]},"properties":{"name":"Unnamed Stream","layer":"nhd_perennial_streams","stream_type":"Perennial Stream","length_miles":null,"flow_direction":"","reach_code":""}},{"type":"Feature","geometry":{"type":"LineString","coordinates":[[-82.5913,36.5295],[-82.5965,36.5355]]},"properties":{"name":"Unnamed Stream","layer":"nhd_perennial_streams","stream_type":"Perennial Stream","length_miles":null,"flow_direction":"","reach_code":""}},{"type":"Feature","geometry":{"type":"LineString","coordinates":[[-82.6661,36.5415],[-82.6704,36.5326]]},"properties":{"name":"Unnamed Stream","layer":"nhd_perennial_streams","stream_type":"Perennial Stream","length_miles":null,"flow_direction":"","reach_code":""}},{"type":"Feature","geometry":{"type":"LineString","coordinates":[[-82.6064,36.3903],[-82.6164,36.3823]]},"properties":{"name":"Unnamed Stream","layer":"nhd_perennial_streams","stream_type":"Perennial Stream","length_miles":null,"flow_direction":"","reach_code":""}},{"type":"Feature","geometry":{"type":"LineString","coordinates":[[-82.5153,36.6029],[-82.5196,36.6041]]},"properties":{"name":"Unnamed Stream","layer":"nhd_perennial_streams","stream_type":"Perennial Stream","length_miles":null,"flow_direction":"","reach_code":""}},{"type":"Feature","geometry":{"type":"LineString","coordinates":[[-82.519,36.6262],[-82.5175,36.6235]]},"properties":{"name":"Unnamed Stream","layer":"nhd_perennial_streams","stream_type":"Perennial Stream","length_miles":null,"flow_direction":"","reach_code":""}},{"type":"Feature","geometry":{"type":"LineString","coordinates":[[-82.6288,36.4398],[-82.6259,36.437]]},"properties":{"name":"Unnamed Stream","layer":"nhd_perennial_streams","stream_type":"Perennial Stream","length_miles":null,"flow_direction":"","reach_code":""}},{"type":"Feature","geometry":{"type":"LineString","coordinates":[[-82.4989,36.6418],[-82.4961,36.6423]]},"properties":{"name":"Unnamed Stream","layer":"nhd_perennial_streams","stream_type":"Perennial Stream","length_miles":null,"flow_direction":"","reach_code":""}},{"type":"Feature","geometry":{"type":"LineString","coordinates":[[-82.6058,36.4346],[-82.612,36.4348]]},"properties":{"name":"Unnamed Stream","layer":"nhd_perennial_streams","stream_type":"Perennial Stream","length_miles":null,"flow_direction":"","reach_code":""}},{"type":"Feature","geometry":{"type":"LineString","coordinates":[[-82.6783,36.6072],[-82.677,36.6032],[-82.6734,36.6071],[-82.6679,36.6025],[-82.6648,36.6058],[-82.6621,36.6038]]},"properties":{"name":"Unnamed Stream","layer":"nhd_perennial_streams","stream_type":"Perennial Stream","length_miles":null,"flow_direction":"","reach_code":""}},{"type":"Feature","geometry":{"type":"LineString","coordinates":[[-82.4024,36.5595],[-82.4144,36.5527],[-82.4257,36.5515]]},"properties":{"name":"Unnamed Stream","layer":"nhd_perennial_streams","stream_type":"Perennial Stream","length_miles":null,"flow_direction":"","reach_code":""}},{"type":"Feature","geometry":{"type":"LineString","coordinates":[[-82.498,36.5574],[-82.4987,36.5564]]},"properties":{"name":"Unnamed Stream","layer":"nhd_perennial_streams","stream_type":"Perennial Stream","length_miles":null,"flow_direction":"","reach_code":""}},{"type":"Feature","geometry":{"type":"LineString","coordinates":[[-82.5887,36.3898],[-82.5788,36.3896]]},"properties":{"name":"Unnamed Stream","layer":"nhd_perennial_streams","stream_type":"Perennial Stream","length_miles":null,"flow_direction":"","reach_code":""}},{"type":"Feature","geometry":{"type":"LineString","coordinates":[[-82.6762,36.43],[-82.6753,36.4304]]},"properties":{"name":"Unnamed Stream","layer":"nhd_perennial_streams","stream_type":"Perennial Stream","length_miles":null,"flow_direction":"","reach_code":""}},{"type":"Feature","geometry":{"type":"LineString","coordinates":[[-82.6545,36.6244],[-82.6545,36.6186]]},"properties":{"name":"Unnamed Stream","layer":"nhd_perennial_streams","stream_type":"Perennial Stream","length_miles":null,"flow_direction":"","reach_code":""}},{"type":"Feature","geometry":{"type":"LineString","coordinates":[[-82.4376,36.427],[-82.44,36.4311]]},"properties":{"name":"Unnamed Stream","layer":"nhd_perennial_streams","stream_type":"Perennial Stream","length_miles":null,"flow_direction":"","reach_code":""}},{"type":"Feature","geometry":{"type":"LineString","coordinates":[[-82.6033,36.5021],[-82.6032,36.4964]]},"properties":{"name":"Unnamed Stream","layer":"nhd_perennial_streams","stream_type":"Perennial Stream","length_miles":null,"flow_direction":"","reach_code":""}},{"type":"Feature","geometry":{"type":"LineString","coordinates":[[-82.5585,36.4005],[-82.5512,36.4096]]},"properties":{"name":"Unnamed Stream","layer":"nhd_perennial_streams","stream_type":"Perennial Stream","length_miles":null,"flow_direction":"","reach_code":""}},{"type":"Feature","geometry":{"type":"LineString","coordinates":[[-82.6205,36.6402],[-82.6167,36.6353]]},"properties":{"name":"Unnamed Stream","layer":"nhd_perennial_streams","stream_type":"Perennial Stream","length_miles":null,"flow_direction":"","reach_code":""}},{"type":"Feature","geometry":{"type":"LineString","coordinates":[[-82.6926,36.5823],[-82.6829,36.5779],[-82.6735,36.5798]]},"properties":{"name":"Unnamed Stream","layer":"nhd_perennial_streams","stream_type":"Perennial Stream","length_miles":null,"flow_direction":"","reach_code":""}},{"type":"Feature","geometry":{"type":"LineString","coordinates":[[-82.657,36.604],[-82.6572,36.6038]]},"properties":{"name":"Unnamed Stream","layer":"nhd_perennial_streams","stream_type":"Perennial Stream","length_miles":null,"flow_direction":"","reach_code":""}},{"type":"Feature","geometry":{"type":"LineString","coordinates":[[-82.6828,36.4264],[-82.6831,36.4266]]},"properties":{"name":"Unnamed Stream","layer":"nhd_perennial_streams","stream_type":"Perennial Stream","length_miles":null,"flow_direction":"","reach_code":""}},{"type":"Feature","geometry":{"type":"LineString","coordinates":[[-82.6798,36.4273],[-82.6827,36.4271]]},"properties":{"name":"Unnamed Stream","layer":"nhd_perennial_streams","stream_type":"Perennial Stream","length_miles":null,"flow_direction":"","reach_code":""}},{"type":"Feature","geometry":{"type":"LineString","coordinates":[[-82.7071,36.4803],[-82.7042,36.4856]]},"properties":{"name":"Unnamed Stream","layer":"nhd_perennial_streams","stream_type":"Perennial Stream","length_miles":null,"flow_direction":"","reach_code":""}},{"type":"Feature","geometry":{"type":"LineString","coordinates":[[-82.6787,36.4026],[-82.6771,36.4007]]},"properties":{"name":"Unnamed Stream","layer":"nhd_perennial_streams","stream_type":"Perennial Stream","length_miles":null,"flow_direction":"","reach_code":""}},{"type":"Feature","geometry":{"type":"LineString","coordinates":[[-82.5438,36.3708],[-82.542,36.3719]]},"properties":{"name":"Unnamed Stream","layer":"nhd_perennial_streams","stream_type":"Perennial Stream","length_miles":null,"flow_direction":"","reach_code":""}},{"type":"Feature","geometry":{"type":"LineString","coordinates":[[-82.7042,36.5855],[-82.6993,36.5937]]},"properties":{"name":"Unnamed Stream","layer":"nhd_perennial_streams","stream_type":"Perennial Stream","length_miles":null,"flow_direction":"","reach_code":""}},{"type":"Feature","geometry":{"type":"LineString","coordinates":[[-82.5421,36.4669],[-82.5401,36.471],[-82.5439,36.4736]]},"properties":{"name":"Unnamed Stream","layer":"nhd_perennial_streams","stream_type":"Perennial Stream","length_miles":null,"flow_direction":"","reach_code":""}},{"type":"Feature","geometry":{"type":"LineString","coordinates":[[-82.6552,36.4339],[-82.6494,36.4328]]},"properties":{"name":"Unnamed Stream","layer":"nhd_perennial_streams","stream_type":"Perennial Stream","length_miles":null,"flow_direction":"","reach_code":""}},{"type":"Feature","geometry":{"type":"LineString","coordinates":[[-82.6138,36.4505],[-82.6117,36.4529]]},"properties":{"name":"Unnamed Stream","layer":"nhd_perennial_streams","stream_type":"Perennial Stream","length_miles":null,"flow_direction":"","reach_code":""}},{"type":"Feature","geometry":{"type":"LineString","coordinates":[[-82.6046,36.4669],[-82.603,36.4699],[-82.5995,36.4687]]},"properties":{"name":"Unnamed Stream","layer":"nhd_perennial_streams","stream_type":"Perennial Stream","length_miles":null,"flow_direction":"","reach_code":""}},{"type":"Feature","geometry":{"type":"LineString","coordinates":[[-82.5603,36.3905],[-82.5619,36.3946],[-82.5676,36.3955]]},"properties":{"name":"Unnamed Stream","layer":"nhd_perennial_streams","stream_type":"Perennial Stream","length_miles":null,"flow_direction":"","reach_code":""}},{"type":"Feature","geometry":{"type":"LineString","coordinates":[[-82.5843,36.6123],[-82.5841,36.6119]]},"properties":{"name":"Unnamed Stream","layer":"nhd_perennial_streams","stream_type":"Perennial Stream","length_miles":null,"flow_direction":"","reach_code":""}},{"type":"Feature","geometry":{"type":"LineString","coordinates":[[-82.6397,36.4229],[-82.6394,36.424]]},"properties":{"name":"Unnamed Stream","layer":"nhd_perennial_streams","stream_type":"Perennial Stream","length_miles":null,"flow_direction":"","reach_code":""}},{"type":"Feature","geometry":{"type":"LineString","coordinates":[[-82.6548,36.4452],[-82.6494,36.4431]]},"properties":{"name":"Unnamed Stream","layer":"nhd_perennial_streams","stream_type":"Perennial Stream","length_miles":null,"flow_direction":"","reach_code":""}},{"type":"Feature","geometry":{"type":"LineString","coordinates":[[-82.4871,36.4117],[-82.4856,36.4147]]},"properties":{"name":"Unnamed Stream","layer":"nhd_perennial_streams","stream_type":"Perennial Stream","length_miles":null,"flow_direction":"","reach_code":""}},{"type":"Feature","geometry":{"type":"LineString","coordinates":[[-82.5962,36.4328],[-82.6058,36.4346]]},"properties":{"name":"Unnamed Stream","layer":"nhd_perennial_streams","stream_type":"Perennial Stream","length_miles":null,"flow_direction":"","reach_code":""}},{"type":"Feature","geometry":{"type":"LineString","coordinates":[[-82.5572,36.5641],[-82.5558,36.5586]]},"properties":{"name":"Unnamed Stream","layer":"nhd_perennial_streams","stream_type":"Perennial Stream","length_miles":null,"flow_direction":"","reach_code":""}},{"type":"Feature","geometry":{"type":"LineString","coordinates":[[-82.5102,36.4542],[-82.4987,36.4702]]},"properties":{"name":"Unnamed Stream","layer":"nhd_perennial_streams","stream_type":"Perennial Stream","length_miles":null,"flow_direction":"","reach_code":""}},{"type":"Feature","geometry":{"type":"LineString","coordinates":[[-82.7169,36.5842],[-82.7125,36.5836]]},"properties":{"name":"Unnamed Stream","layer":"nhd_perennial_streams","stream_type":"Perennial Stream","length_miles":null,"flow_direction":"","reach_code":""}},{"type":"Feature","geometry":{"type":"LineString","coordinates":[[-82.5362,36.5536],[-82.5401,36.5559]]},"properties":{"name":"Unnamed Stream","layer":"nhd_perennial_streams","stream_type":"Perennial Stream","length_miles":null,"flow_direction":"","reach_code":""}},{"type":"Feature","geometry":{"type":"LineString","coordinates":[[-82.4089,36.5228],[-82.4101,36.5188],[-82.4023,36.5139]]},"properties":{"name":"Unnamed Stream","layer":"nhd_perennial_streams","stream_type":"Perennial Stream","length_miles":null,"flow_direction":"","reach_code":""}},{"type":"Feature","geometry":{"type":"LineString","coordinates":[[-82.5137,36.6265],[-82.5185,36.6272]]},"properties":{"name":"Unnamed Stream","layer":"nhd_perennial_streams","stream_type":"Perennial Stream","length_miles":null,"flow_direction":"","reach_code":""}},{"type":"Feature","geometry":{"type":"LineString","coordinates":[[-82.5987,36.4011],[-82.5669,36.4152],[-82.5668,36.4189]]},"properties":{"name":"Unnamed Stream","layer":"nhd_perennial_streams","stream_type":"Perennial Stream","length_miles":null,"flow_direction":"","reach_code":""}},{"type":"Feature","geometry":{"type":"LineString","coordinates":[[-82.6492,36.4519],[-82.6491,36.4521]]},"properties":{"name":"Unnamed Stream","layer":"nhd_perennial_streams","stream_type":"Perennial Stream","length_miles":null,"flow_direction":"","reach_code":""}},{"type":"Feature","geometry":{"type":"LineString","coordinates":[[-82.7229,36.4803],[-82.7226,36.4806]]},"properties":{"name":"Unnamed Stream","layer":"nhd_perennial_streams","stream_type":"Perennial Stream","length_miles":null,"flow_direction":"","reach_code":""}},{"type":"Feature","geometry":{"type":"LineString","coordinates":[[-82.7176,36.5278],[-82.7149,36.5231],[-82.7191,36.5195],[-82.7161,36.5144]]},"properties":{"name":"Unnamed Stream","layer":"nhd_perennial_streams","stream_type":"Perennial Stream","length_miles":null,"flow_direction":"","reach_code":""}},{"type":"Feature","geometry":{"type":"LineString","coordinates":[[-82.7139,36.4715],[-82.7108,36.4718]]},"properties":{"name":"Unnamed Stream","layer":"nhd_perennial_streams","stream_type":"Perennial Stream","length_miles":null,"flow_direction":"","reach_code":""}},{"type":"Feature","geometry":{"type":"LineString","coordinates":[[-82.6421,36.4948],[-82.6416,36.4965]]},"properties":{"name":"Unnamed Stream","layer":"nhd_perennial_streams","stream_type":"Perennial Stream","length_miles":null,"flow_direction":"","reach_code":""}},{"type":"Feature","geometry":{"type":"LineString","coordinates":[[-82.6513,36.4212],[-82.6514,36.4209]]},"properties":{"name":"Unnamed Stream","layer":"nhd_perennial_streams","stream_type":"Perennial Stream","length_miles":null,"flow_direction":"","reach_code":""}},{"type":"Feature","geometry":{"type":"LineString","coordinates":[[-82.4308,36.5216],[-82.4403,36.5253]]},"properties":{"name":"Unnamed Stream","layer":"nhd_perennial_streams","stream_type":"Perennial Stream","length_miles":null,"flow_direction":"","reach_code":""}},{"type":"Feature","geometry":{"type":"LineString","coordinates":[[-82.5546,36.3678],[-82.5491,36.3744]]},"properties":{"name":"Unnamed Stream","layer":"nhd_perennial_streams","stream_type":"Perennial Stream","length_miles":null,"flow_direction":"","reach_code":""}},{"type":"Feature","geometry":{"type":"LineString","coordinates":[[-82.5571,36.4449],[-82.5469,36.4573],[-82.5401,36.4549]]},"properties":{"name":"Unnamed Stream","layer":"nhd_perennial_streams","stream_type":"Perennial Stream","length_miles":null,"flow_direction":"","reach_code":""}},{"type":"Feature","geometry":{"type":"LineString","coordinates":[[-82.6702,36.4595],[-82.6691,36.4593]]},"properties":{"name":"Unnamed Stream","layer":"nhd_perennial_streams","stream_type":"Perennial Stream","length_miles":null,"flow_direction":"","reach_code":""}},{"type":"Feature","geometry":{"type":"LineString","coordinates":[[-82.6045,36.6279],[-82.6037,36.6323]]},"properties":{"name":"Unnamed Stream","layer":"nhd_perennial_streams","stream_type":"Perennial Stream","length_miles":null,"flow_direction":"","reach_code":""}},{"type":"Feature","geometry":{"type":"LineString","coordinates":[[-82.561,36.6266],[-82.5608,36.6256]]},"properties":{"name":"Unnamed Stream","layer":"nhd_perennial_streams","stream_type":"Perennial Stream","length_miles":null,"flow_direction":"","reach_code":""}},{"type":"Feature","geometry":{"type":"LineString","coordinates":[[-82.5123,36.6512],[-82.5091,36.6441],[-82.5132,36.6391]]},"properties":{"name":"Unnamed Stream","layer":"nhd_perennial_streams","stream_type":"Perennial Stream","length_miles":null,"flow_direction":"","reach_code":""}},{"type":"Feature","geometry":{"type":"LineString","coordinates":[[-82.5001,36.6338],[-82.4988,36.6327]]},"properties":{"name":"Unnamed Stream","layer":"nhd_perennial_streams","stream_type":"Perennial Stream","length_miles":null,"flow_direction":"","reach_code":""}},{"type":"Feature","geometry":{"type":"LineString","coordinates":[[-82.6237,36.4174],[-82.6242,36.4177]]},"properties":{"name":"Unnamed Stream","layer":"nhd_perennial_streams","stream_type":"Perennial Stream","length_miles":null,"flow_direction":"","reach_code":""}},{"type":"Feature","geometry":{"type":"LineString","coordinates":[[-82.6335,36.4797],[-82.6303,36.4803]]},"properties":{"name":"Unnamed Stream","layer":"nhd_perennial_streams","stream_type":"Perennial Stream","length_miles":null,"flow_direction":"","reach_code":""}},{"type":"Feature","geometry":{"type":"LineString","coordinates":[[-82.6558,36.4577],[-82.6574,36.4583]]},"properties":{"name":"Unnamed Stream","layer":"nhd_perennial_streams","stream_type":"Perennial Stream","length_miles":null,"flow_direction":"","reach_code":""}},{"type":"Feature","geometry":{"type":"LineString","coordinates":[[-82.6749,36.4669],[-82.6728,36.4638]]},"properties":{"name":"Unnamed Stream","layer":"nhd_perennial_streams","stream_type":"Perennial Stream","length_miles":null,"flow_direction":"","reach_code":""}},{"type":"Feature","geometry":{"type":"LineString","coordinates":[[-82.603,36.3729],[-82.5944,36.3759]]},"properties":{"name":"Unnamed Stream","layer":"nhd_perennial_streams","stream_type":"Perennial Stream","length_miles":null,"flow_direction":"","reach_code":""}},{"type":"Feature","geometry":{"type":"LineString","coordinates":[[-82.4983,36.6448],[-82.4961,36.6423]]},"properties":{"name":"Unnamed Stream","layer":"nhd_perennial_streams","stream_type":"Perennial Stream","length_miles":null,"flow_direction":"","reach_code":""}},{"type":"Feature","geometry":{"type":"LineString","coordinates":[[-82.4174,36.4861],[-82.4131,36.4809]]},"properties":{"name":"Unnamed Stream","layer":"nhd_perennial_streams","stream_type":"Perennial Stream","length_miles":null,"flow_direction":"","reach_code":""}},{"type":"Feature","geometry":{"type":"LineString","coordinates":[[-82.6856,36.4868],[-82.6871,36.4825]]},"properties":{"name":"Unnamed Stream","layer":"nhd_perennial_streams","stream_type":"Perennial Stream","length_miles":null,"flow_direction":"","reach_code":""}},{"type":"Feature","geometry":{"type":"LineString","coordinates":[[-82.6459,36.5582],[-82.6512,36.5521]]},"properties":{"name":"Unnamed Stream","layer":"nhd_perennial_streams","stream_type":"Perennial Stream","length_miles":null,"flow_direction":"","reach_code":""}},{"type":"Feature","geometry":{"type":"LineString","coordinates":[[-82.6961,36.5741],[-82.6957,36.5689]]},"properties":{"name":"Unnamed Stream","layer":"nhd_perennial_streams","stream_type":"Perennial Stream","length_miles":null,"flow_direction":"","reach_code":""}},{"type":"Feature","geometry":{"type":"LineString","coordinates":[[-82.7246,36.4705],[-82.7263,36.4733]]},"properties":{"name":"Unnamed Stream","layer":"nhd_perennial_streams","stream_type":"Perennial Stream","length_miles":null,"flow_direction":"","reach_code":""}},{"type":"Feature","geometry":{"type":"LineString","coordinates":[[-82.6412,36.3892],[-82.6401,36.3899]]},"properties":{"name":"Unnamed Stream","layer":"nhd_perennial_streams","stream_type":"Perennial Stream","length_miles":null,"flow_direction":"","reach_code":""}},{"type":"Feature","geometry":{"type":"LineString","coordinates":[[-82.4715,36.6112],[-82.4764,36.6061]]},"properties":{"name":"Unnamed Stream","layer":"nhd_perennial_streams","stream_type":"Perennial Stream","length_miles":null,"flow_direction":"","reach_code":""}},{"type":"Feature","geometry":{"type":"LineString","coordinates":[[-82.6683,36.4454],[-82.6687,36.4477]]},"properties":{"name":"Unnamed Stream","layer":"nhd_perennial_streams","stream_type":"Perennial Stream","length_miles":null,"flow_direction":"","reach_code":""}},{"type":"Feature","geometry":{"type":"LineString","coordinates":[[-82.6216,36.4534],[-82.6252,36.4491]]},"properties":{"name":"Unnamed Stream","layer":"nhd_perennial_streams","stream_type":"Perennial Stream","length_miles":null,"flow_direction":"","reach_code":""}},{"type":"Feature","geometry":{"type":"LineString","coordinates":[[-82.5899,36.4411],[-82.5911,36.4436]]},"properties":{"name":"Unnamed Stream","layer":"nhd_perennial_streams","stream_type":"Perennial Stream","length_miles":null,"flow_direction":"","reach_code":""}},{"type":"Feature","geometry":{"type":"LineString","coordinates":[[-82.4452,36.4694],[-82.4465,36.4699]]},"properties":{"name":"Unnamed Stream","layer":"nhd_perennial_streams","stream_type":"Perennial Stream","length_miles":null,"flow_direction":"","reach_code":""}},{"type":"Feature","geometry":{"type":"LineString","coordinates":[[-82.5439,36.4384],[-82.5431,36.4387]]},"properties":{"name":"Unnamed Stream","layer":"nhd_perennial_streams","stream_type":"Perennial Stream","length_miles":null,"flow_direction":"","reach_code":""}},{"type":"Feature","geometry":{"type":"LineString","coordinates":[[-82.4828,36.4401],[-82.4803,36.4411]]},"properties":{"name":"Unnamed Stream","layer":"nhd_perennial_streams","stream_type":"Perennial Stream","length_miles":null,"flow_direction":"","reach_code":""}},{"type":"Feature","geometry":{"type":"LineString","coordinates":[[-82.6388,36.6175],[-82.6334,36.6172]]},"properties":{"name":"Unnamed Stream","layer":"nhd_perennial_streams","stream_type":"Perennial Stream","length_miles":null,"flow_direction":"","reach_code":""}},{"type":"Feature","geometry":{"type":"LineString","coordinates":[[-82.4845,36.4268],[-82.4879,36.4283]]},"properties":{"name":"Unnamed Stream","layer":"nhd_perennial_streams","stream_type":"Perennial Stream","length_miles":null,"flow_direction":"","reach_code":""}},{"type":"Feature","geometry":{"type":"LineString","coordinates":[[-82.4715,36.6259],[-82.4692,36.6272]]},"properties":{"name":"Unnamed Stream","layer":"nhd_perennial_streams","stream_type":"Perennial Stream","length_miles":null,"flow_direction":"","reach_code":""}},{"type":"Feature","geometry":{"type":"LineString","coordinates":[[-82.4416,36.5065],[-82.4453,36.5023],[-82.4457,36.4951]]},"properties":{"name":"Unnamed Stream","layer":"nhd_perennial_streams","stream_type":"Perennial Stream","length_miles":null,"flow_direction":"","reach_code":""}},{"type":"Feature","geometry":{"type":"LineString","coordinates":[[-82.6888,36.4464],[-82.6849,36.4472]]},"properties":{"name":"Unnamed Stream","layer":"nhd_perennial_streams","stream_type":"Perennial Stream","length_miles":null,"flow_direction":"","reach_code":""}},{"type":"Feature","geometry":{"type":"LineString","coordinates":[[-82.6031,36.4085],[-82.6053,36.4073]]},"properties":{"name":"Unnamed Stream","layer":"nhd_perennial_streams","stream_type":"Perennial Stream","length_miles":null,"flow_direction":"","reach_code":""}},{"type":"Feature","geometry":{"type":"LineString","coordinates":[[-82.5467,36.4494],[-82.5401,36.4549]]},"properties":{"name":"Unnamed Stream","layer":"nhd_perennial_streams","stream_type":"Perennial Stream","length_miles":null,"flow_direction":"","reach_code":""}},{"type":"Feature","geometry":{"type":"LineString","coordinates":[[-82.6171,36.5131],[-82.6146,36.5108]]},"properties":{"name":"Unnamed Stream","layer":"nhd_perennial_streams","stream_type":"Perennial Stream","length_miles":null,"flow_direction":"","reach_code":""}},{"type":"Feature","geometry":{"type":"LineString","coordinates":[[-82.4863,36.4106],[-82.4871,36.4117]]},"properties":{"name":"Unnamed Stream","layer":"nhd_perennial_streams","stream_type":"Perennial Stream","length_miles":null,"flow_direction":"","reach_code":""}},{"type":"Feature","geometry":{"type":"LineString","coordinates":[[-82.4188,36.4674],[-82.4216,36.4605]]},"properties":{"name":"Unnamed Stream","layer":"nhd_perennial_streams","stream_type":"Perennial Stream","length_miles":null,"flow_direction":"","reach_code":""}},{"type":"Feature","geometry":{"type":"LineString","coordinates":[[-82.6567,36.5192],[-82.6591,36.525]]},"properties":{"name":"Unnamed Stream","layer":"nhd_perennial_streams","stream_type":"Perennial Stream","length_miles":null,"flow_direction":"","reach_code":""}},{"type":"Feature","geometry":{"type":"LineString","coordinates":[[-82.7355,36.4788],[-82.7347,36.477]]},"properties":{"name":"Unnamed Stream","layer":"nhd_perennial_streams","stream_type":"Perennial Stream","length_miles":null,"flow_direction":"","reach_code":""}},{"type":"Feature","geometry":{"type":"LineString","coordinates":[[-82.6962,36.4466],[-82.6966,36.4438]]},"properties":{"name":"Unnamed Stream","layer":"nhd_perennial_streams","stream_type":"Perennial Stream","length_miles":null,"flow_direction":"","reach_code":""}},{"type":"Feature","geometry":{"type":"LineString","coordinates":[[-82.7178,36.4767],[-82.7212,36.4789]]},"properties":{"name":"Unnamed Stream","layer":"nhd_perennial_streams","stream_type":"Perennial Stream","length_miles":null,"flow_direction":"","reach_code":""}},{"type":"Feature","geometry":{"type":"LineString","coordinates":[[-82.6771,36.4055],[-82.6771,36.4007]]},"properties":{"name":"Unnamed Stream","layer":"nhd_perennial_streams","stream_type":"Perennial Stream","length_miles":null,"flow_direction":"","reach_code":""}},{"type":"Feature","geometry":{"type":"LineString","coordinates":[[-82.4841,36.6399],[-82.485,36.6383]]},"properties":{"name":"Unnamed Stream","layer":"nhd_perennial_streams","stream_type":"Perennial Stream","length_miles":null,"flow_direction":"","reach_code":""}},{"type":"Feature","geometry":{"type":"LineString","coordinates":[[-82.4321,36.5597],[-82.4354,36.5501]]},"properties":{"name":"Unnamed Stream","layer":"nhd_perennial_streams","stream_type":"Perennial Stream","length_miles":null,"flow_direction":"","reach_code":""}},{"type":"Feature","geometry":{"type":"LineString","coordinates":[[-82.6348,36.4179],[-82.6377,36.4177]]},"properties":{"name":"Unnamed Stream","layer":"nhd_perennial_streams","stream_type":"Perennial Stream","length_miles":null,"flow_direction":"","reach_code":""}},{"type":"Feature","geometry":{"type":"LineString","coordinates":[[-82.5134,36.5151],[-82.5232,36.5105]]},"properties":{"name":"Unnamed Stream","layer":"nhd_perennial_streams","stream_type":"Perennial Stream","length_miles":null,"flow_direction":"","reach_code":""}},{"type":"Feature","geometry":{"type":"LineString","coordinates":[[-82.4845,36.5324],[-82.4825,36.5262]]},"properties":{"name":"Unnamed Stream","layer":"nhd_perennial_streams","stream_type":"Perennial Stream","length_miles":null,"flow_direction":"","reach_code":""}},{"type":"Feature","geometry":{"type":"LineString","coordinates":[[-82.6757,36.4502],[-82.6725,36.4507]]},"properties":{"name":"Unnamed Stream","layer":"nhd_perennial_streams","stream_type":"Perennial Stream","length_miles":null,"flow_direction":"","reach_code":""}},{"type":"Feature","geometry":{"type":"LineString","coordinates":[[-82.4251,36.5872],[-82.4343,36.5883]]},"properties":{"name":"Unnamed Stream","layer":"nhd_perennial_streams","stream_type":"Perennial Stream","length_miles":null,"flow_direction":"","reach_code":""}},{"type":"Feature","geometry":{"type":"LineString","coordinates":[[-82.665,36.4598],[-82.6643,36.4588]]},"properties":{"name":"Unnamed Stream","layer":"nhd_perennial_streams","stream_type":"Perennial Stream","length_miles":null,"flow_direction":"","reach_code":""}},{"type":"Feature","geometry":{"type":"LineString","coordinates":[[-82.404,36.5064],[-82.3988,36.5025]]},"properties":{"name":"Unnamed Stream","layer":"nhd_perennial_streams","stream_type":"Perennial Stream","length_miles":null,"flow_direction":"","reach_code":""}},{"type":"Feature","geometry":{"type":"LineString","coordinates":[[-82.6249,36.3916],[-82.6254,36.3914]]},"properties":{"name":"Unnamed Stream","layer":"nhd_perennial_streams","stream_type":"Perennial Stream","length_miles":null,"flow_direction":"","reach_code":""}},{"type":"Feature","geometry":{"type":"LineString","coordinates":[[-82.4904,36.6201],[-82.4958,36.6191]]},"properties":{"name":"Unnamed Stream","layer":"nhd_perennial_streams","stream_type":"Perennial Stream","length_miles":null,"flow_direction":"","reach_code":""}},{"type":"Feature","geometry":{"type":"LineString","coordinates":[[-82.5262,36.6342],[-82.5259,36.6337]]},"properties":{"name":"Unnamed Stream","layer":"nhd_perennial_streams","stream_type":"Perennial Stream","length_miles":null,"flow_direction":"","reach_code":""}},{"type":"Feature","geometry":{"type":"LineString","coordinates":[[-82.4435,36.5727],[-82.4433,36.5723]]},"properties":{"name":"Unnamed Stream","layer":"nhd_perennial_streams","stream_type":"Perennial Stream","length_miles":null,"flow_direction":"","reach_code":""}},{"type":"Feature","geometry":{"type":"LineString","coordinates":[[-82.6955,36.4419],[-82.6967,36.4412]]},"properties":{"name":"Unnamed Stream","layer":"nhd_perennial_streams","stream_type":"Perennial Stream","length_miles":null,"flow_direction":"","reach_code":""}},{"type":"Feature","geometry":{"type":"LineString","coordinates":[[-82.5965,36.5355],[-82.5992,36.5341]]},"properties":{"name":"Unnamed Stream","layer":"nhd_perennial_streams","stream_type":"Perennial Stream","length_miles":null,"flow_direction":"","reach_code":""}},{"type":"Feature","geometry":{"type":"LineString","coordinates":[[-82.7224,36.5427],[-82.723,36.5397]]},"properties":{"name":"Unnamed Stream","layer":"nhd_perennial_streams","stream_type":"Perennial Stream","length_miles":null,"flow_direction":"","reach_code":""}},{"type":"Feature","geometry":{"type":"LineString","coordinates":[[-82.7269,36.4773],[-82.7242,36.4792]]},"properties":{"name":"Unnamed Stream","layer":"nhd_perennial_streams","stream_type":"Perennial Stream","length_miles":null,"flow_direction":"","reach_code":""}},{"type":"Feature","geometry":{"type":"LineString","coordinates":[[-82.6654,36.3958],[-82.6649,36.3987]]},"properties":{"name":"Unnamed Stream","layer":"nhd_perennial_streams","stream_type":"Perennial Stream","length_miles":null,"flow_direction":"","reach_code":""}},{"type":"Feature","geometry":{"type":"LineString","coordinates":[[-82.6159,36.6453],[-82.6191,36.644]]},"properties":{"name":"Unnamed Stream","layer":"nhd_perennial_streams","stream_type":"Perennial Stream","length_miles":null,"flow_direction":"","reach_code":""}},{"type":"Feature","geometry":{"type":"LineString","coordinates":[[-82.6002,36.546],[-82.603,36.5503]]},"properties":{"name":"Unnamed Stream","layer":"nhd_perennial_streams","stream_type":"Perennial Stream","length_miles":null,"flow_direction":"","reach_code":""}},{"type":"Feature","geometry":{"type":"LineString","coordinates":[[-82.5731,36.6574],[-82.5709,36.6539]]},"properties":{"name":"Unnamed Stream","layer":"nhd_perennial_streams","stream_type":"Perennial Stream","length_miles":null,"flow_direction":"","reach_code":""}},{"type":"Feature","geometry":{"type":"LineString","coordinates":[[-82.5792,36.5373],[-82.575,36.5406]]},"properties":{"name":"Unnamed Stream","layer":"nhd_perennial_streams","stream_type":"Perennial Stream","length_miles":null,"flow_direction":"","reach_code":""}},{"type":"Feature","geometry":{"type":"LineString","coordinates":[[-82.6556,36.472],[-82.6507,36.4683]]},"properties":{"name":"Unnamed Stream","layer":"nhd_perennial_streams","stream_type":"Perennial Stream","length_miles":null,"flow_direction":"","reach_code":""}},{"type":"Feature","geometry":{"type":"LineString","coordinates":[[-82.5725,36.5888],[-82.5726,36.5889]]},"properties":{"name":"Unnamed Stream","layer":"nhd_perennial_streams","stream_type":"Perennial Stream","length_miles":null,"flow_direction":"","reach_code":""}},{"type":"Feature","geometry":{"type":"LineString","coordinates":[[-82.5633,36.5932],[-82.5713,36.5975]]},"properties":{"name":"Unnamed Stream","layer":"nhd_perennial_streams","stream_type":"Perennial Stream","length_miles":null,"flow_direction":"","reach_code":""}},{"type":"Feature","geometry":{"type":"LineString","coordinates":[[-82.6506,36.5772],[-82.6499,36.5756]]},"properties":{"name":"Unnamed Stream","layer":"nhd_perennial_streams","stream_type":"Perennial Stream","length_miles":null,"flow_direction":"","reach_code":""}},{"type":"Feature","geometry":{"type":"LineString","coordinates":[[-82.4092,36.4913],[-82.4087,36.4879],[-82.3977,36.4848]]},"properties":{"name":"Unnamed Stream","layer":"nhd_perennial_streams","stream_type":"Perennial Stream","length_miles":null,"flow_direction":"","reach_code":""}},{"type":"Feature","geometry":{"type":"LineString","coordinates":[[-82.6842,36.4637],[-82.6814,36.4614]]},"properties":{"name":"Unnamed Stream","layer":"nhd_perennial_streams","stream_type":"Perennial Stream","length_miles":null,"flow_direction":"","reach_code":""}},{"type":"Feature","geometry":{"type":"LineString","coordinates":[[-82.5685,36.561],[-82.5668,36.5559]]},"properties":{"name":"Unnamed Stream","layer":"nhd_perennial_streams","stream_type":"Perennial Stream","length_miles":null,"flow_direction":"","reach_code":""}},{"type":"Feature","geometry":{"type":"LineString","coordinates":[[-82.4178,36.4887],[-82.4174,36.4861]]},"properties":{"name":"Unnamed Stream","layer":"nhd_perennial_streams","stream_type":"Perennial Stream","length_miles":null,"flow_direction":"","reach_code":""}},{"type":"Feature","geometry":{"type":"LineString","coordinates":[[-82.6728,36.4638],[-82.6711,36.4611]]},"properties":{"name":"Unnamed Stream","layer":"nhd_perennial_streams","stream_type":"Perennial Stream","length_miles":null,"flow_direction":"","reach_code":""}},{"type":"Feature","geometry":{"type":"LineString","coordinates":[[-82.6375,36.5362],[-82.6439,36.5342]]},"properties":{"name":"Unnamed Stream","layer":"nhd_perennial_streams","stream_type":"Perennial Stream","length_miles":null,"flow_direction":"","reach_code":""}},{"type":"Feature","geometry":{"type":"LineString","coordinates":[[-82.7186,36.4835],[-82.7191,36.4834]]},"properties":{"name":"Unnamed Stream","layer":"nhd_perennial_streams","stream_type":"Perennial Stream","length_miles":null,"flow_direction":"","reach_code":""}},{"type":"Feature","geometry":{"type":"LineString","coordinates":[[-82.6733,36.4849],[-82.6749,36.485]]},"properties":{"name":"Unnamed Stream","layer":"nhd_perennial_streams","stream_type":"Perennial Stream","length_miles":null,"flow_direction":"","reach_code":""}},{"type":"Feature","geometry":{"type":"LineString","coordinates":[[-82.629,36.4887],[-82.626,36.4829]]},"properties":{"name":"Unnamed Stream","layer":"nhd_perennial_streams","stream_type":"Perennial Stream","length_miles":null,"flow_direction":"","reach_code":""}},{"type":"Feature","geometry":{"type":"LineString","coordinates":[[-82.6987,36.5945],[-82.6987,36.5944]]},"properties":{"name":"Unnamed Stream","layer":"nhd_perennial_streams","stream_type":"Perennial Stream","length_miles":null,"flow_direction":"","reach_code":""}},{"type":"Feature","geometry":{"type":"LineString","coordinates":[[-82.5179,36.6339],[-82.5176,36.633]]},"properties":{"name":"Unnamed Stream","layer":"nhd_perennial_streams","stream_type":"Perennial Stream","length_miles":null,"flow_direction":"","reach_code":""}},{"type":"Feature","geometry":{"type":"LineString","coordinates":[[-82.4615,36.5221],[-82.4557,36.5219]]},"properties":{"name":"Unnamed Stream","layer":"nhd_perennial_streams","stream_type":"Perennial Stream","length_miles":null,"flow_direction":"","reach_code":""}},{"type":"Feature","geometry":{"type":"LineString","coordinates":[[-82.5526,36.5064],[-82.5566,36.5046]]},"properties":{"name":"Unnamed Stream","layer":"nhd_perennial_streams","stream_type":"Perennial Stream","length_miles":null,"flow_direction":"","reach_code":""}},{"type":"Feature","geometry":{"type":"LineString","coordinates":[[-82.6529,36.4733],[-82.651,36.47]]},"properties":{"name":"Unnamed Stream","layer":"nhd_perennial_streams","stream_type":"Perennial Stream","length_miles":null,"flow_direction":"","reach_code":""}},{"type":"Feature","geometry":{"type":"LineString","coordinates":[[-82.657,36.4268],[-82.6531,36.4263]]},"properties":{"name":"Unnamed Stream","layer":"nhd_perennial_streams","stream_type":"Perennial Stream","length_miles":null,"flow_direction":"","reach_code":""}},{"type":"Feature","geometry":{"type":"LineString","coordinates":[[-82.6868,36.5845],[-82.6918,36.5941]]},"properties":{"name":"Unnamed Stream","layer":"nhd_perennial_streams","stream_type":"Perennial Stream","length_miles":null,"flow_direction":"","reach_code":""}},{"type":"Feature","geometry":{"type":"LineString","coordinates":[[-82.5967,36.4626],[-82.5995,36.4687]]},"properties":{"name":"Unnamed Stream","layer":"nhd_perennial_streams","stream_type":"Perennial Stream","length_miles":null,"flow_direction":"","reach_code":""}},{"type":"Feature","geometry":{"type":"LineString","coordinates":[[-82.5995,36.5176],[-82.6065,36.5131]]},"properties":{"name":"Unnamed Stream","layer":"nhd_perennial_streams","stream_type":"Perennial Stream","length_miles":null,"flow_direction":"","reach_code":""}},{"type":"Feature","geometry":{"type":"LineString","coordinates":[[-82.5565,36.5434],[-82.5666,36.5559]]},"properties":{"name":"Unnamed Stream","layer":"nhd_perennial_streams","stream_type":"Perennial Stream","length_miles":null,"flow_direction":"","reach_code":""}},{"type":"Feature","geometry":{"type":"LineString","coordinates":[[-82.4118,36.4968],[-82.4092,36.4913]]},"properties":{"name":"Unnamed Stream","layer":"nhd_perennial_streams","stream_type":"Perennial Stream","length_miles":null,"flow_direction":"","reach_code":""}},{"type":"Feature","geometry":{"type":"LineString","coordinates":[[-82.6393,36.4465],[-82.6362,36.449]]},"properties":{"name":"Unnamed Stream","layer":"nhd_perennial_streams","stream_type":"Perennial Stream","length_miles":null,"flow_direction":"","reach_code":""}},{"type":"Feature","geometry":{"type":"LineString","coordinates":[[-82.683,36.5877],[-82.6791,36.5945]]},"properties":{"name":"Unnamed Stream","layer":"nhd_perennial_streams","stream_type":"Perennial Stream","length_miles":null,"flow_direction":"","reach_code":""}},{"type":"Feature","geometry":{"type":"LineString","coordinates":[[-82.4205,36.543],[-82.4329,36.5439]]},"properties":{"name":"Unnamed Stream","layer":"nhd_perennial_streams","stream_type":"Perennial Stream","length_miles":null,"flow_direction":"","reach_code":""}},{"type":"Feature","geometry":{"type":"LineString","coordinates":[[-82.6621,36.4312],[-82.6597,36.4295]]},"properties":{"name":"Unnamed Stream","layer":"nhd_perennial_streams","stream_type":"Perennial Stream","length_miles":null,"flow_direction":"","reach_code":""}},{"type":"Feature","geometry":{"type":"LineString","coordinates":[[-82.643,36.4788],[-82.6427,36.4781]]},"properties":{"name":"Unnamed Stream","layer":"nhd_perennial_streams","stream_type":"Perennial Stream","length_miles":null,"flow_direction":"","reach_code":""}},{"type":"Feature","geometry":{"type":"LineString","coordinates":[[-82.6524,36.4871],[-82.6538,36.4862]]},"properties":{"name":"Unnamed Stream","layer":"nhd_perennial_streams","stream_type":"Perennial Stream","length_miles":null,"flow_direction":"","reach_code":""}},{"type":"Feature","geometry":{"type":"LineString","coordinates":[[-82.701,36.4469],[-82.701,36.4432]]},"properties":{"name":"Unnamed Stream","layer":"nhd_perennial_streams","stream_type":"Perennial Stream","length_miles":null,"flow_direction":"","reach_code":""}},{"type":"Feature","geometry":{"type":"LineString","coordinates":[[-82.7105,36.4906],[-82.707,36.4946]]},"properties":{"name":"Unnamed Stream","layer":"nhd_perennial_streams","stream_type":"Perennial Stream","length_miles":null,"flow_direction":"","reach_code":""}},{"type":"Feature","geometry":{"type":"LineString","coordinates":[[-82.723,36.5397],[-82.723,36.5397]]},"properties":{"name":"Unnamed Stream","layer":"nhd_perennial_streams","stream_type":"Perennial Stream","length_miles":null,"flow_direction":"","reach_code":""}},{"type":"Feature","geometry":{"type":"LineString","coordinates":[[-82.4576,36.5963],[-82.4573,36.5855]]},"properties":{"name":"Unnamed Stream","layer":"nhd_perennial_streams","stream_type":"Perennial Stream","length_miles":null,"flow_direction":"","reach_code":""}},{"type":"Feature","geometry":{"type":"LineString","coordinates":[[-82.5172,36.4173],[-82.511,36.4136]]},"properties":{"name":"Unnamed Stream","layer":"nhd_perennial_streams","stream_type":"Perennial Stream","length_miles":null,"flow_direction":"","reach_code":""}},{"type":"Feature","geometry":{"type":"LineString","coordinates":[[-82.4143,36.4922],[-82.4092,36.4913]]},"properties":{"name":"Unnamed Stream","layer":"nhd_perennial_streams","stream_type":"Perennial Stream","length_miles":null,"flow_direction":"","reach_code":""}},{"type":"Feature","geometry":{"type":"LineString","coordinates":[[-82.4025,36.4755],[-82.401,36.4744]]},"properties":{"name":"Unnamed Stream","layer":"nhd_perennial_streams","stream_type":"Perennial Stream","length_miles":null,"flow_direction":"","reach_code":""}},{"type":"Feature","geometry":{"type":"LineString","coordinates":[[-82.6621,36.4145],[-82.6609,36.4157]]},"properties":{"name":"Unnamed Stream","layer":"nhd_perennial_streams","stream_type":"Perennial Stream","length_miles":null,"flow_direction":"","reach_code":""}},{"type":"Feature","geometry":{"type":"LineString","coordinates":[[-82.6858,36.4587],[-82.6843,36.4582]]},"properties":{"name":"Unnamed Stream","layer":"nhd_perennial_streams","stream_type":"Perennial Stream","length_miles":null,"flow_direction":"","reach_code":""}},{"type":"Feature","geometry":{"type":"LineString","coordinates":[[-82.5232,36.4742],[-82.5089,36.4891]]},"properties":{"name":"Unnamed Stream","layer":"nhd_perennial_streams","stream_type":"Perennial Stream","length_miles":null,"flow_direction":"","reach_code":""}},{"type":"Feature","geometry":{"type":"LineString","coordinates":[[-82.4306,36.5089],[-82.4379,36.5046],[-82.4386,36.5005]]},"properties":{"name":"Unnamed Stream","layer":"nhd_perennial_streams","stream_type":"Perennial Stream","length_miles":null,"flow_direction":"","reach_code":""}},{"type":"Feature","geometry":{"type":"LineString","coordinates":[[-82.5279,36.4752],[-82.5232,36.4742]]},"properties":{"name":"Unnamed Stream","layer":"nhd_perennial_streams","stream_type":"Perennial Stream","length_miles":null,"flow_direction":"","reach_code":""}},{"type":"Feature","geometry":{"type":"LineString","coordinates":[[-82.5811,36.4886],[-82.5806,36.4849],[-82.5764,36.4838]]},"properties":{"name":"Unnamed Stream","layer":"nhd_perennial_streams","stream_type":"Perennial Stream","length_miles":null,"flow_direction":"","reach_code":""}},{"type":"Feature","geometry":{"type":"LineString","coordinates":[[-82.4502,36.6267],[-82.4544,36.6253]]},"properties":{"name":"Unnamed Stream","layer":"nhd_perennial_streams","stream_type":"Perennial Stream","length_miles":null,"flow_direction":"","reach_code":""}},{"type":"Feature","geometry":{"type":"LineString","coordinates":[[-82.4939,36.4166],[-82.4879,36.4283]]},"properties":{"name":"Unnamed Stream","layer":"nhd_perennial_streams","stream_type":"Perennial Stream","length_miles":null,"flow_direction":"","reach_code":""}},{"type":"Feature","geometry":{"type":"LineString","coordinates":[[-82.584,36.4308],[-82.5832,36.4325]]},"properties":{"name":"Unnamed Stream","layer":"nhd_perennial_streams","stream_type":"Perennial Stream","length_miles":null,"flow_direction":"","reach_code":""}},{"type":"Feature","geometry":{"type":"LineString","coordinates":[[-82.6333,36.4089],[-82.6353,36.4083]]},"properties":{"name":"Unnamed Stream","layer":"nhd_perennial_streams","stream_type":"Perennial Stream","length_miles":null,"flow_direction":"","reach_code":""}},{"type":"Feature","geometry":{"type":"LineString","coordinates":[[-82.4481,36.5792],[-82.4433,36.5738]]},"properties":{"name":"Unnamed Stream","layer":"nhd_perennial_streams","stream_type":"Perennial Stream","length_miles":null,"flow_direction":"","reach_code":""}},{"type":"Feature","geometry":{"type":"LineString","coordinates":[[-82.623,36.4883],[-82.6156,36.483]]},"properties":{"name":"Unnamed Stream","layer":"nhd_perennial_streams","stream_type":"Perennial Stream","length_miles":null,"flow_direction":"","reach_code":""}},{"type":"Feature","geometry":{"type":"LineString","coordinates":[[-82.6859,36.4558],[-82.6833,36.4527]]},"properties":{"name":"Unnamed Stream","layer":"nhd_perennial_streams","stream_type":"Perennial Stream","length_miles":null,"flow_direction":"","reach_code":""}},{"type":"Feature","geometry":{"type":"LineString","coordinates":[[-82.6656,36.4304],[-82.6651,36.4277]]},"properties":{"name":"Unnamed Stream","layer":"nhd_perennial_streams","stream_type":"Perennial Stream","length_miles":null,"flow_direction":"","reach_code":""}},{"type":"Feature","geometry":{"type":"LineString","coordinates":[[-82.5359,36.5939],[-82.5372,36.5972]]},"properties":{"name":"Unnamed Stream","layer":"nhd_perennial_streams","stream_type":"Perennial Stream","length_miles":null,"flow_direction":"","reach_code":""}},{"type":"Feature","geometry":{"type":"LineString","coordinates":[[-82.5398,36.6447],[-82.5399,36.6463]]},"properties":{"name":"Unnamed Stream","layer":"nhd_perennial_streams","stream_type":"Perennial Stream","length_miles":null,"flow_direction":"","reach_code":""}},{"type":"Feature","geometry":{"type":"LineString","coordinates":[[-82.5689,36.6292],[-82.5662,36.6239]]},"properties":{"name":"Unnamed Stream","layer":"nhd_perennial_streams","stream_type":"Perennial Stream","length_miles":null,"flow_direction":"","reach_code":""}},{"type":"Feature","geometry":{"type":"LineString","coordinates":[[-82.6494,36.4497],[-82.6492,36.4519]]},"properties":{"name":"Unnamed Stream","layer":"nhd_perennial_streams","stream_type":"Perennial Stream","length_miles":null,"flow_direction":"","reach_code":""}},{"type":"Feature","geometry":{"type":"LineString","coordinates":[[-82.6538,36.4862],[-82.6545,36.4863]]},"properties":{"name":"Unnamed Stream","layer":"nhd_perennial_streams","stream_type":"Perennial Stream","length_miles":null,"flow_direction":"","reach_code":""}},{"type":"Feature","geometry":{"type":"LineString","coordinates":[[-82.7254,36.5421],[-82.723,36.5397]]},"properties":{"name":"Unnamed Stream","layer":"nhd_perennial_streams","stream_type":"Perennial Stream","length_miles":null,"flow_direction":"","reach_code":""}},{"type":"Feature","geometry":{"type":"LineString","coordinates":[[-82.6626,36.4098],[-82.6617,36.4089]]},"properties":{"name":"Unnamed Stream","layer":"nhd_perennial_streams","stream_type":"Perennial Stream","length_miles":null,"flow_direction":"","reach_code":""}},{"type":"Feature","geometry":{"type":"LineString","coordinates":[[-82.6986,36.4532],[-82.6904,36.4482]]},"properties":{"name":"Unnamed Stream","layer":"nhd_perennial_streams","stream_type":"Perennial Stream","length_miles":null,"flow_direction":"","reach_code":""}},{"type":"Feature","geometry":{"type":"LineString","coordinates":[[-82.5625,36.6339],[-82.5583,36.6368]]},"properties":{"name":"Unnamed Stream","layer":"nhd_perennial_streams","stream_type":"Perennial Stream","length_miles":null,"flow_direction":"","reach_code":""}},{"type":"Feature","geometry":{"type":"LineString","coordinates":[[-82.4679,36.632],[-82.4707,36.6346]]},"properties":{"name":"Unnamed Stream","layer":"nhd_perennial_streams","stream_type":"Perennial Stream","length_miles":null,"flow_direction":"","reach_code":""}},{"type":"Feature","geometry":{"type":"LineString","coordinates":[[-82.4018,36.5696],[-82.4108,36.573]]},"properties":{"name":"Unnamed Stream","layer":"nhd_perennial_streams","stream_type":"Perennial Stream","length_miles":null,"flow_direction":"","reach_code":""}},{"type":"Feature","geometry":{"type":"LineString","coordinates":[[-82.4628,36.5086],[-82.4693,36.5028]]},"properties":{"name":"Unnamed Stream","layer":"nhd_perennial_streams","stream_type":"Perennial Stream","length_miles":null,"flow_direction":"","reach_code":""}},{"type":"Feature","geometry":{"type":"LineString","coordinates":[[-82.6338,36.491],[-82.6328,36.4899]]},"properties":{"name":"Unnamed Stream","layer":"nhd_perennial_streams","stream_type":"Perennial Stream","length_miles":null,"flow_direction":"","reach_code":""}},{"type":"Feature","geometry":{"type":"LineString","coordinates":[[-82.5876,36.6326],[-82.5873,36.6326]]},"properties":{"name":"Unnamed Stream","layer":"nhd_perennial_streams","stream_type":"Perennial Stream","length_miles":null,"flow_direction":"","reach_code":""}},{"type":"Feature","geometry":{"type":"LineString","coordinates":[[-82.4574,36.626],[-82.4595,36.6278]]},"properties":{"name":"Unnamed Stream","layer":"nhd_perennial_streams","stream_type":"Perennial Stream","length_miles":null,"flow_direction":"","reach_code":""}},{"type":"Feature","geometry":{"type":"LineString","coordinates":[[-82.4513,36.5671],[-82.4516,36.5656]]},"properties":{"name":"Unnamed Stream","layer":"nhd_perennial_streams","stream_type":"Perennial Stream","length_miles":null,"flow_direction":"","reach_code":""}},{"type":"Feature","geometry":{"type":"LineString","coordinates":[[-82.5703,36.6327],[-82.5724,36.6345]]},"properties":{"name":"Unnamed Stream","layer":"nhd_perennial_streams","stream_type":"Perennial Stream","length_miles":null,"flow_direction":"","reach_code":""}},{"type":"Feature","geometry":{"type":"LineString","coordinates":[[-82.6902,36.4596],[-82.6875,36.4595]]},"properties":{"name":"Unnamed Stream","layer":"nhd_perennial_streams","stream_type":"Perennial Stream","length_miles":null,"flow_direction":"","reach_code":""}},{"type":"Feature","geometry":{"type":"LineString","coordinates":[[-82.6104,36.6206],[-82.6122,36.6165]]},"properties":{"name":"Unnamed Stream","layer":"nhd_perennial_streams","stream_type":"Perennial Stream","length_miles":null,"flow_direction":"","reach_code":""}},{"type":"Feature","geometry":{"type":"LineString","coordinates":[[-82.6519,36.4727],[-82.65,36.4702]]},"properties":{"name":"Unnamed Stream","layer":"nhd_perennial_streams","stream_type":"Perennial Stream","length_miles":null,"flow_direction":"","reach_code":""}},{"type":"Feature","geometry":{"type":"LineString","coordinates":[[-82.5077,36.4148],[-82.5045,36.421]]},"properties":{"name":"Unnamed Stream","layer":"nhd_perennial_streams","stream_type":"Perennial Stream","length_miles":null,"flow_direction":"","reach_code":""}},{"type":"Feature","geometry":{"type":"LineString","coordinates":[[-82.6121,36.5705],[-82.6171,36.5693]]},"properties":{"name":"Unnamed Stream","layer":"nhd_perennial_streams","stream_type":"Perennial Stream","length_miles":null,"flow_direction":"","reach_code":""}},{"type":"Feature","geometry":{"type":"LineString","coordinates":[[-82.6848,36.4774],[-82.6771,36.4752]]},"properties":{"name":"Unnamed Stream","layer":"nhd_perennial_streams","stream_type":"Perennial Stream","length_miles":null,"flow_direction":"","reach_code":""}},{"type":"Feature","geometry":{"type":"LineString","coordinates":[[-82.708,36.4853],[-82.7043,36.4874]]},"properties":{"name":"Unnamed Stream","layer":"nhd_perennial_streams","stream_type":"Perennial Stream","length_miles":null,"flow_direction":"","reach_code":""}},{"type":"Feature","geometry":{"type":"LineString","coordinates":[[-82.7317,36.4785],[-82.7299,36.479]]},"properties":{"name":"Unnamed Stream","layer":"nhd_perennial_streams","stream_type":"Perennial Stream","length_miles":null,"flow_direction":"","reach_code":""}},{"type":"Feature","geometry":{"type":"LineString","coordinates":[[-82.7238,36.5307],[-82.7196,36.5314]]},"properties":{"name":"Unnamed Stream","layer":"nhd_perennial_streams","stream_type":"Perennial Stream","length_miles":null,"flow_direction":"","reach_code":""}},{"type":"Feature","geometry":{"type":"Polygon","coordinates":[[[-82.492,36.5147],[-82.4931,36.5118],[-82.4933,36.5131],[-82.492,36.5147]]]},"properties":{"name":"Unnamed Stream Area","layer":"nhd_stream_areas","waterbody_type":"River/Stream Area","area_acres":2.72,"fcode":46006}},{"type":"Feature","geometry":{"type":"Polygon","coordinates":[[[-82.4714,36.4593],[-82.4744,36.461],[-82.4716,36.4598],[-82.4714,36.4593]]]},"properties":{"name":"Unnamed Stream Area","layer":"nhd_stream_areas","waterbody_type":"River/Stream Area","area_acres":0.99,"fcode":46006}},{"type":"Feature","geometry":{"type":"MultiPolygon","coordinates":[[[[-82.4736,36.6852],[-82.4762,36.6917],[-82.4836,36.6879],[-82.4847,36.6931],[-82.4902,36.6901],[-82.4929,36.6954],[-82.4945,36.6895],[-82.4994,36.6986],[-82.4994,36.6939],[-82.5031,36.6961],[-82.5105,36.6924],[-82.5123,36.6856],[-82.5161,36.6875],[-82.5224,36.6813],[-82.5274,36.6822],[-82.5264,36.6792],[-82.5296,36.6778],[-82.5263,36.6718],[-82.5333,36.6717],[-82.5316,36.6683],[-82.5392,36.6613],[-82.5369,36.6585],[-82.5414,36.6611],[-82.5396,36.6565],[-82.5443,36.6589],[-82.5428,36.6546],[-82.5513,36.6502],[-82.5429,36.6546],[-82.5444,36.659],[-82.5398,36.6565],[-82.5415,36.6612],[-82.537,36.6585],[-82.5393,36.6613],[-82.5317,36.6683],[-82.5333,36.6719],[-82.5264,36.6719],[-82.5298,36.6779],[-82.5266,36.6792],[-82.5274,36.6823],[-82.5225,36.6814],[-82.5161,36.6877],[-82.5124,36.6857],[-82.5107,36.6924],[-82.5031,36.6963],[-82.4995,36.694],[-82.4995,36.6988],[-82.4945,36.6896],[-82.4928,36.6955],[-82.4902,36.6902],[-82.4846,36.6932],[-82.4859,36.69],[-82.4833,36.6879],[-82.4763,36.6919],[-82.4736,36.6854],[-82.4718,36.6942],[-82.4667,36.6931],[-82.4647,36.697],[-82.4613,36.6926],[-82.4577,36.6978],[-82.4577,36.6939],[-82.4493,36.6938],[-82.4487,36.6979],[-82.4464,36.6955],[-82.4404,36.6972],[-82.4407,36.7018],[-82.4352,36.6981],[-82.4379,36.7032],[-82.4322,36.7009],[-82.4273,36.7037],[-82.428,36.7001],[-82.4191,36.6983],[-82.4247,36.7058],[-82.417,36.7083],[-82.4183,36.7123],[-82.4147,36.7081],[-82.4126,36.7101],[-82.4121,36.704],[-82.4052,36.7076],[-82.3974,36.7048],[-82.3975,36.7178],[-82.3926,36.7128],[-82.388,36.7165],[-82.3845,36.7122],[-82.3881,36.7165],[-82.3926,36.7127],[-82.3976,36.7176],[-82.3973,36.7047],[-82.4049,36.7075],[-82.412,36.7039],[-82.4127,36.71],[-82.4146,36.7079],[-82.4182,36.7122],[-82.4167,36.7083],[-82.4245,36.7058],[-82.4192,36.6982],[-82.428,36.7],[-82.4274,36.7036],[-82.4322,36.7008],[-82.4378,36.7031],[-82.4349,36.6981],[-82.4405,36.7017],[-82.4403,36.6971],[-82.4462,36.6953],[-82.4487,36.6978],[-82.4492,36.6938],[-82.4578,36.6939],[-82.4577,36.6977],[-82.4613,36.6924],[-82.4647,36.697],[-82.4665,36.693],[-82.4717,36.6941],[-82.4736,36.6852]]],[[[-82.4025,36.7061],[-82.4024,36.7064],[-82.4029,36.7067],[-82.4025,36.7061]]],[[[-82.4654,36.6942],[-82.4653,36.6948],[-82.4655,36.6952],[-82.4654,36.6942]]],[[[-82.4612,36.6925],[-82.4606,36.6929],[-82.4608,36.6929],[-82.4612,36.6925]]]]},"properties":{"name":"Unnamed Stream Area","layer":"nhd_stream_areas","waterbody_type":"River/Stream Area","area_acres":133.44,"fcode":46006}},{"type":"Feature","geometry":{"type":"MultiPolygon","coordinates":[[[[-82.6122,36.5484],[-82.6167,36.5574],[-82.6128,36.5633],[-82.6179,36.5736],[-82.616,36.5798],[-82.6087,36.5717],[-82.6004,36.5764],[-82.6097,36.5947],[-82.602,36.597],[-82.6026,36.6012],[-82.609,36.6046],[-82.6109,36.5993],[-82.6121,36.6049],[-82.614,36.6011],[-82.614,36.6051],[-82.6173,36.6058],[-82.6184,36.6009],[-82.6193,36.6059],[-82.6224,36.607],[-82.6218,36.6036],[-82.6243,36.6059],[-82.6277,36.5999],[-82.6285,36.6071],[-82.6326,36.5995],[-82.6375,36.6021],[-82.656,36.5957],[-82.6375,36.6022],[-82.6326,36.5996],[-82.6285,36.6073],[-82.6277,36.6],[-82.6244,36.6059],[-82.622,36.6036],[-82.6225,36.6071],[-82.6192,36.606],[-82.6183,36.601],[-82.6175,36.6058],[-82.6139,36.6051],[-82.614,36.6012],[-82.6121,36.605],[-82.6107,36.5994],[-82.6093,36.6046],[-82.6063,36.6048],[-82.6018,36.5969],[-82.5965,36.5947],[-82.5822,36.6125],[-82.5792,36.6043],[-82.5685,36.6091],[-82.5475,36.6065],[-82.5446,36.6093],[-82.556,36.6171],[-82.548,36.6281],[-82.5582,36.6366],[-82.559,36.6407],[-82.5652,36.6427],[-82.5533,36.6466],[-82.5527,36.6501],[-82.5531,36.6466],[-82.5651,36.643],[-82.5589,36.6408],[-82.5478,36.6281],[-82.5557,36.6169],[-82.5511,36.6162],[-82.5487,36.6105],[-82.5343,36.6074],[-82.5318,36.609],[-82.5363,36.6132],[-82.5276,36.6202],[-82.5201,36.6165],[-82.5189,36.6223],[-82.5153,36.6237],[-82.5098,36.6187],[-82.5057,36.6264],[-82.5005,36.6207],[-82.4981,36.6332],[-82.4889,36.6273],[-82.4862,36.6318],[-82.4901,36.6356],[-82.4874,36.6385],[-82.483,36.6367],[-82.4807,36.6288],[-82.4804,36.637],[-82.4712,36.6348],[-82.4648,36.6442],[-82.4561,36.6387],[-82.461,36.6453],[-82.459,36.6489],[-82.4521,36.6427],[-82.4434,36.6491],[-82.4374,36.643],[-82.4337,36.6482],[-82.4259,36.6468],[-82.4212,36.6521],[-82.4141,36.6484],[-82.4106,36.6551],[-82.4043,36.6498],[-82.4032,36.6581],[-82.3983,36.6539],[-82.3928,36.6564],[-82.3891,36.6534],[-82.386,36.6616],[-82.3783,36.655],[-82.3827,36.664],[-82.3809,36.669],[-82.3622,36.6759],[-82.3527,36.6757],[-82.3616,36.6809],[-82.3569,36.6877],[-82.3472,36.6897],[-82.338,36.6829],[-82.3093,36.6926],[-82.3095,36.6977],[-82.3192,36.693],[-82.3235,36.6939],[-82.3166,36.7041],[-82.3027,36.6996],[-82.2969,36.692],[-82.2971,36.6988],[-82.2865,36.701],[-82.2876,36.7035],[-82.2958,36.7034],[-82.2849,36.7144],[-82.2729,36.7071],[-82.2647,36.7138],[-82.2688,36.7188],[-82.2579,36.7165],[-82.2405,36.7299],[-82.2111,36.7412],[-82.2009,36.7396],[-82.1905,36.7462],[-82.1867,36.7377],[-82.1854,36.7496],[-82.1704,36.7537],[-82.1527,36.7665],[-82.1337,36.7676],[-82.123,36.7759],[-82.1085,36.7673],[-82.1041,36.7722],[-82.0955,36.7716],[-82.0979,36.7751],[-82.0957,36.7779],[-82.0864,36.7737],[-82.0604,36.7801],[-82.0545,36.7787],[-82.0432,36.7854],[-82.0395,36.7829],[-82.0326,36.7841],[-82.0317,36.7882],[-82.0272,36.7902],[-82.0175,36.7882],[-82.0157,36.7932],[-82.0038,36.7985],[-81.9972,36.798],[-81.9735,36.8067],[-81.9667,36.8057],[-81.9561,36.8117],[-81.9495,36.8084],[-81.9474,36.8133],[-81.9278,36.8209],[-81.9223,36.8193],[-81.9201,36.8243],[-81.9143,36.8245],[-81.91,36.8294],[-81.9056,36.8275],[-81.9051,36.8312],[-81.8945,36.8369],[-81.8828,36.8372],[-81.8777,36.8434],[-81.8714,36.8393],[-81.8719,36.8436],[-81.8681,36.8474],[-81.8585,36.8454],[-81.8616,36.8508],[-81.8523,36.8528],[-81.8465,36.8629],[-81.8367,36.8575],[-81.8408,36.8657],[-81.8379,36.8633],[-81.8324,36.8692],[-81.8281,36.8676],[-81.8245,36.8713],[-81.8193,36.8693],[-81.8062,36.877],[-81.8021,36.8746],[-81.7842,36.8807],[-81.7685,36.8871],[-81.7622,36.8953],[-81.7605,36.8915],[-81.7559,36.8938],[-81.7497,36.8909],[-81.7465,36.8944],[-81.7464,36.9024],[-81.733,36.9034],[-81.7265,36.9105],[-81.7177,36.9071],[-81.7088,36.9134],[-81.7021,36.9083],[-81.6945,36.9167],[-81.6968,36.919],[-81.701,36.914],[-81.7013,36.9195],[-81.693,36.9249],[-81.6881,36.9213],[-81.686,36.9138],[-81.6796,36.9129],[-81.6733,36.918],[-81.673,36.9262],[-81.6781,36.9336],[-81.6715,36.9421],[-81.6722,36.9463],[-81.6636,36.9422],[-81.6617,36.9453],[-81.6566,36.9454],[-81.6474,36.9537],[-81.6486,36.9574],[-81.644,36.9563],[-81.6294,36.9706],[-81.6254,36.9691],[-81.6295,36.9704],[-81.6439,36.9562],[-81.6484,36.9573],[-81.647,36.9538],[-81.6564,36.9453],[-81.6614,36.9453],[-81.6636,36.942],[-81.6719,36.9464],[-81.6714,36.942],[-81.678,36.9337],[-81.6728,36.9264],[-81.6731,36.9183],[-81.6703,36.9223],[-81.6625,36.9244],[-81.6493,36.9199],[-81.65,36.9274],[-81.6472,36.9301],[-81.6501,36.9324],[-81.6432,36.9356],[-81.6291,36.9323],[-81.6294,36.9288],[-81.6142,36.9137],[-81.612,36.9176],[-81.6032,36.9149],[-81.6013,36.9191],[-81.6037,36.9241],[-81.5959,36.9261],[-81.5927,36.9222],[-81.593,36.9157],[-81.5893,36.9165],[-81.5873,36.9221],[-81.5825,36.9174],[-81.5782,36.9231],[-81.5732,36.9206],[-81.5735,36.9262],[-81.5678,36.9245],[-81.5696,36.9307],[-81.5607,36.9285],[-81.5589,36.9351],[-81.5523,36.9333],[-81.5479,36.9417],[-81.5508,36.9442],[-81.5391,36.9456],[-81.5319,36.9574],[-81.5247,36.952],[-81.5235,36.9556],[-81.5157,36.9535],[-81.5138,36.9582],[-81.5094,36.9552],[-81.503,36.9598],[-81.495,36.957],[-81.4898,36.9606],[-81.4956,36.9515],[-81.4813,36.9453],[-81.4726,36.9373],[-81.4632,36.9416],[-81.4611,36.9376],[-81.4584,36.9403],[-81.4561,36.9384],[-81.4553,36.9423],[-81.4452,36.9402],[-81.4258,36.9478],[-81.421,36.9464],[-81.4256,36.9477],[-81.4453,36.94],[-81.4551,36.9422],[-81.4559,36.9384],[-81.4586,36.9401],[-81.461,36.9374],[-81.4631,36.9414],[-81.4726,36.9371],[-81.4814,36.9453],[-81.495,36.9504],[-81.4909,36.9607],[-81.4948,36.9568],[-81.503,36.9596],[-81.5083,36.9551],[-81.5137,36.9581],[-81.5157,36.9532],[-81.5234,36.9553],[-81.5239,36.9519],[-81.534,36.9566],[-81.5388,36.9455],[-81.5505,36.9441],[-81.5476,36.9416],[-81.5523,36.9332],[-81.559,36.9348],[-81.5608,36.9284],[-81.5696,36.9305],[-81.5674,36.9246],[-81.5736,36.9259],[-81.573,36.9205],[-81.5781,36.923],[-81.583,36.9172],[-81.5873,36.9219],[-81.5914,36.9154],[-81.5941,36.917],[-81.5933,36.9229],[-81.5973,36.9257],[-81.6036,36.924],[-81.6011,36.9193],[-81.6033,36.9147],[-81.6122,36.9174],[-81.6144,36.9136],[-81.6297,36.9289],[-81.629,36.932],[-81.6392,36.9353],[-81.6499,36.9323],[-81.6471,36.9301],[-81.6498,36.9273],[-81.6491,36.9198],[-81.6626,36.9242],[-81.6702,36.9221],[-81.6704,36.9184],[-81.6798,36.9126],[-81.6866,36.9141],[-81.6929,36.9248],[-81.7013,36.919],[-81.7007,36.9141],[-81.6973,36.9191],[-81.6942,36.9167],[-81.7022,36.9081],[-81.7085,36.9132],[-81.7177,36.9069],[-81.7265,36.9103],[-81.7329,36.9032],[-81.7462,36.9021],[-81.7487,36.8911],[-81.7561,36.8935],[-81.7599,36.891],[-81.7623,36.8949],[-81.7679,36.8871],[-81.7816,36.8813],[-81.802,36.8744],[-81.8057,36.877],[-81.8194,36.869],[-81.8324,36.869],[-81.8377,36.8644],[-81.8359,36.8575],[-81.8467,36.8625],[-81.8521,36.8526],[-81.8605,36.851],[-81.8583,36.8452],[-81.8679,36.8471],[-81.8715,36.839],[-81.8771,36.8432],[-81.8822,36.8372],[-81.8946,36.8367],[-81.9048,36.8311],[-81.9056,36.8273],[-81.9103,36.8291],[-81.9141,36.8243],[-81.9197,36.8242],[-81.9223,36.8191],[-81.9279,36.8206],[-81.9472,36.8131],[-81.9496,36.8081],[-81.9561,36.8114],[-81.9666,36.8055],[-81.9735,36.8064],[-81.9969,36.7978],[-82.0038,36.7982],[-82.0156,36.7928],[-82.0174,36.7879],[-82.0276,36.7897],[-82.033,36.7836],[-82.0394,36.7824],[-82.043,36.7852],[-82.054,36.7786],[-82.0603,36.7799],[-82.0746,36.7741],[-82.0887,36.7733],[-82.0956,36.7776],[-82.0953,36.7712],[-82.1036,36.7721],[-82.1081,36.7671],[-82.1237,36.7755],[-82.1332,36.7675],[-82.1531,36.7659],[-82.169,36.754],[-82.1851,36.7491],[-82.1863,36.7374],[-82.189,36.738],[-82.1907,36.746],[-82.2005,36.7395],[-82.2107,36.7407],[-82.2405,36.7296],[-82.2577,36.7161],[-82.2685,36.7186],[-82.2649,36.7122],[-82.2727,36.7068],[-82.2848,36.7141],[-82.2955,36.7036],[-82.2873,36.7038],[-82.2863,36.7008],[-82.2976,36.6968],[-82.2835,36.6919],[-82.2847,36.6897],[-82.2835,36.6918],[-82.2955,36.6962],[-82.2984,36.6919],[-82.303,36.6994],[-82.3169,36.7037],[-82.3232,36.6941],[-82.3097,36.6982],[-82.3086,36.6925],[-82.3382,36.6825],[-82.3473,36.6894],[-82.3565,36.6877],[-82.3613,36.6812],[-82.3525,36.6755],[-82.3623,36.6755],[-82.3805,36.6688],[-82.3822,36.6638],[-82.3774,36.6553],[-82.3822,36.6553],[-82.3861,36.6612],[-82.3898,36.653],[-82.3878,36.6499],[-82.3796,36.6516],[-82.3772,36.6487],[-82.3597,36.6559],[-82.3475,36.6504],[-82.3494,36.657],[-82.3405,36.6587],[-82.3312,36.6529],[-82.3373,36.6581],[-82.3462,36.6583],[-82.3493,36.6568],[-82.3472,36.6504],[-82.3599,36.6557],[-82.3772,36.6486],[-82.3796,36.6515],[-82.3878,36.6498],[-82.3927,36.656],[-82.3984,36.6535],[-82.4031,36.6577],[-82.404,36.6496],[-82.4107,36.6547],[-82.414,36.6482],[-82.4212,36.6519],[-82.426,36.6465],[-82.4336,36.648],[-82.437,36.6428],[-82.4409,36.6434],[-82.4439,36.6489],[-82.4524,36.6424],[-82.4589,36.6485],[-82.4606,36.6451],[-82.4556,36.6386],[-82.4648,36.644],[-82.4707,36.6346],[-82.4801,36.6366],[-82.4801,36.6284],[-82.483,36.6298],[-82.4837,36.6367],[-82.4873,36.638],[-82.4895,36.6355],[-82.4856,36.632],[-82.4872,36.6277],[-82.4921,36.6269],[-82.4974,36.6331],[-82.5006,36.6203],[-82.5057,36.6261],[-82.5098,36.6184],[-82.5161,36.6234],[-82.5199,36.6163],[-82.5276,36.6199],[-82.536,36.613],[-82.5314,36.6095],[-82.5339,36.607],[-82.5411,36.6101],[-82.5502,36.6058],[-82.5681,36.6087],[-82.5794,36.604],[-82.5804,36.6113],[-82.5832,36.612],[-82.5939,36.5955],[-82.6092,36.5951],[-82.6004,36.576],[-82.609,36.5713],[-82.6132,36.5788],[-82.6165,36.5791],[-82.6175,36.5702],[-82.6122,36.5623],[-82.6159,36.5574],[-82.6122,36.5484]],[[-82.1128,36.7689],[-82.1149,36.7721],[-82.1172,36.7735],[-82.1128,36.7689]],[[-82.5136,36.6208],[-82.5144,36.623],[-82.5155,36.6236],[-82.5136,36.6208]],[[-81.8706,36.8447],[-81.8716,36.8437],[-81.8716,36.8427],[-81.8706,36.8447]],[[-82.5921,36.6006],[-82.5926,36.5999],[-82.5929,36.5983],[-82.5921,36.6006]],[[-81.861,36.8505],[-81.8606,36.8514],[-81.8612,36.8497],[-81.861,36.8505]],[[-82.1684,36.7556],[-82.1695,36.754],[-82.1684,36.7549],[-82.1684,36.7556]],[[-82.0385,36.7829],[-82.0399,36.7828],[-82.0363,36.7833],[-82.0385,36.7829]],[[-82.1518,36.7663],[-82.1503,36.7665],[-82.1524,36.7664],[-82.1518,36.7663]],[[-81.6881,36.9201],[-81.6884,36.9214],[-81.6886,36.9207],[-81.6881,36.9201]],[[-82.0125,36.7947],[-82.0138,36.794],[-82.0126,36.7944],[-82.0125,36.7947]],[[-82.2108,36.7409],[-82.2115,36.7408],[-82.212,36.7404],[-82.2108,36.7409]],[[-82.4827,36.6325],[-82.4825,36.6327],[-82.4825,36.6334],[-82.4827,36.6325]],[[-82.1888,36.7387],[-82.1886,36.7387],[-82.1887,36.7389],[-82.1888,36.7387]]],[[[-82.0224,36.788],[-82.0239,36.7893],[-82.0274,36.7901],[-82.0224,36.788]]],[[[-81.836,36.8599],[-81.8359,36.8578],[-81.8355,36.8588],[-81.836,36.8599]]],[[[-81.8416,36.8611],[-81.8424,36.862],[-81.8438,36.862],[-81.8416,36.8611]]],[[[-81.9856,36.8024],[-81.9842,36.8028],[-81.9868,36.8021],[-81.9856,36.8024]]],[[[-81.8477,36.8612],[-81.8491,36.8599],[-81.8492,36.8591],[-81.8477,36.8612]]],[[[-81.88,36.8411],[-81.8809,36.8405],[-81.8809,36.8397],[-81.88,36.8411]]],[[[-81.8955,36.8361],[-81.897,36.8346],[-81.8957,36.8355],[-81.8955,36.8361]]],[[[-81.746,36.8994],[-81.7458,36.8978],[-81.7455,36.8983],[-81.746,36.8994]]],[[[-81.8377,36.8636],[-81.8367,36.8622],[-81.8368,36.863],[-81.8377,36.8636]]],[[[-82.4132,36.6509],[-82.4133,36.6499],[-82.4132,36.6491],[-82.4132,36.6509]]],[[[-81.9315,36.818],[-81.9319,36.818],[-81.9325,36.8172],[-81.9315,36.818]]],[[[-81.8888,36.8354],[-81.8879,36.8355],[-81.8894,36.8356],[-81.8888,36.8354]]],[[[-81.6475,36.9338],[-81.6485,36.9333],[-81.6478,36.9334],[-81.6475,36.9338]]],[[[-81.7898,36.8795],[-81.7909,36.8795],[-81.7894,36.8794],[-81.7898,36.8795]]],[[[-81.8418,36.8604],[-81.8417,36.8606],[-81.8426,36.8608],[-81.8418,36.8604]]],[[[-82.3082,36.6955],[-82.3079,36.6947],[-82.3078,36.6952],[-82.3082,36.6955]]],[[[-81.6989,36.9106],[-81.6999,36.9097],[-81.6993,36.9101],[-81.6989,36.9106]]],[[[-82.545,36.6101],[-82.5451,36.61],[-82.5445,36.6095],[-82.545,36.6101]]],[[[-82.0528,36.7811],[-82.0534,36.7806],[-82.0527,36.7809],[-82.0528,36.7811]]],[[[-81.9313,36.8183],[-81.9317,36.8181],[-81.9313,36.8181],[-81.9313,36.8183]]],[[[-81.4435,36.9411],[-81.4433,36.9411],[-81.4432,36.9413],[-81.4435,36.9411]]],[[[-82.5629,36.6446],[-82.5631,36.6444],[-82.5628,36.6445],[-82.5629,36.6446]]],[[[-81.538,36.9472],[-81.5383,36.947],[-81.5381,36.947],[-81.538,36.9472]]],[[[-82.3077,36.6946],[-82.3078,36.6946],[-82.3077,36.6945],[-82.3077,36.6946]]]]},"properties":{"name":"Unnamed Stream Area","layer":"nhd_stream_areas","waterbody_type":"River/Stream Area","area_acres":1744.83,"fcode":46006}},{"type":"Feature","geometry":{"type":"MultiPolygon","coordinates":[[[[-82.6112,36.5478],[-82.6065,36.5512],[-82.5874,36.5501],[-82.5743,36.553],[-82.5701,36.5509],[-82.5668,36.5559],[-82.5588,36.5576],[-82.5451,36.554],[-82.5468,36.557],[-82.5423,36.5579],[-82.5401,36.5559],[-82.5467,36.557],[-82.5451,36.5538],[-82.5593,36.5575],[-82.5673,36.5554],[-82.5699,36.5508],[-82.5743,36.5529],[-82.5772,36.5504],[-82.5574,36.5318],[-82.5469,36.5262],[-82.5365,36.5115],[-82.528,36.5162],[-82.5239,36.5153],[-82.5247,36.5072],[-82.5088,36.4985],[-82.5149,36.4982],[-82.5066,36.4904],[-82.5089,36.4892],[-82.5072,36.4926],[-82.5253,36.5071],[-82.5248,36.5152],[-82.5343,36.5105],[-82.5421,36.5108],[-82.5545,36.5184],[-82.5613,36.5289],[-82.5665,36.5252],[-82.5634,36.5198],[-82.5719,36.5198],[-82.5595,36.4928],[-82.5822,36.4798],[-82.5878,36.4813],[-82.5886,36.4758],[-82.5994,36.4688],[-82.5886,36.4759],[-82.5878,36.4814],[-82.5823,36.4799],[-82.5597,36.4928],[-82.572,36.5198],[-82.5635,36.5199],[-82.5666,36.5252],[-82.5616,36.5289],[-82.5855,36.5484],[-82.6038,36.5503],[-82.6112,36.5478]],[[-82.5855,36.55],[-82.591,36.5495],[-82.5827,36.5472],[-82.5663,36.5347],[-82.55,36.515],[-82.5379,36.5112],[-82.5469,36.5245],[-82.5773,36.5486],[-82.5855,36.55]],[[-82.5129,36.4988],[-82.5142,36.5008],[-82.5202,36.504],[-82.5129,36.4988]],[[-82.5805,36.5505],[-82.5777,36.5497],[-82.5785,36.5505],[-82.5805,36.5505]],[[-82.5783,36.5494],[-82.5775,36.5491],[-82.5778,36.5494],[-82.5783,36.5494]],[[-82.5541,36.5184],[-82.5535,36.5179],[-82.5537,36.5183],[-82.5541,36.5184]],[[-82.5926,36.5501],[-82.5919,36.55],[-82.5922,36.5502],[-82.5926,36.5501]],[[-82.5789,36.5496],[-82.5791,36.5497],[-82.5787,36.5493],[-82.5789,36.5496]],[[-82.5546,36.5189],[-82.5547,36.5188],[-82.5544,36.5186],[-82.5546,36.5189]]],[[[-82.5475,36.5247],[-82.5489,36.5269],[-82.553,36.5278],[-82.5475,36.5247]]],[[[-82.5547,36.5288],[-82.5539,36.5286],[-82.5564,36.5303],[-82.5547,36.5288]]],[[[-82.6007,36.5511],[-82.6012,36.5509],[-82.5997,36.5508],[-82.6007,36.5511]]],[[[-82.5724,36.5439],[-82.572,36.5437],[-82.5732,36.5448],[-82.5724,36.5439]]],[[[-82.6015,36.5511],[-82.6023,36.551],[-82.6018,36.5509],[-82.6015,36.5511]]],[[[-82.5527,36.528],[-82.5524,36.528],[-82.553,36.5282],[-82.5527,36.528]]]]},"properties":{"name":"Unnamed Stream Area","layer":"nhd_stream_areas","waterbody_type":"River/Stream Area","area_acres":374.95,"fcode":46006}}],"metadata":{"site_id":"holston-aap-tn","retrieved_at":"2026-08-21T21:58:28.990892Z","nepa_mcp_version":"0.1.1","buffer_miles":10.0,"layers":{"roi":{"status":"ok","feature_count":2,"warnings":[],"query_buffer_miles":10.0},"tribal_lands":{"status":"empty","feature_count":0,"warnings":[],"query_buffer_miles":10.0},"critical_habitat":{"status":"ok","feature_count":1,"warnings":[],"query_buffer_miles":10.0},"wildlife_refuges":{"status":"empty","feature_count":0,"warnings":[],"query_buffer_miles":10.0},"usace_districts":{"status":"ok","feature_count":1,"warnings":[],"query_buffer_miles":10.0},"nhd_lakes":{"status":"ok","feature_count":308,"warnings":[],"query_buffer_miles":10.0},"nhd_reservoirs":{"status":"ok","feature_count":19,"warnings":[],"query_buffer_miles":10.0},"nhd_perennial_streams":{"status":"ok","feature_count":2669,"warnings":[],"query_buffer_miles":10.0},"nhd_stream_areas":{"status":"ok","feature_count":5,"warnings":[],"query_buffer_miles":10.0},"federal_lands":{"status":"empty","feature_count":0,"warnings":[],"query_buffer_miles":0.1},"nps_boundaries":{"status":"empty","feature_count":0,"warnings":[],"query_buffer_miles":10.0},"fire_perimeters":{"status":"empty","feature_count":0,"warnings":[],"query_buffer_miles":10.0}},"limitations":"Installation-reference screening only; proposed reactor parcel unknown. Unavailable layers are not no-hit findings."}}